"Year","Plot","Tag","X.global..cm.","Y.global..cm.","Taxon","Length..cm.","Length..cm..prev","Growth","Height..cm.","X..Capitulescences","Is.seedling","Is.recruit","Survival","ghost.dead","true.dead","avg.precip.mm","Inter.Overlap.Area","Intra.Overlap.Area"
2014,1,"1*A",20,-100,"Ivesia gordonii",1,NA,NA,1,0,1,1,1,0,0,2.52336448598131,0,0
2015,1,"1*A",20,-100,"Ivesia gordonii",1.4,1,0.4,2,0,0,0,1,0,0,3.0530303030303,0,0
2016,1,"1*A",20,-100,"Ivesia gordonii",2,1.4,0.6,4.5,0,0,0,1,0,0,1.30188679245283,0,0
2017,1,"1*A",20,-100,"Ivesia gordonii",0,2,-2,0,0,0,0,0,0,1,1.28571428571429,0,0
2014,1,"10*A",185,-106,"Ivesia gordonii",5,NA,NA,2,0,0,NA,1,0,0,2.52336448598131,4.38003841987235,94.6920754196365
2015,1,"10*A",185,-106,"Ivesia gordonii",0,5,-5,0,0,0,0,0,0,1,3.0530303030303,0,0
2014,10,"100*A",1670,-540,"Lupinus argenteus",8,NA,NA,7,1,0,NA,1,0,0,2.52336448598131,0,176.614317965533
2015,10,"100*A",1670,-540,"Lupinus argenteus",27.5,8,19.5,12.5,1,0,0,1,0,0,3.0530303030303,0.295837191686458,171.783407841474
2016,10,"100*A",1670,-540,"Lupinus argenteus",13.5,27.5,-14,8,1,0,0,1,0,0,1.30188679245283,18.5196066684941,82.7484331908648
2017,10,"100*A",1670,-540,"Lupinus argenteus",0,13.5,-13.5,0,0,0,0,0,0,1,1.28571428571429,0,0
2014,46,"1000*A",170,-3645,"Agoseris glauca",2,NA,NA,1,0,0,NA,1,0,0,2.52336448598131,500,0
2015,46,"1000*A",170,-3645,"Agoseris glauca",3,2,1,4,0,0,0,1,0,0,3.0530303030303,556.57335,0
2016,46,"1000*A",170,-3645,"Agoseris glauca",0,3,-3,0,0,0,0,0,0,1,1.30188679245283,0,0
2014,46,"1001*A",165,-3635,"Elymus lanceolatus",6,NA,NA,7,0,0,NA,1,0,0,2.52336448598131,589.76653349,90.14259
2015,46,"1001*A",165,-3635,"Elymus lanceolatus",6,6,0,14,0,0,0,1,0,0,3.0530303030303,631.48264,100
2016,46,"1001*A",165,-3635,"Elymus lanceolatus",11,6,5,16,1,0,0,1,0,0,1.30188679245283,994.7086419,100
2017,46,"1001*A",165,-3635,"Elymus lanceolatus",0,11,-11,0,0,0,0,0,0,1,1.28571428571429,0,0
2014,46,"1002*A",160,-3651,"Elymus lanceolatus",7,NA,NA,12,0,0,NA,1,0,0,2.52336448598131,756.8746155,6.150154
2015,46,"1002*A",160,-3651,"Elymus lanceolatus",6,7,-1,11,0,0,0,1,0,0,3.0530303030303,793.97642,0
2016,46,"1002*A",160,-3651,"Elymus lanceolatus",13,6,7,20,1,0,0,1,0,0,1.30188679245283,869.079612,40.89301
2017,46,"1002*A",160,-3651,"Elymus lanceolatus",0,13,-13,0,0,0,0,1,0,0,1.28571428571429,0,0
2018,46,"1002*A",160,-3651,"Elymus lanceolatus",30,0,30,24,4,0,0,1,0,0,1.12213740458015,499.835963939238,43.4039888402673
2019,46,"1002*A",160,-3651,"Elymus lanceolatus",22,30,-8,26,3,0,0,1,0,0,0.5,508.471686228742,95.4989774333693
2014,46,"1003*A",170,-3635,"Carex siccata",6,NA,NA,18,0,0,NA,1,0,0,2.52336448598131,534.309761,0
2015,46,"1003*A",170,-3635,"Carex siccata",15,6,9,13,1,0,0,1,0,0,3.0530303030303,602.83055848,10.4585144
2016,46,"1003*A",170,-3635,"Carex siccata",13,15,-2,9,0,0,0,1,0,0,1.30188679245283,965.095759,75.6442993
2017,46,"1003*A",170,-3635,"Carex siccata",0,13,-13,0,0,0,0,0,0,1,1.28571428571429,0,0
2014,46,"1004*A",165,-3630,"Carex siccata",4,NA,NA,6,0,0,NA,1,0,0,2.52336448598131,568.5033858,0
2015,46,"1004*A",165,-3630,"Carex siccata",8,4,4,10,0,0,0,1,0,0,3.0530303030303,605.37874,35.20573
2016,46,"1004*A",165,-3630,"Carex siccata",11,8,3,14,0,0,0,1,0,0,1.30188679245283,918.319717,24.94938
2017,46,"1004*A",165,-3630,"Carex siccata",0,11,-11,0,0,0,0,0,0,1,1.28571428571429,0,0
2014,46,"1006*A",180,-3630,"Carex siccata",6,NA,NA,10,0,0,NA,1,0,0,2.52336448598131,488.504358,0
2015,46,"1006*A",180,-3630,"Carex siccata",9,6,3,9,0,0,0,1,0,0,3.0530303030303,549.65552,0
2016,46,"1006*A",180,-3630,"Carex siccata",18,9,9,12,0,0,0,1,0,0,1.30188679245283,599.6646195,134.732455
2017,46,"1006*A",180,-3630,"Carex siccata",0,18,-18,0,0,0,0,0,0,1,1.28571428571429,0,0
2014,46,"1007*A",170,-3632,"Elymus lanceolatus",15,NA,NA,21,4,0,NA,1,0,0,2.52336448598131,463.4748925,14.42281
2015,46,"1007*A",170,-3632,"Elymus lanceolatus",19,15,4,17,0,0,0,1,0,0,3.0530303030303,536.112730385,9.972299
2016,46,"1007*A",170,-3632,"Elymus lanceolatus",24,19,5,28,7,0,0,1,0,0,1.30188679245283,849.4415695,21.00694
2017,46,"1007*A",170,-3632,"Elymus lanceolatus",7,24,-17,8,0,0,0,1,0,0,1.28571428571429,555.771393997525,0
2018,46,"1007*A",170,-3632,"Elymus lanceolatus",21,7,14,23,7,0,0,1,0,0,1.12213740458015,418.162928299264,18.766767026242
2019,46,"1007*A",170,-3632,"Elymus lanceolatus",33,21,12,25.5,11,0,0,1,0,0,0.5,432.29157647685,13.481452501493
2014,46,"1008*A",185,-3615,"Carex siccata",13,NA,NA,20,2,0,NA,1,0,0,2.52336448598131,324.16297,1.129317
2015,46,"1008*A",185,-3615,"Carex siccata",16,13,3,12,5,0,0,1,0,0,3.0530303030303,394.27166958,6.510809
2016,46,"1008*A",185,-3615,"Carex siccata",11,16,-5,17,0,0,0,1,0,0,1.30188679245283,329.854349,75.55468
2017,46,"1008*A",185,-3615,"Carex siccata",14,11,3,14,1,0,0,1,0,0,1.28571428571429,336.477035580554,43.6672246559402
2018,46,"1008*A",185,-3615,"Carex siccata",26,14,12,18,0,0,0,1,0,0,1.12213740458015,326.38334636144,0.591715976331345
2019,46,"1008*A",185,-3615,"Carex siccata",8,26,-18,4.5,0,0,0,1,0,0,0.5,347.135855913233,0
2014,46,"1009*A",180,-3622,"Carex siccata",8,NA,NA,14,0,0,NA,1,0,0,2.52336448598131,400,2.982102
2015,46,"1009*A",180,-3622,"Carex siccata",9,8,1,17,2,0,0,1,0,0,3.0530303030303,403.7318763,20.57737
2016,46,"1009*A",180,-3622,"Carex siccata",25,9,16,16,4,0,0,1,0,0,1.30188679245283,474.1170221,57.93863058
2017,46,"1009*A",180,-3622,"Carex siccata",20,25,-5,8,0,0,0,1,0,0,1.28571428571429,438.743693915779,23.6868837877134
2018,46,"1009*A",180,-3622,"Carex siccata",2,20,-18,1,0,0,0,1,0,0,1.12213740458015,400.000000000004,100.000000000001
2019,46,"1009*A",180,-3622,"Carex siccata",5.5,2,3.5,11,0,0,0,1,0,0,0.5,499.999999999999,0
2014,10,"101*A",1670,-555,"Lupinus argenteus",23,NA,NA,12,7,0,NA,1,0,0,2.52336448598131,0,239.246224062558
2015,10,"101*A",1670,-555,"Lupinus argenteus",17,23,-6,11.5,3,0,0,1,0,0,3.0530303030303,0.261209222188717,286.478173172764
2016,10,"101*A",1670,-555,"Lupinus argenteus",15.5,17,-1.5,12.5,2,0,0,1,0,0,1.30188679245283,24.2270654395927,106.572637223354
2017,10,"101*A",1670,-555,"Lupinus argenteus",0,15.5,-15.5,0,0,0,0,0,0,1,1.28571428571429,0,0
2014,46,"1010*A",160,-3620,"Carex siccata",12,NA,NA,14,1,0,NA,1,0,0,2.52336448598131,404.987553,3.920872
2015,46,"1010*A",160,-3620,"Carex siccata",12,12,0,21,0,0,0,1,0,0,3.0530303030303,450.61138518,6.694528
2016,46,"1010*A",160,-3620,"Carex siccata",11,12,-1,12,0,0,0,1,0,0,1.30188679245283,707.2156927,7.45365
2017,46,"1010*A",160,-3620,"Carex siccata",9,11,-2,7,0,0,0,1,0,0,1.28571428571429,500,0
2018,46,"1010*A",160,-3620,"Carex siccata",0,9,-9,0,0,0,0,0,0,1,1.12213740458015,0,0
2014,46,"1011*A",150,-3615,"Carex siccata",16,NA,NA,11,0,0,NA,1,0,0,2.52336448598131,460.08521,2.20549
2015,46,"1011*A",150,-3615,"Carex siccata",17,16,1,20,0,0,0,1,0,0,3.0530303030303,473.2140044,3.335682
2016,46,"1011*A",150,-3615,"Carex siccata",8,17,-9,10,0,0,0,1,0,0,1.30188679245283,671.0736,0
2017,46,"1011*A",150,-3615,"Carex siccata",13,8,5,6,0,0,0,1,0,0,1.28571428571429,510.558797071851,0
2018,46,"1011*A",150,-3615,"Carex siccata",5.5,13,-7.5,9,0,0,0,1,0,0,1.12213740458015,399.999999999998,0
2019,46,"1011*A",150,-3615,"Carex siccata",0,5.5,-5.5,0,0,0,0,0,0,1,0.5,0,0
2014,46,"1012*A",155,-3610,"Ivesia gordonii",5,NA,NA,4,0,0,NA,1,0,0,2.52336448598131,410.61139,0
2015,46,"1012*A",155,-3610,"Ivesia gordonii",9,5,4,6,0,0,0,1,0,0,3.0530303030303,419.602827,0
2016,46,"1012*A",155,-3610,"Ivesia gordonii",16,9,7,7,24,0,0,1,0,0,1.30188679245283,491.9958425,0
2017,46,"1012*A",155,-3610,"Ivesia gordonii",0,16,-16,0,0,0,0,0,0,1,1.28571428571429,0,0
2014,46,"1014*A",100,-3625,"Eriogonum umbellatum",10,NA,NA,1,0,0,NA,1,0,0,2.52336448598131,82.55856,325.044008
2015,46,"1014*A",100,-3625,"Eriogonum umbellatum",10,10,0,2,2,0,0,1,0,0,3.0530303030303,70.1089992,330.612008
2016,46,"1014*A",100,-3625,"Eriogonum umbellatum",11,10,1,3,2,0,0,1,0,0,1.30188679245283,100.24318952,323.1480391
2017,46,"1014*A",100,-3625,"Eriogonum umbellatum",10,11,-1,2,4,0,0,1,0,0,1.28571428571429,100.648427456817,357.712378328356
2018,46,"1014*A",100,-3625,"Eriogonum umbellatum",10,10,0,1.5,3,0,0,1,0,0,1.12213740458015,24.2939199211994,319.426351289403
2019,46,"1014*A",100,-3625,"Eriogonum umbellatum",10,10,0,1.5,0,0,0,1,0,0,0.5,79.1865570374337,349.549011872575
2014,46,"1015*A",80,-3625,"Eriogonum umbellatum",3,NA,NA,1,0,0,NA,1,0,0,2.52336448598131,38.13619,362.41842
2015,46,"1015*A",80,-3625,"Eriogonum umbellatum",3,3,0,2,0,0,0,1,0,0,3.0530303030303,0,362.41842
2016,46,"1015*A",80,-3625,"Eriogonum umbellatum",3,3,0,1.5,0,0,0,1,0,0,1.30188679245283,93.76852,382.84213
2017,46,"1015*A",80,-3625,"Eriogonum umbellatum",1.5,3,-1.5,1.5,0,0,0,1,0,0,1.28571428571429,0,378.948989532595
2018,46,"1015*A",80,-3625,"Eriogonum umbellatum",0,1.5,-1.5,0,0,0,0,0,0,1,1.12213740458015,0,0
2014,46,"1017*A",120,-3655,"Heterotheca villosa",40,NA,NA,7,23,0,NA,1,0,0,2.52336448598131,479.0026157524,59.5450917
2015,46,"1017*A",120,-3655,"Heterotheca villosa",35,40,-5,8,13,0,0,1,0,0,3.0530303030303,490.435710588,64.10058274
2016,46,"1017*A",120,-3655,"Heterotheca villosa",45,35,10,8,79,0,0,1,0,0,1.30188679245283,538.510767048,94.866134635
2017,46,"1017*A",120,-3655,"Heterotheca villosa",38,45,-7,6,44,0,0,1,0,0,1.28571428571429,545.028096898147,40.2374263030251
2018,46,"1017*A",120,-3655,"Heterotheca villosa",0,38,-38,0,0,0,0,0,0,1,1.12213740458015,0,0
2014,46,"1018*A",130,-3665,"Eriogonum umbellatum",0.5,NA,NA,0.5,0,0,NA,1,0,0,2.52336448598131,100,600
2015,46,"1018*A",130,-3665,"Eriogonum umbellatum",1,0.5,0.5,0.5,0,0,0,1,0,0,3.0530303030303,238.56754,600.4544426
2016,46,"1018*A",130,-3665,"Eriogonum umbellatum",7,1,6,2,0,0,0,1,0,0,1.30188679245283,252.5539113,581.5181413
2017,46,"1018*A",130,-3665,"Eriogonum umbellatum",1.5,7,-5.5,2,0,0,0,1,0,0,1.28571428571429,263.175165731449,585.992754265777
2018,46,"1018*A",130,-3665,"Eriogonum umbellatum",0,1.5,-1.5,0,0,0,0,0,0,1,1.12213740458015,0,0
2014,46,"1019*A",133,-3657,"Eriogonum umbellatum",2,NA,NA,1,0,0,NA,1,0,0,2.52336448598131,100,523.4928
2015,46,"1019*A",133,-3657,"Eriogonum umbellatum",3,2,1,1.5,0,0,0,1,0,0,3.0530303030303,103.142705,513.30043363
2016,46,"1019*A",133,-3657,"Eriogonum umbellatum",1.5,3,-1.5,1,0,0,0,1,0,0,1.30188679245283,230.38214,615.60984
2017,46,"1019*A",133,-3657,"Eriogonum umbellatum",2,1.5,0.5,1,0,0,0,1,0,0,1.28571428571429,187.198023436507,499.999999999999
2018,46,"1019*A",133,-3657,"Eriogonum umbellatum",2.5,2,0.5,1,0,0,0,1,0,0,1.12213740458015,0,500
2019,46,"1019*A",133,-3657,"Eriogonum umbellatum",0,2.5,-2.5,0,0,0,0,1,0,0,0.5,0,0
2014,10,"102*A",1660,-560,"Lupinus argenteus",8,NA,NA,5,0,0,NA,1,0,0,2.52336448598131,0,250.029628540424
2015,10,"102*A",1660,-560,"Lupinus argenteus",5,8,-3,7,0,0,0,1,0,0,3.0530303030303,0,352.591961596049
2016,10,"102*A",1660,-560,"Lupinus argenteus",0,5,-5,0,0,0,0,0,0,1,1.30188679245283,0,0
2014,46,"1020*A",27,-3673,"Carex siccata",14,NA,NA,11,0,0,NA,1,0,0,2.52336448598131,130.13134,0.3796086
2015,46,"1020*A",27,-3673,"Carex siccata",15,14,1,15,1,0,0,1,0,0,3.0530303030303,100.5599345,37.3292232
2016,46,"1020*A",27,-3673,"Carex siccata",10,15,-5,12,0,0,0,1,0,0,1.30188679245283,100,63.24368
2017,46,"1020*A",27,-3673,"Carex siccata",17,10,7,8,0,0,0,1,0,0,1.28571428571429,219.687172877472,17.7827314601578
2018,46,"1020*A",27,-3673,"Carex siccata",14,17,-3,12,0,0,0,1,0,0,1.12213740458015,300,50.8422810155658
2019,46,"1020*A",27,-3673,"Carex siccata",15,14,1,14,0,0,0,1,0,0,0.5,300,94.1400921034941
2014,46,"1021*A",35,-3680,"Carex siccata",11,NA,NA,12,0,0,NA,1,0,0,2.52336448598131,199.77968,48.0282032
2015,46,"1021*A",35,-3680,"Carex siccata",10,11,-1,8,1,0,0,1,0,0,3.0530303030303,155.44169362,61.4695697
2016,46,"1021*A",35,-3680,"Carex siccata",5,10,-5,7,0,0,0,1,0,0,1.30188679245283,100,0
2017,46,"1021*A",35,-3680,"Carex siccata",0,5,-5,0,0,0,0,0,0,1,1.28571428571429,0,0
2014,46,"1022*A",34,-3687,"Carex siccata",17,NA,NA,12,0,0,NA,1,0,0,2.52336448598131,169.19255,19.85124
2015,46,"1022*A",34,-3687,"Carex siccata",16,17,-1,12,1,0,0,1,0,0,3.0530303030303,132.1729069,16.41829
2016,46,"1022*A",34,-3687,"Carex siccata",8,16,-8,12,0,0,0,1,0,0,1.30188679245283,100.1008855,0
2017,46,"1022*A",34,-3687,"Carex siccata",13,8,5,13,0,0,0,1,0,0,1.28571428571429,300,0
2018,46,"1022*A",34,-3687,"Carex siccata",15,13,2,12,0,0,0,1,0,0,1.12213740458015,300,0
2019,46,"1022*A",34,-3687,"Carex siccata",5,15,-10,5.5,0,0,0,1,0,0,0.5,300,0
2014,47,"1023*A",495,-3745,"Lupinus argenteus",4,NA,NA,2,0,0,NA,1,0,0,2.52336448598131,0,0
2015,47,"1023*A",495,-3745,"Lupinus argenteus",5.5,4,1.5,3,0,0,0,1,0,0,3.0530303030303,0,0
2016,47,"1023*A",495,-3745,"Lupinus argenteus",0,5.5,-5.5,0,0,0,0,0,0,1,1.30188679245283,0,0
2014,49,"1024*A",1235,-3692,"Lupinus argenteus",9,NA,NA,5,0,0,NA,1,0,0,2.52336448598131,100,0
2015,49,"1024*A",1235,-3692,"Lupinus argenteus",9,9,0,6,0,0,0,1,0,0,3.0530303030303,100,0
2016,49,"1024*A",1235,-3692,"Lupinus argenteus",0,9,-9,0,0,0,0,0,0,1,1.30188679245283,0,0
2014,49,"1025*A",1245,-3710,"Lupinus argenteus",11,NA,NA,11,1,0,NA,1,0,0,2.52336448598131,95.98719,45.64209
2015,49,"1025*A",1245,-3710,"Lupinus argenteus",7,11,-4,4,0,0,0,1,0,0,3.0530303030303,100,2.863661
2016,49,"1025*A",1245,-3710,"Lupinus argenteus",0,7,-7,0,0,0,0,0,0,1,1.30188679245283,0,0
2014,49,"1026*A",1250,-3705,"Lupinus argenteus",9,NA,NA,7,0,0,NA,1,0,0,2.52336448598131,100,68.1814
2015,49,"1026*A",1250,-3705,"Lupinus argenteus",0,9,-9,0,0,0,0,0,0,1,3.0530303030303,0,0
2014,49,"1027*A",1280,-3715,"Lupinus argenteus",11,NA,NA,5,0,0,NA,1,0,0,2.52336448598131,100,0
2015,49,"1027*A",1280,-3715,"Lupinus argenteus",0,11,-11,0,0,0,0,0,0,1,3.0530303030303,0,0
2014,49,"1028*A",1295,-3795,"Lupinus argenteus",2,NA,NA,2,0,0,NA,1,0,0,2.52336448598131,0,0
2015,49,"1028*A",1295,-3795,"Lupinus argenteus",0,2,-2,0,0,0,0,0,0,1,3.0530303030303,0,0
2014,49,"1029*A",1200,-3692,"Lupinus argenteus",14,NA,NA,6,0,0,NA,1,0,0,2.52336448598131,19.20305,0
2015,49,"1029*A",1200,-3692,"Lupinus argenteus",11,14,-3,8,0,0,0,1,0,0,3.0530303030303,88.60729,0
2016,49,"1029*A",1200,-3692,"Lupinus argenteus",0,11,-11,0,0,0,0,0,0,1,1.30188679245283,0,0
2014,10,"103*A",1680,-540,"Lupinus argenteus",8,NA,NA,7,0,0,NA,1,0,0,2.52336448598131,0,227.514883133312
2015,10,"103*A",1680,-540,"Lupinus argenteus",0,8,-8,0,0,0,0,1,0,0,3.0530303030303,0,0
2016,10,"103*A",1680,-540,"Lupinus argenteus",2.7,0,2.7,6,0,0,0,1,0,0,1.30188679245283,0,203.355490302329
2017,10,"103*A",1680,-540,"Lupinus argenteus",0,2.7,-2.7,0,0,0,0,0,0,1,1.28571428571429,0,0
2014,49,"1030*A",1360,-3765,"Lupinus argenteus",15,NA,NA,5,0,0,NA,1,0,0,2.52336448598131,0,0
2015,49,"1030*A",1360,-3765,"Lupinus argenteus",1,15,-14,1,0,0,0,1,0,0,3.0530303030303,0,0
2016,49,"1030*A",1360,-3765,"Lupinus argenteus",0,1,-1,0,0,0,0,0,0,1,1.30188679245283,0,0
2014,49,"1031*A",1276,-3649,"Eriogonum umbellatum",36,NA,NA,2,29,0,NA,1,0,0,2.52336448598131,21.2464942,0
2015,49,"1031*A",1276,-3649,"Eriogonum umbellatum",41,36,5,2,34,0,0,1,0,0,3.0530303030303,15.932393426,0.07415112
2016,49,"1031*A",1276,-3649,"Eriogonum umbellatum",37,41,-4,2,29,0,0,1,0,0,1.30188679245283,3.3462325,0.02128351
2017,49,"1031*A",1276,-3649,"Eriogonum umbellatum",37,37,0,3,17,0,0,1,0,0,1.28571428571429,4.15737380166389,0
2018,49,"1031*A",1276,-3649,"Eriogonum umbellatum",16,37,-21,3,2,0,0,1,0,0,1.12213740458015,0.762268360250944,0
2019,49,"1031*A",1276,-3649,"Eriogonum umbellatum",19,16,3,4.9,23,0,0,1,0,0,0.5,1.44208316786217,0
2014,49,"1032*A",1255,-3605,"Heterotheca villosa",28,NA,NA,8,15,0,NA,1,0,0,2.52336448598131,100,0
2015,49,"1032*A",1255,-3605,"Heterotheca villosa",29,28,1,7,12,0,0,1,0,0,3.0530303030303,100.02265416,0
2016,49,"1032*A",1255,-3605,"Heterotheca villosa",12,29,-17,2,0,0,0,1,0,0,1.30188679245283,100.7586979,0
2017,49,"1032*A",1255,-3605,"Heterotheca villosa",13,12,1,6.5,2,0,0,1,0,0,1.28571428571429,100.000000000001,0
2018,49,"1032*A",1255,-3605,"Heterotheca villosa",0,13,-13,0,0,0,0,0,0,1,1.12213740458015,0,0
2014,50,"1033*A",1605,-3795,"Ivesia gordonii",16,NA,NA,5,0,0,NA,1,0,0,2.52336448598131,101.65859,100.4311961
2015,50,"1033*A",1605,-3795,"Ivesia gordonii",18,16,2,5,31,0,0,1,0,0,3.0530303030303,105.135457,137.26867
2016,50,"1033*A",1605,-3795,"Ivesia gordonii",18,18,0,6,26,0,0,1,0,0,1.30188679245283,105.041199,176.396266
2017,50,"1033*A",1605,-3795,"Ivesia gordonii",0,18,-18,0,0,0,0,0,0,1,1.28571428571429,0,0
2014,50,"1034*A",1610,-3785,"Ivesia gordonii",12,NA,NA,3,0,0,NA,1,0,0,2.52336448598131,67.763112,78.546455
2015,50,"1034*A",1610,-3785,"Ivesia gordonii",15,12,3,3,11,0,0,1,0,0,3.0530303030303,79.508315,100.8863
2016,50,"1034*A",1610,-3785,"Ivesia gordonii",14,15,-1,5,29,0,0,1,0,0,1.30188679245283,96.782527,141.524981
2017,50,"1034*A",1610,-3785,"Ivesia gordonii",9,14,-5,3,0,0,0,1,0,0,1.28571428571429,107.526001606487,6.90046436853311
2018,50,"1034*A",1610,-3785,"Ivesia gordonii",0,9,-9,0,0,0,0,0,0,1,1.12213740458015,0,0
2014,50,"1035*A",1615,-3797,"Eriogonum umbellatum",7,NA,NA,1,0,0,NA,1,0,0,2.52336448598131,209.873791,12.90371
2015,50,"1035*A",1615,-3797,"Eriogonum umbellatum",9,7,2,2,2,0,0,1,0,0,3.0530303030303,244.616597,8.787026
2016,50,"1035*A",1615,-3797,"Eriogonum umbellatum",12,9,3,3,1,0,0,1,0,0,1.30188679245283,247.42636,3.244832
2017,50,"1035*A",1615,-3797,"Eriogonum umbellatum",11,12,-1,2,2,0,0,1,0,0,1.28571428571429,108.644832847377,9.38231672721683
2018,50,"1035*A",1615,-3797,"Eriogonum umbellatum",10,11,-1,1,0,0,0,1,0,0,1.12213740458015,0,0
2019,50,"1035*A",1615,-3797,"Eriogonum umbellatum",4.3,10,-5.7,2.5,0,0,0,1,0,0,0.5,0,0
2014,50,"1036*A",1621,-3798,"Heterotheca villosa",6,NA,NA,5,1,0,NA,1,0,0,2.52336448598131,317.15975,0
2015,50,"1036*A",1621,-3798,"Heterotheca villosa",4,6,-2,1.5,0,0,0,1,0,0,3.0530303030303,470.74934,0
2016,50,"1036*A",1621,-3798,"Heterotheca villosa",0,4,-4,0,0,0,0,0,0,1,1.30188679245283,0,0
2014,50,"1037*A",1623,-3799,"Ivesia gordonii",7,NA,NA,3,0,0,NA,1,0,0,2.52336448598131,176.53256,107.85267
2015,50,"1037*A",1623,-3799,"Ivesia gordonii",9,7,2,4,1,0,0,1,0,0,3.0530303030303,128.26854,231.8892
2016,50,"1037*A",1623,-3799,"Ivesia gordonii",14,9,5,5,7,0,0,1,0,0,1.30188679245283,101.269543,241.51236
2017,50,"1037*A",1623,-3799,"Ivesia gordonii",9,14,-5,4,11,0,0,1,0,0,1.28571428571429,100,99.4926083375843
2018,50,"1037*A",1623,-3799,"Ivesia gordonii",0,9,-9,0,0,0,0,0,0,1,1.12213740458015,0,0
2014,50,"1038*A",1627,-3797,"Ivesia gordonii",3,NA,NA,3,0,0,NA,1,0,0,2.52336448598131,163.34269,102.488148
2015,50,"1038*A",1627,-3797,"Ivesia gordonii",9,3,6,5,1,0,0,1,0,0,3.0530303030303,109.72316,198.62276
2016,50,"1038*A",1627,-3797,"Ivesia gordonii",13,9,4,5.5,22,0,0,1,0,0,1.30188679245283,96.87447,226.46098
2017,50,"1038*A",1627,-3797,"Ivesia gordonii",10,13,-3,4,0,0,0,1,0,0,1.28571428571429,99.8682623607784,93.4086310863243
2018,50,"1038*A",1627,-3797,"Ivesia gordonii",0,10,-10,0,0,0,0,0,0,1,1.12213740458015,0,0
2014,50,"1039*A",1652,-3785,"Ivesia gordonii",20,NA,NA,4,0,0,NA,1,0,0,2.52336448598131,41.0109598,28.08592
2015,50,"1039*A",1652,-3785,"Ivesia gordonii",22,20,2,6,6,0,0,1,0,0,3.0530303030303,29.574352,44.2954736
2016,50,"1039*A",1652,-3785,"Ivesia gordonii",24,22,2,9,15,0,0,1,0,0,1.30188679245283,32.63247,75.9232316
2017,50,"1039*A",1652,-3785,"Ivesia gordonii",19,24,-5,7,26,0,0,1,0,0,1.28571428571429,42.7491752831385,39.9948668948759
2018,50,"1039*A",1652,-3785,"Ivesia gordonii",0,19,-19,0,0,0,0,0,0,1,1.12213740458015,0,0
2014,10,"104*A",1695,-550,"Lupinus argenteus",11,NA,NA,10,2,0,NA,1,0,0,2.52336448598131,27.4386854781823,188.33261197363
2015,10,"104*A",1695,-550,"Lupinus argenteus",14,11,3,8.5,2,0,0,1,0,0,3.0530303030303,15.2027236345009,202.671293111158
2016,10,"104*A",1695,-550,"Lupinus argenteus",15.5,14,1.5,10,2,0,0,1,0,0,1.30188679245283,46.698373072545,81.732011024954
2017,10,"104*A",1695,-550,"Lupinus argenteus",0,15.5,-15.5,0,0,0,0,0,0,1,1.28571428571429,0,0
2014,50,"1040*A",1657,-3792,"Heterotheca villosa",1,NA,NA,1,0,0,NA,1,0,0,2.52336448598131,100,0
2015,50,"1040*A",1657,-3792,"Heterotheca villosa",4,1,3,2,0,0,0,1,0,0,3.0530303030303,111.75723,0
2016,50,"1040*A",1657,-3792,"Heterotheca villosa",9,4,5,3,2,0,0,1,0,0,1.30188679245283,158.24272,0
2017,50,"1040*A",1657,-3792,"Heterotheca villosa",11,9,2,4,7,0,0,1,0,0,1.28571428571429,126.524011513444,0
2018,50,"1040*A",1657,-3792,"Heterotheca villosa",0,11,-11,0,0,0,0,0,0,1,1.12213740458015,0,0
2014,50,"1041*A",1660,-3775,"Ivesia gordonii",10,NA,NA,4,1,0,NA,1,0,0,2.52336448598131,75.09293,98.16636
2015,50,"1041*A",1660,-3775,"Ivesia gordonii",12,10,2,4,2,0,0,1,0,0,3.0530303030303,31.893598,98.53256
2016,50,"1041*A",1660,-3775,"Ivesia gordonii",16,12,4,6,14,0,0,1,0,0,1.30188679245283,17.99241,93.44081
2017,50,"1041*A",1660,-3775,"Ivesia gordonii",11,16,-5,5,10,0,0,1,0,0,1.28571428571429,24.1190322197082,89.8359868376874
2018,50,"1041*A",1660,-3775,"Ivesia gordonii",0,11,-11,0,0,0,0,0,0,1,1.12213740458015,0,0
2014,50,"1042*A",1650,-3750,"Eriogonum umbellatum",15,NA,NA,2,1,0,NA,1,0,0,2.52336448598131,29.16459,0
2015,50,"1042*A",1650,-3750,"Eriogonum umbellatum",11,15,-4,2,1,0,0,1,0,0,3.0530303030303,31.31474,0
2016,50,"1042*A",1650,-3750,"Eriogonum umbellatum",2.5,11,-8.5,2,0,0,0,1,0,0,1.30188679245283,0,0
2017,50,"1042*A",1650,-3750,"Eriogonum umbellatum",0,2.5,-2.5,0,0,0,0,0,0,1,1.28571428571429,0,0
2014,50,"1043*A",1698,-3795,"Ivesia gordonii",12,NA,NA,3,1,0,NA,1,0,0,2.52336448598131,45.06726,85.47291
2015,50,"1043*A",1698,-3795,"Ivesia gordonii",17,12,5,5,13,0,0,1,0,0,3.0530303030303,44.30786,62.86565
2016,50,"1043*A",1698,-3795,"Ivesia gordonii",12,17,-5,10,0,0,0,1,0,0,1.30188679245283,0.5025044,0
2017,50,"1043*A",1698,-3795,"Ivesia gordonii",10.5,12,-1.5,5,0,0,0,1,0,0,1.28571428571429,15.7596304143283,0
2018,50,"1043*A",1698,-3795,"Ivesia gordonii",0,10.5,-10.5,0,0,0,0,0,0,1,1.12213740458015,0,0
2014,50,"1044*A",1700,-3792,"Ivesia gordonii",6,NA,NA,2,0,0,NA,1,0,0,2.52336448598131,49.6576,178.17365
2015,50,"1044*A",1700,-3792,"Ivesia gordonii",8,6,2,5,1,0,0,1,0,0,3.0530303030303,36.13637,142.0148
2016,50,"1044*A",1700,-3792,"Ivesia gordonii",0,8,-8,0,0,0,0,0,0,1,1.30188679245283,0,0
2014,50,"1045*A",1710,-3795,"Ivesia gordonii",12,NA,NA,5,0,0,NA,1,0,0,2.52336448598131,85.6931,77.88309
2015,50,"1045*A",1710,-3795,"Ivesia gordonii",9,12,-3,3,7,0,0,1,0,0,3.0530303030303,79.93707,130.95044
2016,50,"1045*A",1710,-3795,"Ivesia gordonii",0,9,-9,0,0,0,0,0,0,1,1.30188679245283,0,0
2014,50,"1046*A",1765,-3760,"Heterotheca villosa",10,NA,NA,4,2,0,NA,1,0,0,2.52336448598131,100,0
2015,50,"1046*A",1765,-3760,"Heterotheca villosa",18,10,8,4,2,0,0,1,0,0,3.0530303030303,100,0
2016,50,"1046*A",1765,-3760,"Heterotheca villosa",20,18,2,6,11,0,0,1,0,0,1.30188679245283,100.08310541,0
2017,50,"1046*A",1765,-3760,"Heterotheca villosa",0,20,-20,0,0,0,0,0,0,1,1.28571428571429,0,0
2014,50,"1047*A",1763,-3743,"Eriogonum umbellatum",37,NA,NA,2,3,0,NA,1,0,0,2.52336448598131,9.1079182,0
2015,50,"1047*A",1763,-3743,"Eriogonum umbellatum",36,37,-1,2,0,0,0,1,0,0,3.0530303030303,19.0840975,0
2016,50,"1047*A",1763,-3743,"Eriogonum umbellatum",27,36,-9,4,4,0,0,1,0,0,1.30188679245283,24.25986894,0.05656202
2017,50,"1047*A",1763,-3743,"Eriogonum umbellatum",22.5,27,-4.5,2.5,2,0,0,1,0,0,1.28571428571429,5.67337487518417,0
2018,50,"1047*A",1763,-3743,"Eriogonum umbellatum",8.5,22.5,-14,1.5,0,0,0,1,0,0,1.12213740458015,3.73253382767803,0
2019,50,"1047*A",1763,-3743,"Eriogonum umbellatum",6,8.5,-2.5,5.5,0,0,0,1,0,0,0.5,1.6561121483568,0
2014,50,"1048*A",1767,-3718,"Elymus lanceolatus",12,NA,NA,18,7,0,NA,1,0,0,2.52336448598131,100,0
2015,50,"1048*A",1767,-3718,"Elymus lanceolatus",20,12,8,12,2,0,0,1,0,0,3.0530303030303,100,0
2016,50,"1048*A",1767,-3718,"Elymus lanceolatus",20,20,0,20,9,0,0,1,0,0,1.30188679245283,101.393027,0
2017,50,"1048*A",1767,-3718,"Elymus lanceolatus",20,20,0,13,3,0,0,1,0,0,1.28571428571429,100,0
2018,50,"1048*A",1767,-3718,"Elymus lanceolatus",16,20,-4,13.5,7,0,0,1,0,0,1.12213740458015,4.56166601372126,0
2019,50,"1048*A",1767,-3718,"Elymus lanceolatus",23,16,7,17.5,5,0,0,1,0,0,0.5,0.123991514640749,0
2014,50,"1049*A",1610,-3615,"Eriogonum umbellatum",38,NA,NA,2,9,0,NA,1,0,0,2.52336448598131,0,0
2015,50,"1049*A",1610,-3615,"Eriogonum umbellatum",38,38,0,3,51,0,0,1,0,0,3.0530303030303,0.3820929,0
2016,50,"1049*A",1610,-3615,"Eriogonum umbellatum",40,38,2,3,13,0,0,1,0,0,1.30188679245283,1.0136786,0
2017,50,"1049*A",1610,-3615,"Eriogonum umbellatum",35.5,40,-4.5,2,6,0,0,1,0,0,1.28571428571429,0.478165410385522,0
2018,50,"1049*A",1610,-3615,"Eriogonum umbellatum",31,35.5,-4.5,1.5,0,0,0,1,0,0,1.12213740458015,0,0
2019,50,"1049*A",1610,-3615,"Eriogonum umbellatum",0,31,-31,0,0,0,0,0,0,1,0.5,0,0
2014,10,"105*A",1680,-555,"Lupinus argenteus",13,NA,NA,13,2,0,NA,1,0,0,2.52336448598131,0,330.573324941838
2015,10,"105*A",1680,-555,"Lupinus argenteus",11.5,13,-1.5,9.5,1,0,0,1,0,0,3.0530303030303,0,383.658308489752
2016,10,"105*A",1680,-555,"Lupinus argenteus",0,11.5,-11.5,0,0,0,0,1,0,0,1.30188679245283,0,0
2017,10,"105*A",1680,-555,"Lupinus argenteus",8,0,8,6,0,0,0,1,0,0,1.28571428571429,54.2370823314324,13.4080242114522
2018,10,"105*A",1680,-555,"Lupinus argenteus",0,8,-8,0,0,0,0,0,0,1,1.12213740458015,0,0
2015,1,"1050*A",53,-25,"Lupinus argenteus",2.1,NA,NA,2.5,0,1,1,1,0,0,3.0530303030303,0,0
2016,1,"1050*A",53,-25,"Lupinus argenteus",4.5,2.1,2.4,3.7,0,0,0,1,0,0,1.30188679245283,0,0
2017,1,"1050*A",53,-25,"Lupinus argenteus",11,4.5,6.5,5,0,0,0,1,0,0,1.28571428571429,0,0
2018,1,"1050*A",53,-25,"Lupinus argenteus",24,11,13,8,3,0,0,1,0,0,1.12213740458015,0,0
2019,1,"1050*A",53,-25,"Lupinus argenteus",15.5,24,-8.5,6.5,0,0,0,1,0,0,0.5,0,0
2015,1,"1051*A",15,-20,"Senecio crassulus",0.5,NA,NA,1.4,0,1,1,1,0,0,3.0530303030303,0,0
2016,1,"1051*A",15,-20,"Senecio crassulus",0,0.5,-0.5,0,0,0,0,0,0,1,1.30188679245283,0,0
2015,1,"1052*A",190,-175,"Ivesia gordonii",0.5,NA,NA,0.5,0,1,1,1,0,0,3.0530303030303,0,99.9999999999989
2016,1,"1052*A",190,-175,"Ivesia gordonii",1.9,0.5,1.4,0.8,0,0,0,1,0,0,1.30188679245283,0,99.9999999999997
2017,1,"1052*A",190,-175,"Ivesia gordonii",0,1.9,-1.9,0,0,0,0,0,0,1,1.28571428571429,0,0
2015,1,"1053*A",195,-175,"Ivesia gordonii",0.5,NA,NA,0.5,0,1,1,1,0,0,3.0530303030303,0,101.523084704486
2016,1,"1053*A",195,-175,"Ivesia gordonii",1.8,0.5,1.3,1.2,0,0,0,1,0,0,1.30188679245283,0,107.716049382718
2017,1,"1053*A",195,-175,"Ivesia gordonii",1.8,1.8,0,1.2,0,0,0,1,0,0,1.28571428571429,0,79.6034961966317
2018,1,"1053*A",195,-175,"Ivesia gordonii",0,1.8,-1.8,0,0,0,0,0,0,1,1.12213740458015,0,0
2015,1,"1054*A",190,-164,"Ivesia gordonii",0.6,NA,NA,0.5,0,1,1,1,0,0,3.0530303030303,0,100.000000000003
2016,1,"1054*A",190,-164,"Ivesia gordonii",0.7,0.6,0.1,1,0,0,0,1,0,0,1.30188679245283,0,100
2017,1,"1054*A",190,-164,"Ivesia gordonii",0,0.7,-0.7,0,0,0,0,0,0,1,1.28571428571429,0,0
2015,1,"1055*A",200,-167,"Ivesia gordonii",0.6,NA,NA,0.7,0,1,1,1,0,0,3.0530303030303,0,100.000000000003
2016,1,"1055*A",200,-167,"Ivesia gordonii",2.4,0.6,1.8,1.5,0,0,0,1,0,0,1.30188679245283,0,99.9999999999994
2017,1,"1055*A",200,-167,"Ivesia gordonii",0,2.4,-2.4,0,0,0,0,0,0,1,1.28571428571429,0,0
2015,1,"1056*A",195,-176,"Ivesia gordonii",0.4,NA,NA,0.5,0,1,1,1,0,0,3.0530303030303,0,102.379819850752
2016,1,"1056*A",195,-176,"Ivesia gordonii",0.5,0.4,0.1,0.5,0,0,0,1,0,0,1.30188679245283,0,200.000000000014
2017,1,"1056*A",195,-176,"Ivesia gordonii",2,0.5,1.5,1,0,0,0,1,0,0,1.28571428571429,0,64.4788319192699
2018,1,"1056*A",195,-176,"Ivesia gordonii",0,2,-2,0,0,0,0,0,0,1,1.12213740458015,0,0
2015,1,"1057*A",186,-179,"Ivesia gordonii",0.6,NA,NA,0.8,0,1,1,1,0,0,3.0530303030303,0,100.000000000001
2016,1,"1057*A",186,-179,"Ivesia gordonii",0.5,0.6,-0.1,0.5,0,0,0,1,0,0,1.30188679245283,0,100.000000000001
2017,1,"1057*A",186,-179,"Ivesia gordonii",0.8,0.5,0.3,0.3,0,0,0,1,0,0,1.28571428571429,0,0
2018,1,"1057*A",186,-179,"Ivesia gordonii",0,0.8,-0.8,0,0,0,0,0,0,1,1.12213740458015,0,0
2015,1,"1058*A",183,-155,"Ivesia gordonii",0.4,NA,NA,0.4,0,1,1,1,0,0,3.0530303030303,0,0
2016,1,"1058*A",183,-155,"Ivesia gordonii",1.2,0.4,0.8,1,0,0,0,1,0,0,1.30188679245283,99.9999999999988,99.9999999999988
2017,1,"1058*A",183,-155,"Ivesia gordonii",0,1.2,-1.2,0,0,0,0,0,0,1,1.28571428571429,0,0
2015,1,"1059*A",180,-154,"Heterotheca villosa",1.3,NA,NA,2,0,1,1,1,0,0,3.0530303030303,0,0
2016,1,"1059*A",180,-154,"Heterotheca villosa",4.2,1.3,2.9,3.7,0,0,0,1,0,0,1.30188679245283,49.8225229003017,0
2017,1,"1059*A",180,-154,"Heterotheca villosa",0,4.2,-4.2,0,0,0,0,0,0,1,1.28571428571429,0,0
2014,10,"106*A",1685,-560,"Lupinus argenteus",19,NA,NA,12,0,0,NA,1,0,0,2.52336448598131,3.73867486684408,228.791183489628
2015,10,"106*A",1685,-560,"Lupinus argenteus",22,19,3,14.5,2,0,0,1,0,0,3.0530303030303,4.44792761761183,207.849522421322
2016,10,"106*A",1685,-560,"Lupinus argenteus",16,22,-6,15.5,0,0,0,1,0,0,1.30188679245283,21.762214186341,127.019180944199
2017,10,"106*A",1685,-560,"Lupinus argenteus",0,16,-16,0,0,0,0,1,0,0,1.28571428571429,0,0
2018,10,"106*A",1685,-560,"Lupinus argenteus",6,0,6,3.5,0,0,0,1,0,0,1.12213740458015,34.1916313260485,64.0710277608168
2019,10,"106*A",1685,-560,"Lupinus argenteus",0,6,-6,0,0,0,0,0,0,1,0.5,0,0
2015,1,"1060*A",172,-139,"Ivesia gordonii",0.4,NA,NA,0.4,0,1,1,1,0,0,3.0530303030303,0,0
2016,1,"1060*A",172,-139,"Ivesia gordonii",0.8,0.4,0.4,0.9,0,0,0,1,0,0,1.30188679245283,0,0
2017,1,"1060*A",172,-139,"Ivesia gordonii",1.5,0.8,0.7,1,0,0,0,1,0,0,1.28571428571429,0,68.12110218521
2018,1,"1060*A",172,-139,"Ivesia gordonii",5,1.5,3.5,4,0,0,0,1,0,0,1.12213740458015,24.9096581547316,72.0100474536336
2019,1,"1060*A",172,-139,"Ivesia gordonii",9.5,5,4.5,5,3,0,0,1,0,0,0.5,0.969674705030271,76.8374037506595
2015,1,"1061*A",171,-135,"Ivesia gordonii",0.4,NA,NA,0.3,0,1,1,1,0,0,3.0530303030303,0,0
2016,1,"1061*A",171,-135,"Ivesia gordonii",1.5,0.4,1.1,1.3,0,0,0,1,0,0,1.30188679245283,0,0
2017,1,"1061*A",171,-135,"Ivesia gordonii",4,1.5,2.5,2,0,0,0,1,0,0,1.28571428571429,0,9.579529994795
2018,1,"1061*A",171,-135,"Ivesia gordonii",6,4,2,3.5,1,0,0,1,0,0,1.12213740458015,3.10863650997064,50.0069773983564
2019,1,"1061*A",171,-135,"Ivesia gordonii",9.5,6,3.5,5.5,1,0,0,1,0,0,0.5,0,76.8374037506596
2015,1,"1062*A",180,-120,"Ivesia gordonii",0,NA,NA,0,0,1,1,0,0,1,3.0530303030303,0,0
2015,1,"1063*A",195,-100,"Lupinus argenteus",1.4,NA,NA,2.5,0,1,1,1,0,0,3.0530303030303,99.9999999999993,1.50576879485595
2016,1,"1063*A",195,-100,"Lupinus argenteus",7.5,1.4,6.1,6.9,0,0,0,1,0,0,1.30188679245283,93.6288903608091,15.3110780546508
2017,1,"1063*A",195,-100,"Lupinus argenteus",0,7.5,-7.5,0,0,0,0,1,0,0,1.28571428571429,0,0
2018,1,"1063*A",195,-100,"Lupinus argenteus",8,0,8,4,0,0,0,1,0,0,1.12213740458015,0,0
2019,1,"1063*A",195,-100,"Lupinus argenteus",0,8,-8,0,0,0,0,0,0,1,0.5,0,0
2015,1,"1064*A",195,-105,"Ivesia gordonii",0.5,NA,NA,1.4,0,1,1,1,0,0,3.0530303030303,0,100.000000000001
2016,1,"1064*A",195,-105,"Ivesia gordonii",0.5,0.5,0,0.6,0,0,0,1,0,0,1.30188679245283,100.000000000001,100.000000000001
2017,1,"1064*A",195,-105,"Ivesia gordonii",0,0.5,-0.5,0,0,0,0,0,0,1,1.28571428571429,0,0
2015,1,"1065*A",180.1168754,-60.245199,"Ivesia gordonii",0.5,NA,NA,0.5,0,1,1,1,0,0,3.0530303030303,99.9999999999971,201.238260289922
2015,1,"1065*B",179.9586341,-60.1655883,"Ivesia gordonii",0.5,NA,NA,0.5,0,1,1,1,0,0,3.0530303030303,100.000000000002,202.722841600091
2015,1,"1065*C",179.6048249,-60.8762119,"Ivesia gordonii",0.5,NA,NA,0.5,0,1,1,1,0,0,3.0530303030303,99.9999999999987,141.848976815918
2016,1,"1065*A",180.151938,-60.3187587,"Ivesia gordonii",1,0.5,0.5,1.5,0,0,0,1,0,0,1.30188679245283,99.9999999999993,232.896836040656
2016,1,"1065*B",179.9462243,-60.2152648,"Ivesia gordonii",1,0.5,0.5,1.5,0,0,0,0,1,0,1.30188679245283,100.000000000003,234.074434528633
2016,1,"1065*C",179.4862723,-61.1390755,"Ivesia gordonii",1,0.5,0.5,1.5,0,0,0,0,1,0,1.30188679245283,100.000000000001,191.650412156083
2017,1,"1065*A",180,-60,"Ivesia gordonii",0,1,-1,0,0,0,0,0,0,1,1.28571428571429,0,0
2015,1,"1066*A",180,-50,"Ivesia gordonii",0.5,NA,NA,0.5,0,1,1,1,0,0,3.0530303030303,99.9999999999992,199.999999999998
2016,1,"1066*A",180,-50,"Ivesia gordonii",0.5,0.5,0,0.5,0,0,0,1,0,0,1.30188679245283,7.92611017418113,99.9999999999992
2017,1,"1066*A",180,-50,"Ivesia gordonii",0,0.5,-0.5,0,0,0,0,0,0,1,1.28571428571429,0,0
2015,1,"1067*A",200,-20,"Ivesia gordonii",2,NA,NA,2,0,0,1,1,0,0,3.0530303030303,0,100.000000000001
2016,1,"1067*A",200.0584377,-20.1225995,"Ivesia gordonii",0.5,2,-1.5,0.5,0,0,0,1,0,0,1.30188679245283,0,198.998517136866
2016,1,"1067*B",199.979317,-20.0827942,"Ivesia gordonii",0.5,NA,NA,0.5,0,0,1,0,1,0,1.30188679245283,0,182.911731932577
2017,1,"1067*A",200,-20,"Ivesia gordonii",0,0.5,-0.5,0,0,0,0,0,0,1,1.28571428571429,0,0
2015,1,"1068*A",199,-45,"Ivesia gordonii",0.5,NA,NA,0.7,0,1,1,1,0,0,3.0530303030303,100.000000000001,207.286936490524
2016,1,"1068*A",199,-45,"Ivesia gordonii",0,0.5,-0.5,0,0,0,0,0,0,1,1.30188679245283,0,0
2015,1,"1069*A",196,-54,"Ivesia gordonii",0.5,NA,NA,0.4,0,1,1,1,0,0,3.0530303030303,99.9999999999992,199.999999999998
2016,1,"1069*A",196,-54,"Ivesia gordonii",1.9,0.5,1.4,1,0,0,0,1,0,0,1.30188679245283,120.640400773506,200
2017,1,"1069*A",196,-54,"Ivesia gordonii",1.5,1.9,-0.4,1,0,0,0,1,0,0,1.28571428571429,0,0
2018,1,"1069*A",196,-54,"Ivesia gordonii",2,1.5,0.5,2.5,0,0,0,1,0,0,1.12213740458015,0,0
2019,1,"1069*A",196,-54,"Ivesia gordonii",5.5,2,3.5,3.5,0,0,0,1,0,0,0.5,0,0
2014,10,"107*A",1680,-565,"Lupinus argenteus",16,NA,NA,10,1,0,NA,1,0,0,2.52336448598131,0,245.066983376289
2015,10,"107*A",1680,-565,"Lupinus argenteus",15.5,16,-0.5,11,0,0,0,1,0,0,3.0530303030303,0,255.705265636597
2016,10,"107*A",1680,-565,"Lupinus argenteus",10,15.5,-5.5,6.3,0,0,0,1,0,0,1.30188679245283,29.7973383236203,162.065298243246
2017,10,"107*A",1680,-565,"Lupinus argenteus",0,10,-10,0,0,0,0,0,0,1,1.28571428571429,0,0
2015,1,"1070*A",200,-45,"Ivesia gordonii",0.5,NA,NA,0.5,0,1,1,1,0,0,3.0530303030303,99.9999999999997,214.573033194289
2016,1,"1070*A",200,-45,"Ivesia gordonii",0,0.5,-0.5,0,0,0,0,0,0,1,1.30188679245283,0,0
2014,1,"1071*A",197,-13,"Senecio crassulus",6,NA,NA,5.5,0,0,NA,1,0,0,2.52336448598131,37.108666146162,0
2015,1,"1071*A",197,-13,"Senecio crassulus",6,6,0,5.5,0,0,0,1,0,0,3.0530303030303,93.9652210341958,0
2016,1,"1071*A",197,-13,"Senecio crassulus",6.9,6,0.9,5.6,0,0,0,1,0,0,1.30188679245283,55.4935620007909,0
2017,1,"1071*A",197,-13,"Senecio crassulus",6.5,6.9,-0.4,7,0,0,0,1,0,0,1.28571428571429,0,0
2018,1,"1071*A",197,-13,"Senecio crassulus",2.8,6.5,-3.7,2,0,0,0,1,0,0,1.12213740458015,0,0
2019,1,"1071*A",197,-13,"Senecio crassulus",5.5,2.8,2.7,6,0,0,0,1,0,0,0.5,0,0
2015,5,"1072*A",1625,-75,"Lupinus argenteus",21,NA,NA,8,0,0,1,1,0,0,3.0530303030303,29.6390622387064,0
2016,5,"1072*A",1625,-75,"Lupinus argenteus",6,21,-15,4.4,0,0,0,1,0,0,1.30188679245283,0,0
2017,5,"1072*A",1625,-75,"Lupinus argenteus",4.9,6,-1.1,2.5,0,0,0,1,0,0,1.28571428571429,99.9999999999982,0
2018,5,"1072*A",1625,-75,"Lupinus argenteus",0,4.9,-4.9,0,0,0,0,0,0,1,1.12213740458015,0,0
2015,5,"1073*A",1650,-120,"Lupinus argenteus",7,NA,NA,5,0,0,1,1,0,0,3.0530303030303,90.201638014062,77.3683702352304
2016,5,"1073*A",1650,-120,"Lupinus argenteus",8.9,7,1.9,5.6,0,0,0,1,0,0,1.30188679245283,82.1997467039279,0
2017,5,"1073*A",1650,-120,"Lupinus argenteus",0,8.9,-8.9,0,0,0,0,0,0,1,1.28571428571429,0,0
2015,5,"1074*A",1650,-115,"Lupinus argenteus",9,NA,NA,6,0,0,1,1,0,0,3.0530303030303,66.3915203800177,51.150769153435
2016,5,"1074*A",1650,-115,"Lupinus argenteus",0,9,-9,0,0,0,0,0,0,1,1.30188679245283,0,0
2015,5,"1075*A",1635,-45,"Lupinus argenteus",0,NA,NA,0,0,1,1,0,0,1,3.0530303030303,0,0
2015,5,"1076*A",1642,-50,"Lupinus argenteus",6.5,NA,NA,3.5,0,0,1,1,0,0,3.0530303030303,0,0
2016,5,"1076*A",1642,-50,"Lupinus argenteus",0,6.5,-6.5,0,0,0,0,0,0,1,1.30188679245283,0,0
2015,5,"1077*A",1667,-65,"Lupinus argenteus",6,NA,NA,4,0,0,1,1,0,0,3.0530303030303,0,108.896029711058
2016,5,"1077*A",1667,-65,"Lupinus argenteus",0,6,-6,0,0,0,0,0,0,1,1.30188679245283,0,0
2015,5,"1078*A",1667,-60,"Lupinus argenteus",9.5,NA,NA,4,0,0,1,1,0,0,3.0530303030303,0,81.4614915901932
2016,5,"1078*A",1667,-60,"Lupinus argenteus",0,9.5,-9.5,0,0,0,0,0,0,1,1.30188679245283,0,0
2015,5,"1079*A",1673,-55,"Lupinus argenteus",9,NA,NA,3.5,0,0,1,1,0,0,3.0530303030303,0,59.2514775468143
2016,5,"1079*A",1673,-55,"Lupinus argenteus",7.4,9,-1.6,4.3,0,0,0,1,0,0,1.30188679245283,0,0
2017,5,"1079*A",1673,-55,"Lupinus argenteus",3.5,7.4,-3.9,3,0,0,0,1,0,0,1.28571428571429,100.000000000002,5.12977733092466
2018,5,"1079*A",1673,-55,"Lupinus argenteus",0,3.5,-3.5,0,0,0,0,0,0,1,1.12213740458015,0,0
2014,10,"108*A",1701,-548,"Elymus lanceolatus",11,NA,NA,16,1,0,NA,1,0,0,2.52336448598131,149.801493899323,0
2015,10,"108*A",1701,-548,"Elymus lanceolatus",10,11,-1,17.5,0,0,0,1,0,0,3.0530303030303,177.651846989852,0
2016,10,"108*A",1701,-548,"Elymus lanceolatus",20,10,10,32,17,0,0,1,0,0,1.30188679245283,121.38797555759,0
2017,10,"108*A",1701,-548,"Elymus lanceolatus",36,20,16,20,2,0,0,1,0,0,1.28571428571429,12.4024452940003,0
2018,10,"108*A",1701,-548,"Elymus lanceolatus",25,36,-11,23,27,0,0,1,0,0,1.12213740458015,14.9526260412648,0
2019,10,"108*A",1701,-548,"Elymus lanceolatus",30,25,5,18,0,0,0,1,0,0,0.5,23.0152541679557,1.18776641742101
2015,5,"1080*A",1680,-7,"Lupinus argenteus",4.5,NA,NA,4,0,0,1,1,0,0,3.0530303030303,0,0.69494072716792
2016,5,"1080*A",1680,-7,"Lupinus argenteus",11,4.5,6.5,9,0,0,0,1,0,0,1.30188679245283,0,38.719547147743
2017,5,"1080*A",1680,-7,"Lupinus argenteus",4.5,11,-6.5,2,0,0,0,1,0,0,1.28571428571429,100,99.4102540224627
2018,5,"1080*A",1680,-7,"Lupinus argenteus",0,4.5,-4.5,0,0,0,0,0,0,1,1.12213740458015,0,0
2015,5,"1081*A",1645,-19,"Lupinus argenteus",6,NA,NA,5.5,0,0,1,1,0,0,3.0530303030303,0,11.8431371993507
2016,5,"1081*A",1645,-19,"Lupinus argenteus",11.2,6,5.2,10,0,0,0,1,0,0,1.30188679245283,0,8.13306863455515
2017,5,"1081*A",1645,-19,"Lupinus argenteus",0,11.2,-11.2,0,0,0,0,0,0,1,1.28571428571429,0,0
2015,6,"1082*A",178,-592,"Ivesia gordonii",0.3,NA,NA,0.5,0,1,1,1,0,0,3.0530303030303,0,100.000000000001
2016,6,"1082*A",178,-592,"Ivesia gordonii",0,0.3,-0.3,0,0,0,0,0,0,1,1.30188679245283,0,0
2015,6,"1083*A",170,-588,"Ivesia gordonii",0.4,NA,NA,0.5,0,1,1,1,0,0,3.0530303030303,0,0
2016,6,"1083*A",170,-588,"Ivesia gordonii",2,0.4,1.6,3,0,0,0,1,0,0,1.30188679245283,77.3511132158373,42.0203202055268
2017,6,"1083*A",170,-588,"Ivesia gordonii",0,2,-2,0,0,0,0,0,0,1,1.28571428571429,0,0
2015,6,"1084*A",170,-586,"Ivesia gordonii",0.5,NA,NA,0.5,0,1,1,1,0,0,3.0530303030303,74.0094480085326,0
2016,6,"1084*A",170,-586,"Ivesia gordonii",1,0.5,0.5,1,0,0,0,1,0,0,1.30188679245283,100.000000000002,112.96493792027
2017,6,"1084*A",170,-586,"Ivesia gordonii",0,1,-1,0,0,0,0,0,0,1,1.28571428571429,0,0
2015,6,"1085*A",170,-582,"Ivesia gordonii",0.5,NA,NA,0.4,0,1,1,1,0,0,3.0530303030303,100.000000000007,0
2016,6,"1085*A",170,-582,"Ivesia gordonii",1.5,0.5,1,2.5,0,0,0,1,0,0,1.30188679245283,99.9999999999996,92.9093931957534
2017,6,"1085*A",170,-582,"Ivesia gordonii",0,1.5,-1.5,0,0,0,0,0,0,1,1.28571428571429,0,0
2015,6,"1086*A",182,-592,"Ivesia gordonii",0.8,NA,NA,0.5,0,1,1,1,0,0,3.0530303030303,0,139.062499999999
2016,6,"1086*A",182,-592,"Ivesia gordonii",1,0.8,0.2,2,0,0,0,1,0,0,1.30188679245283,0,200
2017,6,"1086*A",182,-592,"Ivesia gordonii",3,1,2,2.5,0,0,0,1,0,0,1.28571428571429,0,0
2018,6,"1086*A",182,-592,"Ivesia gordonii",7,3,4,5,2,0,0,1,0,0,1.12213740458015,0,0
2019,6,"1086*A",182,-592,"Ivesia gordonii",13,7,6,6.5,5,0,0,1,0,0,0.5,37.2505542782552,16.2963935487635
2015,6,"1087*A",182,-592,"Ivesia gordonii",0.5,NA,NA,0.4,0,1,1,1,0,0,3.0530303030303,0,200.000000000008
2016,6,"1087*A",182,-592,"Ivesia gordonii",1,0.5,0.5,2,0,0,0,1,0,0,1.30188679245283,0,200
2017,6,"1087*A",182,-592,"Ivesia gordonii",0,1,-1,0,0,0,0,0,0,1,1.28571428571429,0,0
2015,6,"1088*A",184,-596.5,"Ivesia gordonii",0.3,NA,NA,0.3,0,1,1,1,0,0,3.0530303030303,0,100.000000000001
2016,6,"1088*A",184,-596.5,"Ivesia gordonii",0,0.3,-0.3,0,0,0,0,0,0,1,1.30188679245283,0,0
2015,6,"1089*A",112,-560,"Ivesia gordonii",0.5,NA,NA,0.5,0,1,1,1,0,0,3.0530303030303,100.000000000002,0
2016,6,"1089*A",112,-560,"Ivesia gordonii",2,0.5,1.5,2.5,0,0,0,1,0,0,1.30188679245283,99.9999999999999,0
2017,6,"1089*A",112,-560,"Ivesia gordonii",6,2,4,3,1,0,0,1,0,0,1.28571428571429,125.393717059363,0
2018,6,"1089*A",112,-560,"Ivesia gordonii",5,6,-1,3.5,0,0,0,1,0,0,1.12213740458015,100.008930173656,0
2019,6,"1089*A",112,-560,"Ivesia gordonii",8,5,3,5.5,3,0,0,1,0,0,0.5,136.984962897514,0.390625
2014,10,"109*A",1690,-540,"Lupinus argenteus",11,NA,NA,8,2,0,NA,1,0,0,2.52336448598131,6.04394415109415,152.756818747084
2015,10,"109*A",1690,-540,"Lupinus argenteus",8.5,11,-2.5,4.5,0,0,0,1,0,0,3.0530303030303,0.420111015819364,225.605919609534
2016,10,"109*A",1690,-540,"Lupinus argenteus",5.5,8.5,-3,6,0,0,0,1,0,0,1.30188679245283,17.8417433686172,132.185345655378
2017,10,"109*A",1690,-540,"Lupinus argenteus",0,5.5,-5.5,0,0,0,0,0,0,1,1.28571428571429,0,0
2014,7,"1090*A",447,-450,"Ivesia gordonii",1.8,NA,NA,1,0,0,NA,1,0,0,2.52336448598131,0,0
2015,7,"1090*A",447,-450,"Ivesia gordonii",1.8,1.8,0,1,0,0,0,1,0,0,3.0530303030303,0,0
2016,7,"1090*A",447,-450,"Ivesia gordonii",2.5,1.8,0.7,3,0,0,0,1,0,0,1.30188679245283,0,0
2017,7,"1090*A",447,-450,"Ivesia gordonii",2,2.5,-0.5,1.5,0,0,0,1,0,0,1.28571428571429,0,0
2018,7,"1090*A",447,-450,"Ivesia gordonii",0,2,-2,0,0,0,0,0,0,1,1.12213740458015,0,0
2015,8,"1091*A",892,-405,"Lupinus argenteus",6.5,NA,NA,4,0,0,1,1,0,0,3.0530303030303,0,89.1444573996616
2016,8,"1091*A",892,-405,"Lupinus argenteus",1.5,6.5,-5,1.5,0,0,0,1,0,0,1.30188679245283,0,0
2017,8,"1091*A",892,-405,"Lupinus argenteus",2,1.5,0.5,1.5,0,0,0,1,0,0,1.28571428571429,0,0
2018,8,"1091*A",892,-405,"Lupinus argenteus",0,2,-2,0,0,0,0,0,0,1,1.12213740458015,0,0
2015,8,"1092*A",980,-462,"Senecio crassulus",1,NA,NA,1.5,0,1,1,1,0,0,3.0530303030303,0,0
2016,8,"1092*A",980,-462,"Senecio crassulus",0,1,-1,0,0,0,0,0,0,1,1.30188679245283,0,0
2015,9,"1093*A",1240,-588,"Ivesia gordonii",2,NA,NA,1.5,0,1,1,1,0,0,3.0530303030303,0,0
2016,9,"1093*A",1240,-588,"Ivesia gordonii",2.5,2,0.5,2.5,0,0,0,1,0,0,1.30188679245283,0,0
2017,9,"1093*A",1240,-588,"Ivesia gordonii",4,2.5,1.5,4,0,0,0,1,0,0,1.28571428571429,0,0
2018,9,"1093*A",1240,-588,"Ivesia gordonii",8,4,4,4,0,0,0,1,0,0,1.12213740458015,0,0
2019,9,"1093*A",1240,-588,"Ivesia gordonii",9,8,1,6,0,0,0,1,0,0,0.5,0,0
2015,9,"1094*A",1392,-532,"Lupinus argenteus",2,NA,NA,1.5,0,1,1,1,0,0,3.0530303030303,100,0
2016,9,"1094*A",1392,-532,"Lupinus argenteus",4,2,2,3.5,0,0,0,1,0,0,1.30188679245283,100.000000000003,0
2017,9,"1094*A",1392,-532,"Lupinus argenteus",3,4,-1,3,0,0,0,1,0,0,1.28571428571429,100,0
2018,9,"1094*A",1392,-532,"Lupinus argenteus",7,3,4,5.5,0,0,0,1,0,0,1.12213740458015,87.8345037069786,0
2019,9,"1094*A",1392,-532,"Lupinus argenteus",12.5,7,5.5,8,0,0,0,1,0,0,0.5,117.48033836587,0
2015,10,"1095*A",1608,-600,"Lupinus argenteus",0,NA,NA,0,0,1,1,1,0,0,3.0530303030303,0,0
2016,10,"1095*A",1608,-600,"Lupinus argenteus",9,0,9,6,0,0,0,1,0,0,1.30188679245283,0,0
2017,10,"1095*A",1608,-600,"Lupinus argenteus",0,9,-9,0,0,0,0,0,0,1,1.28571428571429,0,0
2015,10,"1096*A",1613,-587,"Lupinus argenteus",5,NA,NA,3.5,0,0,1,1,0,0,3.0530303030303,0,0
2016,10,"1096*A",1613,-587,"Lupinus argenteus",4,5,-1,3.5,0,0,0,1,0,0,1.30188679245283,0,0
2017,10,"1096*A",1613,-587,"Lupinus argenteus",0,4,-4,0,0,0,0,0,0,1,1.28571428571429,0,0
2015,10,"1097*A",1625,-577,"Lupinus argenteus",8.5,NA,NA,6.5,0,0,1,1,0,0,3.0530303030303,0,91.6164884459868
2016,10,"1097*A",1625,-577,"Lupinus argenteus",0,8.5,-8.5,0,0,0,0,0,0,1,1.30188679245283,0,0
2015,10,"1098*A",1622,-567,"Lupinus argenteus",5,NA,NA,4.5,0,0,1,1,0,0,3.0530303030303,0,110.315507671294
2016,10,"1098*A",1622,-567,"Lupinus argenteus",0,5,-5,0,0,0,0,0,0,1,1.30188679245283,0,0
2015,10,"1099*A",1616,-558,"Lupinus argenteus",2.5,NA,NA,4,0,1,1,1,0,0,3.0530303030303,0,0
2016,10,"1099*A",1616,-558,"Lupinus argenteus",1.5,2.5,-1,2,0,0,0,1,0,0,1.30188679245283,0,0
2017,10,"1099*A",1616,-558,"Lupinus argenteus",0,1.5,-1.5,0,0,0,0,0,0,1,1.28571428571429,0,0
2014,1,"11*A",195,-107,"Ivesia gordonii",7,NA,NA,3,1,0,NA,1,0,0,2.52336448598131,25.1053095464502,26.1176474582271
2015,1,"11*A",195,-107,"Ivesia gordonii",8.5,7,1.5,4,0,0,0,1,0,0,3.0530303030303,7.38551593247816,11.3248713855899
2016,1,"11*A",195,-107,"Ivesia gordonii",10.3,8.5,1.8,6,1,0,0,1,0,0,1.30188679245283,41.2078473095249,41.748831033856
2017,1,"11*A",195,-107,"Ivesia gordonii",0,10.3,-10.3,0,0,0,0,0,0,1,1.28571428571429,0,0
2014,10,"110*A",1700,-590,"Lupinus argenteus",13,NA,NA,9,2,0,NA,1,0,0,2.52336448598131,0,0
2015,10,"110*A",1700,-590,"Lupinus argenteus",9.5,13,-3.5,5,0,0,0,1,0,0,3.0530303030303,0,0
2016,10,"110*A",1700,-590,"Lupinus argenteus",13.7,9.5,4.2,8.2,1,0,0,1,0,0,1.30188679245283,0,5.77687111436871
2017,10,"110*A",1700,-590,"Lupinus argenteus",5,13.7,-8.7,1,0,0,0,1,0,0,1.28571428571429,0,21.0716088830795
2018,10,"110*A",1700,-590,"Lupinus argenteus",0,5,-5,0,0,0,0,0,0,1,1.12213740458015,0,0
2015,10,"1100*A",1633,-534,"Lupinus argenteus",9,NA,NA,5.5,0,0,1,1,0,0,3.0530303030303,0,54.9480913695149
2016,10,"1100*A",1633,-534,"Lupinus argenteus",8,9,-1,3.5,0,0,0,1,0,0,1.30188679245283,0.981031653571937,54.874680002131
2017,10,"1100*A",1633,-534,"Lupinus argenteus",0,8,-8,0,0,0,0,0,0,1,1.28571428571429,0,0
2015,10,"1101*A",1616,-534,"Lupinus argenteus",3,NA,NA,2.5,0,1,1,1,0,0,3.0530303030303,0,0
2016,10,"1101*A",1616,-534,"Lupinus argenteus",0,3,-3,0,0,0,0,0,0,1,1.30188679245283,0,0
2015,10,"1102*A",1666,-548,"Chaenactis douglasii",1,NA,NA,1,0,1,1,1,0,0,3.0530303030303,223.273502543998,0
2016,10,"1102*A",1666,-548,"Chaenactis douglasii",7,1,6,3.9,0,0,0,1,0,0,1.30188679245283,191.24663696869,0
2017,10,"1102*A",1666,-548,"Chaenactis douglasii",0,7,-7,0,0,0,0,0,0,1,1.28571428571429,0,0
2015,10,"1103*A",1757,-585,"Lupinus argenteus",2,NA,NA,2,0,1,1,1,0,0,3.0530303030303,0,0
2016,10,"1103*A",1757,-585,"Lupinus argenteus",1.7,2,-0.3,1.7,0,0,0,1,0,0,1.30188679245283,0,0
2017,10,"1103*A",1757,-585,"Lupinus argenteus",0,1.7,-1.7,0,0,0,0,0,0,1,1.28571428571429,0,0
2015,10,"1104*A",1788,-557,"Lupinus argenteus",1.5,NA,NA,2.5,0,1,1,1,0,0,3.0530303030303,0,0
2016,10,"1104*A",1788,-557,"Lupinus argenteus",0,1.5,-1.5,0,0,0,0,0,0,1,1.30188679245283,0,0
2015,10,"1105*A",1750,-519,"Lupinus argenteus",2.5,NA,NA,2,0,1,1,1,0,0,3.0530303030303,0,0
2016,10,"1105*A",1750,-519,"Lupinus argenteus",1.7,2.5,-0.8,2.3,0,0,0,1,0,0,1.30188679245283,0,0
2017,10,"1105*A",1750,-519,"Lupinus argenteus",0,1.7,-1.7,0,0,0,0,0,0,1,1.28571428571429,0,0
2015,10,"1106*A",1705,-517,"Lupinus argenteus",10,NA,NA,5.5,0,0,1,1,0,0,3.0530303030303,12.4141365380307,0
2016,10,"1106*A",1705,-517,"Lupinus argenteus",11.8,10,1.8,6,0,0,0,1,0,0,1.30188679245283,28.4584489508142,0
2017,10,"1106*A",1705,-517,"Lupinus argenteus",5.5,11.8,-6.3,3,0,0,0,1,0,0,1.28571428571429,26.2820077125837,0
2018,10,"1106*A",1705,-517,"Lupinus argenteus",6,5.5,0.5,5.5,0,0,0,1,0,0,1.12213740458015,25.9888957171741,0
2019,10,"1106*A",1705,-517,"Lupinus argenteus",0,6,-6,0,0,0,0,0,0,1,0.5,0,0
2015,10,"1107*A",1740,-478,"Lupinus argenteus",2,NA,NA,1.5,0,1,1,1,0,0,3.0530303030303,0,0
2016,10,"1107*A",1740,-478,"Lupinus argenteus",1.7,2,-0.3,1.3,0,0,0,1,0,0,1.30188679245283,0,0
2017,10,"1107*A",1740,-478,"Lupinus argenteus",0,1.7,-1.7,0,0,0,0,0,0,1,1.28571428571429,0,0
2015,10,"1108*A",1685,-505,"Lupinus argenteus",10,NA,NA,5,0,0,1,1,0,0,3.0530303030303,31.8232100809565,11.7208836416045
2016,10,"1108*A",1685,-505,"Lupinus argenteus",10.7,10,0.7,6.8,0,0,0,1,0,0,1.30188679245283,63.3285608155795,12.5008327217544
2017,10,"1108*A",1685,-505,"Lupinus argenteus",7,10.7,-3.7,6,0,0,0,1,0,0,1.28571428571429,104.933483089449,8.02788226805071
2018,10,"1108*A",1685,-505,"Lupinus argenteus",0,7,-7,0,0,0,0,1,0,0,1.12213740458015,0,0
2019,10,"1108*A",1685,-505,"Lupinus argenteus",4,0,4,4,0,0,0,1,0,0,0.5,180.946240911965,0
2015,10,"1109*A",1642,-512,"Lupinus argenteus",7.5,NA,NA,4.5,0,0,1,1,0,0,3.0530303030303,0,0.630464417391023
2016,10,"1109*A",1642,-512,"Lupinus argenteus",0,7.5,-7.5,0,0,0,0,0,0,1,1.30188679245283,0,0
2014,10,"111*A",1740,-535,"Ivesia gordonii",12,NA,NA,6,6,0,NA,1,0,0,2.52336448598131,0,0
2015,10,"111*A",1740,-535,"Ivesia gordonii",12.5,12,0.5,5.5,1,0,0,1,0,0,3.0530303030303,0,0
2016,10,"111*A",1740,-535,"Ivesia gordonii",12.4,12.5,-0.1,6.2,5,0,0,1,0,0,1.30188679245283,0,0
2017,10,"111*A",1740,-535,"Ivesia gordonii",17,12.4,4.6,7,26,0,0,1,0,0,1.28571428571429,0,0
2018,10,"111*A",1740,-535,"Ivesia gordonii",0,17,-17,0,0,0,0,0,0,1,1.12213740458015,0,0
2015,10,"1110*A",1622,-468,"Lupinus argenteus",13,NA,NA,7,0,0,1,1,0,0,3.0530303030303,0,38.9486319474716
2016,10,"1110*A",1622,-468,"Lupinus argenteus",0,13,-13,0,0,0,0,0,0,1,1.30188679245283,0,0
2015,10,"1111*A",1605,-462,"Lupinus argenteus",8.5,NA,NA,6.5,0,0,1,1,0,0,3.0530303030303,0,47.377755390058
2016,10,"1111*A",1605,-462,"Lupinus argenteus",7,8.5,-1.5,8,0,0,0,1,0,0,1.30188679245283,0,13.2143050236731
2017,10,"1111*A",1605,-462,"Lupinus argenteus",0,7,-7,0,0,0,0,0,0,1,1.28571428571429,0,0
2015,10,"1112*A",1614,-454,"Lupinus argenteus",10,NA,NA,4.5,0,0,1,1,0,0,3.0530303030303,0,45.0785261190143
2016,10,"1112*A",1614,-454,"Lupinus argenteus",8,10,-2,4,0,0,0,1,0,0,1.30188679245283,0,9.21396557992786
2017,10,"1112*A",1614,-454,"Lupinus argenteus",0,8,-8,0,0,0,0,0,0,1,1.28571428571429,0,0
2015,10,"1113*A",1648,-430,"Lupinus argenteus",2.5,NA,NA,3,0,1,1,1,0,0,3.0530303030303,0,0
2016,10,"1113*A",1648,-430,"Lupinus argenteus",1,2.5,-1.5,1.5,0,0,0,1,0,0,1.30188679245283,0,0
2017,10,"1113*A",1648,-430,"Lupinus argenteus",0,1,-1,0,0,0,0,0,0,1,1.28571428571429,0,0
2015,10,"1114*A",1705,-467,"Lupinus argenteus",2,NA,NA,3,0,1,1,1,0,0,3.0530303030303,0,0
2016,10,"1114*A",1705,-467,"Lupinus argenteus",2.7,2,0.7,3.7,0,0,0,1,0,0,1.30188679245283,0,0
2017,10,"1114*A",1705,-467,"Lupinus argenteus",0,2.7,-2.7,0,0,0,0,0,0,1,1.28571428571429,0,0
2015,10,"1115*A",1743,-410,"Lupinus argenteus",2.5,NA,NA,3,0,1,1,1,0,0,3.0530303030303,0,0
2016,10,"1115*A",1743,-410,"Lupinus argenteus",2.5,2.5,0,2,0,0,0,1,0,0,1.30188679245283,0,0
2017,10,"1115*A",1743,-410,"Lupinus argenteus",3,2.5,0.5,3,0,0,0,1,0,0,1.28571428571429,0,0
2018,10,"1115*A",1743,-410,"Lupinus argenteus",2.5,3,-0.5,2,0,0,0,1,0,0,1.12213740458015,0,0
2019,10,"1115*A",1743,-410,"Lupinus argenteus",0,2.5,-2.5,0,0,0,0,0,0,1,0.5,0,0
2015,11,"1116*A",111,-949,"Lupinus argenteus",6.5,NA,NA,3.5,0,0,1,1,0,0,3.0530303030303,100,27.1412763756031
2016,11,"1116*A",111,-949,"Lupinus argenteus",4.5,6.5,-2,3.5,2,0,0,1,0,0,1.30188679245283,100,94.6550802811862
2017,11,"1116*A",111,-949,"Lupinus argenteus",5.5,4.5,1,3,0,0,0,1,0,0,1.28571428571429,99.9999999999999,66.1227704937106
2018,11,"1116*A",111,-949,"Lupinus argenteus",14.5,5.5,9,8.5,0,0,0,1,0,0,1.12213740458015,97.517712944271,66.1065659982165
2019,11,"1116*A",111,-949,"Lupinus argenteus",0,14.5,-14.5,0,0,0,0,0,0,1,0.5,0,0
2015,11,"1117*A",101,-942,"Lupinus argenteus",9,NA,NA,5,0,0,1,1,0,0,3.0530303030303,100,43.1551712408004
2016,11,"1117*A",101,-942,"Lupinus argenteus",8.4,9,-0.6,7,0,0,0,1,0,0,1.30188679245283,99.9999999999999,107.57762377708
2017,11,"1117*A",101,-942,"Lupinus argenteus",8,8.4,-0.4,2.5,0,0,0,1,0,0,1.28571428571429,99.9999999999999,109.768067734852
2018,11,"1117*A",101,-942,"Lupinus argenteus",12,8,4,5.5,0,0,0,1,0,0,1.12213740458015,100,102.893263681151
2019,11,"1117*A",101,-942,"Lupinus argenteus",0,12,-12,0,0,0,0,0,0,1,0.5,0,0
2015,12,"1118*A",545,-935,"Agoseris glauca",1,NA,NA,2.5,0,1,1,1,0,0,3.0530303030303,0,0
2016,12,"1118*A",545,-935,"Agoseris glauca",1,1,0,2.5,0,0,0,1,0,0,1.30188679245283,0,0
2017,12,"1118*A",545,-935,"Agoseris glauca",2.5,1,1.5,5,0,0,0,1,0,0,1.28571428571429,0,0
2018,12,"1118*A",545,-935,"Agoseris glauca",0,2.5,-2.5,0,0,0,0,0,0,1,1.12213740458015,0,0
2014,12,"1119*A",541,-911,"Eriogonum umbellatum",2,NA,NA,1.5,0,0,NA,1,0,0,2.52336448598131,99.9999999999982,0
2015,12,"1119*A",541,-911,"Eriogonum umbellatum",2,2,0,1.5,0,0,0,1,0,0,3.0530303030303,99.9999999999982,0
2016,12,"1119*A",541,-911,"Eriogonum umbellatum",1.9,2,-0.1,1.5,0,0,0,1,0,0,1.30188679245283,100.000000000001,0
2017,12,"1119*A",541,-911,"Eriogonum umbellatum",2.5,1.9,0.6,2.5,0,0,0,1,0,0,1.28571428571429,100.000000000001,0
2018,12,"1119*A",541,-911,"Eriogonum umbellatum",1.7,2.5,-0.8,1.9,0,0,0,1,0,0,1.12213740458015,100.000000000001,0
2019,12,"1119*A",541,-911,"Eriogonum umbellatum",2,1.7,0.3,2,0,0,0,1,0,0,0.5,99.9999999999982,0
2014,10,"112*A",1719,-511,"Ivesia gordonii",3,NA,NA,2,0,0,NA,1,0,0,2.52336448598131,0,43.0508588142521
2015,10,"112*A",1719,-511,"Ivesia gordonii",4.5,3,1.5,4,0,0,0,1,0,0,3.0530303030303,0.247809132579365,78.1747882935594
2016,10,"112*A",1719,-511,"Ivesia gordonii",5.7,4.5,1.2,4,1,0,0,1,0,0,1.30188679245283,16.3663842674716,38.8951547268189
2017,10,"112*A",1719,-511,"Ivesia gordonii",7.5,5.7,1.8,4,4,0,0,1,0,0,1.28571428571429,16.6748170734022,64.6926964192809
2018,10,"112*A",1719,-511,"Ivesia gordonii",9.5,7.5,2,3.5,2,0,0,1,0,0,1.12213740458015,19.0387028306791,0
2019,10,"112*A",1719,-511,"Ivesia gordonii",13,9.5,3.5,7,4,0,0,1,0,0,0.5,46.7575852860414,11.7491815058566
2015,13,"1120*A",810,-972,"Eriogonum umbellatum",3.5,NA,NA,2,0,0,1,1,0,0,3.0530303030303,133.096864567402,5.32399125939543
2016,13,"1120*A",810,-972,"Eriogonum umbellatum",4,3.5,0.5,1.9,0,0,0,1,0,0,1.30188679245283,193.128188656898,13.6183559510776
2017,13,"1120*A",810,-972,"Eriogonum umbellatum",4.5,4,0.5,2.5,0,0,0,1,0,0,1.28571428571429,247.788445371539,40.3166510929226
2018,13,"1120*A",810,-972,"Eriogonum umbellatum",5.5,4.5,1,2.3,0,0,0,1,0,0,1.12213740458015,220.102930674852,94.9558687861893
2019,13,"1120*A",810,-972,"Eriogonum umbellatum",6,5.5,0.5,3,0,0,0,1,0,0,0.5,230.323579159074,178.202862498901
2015,13,"1121*A",803,-970,"Eriogonum umbellatum",1,NA,NA,1.4,0,1,1,1,0,0,3.0530303030303,160.860185285697,55.0529305069411
2016,13,"1121*A",803,-970,"Eriogonum umbellatum",1.8,1,0.8,1,0,0,0,1,0,0,1.30188679245283,199.999999999998,71.779362086795
2017,13,"1121*A",803,-970,"Eriogonum umbellatum",2.5,1.8,0.7,2,0,0,0,1,0,0,1.28571428571429,239.004905620206,86.8486744101386
2018,13,"1121*A",803,-970,"Eriogonum umbellatum",1.6,2.5,-0.9,1.2,0,0,0,1,0,0,1.12213740458015,246.848472449619,100
2019,13,"1121*A",803,-970,"Eriogonum umbellatum",2,1.6,0.4,1.5,0,0,0,1,0,0,0.5,199.999999999997,177.750977819861
2014,13,"1122*A",836,-986,"Eriogonum umbellatum",3.5,NA,NA,2,0,0,NA,1,0,0,2.52336448598131,100,0
2015,13,"1122*A",836,-986,"Eriogonum umbellatum",3.5,3.5,0,2,0,0,0,1,0,0,3.0530303030303,100,0
2016,13,"1122*A",836,-986,"Eriogonum umbellatum",5,3.5,1.5,3.8,0,0,0,1,0,0,1.30188679245283,99.9999999999991,8.32030766536962
2017,13,"1122*A",836,-986,"Eriogonum umbellatum",10,5,5,3,1,0,0,1,0,0,1.28571428571429,105.807933792915,59.3361557972603
2018,13,"1122*A",836,-986,"Eriogonum umbellatum",13,10,3,3,3,0,0,1,0,0,1.12213740458015,104.445800413638,83.0484038454927
2019,13,"1122*A",836,-986,"Eriogonum umbellatum",16.5,13,3.5,3.5,1,0,0,1,0,0,0.5,116.462304697776,104.089583409318
2015,14,"1123*A",1201,-987,"Lupinus argenteus",2.5,NA,NA,2,0,1,1,1,0,0,3.0530303030303,0,0
2016,14,"1123*A",1201,-987,"Lupinus argenteus",0,2.5,-2.5,0,0,0,0,0,0,1,1.30188679245283,0,0
2015,14,"1124*A",1264,-984,"Eriogonum umbellatum",1.5,NA,NA,1,0,1,1,1,0,0,3.0530303030303,109.530798807812,200.000000000002
2016,14,"1124*A",1264,-984,"Eriogonum umbellatum",1.8,1.5,0.3,1.7,0,0,0,1,0,0,1.30188679245283,132.582477730014,200
2017,14,"1124*A",1264,-984,"Eriogonum umbellatum",2.7,1.8,0.9,2,0,0,0,1,0,0,1.28571428571429,84.6549960240865,199.999999999999
2018,14,"1124*A",1264,-984,"Eriogonum umbellatum",5,2.7,2.3,1.5,0,0,0,1,0,0,1.12213740458015,0,195.058734836141
2019,14,"1124*A",1264,-984,"Eriogonum umbellatum",12.5,5,7.5,2.5,0,0,0,1,0,0,0.5,0,191.889830241161
2015,14,"1125*A",1260,-918,"Ivesia gordonii",1,NA,NA,1.5,0,1,1,1,0,0,3.0530303030303,300,0
2016,14,"1125*A",1260,-918,"Ivesia gordonii",1.9,1,0.9,1.9,0,0,0,1,0,0,1.30188679245283,300.000000000003,0
2017,14,"1125*A",1260,-918,"Ivesia gordonii",1.5,1.9,-0.4,1.5,0,0,0,1,0,0,1.28571428571429,299.999999999994,0
2018,14,"1125*A",1260,-918,"Ivesia gordonii",2,1.5,0.5,1.5,0,0,0,1,0,0,1.12213740458015,199.999999999995,0
2019,14,"1125*A",1260,-918,"Ivesia gordonii",2.5,2,0.5,4,0,0,0,1,0,0,0.5,199.999999999991,0
2015,14,"1126*A",1387,-952,"Heterotheca villosa",1,NA,NA,1,0,1,1,1,0,0,3.0530303030303,100.000000000007,0
2016,14,"1126*A",1387,-952,"Heterotheca villosa",2.7,1,1.7,2.5,0,0,0,1,0,0,1.30188679245283,99.9999999999984,0
2017,14,"1126*A",1387,-952,"Heterotheca villosa",7,2.7,4.3,3,2,0,0,1,0,0,1.28571428571429,99.9999999999998,0
2018,14,"1126*A",1387,-952,"Heterotheca villosa",8.5,7,1.5,3,2,0,0,1,0,0,1.12213740458015,99.9999999999991,0
2019,14,"1126*A",1387,-952,"Heterotheca villosa",18.5,8.5,10,4.5,9,0,0,1,0,0,0.5,100,0
2015,15,"1127*A",1682,-994,"Lupinus argenteus",12,NA,NA,9,0,0,1,1,0,0,3.0530303030303,0,36.4289039521528
2016,15,"1127*A",1682,-994,"Lupinus argenteus",11,12,-1,5.5,0,0,0,1,0,0,1.30188679245283,0,0
2017,15,"1127*A",1682,-994,"Lupinus argenteus",0,11,-11,0,0,0,0,0,0,1,1.28571428571429,0,0
2015,15,"1128*A",1710,-981,"Lupinus argenteus",9,NA,NA,5.5,0,0,1,1,0,0,3.0530303030303,0,75.7925905441967
2016,15,"1128*A",1710,-981,"Lupinus argenteus",6,9,-3,5,0,0,0,1,0,0,1.30188679245283,0,0
2017,15,"1128*A",1710,-981,"Lupinus argenteus",0,6,-6,0,0,0,0,0,0,1,1.28571428571429,0,0
2015,15,"1129*A",1735,-985,"Lupinus argenteus",1.5,NA,NA,1.5,0,1,1,1,0,0,3.0530303030303,0,0
2016,15,"1129*A",1735,-985,"Lupinus argenteus",10,1.5,8.5,8.5,0,0,0,1,0,0,1.30188679245283,0,14.7741602848206
2017,15,"1129*A",1735,-985,"Lupinus argenteus",6,10,-4,5,0,0,0,1,0,0,1.28571428571429,0,0
2018,15,"1129*A",1735,-985,"Lupinus argenteus",3.5,6,-2.5,3,0,0,0,1,0,0,1.12213740458015,29.3696785375965,0
2019,15,"1129*A",1735,-985,"Lupinus argenteus",0,3.5,-3.5,0,0,0,0,0,0,1,0.5,0,0
2014,10,"113*A",1715,-505,"Ivesia gordonii",6,NA,NA,4,1,0,NA,1,0,0,2.52336448598131,0,22.1035447521037
2015,10,"113*A",1715,-505,"Ivesia gordonii",8.5,6,2.5,4.5,2,0,0,1,0,0,3.0530303030303,21.2523800689134,30.4065055403688
2016,10,"113*A",1715,-505,"Ivesia gordonii",6,8.5,-2.5,3.9,3,0,0,1,0,0,1.30188679245283,42.1482621555843,44.985297153163
2017,10,"113*A",1715,-505,"Ivesia gordonii",9,6,3,5,1,0,0,1,0,0,1.28571428571429,57.2031977628841,71.4044205992891
2018,10,"113*A",1715,-505,"Ivesia gordonii",0,9,-9,0,0,0,0,0,0,1,1.12213740458015,0,0
2015,15,"1130*A",1700,-919,"Lupinus argenteus",3.5,NA,NA,2.5,0,1,1,1,0,0,3.0530303030303,89.9426102510356,99.9999999999974
2016,15,"1130*A",1700,-919,"Lupinus argenteus",0,3.5,-3.5,0,0,0,0,0,0,1,1.30188679245283,0,0
2015,15,"1131*A",1720,-916,"Lupinus argenteus",2,NA,NA,2.5,0,1,1,1,0,0,3.0530303030303,100.000000000006,100.000000000006
2016,15,"1131*A",1720,-916,"Lupinus argenteus",1,2,-1,1,0,0,0,1,0,0,1.30188679245283,109.326252383686,0
2017,15,"1131*A",1720,-916,"Lupinus argenteus",0,1,-1,0,0,0,0,0,0,1,1.28571428571429,0,0
2015,15,"1132*A",1720,-921,"Lupinus argenteus",2.5,NA,NA,3,0,0,1,1,0,0,3.0530303030303,99.9999999999986,99.9999999999986
2016,15,"1132*A",1720,-921,"Lupinus argenteus",0,2.5,-2.5,0,0,0,0,0,0,1,1.30188679245283,0,0
2015,15,"1133*A",1695,-920,"Lupinus argenteus",14,NA,NA,6.5,0,0,1,1,0,0,3.0530303030303,34.1420560354261,28.2210460174485
2016,15,"1133*A",1695,-920,"Lupinus argenteus",0,14,-14,0,0,0,0,0,0,1,1.30188679245283,0,0
2015,15,"1134*A",1707,-895,"Lupinus argenteus",9,NA,NA,6.5,0,0,1,1,0,0,3.0530303030303,67.2136283151154,0
2016,15,"1134*A",1707,-895,"Lupinus argenteus",8.5,9,-0.5,5,0,0,0,1,0,0,1.30188679245283,89.6725295051783,30.8597544193593
2017,15,"1134*A",1707,-895,"Lupinus argenteus",0,8.5,-8.5,0,0,0,0,0,0,1,1.28571428571429,0,0
2015,15,"1135*A",1677,-909,"Lupinus argenteus",11.5,NA,NA,4,0,0,1,1,0,0,3.0530303030303,41.5902026351969,60.9561474572026
2016,15,"1135*A",1677,-909,"Lupinus argenteus",13,11.5,1.5,7,0,0,0,1,0,0,1.30188679245283,62.9688536827999,20.1710599708489
2017,15,"1135*A",1677,-909,"Lupinus argenteus",6,13,-7,5,0,0,0,1,0,0,1.28571428571429,100.000000000001,0
2018,15,"1135*A",1677,-909,"Lupinus argenteus",5,6,-1,4,0,0,0,1,0,0,1.12213740458015,99.9999999999996,0
2019,15,"1135*A",1677,-909,"Lupinus argenteus",0,5,-5,0,0,0,0,0,0,1,0.5,0,0
2014,15,"1136*A",1685,-910,"Lupinus argenteus",11,NA,NA,6,0,0,NA,1,0,0,2.52336448598131,0,0
2015,15,"1136*A",1685,-910,"Lupinus argenteus",8,11,-3,6,0,0,0,1,0,0,3.0530303030303,0.00659912873633798,143.926374544294
2016,15,"1136*A",1685,-910,"Lupinus argenteus",6,8,-2,4,0,0,0,1,0,0,1.30188679245283,12.4243157846344,94.6919204187074
2017,15,"1136*A",1685,-910,"Lupinus argenteus",0,6,-6,0,0,0,0,0,0,1,1.28571428571429,0,0
2015,15,"1137*A",1686,-902,"Lupinus argenteus",7,NA,NA,5,0,0,1,1,0,0,3.0530303030303,0,87.7539088581755
2016,15,"1137*A",1686,-902,"Lupinus argenteus",0,7,-7,0,0,0,0,0,0,1,1.30188679245283,0,0
2015,15,"1138*A",1642,-911,"Lupinus argenteus",1.5,NA,NA,0.5,0,1,1,1,0,0,3.0530303030303,100.000000000005,0
2016,15,"1138*A",1642,-911,"Lupinus argenteus",3,1.5,1.5,3,0,0,0,1,0,0,1.30188679245283,100.000000000002,0
2017,15,"1138*A",1642,-911,"Lupinus argenteus",0,3,-3,0,0,0,0,0,0,1,1.28571428571429,0,0
2015,15,"1139*A",1780,-991,"Lupinus argenteus",2,NA,NA,2.5,0,1,1,1,0,0,3.0530303030303,0,98.9744895901034
2016,15,"1139*A",1780,-991,"Lupinus argenteus",1.4,2,-0.6,1.5,0,0,0,1,0,0,1.30188679245283,0,102.74254898631
2017,15,"1139*A",1780,-991,"Lupinus argenteus",0,1.4,-1.4,0,0,0,0,0,0,1,1.28571428571429,0,0
2014,10,"114*A",1701,-497,"Eriogonum umbellatum",2,NA,NA,1,0,0,NA,1,0,0,2.52336448598131,99.9999999999981,0
2015,10,"114*A",1701,-497,"Eriogonum umbellatum",4.5,2,2.5,2,0,0,0,1,0,0,3.0530303030303,109.66345131103,0
2016,10,"114*A",1701,-497,"Eriogonum umbellatum",6.5,4.5,2,2,0,0,0,1,0,0,1.30188679245283,118.840494625798,0
2017,10,"114*A",1701,-497,"Eriogonum umbellatum",8.5,6.5,2,2,0,0,0,1,0,0,1.28571428571429,113.20511980484,0
2018,10,"114*A",1701,-497,"Eriogonum umbellatum",8,8.5,-0.5,2.75,0,0,0,1,0,0,1.12213740458015,79.1635088523819,0
2019,10,"114*A",1701,-497,"Eriogonum umbellatum",11,8,3,3,0,0,0,1,0,0,0.5,91.6577243570701,0
2015,15,"1140*A",1752,-970,"Eriogonum umbellatum",1.2,NA,NA,0.5,0,1,1,1,0,0,3.0530303030303,400.000000000008,0
2016,15,"1140*A",1752,-970,"Eriogonum umbellatum",2.1,1.2,0.9,2,0,0,0,1,0,0,1.30188679245283,211.840456361918,0
2017,15,"1140*A",1752,-970,"Eriogonum umbellatum",7,2.1,4.9,2,0,0,0,1,0,0,1.28571428571429,39.5345688542608,0.533153470245965
2018,15,"1140*A",1752,-970,"Eriogonum umbellatum",10,7,3,2,0,0,0,1,0,0,1.12213740458015,0.780082672567199,2.49005702296538
2019,15,"1140*A",1752,-970,"Eriogonum umbellatum",14.5,10,4.5,3.5,0,0,0,1,0,0,0.5,0,5.85608036883993
2015,15,"1141*A",1777,-895,"Lupinus argenteus",5,NA,NA,3,0,0,1,1,0,0,3.0530303030303,0,63.0019621379293
2016,15,"1141*A",1777,-895,"Lupinus argenteus",0,5,-5,0,0,0,0,0,0,1,1.30188679245283,0,0
2015,15,"1142*A",1775,-887,"Lupinus argenteus",6.5,NA,NA,5,0,0,1,1,0,0,3.0530303030303,0,18.7427017117719
2016,15,"1142*A",1775,-887,"Lupinus argenteus",8.5,6.5,2,7,0,0,0,1,0,0,1.30188679245283,0,0
2017,15,"1142*A",1775,-887,"Lupinus argenteus",0,8.5,-8.5,0,0,0,0,0,0,1,1.28571428571429,0,0
2015,15,"1143*A",1800,-801,"Lupinus argenteus",0,NA,NA,0,0,1,1,1,0,0,3.0530303030303,0,0
2016,15,"1143*A",1800,-801,"Lupinus argenteus",15.5,0,15.5,9.5,0,0,0,1,0,0,1.30188679245283,0,61.8648240918785
2017,15,"1143*A",1800,-801,"Lupinus argenteus",0,15.5,-15.5,0,0,0,0,0,0,1,1.28571428571429,0,0
2015,15,"1144*A",1665,-800,"Lupinus argenteus",8,NA,NA,4,0,0,1,1,0,0,3.0530303030303,45.8175272561403,0
2016,15,"1144*A",1665,-800,"Lupinus argenteus",11,8,3,9,0,0,0,1,0,0,1.30188679245283,100.000000000001,1.55945874348862
2017,15,"1144*A",1665,-800,"Lupinus argenteus",11,11,0,7,0,0,0,1,0,0,1.28571428571429,89.7137604983427,0
2018,15,"1144*A",1665,-800,"Lupinus argenteus",0,11,-11,0,0,0,0,0,0,1,1.12213740458015,0,0
2015,15,"1145*A",1680,-816,"Lupinus argenteus",0,NA,NA,0,0,1,1,0,0,1,3.0530303030303,0,0
2015,15,"1146*A",1660,-840,"Lupinus argenteus",16.5,NA,NA,6.5,0,0,1,1,0,0,3.0530303030303,65.9380076733069,14.7708085392477
2016,15,"1146*A",1660,-840,"Lupinus argenteus",13,16.5,-3.5,6,0,0,0,1,0,0,1.30188679245283,158.004219316622,76.9568482270585
2017,15,"1146*A",1660,-840,"Lupinus argenteus",0,13,-13,0,0,0,0,0,0,1,1.28571428571429,0,0
2015,16,"1147*A",37,-1360,"Agoseris glauca",1,NA,NA,0.8,0,1,1,1,0,0,3.0530303030303,500,0
2016,16,"1147*A",37,-1360,"Agoseris glauca",1.5,1,0.5,1,0,0,0,1,0,0,1.30188679245283,400.000000000004,0
2017,16,"1147*A",37,-1360,"Agoseris glauca",0,1.5,-1.5,0,0,0,0,0,0,1,1.28571428571429,0,0
2015,16,"1148*A",37,-1352,"Agoseris glauca",0.6,NA,NA,1,0,1,1,1,0,0,3.0530303030303,599.999999999985,0
2016,16,"1148*A",37,-1352,"Agoseris glauca",1,0.6,0.4,1.5,0,0,0,1,0,0,1.30188679245283,700,0
2017,16,"1148*A",37,-1352,"Agoseris glauca",0,1,-1,0,0,0,0,0,0,1,1.28571428571429,0,0
2015,16,"1149*A",38,-1367,"Ivesia gordonii",0.7,NA,NA,0.7,0,1,1,1,0,0,3.0530303030303,400.000000000004,0
2016,16,"1149*A",38,-1367,"Ivesia gordonii",0.5,0.7,-0.2,0.5,0,0,0,1,0,0,1.30188679245283,400.016531052207,0
2017,16,"1149*A",38,-1367,"Ivesia gordonii",1.7,0.5,1.2,1.5,0,0,0,1,0,0,1.28571428571429,0,0
2018,16,"1149*A",38,-1367,"Ivesia gordonii",2.5,1.7,0.8,2.5,0,0,0,1,0,0,1.12213740458015,0.711690819175549,0
2019,16,"1149*A",38,-1367,"Ivesia gordonii",5.5,2.5,3,5.5,0,0,0,1,0,0,0.5,40.7466340001974,0
2014,10,"115*A",1697,-490,"Ivesia gordonii",16,NA,NA,7,6,0,NA,1,0,0,2.52336448598131,6.32836878737693,1.59480422557648
2015,10,"115*A",1697,-490,"Ivesia gordonii",14,16,-2,5.5,19,0,0,1,0,0,3.0530303030303,43.4268838444158,3.1317885834036
2016,10,"115*A",1697,-490,"Ivesia gordonii",15.8,14,1.8,5.5,9,0,0,1,0,0,1.30188679245283,65.4371521834839,1.4251206555024
2017,10,"115*A",1697,-490,"Ivesia gordonii",17,15.8,1.2,5,23,0,0,1,0,0,1.28571428571429,73.3315718107489,7.42143216248399
2018,10,"115*A",1697,-490,"Ivesia gordonii",14.5,17,-2.5,5.5,12,0,0,1,0,0,1.12213740458015,70.7861172468461,0
2019,10,"115*A",1697,-490,"Ivesia gordonii",18,14.5,3.5,7.5,19,0,0,1,0,0,0.5,88.7702327820696,6.12843109410479
2015,16,"1150*A",32,-1345,"Agoseris glauca",0.5,NA,NA,2,0,1,1,1,0,0,3.0530303030303,800.000000000008,0
2016,16,"1150*A",32,-1345,"Agoseris glauca",0.5,0.5,0,1.5,0,0,0,1,0,0,1.30188679245283,600.000000000006,0
2017,16,"1150*A",32,-1345,"Agoseris glauca",0,0.5,-0.5,0,0,0,0,0,0,1,1.28571428571429,0,0
2015,16,"1151*A",28,-1338,"Eriogonum umbellatum",1.5,NA,NA,0.5,0,1,1,1,0,0,3.0530303030303,847.125127860596,0
2016,16,"1151*A",28,-1338,"Eriogonum umbellatum",0,1.5,-1.5,0,0,0,0,1,0,0,1.30188679245283,0,0
2017,16,"1151*A",28,-1338,"Eriogonum umbellatum",1.5,0,1.5,0.5,0,0,0,1,0,0,1.28571428571429,33.5799505912474,0
2018,16,"1151*A",28,-1338,"Eriogonum umbellatum",0,1.5,-1.5,0,0,0,0,0,0,1,1.12213740458015,0,0
2015,16,"1152*A",25,-1314,"Lupinus argenteus",3,NA,NA,2.5,0,1,1,1,0,0,3.0530303030303,101.322450382814,394.540725566779
2016,16,"1152*A",25,-1314,"Lupinus argenteus",0,3,-3,0,0,0,0,0,0,1,1.30188679245283,0,0
2015,16,"1153*A",25,-1319,"Ivesia gordonii",0.7,NA,NA,0.5,0,1,1,1,0,0,3.0530303030303,508.713320667037,0
2016,16,"1153*A",25,-1319,"Ivesia gordonii",0,0.7,-0.7,0,0,0,0,0,0,1,1.30188679245283,0,0
2015,16,"1154*A",34,-1320,"Senecio crassulus",1.5,NA,NA,2.5,0,1,1,1,0,0,3.0530303030303,681.356659020794,0
2016,16,"1154*A",34,-1320,"Senecio crassulus",1.5,1.5,0,1,0,0,0,1,0,0,1.30188679245283,710.367799639018,0
2017,16,"1154*A",34,-1320,"Senecio crassulus",0,1.5,-1.5,0,0,0,0,0,0,1,1.28571428571429,0,0
2015,16,"1155*A",28,-1313,"Senecio crassulus",1,NA,NA,1.5,0,1,1,1,0,0,3.0530303030303,500.965729532581,0
2016,16,"1155*A",28,-1313,"Senecio crassulus",1,1,0,1,0,0,0,1,0,0,1.30188679245283,399.999999999999,0
2017,16,"1155*A",28,-1313,"Senecio crassulus",0,1,-1,0,0,0,0,0,0,1,1.28571428571429,0,0
2015,16,"1156*A",35,-1322,"Eriogonum umbellatum",1.2,NA,NA,0.5,0,1,1,1,0,0,3.0530303030303,657.278104438469,0
2016,16,"1156*A",35,-1322,"Eriogonum umbellatum",0,1.2,-1.2,0,0,0,0,0,0,1,1.30188679245283,0,0
2015,16,"1157*A",40,-1357,"Senecio crassulus",0.7,NA,NA,0.7,0,1,1,1,0,0,3.0530303030303,500,0
2016,16,"1157*A",40,-1357,"Senecio crassulus",0.5,0.7,-0.2,0.5,0,0,0,1,0,0,1.30188679245283,500.000000000005,0
2017,16,"1157*A",40,-1357,"Senecio crassulus",0,0.5,-0.5,0,0,0,0,0,0,1,1.28571428571429,0,0
2015,16,"1158*A",160,-1346,"Lupinus argenteus",1.2,NA,NA,1.5,0,1,1,1,0,0,3.0530303030303,0,45.4213681270505
2016,16,"1158*A",160,-1346,"Lupinus argenteus",0,1.2,-1.2,0,0,0,0,0,0,1,1.30188679245283,0,0
2015,16,"1159*A",165,-1345,"Chaenactis douglasii",1,NA,NA,1,0,1,1,1,0,0,3.0530303030303,0,0
2016,16,"1159*A",165,-1345,"Chaenactis douglasii",0,1,-1,0,0,0,0,0,0,1,1.30188679245283,0,0
2014,11,"116*A",74,-852,"Ivesia gordonii",3,NA,NA,2,0,0,NA,1,0,0,2.52336448598131,0,0
2015,11,"116*A",74,-852,"Ivesia gordonii",5.5,3,2.5,4,0,0,0,1,0,0,3.0530303030303,0,0
2016,11,"116*A",74,-852,"Ivesia gordonii",6.3,5.5,0.8,4.9,0,0,0,1,0,0,1.30188679245283,0,0
2017,11,"116*A",74,-852,"Ivesia gordonii",9.5,6.3,3.2,6.5,4,0,0,1,0,0,1.28571428571429,0,0
2018,11,"116*A",74,-852,"Ivesia gordonii",9.5,9.5,0,7,1,0,0,1,0,0,1.12213740458015,0,0
2019,11,"116*A",74,-852,"Ivesia gordonii",15,9.5,5.5,8.5,2,0,0,1,0,0,0.5,0,0
2015,16,"1160*A",130,-1350,"Eriogonum umbellatum",1,NA,NA,1,0,1,1,1,0,0,3.0530303030303,494.182582761547,0
2016,16,"1160*A",130,-1350,"Eriogonum umbellatum",3,1,2,2,0,0,0,1,0,0,1.30188679245283,253.731468730241,0.804689840973414
2017,16,"1160*A",130,-1350,"Eriogonum umbellatum",7,3,4,4,0,0,0,1,0,0,1.28571428571429,101.764428150396,32.7872214287868
2018,16,"1160*A",130,-1350,"Eriogonum umbellatum",0,7,-7,0,0,0,0,0,0,1,1.12213740458015,0,0
2015,16,"1161*A",121,-1355,"Eriogonum umbellatum",1,NA,NA,1,0,1,1,1,0,0,3.0530303030303,355.95815440342,0
2016,16,"1161*A",121,-1355,"Eriogonum umbellatum",2,1,1,2,0,0,0,1,0,0,1.30188679245283,217.046150306233,1.81055214219012
2017,16,"1161*A",121,-1355,"Eriogonum umbellatum",4,2,2,2.5,0,0,0,1,0,0,1.28571428571429,100.280461690238,78.9247428046281
2018,16,"1161*A",121,-1355,"Eriogonum umbellatum",13,4,9,3,1,0,0,1,0,0,1.12213740458015,5.4034963021959,1.33136094674556
2019,16,"1161*A",121,-1355,"Eriogonum umbellatum",19,13,6,5,8,0,0,1,0,0,0.5,21.6405927019845,0
2015,16,"1162*A",110,-1348,"Ivesia gordonii",0.5,NA,NA,0.5,0,1,1,1,0,0,3.0530303030303,200,0
2016,16,"1162*A",110,-1348,"Ivesia gordonii",1,0.5,0.5,0.5,0,0,0,1,0,0,1.30188679245283,92.6834163074446,0
2017,16,"1162*A",110,-1348,"Ivesia gordonii",4,1,3,3,0,0,0,1,0,0,1.28571428571429,88.4391004484569,0
2018,16,"1162*A",110,-1348,"Ivesia gordonii",5.5,4,1.5,4,1,0,0,1,0,0,1.12213740458015,100,0
2019,16,"1162*A",110,-1348,"Ivesia gordonii",14,5.5,8.5,7.5,6,0,0,1,0,0,0.5,100,0
2015,17,"1163*A",437,-1365,"Lupinus argenteus",7,NA,NA,3,0,0,1,1,0,0,3.0530303030303,100,0
2016,17,"1163*A",437,-1365,"Lupinus argenteus",4,7,-3,3,0,0,0,1,0,0,1.30188679245283,100.000000000001,0
2017,17,"1163*A",437,-1365,"Lupinus argenteus",0,4,-4,0,0,0,0,0,0,1,1.28571428571429,0,0
2015,17,"1164*A",492,-1323,"Lupinus argenteus",0.5,NA,NA,0.5,0,0,1,1,0,0,3.0530303030303,100.000000000004,0
2016,17,"1164*A",492,-1323,"Lupinus argenteus",0,0.5,-0.5,0,0,0,0,0,0,1,1.30188679245283,0,0
2015,17,"1165*A",502,-1325,"Lupinus argenteus",1,NA,NA,1,0,1,1,1,0,0,3.0530303030303,99.9999999999975,60.924331035735
2016,17,"1165*A",502,-1325,"Lupinus argenteus",0,1,-1,0,0,0,0,0,0,1,1.30188679245283,0,0
2015,18,"1166*A",923,-1325,"Lupinus argenteus",2,NA,NA,1,0,1,1,1,0,0,3.0530303030303,99.9999999999973,0
2016,18,"1166*A",923,-1325,"Lupinus argenteus",6,2,4,4,0,0,0,1,0,0,1.30188679245283,200.000000000002,0
2017,18,"1166*A",923,-1325,"Lupinus argenteus",0,6,-6,0,0,0,0,0,0,1,1.28571428571429,0,0
2015,19,"1167*A",1376,-1365,"Senecio crassulus",1,NA,NA,0.5,0,1,1,1,0,0,3.0530303030303,300,0
2016,19,"1167*A",1376,-1365,"Senecio crassulus",0.5,1,-0.5,1,0,0,0,1,0,0,1.30188679245283,300.000000000156,0
2017,19,"1167*A",1376,-1365,"Senecio crassulus",1.5,0.5,1,1,0,0,0,1,0,0,1.28571428571429,300.000000000006,0
2018,19,"1167*A",1376,-1365,"Senecio crassulus",0,1.5,-1.5,0,0,0,0,0,0,1,1.12213740458015,0,0
2015,19,"1168*A",1398,-1290,"Lupinus argenteus",1,NA,NA,3,0,1,1,1,0,0,3.0530303030303,174.88834,0
2016,19,"1168*A",1398,-1290,"Lupinus argenteus",1,1,0,1.5,0,0,0,1,0,0,1.30188679245283,104.702995096569,0
2017,19,"1168*A",1398,-1290,"Lupinus argenteus",0,1,-1,0,0,0,0,0,0,1,1.28571428571429,0,0
2015,19,"1169*A",1303,-1395,"Ivesia gordonii",2,NA,NA,2.5,0,1,1,1,0,0,3.0530303030303,232.76715,0
2016,19,"1169*A",1303,-1395,"Ivesia gordonii",0,2,-2,0,0,0,0,0,0,1,1.30188679245283,0,0
2014,11,"117*A",80,-970,"Lupinus argenteus",37,NA,NA,14,1,0,NA,1,0,0,2.52336448598131,100.111755079816,22.7472670695248
2015,11,"117*A",80,-970,"Lupinus argenteus",33,37,-4,12,4,0,0,1,0,0,3.0530303030303,104.915985162301,36.8139001981503
2016,11,"117*A",80,-970,"Lupinus argenteus",38,33,5,18.5,4,0,0,1,0,0,1.30188679245283,116.037952700268,42.0986619616772
2017,11,"117*A",80,-970,"Lupinus argenteus",0.4,38,-37.6,0.6,0,0,0,1,0,0,1.28571428571429,99.9999999999985,0
2018,11,"117*A",80,-970,"Lupinus argenteus",0,0.4,-0.4,0,0,0,0,0,0,1,1.12213740458015,0,0
2015,19,"1170*A",1348,-1370,"Eriogonum umbellatum",1,NA,NA,0.2,0,1,1,1,0,0,3.0530303030303,182.87068,100
2016,19,"1170*A",1348,-1370,"Eriogonum umbellatum",1,1,0,0.5,0,0,0,1,0,0,1.30188679245283,148.64149811062,100.000000000001
2017,19,"1170*A",1348,-1370,"Eriogonum umbellatum",0,1,-1,0,0,0,0,0,0,1,1.28571428571429,0,0
2015,19,"1171*A",1390,-1390,"Ivesia gordonii",1.5,NA,NA,2,0,1,1,1,0,0,3.0530303030303,100,0
2016,19,"1171*A",1390,-1390,"Ivesia gordonii",2,1.5,0.5,2.5,0,0,0,1,0,0,1.30188679245283,99.9999999999984,0
2017,19,"1171*A",1390,-1390,"Ivesia gordonii",3,2,1,2,0,0,0,1,0,0,1.28571428571429,156.01778154595,0
2018,19,"1171*A",1390,-1390,"Ivesia gordonii",3,3,0,3.5,0,0,0,1,0,0,1.12213740458015,100.000000000001,0
2019,19,"1171*A",1390,-1390,"Ivesia gordonii",4,3,1,3,2,0,0,1,0,0,0.5,99.9999999999998,0
2015,19,"1172*A",1356,-1291,"Ivesia gordonii",0.5,NA,NA,0.2,0,1,1,1,0,0,3.0530303030303,300,0
2016,19,"1172*A",1356,-1291,"Ivesia gordonii",0.5,0.5,0,0.5,0,0,0,1,0,0,1.30188679245283,400.00000000004,0
2017,19,"1172*A",1356,-1291,"Ivesia gordonii",0.5,0.5,0,0.5,0,0,0,1,0,0,1.28571428571429,400.00000000004,0
2018,19,"1172*A",1356,-1291,"Ivesia gordonii",0.5,0.5,0,1.1,0,0,0,1,0,0,1.12213740458015,400.00000000004,0
2019,19,"1172*A",1356,-1291,"Ivesia gordonii",0.9,0.5,0.4,1,0,0,0,1,0,0,0.5,500.000000000055,0
2015,19,"1173*A",1221,-1383,"Lupinus argenteus",1.5,NA,NA,2.5,0,1,1,1,0,0,3.0530303030303,100,0
2016,19,"1173*A",1221,-1383,"Lupinus argenteus",4,1.5,2.5,5,0,0,0,1,0,0,1.30188679245283,99.9999999999945,0
2017,19,"1173*A",1221,-1383,"Lupinus argenteus",9,4,5,5,0,0,0,1,0,0,1.28571428571429,99.9999999999991,0
2018,19,"1173*A",1221,-1383,"Lupinus argenteus",5.5,9,-3.5,5,0,0,0,1,0,0,1.12213740458015,100.000000000001,0
2019,19,"1173*A",1221,-1383,"Lupinus argenteus",4.5,5.5,-1,5,0,0,0,1,0,0,0.5,100.000000000001,0
2015,20,"1175*A",1609,-1393,"Eriogonum umbellatum",1.4,NA,NA,0.9,0,0,1,1,0,0,3.0530303030303,302.423441,300
2016,20,"1175*A",1609,-1393,"Eriogonum umbellatum",2,1.4,0.6,1,0,0,0,1,0,0,1.30188679245283,200.000000000006,200.228872320223
2017,20,"1175*A",1609,-1393,"Eriogonum umbellatum",1.5,2,-0.5,1,0,0,0,1,0,0,1.28571428571429,224.241142125035,199.999999999995
2018,20,"1175*A",1609,-1393,"Eriogonum umbellatum",1,1.5,-0.5,1,0,0,0,1,0,0,1.12213740458015,209.166611790236,199.999999999997
2019,20,"1175*A",1609,-1393,"Eriogonum umbellatum",0,1,-1,0,0,0,0,0,0,1,0.5,0,0
2015,20,"1176*A",1603,-1395,"Eriogonum umbellatum",0.5,NA,NA,0.8,0,1,1,1,0,0,3.0530303030303,300,361.37525
2016,20,"1176*A",1603,-1395,"Eriogonum umbellatum",1,0.5,0.5,1,0,0,0,1,0,0,1.30188679245283,200.000000000018,222.75725928255
2017,20,"1176*A",1603,-1395,"Eriogonum umbellatum",1,1,0,1,0,0,0,1,0,0,1.28571428571429,300.000000000027,200.000000000018
2018,20,"1176*A",1603,-1395,"Eriogonum umbellatum",0.9,1,-0.1,1,0,0,0,1,0,0,1.12213740458015,299.999999999981,199.999999999988
2019,20,"1176*A",1603,-1395,"Eriogonum umbellatum",0,0.9,-0.9,0,0,0,0,0,0,1,0.5,0,0
2015,20,"1177*A",1608,-1384,"Eriogonum umbellatum",1.2,NA,NA,0.5,0,1,1,1,0,0,3.0530303030303,400,262.37871
2016,20,"1177*A",1608,-1384,"Eriogonum umbellatum",0,1.2,-1.2,0,0,0,0,0,0,1,1.30188679245283,0,0
2015,20,"1178*A",1622,-1372,"Ivesia gordonii",1.5,NA,NA,2,0,0,1,1,0,0,3.0530303030303,452.511333,25.62547
2016,20,"1178*A",1622,-1372,"Ivesia gordonii",0,1.5,-1.5,0,0,0,0,0,0,1,1.30188679245283,0,0
2015,20,"1179*A",1618.99344082,-1379.08419142,"Arenaria congesta",0.5,NA,NA,0.5,0,1,1,1,0,0,3.0530303030303,500,0
2015,20,"1179*B",1617.64838971,-1378.40750056,"Arenaria congesta",0.5,NA,NA,0.5,0,1,1,1,0,0,3.0530303030303,500,0
2015,20,"1179*C",1614.64101136,-1384.44780141,"Arenaria congesta",0.5,NA,NA,0.5,0,1,1,1,0,0,3.0530303030303,600,0
2015,20,"1179*D",1622.93364756,-1370.72949482,"Arenaria congesta",0.5,NA,NA,0.5,0,1,1,1,0,0,3.0530303030303,484.08931,0
2015,20,"1179*E",1612.30474454,-1373.47745765,"Arenaria congesta",0.5,NA,NA,0.5,0,1,1,1,0,0,3.0530303030303,700,0
2015,20,"1179*F",1612.49301282,-1372.54631727,"Arenaria congesta",0.5,NA,NA,0.5,0,1,1,1,0,0,3.0530303030303,700,0
2015,20,"1179*G",1620.11680292,-1371.88602572,"Arenaria congesta",0.5,NA,NA,0.5,0,1,1,1,0,0,3.0530303030303,528.73332,96.09675
2015,20,"1179*H",1612.28070981,-1379.01665632,"Arenaria congesta",0.5,NA,NA,0.5,0,1,1,1,0,0,3.0530303030303,602.776433,0
2015,20,"1179*I",1621.80227502,-1382.73543615,"Arenaria congesta",0.5,NA,NA,0.5,0,1,1,1,0,0,3.0530303030303,400,0
2015,20,"1179*J",1618.34649116,-1372.08795571,"Arenaria congesta",0.5,NA,NA,0.5,0,1,1,1,0,0,3.0530303030303,500,100
2015,20,"1179*K",1620.28724296,-1369.04981439,"Arenaria congesta",0.5,NA,NA,0.5,0,1,1,1,0,0,3.0530303030303,400,0
2015,20,"1179*L",1615.90515493,-1373.87439401,"Arenaria congesta",0.5,NA,NA,0.5,0,1,1,1,0,0,3.0530303030303,500,0
2015,20,"1179*M",1623.96793806,-1382.6901311,"Arenaria congesta",0.5,NA,NA,0.5,0,1,1,1,0,0,3.0530303030303,400,0
2016,20,"1179*A",1619.2271916,-1379.5745894,"Arenaria congesta",2,0.5,1.5,2,1,0,0,1,0,0,1.30188679245283,289.638976780022,20.8985888697504
2016,20,"1179*B",1617.56565788,-1378.73867716,"Arenaria congesta",2,0.5,1.5,2,1,0,0,1,0,0,1.30188679245283,292.18696599295,47.3384914299101
2016,20,"1179*C",1613.85066109,-1386.20022527,"Arenaria congesta",2,0.5,1.5,2,0,0,0,1,0,0,1.30188679245283,399.999999999946,14.3690947919476
2016,20,"1179*D",1624.09450581,-1369.25408183,"Arenaria congesta",2,0.5,1.5,2,0,0,0,1,0,0,1.30188679245283,300.000000000021,22.2884361267089
2016,20,"1179*E",1610.96468443,-1372.64862416,"Arenaria congesta",2,0.5,1.5,2,0,0,0,1,0,0,1.30188679245283,297.153237181394,54.7367306484
2016,20,"1179*F",1611.19725113,-1371.49839193,"Arenaria congesta",2,0.5,1.5,2,0,0,0,1,0,0,1.30188679245283,344.371968711969,47.2880411985138
2016,20,"1179*G",1620.61487419,-1370.68273766,"Arenaria congesta",2,0.5,1.5,2,0,0,0,1,0,0,1.30188679245283,365.608099638552,48.0840040496971
2016,20,"1179*H",1610.93499447,-1379.49116369,"Arenaria congesta",2,0.5,1.5,2,0,0,0,1,0,0,1.30188679245283,350.099793571411,0.535438653974726
2016,20,"1179*I",1622.69692797,-1384.08495054,"Arenaria congesta",2,0.5,1.5,2,0,0,0,1,0,0,1.30188679245283,218.652766720846,32.1696965821754
2016,20,"1179*J",1618.42801849,-1370.93218058,"Arenaria congesta",2,0.5,1.5,2,0,0,0,1,0,0,1.30188679245283,400,92.8447493145927
2016,20,"1179*K",1620.82541778,-1367.17918248,"Arenaria congesta",2,0.5,1.5,2,0,0,0,1,0,0,1.30188679245283,353.236536889055,156.246958574247
2016,20,"1179*L",1615.41225021,-1373.1389573,"Arenaria congesta",2,0.5,1.5,2,0,0,0,1,0,0,1.30188679245283,370.117520305596,63.4498168237409
2016,20,"1179*M",1625.37215878,-1384.02898548,"Arenaria congesta",2,0.5,1.5,2,0,0,0,1,0,0,1.30188679245283,205.989781771624,0.486195528400401
2016,20,"1179*N",1627.82713582,-1375.59684327,"Arenaria congesta",2,NA,NA,2,0,0,1,1,0,0,1.30188679245283,300.000000000015,0
2016,20,"1179*O",1617.43574394,-1368.48535887,"Arenaria congesta",2,NA,NA,2,0,0,1,1,0,0,1.30188679245283,480.480906102045,16.199163567108
2016,20,"1179*P",1623.35384394,-1376.39739333,"Arenaria congesta",2,NA,NA,2,0,0,1,1,0,0,1.30188679245283,299.999999999975,58.4546774806881
2016,20,"1179*Q",1608.304594756,-1379.02662654,"Arenaria congesta",2,NA,NA,2,0,0,1,1,0,0,1.30188679245283,390.863300879171,39.1311699658682
2016,20,"1179*R",1621.34673016,-1384.87065172,"Arenaria congesta",2,NA,NA,2,0,0,1,1,0,0,1.30188679245283,286.675988946663,42.2077508066552
2016,20,"1179*S",1611.38720417,-1374.91789825,"Arenaria congesta",2,NA,NA,2,0,0,1,1,0,0,1.30188679245283,332.55723029221,7.44868944988491
2016,20,"1179*T",1615.36991451,-1381.70655325,"Arenaria congesta",2,NA,NA,2,0,0,1,1,0,0,1.30188679245283,300.712261415498,0
2016,20,"1179*U",1615.91080247,-1386.13213094,"Arenaria congesta",2,NA,NA,2,0,0,1,1,0,0,1.30188679245283,357.539896646676,14.3690947919519
2016,20,"1179*V",1620.97951613,-1387.03211308,"Arenaria congesta",2,NA,NA,2,0,0,1,1,0,0,1.30188679245283,300.000000000006,10.5242497528695
2016,20,"1179*W",1625.35074081,-1377.91316026,"Arenaria congesta",2,NA,NA,2,0,0,1,1,0,0,1.30188679245283,324.039972114639,3.03686768563674
2017,20,"1179*A",1619.51938008,-1380.18758687,"Arenaria congesta",5,2,3,3,1,0,0,1,0,0,1.28571428571429,344.767483474852,115.2194985758
2017,20,"1179*B",1617.46224309,-1379.15264791,"Arenaria congesta",5,2,3,3,1,0,0,1,0,0,1.28571428571429,336.859268490847,170.784684246817
2017,20,"1179*C",1612.86272325,-1388.3907551,"Arenaria congesta",5,2,3,3,1,0,0,1,0,0,1.28571428571429,422.094758884682,60.2211115704369
2017,20,"1179*D",1625.54557862,-1367.4098156,"Arenaria congesta",5,2,3,3,1,0,0,1,0,0,1.28571428571429,242.765951351542,269.057767344395
2017,20,"1179*E",1609.289609293,-1371.61258229,"Arenaria congesta",5,2,3,3,1,0,0,1,0,0,1.28571428571429,362.142430114836,146.957756085069
2017,20,"1179*F",1609.577549015,-1370.18848524,"Arenaria congesta",5,2,3,3,1,0,0,1,0,0,1.28571428571429,397.664693113489,128.348095169393
2017,20,"1179*G",1621.23746328,-1369.17862757,"Arenaria congesta",5,2,3,3,1,0,0,1,0,0,1.28571428571429,355.227075581856,295.203883072234
2017,20,"1179*H",1609.252850294,-1380.0842979,"Arenaria congesta",5,2,3,3,1,0,0,1,0,0,1.28571428571429,456.500647561006,53.4646022313091
2017,20,"1179*I",1623.81524415,-1385.77184352,"Arenaria congesta",5,2,3,3,1,0,0,1,0,0,1.28571428571429,325.367312369373,132.567101716024
2017,20,"1179*J",1618.52992766,-1369.48746168,"Arenaria congesta",5,2,3,3,1,0,0,1,0,0,1.28571428571429,398.479221362905,254.737055432148
2017,20,"1179*K",1621.4981363,-1364.84089259,"Arenaria congesta",5,2,3,3,1,0,0,1,0,0,1.28571428571429,334.23869102579,253.622717751558
2017,20,"1179*L",1614.79611931,-1372.21966142,"Arenaria congesta",5,2,3,3,1,0,0,1,0,0,1.28571428571429,345.469731348697,172.972769866177
2017,20,"1179*M",1627.12743468,-1385.70255345,"Arenaria congesta",5,2,3,3,1,0,0,1,0,0,1.28571428571429,332.836374530656,57.1188395444316
2017,20,"1179*N",1630.16693006,-1375.26275833,"Arenaria congesta",5,2,3,3,1,0,0,1,0,0,1.28571428571429,320.679406277758,74.755928508429
2017,20,"1179*O",1617.30139725,-1366.45806336,"Arenaria congesta",5,2,3,3,1,0,0,1,0,0,1.28571428571429,464.510346905481,209.415853064537
2017,20,"1179*P",1624.62856868,-1376.25391555,"Arenaria congesta",5,2,3,3,1,0,0,1,0,0,1.28571428571429,327.743809592204,115.593125640634
2017,20,"1179*Q",1605.996164936,-1379.50915666,"Arenaria congesta",5,2,3,3,1,0,0,1,0,0,1.28571428571429,438.062187436759,43.4882307717245
2017,20,"1179*R",1622.14357068,-1386.74461642,"Arenaria congesta",5,2,3,3,1,0,0,1,0,0,1.28571428571429,341.003759843768,130.7303699715
2017,20,"1179*S",1609.812728971,-1374.42215974,"Arenaria congesta",5,2,3,3,1,0,0,0,1,0,1.28571428571429,350.674692596247,111.20936213118
2017,20,"1179*T",1614.74370368,-1382.82716116,"Arenaria congesta",5,2,3,3,1,0,0,0,1,0,1.28571428571429,400.062188284004,55.747347768398
2017,20,"1179*U",1615.41337449,-1388.30644783,"Arenaria congesta",5,2,3,3,1,0,0,0,1,0,1.28571428571429,423.768819546417,66.1391672953867
2017,20,"1179*V",1621.68892474,-1389.42071143,"Arenaria congesta",5,2,3,3,1,0,0,0,1,0,1.28571428571429,360.945134121384,81.1636573015982
2017,20,"1179*W",1627.1009172,-1378.13057937,"Arenaria congesta",5,2,3,3,1,0,0,0,1,0,1.28571428571429,358.920923820579,74.8067295036515
2017,20,"1179*X",1616.49387496,-1376.71213027,"Arenaria congesta",5,NA,NA,3,1,0,1,0,1,0,1.28571428571429,320.708320492705,170.970395281161
2018,20,"1179*A",1619.11031621,-1379.32939041,"Arenaria congesta",1.5,5,-3.5,1.5,2,0,0,1,0,0,1.12213740458015,300.000000000024,9.12186085911613
2018,20,"1179*B",1617.6070238,-1378.57308886,"Arenaria congesta",1.5,5,-3.5,1.5,2,0,0,1,0,0,1.12213740458015,300.000000000069,9.12186085911621
2018,20,"1179*C",1614.24583622,-1385.32401334,"Arenaria congesta",1.5,5,-3.5,1.5,2,0,0,1,0,0,1.12213740458015,310.499743095577,0
2018,20,"1179*D",1623.51407668,-1369.99178832,"Arenaria congesta",1.5,5,-3.5,1.5,2,0,0,1,0,0,1.12213740458015,300.000000000009,39.4548690696588
2018,20,"1179*E",1611.63471448,-1373.0630409,"Arenaria congesta",1.5,5,-3.5,1.5,1,0,0,1,0,0,1.12213740458015,300.00000000009,37.3908941970754
2018,20,"1179*F",1611.84513197,-1372.0223546,"Arenaria congesta",1.5,5,-3.5,1.5,1,0,0,1,0,0,1.12213740458015,299.999999999903,37.3908941970575
2018,20,"1179*G",1620.36583855,-1371.28438169,"Arenaria congesta",1.5,5,-3.5,1.5,1,0,0,1,0,0,1.12213740458015,299.99999999998,100.456748483167
2018,20,"1179*H",1611.60785214,-1379.25391001,"Arenaria congesta",1.5,5,-3.5,1.5,1,0,0,1,0,0,1.12213740458015,399.999999999891,0
2018,20,"1179*I",1622.24960149,-1383.41019334,"Arenaria congesta",1.5,5,-3.5,1.5,1,0,0,0,1,0,1.12213740458015,313.65195553979,20.0654479625319
2018,20,"1179*J",1618.38725483,-1371.51006815,"Arenaria congesta",1.5,5,-3.5,1.5,1,0,0,0,1,0,1.12213740458015,299.999999999977,100.715201645462
2018,20,"1179*K",1620.55633037,-1368.11449843,"Arenaria congesta",1.5,5,-3.5,1.5,1,0,0,0,1,0,1.12213740458015,300.000000000006,2.87455155243965
2018,20,"1179*L",1615.65870257,-1373.50667565,"Arenaria congesta",1.5,5,-3.5,1.5,1,0,0,0,1,0,1.12213740458015,299.99999999999,0
2018,20,"1179*M",1624.67004842,-1383.35955829,"Arenaria congesta",1.5,5,-3.5,1.5,1,0,0,0,1,0,1.12213740458015,282.879177227023,0
2018,20,"1179*N",1626.89121812,-1375.73047724,"Arenaria congesta",1.5,5,-3.5,1.5,1,0,0,0,1,0,1.12213740458015,303.447542353243,0
2018,20,"1179*O",1617.48948261,-1369.29627707,"Arenaria congesta",1.5,5,-3.5,1.5,1,0,0,0,1,0,1.12213740458015,299.99999999998,53.0967227953005
2018,20,"1179*P",1622.84395404,-1376.45478444,"Arenaria congesta",1.5,5,-3.5,1.5,1,0,0,0,1,0,1.12213740458015,343.524496217763,0
2018,20,"1179*Q",1609.227966684,-1378.83361448,"Arenaria congesta",1.5,5,-3.5,1.5,1,0,0,0,1,0,1.12213740458015,360.050668535946,0
2018,20,"1179*R",1621.02799396,-1384.12106584,"Arenaria congesta",1.5,5,-3.5,1.5,1,0,0,0,1,0,1.12213740458015,381.171619280163,20.0654479625363
2019,20,"1179*A",1619.75313086,-1380.67798485,"Arenaria congesta",7,1.5,5.5,6,2,0,0,1,0,0,0.5,313.165353596206,99.4603855605389
2019,20,"1179*B",1617.37951126,-1379.48382451,"Arenaria congesta",7,1.5,5.5,6,2,0,0,1,0,0,0.5,335.967555515574,87.2149044562442
2019,20,"1179*C",1612.07237298,-1390.14317896,"Arenaria congesta",7,1.5,5.5,6,1,0,0,1,0,0,0.5,395.213146675979,0
2019,20,"1179*D",1626.70643687,-1365.93440262,"Arenaria congesta",7,1.5,5.5,6,1,0,0,1,0,0,0.5,216.817797300216,225.224920129468
2019,20,"1179*E",1607.949549184,-1370.7837488,"Arenaria congesta",7,1.5,5.5,6,1,0,0,1,0,0,0.5,220.986881315453,84.239680872381
2019,20,"1179*F",1608.281787325,-1369.14055989,"Arenaria congesta",7,1.5,5.5,6,1,0,0,0,1,0,0.5,213.441655403637,80.4825999387138
2019,20,"1179*G",1621.73553456,-1367.97533951,"Arenaria congesta",7,1.5,5.5,6,1,0,0,0,1,0,0.5,270.222107509616,228.738733639503
2019,20,"1179*H",1607.907134955,-1380.55880527,"Arenaria congesta",7,1.5,5.5,6,1,0,0,0,1,0,0.5,311.656419221258,0.0864094988265439
2014,11,"118*A",85,-980,"Ivesia gordonii",3,NA,NA,2,0,0,NA,1,0,0,2.52336448598131,300,0
2015,11,"118*A",85,-980,"Ivesia gordonii",6,3,3,4,0,0,0,1,0,0,3.0530303030303,312.34695979386,0
2016,11,"118*A",85,-980,"Ivesia gordonii",12.5,6,6.5,5,2,0,0,1,0,0,1.30188679245283,266.51786337316,0
2017,11,"118*A",85,-980,"Ivesia gordonii",0,12.5,-12.5,0,0,0,0,0,0,1,1.28571428571429,0,0
2015,20,"1180*A",1610,-1375,"Eriogonum umbellatum",2,NA,NA,1.3,0,1,1,1,0,0,3.0530303030303,400.86997846,200
2016,20,"1180*A",1610,-1375,"Eriogonum umbellatum",1,2,-1,1,0,0,0,1,0,0,1.30188679245283,101.282484281307,202.078031527598
2017,20,"1180*A",1610,-1375,"Eriogonum umbellatum",0.5,1,-0.5,0.5,0,0,0,1,0,0,1.28571428571429,249.64097538339,199.99999999997
2018,20,"1180*A",1610,-1375,"Eriogonum umbellatum",0,0.5,-0.5,0,0,0,0,0,0,1,1.12213740458015,0,0
2015,20,"1181*A",1604,-1372,"Arenaria congesta",1,NA,NA,1.2,0,1,1,1,0,0,3.0530303030303,600,0
2016,20,"1181*A",1604.993440822,-1374.08419142,"Arenaria congesta",2,1,1,3,0,0,0,1,0,0,1.30188679245283,342.316809393195,33.8563574981891
2016,20,"1181*B",1603.648389712,-1373.40750056,"Arenaria congesta",2,NA,NA,3,0,0,1,1,0,0,1.30188679245283,299.482218169081,33.8563574981944
2016,20,"1181*C",1600.641011357,-1379.44780141,"Arenaria congesta",2,NA,NA,3,0,0,1,1,0,0,1.30188679245283,436.822309235828,0
2016,20,"1181*D",1608.93364756,-1365.72949482,"Arenaria congesta",2,NA,NA,3,0,0,1,1,0,0,1.30188679245283,416.768571436153,0
2016,20,"1181*E",1598.304744538,-1368.47745765,"Arenaria congesta",2,NA,NA,3,0,0,1,1,0,0,1.30188679245283,0,0
2016,20,"1181*F",1598.493012817,-1367.54631727,"Arenaria congesta",2,NA,NA,3,0,0,1,1,0,0,1.30188679245283,0,0
2016,20,"1181*G",1606.116802915,-1366.88602572,"Arenaria congesta",2,NA,NA,3,0,0,1,0,1,0,1.30188679245283,328.345032822439,23.6111210169089
2016,20,"1181*H",1598.280709808,-1374.01665632,"Arenaria congesta",2,NA,NA,3,0,0,1,0,1,0,1.30188679245283,0,0
2016,20,"1181*I",1607.80227502,-1377.73543615,"Arenaria congesta",2,NA,NA,3,0,0,1,0,1,0,1.30188679245283,326.011436628236,38.5957313118911
2016,20,"1181*J",1604.346491161,-1367.08795571,"Arenaria congesta",2,NA,NA,3,0,0,1,0,1,0,1.30188679245283,231.386728785114,23.6111210169083
2016,20,"1181*K",1606.287242963,-1364.04981439,"Arenaria congesta",2,NA,NA,3,0,0,1,0,1,0,1.30188679245283,346.568646968258,0
2016,20,"1181*L",1601.905154934,-1368.87439401,"Arenaria congesta",2,NA,NA,3,0,0,1,0,1,0,1.30188679245283,199.999999999992,0
2017,20,"1181*A",1605.110316213,-1374.32939041,"Arenaria congesta",2,2,0,3,0,0,0,1,0,0,1.28571428571429,315.518800264218,28.2015583508383
2017,20,"1181*B",1603.607023796,-1373.57308886,"Arenaria congesta",2,2,0,3,0,0,0,0,1,0,1.28571428571429,306.376949812697,27.1713991199359
2017,20,"1181*C",1600.245836223,-1380.32401334,"Arenaria congesta",2,2,0,3,0,0,0,0,1,0,1.28571428571429,399.999999999978,0
2017,20,"1181*D",1609.514076685,-1364.99178832,"Arenaria congesta",2,2,0,3,0,0,0,0,1,0,1.28571428571429,612.485774794216,0
2017,20,"1181*E",1597.634714483,-1368.0630409,"Arenaria congesta",2,2,0,3,0,0,0,0,1,0,1.28571428571429,0,0
2017,20,"1181*F",1597.845131972,-1367.0223546,"Arenaria congesta",2,2,0,3,0,0,0,0,1,0,1.28571428571429,0,0
2018,20,"1181*A",1604,-1372,"Arenaria congesta",1,2,-1,2,0,0,0,1,0,0,1.12213740458015,199.999999999983,0
2019,20,"1181*A",1604,-1372,"Arenaria congesta",2,1,1,2,0,0,0,1,0,0,0.5,200.00000000002,109.248505857189
2015,20,"1182*A",1623,-1356,"Eriogonum umbellatum",1.5,NA,NA,1.5,0,1,1,1,0,0,3.0530303030303,246.59327,200
2016,20,"1182*A",1623,-1356,"Eriogonum umbellatum",1,1.5,-0.5,1,0,0,0,1,0,0,1.30188679245283,36.3576398999913,279.12902668363
2017,20,"1182*A",1623,-1356,"Eriogonum umbellatum",1,1,0,1.5,0,0,0,1,0,0,1.28571428571429,28.1617910204675,199.999999999994
2018,20,"1182*A",1623,-1356,"Eriogonum umbellatum",0,1,-1,0,0,0,0,0,0,1,1.12213740458015,0,0
2015,20,"1183*A",1649.16875391,-1367.4519899,"Arenaria congesta",0.5,NA,NA,0.5,0,1,1,1,0,0,3.0530303030303,531.8932,0
2015,20,"1183*B",1647.58634084,-1366.65588301,"Arenaria congesta",0.5,NA,NA,0.5,0,1,1,1,0,0,3.0530303030303,500,0
2015,20,"1183*C",1644.04824866,-1373.76211931,"Arenaria congesta",0.5,NA,NA,0.5,0,1,1,1,0,0,3.0530303030303,300,0
2015,20,"1183*D",1653.80429125,-1357.62293508,"Arenaria congesta",0.5,NA,NA,0.5,0,1,1,1,0,0,3.0530303030303,684.09621,0
2015,20,"1183*E",1641.29969946,-1360.85583253,"Arenaria congesta",0.5,NA,NA,0.5,0,1,1,1,0,0,3.0530303030303,400,0
2015,20,"1183*F",1641.52119155,-1359.76037326,"Arenaria congesta",0.5,NA,NA,0.5,0,1,1,1,0,0,3.0530303030303,400,0
2015,20,"1183*G",1650.49035637,-1358.98355967,"Arenaria congesta",0.5,NA,NA,0.5,0,1,1,1,0,0,3.0530303030303,700,0
2015,20,"1183*H",1641.2714233,-1367.37253685,"Arenaria congesta",0.5,NA,NA,0.5,0,1,1,1,0,0,3.0530303030303,500,0
2015,20,"1183*I",1652.47326473,-1371.74757194,"Arenaria congesta",0.5,NA,NA,0.5,0,1,1,1,0,0,3.0530303030303,600,0
2015,20,"1183*J",1648.40763666,-1359.22112437,"Arenaria congesta",0.5,NA,NA,0.5,0,1,1,1,0,0,3.0530303030303,600,0
2015,20,"1183*K",1650.69087407,-1355.64684046,"Arenaria congesta",0.5,NA,NA,0.5,0,1,1,1,0,0,3.0530303030303,600,0
2015,20,"1183*L",1645.53547639,-1361.32281648,"Arenaria congesta",0.5,NA,NA,0.5,0,1,1,1,0,0,3.0530303030303,500,0
2015,20,"1183*M",1655.0211036,-1371.69427189,"Arenaria congesta",0.5,NA,NA,0.5,0,1,1,1,0,0,3.0530303030303,600,0
2015,20,"1183*N",1657.35917697,-1363.66366026,"Arenaria congesta",0.5,NA,NA,0.5,0,1,1,1,0,0,3.0530303030303,700,0
2015,20,"1183*O",1647.46261327,-1356.89081797,"Arenaria congesta",0.5,NA,NA,0.5,0,1,1,1,0,0,3.0530303030303,594.5897,0
2015,20,"1183*P",1653.09889899,-1364.42608888,"Arenaria congesta",0.5,NA,NA,0.5,0,1,1,0,1,0,3.0530303030303,604.150922,0
2015,20,"1183*Q",1638.76628072,-1366.93012051,"Arenaria congesta",0.5,NA,NA,0.5,0,1,1,0,1,0,3.0530303030303,204.526369,0
2015,20,"1183*R",1651.18736206,-1372.49585878,"Arenaria congesta",0.5,NA,NA,0.5,0,1,1,0,1,0,3.0530303030303,596.04373,0
2015,20,"1183*S",1641.70209921,-1363.01704596,"Arenaria congesta",0.5,NA,NA,0.5,0,1,1,0,1,0,3.0530303030303,400,0
2015,20,"1183*T",1645.49515668,-1369.48243166,"Arenaria congesta",0.5,NA,NA,0.5,0,1,1,0,1,0,3.0530303030303,500,0
2015,20,"1183*U",1646.01028807,-1373.69726756,"Arenaria congesta",0.5,NA,NA,0.5,0,1,1,0,1,0,3.0530303030303,400,0
2016,20,"1183*A",1648.87656543,-1366.83899243,"Arenaria congesta",1,0.5,0.5,1,0,0,0,1,0,0,1.30188679245283,486.664946903017,0.693028955821698
2016,20,"1183*B",1647.68975563,-1366.24191225,"Arenaria congesta",1,0.5,0.5,1,0,0,0,1,0,0,1.30188679245283,399.999999999988,0.693028955819871
2016,20,"1183*C",1645.03618649,-1371.57158948,"Arenaria congesta",1,0.5,0.5,1,0,0,0,1,0,0,1.30188679245283,499.196882764069,0
2016,20,"1183*D",1652.35321844,-1359.46720131,"Arenaria congesta",1,0.5,0.5,1,0,0,0,1,0,0,1.30188679245283,299.999999999965,0
2016,20,"1183*E",1642.97477459,-1361.8918744,"Arenaria congesta",1,0.5,0.5,1,0,0,0,1,0,0,1.30188679245283,212.018567913149,27.405143284122
2016,20,"1183*F",1643.14089366,-1361.07027995,"Arenaria congesta",1,0.5,0.5,1,0,0,0,1,0,0,1.30188679245283,199.999999999964,27.405143284126
2016,20,"1183*G",1649.86776728,-1360.48766975,"Arenaria congesta",1,0.5,0.5,1,0,0,0,1,0,0,1.30188679245283,311.215150187252,0
2016,20,"1183*H",1642.95356748,-1366.77940264,"Arenaria congesta",1,0.5,0.5,1,0,0,0,1,0,0,1.30188679245283,404.414422119158,0
2016,20,"1183*I",1651.35494855,-1370.06067895,"Arenaria congesta",1,0.5,0.5,1,0,0,0,1,0,0,1.30188679245283,499.999999999914,0
2016,20,"1183*J",1648.3057275,-1360.66584327,"Arenaria congesta",1,0.5,0.5,1,0,0,0,1,0,0,1.30188679245283,313.946306771162,0
2016,20,"1183*K",1650.01815556,-1357.98513034,"Arenaria congesta",1,0.5,0.5,1,0,0,0,0,1,0,1.30188679245283,232.93790478716,0
2016,20,"1183*L",1646.15160729,-1362.24211236,"Arenaria congesta",1,0.5,0.5,1,0,0,0,0,1,0,1.30188679245283,396.098932155092,0
2016,20,"1183*M",1653.2658277,-1370.02070391,"Arenaria congesta",1,0.5,0.5,1,0,0,0,0,1,0,1.30188679245283,500.000000000015,0
2016,20,"1183*N",1655.01938273,-1363.99774519,"Arenaria congesta",1,0.5,0.5,1,0,0,0,0,1,0,1.30188679245283,456.818161804536,0
2016,20,"1183*O",1647.59695995,-1358.91811348,"Arenaria congesta",1,0.5,0.5,1,0,0,0,0,1,0,1.30188679245283,231.284007431875,0
2017,20,"1183*A",1648.99344082,-1367.08419142,"Arenaria congesta",2,1,1,2,0,0,0,1,0,0,1.28571428571429,303.767852115834,33.8563574981891
2017,20,"1183*B",1647.64838971,-1366.40750056,"Arenaria congesta",2,1,1,2,0,0,0,1,0,0,1.28571428571429,299.999999999983,33.8563574981983
2017,20,"1183*C",1644.64101136,-1372.44780141,"Arenaria congesta",2,1,1,2,0,0,0,1,0,0,1.28571428571429,300.000000000006,0
2017,20,"1183*D",1652.93364756,-1358.72949482,"Arenaria congesta",2,1,1,2,0,0,0,1,0,0,1.28571428571429,420.126278407135,0
2017,20,"1183*E",1642.30474454,-1361.47745765,"Arenaria congesta",2,1,1,2,0,0,0,1,0,0,1.28571428571429,327.117398124839,56.8432801166471
2017,20,"1183*F",1642.49301282,-1360.54631727,"Arenaria congesta",2,1,1,2,0,0,0,1,0,0,1.28571428571429,364.583289188418,56.8432801166391
2017,20,"1183*G",1650.11680292,-1359.88602572,"Arenaria congesta",2,1,1,2,0,0,0,1,0,0,1.28571428571429,370.790165706673,23.6111208065792
2017,20,"1183*H",1642.28070981,-1367.01665632,"Arenaria congesta",2,1,1,2,0,0,0,1,0,0,1.28571428571429,300.000000000042,40.1821918381063
2017,20,"1183*I",1651.80227502,-1370.73543615,"Arenaria congesta",2,1,1,2,0,0,0,1,0,0,1.28571428571429,358.355509871962,0
2017,20,"1183*J",1648.34649116,-1360.08795571,"Arenaria congesta",2,1,1,2,0,0,0,0,1,0,1.28571428571429,307.856984756656,23.6111208065774
2018,20,"1183*A",1648.81812774,-1366.71639293,"Arenaria congesta",4,2,2,4,1,0,0,1,0,0,1.12213740458015,200.000000000002,71.4960699212341
2018,20,"1183*B",1647.71043859,-1366.1591181,"Arenaria congesta",4,2,2,4,1,0,0,1,0,0,1.12213740458015,200.000000000004,71.4960699212351
2018,20,"1183*C",1645.23377406,-1371.13348351,"Arenaria congesta",4,2,2,4,0,0,0,1,0,0,1.12213740458015,199.999999999995,0.752070671938988
2018,20,"1183*D",1652.06300387,-1359.83605456,"Arenaria congesta",4,2,2,4,0,0,0,1,0,0,1.12213740458015,200.000000000002,0
2019,20,"1183*A",1648.96422197,-1367.02289167,"Arenaria congesta",1.5,4,-2.5,4,0,0,0,1,0,0,0.5,200.000000000068,20.4344149341612
2019,20,"1183*B",1647.65873119,-1366.36610348,"Arenaria congesta",1.5,4,-2.5,4,0,0,0,1,0,0,0.5,200.000000000068,23.8009486958295
2019,20,"1183*C",1644.73980514,-1372.22874843,"Arenaria congesta",1.5,4,-2.5,4,0,0,0,1,0,0,0.5,199.999999999981,22.9966259480852
2019,20,"1183*D",1652.78854028,-1358.91392144,"Arenaria congesta",1.5,4,-2.5,4,0,0,0,1,0,0,0.5,199.999999999991,99.9999999999957
2018,20,"1183*E",1642.47225205,-1361.58106184,"Arenaria congesta",0,2,-2,0,0,0,0,1,0,0,1.12213740458015,0,0
2019,20,"1183*E",1642.47225205,-1361.58106184,"Arenaria congesta",1.5,0,1.5,4,0,0,0,1,0,0,0.5,200.000000000024,148.03725030044
2018,20,"1183*F",1642.65498303,-1360.67730794,"Arenaria congesta",0,2,-2,0,0,0,0,1,0,0,1.12213740458015,0,0
2019,20,"1183*F",1642.65498303,-1360.67730794,"Arenaria congesta",1.5,0,1.5,4,0,0,0,1,0,0,0.5,200.000000000054,144.95797820109
2018,20,"1183*G",1650.05454401,-1360.03643673,"Arenaria congesta",0,2,-2,0,0,0,0,1,0,0,1.12213740458015,0,0
2019,20,"1183*G",1650.05454401,-1360.03643673,"Arenaria congesta",1.5,0,1.5,4,0,0,0,1,0,0,0.5,199.999999999978,44.3182329066547
2018,20,"1183*H",1642.44892423,-1366.9573429,"Arenaria congesta",0,2,-2,0,0,0,0,1,0,0,1.12213740458015,0,0
2019,20,"1183*H",1642.44892423,-1366.9573429,"Arenaria congesta",1.5,0,1.5,4,0,0,0,1,0,0,0.5,199.999999999993,176.583244181995
2018,20,"1183*I",1651.6904434,-1370.56674685,"Arenaria congesta",0,2,-2,0,0,0,0,1,0,0,1.12213740458015,0,0
2019,20,"1183*I",1651.6904434,-1370.56674685,"Arenaria congesta",1.5,0,1.5,4,0,0,0,1,0,0,0.5,200.000000000014,0
2015,20,"1184*A",1638,-1372,"Lupinus argenteus",4,NA,NA,2,0,0,1,1,0,0,3.0530303030303,267.93914,0
2016,20,"1184*A",1638,-1372,"Lupinus argenteus",0,4,-4,0,0,0,0,0,0,1,1.30188679245283,0,0
2015,20,"1185*A",1633,-1373,"Senecio crassulus",0.4,NA,NA,1,0,1,1,1,0,0,3.0530303030303,200,0
2016,20,"1185*A",1633,-1373,"Senecio crassulus",0,0.4,-0.4,0,0,0,0,0,0,1,1.30188679245283,0,0
2015,20,"1186*A",1633,-1375,"Eriogonum umbellatum",0,NA,NA,0,0,1,1,0,0,1,3.0530303030303,0,0
2015,20,"1187*A",1654,-1355,"Lupinus argenteus",10,NA,NA,5,0,0,1,1,0,0,3.0530303030303,335.0403151,203.646193
2016,20,"1187*A",1654,-1355,"Lupinus argenteus",0,10,-10,0,0,0,0,0,0,1,1.30188679245283,0,0
2015,20,"1188*A",1685,-1381,"Lupinus argenteus",9,NA,NA,5,0,0,1,1,0,0,3.0530303030303,426.360587,0
2016,20,"1188*A",1685,-1381,"Lupinus argenteus",0,9,-9,0,0,0,0,0,0,1,1.30188679245283,0,0
2015,20,"1189*A",1693,-1346,"Lupinus argenteus",2.5,NA,NA,3,0,1,1,1,0,0,3.0530303030303,200,0
2016,20,"1189*A",1693,-1346,"Lupinus argenteus",0,2.5,-2.5,0,0,0,0,0,0,1,1.30188679245283,0,0
2014,11,"119*A",90,-985,"Lupinus argenteus",14,NA,NA,7,0,0,NA,1,0,0,2.52336448598131,106.393185013072,143.74788184723
2015,11,"119*A",90,-985,"Lupinus argenteus",16,14,2,9,0,0,0,1,0,0,3.0530303030303,119.784862957714,137.252724933504
2016,11,"119*A",90,-985,"Lupinus argenteus",5,16,-11,8,0,0,0,1,0,0,1.30188679245283,200,133.87611794569
2017,11,"119*A",90,-985,"Lupinus argenteus",5,5,0,2,0,0,0,1,0,0,1.28571428571429,99.9999999999999,19.7883682027644
2018,11,"119*A",90,-985,"Lupinus argenteus",0,5,-5,0,0,0,0,0,0,1,1.12213740458015,0,0
2015,20,"1190*A",1717,-1374,"Lupinus argenteus",2.5,NA,NA,4,0,1,1,1,0,0,3.0530303030303,200,0
2016,20,"1190*A",1717,-1374,"Lupinus argenteus",1,2.5,-1.5,1,0,0,0,1,0,0,1.30188679245283,199.999999999982,0
2017,20,"1190*A",1717,-1374,"Lupinus argenteus",0,1,-1,0,0,0,0,0,0,1,1.28571428571429,0,0
2015,20,"1191*A",1795,-1385,"Lupinus argenteus",3.5,NA,NA,3,0,1,1,1,0,0,3.0530303030303,0,0
2016,20,"1191*A",1795,-1385,"Lupinus argenteus",3,3.5,-0.5,3,0,0,0,1,0,0,1.30188679245283,0,0
2017,20,"1191*A",1795,-1385,"Lupinus argenteus",5,3,2,2,0,0,0,1,0,0,1.28571428571429,0,0
2018,20,"1191*A",1795,-1385,"Lupinus argenteus",0,5,-5,0,0,0,0,0,0,1,1.12213740458015,0,0
2015,20,"1192*A",1795,-1315,"Chaenactis douglasii",1,NA,NA,0.5,0,1,1,1,0,0,3.0530303030303,100,0
2016,20,"1192*A",1795,-1315,"Chaenactis douglasii",0,1,-1,0,0,0,0,0,0,1,1.30188679245283,0,0
2015,20,"1193*A",1734,-1214,"Lupinus argenteus",2.5,NA,NA,2,0,1,1,1,0,0,3.0530303030303,100,0
2016,20,"1193*A",1734,-1214,"Lupinus argenteus",3,2.5,0.5,4,0,0,0,1,0,0,1.30188679245283,102.187230897437,0
2017,20,"1193*A",1734,-1214,"Lupinus argenteus",1.5,3,-1.5,1,0,0,0,1,0,0,1.28571428571429,100.000000000006,0
2018,20,"1193*A",1734,-1214,"Lupinus argenteus",0,1.5,-1.5,0,0,0,0,0,0,1,1.12213740458015,0,0
2015,20,"1194*A",1785,-1208,"Lupinus argenteus",2,NA,NA,2.5,0,1,1,1,0,0,3.0530303030303,100,340.876411
2016,20,"1194*A",1785,-1208,"Lupinus argenteus",0,2,-2,0,0,0,0,0,0,1,1.30188679245283,0,0
2015,20,"1195*A",1787,-1207,"Lupinus argenteus",2,NA,NA,2.5,0,1,1,1,0,0,3.0530303030303,100,299.73051
2016,20,"1195*A",1787,-1207,"Lupinus argenteus",0,2,-2,0,0,0,0,0,0,1,1.30188679245283,0,0
2015,20,"1196*A",1786,-1212,"Lupinus argenteus",2,NA,NA,2.5,0,1,1,1,0,0,3.0530303030303,112.11999,344.66004
2016,20,"1196*A",1786,-1212,"Lupinus argenteus",0,2,-2,0,0,0,0,0,0,1,1.30188679245283,0,0
2015,20,"1197*A",1762,-1230,"Eriogonum umbellatum",1.5,NA,NA,0.5,0,1,1,1,0,0,3.0530303030303,382.498805,100
2016,20,"1197*A",1762,-1230,"Eriogonum umbellatum",1.5,1.5,0,0.5,0,0,0,1,0,0,1.30188679245283,387.191508354041,99.9999999999988
2017,20,"1197*A",1762,-1230,"Eriogonum umbellatum",0,1.5,-1.5,0,0,0,0,0,0,1,1.28571428571429,0,0
2015,20,"1198*A",1755,-1233,"Lupinus argenteus",2.5,NA,NA,2,0,1,1,1,0,0,3.0530303030303,100,6.93671321
2016,20,"1198*A",1755,-1233,"Lupinus argenteus",5,2.5,2.5,3,0,0,0,1,0,0,1.30188679245283,144.553435175852,199.999999999994
2017,20,"1198*A",1755,-1233,"Lupinus argenteus",5.5,5,0.5,5,0,0,0,1,0,0,1.28571428571429,209.006657961731,120.229820510148
2018,20,"1198*A",1755,-1233,"Lupinus argenteus",0,5.5,-5.5,0,0,0,0,0,0,1,1.12213740458015,0,0
2015,20,"1199*A",1755,-1238,"Lupinus argenteus",2.5,NA,NA,2.5,0,1,1,1,0,0,3.0530303030303,100,65.67370751
2016,20,"1199*A",1755,-1238,"Lupinus argenteus",0,2.5,-2.5,0,0,0,0,0,0,1,1.30188679245283,0,0
2014,1,"12*A",195,-78,"Ivesia gordonii",14,NA,NA,5,2,0,NA,1,0,0,2.52336448598131,99.9999999999999,97.2143376384713
2015,1,"12*A",195,-78,"Ivesia gordonii",12,14,-2,6,5,0,0,1,0,0,3.0530303030303,100,114.698608280213
2016,1,"12*A",195,-78,"Ivesia gordonii",13,12,1,6.2,8,0,0,1,0,0,1.30188679245283,100.752500755256,101.280575470619
2017,1,"12*A",195,-78,"Ivesia gordonii",0,13,-13,0,0,0,0,0,0,1,1.28571428571429,0,0
2014,11,"120*A",95,-990,"Lupinus argenteus",10,NA,NA,6,0,0,NA,1,0,0,2.52336448598131,99.9999999999999,185.76529034274
2015,11,"120*A",95,-990,"Lupinus argenteus",10,10,0,7,0,0,0,1,0,0,3.0530303030303,106.190016827241,191.515990407148
2016,11,"120*A",95,-990,"Lupinus argenteus",0,10,-10,0,0,0,0,0,0,1,1.30188679245283,0,0
2015,20,"1200*A",1753,-1238,"Lupinus argenteus",3,NA,NA,3,0,1,1,1,0,0,3.0530303030303,100,45.9944528
2016,20,"1200*A",1753,-1238,"Lupinus argenteus",0,3,-3,0,0,0,0,0,0,1,1.30188679245283,0,0
2015,20,"1201*A",1740,-1213,"Lupinus argenteus",1.5,NA,NA,1,0,1,1,1,0,0,3.0530303030303,100,112.95305
2016,20,"1201*A",1740,-1213,"Lupinus argenteus",0,1.5,-1.5,0,0,0,0,0,0,1,1.30188679245283,0,0
2015,20,"1202*A",1695,-1285,"Lupinus argenteus",2.5,NA,NA,2,0,1,1,1,0,0,3.0530303030303,267.42885,0
2016,20,"1202*A",1695,-1285,"Lupinus argenteus",3,2.5,0.5,3.5,0,0,0,1,0,0,1.30188679245283,300,0
2017,20,"1202*A",1695,-1285,"Lupinus argenteus",0,3,-3,0,0,0,0,0,0,1,1.28571428571429,0,0
2015,20,"1203*A",1675,-1222,"Lupinus argenteus",0,NA,NA,0,0,1,1,0,0,1,3.0530303030303,0,0
2015,20,"1204*A",1730,-1280,"Lupinus argenteus",2.5,NA,NA,1.5,0,1,1,1,0,0,3.0530303030303,205.501907,0
2016,20,"1204*A",1730,-1280,"Lupinus argenteus",0,2.5,-2.5,0,0,0,0,0,0,1,1.30188679245283,0,0
2015,20,"1205*A",1650,-1212,"Lupinus argenteus",2.5,NA,NA,2,0,1,1,1,0,0,3.0530303030303,139.11367,0
2016,20,"1205*A",1650,-1212,"Lupinus argenteus",0,2.5,-2.5,0,0,0,0,0,0,1,1.30188679245283,0,0
2015,20,"1206*A",1655,-1218,"Lupinus argenteus",2,NA,NA,2,0,1,1,1,0,0,3.0530303030303,100,0
2016,20,"1206*A",1655,-1218,"Lupinus argenteus",0,2,-2,0,0,0,0,0,0,1,1.30188679245283,0,0
2015,20,"1207*A",1759,-1240,"Senecio crassulus",0.9,NA,NA,0.5,0,1,1,1,0,0,3.0530303030303,100,0
2016,20,"1207*A",1759,-1240,"Senecio crassulus",0,0.9,-0.9,0,0,0,0,0,0,1,1.30188679245283,0,0
2015,21,"1208*A",15,-1640,"Ivesia gordonii",0.7,NA,NA,1,0,1,1,1,0,0,3.0530303030303,200,0
2016,21,"1208*A",15,-1640,"Ivesia gordonii",0,0.7,-0.7,0,0,0,0,0,0,1,1.30188679245283,0,0
2015,21,"1209*A",120,-1675,"Eriogonum umbellatum",1.1,NA,NA,0.6,0,1,1,1,0,0,3.0530303030303,0,300
2016,21,"1209*A",120,-1675,"Eriogonum umbellatum",0,1.1,-1.1,0,0,0,0,0,0,1,1.30188679245283,0,0
2014,11,"121*A",90,-964,"Eriogonum umbellatum",22,NA,NA,2,1,0,NA,1,0,0,2.52336448598131,76.9063516984526,0
2015,11,"121*A",90,-964,"Eriogonum umbellatum",22,22,0,2,1,0,0,1,0,0,3.0530303030303,77.6207171675065,0.0798772460374859
2016,11,"121*A",90,-964,"Eriogonum umbellatum",23.7,22,1.7,4.8,0,0,0,1,0,0,1.30188679245283,92.9386230105598,0
2017,11,"121*A",90,-964,"Eriogonum umbellatum",27,23.7,3.3,2.5,0,0,0,1,0,0,1.28571428571429,16.3474364029225,0
2018,11,"121*A",90,-964,"Eriogonum umbellatum",18,27,-9,3,3,0,0,1,0,0,1.12213740458015,44.4931028478688,0
2019,11,"121*A",90,-964,"Eriogonum umbellatum",19.5,18,1.5,3,15,0,0,1,0,0,0.5,17.8520688784394,0
2015,21,"1210*A",107,-1655,"Lupinus argenteus",4.5,NA,NA,2,0,1,1,1,0,0,3.0530303030303,300,0
2016,21,"1210*A",107,-1655,"Lupinus argenteus",3,4.5,-1.5,3,0,0,0,1,0,0,1.30188679245283,300.000000000003,0
2017,21,"1210*A",107,-1655,"Lupinus argenteus",5,3,2,3.5,0,0,0,1,0,0,1.28571428571429,300,0
2018,21,"1210*A",107,-1655,"Lupinus argenteus",0,5,-5,0,0,0,0,0,0,1,1.12213740458015,0,0
2014,22,"1211*A",537,-1753,"Phacelia hastata",7,NA,NA,2.5,0,0,NA,1,0,0,2.52336448598131,300,0
2015,22,"1211*A",537,-1753,"Phacelia hastata",7,7,0,2.5,0,0,0,1,0,0,3.0530303030303,300,0
2016,22,"1211*A",537,-1753,"Phacelia hastata",7,7,0,3,1,0,0,1,0,0,1.30188679245283,300.000000000003,0
2017,22,"1211*A",537,-1753,"Phacelia hastata",13,7,6,3,1,0,0,1,0,0,1.28571428571429,323.499914365072,0
2018,22,"1211*A",537,-1753,"Phacelia hastata",6.5,13,-6.5,3,0,0,0,1,0,0,1.12213740458015,200.017991122292,0.116170578445713
2019,22,"1211*A",537,-1753,"Phacelia hastata",6,6.5,-0.5,4,0,0,0,1,0,0,0.5,200.000000000002,0
2015,22,"1212*A",562,-1745,"Agoseris glauca",5,NA,NA,7,0,0,1,1,0,0,3.0530303030303,200,0
2016,22,"1212*A",562,-1745,"Agoseris glauca",9,5,4,7,1,0,0,1,0,0,1.30188679245283,200.000000000006,0
2017,22,"1212*A",562,-1745,"Agoseris glauca",13,9,4,8,3,0,0,1,0,0,1.28571428571429,199.999999999996,0
2018,22,"1212*A",562,-1745,"Agoseris glauca",0,13,-13,0,0,0,0,0,0,1,1.12213740458015,0,0
2015,22,"1213*A",600,-1790,"Lupinus argenteus",1,NA,NA,1.5,0,1,1,1,0,0,3.0530303030303,100,0
2016,22,"1213*A",600,-1790,"Lupinus argenteus",3,1,2,3,0,0,0,1,0,0,1.30188679245283,100.000000000001,0
2017,22,"1213*A",600,-1790,"Lupinus argenteus",7.5,3,4.5,5,0,0,0,1,0,0,1.28571428571429,99.9999999999997,0
2018,22,"1213*A",600,-1790,"Lupinus argenteus",7,7.5,-0.5,5,0,0,0,1,0,0,1.12213740458015,100,0
2019,22,"1213*A",600,-1790,"Lupinus argenteus",0,7,-7,0,0,0,0,0,0,1,0.5,0,0
2015,23,"1214*A",850,-1750,"Lupinus argenteus",2,NA,NA,1,0,1,1,1,0,0,3.0530303030303,0,0
2016,23,"1214*A",850,-1750,"Lupinus argenteus",2.5,2,0.5,3,0,0,0,1,0,0,1.30188679245283,95.2413204733148,0
2017,23,"1214*A",850,-1750,"Lupinus argenteus",4,2.5,1.5,3,0,0,0,1,0,0,1.28571428571429,24.4431060627432,0
2018,23,"1214*A",850,-1750,"Lupinus argenteus",0,4,-4,0,0,0,0,0,0,1,1.12213740458015,0,0
2015,23,"1215*A",850,-1628,"Lupinus argenteus",2.5,NA,NA,2,0,1,1,1,0,0,3.0530303030303,0,0
2016,23,"1215*A",850,-1628,"Lupinus argenteus",1.5,2.5,-1,1.5,0,0,0,1,0,0,1.30188679245283,0,0
2017,23,"1215*A",850,-1628,"Lupinus argenteus",0,1.5,-1.5,0,0,0,0,0,0,1,1.28571428571429,0,0
2015,24,"1216*A",1280,-1625,"Pseudocymopterus montanus",3,NA,NA,3,0,0,1,1,0,0,3.0530303030303,200,0
2016,24,"1216*A",1280,-1625,"Pseudocymopterus montanus",3.5,3,0.5,6,0,0,0,1,0,0,1.30188679245283,200.000000000008,0
2017,24,"1216*A",1280,-1625,"Pseudocymopterus montanus",8,3.5,4.5,7,0,0,0,1,0,0,1.28571428571429,199.999999999995,0
2018,24,"1216*A",1280,-1625,"Pseudocymopterus montanus",0,8,-8,0,0,0,0,0,0,1,1.12213740458015,0,0
2014,12,"122*A",542,-831,"Ivesia gordonii",14,NA,NA,4,0,0,NA,1,0,0,2.52336448598131,0,100
2015,12,"122*A",542,-831,"Ivesia gordonii",12,14,-2,3,6,0,0,1,0,0,3.0530303030303,0,100
2016,12,"122*A",542,-831,"Ivesia gordonii",16.7,12,4.7,7.5,5,0,0,1,0,0,1.30188679245283,0,83.2431706165321
2017,12,"122*A",542,-831,"Ivesia gordonii",7,16.7,-9.7,4,0,0,0,1,0,0,1.28571428571429,0,99.9999999999999
2018,12,"122*A",542,-831,"Ivesia gordonii",9,7,2,3,0,0,0,1,0,0,1.12213740458015,0,99.9999999999997
2019,12,"122*A",542,-831,"Ivesia gordonii",14.5,9,5.5,4.5,6,0,0,1,0,0,0.5,0,94.9699311919884
2017,25,"1220*A",1755,-1725,"Lupinus argenteus",7.5,NA,NA,7,0,0,1,1,0,0,1.28571428571429,0,0
2018,25,"1220*A",1755,-1725,"Lupinus argenteus",0,7.5,-7.5,0,0,0,0,0,0,1,1.12213740458015,0,0
2015,25,"1220-old*A",1755,-1725,"Lupinus argenteus",0,NA,NA,0,0,1,1,0,0,1,3.0530303030303,0,0
2015,25,"1221*A",1767,-1665,"Lupinus argenteus",13,NA,NA,6,0,0,1,1,0,0,3.0530303030303,0,56.73493
2016,25,"1221*A",1767,-1665,"Lupinus argenteus",0,13,-13,0,0,0,0,0,0,1,1.30188679245283,0,0
2015,25,"1222*A",1775,-1620,"Lupinus argenteus",13,NA,NA,5,0,0,1,1,0,0,3.0530303030303,0,0
2016,25,"1222*A",1775,-1620,"Lupinus argenteus",0,13,-13,0,0,0,0,0,0,1,1.30188679245283,0,0
2015,25,"1223*A",1755,-1660,"Lupinus argenteus",8,NA,NA,4,0,0,1,1,0,0,3.0530303030303,0,43.92406
2016,25,"1223*A",1755,-1660,"Lupinus argenteus",0,8,-8,0,0,0,0,0,0,1,1.30188679245283,0,0
2014,27,"1224*A",485,-2200,"Elymus lanceolatus",11,NA,NA,9,0,0,NA,1,0,0,2.52336448598131,250.99541,0
2015,27,"1224*A",485,-2200,"Elymus lanceolatus",11,11,0,9,0,0,0,1,0,0,3.0530303030303,200,0
2016,27,"1224*A",485,-2200,"Elymus lanceolatus",16,11,5,11,0,0,0,1,0,0,1.30188679245283,256.217742411156,0
2017,27,"1224*A",485,-2200,"Elymus lanceolatus",13,16,-3,11,0,0,0,1,0,0,1.28571428571429,253.582776399631,0
2018,27,"1224*A",485,-2200,"Elymus lanceolatus",0,13,-13,0,0,0,0,0,0,1,1.12213740458015,0,0
2015,27,"1225*A",402,-2050,"Heterotheca villosa",0.5,NA,NA,0.5,0,1,1,1,0,0,3.0530303030303,400,100
2016,27,"1225*A",402,-2050,"Heterotheca villosa",0,0.5,-0.5,0,0,0,0,0,0,1,1.30188679245283,0,0
2015,27,"1226*A",400,-2054,"Ivesia gordonii",2,NA,NA,1.5,0,1,1,1,0,0,3.0530303030303,478.92534,0
2016,27,"1226*A",400,-2054,"Ivesia gordonii",1,2,-1,2,0,0,0,1,0,0,1.30188679245283,493.098511703577,0
2017,27,"1226*A",400,-2054,"Ivesia gordonii",2,1,1,1.5,0,0,0,1,0,0,1.28571428571429,500.00000000002,0
2018,27,"1226*A",400,-2054,"Ivesia gordonii",2.5,2,0.5,2,0,0,0,1,0,0,1.12213740458015,300,0
2019,27,"1226*A",400,-2054,"Ivesia gordonii",2.5,2.5,0,2,0,0,0,1,0,0,0.5,300,0
2015,27,"1227*A",404,-2018,"Agoseris glauca",0.5,NA,NA,0.5,0,1,1,1,0,0,3.0530303030303,266.92646,0
2016,27,"1227*A",404,-2018,"Agoseris glauca",1,0.5,0.5,1,0,0,0,1,0,0,1.30188679245283,258.540430453274,0
2017,27,"1227*A",404,-2018,"Agoseris glauca",1,1,0,2,0,0,0,1,0,0,1.28571428571429,299.999999999968,0
2018,27,"1227*A",404,-2018,"Agoseris glauca",0,1,-1,0,0,0,0,0,0,1,1.12213740458015,0,0
2015,27,"1228*A",418,-2064,"Eriogonum umbellatum",0,NA,NA,0,0,1,1,0,0,1,3.0530303030303,0,0
2015,27,"1229*A",500,-2136,"Arenaria congesta",3,NA,NA,2,0,0,1,1,0,0,3.0530303030303,600,0
2016,27,"1229*A",500,-2136,"Arenaria congesta",3,3,0,4,0,0,0,1,0,0,1.30188679245283,599.999999999999,0
2017,27,"1229*A",500,-2136,"Arenaria congesta",8,3,5,5,4,0,0,1,0,0,1.28571428571429,599.999999999998,0
2018,27,"1229*A",500,-2136,"Arenaria congesta",7,8,-1,4,8,0,0,1,0,0,1.12213740458015,447.45509198308,0
2019,27,"1229*A",500,-2136,"Arenaria congesta",11.5,7,4.5,11,11,0,0,1,0,0,0.5,500,0
2014,12,"123*A",535,-828,"Ivesia gordonii",24,NA,NA,6,2,0,NA,1,0,0,2.52336448598131,0,34.0708122971815
2015,12,"123*A",535,-828,"Ivesia gordonii",21,24,-3,6,10,0,0,1,0,0,3.0530303030303,0,32.6530612244897
2016,12,"123*A",535,-828,"Ivesia gordonii",18.2,21,-2.8,5.8,7,0,0,1,0,0,1.30188679245283,0,70.0872112463608
2017,12,"123*A",535,-828,"Ivesia gordonii",17.5,18.2,-0.7,5,6,0,0,1,0,0,1.28571428571429,0,16
2018,12,"123*A",535,-828,"Ivesia gordonii",18,17.5,0.5,3.5,0,0,0,1,0,0,1.12213740458015,0,25
2019,12,"123*A",535,-828,"Ivesia gordonii",19,18,1,5.5,11,0,0,1,0,0,0.5,0,55.3114349947803
2015,28,"1230*A",974,-2017,"Lupinus argenteus",2.5,NA,NA,1.5,0,1,1,1,0,0,3.0530303030303,300,10.10879
2016,28,"1230*A",974,-2017,"Lupinus argenteus",0,2.5,-2.5,0,0,0,0,0,0,1,1.30188679245283,0,0
2015,28,"1231*A",963,-2046,"Lupinus argenteus",0,NA,NA,0,0,1,1,0,0,1,3.0530303030303,0,0
2015,28,"1232*A",976,-2018,"Lupinus argenteus",1,NA,NA,1.5,0,1,1,1,0,0,3.0530303030303,300,63.17993
2016,28,"1232*A",976,-2018,"Lupinus argenteus",0,1,-1,0,0,0,0,0,0,1,1.30188679245283,0,0
2015,29,"1233*A",1347,-2090,"Lupinus argenteus",10,NA,NA,5,0,0,1,1,0,0,3.0530303030303,27.8934,40.16521
2016,29,"1233*A",1347,-2090,"Lupinus argenteus",10,10,0,6,0,0,0,1,0,0,1.30188679245283,5.833965,0
2017,29,"1233*A",1347,-2090,"Lupinus argenteus",0,10,-10,0,0,0,0,0,0,1,1.28571428571429,0,0
2015,29,"1234*A",1357,-2034,"Lupinus argenteus",8,NA,NA,4,0,0,1,1,0,0,3.0530303030303,0,16.88546196
2016,29,"1234*A",1357,-2034,"Lupinus argenteus",0,8,-8,0,0,0,0,0,0,1,1.30188679245283,0,0
2015,29,"1235*A",1398,-2035,"Lupinus argenteus",7.5,NA,NA,4,0,0,1,1,0,0,3.0530303030303,0,0
2016,29,"1235*A",1398,-2035,"Lupinus argenteus",12,7.5,4.5,6,0,0,0,1,0,0,1.30188679245283,0,0
2017,29,"1235*A",1398,-2035,"Lupinus argenteus",0,12,-12,0,0,0,0,0,0,1,1.28571428571429,0,0
2015,29,"1236*A",1224,-2012,"Lupinus argenteus",11,NA,NA,5,0,0,1,1,0,0,3.0530303030303,100,0
2016,29,"1236*A",1224,-2012,"Lupinus argenteus",0,11,-11,0,0,0,0,0,0,1,1.30188679245283,0,0
2015,31,"1237*A",8,-2418,"Lupinus argenteus",2.5,NA,NA,2,0,1,1,1,0,0,3.0530303030303,300,0
2016,31,"1237*A",8,-2418,"Lupinus argenteus",2.5,2.5,0,2.5,0,0,0,1,0,0,1.30188679245283,300,0
2017,31,"1237*A",8,-2418,"Lupinus argenteus",6.5,2.5,4,4,0,0,0,1,0,0,1.28571428571429,200,0
2018,31,"1237*A",8,-2418,"Lupinus argenteus",0,6.5,-6.5,0,0,0,0,0,0,1,1.12213740458015,0,0
2015,31,"1238*A",133,-2542,"Lupinus argenteus",0,NA,NA,0,0,1,1,0,0,1,3.0530303030303,0,0
2015,32,"1239*A",426,-2537,"Lupinus argenteus",2,NA,NA,1.5,0,1,1,1,0,0,3.0530303030303,0,0
2016,32,"1239*A",426,-2537,"Lupinus argenteus",4,2,2,4,0,0,0,1,0,0,1.30188679245283,43.60463,0
2017,32,"1239*A",426,-2537,"Lupinus argenteus",4,4,0,4,0,0,0,1,0,0,1.28571428571429,0,0
2018,32,"1239*A",426,-2537,"Lupinus argenteus",0,4,-4,0,0,0,0,0,0,1,1.12213740458015,0,0
2014,12,"124*A",541,-907,"Elymus lanceolatus",16,NA,NA,20,2,0,NA,1,0,0,2.52336448598131,24.4357351244243,0
2015,12,"124*A",541,-907,"Elymus lanceolatus",24,16,8,17,1,0,0,1,0,0,3.0530303030303,22.4998551032271,0
2016,12,"124*A",541,-907,"Elymus lanceolatus",18,24,-6,26,14,0,0,1,0,0,1.30188679245283,17.2456421459211,0
2017,12,"124*A",541,-907,"Elymus lanceolatus",19,18,1,18,1,0,0,1,0,0,1.28571428571429,26.7972355533564,0
2018,12,"124*A",541,-907,"Elymus lanceolatus",19.5,19,0.5,14,3,0,0,1,0,0,1.12213740458015,11.7637503244546,0
2019,12,"124*A",541,-907,"Elymus lanceolatus",23,19.5,3.5,9,0,0,0,1,0,0,0.5,11.7036546356285,0
2015,32,"1240*A",475,-2589,"Lupinus argenteus",2,NA,NA,2.5,0,1,1,1,0,0,3.0530303030303,100,0
2016,32,"1240*A",475,-2589,"Lupinus argenteus",1.5,2,-0.5,2,0,0,0,1,0,0,1.30188679245283,235.45282,0
2017,32,"1240*A",475,-2589,"Lupinus argenteus",1.5,1.5,0,1.5,0,0,0,1,0,0,1.28571428571429,199.999999999998,0
2018,32,"1240*A",475,-2589,"Lupinus argenteus",0,1.5,-1.5,0,0,0,0,0,0,1,1.12213740458015,0,0
2015,32,"1241*A",513,-2578,"Lupinus argenteus",1.5,NA,NA,1.5,0,1,1,1,0,0,3.0530303030303,200,0
2016,32,"1241*A",513,-2578,"Lupinus argenteus",3,1.5,1.5,3,0,0,0,1,0,0,1.30188679245283,200,0
2017,32,"1241*A",513,-2578,"Lupinus argenteus",5.5,3,2.5,4,0,0,0,1,0,0,1.28571428571429,200,0
2018,32,"1241*A",513,-2578,"Lupinus argenteus",4.5,5.5,-1,4.5,0,0,0,1,0,0,1.12213740458015,199.999999999999,0
2019,32,"1241*A",513,-2578,"Lupinus argenteus",0,4.5,-4.5,0,0,0,0,0,0,1,0.5,0,0
2015,32,"1242*A",525,-2541,"Lupinus argenteus",2.5,NA,NA,2.5,0,1,1,1,0,0,3.0530303030303,200,0
2016,32,"1242*A",525,-2541,"Lupinus argenteus",4.5,2.5,2,4,0,0,0,1,0,0,1.30188679245283,200,0
2017,32,"1242*A",525,-2541,"Lupinus argenteus",3.5,4.5,-1,3,0,0,0,1,0,0,1.28571428571429,200,0
2018,32,"1242*A",525,-2541,"Lupinus argenteus",4.5,3.5,1,3.5,0,0,0,1,0,0,1.12213740458015,107.935265251861,0
2019,32,"1242*A",525,-2541,"Lupinus argenteus",0,4.5,-4.5,0,0,0,0,0,0,1,0.5,0,0
2015,32,"1243*A",532,-2506,"Lupinus argenteus",2.5,NA,NA,2.5,0,1,1,1,0,0,3.0530303030303,100,0
2016,32,"1243*A",532,-2506,"Lupinus argenteus",4,2.5,1.5,4,0,0,0,1,0,0,1.30188679245283,100,0
2017,32,"1243*A",532,-2506,"Lupinus argenteus",10,4,6,4,0,0,0,1,0,0,1.28571428571429,100,0
2018,32,"1243*A",532,-2506,"Lupinus argenteus",11,10,1,4.5,0,0,0,1,0,0,1.12213740458015,99.9999999999997,0
2019,32,"1243*A",532,-2506,"Lupinus argenteus",4,11,-7,4.5,0,0,0,1,0,0,0.5,99.999999999999,0
2015,32,"1244*A",594,-2475,"Lupinus argenteus",1.5,NA,NA,2,0,1,1,1,0,0,3.0530303030303,0,0
2016,32,"1244*A",594,-2475,"Lupinus argenteus",2,1.5,0.5,2,0,0,0,1,0,0,1.30188679245283,0,0
2017,32,"1244*A",594,-2475,"Lupinus argenteus",6.5,2,4.5,4.5,0,0,0,1,0,0,1.28571428571429,0,0
2018,32,"1244*A",594,-2475,"Lupinus argenteus",3.5,6.5,-3,2.5,0,0,0,1,0,0,1.12213740458015,0,0
2019,32,"1244*A",594,-2475,"Lupinus argenteus",0,3.5,-3.5,0,0,0,0,0,0,1,0.5,0,0
2015,33,"1245*A",968,-2473,"Lupinus argenteus",2,NA,NA,1.5,0,1,1,1,0,0,3.0530303030303,300,0
2016,33,"1245*A",968,-2473,"Lupinus argenteus",2,2,0,1.5,0,0,0,1,0,0,1.30188679245283,280.70728,0
2017,33,"1245*A",968,-2473,"Lupinus argenteus",3.5,2,1.5,2,0,0,0,1,0,0,1.28571428571429,368.104840460425,0
2018,33,"1245*A",968,-2473,"Lupinus argenteus",0,3.5,-3.5,0,0,0,0,0,0,1,1.12213740458015,0,0
2015,32,"1246*A",599,-2523,"Lupinus argenteus",3,NA,NA,3,0,1,1,1,0,0,3.0530303030303,0,0
2016,32,"1246*A",599,-2523,"Lupinus argenteus",6,3,3,4,0,0,0,1,0,0,1.30188679245283,100,0
2017,32,"1246*A",599,-2523,"Lupinus argenteus",13,6,7,6,0,0,0,1,0,0,1.28571428571429,99.9999999999999,0
2018,32,"1246*A",599,-2523,"Lupinus argenteus",0,13,-13,0,0,0,0,0,0,1,1.12213740458015,0,0
2015,32,"1247*A",564,-2452,"Lupinus argenteus",0,NA,NA,0,0,1,1,0,0,1,3.0530303030303,0,0
2015,33,"1248*A",809,-2580,"Lupinus argenteus",3,NA,NA,2,0,1,1,1,0,0,3.0530303030303,200,0
2016,33,"1248*A",809,-2580,"Lupinus argenteus",8,3,5,5,0,0,0,1,0,0,1.30188679245283,300,0
2017,33,"1248*A",809,-2580,"Lupinus argenteus",7.5,8,-0.5,4,0,0,0,1,0,0,1.28571428571429,299.999999999999,0
2018,33,"1248*A",809,-2580,"Lupinus argenteus",10,7.5,2.5,7.5,0,0,0,1,0,0,1.12213740458015,300,0
2019,33,"1248*A",809,-2580,"Lupinus argenteus",11,10,1,7,0,0,0,1,0,0,0.5,300,0
2015,33,"1249*A",800,-2522,"Agoseris glauca",0.5,NA,NA,1.5,0,1,1,1,0,0,3.0530303030303,300,0
2016,33,"1249*A",800,-2522,"Agoseris glauca",1.5,0.5,1,2,0,0,0,1,0,0,1.30188679245283,300,0
2017,33,"1249*A",800,-2522,"Agoseris glauca",4,1.5,2.5,5,0,0,0,1,0,0,1.28571428571429,300.000000000018,0
2018,33,"1249*A",800,-2522,"Agoseris glauca",0,4,-4,0,0,0,0,0,0,1,1.12213740458015,0,0
2014,12,"125*A",550,-900,"Phacelia hastata",3,NA,NA,2,0,0,NA,1,0,0,2.52336448598131,0,98.0051805728964
2015,12,"125*A",550,-900,"Phacelia hastata",7,3,4,2.5,1,0,0,1,0,0,3.0530303030303,65.557530846575,0
2016,12,"125*A",550,-900,"Phacelia hastata",0,7,-7,0,0,0,0,0,0,1,1.30188679245283,0,0
2015,33,"1250*A",948,-2546,"Ivesia gordonii",0.5,NA,NA,0.5,0,1,1,1,0,0,3.0530303030303,300,0
2016,33,"1250*A",948,-2546,"Ivesia gordonii",3.5,0.5,3,3,0,0,0,1,0,0,1.30188679245283,300,185.51691
2017,33,"1250*A",948,-2546,"Ivesia gordonii",8,3.5,4.5,4,0,0,0,1,0,0,1.28571428571429,300.13708367115,123.49575271561
2018,33,"1250*A",948,-2546,"Ivesia gordonii",12,8,4,7,2,0,0,1,0,0,1.12213740458015,324.139163820257,78.746339254296
2019,33,"1250*A",948,-2546,"Ivesia gordonii",19,12,7,8,4,0,0,1,0,0,0.5,363.069859849235,74.7456092075713
2015,33,"1251*A",943,-2498,"Lupinus argenteus",2,NA,NA,2,0,1,1,1,0,0,3.0530303030303,366.01889,0
2016,33,"1251*A",943,-2498,"Lupinus argenteus",4,2,2,4,0,0,0,1,0,0,1.30188679245283,356.64109,0
2017,33,"1251*A",943,-2498,"Lupinus argenteus",6,4,2,5,0,0,0,1,0,0,1.28571428571429,394.366047622009,0
2018,33,"1251*A",943,-2498,"Lupinus argenteus",0,6,-6,0,0,0,0,0,0,1,1.12213740458015,0,0
2015,33,"1252*A",957,-2400,"Phacelia hastata",5,NA,NA,3,0,0,1,1,0,0,3.0530303030303,400,0
2016,33,"1252*A",957,-2400,"Phacelia hastata",6,5,1,3,1,0,0,1,0,0,1.30188679245283,297.23982,0
2017,33,"1252*A",957,-2400,"Phacelia hastata",5.5,6,-0.5,2,0,0,0,1,0,0,1.28571428571429,199.999999999999,0
2018,33,"1252*A",957,-2400,"Phacelia hastata",0,5.5,-5.5,0,0,0,0,0,0,1,1.12213740458015,0,0
2015,33,"1253*A",958,-2418,"Lupinus argenteus",2,NA,NA,2,0,1,1,1,0,0,3.0530303030303,300,100
2016,33,"1253*A",958,-2418,"Lupinus argenteus",0,2,-2,0,0,0,0,0,0,1,1.30188679245283,0,0
2015,33,"1254*A",969,-2413,"Lupinus argenteus",2.5,NA,NA,2,0,1,1,1,0,0,3.0530303030303,300,164.65475
2016,33,"1254*A",969,-2413,"Lupinus argenteus",0,2.5,-2.5,0,0,0,0,0,0,1,1.30188679245283,0,0
2015,33,"1256*A",970,-2414,"Lupinus argenteus",2.5,NA,NA,2.5,0,1,1,1,0,0,3.0530303030303,300,164.65475
2016,33,"1256*A",970,-2414,"Lupinus argenteus",2,2.5,-0.5,2,0,0,0,1,0,0,1.30188679245283,300,100
2017,33,"1256*A",970,-2414,"Lupinus argenteus",6.5,2,4.5,3,0,0,0,1,0,0,1.28571428571429,213.400837869441,0
2018,33,"1256*A",970,-2414,"Lupinus argenteus",0,6.5,-6.5,0,0,0,0,0,0,1,1.12213740458015,0,0
2015,33,"1257*A",969,-2406,"Lupinus argenteus",3,NA,NA,2,0,1,1,1,0,0,3.0530303030303,300,100
2016,33,"1257*A",969,-2406,"Lupinus argenteus",0,3,-3,0,0,0,0,0,0,1,1.30188679245283,0,0
2015,33,"1258*A",942,-2431,"Lupinus argenteus",1.5,NA,NA,2,0,1,1,1,0,0,3.0530303030303,400,0
2016,33,"1258*A",942,-2431,"Lupinus argenteus",0,1.5,-1.5,0,0,0,0,0,0,1,1.30188679245283,0,0
2015,33,"1259*A",940,-2415,"Lupinus argenteus",11,NA,NA,5,0,0,1,1,0,0,3.0530303030303,311.306655,42.697487
2016,33,"1259*A",940,-2415,"Lupinus argenteus",0,11,-11,0,0,0,0,1,0,0,1.30188679245283,0,0
2017,33,"1259*A",940,-2415,"Lupinus argenteus",9.5,0,9.5,6,0,0,0,1,0,0,1.28571428571429,227.563437785073,0
2018,33,"1259*A",940,-2415,"Lupinus argenteus",0,9.5,-9.5,0,0,0,0,0,0,1,1.12213740458015,0,0
2014,12,"126*A",555,-900,"Phacelia hastata",9,NA,NA,2,0,0,NA,0,1,0,2.52336448598131,0.376826110178107,10.8894645080996
2015,33,"1260*A",933,-2414,"Lupinus argenteus",8,NA,NA,3,0,0,1,1,0,0,3.0530303030303,356.577847,73.06981
2016,33,"1260*A",933,-2414,"Lupinus argenteus",0,8,-8,0,0,0,0,0,0,1,1.30188679245283,0,0
2015,33,"1261*A",893,-2431,"Ivesia gordonii",2.5,NA,NA,3,0,1,1,1,0,0,3.0530303030303,700,0
2016,33,"1261*A",893,-2431,"Ivesia gordonii",3.5,2.5,1,3,0,0,0,1,0,0,1.30188679245283,575.97558,0
2017,33,"1261*A",893,-2431,"Ivesia gordonii",4,3.5,0.5,5,0,0,0,1,0,0,1.28571428571429,584.859774853531,0
2018,33,"1261*A",893,-2431,"Ivesia gordonii",3.5,4,-0.5,4.5,0,0,0,1,0,0,1.12213740458015,399.999999999999,0
2019,33,"1261*A",893,-2431,"Ivesia gordonii",0,3.5,-3.5,0,0,0,0,0,0,1,0.5,0,0
2015,33,"1262*A",861,-2404,"Elymus lanceolatus",5,NA,NA,7,0,0,1,1,0,0,3.0530303030303,600,0
2016,33,"1262*A",861,-2404,"Elymus lanceolatus",8.5,5,3.5,8,0,0,0,1,0,0,1.30188679245283,500,0
2017,33,"1262*A",861,-2404,"Elymus lanceolatus",5,8.5,-3.5,8,0,0,0,1,0,0,1.28571428571429,500,0
2018,33,"1262*A",861,-2404,"Elymus lanceolatus",11,5,6,15,0,0,0,1,0,0,1.12213740458015,326.072463967668,0
2019,33,"1262*A",861,-2404,"Elymus lanceolatus",8,11,-3,13,0,0,0,1,0,0,0.5,300.000000000006,0
2015,33,"1263*A",908,-2426,"Elymus lanceolatus",6,NA,NA,9,0,0,1,1,0,0,3.0530303030303,600,0
2016,33,"1263*A",908,-2426,"Elymus lanceolatus",7,6,1,11,0,0,0,1,0,0,1.30188679245283,416.345386,0
2017,33,"1263*A",908,-2426,"Elymus lanceolatus",0,7,-7,0,0,0,0,0,0,1,1.28571428571429,0,0
2015,34,"1264*A",1236,-2402,"Elymus lanceolatus",6,NA,NA,7,0,0,1,1,0,0,3.0530303030303,200,106.05743
2016,34,"1264*A",1236,-2402,"Elymus lanceolatus",13,6,7,12,2,0,0,1,0,0,1.30188679245283,200,86.88403
2017,34,"1264*A",1236,-2402,"Elymus lanceolatus",7,13,-6,14,0,0,0,1,0,0,1.28571428571429,200.000000000002,147.212408235333
2018,34,"1264*A",1236,-2402,"Elymus lanceolatus",14,7,7,13,1,0,0,1,0,0,1.12213740458015,199.999999999999,58.7378804678128
2019,34,"1264*A",1236,-2402,"Elymus lanceolatus",9,14,-5,18,1,0,0,1,0,0,0.5,199.999999999994,91.2579927665282
2015,34,"1265*A",1241,-2400,"Elymus lanceolatus",9,NA,NA,10,0,0,1,1,0,0,3.0530303030303,200,25.4774627
2016,34,"1265*A",1241,-2400,"Elymus lanceolatus",6,9,-3,10,0,0,0,1,0,0,1.30188679245283,200,87.02526
2017,34,"1265*A",1241,-2400,"Elymus lanceolatus",5,6,-1,12,0,0,0,1,0,0,1.28571428571429,199.999999999993,20.8220305391805
2018,34,"1265*A",1241,-2400,"Elymus lanceolatus",5,5,0,8,0,0,0,1,0,0,1.12213740458015,199.999999999993,98.7049985687216
2019,34,"1265*A",1241,-2400,"Elymus lanceolatus",0,5,-5,0,0,0,0,0,0,1,0.5,0,0
2015,36,"1266*A",13,-2943,"Lupinus argenteus",2.5,NA,NA,2,0,1,1,1,0,0,3.0530303030303,200,0
2016,36,"1266*A",13,-2943,"Lupinus argenteus",0,2.5,-2.5,0,0,0,0,0,0,1,1.30188679245283,0,0
2015,36,"1267*A",99,-2965,"Lupinus argenteus",2,NA,NA,2,0,1,1,1,0,0,3.0530303030303,381.0731054,0
2016,36,"1267*A",99,-2965,"Lupinus argenteus",0,2,-2,0,0,0,0,0,0,1,1.30188679245283,0,0
2015,36,"1268*A",95,-2944,"Lupinus argenteus",2,NA,NA,2,0,1,1,1,0,0,3.0530303030303,200,0
2016,36,"1268*A",95,-2944,"Lupinus argenteus",3,2,1,3,0,0,0,1,0,0,1.30188679245283,200,0
2017,36,"1268*A",95,-2944,"Lupinus argenteus",0,3,-3,0,0,0,0,0,0,1,1.28571428571429,0,0
2015,36,"1269*A",135,-2961,"Lupinus argenteus",1,NA,NA,2,0,1,1,1,0,0,3.0530303030303,200,0
2016,36,"1269*A",135,-2961,"Lupinus argenteus",0,1,-1,0,0,0,0,0,0,1,1.30188679245283,0,0
2014,13,"127*A",812,-978,"Heterotheca villosa",58,NA,NA,9,34,0,NA,1,0,0,2.52336448598131,25.4895104944324,8.42433502238034
2015,13,"127*A",812,-978,"Heterotheca villosa",55,58,-3,5,11,0,0,1,0,0,3.0530303030303,50.7117619038145,8.33652569475235
2016,13,"127*A",812,-978,"Heterotheca villosa",57,55,2,9,15,0,0,1,0,0,1.30188679245283,74.8735814588169,15.1190911721227
2017,13,"127*A",812,-978,"Heterotheca villosa",56,57,-1,8,0,0,0,1,0,0,1.28571428571429,129.923465120669,11.136019139294
2018,13,"127*A",812,-978,"Heterotheca villosa",38,56,-18,5.5,2,0,0,1,0,0,1.12213740458015,187.619502519407,0
2019,13,"127*A",812,-978,"Heterotheca villosa",39,38,1,5.5,2,0,0,1,0,0,0.5,224.724409207461,0
2015,36,"1270*A",134,-2950,"Lupinus argenteus",3,NA,NA,2.5,0,1,1,1,0,0,3.0530303030303,200,0
2016,36,"1270*A",134,-2950,"Lupinus argenteus",0,3,-3,0,0,0,0,0,0,1,1.30188679245283,0,0
2015,36,"1271*A",183,-2978,"Lupinus argenteus",2,NA,NA,1,0,1,1,1,0,0,3.0530303030303,100,0
2016,36,"1271*A",183,-2978,"Lupinus argenteus",2,2,0,2,0,0,0,1,0,0,1.30188679245283,200,0
2017,36,"1271*A",183,-2978,"Lupinus argenteus",0,2,-2,0,0,0,0,0,0,1,1.28571428571429,0,0
2015,36,"1272*A",167,-2943,"Lupinus argenteus",2.5,NA,NA,2.5,0,1,1,1,0,0,3.0530303030303,200,0
2016,36,"1272*A",167,-2943,"Lupinus argenteus",0,2.5,-2.5,0,0,0,0,0,0,1,1.30188679245283,0,0
2015,36,"1273*A",176,-2948,"Lupinus argenteus",3,NA,NA,2,0,1,1,1,0,0,3.0530303030303,200,0
2016,36,"1273*A",176,-2948,"Lupinus argenteus",0,3,-3,0,0,0,0,0,0,1,1.30188679245283,0,0
2015,36,"1274*A",132,-2915,"Lupinus argenteus",3,NA,NA,2.5,0,1,1,1,0,0,3.0530303030303,200,0
2016,36,"1274*A",132,-2915,"Lupinus argenteus",3,3,0,3.5,0,0,0,1,0,0,1.30188679245283,200,0
2017,36,"1274*A",132,-2915,"Lupinus argenteus",0,3,-3,0,0,0,0,0,0,1,1.28571428571429,0,0
2015,36,"1275*A",127,-2910,"Lupinus argenteus",2,NA,NA,2,0,1,1,1,0,0,3.0530303030303,200,0
2016,36,"1275*A",127,-2910,"Lupinus argenteus",0,2,-2,0,0,0,0,0,0,1,1.30188679245283,0,0
2015,36,"1276*A",160,-2890,"Lupinus argenteus",3,NA,NA,2,0,1,1,1,0,0,3.0530303030303,200,0
2016,36,"1276*A",160,-2890,"Lupinus argenteus",5,3,2,3,0,0,0,1,0,0,1.30188679245283,200,0
2017,36,"1276*A",160,-2890,"Lupinus argenteus",0,5,-5,0,0,0,0,0,0,1,1.28571428571429,0,0
2015,36,"1277*A",158,-2857,"Arnica latifolia",0.5,NA,NA,0.5,0,1,1,1,0,0,3.0530303030303,300,0
2016,36,"1277*A",158,-2857,"Arnica latifolia",1,0.5,0.5,1,0,0,0,1,0,0,1.30188679245283,300,0
2017,36,"1277*A",158,-2857,"Arnica latifolia",1.5,1,0.5,1,0,0,0,1,0,0,1.28571428571429,199.999999999998,0
2018,36,"1277*A",158,-2857,"Arnica latifolia",0,1.5,-1.5,0,0,0,0,0,0,1,1.12213740458015,0,0
2015,36,"1278*A",185,-2832,"Lupinus argenteus",2,NA,NA,2,0,1,1,1,0,0,3.0530303030303,100,0
2016,36,"1278*A",185,-2832,"Lupinus argenteus",3,2,1,2,0,0,0,1,0,0,1.30188679245283,100,0
2017,36,"1278*A",185,-2832,"Lupinus argenteus",0,3,-3,0,0,0,0,0,0,1,1.28571428571429,0,0
2015,36,"1279*A",200,-2823,"Lupinus argenteus",2,NA,NA,2,0,1,1,1,0,0,3.0530303030303,100,0
2016,36,"1279*A",200,-2823,"Lupinus argenteus",3,2,1,2,0,0,0,1,0,0,1.30188679245283,100,0
2017,36,"1279*A",200,-2823,"Lupinus argenteus",2,3,-1,2,0,0,0,1,0,0,1.28571428571429,99.9999999999996,0
2018,36,"1279*A",200,-2823,"Lupinus argenteus",0,2,-2,0,0,0,0,0,0,1,1.12213740458015,0,0
2014,13,"128*A",807,-964,"Elymus lanceolatus",4,NA,NA,6,0,0,NA,1,0,0,2.52336448598131,100,0
2015,13,"128*A",807,-964,"Elymus lanceolatus",14,4,10,11,0,0,0,1,0,0,3.0530303030303,137.408954682433,21.7601722936544
2016,13,"128*A",807,-964,"Elymus lanceolatus",23.5,14,9.5,24,9,0,0,1,0,0,1.30188679245283,151.225401364911,53.6776076085539
2017,13,"128*A",807,-964,"Elymus lanceolatus",35,23.5,11.5,25,13,0,0,1,0,0,1.28571428571429,208.789517142971,71.8405148860625
2018,13,"128*A",807,-964,"Elymus lanceolatus",25,35,-10,24,19,0,0,1,0,0,1.12213740458015,234.39514711005,84.6086990252734
2019,13,"128*A",807,-964,"Elymus lanceolatus",42,25,17,34,15,0,0,1,0,0,0.5,319.116788973566,46.7280372483351
2014,36,"1280*A",103,-2825,"Arnica latifolia",5,NA,NA,4,0,0,NA,1,0,0,2.52336448598131,100,94.57519
2015,36,"1280*A",103,-2825,"Arnica latifolia",5,5,0,4,0,0,0,1,0,0,3.0530303030303,100,100
2016,36,"1280*A",103,-2825,"Arnica latifolia",2,5,-3,5,0,0,0,1,0,0,1.30188679245283,100,1.052734
2017,36,"1280*A",103,-2825,"Arnica latifolia",9,2,7,7,0,0,0,1,0,0,1.28571428571429,115.933970100805,100.358566129679
2018,36,"1280*A",103,-2825,"Arnica latifolia",2,9,-7,1.5,0,0,0,1,0,0,1.12213740458015,100,100
2019,36,"1280*A",103,-2825,"Arnica latifolia",0,2,-2,0,0,0,0,0,0,1,0.5,0,0
2015,36,"1282*A",105,-2817,"Lupinus argenteus",3,NA,NA,2,0,1,1,1,0,0,3.0530303030303,183.03037,24.88139
2016,36,"1282*A",105,-2817,"Lupinus argenteus",3,3,0,3,0,0,0,1,0,0,1.30188679245283,152.02766,55.79797
2017,36,"1282*A",105,-2817,"Lupinus argenteus",4,3,1,3,1,0,0,1,0,0,1.28571428571429,195.747543733709,9.81152522313456
2018,36,"1282*A",105,-2817,"Lupinus argenteus",0,4,-4,0,0,0,0,0,0,1,1.12213740458015,0,0
2015,36,"1283*A",110,-2814,"Lupinus argenteus",1.5,NA,NA,2,0,1,1,1,0,0,3.0530303030303,200,100
2016,36,"1283*A",110,-2814,"Lupinus argenteus",1,1.5,-0.5,2,0,0,0,1,0,0,1.30188679245283,200,100
2017,36,"1283*A",110,-2814,"Lupinus argenteus",0,1,-1,0,0,0,0,0,0,1,1.28571428571429,0,0
2015,36,"1284*A",37,-2825,"Lupinus argenteus",3,NA,NA,2.5,0,1,1,1,0,0,3.0530303030303,100,0
2016,36,"1284*A",37,-2825,"Lupinus argenteus",3,3,0,3.5,0,0,0,1,0,0,1.30188679245283,100,0
2017,36,"1284*A",37,-2825,"Lupinus argenteus",0,3,-3,0,0,0,0,0,0,1,1.28571428571429,0,0
2015,36,"1285*A",13,-2834,"Lupinus argenteus",3,NA,NA,2.5,0,1,1,1,0,0,3.0530303030303,100,0
2016,36,"1285*A",13,-2834,"Lupinus argenteus",5,3,2,4,0,0,0,1,0,0,1.30188679245283,100,0
2017,36,"1285*A",13,-2834,"Lupinus argenteus",4.5,5,-0.5,3,0,0,0,1,0,0,1.28571428571429,100,0
2018,36,"1285*A",13,-2834,"Lupinus argenteus",0,4.5,-4.5,0,0,0,0,0,0,1,1.12213740458015,0,0
2015,37,"1286*A",431,-2985,"Lupinus argenteus",3,NA,NA,3,0,1,1,1,0,0,3.0530303030303,0,100
2016,37,"1286*A",431,-2985,"Lupinus argenteus",0,3,-3,0,0,0,0,0,0,1,1.30188679245283,0,0
2015,37,"1287*A",454,-2964,"Ivesia gordonii",0.5,NA,NA,0.5,0,1,1,1,0,0,3.0530303030303,100,0
2016,37,"1287*A",454,-2964,"Ivesia gordonii",1,0.5,0.5,1,0,0,0,1,0,0,1.30188679245283,0,0
2017,37,"1287*A",454,-2964,"Ivesia gordonii",3,1,2,3,0,0,0,1,0,0,1.28571428571429,57.9910952969178,0
2018,37,"1287*A",454,-2964,"Ivesia gordonii",2.5,3,-0.5,1,0,0,0,1,0,0,1.12213740458015,0,0
2019,37,"1287*A",454,-2964,"Ivesia gordonii",2.9,2.5,0.4,1.5,0,0,0,1,0,0,0.5,0,0
2015,37,"1288*A",450,-2951,"Eriogonum umbellatum",0.7,NA,NA,0.5,0,1,1,1,0,0,3.0530303030303,100,0
2016,37,"1288*A",450,-2951,"Eriogonum umbellatum",0.7,0.7,0,1,0,0,0,1,0,0,1.30188679245283,47.71237,0
2017,37,"1288*A",450,-2951,"Eriogonum umbellatum",1,0.7,0.3,1,0,0,0,1,0,0,1.28571428571429,0,0
2018,37,"1288*A",450,-2951,"Eriogonum umbellatum",1,1,0,0.5,0,0,0,1,0,0,1.12213740458015,0,0
2019,37,"1288*A",450,-2951,"Eriogonum umbellatum",0.9,1,-0.1,0.6,0,0,0,1,0,0,0.5,0,0
2015,37,"1289*A",462,-2940,"Agoseris glauca",1,NA,NA,1,0,1,1,1,0,0,3.0530303030303,200,0
2016,37,"1289*A",462,-2940,"Agoseris glauca",2.5,1,1.5,3,0,0,0,1,0,0,1.30188679245283,295.97472,0
2017,37,"1289*A",462,-2940,"Agoseris glauca",10,2.5,7.5,5,1,0,0,1,0,0,1.28571428571429,345.637428572425,0
2018,37,"1289*A",462,-2940,"Agoseris glauca",0,10,-10,0,0,0,0,0,0,1,1.12213740458015,0,0
2014,13,"129*A",817,-986,"Eriogonum umbellatum",1,NA,NA,1,0,1,1,1,0,0,2.52336448598131,99.9999999999983,0
2015,13,"129*A",817,-986,"Eriogonum umbellatum",4,1,3,1.7,0,0,0,1,0,0,3.0530303030303,99.9999999999993,0.63537265129098
2016,13,"129*A",817,-986,"Eriogonum umbellatum",3,4,-1,1.7,0,0,0,1,0,0,1.30188679245283,99.9999999999994,0
2017,13,"129*A",817,-986,"Eriogonum umbellatum",4.6,3,1.6,2,0,0,0,1,0,0,1.28571428571429,116.561435236103,71.9861697769284
2018,13,"129*A",817,-986,"Eriogonum umbellatum",6.5,4.6,1.9,2.5,0,0,0,1,0,0,1.12213740458015,108.713352122094,108.652370696421
2019,13,"129*A",817,-986,"Eriogonum umbellatum",9.5,6.5,3,3,1,0,0,1,0,0,0.5,145.874038620698,135.383538576445
2015,37,"1290*A",469,-2940,"Lupinus argenteus",3,NA,NA,2.5,0,1,1,1,0,0,3.0530303030303,0,200
2016,37,"1290*A",469,-2940,"Lupinus argenteus",10,3,7,9,0,0,0,1,0,0,1.30188679245283,27.1318143,53.4310573
2017,37,"1290*A",469,-2940,"Lupinus argenteus",14,10,4,9,0,0,0,1,0,0,1.28571428571429,28.8588752004352,55.5028882480904
2018,37,"1290*A",469,-2940,"Lupinus argenteus",0,14,-14,0,0,0,0,0,0,1,1.12213740458015,0,0
2015,37,"1291*A",462,-2938,"Ivesia gordonii",0.5,NA,NA,0.5,0,1,1,1,0,0,3.0530303030303,200,0
2016,37,"1291*A",462,-2938,"Ivesia gordonii",1.5,0.5,1,1,0,0,0,1,0,0,1.30188679245283,250.682907,0
2017,37,"1291*A",462,-2938,"Ivesia gordonii",3,1.5,1.5,3,0,0,0,1,0,0,1.28571428571429,302.431649689085,0
2018,37,"1291*A",462,-2938,"Ivesia gordonii",0,3,-3,0,0,0,0,0,0,1,1.12213740458015,0,0
2015,37,"1292*A",505,-2965,"Lupinus argenteus",2.5,NA,NA,2.5,0,1,1,1,0,0,3.0530303030303,0,0
2016,37,"1292*A",505,-2965,"Lupinus argenteus",5,2.5,2.5,5,0,0,0,1,0,0,1.30188679245283,0,0
2017,37,"1292*A",505,-2965,"Lupinus argenteus",4.5,5,-0.5,5,0,0,0,1,0,0,1.28571428571429,0,0
2018,37,"1292*A",505,-2965,"Lupinus argenteus",0,4.5,-4.5,0,0,0,0,0,0,1,1.12213740458015,0,0
2015,37,"1293*A",512,-2975,"Lupinus argenteus",2,NA,NA,2,0,1,1,1,0,0,3.0530303030303,0,0
2016,37,"1293*A",512,-2975,"Lupinus argenteus",0,2,-2,0,0,0,0,0,0,1,1.30188679245283,0,0
2015,37,"1294*A",557,-2970,"Heterotheca villosa",1,NA,NA,0.3,0,1,1,1,0,0,3.0530303030303,206.025157,0
2016,37,"1294*A",557,-2970,"Heterotheca villosa",0,1,-1,0,0,0,0,0,0,1,1.30188679245283,0,0
2014,37,"1295*A",583,-2970,"Lupinus argenteus",7,NA,NA,4,0,0,NA,1,0,0,2.52336448598131,84.55198,293.03944
2015,37,"1295*A",583,-2970,"Lupinus argenteus",7,7,0,4,0,0,0,1,0,0,3.0530303030303,100,128.9784591
2016,37,"1295*A",583,-2970,"Lupinus argenteus",0,7,-7,0,0,0,0,0,0,1,1.30188679245283,0,0
2015,37,"1296*A",589,-2971,"Lupinus argenteus",2.5,NA,NA,2.5,0,1,1,1,0,0,3.0530303030303,100,170.22031
2016,37,"1296*A",589,-2971,"Lupinus argenteus",1,2.5,-1.5,1.5,0,0,0,1,0,0,1.30188679245283,0,200
2017,37,"1296*A",589,-2971,"Lupinus argenteus",0,1,-1,0,0,0,0,0,0,1,1.28571428571429,0,0
2015,37,"1297*A",595,-2942,"Lupinus argenteus",1.5,NA,NA,1.5,0,1,1,1,0,0,3.0530303030303,0,78.32689
2016,37,"1297*A",595,-2942,"Lupinus argenteus",1,1.5,-0.5,1,0,0,0,1,0,0,1.30188679245283,0,100
2017,37,"1297*A",595,-2942,"Lupinus argenteus",1,1,0,1,0,0,0,1,0,0,1.28571428571429,0,0
2018,37,"1297*A",595,-2942,"Lupinus argenteus",0,1,-1,0,0,0,0,0,0,1,1.12213740458015,0,0
2015,37,"1298*A",581,-2865,"Lupinus argenteus",2,NA,NA,2,0,1,1,1,0,0,3.0530303030303,0,0
2016,37,"1298*A",581,-2865,"Lupinus argenteus",2,2,0,2,0,0,0,1,0,0,1.30188679245283,0,0
2017,37,"1298*A",581,-2865,"Lupinus argenteus",0,2,-2,0,0,0,0,0,0,1,1.28571428571429,0,0
2015,37,"1299*A",515,-2895,"Lupinus argenteus",3,NA,NA,2,0,1,1,1,0,0,3.0530303030303,158.47572,0
2016,37,"1299*A",515,-2895,"Lupinus argenteus",10,3,7,8,0,0,0,1,0,0,1.30188679245283,135.11937,0
2017,37,"1299*A",515,-2895,"Lupinus argenteus",14,10,4,7,0,0,0,1,0,0,1.28571428571429,131.069629183972,0
2018,37,"1299*A",515,-2895,"Lupinus argenteus",0,14,-14,0,0,0,0,0,0,1,1.12213740458015,0,0
2014,1,"13*A",192,-74,"Ivesia gordonii",9,NA,NA,5,2,0,NA,1,0,0,2.52336448598131,99.9999999999999,162.110271966086
2015,1,"13*A",192,-74,"Ivesia gordonii",9.5,9,0.5,5,0,0,0,1,0,0,3.0530303030303,100,152.125418551069
2016,1,"13*A",192,-74,"Ivesia gordonii",8.5,9.5,-1,7.2,1,0,0,1,0,0,1.30188679245283,100,166.583173608204
2017,1,"13*A",192,-74,"Ivesia gordonii",0,8.5,-8.5,0,0,0,0,0,0,1,1.28571428571429,0,0
2014,13,"130*A",815,-957,"Elymus lanceolatus",1,NA,NA,1,0,1,1,1,0,0,2.52336448598131,99.9999999999865,0
2015,13,"130*A",815,-957,"Elymus lanceolatus",14.5,1,13.5,9.5,0,0,0,1,0,0,3.0530303030303,107.426469640453,19.9678057750461
2016,13,"130*A",815,-957,"Elymus lanceolatus",22,14.5,7.5,26,10,0,0,1,0,0,1.30188679245283,140.494370557919,50.6965724927532
2017,13,"130*A",815,-957,"Elymus lanceolatus",30,22,8,27,16,0,0,1,0,0,1.28571428571429,212.102620393347,72.1940817887248
2018,13,"130*A",815,-957,"Elymus lanceolatus",32,30,2,24.5,36,0,0,1,0,0,1.12213740458015,244.702653327833,43.2471697723956
2019,13,"130*A",815,-957,"Elymus lanceolatus",24,32,-8,32.5,8,0,0,1,0,0,0.5,309.150717372952,98.7914097827256
2015,37,"1300*A",497.11687539,-2890.245199,"Ivesia gordonii",0.5,NA,NA,0.5,0,1,1,1,0,0,3.0530303030303,144.40828,280.9892
2015,37,"1300*B",496.95863408,-2890.1655883,"Ivesia gordonii",0.5,NA,NA,0.5,0,1,1,1,0,0,3.0530303030303,161.60134,267.10611
2015,37,"1300*C",496.60482487,-2890.8762119,"Ivesia gordonii",0.5,NA,NA,0.5,0,1,1,1,0,0,3.0530303030303,190.23048,238.46571
2016,37,"1300*A",497.23375078,-2890.490398,"Ivesia gordonii",1,0.5,0.5,1,0,0,0,1,0,0,1.30188679245283,100,225.70865
2016,37,"1300*B",496.91726817,-2890.3311766,"Ivesia gordonii",1,0.5,0.5,1,0,0,0,0,1,0,1.30188679245283,100,237.25769
2016,37,"1300*C",496.20964973,-2891.7524239,"Ivesia gordonii",1,0.5,0.5,1,0,0,0,0,1,0,1.30188679245283,100,203.15698878
2017,37,"1300*A",497,-2890,"Ivesia gordonii",0.5,1,-0.5,0.5,0,0,0,1,0,0,1.28571428571429,100.000000000006,100.000000000006
2018,37,"1300*A",497,-2890,"Ivesia gordonii",1,0.5,0.5,1,0,0,0,1,0,0,1.12213740458015,101.405026700667,227.566101653202
2019,37,"1300*A",497,-2890,"Ivesia gordonii",1.4,1,0.4,1.3,0,0,0,1,0,0,0.5,199.999999999997,308.104963858023
2015,37,"1301*A",485,-2885,"Ivesia gordonii",0,NA,NA,0,0,1,1,0,0,1,3.0530303030303,0,0
2015,37,"1302*A",458,-2877,"Lupinus argenteus",3,NA,NA,2.5,0,1,1,1,0,0,3.0530303030303,100,0
2016,37,"1302*A",458,-2877,"Lupinus argenteus",9,3,6,4,0,0,0,1,0,0,1.30188679245283,173.693428,0
2017,37,"1302*A",458,-2877,"Lupinus argenteus",13,9,4,7,0,0,0,1,0,0,1.28571428571429,119.167148913274,5.21624113150607
2018,37,"1302*A",458,-2877,"Lupinus argenteus",0,13,-13,0,0,0,0,0,0,1,1.12213740458015,0,0
2015,37,"1303*A",495,-2852,"Lupinus argenteus",0,NA,NA,0,0,1,1,0,0,1,3.0530303030303,0,0
2015,37,"1304*A",494,-2842,"Lupinus argenteus",2.5,NA,NA,2,0,1,1,1,0,0,3.0530303030303,197.74991,100
2016,37,"1304*A",494,-2842,"Lupinus argenteus",0,2.5,-2.5,0,0,0,0,0,0,1,1.30188679245283,0,0
2015,37,"1305*A",546,-2860,"Lupinus argenteus",1.5,NA,NA,3,0,1,1,1,0,0,3.0530303030303,0,22.11441
2016,37,"1305*A",546,-2860,"Lupinus argenteus",5,1.5,3.5,5,0,0,0,1,0,0,1.30188679245283,99.87666,0
2017,37,"1305*A",546,-2860,"Lupinus argenteus",11,5,6,5,0,0,0,1,0,0,1.28571428571429,69.0392246451472,0.126755029895298
2018,37,"1305*A",546,-2860,"Lupinus argenteus",0,11,-11,0,0,0,0,0,0,1,1.12213740458015,0,0
2015,37,"1306*A",544,-2857,"Lupinus argenteus",3,NA,NA,2,0,1,1,1,0,0,3.0530303030303,3.045798,5.528603
2016,37,"1306*A",544,-2857,"Lupinus argenteus",0,3,-3,0,0,0,0,0,0,1,1.30188679245283,0,0
2015,37,"1307*A",443,-2868,"Lupinus argenteus",3.5,NA,NA,2,0,1,1,1,0,0,3.0530303030303,0,0
2016,37,"1307*A",443,-2868,"Lupinus argenteus",4.5,3.5,1,4,0,0,0,1,0,0,1.30188679245283,0,0
2017,37,"1307*A",443,-2868,"Lupinus argenteus",8,4.5,3.5,5,0,0,0,1,0,0,1.28571428571429,0,13.7741367378829
2018,37,"1307*A",443,-2868,"Lupinus argenteus",0,8,-8,0,0,0,0,0,0,1,1.12213740458015,0,0
2015,37,"1308*A",442,-2859,"Lupinus argenteus",1.5,NA,NA,1,0,1,1,1,0,0,3.0530303030303,0,0
2016,37,"1308*A",442,-2859,"Lupinus argenteus",0,1.5,-1.5,0,0,0,0,0,0,1,1.30188679245283,0,0
2015,37,"1309*A",480,-2825,"Lupinus argenteus",2.5,NA,NA,1.5,0,1,1,1,0,0,3.0530303030303,0,100
2016,37,"1309*A",480,-2825,"Lupinus argenteus",3,2.5,0.5,2,0,0,0,1,0,0,1.30188679245283,2.010204,100
2017,37,"1309*A",480,-2825,"Lupinus argenteus",0,3,-3,0,0,0,0,0,0,1,1.28571428571429,0,0
2014,13,"131*A",830,-950,"Eriogonum umbellatum",2,NA,NA,1,0,0,NA,1,0,0,2.52336448598131,99.9999999999989,0
2015,13,"131*A",830,-950,"Eriogonum umbellatum",3,2,1,2.5,0,0,0,1,0,0,3.0530303030303,99.9999999999996,0
2016,13,"131*A",830,-950,"Eriogonum umbellatum",5,3,2,2.9,0,0,0,1,0,0,1.30188679245283,118.667512522239,6.80166010077874
2017,13,"131*A",830,-950,"Eriogonum umbellatum",10,5,5,4,1,0,0,1,0,0,1.28571428571429,155.246401018534,52.9951127534947
2018,13,"131*A",830,-950,"Eriogonum umbellatum",10.5,10,0.5,2,3,0,0,1,0,0,1.12213740458015,128.501850688483,61.95668189339
2019,13,"131*A",830,-950,"Eriogonum umbellatum",10.5,10.5,0,3,5,0,0,1,0,0,0.5,139.294428731651,83.6646190589651
2015,37,"1310*A",405,-2804,"Lupinus argenteus",2,NA,NA,2.5,0,1,1,1,0,0,3.0530303030303,0,200
2016,37,"1310*A",405,-2804,"Lupinus argenteus",0,2,-2,0,0,0,0,0,0,1,1.30188679245283,0,0
2015,37,"1311*A",428,-2800,"Lupinus argenteus",2,NA,NA,2.5,0,1,1,1,0,0,3.0530303030303,0,0
2016,37,"1311*A",428,-2800,"Lupinus argenteus",1,2,-1,2,0,0,0,1,0,0,1.30188679245283,0,100
2017,37,"1311*A",428,-2800,"Lupinus argenteus",0,1,-1,0,0,0,0,0,0,1,1.28571428571429,0,0
2015,37,"1312*A",452,-2800,"Lupinus argenteus",2,NA,NA,2,0,1,1,1,0,0,3.0530303030303,0,0
2016,37,"1312*A",452,-2800,"Lupinus argenteus",7,2,5,5,0,0,0,1,0,0,1.30188679245283,0,7.784307
2017,37,"1312*A",452,-2800,"Lupinus argenteus",2.5,7,-4.5,1.5,0,0,0,1,0,0,1.28571428571429,0,0
2018,37,"1312*A",452,-2800,"Lupinus argenteus",5,2.5,2.5,4.5,0,0,0,1,0,0,1.12213740458015,0,0
2019,37,"1312*A",452,-2800,"Lupinus argenteus",4.7,5,-0.3,1.2,0,0,0,1,0,0,0.5,0,0
2015,37,"1313*A",460,-2805,"Lupinus argenteus",3,NA,NA,2.5,0,1,1,1,0,0,3.0530303030303,0,0
2016,37,"1313*A",460,-2805,"Lupinus argenteus",4,3,1,2,0,0,0,1,0,0,1.30188679245283,0,11.91972
2017,37,"1313*A",460,-2805,"Lupinus argenteus",0,4,-4,0,0,0,0,0,0,1,1.28571428571429,0,0
2015,37,"1314*A",544,-2800,"Lupinus argenteus",2,NA,NA,2,0,1,1,1,0,0,3.0530303030303,0,0
2016,37,"1314*A",544,-2800,"Lupinus argenteus",8,2,6,5,0,0,0,1,0,0,1.30188679245283,0,0
2017,37,"1314*A",544,-2800,"Lupinus argenteus",11,8,3,6,0,0,0,1,0,0,1.28571428571429,0,0
2018,37,"1314*A",544,-2800,"Lupinus argenteus",9.5,11,-1.5,6.5,0,0,0,1,0,0,1.12213740458015,0,0
2019,37,"1314*A",544,-2800,"Lupinus argenteus",0,9.5,-9.5,0,0,0,0,0,0,1,0.5,0,0
2015,37,"1315*A",563,-2800,"Lupinus argenteus",3,NA,NA,2,0,1,1,1,0,0,3.0530303030303,0,0
2016,37,"1315*A",563,-2800,"Lupinus argenteus",4,3,1,4,0,0,0,1,0,0,1.30188679245283,0,0
2017,37,"1315*A",563,-2800,"Lupinus argenteus",0,4,-4,0,0,0,0,0,0,1,1.28571428571429,0,0
2015,37,"1316*A",532,-2841,"Ivesia gordonii",0.7,NA,NA,0.6,0,1,1,1,0,0,3.0530303030303,0,100
2016,37,"1316*A",532,-2841,"Ivesia gordonii",0.5,0.7,-0.2,1,0,0,0,1,0,0,1.30188679245283,200,100
2017,37,"1316*A",532,-2841,"Ivesia gordonii",3,0.5,2.5,2,0,0,0,1,0,0,1.28571428571429,180.293417592254,41.6247365635412
2018,37,"1316*A",532,-2841,"Ivesia gordonii",3,3,0,2.5,0,0,0,1,0,0,1.12213740458015,36.9003912759465,41.6247365635412
2019,37,"1316*A",532,-2841,"Ivesia gordonii",6,3,3,3,0,0,0,1,0,0,0.5,35.2130726042969,143.450342759708
2015,38,"1317*A",824,-2860,"Lupinus argenteus",3.5,NA,NA,2.5,0,1,1,1,0,0,3.0530303030303,0,0
2016,38,"1317*A",824,-2860,"Lupinus argenteus",13,3.5,9.5,6,0,0,0,1,0,0,1.30188679245283,0,0
2017,38,"1317*A",824,-2860,"Lupinus argenteus",0,13,-13,0,0,0,0,0,0,1,1.28571428571429,0,0
2015,39,"1318*A",1324,-2816,"Lupinus argenteus",3,NA,NA,2,0,1,1,1,0,0,3.0530303030303,0,0
2016,39,"1318*A",1324,-2816,"Lupinus argenteus",5,3,2,3,0,0,0,1,0,0,1.30188679245283,0,0
2017,39,"1318*A",1324,-2816,"Lupinus argenteus",8,5,3,7,0,0,0,1,0,0,1.28571428571429,0,0
2018,39,"1318*A",1324,-2816,"Lupinus argenteus",0,8,-8,0,0,0,0,0,0,1,1.12213740458015,0,0
2015,40,"1319*A",1787,-3000,"Lupinus argenteus",2.5,NA,NA,2,0,1,1,1,0,0,3.0530303030303,0,0
2016,40,"1319*A",1787,-3000,"Lupinus argenteus",0,2.5,-2.5,0,0,0,0,0,0,1,1.30188679245283,0,0
2014,13,"132*A",888,-886,"Heterotheca villosa",23,NA,NA,7,32,0,NA,1,0,0,2.52336448598131,56.7304615851592,0
2015,13,"132*A",888,-886,"Heterotheca villosa",23,23,0,4,13,0,0,1,0,0,3.0530303030303,89.2548922476623,0
2016,13,"132*A",888,-886,"Heterotheca villosa",24,23,1,7.5,25,0,0,1,0,0,1.30188679245283,100.919404758895,0
2017,13,"132*A",888,-886,"Heterotheca villosa",28,24,4,6,71,0,0,1,0,0,1.28571428571429,95.7976544707769,0
2018,13,"132*A",888,-886,"Heterotheca villosa",13,28,-15,8,16,0,0,1,0,0,1.12213740458015,115.165609397913,0
2019,13,"132*A",888,-886,"Heterotheca villosa",22,13,9,9,35,0,0,1,0,0,0.5,97.5989435102207,0
2015,40,"1320*A",1798,-2804,"Lupinus argenteus",8,NA,NA,4,0,0,1,1,0,0,3.0530303030303,0,0
2016,40,"1320*A",1798,-2804,"Lupinus argenteus",9.5,8,1.5,6,0,0,0,1,0,0,1.30188679245283,0,0
2017,40,"1320*A",1798,-2804,"Lupinus argenteus",0,9.5,-9.5,0,0,0,0,0,0,1,1.28571428571429,0,0
2014,40,"1321*A",1600,-2989,"Eriogonum umbellatum",7.5,NA,NA,2.5,0,0,NA,1,0,0,2.52336448598131,0,0
2015,40,"1321*A",1600,-2989,"Eriogonum umbellatum",7.5,7.5,0,2.5,0,0,0,1,0,0,3.0530303030303,0,0
2016,40,"1321*A",1600,-2989,"Eriogonum umbellatum",6.5,7.5,-1,2,0,0,0,1,0,0,1.30188679245283,0,0
2017,40,"1321*A",1600,-2989,"Eriogonum umbellatum",6.5,6.5,0,2,0,0,0,1,0,0,1.28571428571429,0,0
2018,40,"1321*A",1600,-2989,"Eriogonum umbellatum",2.5,6.5,-4,1.5,0,0,0,1,0,0,1.12213740458015,0,0
2019,40,"1321*A",1600,-2989,"Eriogonum umbellatum",4,2.5,1.5,2.6,0,0,0,1,0,0,0.5,0,0
2015,41,"1322*A",35,-3399,"Lupinus argenteus",3.5,NA,NA,2,0,1,1,1,0,0,3.0530303030303,0,0
2016,41,"1322*A",35,-3399,"Lupinus argenteus",3,3.5,-0.5,2,0,0,0,1,0,0,1.30188679245283,0,0
2017,41,"1322*A",35,-3399,"Lupinus argenteus",0,3,-3,0,0,0,0,0,0,1,1.28571428571429,0,0
2015,41,"1323*A",30,-3391,"Lupinus argenteus",2.5,NA,NA,2,0,1,1,1,0,0,3.0530303030303,0,0
2016,41,"1323*A",30,-3391,"Lupinus argenteus",0,2.5,-2.5,0,0,0,0,0,0,1,1.30188679245283,0,0
2015,41,"1324*A",4,-3376,"Lupinus argenteus",2.5,NA,NA,1.5,0,1,1,1,0,0,3.0530303030303,0,0
2016,41,"1324*A",4,-3376,"Lupinus argenteus",2.5,2.5,0,3,0,0,0,1,0,0,1.30188679245283,0,48.28721
2017,41,"1324*A",4,-3376,"Lupinus argenteus",3.5,2.5,1,3,0,0,0,1,0,0,1.28571428571429,5.6782202853657,100
2018,41,"1324*A",4,-3376,"Lupinus argenteus",0,3.5,-3.5,0,0,0,0,0,0,1,1.12213740458015,0,0
2015,41,"1325*A",13,-3368,"Lupinus argenteus",5.5,NA,NA,3,0,0,1,1,0,0,3.0530303030303,73.77347,0
2016,41,"1325*A",13,-3368,"Lupinus argenteus",12,5.5,6.5,6,0,0,0,1,0,0,1.30188679245283,59.27014,2.095799
2017,41,"1325*A",13,-3368,"Lupinus argenteus",16.5,12,4.5,8,0,0,0,1,0,0,1.28571428571429,62.3882722122027,4.77857617272701
2018,41,"1325*A",13,-3368,"Lupinus argenteus",0,16.5,-16.5,0,0,0,0,0,0,1,1.12213740458015,0,0
2015,41,"1326*A",34,-3369,"Lupinus argenteus",3.5,NA,NA,2,0,1,1,1,0,0,3.0530303030303,0,0
2016,41,"1326*A",34,-3369,"Lupinus argenteus",2,3.5,-1.5,2,0,0,0,1,0,0,1.30188679245283,0,0
2017,41,"1326*A",34,-3369,"Lupinus argenteus",0,2,-2,0,0,0,0,0,0,1,1.28571428571429,0,0
2015,41,"1327*A",67,-3360,"Lupinus argenteus",3.5,NA,NA,2,0,1,1,1,0,0,3.0530303030303,19.95504,0
2016,41,"1327*A",67,-3360,"Lupinus argenteus",6,3.5,2.5,5,4,0,0,1,0,0,1.30188679245283,100,0
2017,41,"1327*A",67,-3360,"Lupinus argenteus",7,6,1,4.5,0,0,0,1,0,0,1.28571428571429,72.5044628685597,0
2018,41,"1327*A",67,-3360,"Lupinus argenteus",0,7,-7,0,0,0,0,0,0,1,1.12213740458015,0,0
2015,41,"1328*A",71,-3348,"Lupinus argenteus",3,NA,NA,2,0,1,1,1,0,0,3.0530303030303,100,0
2016,41,"1328*A",71,-3348,"Lupinus argenteus",2.5,3,-0.5,3.5,0,0,0,1,0,0,1.30188679245283,100,0
2017,41,"1328*A",71,-3348,"Lupinus argenteus",4.5,2.5,2,3,0,0,0,1,0,0,1.28571428571429,129.368459766875,0
2018,41,"1328*A",71,-3348,"Lupinus argenteus",0,4.5,-4.5,0,0,0,0,0,0,1,1.12213740458015,0,0
2015,41,"1329*A",12,-3330,"Lupinus argenteus",3,NA,NA,3,0,1,1,1,0,0,3.0530303030303,100,0
2016,41,"1329*A",12,-3330,"Lupinus argenteus",0,3,-3,0,0,0,0,0,0,1,1.30188679245283,0,0
2014,13,"133*A",905,-883,"Elymus lanceolatus",5,NA,NA,19,3,0,NA,1,0,0,2.52336448598131,200,7.37767213685775
2015,13,"133*A",905,-883,"Elymus lanceolatus",16,5,11,17,1,0,0,1,0,0,3.0530303030303,200.000000000002,19.9416290194429
2016,13,"133*A",905,-883,"Elymus lanceolatus",18,16,2,22,2,0,0,1,0,0,1.30188679245283,200.000000000002,11.1111111111108
2017,13,"133*A",905,-883,"Elymus lanceolatus",17,18,-1,16,0,0,0,1,0,0,1.28571428571429,200.000000000002,23.0972053029082
2018,13,"133*A",905,-883,"Elymus lanceolatus",19,17,2,14,1,0,0,1,0,0,1.12213740458015,135.290192927568,15.5814813330465
2019,13,"133*A",905,-883,"Elymus lanceolatus",20,19,1,20.5,3,0,0,1,0,0,0.5,196.901491610629,18.0622587171425
2015,41,"1330*A",14,-3322,"Arenaria congesta",0.3,NA,NA,0.3,0,1,1,1,0,0,3.0530303030303,100,0
2016,41,"1330*A",14,-3322,"Arenaria congesta",0,0.3,-0.3,0,0,0,0,0,0,1,1.30188679245283,0,0
2015,41,"1331*A",149,-3381,"Lupinus argenteus",0,NA,NA,0,0,1,1,0,0,1,3.0530303030303,0,0
2015,41,"1332*A",151,-3379,"Lupinus argenteus",0,NA,NA,0,0,1,1,0,0,1,3.0530303030303,0,0
2015,41,"1333*A",45,-3285,"Lupinus argenteus",3,NA,NA,2,0,1,1,1,0,0,3.0530303030303,200,0
2016,41,"1333*A",45,-3285,"Lupinus argenteus",0,3,-3,0,0,0,0,0,0,1,1.30188679245283,0,0
2015,41,"1334*A",45,-3275,"Lupinus argenteus",2.5,NA,NA,2,0,1,1,1,0,0,3.0530303030303,107.290294,0
2016,41,"1334*A",45,-3275,"Lupinus argenteus",0,2.5,-2.5,0,0,0,0,0,0,1,1.30188679245283,0,0
2015,41,"1335*A",58,-3253,"Lupinus argenteus",2.5,NA,NA,2,0,1,1,1,0,0,3.0530303030303,100,0
2016,41,"1335*A",58,-3253,"Lupinus argenteus",0,2.5,-2.5,0,0,0,0,0,0,1,1.30188679245283,0,0
2015,41,"1336*A",66,-3256,"Lupinus argenteus",3.5,NA,NA,2.5,0,1,1,1,0,0,3.0530303030303,100,0
2016,41,"1336*A",66,-3256,"Lupinus argenteus",0,3.5,-3.5,0,0,0,0,0,0,1,1.30188679245283,0,0
2015,41,"1337*A",73,-3275,"Lupinus argenteus",0,NA,NA,0,0,1,1,0,0,1,3.0530303030303,0,0
2015,41,"1338*A",68,-3249,"Lupinus argenteus",3,NA,NA,2.5,0,1,1,1,0,0,3.0530303030303,100,0
2016,41,"1338*A",68,-3249,"Lupinus argenteus",2.5,3,-0.5,2,0,0,0,1,0,0,1.30188679245283,100,0
2017,41,"1338*A",68,-3249,"Lupinus argenteus",0,2.5,-2.5,0,0,0,0,0,0,1,1.28571428571429,0,0
2015,41,"1339*A",107,-3320,"Lupinus argenteus",2,NA,NA,2,0,1,1,1,0,0,3.0530303030303,200,49.5806
2016,41,"1339*A",107,-3320,"Lupinus argenteus",0,2,-2,0,0,0,0,0,0,1,1.30188679245283,0,0
2014,13,"134*A",900,-870,"Elymus lanceolatus",4,NA,NA,15,0,0,NA,0,1,0,2.52336448598131,100.000000000004,0
2015,41,"1340*A",91,-3338,"Lupinus argenteus",0,NA,NA,0,0,1,1,0,0,1,3.0530303030303,0,0
2015,41,"1341*A",102,-3313,"Lupinus argenteus",3,NA,NA,2,0,1,1,1,0,0,3.0530303030303,135.97242,0
2016,41,"1341*A",102,-3313,"Lupinus argenteus",0,3,-3,0,0,0,0,0,0,1,1.30188679245283,0,0
2015,41,"1342*A",105,-3321,"Lupinus argenteus",2.5,NA,NA,2,0,1,1,1,0,0,3.0530303030303,200,31.73158
2016,41,"1342*A",105,-3321,"Lupinus argenteus",0,2.5,-2.5,0,0,0,0,0,0,1,1.30188679245283,0,0
2015,41,"1343*A",105,-3340,"Lupinus argenteus",2.5,NA,NA,1.5,0,1,1,1,0,0,3.0530303030303,200,0
2016,41,"1343*A",105,-3340,"Lupinus argenteus",0,2.5,-2.5,0,0,0,0,0,0,1,1.30188679245283,0,0
2015,41,"1344*A",135,-3362,"Lupinus argenteus",3.5,NA,NA,2,0,1,1,1,0,0,3.0530303030303,100,39.91886
2016,41,"1344*A",135,-3362,"Lupinus argenteus",0,3.5,-3.5,0,0,0,0,0,0,1,1.30188679245283,0,0
2015,41,"1345*A",133,-3364,"Lupinus argenteus",3,NA,NA,2.5,0,1,1,1,0,0,3.0530303030303,100,54.334
2016,41,"1345*A",133,-3364,"Lupinus argenteus",3,3,0,2,0,0,0,1,0,0,1.30188679245283,100,0
2017,41,"1345*A",133,-3364,"Lupinus argenteus",0,3,-3,0,0,0,0,0,0,1,1.28571428571429,0,0
2015,41,"1346*A",137,-3345,"Lupinus argenteus",4,NA,NA,3,0,1,1,1,0,0,3.0530303030303,100,0
2016,41,"1346*A",137,-3345,"Lupinus argenteus",3,4,-1,1,0,0,0,1,0,0,1.30188679245283,100,0
2017,41,"1346*A",137,-3345,"Lupinus argenteus",0,3,-3,0,0,0,0,0,0,1,1.28571428571429,0,0
2015,41,"1347*A",133,-3331,"Lupinus argenteus",0,NA,NA,0,0,1,1,0,0,1,3.0530303030303,0,0
2015,41,"1348*A",10,-3202,"Lupinus argenteus",2,NA,NA,1.5,0,1,1,1,0,0,3.0530303030303,100,0
2016,41,"1348*A",10,-3202,"Lupinus argenteus",2,2,0,3,0,0,0,1,0,0,1.30188679245283,100,0
2017,41,"1348*A",10,-3202,"Lupinus argenteus",0,2,-2,0,0,0,0,0,0,1,1.28571428571429,0,0
2015,41,"1349*A",6,-3265,"Lupinus argenteus",4,NA,NA,3,0,1,1,1,0,0,3.0530303030303,200,0
2016,41,"1349*A",6,-3265,"Lupinus argenteus",0,4,-4,0,0,0,0,0,0,1,1.30188679245283,0,0
2014,13,"135*A",907,-877,"Elymus lanceolatus",8,NA,NA,9,0,0,NA,1,0,0,2.52336448598131,199.999999999999,2.88190317846021
2015,13,"135*A",907,-877,"Elymus lanceolatus",8,8,0,16,0,0,0,1,0,0,3.0530303030303,199.999999999999,79.7665160777718
2016,13,"135*A",907,-877,"Elymus lanceolatus",6,8,-2,19.5,4,0,0,1,0,0,1.30188679245283,199.99999999999,99.999999999995
2017,13,"135*A",907,-877,"Elymus lanceolatus",9,6,3,12,0,0,0,1,0,0,1.28571428571429,200.000000000002,82.4085473153131
2018,13,"135*A",907,-877,"Elymus lanceolatus",7.5,9,-1.5,17,4,0,0,1,0,0,1.12213740458015,100.000000000001,99.9984846440885
2019,13,"135*A",907,-877,"Elymus lanceolatus",8.5,7.5,1,20.5,1,0,0,1,0,0,0.5,200,99.9986641779488
2015,41,"1350*A",92,-3256,"Lupinus argenteus",3.5,NA,NA,3,0,1,1,1,0,0,3.0530303030303,100,0
2016,41,"1350*A",92,-3256,"Lupinus argenteus",6,3.5,2.5,5,0,0,0,1,0,0,1.30188679245283,100,0
2017,41,"1350*A",92,-3256,"Lupinus argenteus",6.4,6,0.4,5,0,0,0,1,0,0,1.28571428571429,99.9999999999999,0
2018,41,"1350*A",92,-3256,"Lupinus argenteus",0,6.4,-6.4,0,0,0,0,0,0,1,1.12213740458015,0,0
2015,41,"1351A*A",107,-3208,"Lupinus argenteus",0,NA,NA,0,0,1,1,0,0,1,3.0530303030303,0,0
2015,41,"1352*A",130,-3235,"Lupinus argenteus",3.5,NA,NA,3,0,1,1,1,0,0,3.0530303030303,100,101.817203
2016,41,"1352*A",130,-3235,"Lupinus argenteus",3,3.5,-0.5,3.5,0,0,0,1,0,0,1.30188679245283,100,0
2017,41,"1352*A",130,-3235,"Lupinus argenteus",0,3,-3,0,0,0,0,0,0,1,1.28571428571429,0,0
2015,41,"1353*A",134,-3271,"Lupinus argenteus",2.5,NA,NA,2,0,1,1,1,0,0,3.0530303030303,100,0
2016,41,"1353*A",134,-3271,"Lupinus argenteus",2.5,2.5,0,2.5,0,0,0,1,0,0,1.30188679245283,100,0
2017,41,"1353*A",134,-3271,"Lupinus argenteus",3.5,2.5,1,3.5,0,0,0,1,0,0,1.28571428571429,99.9999999999998,0
2018,41,"1353*A",134,-3271,"Lupinus argenteus",0.5,3.5,-3,0.4,0,0,0,1,0,0,1.12213740458015,299.999999999996,0
2019,41,"1353*A",134,-3271,"Lupinus argenteus",0,0.5,-0.5,0,0,0,0,0,0,1,0.5,0,0
2015,41,"1354*A",154,-3284,"Lupinus argenteus",2,NA,NA,2.5,0,1,1,1,0,0,3.0530303030303,100,100
2016,41,"1354*A",154,-3284,"Lupinus argenteus",0.1,2,-1.9,0.2,0,0,0,1,0,0,1.30188679245283,100,100
2017,41,"1354*A",154,-3284,"Lupinus argenteus",0,0.1,-0.1,0,0,0,0,0,0,1,1.28571428571429,0,0
2015,41,"1355*A",147,-3264,"Lupinus argenteus",3,NA,NA,2.5,0,1,1,1,0,0,3.0530303030303,100,100
2016,41,"1355*A",147,-3264,"Lupinus argenteus",0,3,-3,0,0,0,0,0,0,1,1.30188679245283,0,0
2015,41,"1356*A",139,-3264,"Eriogonum umbellatum",1,NA,NA,0.5,0,1,1,1,0,0,3.0530303030303,0,178.78853
2016,41,"1356*A",139,-3264,"Eriogonum umbellatum",0,1,-1,0,0,0,0,0,0,1,1.30188679245283,0,0
2015,41,"1357*A",139,-3266,"Eriogonum umbellatum",1.5,NA,NA,1,0,1,1,1,0,0,3.0530303030303,0,135.01713
2016,41,"1357*A",139,-3266,"Eriogonum umbellatum",0.4,1.5,-1.1,0.5,0,0,0,1,0,0,1.30188679245283,0,100
2017,41,"1357*A",139,-3266,"Eriogonum umbellatum",0,0.4,-0.4,0,0,0,0,0,0,1,1.28571428571429,0,0
2015,41,"1358*A",195,-3232,"Lupinus argenteus",1.5,NA,NA,1,0,1,1,1,0,0,3.0530303030303,100,0
2016,41,"1358*A",195,-3232,"Lupinus argenteus",0,1.5,-1.5,0,0,0,0,0,0,1,1.30188679245283,0,0
2015,41,"1359*A",163,-3244,"Lupinus argenteus",2.5,NA,NA,3,0,1,1,1,0,0,3.0530303030303,100,99.88841
2016,41,"1359*A",163,-3244,"Lupinus argenteus",3,2.5,0.5,4,0,0,0,1,0,0,1.30188679245283,100,0
2017,41,"1359*A",163,-3244,"Lupinus argenteus",0,3,-3,0,0,0,0,0,0,1,1.28571428571429,0,0
2014,13,"136*A",932,-885,"Elymus lanceolatus",6,NA,NA,13,0,0,NA,1,0,0,2.52336448598131,100.000000000002,100.000000000002
2015,13,"136*A",932,-885,"Elymus lanceolatus",10,6,4,11.5,0,0,0,1,0,0,3.0530303030303,100.000000000001,58.3887291436439
2016,13,"136*A",932,-885,"Elymus lanceolatus",16,10,6,14.5,3,0,0,1,0,0,1.30188679245283,99.9999999999996,48.8200644705104
2017,13,"136*A",932,-885,"Elymus lanceolatus",14,16,-2,7,0,0,0,1,0,0,1.28571428571429,99.9999999999988,37.1504063060654
2018,13,"136*A",932,-885,"Elymus lanceolatus",12.5,14,-1.5,12.5,2,0,0,1,0,0,1.12213740458015,99.9999999999988,48.5764981708938
2019,13,"136*A",932,-885,"Elymus lanceolatus",5,12.5,-7.5,7.5,0,0,0,1,0,0,0.5,100,69.0319726107973
2015,41,"1360*A",163,-3237,"Lupinus argenteus",2.5,NA,NA,2.5,0,1,1,1,0,0,3.0530303030303,100,0
2016,41,"1360*A",163,-3237,"Lupinus argenteus",2.5,2.5,0,4,0,0,0,1,0,0,1.30188679245283,118.4039893,0
2017,41,"1360*A",163,-3237,"Lupinus argenteus",0,2.5,-2.5,0,0,0,0,0,0,1,1.28571428571429,0,0
2015,41,"1361*A",184,-3226,"Phacelia hastata",2.5,NA,NA,1.5,0,0,1,1,0,0,3.0530303030303,204.522162,0
2016,41,"1361*A",184,-3226,"Phacelia hastata",5,2.5,2.5,2,0,0,0,1,0,0,1.30188679245283,206.360278,8.541603
2017,41,"1361*A",184,-3226,"Phacelia hastata",7,5,2,4.5,1,0,0,1,0,0,1.28571428571429,215.264720276727,4.59183673469389
2018,41,"1361*A",184,-3226,"Phacelia hastata",4,7,-3,1,0,0,0,1,0,0,1.12213740458015,200.000000000002,3.24485455433999
2019,41,"1361*A",184,-3226,"Phacelia hastata",0,4,-4,0,0,0,0,0,0,1,0.5,0,0
2015,41,"1362*A",185,-3225,"Senecio crassulus",0.7,NA,NA,1,0,1,1,1,0,0,3.0530303030303,300,0
2016,41,"1362*A",185,-3225,"Senecio crassulus",1,0.7,0.3,1.5,0,0,0,1,0,0,1.30188679245283,300,0
2017,41,"1362*A",185,-3225,"Senecio crassulus",0,1,-1,0,0,0,0,0,0,1,1.28571428571429,0,0
2015,41,"1363*A",126,-3235,"Lupinus argenteus",1.5,NA,NA,1.5,0,1,1,1,0,0,3.0530303030303,100,221.64405
2016,41,"1363*A",126,-3235,"Lupinus argenteus",0,1.5,-1.5,0,0,0,0,0,0,1,1.30188679245283,0,0
2015,41,"1364*A",181,-3233,"Lupinus argenteus",4,NA,NA,2,0,1,1,1,0,0,3.0530303030303,168.84782,0
2016,41,"1364*A",181,-3233,"Lupinus argenteus",4,4,0,3,0,0,0,1,0,0,1.30188679245283,186.329342,0
2017,41,"1364*A",181,-3233,"Lupinus argenteus",5,4,1,3,0,0,0,1,0,0,1.28571428571429,211.416352041029,0
2018,41,"1364*A",181,-3233,"Lupinus argenteus",0,5,-5,0,0,0,0,0,0,1,1.12213740458015,0,0
2015,41,"1365*A",150,-3216,"Lupinus argenteus",3,NA,NA,2.5,0,1,1,1,0,0,3.0530303030303,163.636076,0
2016,41,"1365*A",150,-3216,"Lupinus argenteus",1,3,-2,2,0,0,0,1,0,0,1.30188679245283,100.7994199,0
2017,41,"1365*A",150,-3216,"Lupinus argenteus",4,1,3,2.5,0,0,0,1,0,0,1.28571428571429,258.234484911907,0
2018,41,"1365*A",150,-3216,"Lupinus argenteus",0,4,-4,0,0,0,0,0,0,1,1.12213740458015,0,0
2015,41,"1366*A",135.1168754,-3218.245199,"Eriogonum umbellatum",1,NA,NA,0.5,0,1,1,1,0,0,3.0530303030303,0,270.95484
2015,41,"1366*B",134.9586341,-3218.1655883,"Eriogonum umbellatum",1,NA,NA,0.5,0,1,1,0,1,0,3.0530303030303,0,271.49921
2015,41,"1366*C",134.6048249,-3218.8762119,"Eriogonum umbellatum",1,NA,NA,0.5,0,1,1,0,1,0,3.0530303030303,0,252.90331
2016,41,"1366*A",135,-3218,"Eriogonum umbellatum",0.6,1,-0.4,1,0,0,0,1,0,0,1.30188679245283,0,100
2017,41,"1366*A",135,-3218,"Eriogonum umbellatum",1,0.6,0.4,1,0,0,0,1,0,0,1.28571428571429,0,100
2018,41,"1366*A",135,-3218,"Eriogonum umbellatum",0,1,-1,0,0,0,0,0,0,1,1.12213740458015,0,0
2015,41,"1367*A",198.3506262,-3222.735597,"Eriogonum umbellatum",1,NA,NA,0.5,0,1,1,1,0,0,3.0530303030303,0,190.22793
2015,41,"1367*B",197.8759023,-3222.4967649,"Eriogonum umbellatum",1,NA,NA,0.5,0,1,1,1,0,0,3.0530303030303,0,184.34922
2016,41,"1367*A",198.3506262,-3222.735597,"Eriogonum umbellatum",1,1,0,1,0,0,0,1,0,0,1.30188679245283,0,190.22793
2016,41,"1367*B",197.8759023,-3222.4967649,"Eriogonum umbellatum",1,1,0,1,0,0,0,1,0,0,1.30188679245283,0,184.34922
2017,41,"1367*A",198.3506262,-3222.735597,"Eriogonum umbellatum",1,1,0,1,0,0,0,1,0,0,1.28571428571429,0,190.22793056383
2017,41,"1367*B",197.8759023,-3222.4967649,"Eriogonum umbellatum",1,1,0,1,0,0,0,0,1,0,1.28571428571429,0,184.349215300011
2018,41,"1367*A",198,-3222,"Eriogonum umbellatum",0,1,-1,0,0,0,0,0,0,1,1.12213740458015,0,0
2015,41,"1368*A",181,-3203,"Eriogonum umbellatum",1,NA,NA,1,0,1,1,1,0,0,3.0530303030303,0,100
2016,41,"1368*A",181.1168754,-3203.245199,"Eriogonum umbellatum",0.5,1,-0.5,1,1,0,0,1,0,0,1.30188679245283,0,242.79585
2016,41,"1368*B",180.9586341,-3203.1655883,"Eriogonum umbellatum",0.5,NA,NA,1,0,0,1,0,1,0,1.30188679245283,0,243.82433
2016,41,"1368*C",180.6048249,-3203.8762119,"Eriogonum umbellatum",0.5,NA,NA,1,0,0,1,0,1,0,1.30188679245283,0,207.49122
2017,41,"1368*A",181,-3203,"Eriogonum umbellatum",0,0.5,-0.5,0,0,0,0,0,0,1,1.28571428571429,0,0
2015,41,"1369*A",190.584377,-3219.225995,"Eriogonum umbellatum",1,NA,NA,0.5,0,1,1,1,0,0,3.0530303030303,0,175.769937
2015,41,"1369*B",189.7931704,-3218.8279415,"Eriogonum umbellatum",1,NA,NA,0.5,0,1,1,0,1,0,3.0530303030303,0,176.787722
2015,41,"1369*C",188.0241243,-3222.3810597,"Eriogonum umbellatum",1,NA,NA,0.5,0,1,1,0,1,0,3.0530303030303,23.20901,104.424399
2016,41,"1369*A",190,-3218,"Eriogonum umbellatum",1,1,0,1,0,0,0,1,0,0,1.30188679245283,0,100
2017,41,"1369*A",190,-3218,"Eriogonum umbellatum",0,1,-1,0,0,0,0,0,0,1,1.28571428571429,0,0
2014,13,"137*A",935,-889,"Elymus lanceolatus",16,NA,NA,8,0,0,NA,1,0,0,2.52336448598131,100.000000000001,14.0625000000006
2015,13,"137*A",935,-889,"Elymus lanceolatus",12,16,-4,15,1,0,0,1,0,0,3.0530303030303,99.9999999999989,40.5477285719747
2016,13,"137*A",935,-889,"Elymus lanceolatus",13,12,1,21,3,0,0,1,0,0,1.30188679245283,99.9999999999988,73.9522870085823
2017,13,"137*A",935,-889,"Elymus lanceolatus",10,13,-3,13,0,0,0,1,0,0,1.28571428571429,99.9999999999992,72.8147963598883
2018,13,"137*A",935,-889,"Elymus lanceolatus",11.5,10,1.5,14.5,6,0,0,1,0,0,1.12213740458015,100.000000000001,57.3918929240235
2019,13,"137*A",935,-889,"Elymus lanceolatus",11,11.5,-0.5,16,1,0,0,1,0,0,0.5,100,14.2628042584294
2015,41,"1370*A",114,-3294,"Lupinus argenteus",1.5,NA,NA,2,0,1,1,1,0,0,3.0530303030303,100,19.50422
2016,41,"1370*A",114,-3294,"Lupinus argenteus",0,1.5,-1.5,0,0,0,0,0,0,1,1.30188679245283,0,0
2015,41,"1371*A",113,-3291,"Lupinus argenteus",2.5,NA,NA,2.3,0,1,1,1,0,0,3.0530303030303,100,7.021521
2016,41,"1371*A",113,-3291,"Lupinus argenteus",0,2.5,-2.5,0,0,0,0,0,0,1,1.30188679245283,0,0
2015,41,"1372*A",200,-3308,"Lupinus argenteus",2,NA,NA,2,0,1,1,1,0,0,3.0530303030303,100,0
2016,41,"1372*A",200,-3308,"Lupinus argenteus",3.5,2,1.5,3.5,0,0,0,1,0,0,1.30188679245283,100,0
2017,41,"1372*A",200,-3308,"Lupinus argenteus",0,3.5,-3.5,0,0,0,0,0,0,1,1.28571428571429,0,0
2015,41,"1373*A",168,-3323,"Lupinus argenteus",1.5,NA,NA,2,0,1,1,1,0,0,3.0530303030303,100,0
2016,41,"1373*A",168,-3323,"Lupinus argenteus",0,1.5,-1.5,0,0,0,0,0,0,1,1.30188679245283,0,0
2015,41,"1374*A",190,-3342,"Lupinus argenteus",1.8,NA,NA,2,0,1,1,1,0,0,3.0530303030303,100,0
2016,41,"1374*A",190,-3342,"Lupinus argenteus",4.5,1.8,2.7,3,0,0,0,1,0,0,1.30188679245283,100,0
2017,41,"1374*A",190,-3342,"Lupinus argenteus",4.5,4.5,0,5,0,0,0,1,0,0,1.28571428571429,99.9999999999995,0
2018,41,"1374*A",190,-3342,"Lupinus argenteus",0,4.5,-4.5,0,0,0,0,0,0,1,1.12213740458015,0,0
2015,41,"1375*A",190,-3350,"Lupinus argenteus",2,NA,NA,1.5,0,1,1,1,0,0,3.0530303030303,100,0
2016,41,"1375*A",190,-3350,"Lupinus argenteus",0,2,-2,0,0,0,0,0,0,1,1.30188679245283,0,0
2015,41,"1376*A",197,-3396,"Lupinus argenteus",3,NA,NA,2,0,1,1,1,0,0,3.0530303030303,0,0
2016,41,"1376*A",197,-3396,"Lupinus argenteus",3,3,0,2,0,0,0,1,0,0,1.30188679245283,99.71323,0
2017,41,"1376*A",197,-3396,"Lupinus argenteus",0,3,-3,0,0,0,0,0,0,1,1.28571428571429,0,0
2015,41,"1377*A",123,-3281,"Lupinus argenteus",0,NA,NA,0,0,1,1,0,0,1,3.0530303030303,0,0
2015,41,"1378*A",127,-3246,"Lupinus argenteus",3,NA,NA,3,0,1,1,1,0,0,3.0530303030303,100,128.80389
2016,41,"1378*A",127,-3246,"Lupinus argenteus",0,3,-3,0,0,0,0,0,0,1,1.30188679245283,0,0
2015,42,"1379*A",421,-3385,"Lupinus argenteus",1.5,NA,NA,2.5,0,1,1,1,0,0,3.0530303030303,100,0
2016,42,"1379*A",421,-3385,"Lupinus argenteus",0,1.5,-1.5,0,0,0,0,0,0,1,1.30188679245283,0,0
2015,42,"1380*A",431,-3372,"Lupinus argenteus",3.5,NA,NA,3.5,0,1,1,1,0,0,3.0530303030303,100,0
2016,42,"1380*A",431,-3372,"Lupinus argenteus",7,3.5,3.5,4.5,0,0,0,1,0,0,1.30188679245283,100,6.955867
2017,42,"1380*A",431,-3372,"Lupinus argenteus",12,7,5,6,0,0,0,1,0,0,1.28571428571429,100,6.32071742654696
2018,42,"1380*A",431,-3372,"Lupinus argenteus",0,12,-12,0,0,0,0,0,0,1,1.12213740458015,0,0
2015,42,"1381*A",429,-3342,"Lupinus argenteus",3,NA,NA,3,0,1,1,1,0,0,3.0530303030303,100,0
2016,42,"1381*A",429,-3342,"Lupinus argenteus",0,3,-3,0,0,0,0,0,0,1,1.30188679245283,0,0
2015,42,"1382*A",425,-3315,"Lupinus argenteus",3.5,NA,NA,3,0,1,1,1,0,0,3.0530303030303,100,0
2016,42,"1382*A",425,-3315,"Lupinus argenteus",4,3.5,0.5,5,0,0,0,1,0,0,1.30188679245283,100,10.39014
2017,42,"1382*A",425,-3315,"Lupinus argenteus",5,4,1,5,0,0,0,1,0,0,1.28571428571429,100.000000000001,10.6670760117837
2018,42,"1382*A",425,-3315,"Lupinus argenteus",0,5,-5,0,0,0,0,0,0,1,1.12213740458015,0,0
2015,42,"1383*A",424,-3363,"Lupinus argenteus",3,NA,NA,1.5,0,1,1,1,0,0,3.0530303030303,139.53418,0
2016,42,"1383*A",424,-3363,"Lupinus argenteus",6.5,3,3.5,3,0,0,0,1,0,0,1.30188679245283,100,8.06716
2017,42,"1383*A",424,-3363,"Lupinus argenteus",4,6.5,-2.5,3.5,0,0,0,1,0,0,1.28571428571429,99.9999999999993,56.886456838923
2018,42,"1383*A",424,-3363,"Lupinus argenteus",0,4,-4,0,0,0,0,0,0,1,1.12213740458015,0,0
2015,42,"1384*A",428,-3358,"Lupinus argenteus",2.5,NA,NA,2,0,1,1,1,0,0,3.0530303030303,100,0
2016,42,"1384*A",428,-3358,"Lupinus argenteus",0,2.5,-2.5,0,0,0,0,0,0,1,1.30188679245283,0,0
2015,42,"1385*A",438,-3323,"Lupinus argenteus",2.5,NA,NA,2,0,1,1,1,0,0,3.0530303030303,100,0
2016,42,"1385*A",438,-3323,"Lupinus argenteus",6,2.5,3.5,4,0,0,0,1,0,0,1.30188679245283,100,0
2017,42,"1385*A",438,-3323,"Lupinus argenteus",8.5,6,2.5,5.5,0,0,0,1,0,0,1.28571428571429,100,4.12240156341911
2018,42,"1385*A",438,-3323,"Lupinus argenteus",6,8.5,-2.5,3.5,0,0,0,1,0,0,1.12213740458015,99.9999999999998,0.973290133907898
2019,42,"1385*A",438,-3323,"Lupinus argenteus",0,6,-6,0,0,0,0,0,0,1,0.5,0,0
2015,42,"1386*A",433,-3312,"Lupinus argenteus",3.5,NA,NA,3,0,1,1,1,0,0,3.0530303030303,100,0
2016,42,"1386*A",433,-3312,"Lupinus argenteus",6,3.5,2.5,4,0,0,0,1,0,0,1.30188679245283,100,4.617842
2017,42,"1386*A",433,-3312,"Lupinus argenteus",5.5,6,-0.5,4.5,0,0,0,1,0,0,1.28571428571429,99.9999999999997,18.6618318430291
2018,42,"1386*A",433,-3312,"Lupinus argenteus",6.5,5.5,1,4.5,0,0,0,1,0,0,1.12213740458015,99.9999999999998,0.82931230344812
2019,42,"1386*A",433,-3312,"Lupinus argenteus",0,6.5,-6.5,0,0,0,0,0,0,1,0.5,0,0
2015,42,"1387*A",415,-3300,"Lupinus argenteus",4,NA,NA,2.5,0,1,1,1,0,0,3.0530303030303,100,0
2016,42,"1387*A",415,-3300,"Lupinus argenteus",7,4,3,6,0,0,0,1,0,0,1.30188679245283,100,0
2017,42,"1387*A",415,-3300,"Lupinus argenteus",3,7,-4,5,0,0,0,1,0,0,1.28571428571429,100.000000000002,0
2018,42,"1387*A",415,-3300,"Lupinus argenteus",0,3,-3,0,0,0,0,0,0,1,1.12213740458015,0,0
2015,42,"1388*A",400,-3310,"Lupinus argenteus",2,NA,NA,2.5,0,1,1,1,0,0,3.0530303030303,100,0
2016,42,"1388*A",400,-3310,"Lupinus argenteus",5,2,3,6,0,0,0,1,0,0,1.30188679245283,100,0
2017,42,"1388*A",400,-3310,"Lupinus argenteus",0,5,-5,0,0,0,0,0,0,1,1.28571428571429,0,0
2015,42,"1389*A",408,-3280,"Lupinus argenteus",2,NA,NA,2,0,1,1,1,0,0,3.0530303030303,100,0
2016,42,"1389*A",408,-3280,"Lupinus argenteus",6,2,4,6,0,0,0,1,0,0,1.30188679245283,100,3.271301
2017,42,"1389*A",408,-3280,"Lupinus argenteus",10,6,4,6.5,0,0,0,1,0,0,1.28571428571429,99.9999999999997,5.10781284955543
2018,42,"1389*A",408,-3280,"Lupinus argenteus",0.5,10,-9.5,0.2,0,0,0,1,0,0,1.12213740458015,99.9999999999928,0
2019,42,"1389*A",408,-3280,"Lupinus argenteus",0,0.5,-0.5,0,0,0,0,0,0,1,0.5,0,0
2014,13,"139*A",944,-951,"Eriogonum umbellatum",41,NA,NA,4,44,0,NA,1,0,0,2.52336448598131,37.1358586014462,0
2015,13,"139*A",944,-951,"Eriogonum umbellatum",46,41,5,4,66,0,0,1,0,0,3.0530303030303,42.6228480450659,0
2016,13,"139*A",944,-951,"Eriogonum umbellatum",49,46,3,4,57,0,0,1,0,0,1.30188679245283,50.7296843086659,0.240163632084207
2017,13,"139*A",944,-951,"Eriogonum umbellatum",50,49,1,4,77,0,0,1,0,0,1.28571428571429,53.1326273140147,3.98436141990318
2018,13,"139*A",944,-951,"Eriogonum umbellatum",48,50,-2,3,59,0,0,1,0,0,1.12213740458015,25.4231289409175,4.38377231689528
2019,13,"139*A",944,-951,"Eriogonum umbellatum",46,48,-2,4,145,0,0,1,0,0,0.5,20.3399510593269,5.02464397749791
2015,42,"1390*A",405,-3270,"Lupinus argenteus",2.5,NA,NA,2,0,1,1,1,0,0,3.0530303030303,100,0
2016,42,"1390*A",405,-3270,"Lupinus argenteus",5.5,2.5,3,6,0,0,0,1,0,0,1.30188679245283,100,60.156228
2017,42,"1390*A",405,-3270,"Lupinus argenteus",3.5,5.5,-2,2.5,0,0,0,1,0,0,1.28571428571429,99.9999999999998,39.4581371321742
2018,42,"1390*A",405,-3270,"Lupinus argenteus",0,3.5,-3.5,0,0,0,0,0,0,1,1.12213740458015,0,0
2015,42,"1391*A",462,-3281,"Lupinus argenteus",3,NA,NA,2,0,1,1,1,0,0,3.0530303030303,100,0
2016,42,"1391*A",462,-3281,"Lupinus argenteus",7,3,4,4,0,0,0,1,0,0,1.30188679245283,41.58417,0
2017,42,"1391*A",462,-3281,"Lupinus argenteus",0,7,-7,0,0,0,0,0,0,1,1.28571428571429,0,0
2015,42,"1392*A",401.350626173,-3232.735597,"Eriogonum umbellatum",1,NA,NA,1,0,1,1,1,0,0,3.0530303030303,100,109.99356
2015,42,"1392*B",400.875902251,-3232.4967649,"Eriogonum umbellatum",1,NA,NA,1,0,1,1,0,1,0,3.0530303030303,100,123.79684
2015,42,"1392*C",399.814474597,-3234.6286358,"Eriogonum umbellatum",1,NA,NA,1,0,1,1,0,1,0,3.0530303030303,100,103.02903
2016,42,"1392*A",401,-3232,"Eriogonum umbellatum",0.5,1,-0.5,1,0,0,0,1,0,0,1.30188679245283,176.12472,0
2017,42,"1392*A",401,-3232,"Eriogonum umbellatum",0,0.5,-0.5,0,0,0,0,0,0,1,1.28571428571429,0,0
2015,42,"1393*A",410,-3240,"Lupinus argenteus",2.5,NA,NA,2.5,0,1,1,1,0,0,3.0530303030303,66.72161,100
2016,42,"1393*A",410,-3240,"Lupinus argenteus",3,2.5,0.5,4,0,0,0,1,0,0,1.30188679245283,0,100
2017,42,"1393*A",410,-3240,"Lupinus argenteus",2,3,-1,2.5,0,0,0,1,0,0,1.28571428571429,100,100
2018,42,"1393*A",410,-3240,"Lupinus argenteus",0,2,-2,0,0,0,0,0,0,1,1.12213740458015,0,0
2015,42,"1394*A",419,-3216,"Lupinus argenteus",3,NA,NA,3,0,1,1,1,0,0,3.0530303030303,0,119.94759
2016,42,"1394*A",419,-3216,"Lupinus argenteus",8,3,5,5,0,0,0,1,0,0,1.30188679245283,0.1163959,116.59376
2017,42,"1394*A",419,-3216,"Lupinus argenteus",14,8,6,7,0,0,0,1,0,0,1.28571428571429,37.8507851751792,8.92958286306765
2018,42,"1394*A",419,-3216,"Lupinus argenteus",0,14,-14,0,0,0,0,0,0,1,1.12213740458015,0,0
2015,42,"1395*A",424,-3205,"Lupinus argenteus",3,NA,NA,2,0,1,1,1,0,0,3.0530303030303,0,288.36629
2016,42,"1395*A",424,-3205,"Lupinus argenteus",3,3,0,2,0,0,0,1,0,0,1.30188679245283,21.90134,94.02753
2017,42,"1395*A",424,-3205,"Lupinus argenteus",0,3,-3,0,0,0,0,0,0,1,1.28571428571429,0,0
2015,42,"1396*A",424,-3203,"Lupinus argenteus",3,NA,NA,2,0,1,1,1,0,0,3.0530303030303,0,288.38632
2016,42,"1396*A",424,-3203,"Lupinus argenteus",4.5,3,1.5,4,0,0,0,1,0,0,1.30188679245283,25.9203678,47.01918
2017,42,"1396*A",424,-3203,"Lupinus argenteus",0,4.5,-4.5,0,0,0,0,0,0,1,1.28571428571429,0,0
2015,42,"1397*A",423,-3216,"Lupinus argenteus",0,NA,NA,0,0,1,1,1,0,0,3.0530303030303,0,0
2016,42,"1397*A",423,-3216,"Lupinus argenteus",5,0,5,3,0,0,0,1,0,0,1.30188679245283,0,157.65282
2017,42,"1397*A",423,-3216,"Lupinus argenteus",0,5,-5,0,0,0,0,0,0,1,1.28571428571429,0,0
2015,42,"1398*A",426,-3204,"Lupinus argenteus",2,NA,NA,2,0,1,1,1,0,0,3.0530303030303,0,334.0872
2016,42,"1398*A",426,-3204,"Lupinus argenteus",0,2,-2,0,0,0,0,1,0,0,1.30188679245283,0,0
2017,42,"1398*A",426,-3204,"Lupinus argenteus",4,0,4,4,0,0,0,1,0,0,1.28571428571429,94.7721251629523,49.8127611103289
2018,42,"1398*A",426,-3204,"Lupinus argenteus",0,4,-4,0,0,0,0,0,0,1,1.12213740458015,0,0
2015,42,"1399*A",463,-3205,"Lupinus argenteus",2,NA,NA,2,0,1,1,1,0,0,3.0530303030303,0,0
2016,42,"1399*A",463,-3205,"Lupinus argenteus",7,2,5,4,0,0,0,1,0,0,1.30188679245283,0,0
2017,42,"1399*A",463,-3205,"Lupinus argenteus",14,7,7,10.5,0,0,0,1,0,0,1.28571428571429,0,0
2018,42,"1399*A",463,-3205,"Lupinus argenteus",0,14,-14,0,0,0,0,0,0,1,1.12213740458015,0,0
2014,1,"14*A",200,-70,"Lupinus argenteus",34,NA,NA,13,6,0,NA,1,0,0,2.52336448598131,119.365983083338,0
2015,1,"14*A",200,-70,"Lupinus argenteus",29,34,-5,12,0,0,0,1,0,0,3.0530303030303,140.149620649236,0.00701816117830614
2016,1,"14*A",200,-70,"Lupinus argenteus",26,29,-3,15,0,0,0,1,0,0,1.30188679245283,157.933745026372,2.26462524962692
2017,1,"14*A",200,-70,"Lupinus argenteus",0,26,-26,0,0,0,0,0,0,1,1.28571428571429,0,0
2014,13,"140*A",938,-943,"Elymus lanceolatus",2,NA,NA,4,0,0,NA,1,0,0,2.52336448598131,99.9999999999932,0
2015,13,"140*A",938,-943,"Elymus lanceolatus",6,2,4,10,0,0,0,1,0,0,3.0530303030303,100,99.1731978911786
2016,13,"140*A",938,-943,"Elymus lanceolatus",13,6,7,15.5,1,0,0,1,0,0,1.30188679245283,100,51.6040191506512
2017,13,"140*A",938,-943,"Elymus lanceolatus",19,13,6,22,2,0,0,0,1,0,1.28571428571429,99.9999999999995,101.235409699365
2015,42,"1400*A",443,-3253,"Lupinus argenteus",3.5,NA,NA,2.5,0,1,1,1,0,0,3.0530303030303,100,0
2016,42,"1400*A",443,-3253,"Lupinus argenteus",6,3.5,2.5,7,0,0,0,1,0,0,1.30188679245283,0,1.663103
2017,42,"1400*A",443,-3253,"Lupinus argenteus",0,6,-6,0,0,0,0,0,0,1,1.28571428571429,0,0
2015,42,"1401*A",484,-3233,"Lupinus argenteus",3,NA,NA,2,0,1,1,1,0,0,3.0530303030303,0,0
2016,42,"1401*A",484,-3233,"Lupinus argenteus",0,3,-3,0,0,0,0,0,0,1,1.30188679245283,0,0
2015,42,"1402*A",518,-3229,"Lupinus argenteus",3,NA,NA,2,0,1,1,1,0,0,3.0530303030303,0,97.24272
2016,42,"1402*A",518,-3229,"Lupinus argenteus",8,3,5,4,0,0,0,1,0,0,1.30188679245283,0,100
2017,42,"1402*A",518,-3229,"Lupinus argenteus",10,8,2,5,0,0,0,1,0,0,1.28571428571429,0,0
2018,42,"1402*A",518,-3229,"Lupinus argenteus",0,10,-10,0,0,0,0,0,0,1,1.12213740458015,0,0
2015,42,"1403*A",542,-3333,"Lupinus argenteus",2,NA,NA,2.5,0,1,1,1,0,0,3.0530303030303,0,0
2016,42,"1403*A",542,-3333,"Lupinus argenteus",7,2,5,5.5,0,0,0,1,0,0,1.30188679245283,0,0
2017,42,"1403*A",542,-3333,"Lupinus argenteus",8,7,1,6,0,0,0,1,0,0,1.28571428571429,0,0
2018,42,"1403*A",542,-3333,"Lupinus argenteus",12.5,8,4.5,6.5,0,0,0,1,0,0,1.12213740458015,0,0
2019,42,"1403*A",542,-3333,"Lupinus argenteus",0,12.5,-12.5,0,0,0,0,0,0,1,0.5,0,0
2015,42,"1404*A",540,-3359,"Lupinus argenteus",0,NA,NA,0,0,1,1,0,0,1,3.0530303030303,0,0
2015,42,"1405*A",572,-3367,"Lupinus argenteus",2.5,NA,NA,2,0,1,1,1,0,0,3.0530303030303,0,0
2016,42,"1405*A",572,-3367,"Lupinus argenteus",8,2.5,5.5,4.5,0,0,0,1,0,0,1.30188679245283,0,2.838738
2017,42,"1405*A",572,-3367,"Lupinus argenteus",0,8,-8,0,0,0,0,0,0,1,1.28571428571429,0,0
2015,42,"1406*A",523,-3315,"Lupinus argenteus",2,NA,NA,1.5,0,1,1,1,0,0,3.0530303030303,0,0
2016,42,"1406*A",523,-3315,"Lupinus argenteus",0,2,-2,0,0,0,0,0,0,1,1.30188679245283,0,0
2015,42,"1407*A",502,-3391,"Lupinus argenteus",2,NA,NA,1.5,0,1,1,1,0,0,3.0530303030303,0,0
2016,42,"1407*A",502,-3391,"Lupinus argenteus",1.5,2,-0.5,1,0,0,0,1,0,0,1.30188679245283,0,0
2017,42,"1407*A",502,-3391,"Lupinus argenteus",0,1.5,-1.5,0,0,0,0,0,0,1,1.28571428571429,0,0
2015,42,"1408*A",554,-3397,"Lupinus argenteus",2.5,NA,NA,2,0,1,1,1,0,0,3.0530303030303,0,0
2016,42,"1408*A",554,-3397,"Lupinus argenteus",4,2.5,1.5,2.5,0,0,0,1,0,0,1.30188679245283,0,0
2017,42,"1408*A",554,-3397,"Lupinus argenteus",0,4,-4,0,0,0,0,0,0,1,1.28571428571429,0,0
2015,42,"1409*A",451,-3265,"Lupinus argenteus",2.5,NA,NA,2.5,0,1,1,1,0,0,3.0530303030303,100,0
2016,42,"1409*A",451,-3265,"Lupinus argenteus",9,2.5,6.5,5,0,0,0,1,0,0,1.30188679245283,13.93167,0.7391568
2017,42,"1409*A",451,-3265,"Lupinus argenteus",0,9,-9,0,0,0,0,0,0,1,1.28571428571429,0,0
2014,13,"141*A",950,-940,"Chaenactis douglasii",7,NA,NA,9,6,0,NA,1,0,0,2.52336448598131,148.005193264095,0
2015,13,"141*A",950,-940,"Chaenactis douglasii",1.5,7,-5.5,0.8,0,0,0,1,0,0,3.0530303030303,199.999999999984,0
2016,13,"141*A",950,-940,"Chaenactis douglasii",0.5,1.5,-1,0.5,0,0,0,1,0,0,1.30188679245283,200.000000000068,0
2017,13,"141*A",950,-940,"Chaenactis douglasii",0,0.5,-0.5,0,0,0,0,0,0,1,1.28571428571429,0,0
2015,42,"1410*A",442,-3203,"Lupinus argenteus",2.5,NA,NA,2.5,0,1,1,1,0,0,3.0530303030303,0,0
2016,42,"1410*A",442,-3203,"Lupinus argenteus",5,2.5,2.5,4,0,0,0,1,0,0,1.30188679245283,0,0
2017,42,"1410*A",442,-3203,"Lupinus argenteus",0,5,-5,0,0,0,0,0,0,1,1.28571428571429,0,0
2015,47,"1411*A",463,-3800,"Lupinus argenteus",3.5,NA,NA,3,0,1,1,1,0,0,3.0530303030303,0,0
2016,47,"1411*A",463,-3800,"Lupinus argenteus",6,3.5,2.5,4,0,0,0,1,0,0,1.30188679245283,0,0
2017,47,"1411*A",463,-3800,"Lupinus argenteus",0,6,-6,0,0,0,0,0,0,1,1.28571428571429,0,0
2015,47,"1412*A",426,-3785,"Lupinus argenteus",2,NA,NA,2,0,1,1,1,0,0,3.0530303030303,0,0
2016,47,"1412*A",426,-3785,"Lupinus argenteus",6,2,4,3,0,0,0,1,0,0,1.30188679245283,0,0
2017,47,"1412*A",426.29218848,-3785.61299748,"Lupinus argenteus",1,6,-5,1,0,0,0,1,0,0,1.28571428571429,0,72.1834659924565
2017,47,"1412*B",425.89658521,-3785.41397075,"Lupinus argenteus",1,NA,NA,1,0,0,1,0,1,0,1.28571428571429,0,72.360141401711
2017,47,"1412*C",425.01206216,-3787.19052983,"Lupinus argenteus",1,NA,NA,1,0,0,1,0,1,0,1.28571428571429,0,0.176675409245749
2018,47,"1412*A",426,-3785,"Lupinus argenteus",0,1,-1,0,0,0,0,0,0,1,1.12213740458015,0,0
2015,47,"1413*A",407,-3797,"Carex siccata",42,NA,NA,19,2,0,1,1,0,0,3.0530303030303,0,0
2016,47,"1413*A",407,-3797,"Carex siccata",37,42,-5,17,8,0,0,1,0,0,1.30188679245283,0,0
2017,47,"1413*A",407,-3797,"Carex siccata",9,37,-28,6,0,0,0,1,0,0,1.28571428571429,0,0
2018,47,"1413*A",407,-3797,"Carex siccata",0,9,-9,0,0,0,0,0,0,1,1.12213740458015,0,0
2015,47,"1414*A",474,-3753,"Lupinus argenteus",2.5,NA,NA,2.5,0,1,1,1,0,0,3.0530303030303,0,0
2016,47,"1414*A",474,-3753,"Lupinus argenteus",2,2.5,-0.5,2,0,0,0,1,0,0,1.30188679245283,0,0
2017,47,"1414*A",474,-3753,"Lupinus argenteus",0,2,-2,0,0,0,0,0,0,1,1.28571428571429,0,0
2015,47,"1415*A",446,-3699,"Lupinus argenteus",2,NA,NA,1.5,0,1,1,1,0,0,3.0530303030303,0,0
2016,47,"1415*A",446,-3699,"Lupinus argenteus",1,2,-1,1,0,0,0,1,0,0,1.30188679245283,0,0
2017,47,"1415*A",446,-3699,"Lupinus argenteus",0,1,-1,0,0,0,0,0,0,1,1.28571428571429,0,0
2015,47,"1416*A",413,-3653,"Lupinus argenteus",1,NA,NA,1,0,1,1,1,0,0,3.0530303030303,0,0
2016,47,"1416*A",413,-3653,"Lupinus argenteus",0,1,-1,0,0,0,0,0,0,1,1.30188679245283,0,0
2015,47,"1417*A",429,-3629,"Lupinus argenteus",0,NA,NA,0,0,1,1,0,0,1,3.0530303030303,0,0
2015,47,"1418*A",434,-3625,"Lupinus argenteus",0,NA,NA,0,0,1,1,0,0,1,3.0530303030303,0,0
2015,47,"1419*A",444,-3618,"Lupinus argenteus",3,NA,NA,2.5,0,1,1,1,0,0,3.0530303030303,0,0
2016,47,"1419*A",444,-3618,"Lupinus argenteus",5,3,2,3,0,0,0,1,0,0,1.30188679245283,0,0
2017,47,"1419*A",444,-3618,"Lupinus argenteus",0,5,-5,0,0,0,0,0,0,1,1.28571428571429,0,0
2014,13,"142*A",946,-948,"Elymus lanceolatus",9,NA,NA,23,1,0,NA,1,0,0,2.52336448598131,112.068752297534,44.3873740924675
2015,13,"142*A",946,-948,"Elymus lanceolatus",7,9,-2,11,0,0,0,1,0,0,3.0530303030303,100.238150706011,100.000000000004
2016,13,"142*A",946,-948,"Elymus lanceolatus",9,7,2,23,2,0,0,1,0,0,1.30188679245283,99.9999999999994,117.314974558402
2017,13,"142*A",946,-948,"Elymus lanceolatus",9,9,0,15,0,0,0,1,0,0,1.28571428571429,99.9999999999994,157.57077876941
2018,13,"142*A",946,-948,"Elymus lanceolatus",5,9,-4,11,2,0,0,1,0,0,1.12213740458015,100.000000000001,100.000000000001
2019,13,"142*A",946,-948,"Elymus lanceolatus",11,5,6,11,0,0,0,1,0,0,0.5,100.000000000001,100.000000000001
2015,47,"1420*A",401,-3603,"Lupinus argenteus",1.5,NA,NA,1.5,0,1,1,1,0,0,3.0530303030303,0,0
2016,47,"1420*A",401,-3603,"Lupinus argenteus",6,1.5,4.5,4,0,0,0,1,0,0,1.30188679245283,0,0
2017,47,"1420*A",401,-3603,"Lupinus argenteus",7,6,1,6,0,0,0,1,0,0,1.28571428571429,0,0
2018,47,"1420*A",401,-3603,"Lupinus argenteus",0,7,-7,0,0,0,0,0,0,1,1.12213740458015,0,0
2015,47,"1421*A",472,-3629,"Lupinus argenteus",3.5,NA,NA,2,0,1,1,1,0,0,3.0530303030303,0,0
2016,47,"1421*A",472,-3629,"Lupinus argenteus",0,3.5,-3.5,0,0,0,0,0,0,1,1.30188679245283,0,0
2015,47,"1422*A",518,-3641,"Lupinus argenteus",1.5,NA,NA,2.5,0,1,1,1,0,0,3.0530303030303,0,0
2016,47,"1422*A",518,-3641,"Lupinus argenteus",3.5,1.5,2,2,0,0,0,1,0,0,1.30188679245283,0,0
2017,47,"1422*A",518,-3641,"Lupinus argenteus",6,3.5,2.5,4,0,0,0,1,0,0,1.28571428571429,0,0
2018,47,"1422*A",518,-3641,"Lupinus argenteus",0,6,-6,0,0,0,0,0,0,1,1.12213740458015,0,0
2015,47,"1423*A",526,-3652,"Lupinus argenteus",2.5,NA,NA,2.5,0,1,1,1,0,0,3.0530303030303,0,90.63393
2016,47,"1423*A",526,-3652,"Lupinus argenteus",0.5,2.5,-2,1,0,0,0,1,0,0,1.30188679245283,0,100
2017,47,"1423*A",526,-3652,"Lupinus argenteus",0,0.5,-0.5,0,0,0,0,0,0,1,1.28571428571429,0,0
2015,47,"1424*A",526,-3653,"Lupinus argenteus",3,NA,NA,2.5,0,1,1,1,0,0,3.0530303030303,0,62.94023
2016,47,"1424*A",526,-3653,"Lupinus argenteus",4.5,3,1.5,3,0,0,0,1,0,0,1.30188679245283,0,1.234568
2017,47,"1424*A",526,-3653,"Lupinus argenteus",0,4.5,-4.5,0,0,0,0,0,0,1,1.28571428571429,0,0
2015,47,"1425*A",551,-3645,"Lupinus argenteus",2.5,NA,NA,2.5,0,1,1,1,0,0,3.0530303030303,0,0
2016,47,"1425*A",551,-3645,"Lupinus argenteus",9,2.5,6.5,5,0,0,0,1,0,0,1.30188679245283,0,0
2017,47,"1425*A",551,-3645,"Lupinus argenteus",1,9,-8,1,0,0,0,1,0,0,1.28571428571429,0,0
2018,47,"1425*A",551,-3645,"Lupinus argenteus",10.5,1,9.5,6.5,0,0,0,1,0,0,1.12213740458015,0,0
2019,47,"1425*A",551,-3645,"Lupinus argenteus",12.2,10.5,1.7,7,0,0,0,1,0,0,0.5,0,0
2015,47,"1426*A",550,-3652,"Lupinus argenteus",3,NA,NA,2,0,1,1,1,0,0,3.0530303030303,0,0
2016,47,"1426*A",550,-3652,"Lupinus argenteus",0,3,-3,0,0,0,0,0,0,1,1.30188679245283,0,0
2015,47,"1427*A",473,-3605,"Lupinus argenteus",2.5,NA,NA,2,0,1,1,1,0,0,3.0530303030303,0,0
2016,47,"1427*A",473,-3605,"Lupinus argenteus",4,2.5,1.5,4,0,0,0,1,0,0,1.30188679245283,0,0
2017,47,"1427*A",473,-3605,"Lupinus argenteus",0,4,-4,0,0,0,0,0,0,1,1.28571428571429,0,0
2015,47,"1428*A",475,-3618,"Lupinus argenteus",2,NA,NA,2,0,1,1,1,0,0,3.0530303030303,0,0
2016,47,"1428*A",475,-3618,"Lupinus argenteus",1.5,2,-0.5,2,0,0,0,1,0,0,1.30188679245283,0,0
2017,47,"1428*A",475,-3618,"Lupinus argenteus",0,1.5,-1.5,0,0,0,0,0,0,1,1.28571428571429,0,0
2015,47,"1429*A",600,-3675,"Lupinus argenteus",3,NA,NA,3,0,1,1,1,0,0,3.0530303030303,0,0
2016,47,"1429*A",600,-3675,"Lupinus argenteus",9,3,6,5,0,0,0,1,0,0,1.30188679245283,0,0
2017,47,"1429*A",600,-3675,"Lupinus argenteus",0,9,-9,0,0,0,0,0,0,1,1.28571428571429,0,0
2014,13,"143*A",948,-944,"Elymus lanceolatus",9,NA,NA,18,2,0,NA,1,0,0,2.52336448598131,161.502502003603,44.387374092464
2015,13,"143*A",948,-944,"Elymus lanceolatus",24,9,15,21,2,0,0,1,0,0,3.0530303030303,101.539410475741,20.4097037591765
2016,13,"143*A",948,-944,"Elymus lanceolatus",18.5,24,-5.5,21,6,0,0,1,0,0,1.30188679245283,100.185056962126,54.5795015152836
2017,13,"143*A",948,-944,"Elymus lanceolatus",32,18.5,13.5,16,3,0,0,1,0,0,1.28571428571429,100.000000000001,50.3292446633725
2018,13,"143*A",948,-944,"Elymus lanceolatus",38,32,6,23,14,0,0,1,0,0,1.12213740458015,99.9999999999998,8.65650969529084
2019,13,"143*A",948,-944,"Elymus lanceolatus",28,38,-10,26,9,0,0,1,0,0,0.5,99.9999999999993,15.4336734693875
2015,47,"1430*A",595,-3693,"Lupinus argenteus",2.5,NA,NA,2,0,1,1,1,0,0,3.0530303030303,0,0
2016,47,"1430*A",595,-3693,"Lupinus argenteus",2.5,2.5,0,2,0,0,0,1,0,0,1.30188679245283,0,0
2017,47,"1430*A",595,-3693,"Lupinus argenteus",0,2.5,-2.5,0,0,0,0,0,0,1,1.28571428571429,0,0
2015,47,"1431*A",571,-3668,"Lupinus argenteus",0,NA,NA,0,0,1,1,0,0,1,3.0530303030303,0,0
2015,47,"1432*A",573,-3740,"Lupinus argenteus",2.5,NA,NA,2,0,1,1,1,0,0,3.0530303030303,0,0
2016,47,"1432*A",573,-3740,"Lupinus argenteus",7.5,2.5,5,4,0,0,0,1,0,0,1.30188679245283,0,0
2017,47,"1432*A",573,-3740,"Lupinus argenteus",13.5,7.5,6,7,0,0,0,1,0,0,1.28571428571429,0,0
2018,47,"1432*A",573,-3740,"Lupinus argenteus",0,13.5,-13.5,0,0,0,0,0,0,1,1.12213740458015,0,0
2015,47,"1433*A",574,-3689,"Lupinus argenteus",2,NA,NA,1.5,0,1,1,1,0,0,3.0530303030303,0,0
2016,47,"1433*A",574,-3689,"Lupinus argenteus",3,2,1,2,0,0,0,1,0,0,1.30188679245283,0,0
2017,47,"1433*A",574,-3689,"Lupinus argenteus",0,3,-3,0,0,0,0,0,0,1,1.28571428571429,0,0
2015,47,"1434*A",502,-3702,"Lupinus argenteus",3,NA,NA,2,0,1,1,1,0,0,3.0530303030303,0,0
2016,47,"1434*A",502,-3702,"Lupinus argenteus",0,3,-3,0,0,0,0,0,0,1,1.30188679245283,0,0
2015,49,"1435*A",1254,-3760,"Lupinus argenteus",2.5,NA,NA,2,0,1,1,1,0,0,3.0530303030303,0,0
2016,49,"1435*A",1254,-3760,"Lupinus argenteus",3,2.5,0.5,2,0,0,0,1,0,0,1.30188679245283,0,0
2017,49,"1435*A",1254,-3760,"Lupinus argenteus",0,3,-3,0,0,0,0,0,0,1,1.28571428571429,0,0
2015,49,"1436*A",1215,-3693,"Lupinus argenteus",3,NA,NA,2,0,1,1,1,0,0,3.0530303030303,100,0
2016,49,"1436*A",1215,-3693,"Lupinus argenteus",5.5,3,2.5,3.5,0,0,0,1,0,0,1.30188679245283,96.88015,0
2017,49,"1436*A",1215,-3693,"Lupinus argenteus",7.5,5.5,2,5,0,0,0,1,0,0,1.28571428571429,86.3265546675865,0
2018,49,"1436*A",1215,-3693,"Lupinus argenteus",0,7.5,-7.5,0,0,0,0,0,0,1,1.12213740458015,0,0
2015,49,"1437*A",1259,-3614,"Agoseris glauca",1,NA,NA,1,0,1,1,1,0,0,3.0530303030303,200,100
2016,49,"1437*A",1259,-3614,"Agoseris glauca",0,1,-1,0,0,0,0,0,0,1,1.30188679245283,0,0
2015,49,"1438*A",1259,-3614,"Agoseris glauca",1,NA,NA,1,0,1,1,1,0,0,3.0530303030303,200,100
2016,49,"1438*A",1259,-3614,"Agoseris glauca",0,1,-1,0,0,0,0,0,0,1,1.30188679245283,0,0
2015,50,"1439*A",1682,-3647,"Lupinus argenteus",3,NA,NA,2,0,1,1,1,0,0,3.0530303030303,100,0
2016,50,"1439*A",1682,-3647,"Lupinus argenteus",4,3,1,3.5,0,0,0,1,0,0,1.30188679245283,100,0
2017,50,"1439*A",1682,-3647,"Lupinus argenteus",2,4,-2,1.5,0,0,0,1,0,0,1.28571428571429,0,0
2018,50,"1439*A",1682,-3647,"Lupinus argenteus",0,2,-2,0,0,0,0,0,0,1,1.12213740458015,0,0
2014,13,"144*A",960,-935,"Elymus lanceolatus",5,NA,NA,25,1,0,NA,1,0,0,2.52336448598131,99.9999999999983,0
2015,13,"144*A",960,-935,"Elymus lanceolatus",11,5,6,16,0,0,0,1,0,0,3.0530303030303,99.9999999999986,27.1549937289502
2016,13,"144*A",960,-935,"Elymus lanceolatus",16,11,5,20,1,0,0,1,0,0,1.30188679245283,100.000000000001,12.7393285014716
2017,13,"144*A",960,-935,"Elymus lanceolatus",13,16,-3,24,1,0,0,1,0,0,1.28571428571429,100.000000000001,68.3692113263012
2018,13,"144*A",960,-935,"Elymus lanceolatus",10,13,-3,25,6,0,0,1,0,0,1.12213740458015,99.9999999999991,99.9999999999991
2019,13,"144*A",960,-935,"Elymus lanceolatus",0,10,-10,0,0,0,0,0,0,1,0.5,0,0
2015,46,"1440*A",10,-3795,"Lupinus argenteus",3.5,NA,NA,3,0,1,1,1,0,0,3.0530303030303,300,0
2016,46,"1440*A",10,-3795,"Lupinus argenteus",3,3.5,-0.5,3,0,0,0,1,0,0,1.30188679245283,352.81048,0
2017,46,"1440*A",10,-3795,"Lupinus argenteus",0,3,-3,0,0,0,0,0,0,1,1.28571428571429,0,0
2015,46,"1441*A",20,-3782,"Heterotheca villosa",1.2,NA,NA,1.2,0,1,1,1,0,0,3.0530303030303,333.41052,100
2016,46,"1441*A",20,-3782,"Heterotheca villosa",3.5,1.2,2.3,2,0,0,0,1,0,0,1.30188679245283,406.73806,100
2017,46,"1441*A",20,-3782,"Heterotheca villosa",0,3.5,-3.5,0,0,0,0,0,0,1,1.28571428571429,0,0
2015,46,"1442*A",29,-3783,"Senecio crassulus",0.7,NA,NA,1,0,1,1,1,0,0,3.0530303030303,400,0
2016,46,"1442*A",29,-3783,"Senecio crassulus",1.5,0.7,0.8,2,0,0,0,1,0,0,1.30188679245283,400,0
2017,46,"1442*A",29,-3783,"Senecio crassulus",0,1.5,-1.5,0,0,0,0,0,0,1,1.28571428571429,0,0
2015,46,"1443*A",33,-3786,"Senecio crassulus",0.8,NA,NA,0.5,0,1,1,1,0,0,3.0530303030303,500,0
2016,46,"1443*A",33,-3786,"Senecio crassulus",1.5,0.8,0.7,2.5,0,0,0,1,0,0,1.30188679245283,500,0
2017,46,"1443*A",33,-3786,"Senecio crassulus",0,1.5,-1.5,0,0,0,0,0,0,1,1.28571428571429,0,0
2015,46,"1444*A",35,-3787,"Viola praemorsa",0.7,NA,NA,0.5,0,1,1,1,0,0,3.0530303030303,594.61902,0
2016,46,"1444*A",35,-3787,"Viola praemorsa",1,0.7,0.3,1.2,0,0,0,1,0,0,1.30188679245283,553.16028,0
2017,46,"1444*A",35,-3787,"Viola praemorsa",0,1,-1,0,0,0,0,0,0,1,1.28571428571429,0,0
2015,46,"1445*A",46,-3783,"Eriogonum umbellatum",0.6,NA,NA,0.5,0,1,1,1,0,0,3.0530303030303,200,400
2016,46,"1445*A",46,-3783,"Eriogonum umbellatum",0,0.6,-0.6,0,0,0,0,0,0,1,1.30188679245283,0,0
2015,46,"1446*A",51,-3792,"Agoseris glauca",1.5,NA,NA,1.5,0,1,1,1,0,0,3.0530303030303,600,0
2016,46,"1446*A",51,-3792,"Agoseris glauca",2,1.5,0.5,3,1,0,0,1,0,0,1.30188679245283,600,0
2017,46,"1446*A",51,-3792,"Agoseris glauca",9,2,7,4,1,0,0,1,0,0,1.28571428571429,696.922155441671,0
2018,46,"1446*A",51,-3792,"Agoseris glauca",3,9,-6,2.5,1,0,0,1,0,0,1.12213740458015,500,0
2019,46,"1446*A",51,-3792,"Agoseris glauca",7,3,4,4,2,0,0,1,0,0,0.5,502.800244521951,0
2015,46,"1447*A",56.26296963,-3767.55169773,"Senecio crassulus",1,NA,NA,2,0,1,1,1,0,0,3.0530303030303,800,58.82932
2015,46,"1447*B",55.90692669,-3767.37257368,"Senecio crassulus",1,NA,NA,2,0,1,1,0,1,0,3.0530303030303,800,58.82932
2016,46,"1447*A",56,-3767,"Senecio crassulus",0,1,-1,0,0,0,0,0,0,1,1.30188679245283,0,0
2015,46,"1448*A",63,-3766,"Senecio crassulus",1,NA,NA,1.5,0,1,1,1,0,0,3.0530303030303,1144.96802,0
2016,46,"1448*A",63,-3766,"Senecio crassulus",0,1,-1,0,0,0,0,0,0,1,1.30188679245283,0,0
2015,46,"1449*A",67.23375078,-3777.49039798,"Senecio crassulus",1,NA,NA,2,0,1,1,1,0,0,3.0530303030303,1100,63.2583
2015,46,"1449*B",66.91726817,-3777.3311766,"Senecio crassulus",1,NA,NA,2,0,1,1,1,0,0,3.0530303030303,1100,63.2583
2015,46,"1449*C",66.20964973,-3778.75242386,"Senecio crassulus",1,NA,NA,2,0,1,1,0,1,0,3.0530303030303,1074.99489,0
2016,46,"1449*A",67.17531309,-3777.36779849,"Senecio crassulus",2,1,1,4,0,0,0,1,0,0,1.30188679245283,1087.13745,86.04733
2016,46,"1449*B",66.93795113,-3777.24838245,"Senecio crassulus",2,1,1,4,0,0,0,0,1,0,1.30188679245283,1096.05867,86.04733
2017,46,"1449*A",67,-3777,"Senecio crassulus",7,2,5,5,0,0,0,1,0,0,1.28571428571429,688.389668676204,0
2018,46,"1449*A",67,-3777,"Senecio crassulus",0,7,-7,0,0,0,0,0,0,1,1.12213740458015,0,0
2014,13,"145*A",901,-979,"Heterotheca villosa",28,NA,NA,8,26,0,NA,1,0,0,2.52336448598131,100,17.4549440439266
2015,13,"145*A",901,-979,"Heterotheca villosa",30,28,2,6,26,0,0,1,0,0,3.0530303030303,100,14.1944796312941
2016,13,"145*A",901,-979,"Heterotheca villosa",35,30,5,8,35,0,0,1,0,0,1.30188679245283,99.9999999999999,21.0975595854729
2017,13,"145*A",901,-979,"Heterotheca villosa",32,35,-3,7,117,0,0,1,0,0,1.28571428571429,100,17.5322961355725
2018,13,"145*A",901,-979,"Heterotheca villosa",20.5,32,-11.5,5.5,1,0,0,1,0,0,1.12213740458015,100.448054909939,0
2019,13,"145*A",901,-979,"Heterotheca villosa",10,20.5,-10.5,6,5,0,0,1,0,0,0.5,99.9999999999996,0
2015,46,"1450*A",80,-3778,"Heterotheca villosa",0.8,NA,NA,1.5,0,1,1,1,0,0,3.0530303030303,815.902502,0
2016,46,"1450*A",80,-3778,"Heterotheca villosa",1,0.8,0.2,0.5,0,0,0,1,0,0,1.30188679245283,1066.44808,100
2017,46,"1450*A",80,-3778,"Heterotheca villosa",0,1,-1,0,0,0,0,0,0,1,1.28571428571429,0,0
2015,46,"1451*A",83,-3787,"Lupinus argenteus",2.5,NA,NA,3,0,1,1,1,0,0,3.0530303030303,420.196957,298.4863
2016,46,"1451*A",83,-3787,"Lupinus argenteus",0,2.5,-2.5,0,0,0,0,0,0,1,1.30188679245283,0,0
2015,46,"1452*A",73,-3793,"Arenaria congesta",1,NA,NA,1,0,1,1,1,0,0,3.0530303030303,666.66284,0
2016,46,"1452*A",73,-3793,"Arenaria congesta",3,1,2,2.5,0,0,0,1,0,0,1.30188679245283,898.26665,0
2017,46,"1452*A",73,-3793,"Arenaria congesta",5,3,2,1.5,0,0,0,1,0,0,1.28571428571429,559.765305040471,0
2018,46,"1452*A",73,-3793,"Arenaria congesta",3,5,-2,1,0,0,0,1,0,0,1.12213740458015,586.004238903657,0
2019,46,"1452*A",73,-3793,"Arenaria congesta",7,3,4,5,0,0,0,1,0,0,0.5,569.340132967425,0
2015,46,"1453*A",79,-3784,"Senecio crassulus",0.6,NA,NA,1.5,0,1,1,1,0,0,3.0530303030303,789.51912,0
2016,46,"1453*A",79,-3784,"Senecio crassulus",3,0.6,2.4,4,0,0,0,1,0,0,1.30188679245283,892.6643,57.35821
2017,46,"1453*A",79,-3784,"Senecio crassulus",7,3,4,9,1,0,0,1,0,0,1.28571428571429,592.883823609936,73.5301676016429
2018,46,"1453*A",79,-3784,"Senecio crassulus",4,7,-3,4,0,0,0,1,0,0,1.12213740458015,500,85.7589032344208
2019,46,"1453*A",79,-3784,"Senecio crassulus",3,4,-1,4.5,0,0,0,1,0,0,0.5,499.999999999999,0.114943502317923
2015,46,"1454*A",85,-3784.5,"Senecio crassulus",1,NA,NA,1.5,0,1,1,1,0,0,3.0530303030303,700.195664,0
2016,46,"1454*A",85,-3784.5,"Senecio crassulus",3,1,2,5,0,0,0,1,0,0,1.30188679245283,808.65889,100
2017,46,"1454*A",85,-3784.5,"Senecio crassulus",8,3,5,11,1,0,0,1,0,0,1.28571428571429,670.404671154229,119.453624413957
2018,46,"1454*A",85,-3784.5,"Senecio crassulus",12.5,8,4.5,10.5,1,0,0,1,0,0,1.12213740458015,593.183482880147,44.7817116912044
2019,46,"1454*A",85,-3784.5,"Senecio crassulus",7,12.5,-5.5,5,0,0,0,1,0,0,0.5,564.534713966178,0.0211120718543161
2015,46,"1455*A",96,-3784,"Viola praemorsa",0.6,NA,NA,0.8,0,1,1,1,0,0,3.0530303030303,600,100
2016,46,"1455*A",96,-3784,"Viola praemorsa",0.7,0.6,0.1,0.8,0,0,0,1,0,0,1.30188679245283,522.77149,100
2017,46,"1455*A",96,-3784,"Viola praemorsa",1,0.7,0.3,1,0,0,0,1,0,0,1.28571428571429,600,100
2018,46,"1455*A",96,-3784,"Viola praemorsa",0,1,-1,0,0,0,0,0,0,1,1.12213740458015,0,0
2015,46,"1456*A",101,-3785,"Viola praemorsa",0,NA,NA,0,0,1,1,1,0,0,3.0530303030303,0,0
2016,46,"1456*A",101,-3785,"Viola praemorsa",2.5,0,2.5,2.5,0,0,0,1,0,0,1.30188679245283,533.433404,100.115352
2017,46,"1456*A",101,-3785,"Viola praemorsa",0,2.5,-2.5,0,0,0,0,0,0,1,1.28571428571429,0,0
2015,46,"1457*A",108,-3786,"Ivesia gordonii",0.8,NA,NA,0.8,0,1,1,1,0,0,3.0530303030303,479.14736,0
2016,46,"1457*A",108,-3786,"Ivesia gordonii",3,0.8,2.2,1.5,0,0,0,1,0,0,1.30188679245283,552.65274,11.42942
2017,46,"1457*A",108,-3786,"Ivesia gordonii",0,3,-3,0,0,0,0,0,0,1,1.28571428571429,0,0
2015,46,"1458*A",111.1460942,-3790.306498738,"Heterotheca villosa",1,NA,NA,1,0,1,1,1,0,0,3.0530303030303,401.920004,88.49391
2015,46,"1458*B",110.9482926,-3790.206985376,"Heterotheca villosa",1,NA,NA,1,0,1,1,0,1,0,3.0530303030303,411.23067,88.49391
2016,46,"1458*A",111,-3790,"Heterotheca villosa",0,1,-1,0,0,0,0,0,0,1,1.30188679245283,0,0
2015,46,"1459*A",104,-3765,"Phacelia hastata",1,NA,NA,0.5,0,1,1,1,0,0,3.0530303030303,900,0
2016,46,"1459*A",104,-3765,"Phacelia hastata",1.2,1,0.2,2,0,0,0,1,0,0,1.30188679245283,1106.31423,0
2017,46,"1459*A",104,-3765,"Phacelia hastata",0,1.2,-1.2,0,0,0,0,0,0,1,1.28571428571429,0,0
2014,14,"146*A",1265,-990,"Lupinus argenteus",10,NA,NA,6,0,0,NA,1,0,0,2.52336448598131,225.628575925766,0.0265331566388211
2015,14,"146*A",1265,-990,"Lupinus argenteus",4,10,-6,3.5,0,0,0,1,0,0,3.0530303030303,229.643236621377,0
2016,14,"146*A",1265,-990,"Lupinus argenteus",5.4,4,1.4,3.5,0,0,0,1,0,0,1.30188679245283,234.778831858301,0
2017,14,"146*A",1265,-990,"Lupinus argenteus",0,5.4,-5.4,0,0,0,0,0,0,1,1.28571428571429,0,0
2015,46,"1460*A",54,-3752,"Senecio crassulus",1.1,NA,NA,1.5,0,1,1,1,0,0,3.0530303030303,900,0
2016,46,"1460*A",54,-3752,"Senecio crassulus",1.5,1.1,0.4,3.5,0,0,0,1,0,0,1.30188679245283,800,0
2017,46,"1460*A",54,-3752,"Senecio crassulus",0,1.5,-1.5,0,0,0,0,0,0,1,1.28571428571429,0,0
2015,46,"1461*A",77,-3746,"Eriogonum umbellatum",0.5,NA,NA,0.5,0,1,1,1,0,0,3.0530303030303,600,523.03901
2016,46,"1461*A",77,-3746,"Eriogonum umbellatum",1.5,0.5,1,1,0,0,0,1,0,0,1.30188679245283,399.92296798,594.17502
2017,46,"1461*A",77,-3746,"Eriogonum umbellatum",0,1.5,-1.5,0,0,0,0,0,0,1,1.28571428571429,0,0
2015,46,"1462*A",76,-3750,"Senecio crassulus",1,NA,NA,1,0,1,1,1,0,0,3.0530303030303,1100,0
2016,46,"1462*A",76,-3750,"Senecio crassulus",1.5,1,0.5,2.5,0,0,0,1,0,0,1.30188679245283,900.2361803,0
2017,46,"1462*A",76,-3750,"Senecio crassulus",9,1.5,7.5,6,0,0,0,1,0,0,1.28571428571429,755.833403771511,0
2018,46,"1462*A",76,-3750,"Senecio crassulus",9,9,0,6,0,0,0,1,0,0,1.12213740458015,621.94949594739,0
2019,46,"1462*A",76,-3750,"Senecio crassulus",9,9,0,9,0,0,0,1,0,0,0.5,599.861309563708,0
2015,46,"1463*A",120,-3784,"Lupinus argenteus",3,NA,NA,2,0,1,1,1,0,0,3.0530303030303,444.3833628,200
2016,46,"1463*A",120,-3784,"Lupinus argenteus",2,3,-1,2.5,0,0,0,1,0,0,1.30188679245283,419.84028,144.12403
2017,46,"1463*A",120,-3784,"Lupinus argenteus",0,2,-2,0,0,0,0,0,0,1,1.28571428571429,0,0
2015,46,"1464*A",117,-3778,"Lupinus argenteus",3.5,NA,NA,4,0,1,1,1,0,0,3.0530303030303,561.94348,195.42876
2016,46,"1464*A",117,-3778,"Lupinus argenteus",3,3.5,-0.5,4.5,0,0,0,1,0,0,1.30188679245283,665.461667,100
2017,46,"1464*A",117,-3778,"Lupinus argenteus",0,3,-3,0,0,0,0,0,0,1,1.28571428571429,0,0
2015,46,"1465*A",119.1687539,-3776.4519899,"Ivesia gordonii",1,NA,NA,1,0,1,1,1,0,0,3.0530303030303,763.16286,48.62408
2015,46,"1465*B",117.5863408,-3775.65588301,"Ivesia gordonii",1,NA,NA,1,0,1,1,1,0,0,3.0530303030303,725.17206,114.70997
2015,46,"1465*C",114.0482487,-3782.76211931,"Ivesia gordonii",1,NA,NA,1,0,1,1,1,0,0,3.0530303030303,635.33874,0
2015,46,"1465*D",123.8042912,-3766.62293508,"Ivesia gordonii",1,NA,NA,1,0,1,1,1,0,0,3.0530303030303,800,110.9801238
2015,46,"1465*E",111.2996995,-3769.85583253,"Ivesia gordonii",1,NA,NA,1,0,1,1,1,0,0,3.0530303030303,836.15658,142.31633
2015,46,"1465*F",111.5211915,-3768.76037326,"Ivesia gordonii",1,NA,NA,1,0,1,1,1,0,0,3.0530303030303,818.38379,142.31633
2015,46,"1465*G",120.4903564,-3767.98355967,"Ivesia gordonii",1,NA,NA,1,0,1,1,1,0,0,3.0530303030303,787.78999,104.683092
2015,46,"1465*H",111.2714233,-3776.37253685,"Ivesia gordonii",1,NA,NA,1,0,1,1,1,0,0,3.0530303030303,700,100
2015,46,"1465*I",122.4732647,-3780.74757194,"Ivesia gordonii",1,NA,NA,1,0,1,1,1,0,0,3.0530303030303,701.529179,0
2015,46,"1465*J",118.4076367,-3768.22112437,"Ivesia gordonii",1,NA,NA,1,0,1,1,1,0,0,3.0530303030303,700.4852101,104.683092
2015,46,"1465*K",120.6908741,-3764.64684046,"Ivesia gordonii",1,NA,NA,1,0,1,1,1,0,0,3.0530303030303,800,108.104308
2015,46,"1465*L",115.5354764,-3770.32281648,"Ivesia gordonii",1,NA,NA,1,0,1,1,1,0,0,3.0530303030303,691.73224,100
2015,46,"1465*M",125.0211036,-3780.69427189,"Ivesia gordonii",1,NA,NA,1,0,1,1,1,0,0,3.0530303030303,748.46456,0
2016,46,"1465*A",119.0518785,-3776.20679091,"Ivesia gordonii",3,1,2,3,0,0,0,1,0,0,1.30188679245283,644.325714,198.496237131
2016,46,"1465*B",117.6277068,-3775.49029471,"Ivesia gordonii",3,1,2,3,0,0,0,0,1,0,1.30188679245283,630.6222729,204.305728
2016,46,"1465*C",114.4434238,-3781.88590738,"Ivesia gordonii",3,1,2,3,0,0,0,0,1,0,1.30188679245283,552.73216,63.970467
2016,46,"1465*D",123.2238621,-3767.36064157,"Ivesia gordonii",3,1,2,3,0,0,0,0,1,0,1.30188679245283,741.835068,355.25109
2016,46,"1465*E",111.9697295,-3770.27024928,"Ivesia gordonii",3,1,2,3,0,0,0,0,1,0,1.30188679245283,732.7959546,228.124158
2016,46,"1465*F",112.1690724,-3769.28433594,"Ivesia gordonii",3,1,2,3,0,0,0,0,1,0,1.30188679245283,762.932398,222.4519922
2016,46,"1465*G",120.2413207,-3768.58520371,"Ivesia gordonii",3,1,2,3,0,0,0,0,1,0,1.30188679245283,762.754884,325.392773
2016,46,"1465*H",111.944281,-3776.13528316,"Ivesia gordonii",3,1,2,3,0,0,0,0,1,0,1.30188679245283,572.645385,126.364766331
2016,46,"1465*I",122.0259383,-3780.07281475,"Ivesia gordonii",3,1,2,3,0,0,0,0,1,0,1.30188679245283,609.383611,109.171899
2016,46,"1465*J",118.366873,-3768.79901193,"Ivesia gordonii",3,1,2,3,0,0,0,0,1,0,1.30188679245283,776.414221,278.5695667
2016,46,"1465*K",120.4217867,-3765.58215641,"Ivesia gordonii",3,1,2,3,0,0,0,0,1,0,1.30188679245283,757.790973,256.8016749
2016,46,"1465*L",115.7819288,-3770.69053483,"Ivesia gordonii",3,1,2,3,0,0,0,0,1,0,1.30188679245283,689.293805,256.3071745
2016,46,"1465*M",124.3189932,-3780.0248447,"Ivesia gordonii",3,1,2,3,0,0,0,0,1,0,1.30188679245283,674.3499046,68.556241
2017,46,"1465*A",118,-3774,"Ivesia gordonii",0,3,-3,0,0,0,0,0,0,1,1.28571428571429,0,0
2015,46,"1466*A",109,-3770,"Lupinus argenteus",2.5,NA,NA,2.5,0,1,1,1,0,0,3.0530303030303,717.697406,115.95433
2016,46,"1466*A",109,-3770,"Lupinus argenteus",2,2.5,-0.5,3,0,0,0,1,0,0,1.30188679245283,967.36188,100
2017,46,"1466*A",109,-3770,"Lupinus argenteus",0,2,-2,0,0,0,0,0,0,1,1.28571428571429,0,0
2015,46,"1467*A",98,-3748,"Lupinus argenteus",4,NA,NA,3,0,1,1,1,0,0,3.0530303030303,700,248.09993
2016,46,"1467*A",98,-3748,"Lupinus argenteus",1,4,-3,2.5,0,0,0,1,0,0,1.30188679245283,800,231.24714
2017,46,"1467*A",98,-3748,"Lupinus argenteus",0,1,-1,0,0,0,0,0,0,1,1.28571428571429,0,0
2015,46,"1468*A",98,-3751,"Lupinus argenteus",3,NA,NA,3.5,0,1,1,1,0,0,3.0530303030303,700,284.63076
2016,46,"1468*A",98,-3751,"Lupinus argenteus",1,3,-2,2,0,0,0,1,0,0,1.30188679245283,883.2657,300
2017,46,"1468*A",98,-3751,"Lupinus argenteus",0,1,-1,0,0,0,0,0,0,1,1.28571428571429,0,0
2015,46,"1469*A",102,-3751,"Lupinus argenteus",3,NA,NA,3,0,1,1,1,0,0,3.0530303030303,700,115.794038
2016,46,"1469*A",102,-3751,"Lupinus argenteus",0,3,-3,0,0,0,0,0,0,1,1.30188679245283,0,0
2014,14,"147*A",1280,-990,"Lupinus argenteus",5,NA,NA,4,0,0,NA,1,0,0,2.52336448598131,278.946818047968,0.106108567611895
2015,14,"147*A",1280,-990,"Lupinus argenteus",7,5,2,5.5,0,0,0,1,0,0,3.0530303030303,260.633888444151,0
2016,14,"147*A",1280,-990,"Lupinus argenteus",4,7,-3,4,0,0,0,1,0,0,1.30188679245283,292.284743083046,0
2017,14,"147*A",1280,-990,"Lupinus argenteus",0,4,-4,0,0,0,0,0,0,1,1.28571428571429,0,0
2015,46,"1470*A",97,-3758,"Lupinus argenteus",4,NA,NA,3.5,0,1,1,1,0,0,3.0530303030303,793.6485424,159.375888002
2016,46,"1470*A",97,-3758,"Lupinus argenteus",3,4,-1,3.5,0,0,0,1,0,0,1.30188679245283,984.352946,300
2017,46,"1470*A",97,-3758,"Lupinus argenteus",0,3,-3,0,0,0,0,0,0,1,1.28571428571429,0,0
2015,46,"1471*A",128,-3760,"Senecio crassulus",1,NA,NA,2,0,1,1,1,0,0,3.0530303030303,800,0
2016,46,"1471*A",128,-3760,"Senecio crassulus",2.5,1,1.5,3.5,0,0,0,1,0,0,1.30188679245283,833.76493,0
2017,46,"1471*A",128,-3760,"Senecio crassulus",8,2.5,5.5,6,0,0,0,1,0,0,1.28571428571429,607.017163268248,0
2018,46,"1471*A",128,-3760,"Senecio crassulus",2,8,-6,4,0,0,0,1,0,0,1.12213740458015,896.183557523777,0
2019,46,"1471*A",128,-3760,"Senecio crassulus",0,2,-2,0,0,0,0,0,0,1,0.5,0,0
2015,46,"1472*A",78,-3751,"Heterotheca villosa",0.2,NA,NA,0.2,0,1,1,1,0,0,3.0530303030303,1200,0
2016,46,"1472*A",78,-3751,"Heterotheca villosa",0,0.2,-0.2,0,0,0,0,0,0,1,1.30188679245283,0,0
2015,46,"1473*A",88,-3768,"Arenaria congesta",0.6,NA,NA,1.5,0,1,1,1,0,0,3.0530303030303,800,0
2016,46,"1473*A",88,-3768,"Arenaria congesta",2.5,0.6,1.9,2.5,0,0,0,1,0,0,1.30188679245283,1079.817243,0
2017,46,"1473*A",88,-3768,"Arenaria congesta",4,2.5,1.5,2,0,0,0,1,0,0,1.28571428571429,844.882112840058,0
2018,46,"1473*A",88,-3768,"Arenaria congesta",4,4,0,3.5,4,0,0,1,0,0,1.12213740458015,708.52754058555,0
2019,46,"1473*A",88,-3768,"Arenaria congesta",3,4,-1,4,0,0,0,1,0,0,0.5,571.321381066312,0
2014,46,"1474*A",103,-3800,"Lupinus argenteus",4,NA,NA,4,0,0,NA,1,0,0,2.52336448598131,300,102.10725
2015,46,"1474*A",103,-3800,"Lupinus argenteus",4,4,0,4,0,0,0,1,0,0,3.0530303030303,308.717702,140.76604
2016,46,"1474*A",103,-3800,"Lupinus argenteus",0,4,-4,0,0,0,0,0,0,1,1.30188679245283,0,0
2015,46,"1475*A",67.11687539,-3777.24519899,"Eriogonum umbellatum",1,NA,NA,0.5,0,1,1,1,0,0,3.0530303030303,348.5880973,670.95484
2015,46,"1475*B",66.95863408,-3777.1655883,"Eriogonum umbellatum",1,NA,NA,0.5,0,1,1,0,1,0,3.0530303030303,348.4135101,671.49921
2015,46,"1475*C",66.60482487,-3777.87621193,"Eriogonum umbellatum",1,NA,NA,0.5,0,1,1,0,1,0,3.0530303030303,325.188789,652.90331
2016,46,"1475*A",67,-3777,"Eriogonum umbellatum",1,1,0,1,0,0,0,1,0,0,1.30188679245283,545.533645,500
2017,46,"1475*A",67,-3777,"Eriogonum umbellatum",1,1,0,1,0,0,0,1,0,0,1.28571428571429,191.312547575708,579.489623118438
2018,46,"1475*A",67,-3777,"Eriogonum umbellatum",0,1,-1,0,0,0,0,0,0,1,1.12213740458015,0,0
2015,46,"1476*A",54,-3787.5,"Eriogonum umbellatum",0.8,NA,NA,0.6,0,1,1,1,0,0,3.0530303030303,290.25833,530.25897
2016,46,"1476*A",54,-3787.5,"Eriogonum umbellatum",1,0.8,0.2,1,0,0,0,1,0,0,1.30188679245283,218.356376,415.8367
2017,46,"1476*A",54,-3787.5,"Eriogonum umbellatum",0,1,-1,0,0,0,0,0,0,1,1.28571428571429,0,0
2014,46,"1477*A",125,-3754,"Phacelia hastata",7,NA,NA,3,0,0,NA,1,0,0,2.52336448598131,665.717838,0
2015,46,"1477*A",125,-3754,"Phacelia hastata",7,7,0,3,0,0,0,1,0,0,3.0530303030303,771.206201,0
2016,46,"1477*A",125,-3754,"Phacelia hastata",8,7,1,5,3,0,0,1,0,0,1.30188679245283,789.9303664,0
2017,46,"1477*A",125,-3754,"Phacelia hastata",9,8,1,4,2,0,0,1,0,0,1.28571428571429,580.160614234053,0
2018,46,"1477*A",125,-3754,"Phacelia hastata",3.5,9,-5.5,3.5,0,0,0,1,0,0,1.12213740458015,500.037612762854,0
2019,46,"1477*A",125,-3754,"Phacelia hastata",7,3.5,3.5,4.5,1,0,0,1,0,0,0.5,747.689047160532,0
2015,46,"1478*A",125.5259393,-3769.10339546,"Ivesia gordonii",1,NA,NA,1,0,1,1,1,0,0,3.0530303030303,800,81.86919
2015,46,"1478*B",124.8138534,-3768.74514735,"Ivesia gordonii",1,NA,NA,1,0,1,1,1,0,0,3.0530303030303,800,123.7587538
2015,46,"1478*C",123.2217119,-3771.94295369,"Ivesia gordonii",1,NA,NA,1,0,1,1,1,0,0,3.0530303030303,734.527253,49.69822
2015,46,"1478*D",127.6119311,-3764.68032079,"Ivesia gordonii",1,NA,NA,1,0,1,1,1,0,0,3.0530303030303,800,4.348292
2015,46,"1478*E",121.9848648,-3766.13512464,"Ivesia gordonii",1,NA,NA,1,0,1,1,1,0,0,3.0530303030303,800,118.974098
2016,46,"1478*A",125.3506262,-3768.73559697,"Ivesia gordonii",2,1,1,2,0,0,0,1,0,0,1.30188679245283,798.43543,346.3054677
2016,46,"1478*B",124.8759023,-3768.4967649,"Ivesia gordonii",2,1,1,2,0,0,0,1,0,0,1.30188679245283,789.67991,386.440874
2016,46,"1478*C",123.8144746,-3770.62863579,"Ivesia gordonii",2,1,1,2,0,0,0,0,1,0,1.30188679245283,794.08564,263.609982
2016,46,"1478*D",126.7412874,-3765.78688052,"Ivesia gordonii",2,1,1,2,0,0,0,0,1,0,1.30188679245283,772.48027,184.106452
2016,46,"1478*E",122.9899098,-3766.75674976,"Ivesia gordonii",2,1,1,2,0,0,0,0,1,0,1.30188679245283,724.78369,396.987816
2017,46,"1478*A",125,-3768,"Ivesia gordonii",5,2,3,2,0,0,0,1,0,0,1.28571428571429,592.258816194288,0
2018,46,"1478*A",125.6428146,-3769.34859445,"Ivesia gordonii",10,5,5,5,2,0,0,1,0,0,1.12213740458015,544.910716625386,140.628000171912
2017,46,"1478*B",124.7724875,-3768.91073565,"Ivesia gordonii",0,2,-2,0,0,0,0,1,0,0,1.28571428571429,0,0
2018,46,"1478*B",124.7724875,-3768.91073565,"Ivesia gordonii",10,0,10,5,1,0,0,1,0,0,1.12213740458015,545.915096447498,138.63064156873
2019,46,"1478*A",125.964222,-3770.02289167,"Ivesia gordonii",14,10,4,6.5,0,0,0,1,0,0,0.5,597.045308441732,160.605453398602
2019,46,"1478*B",124.6587312,-3769.36610348,"Ivesia gordonii",14,10,4,6.5,0,0,0,0,1,0,0.5,596.824342201299,157.623435493123
2015,46,"1479*A",147,-3795,"Arenaria congesta",1,NA,NA,1,0,1,1,1,0,0,3.0530303030303,400,0
2016,46,"1479*A",147,-3795,"Arenaria congesta",1.5,1,0.5,1,0,0,0,1,0,0,1.30188679245283,508.878637,0
2017,46,"1479*A",147,-3795,"Arenaria congesta",2,1.5,0.5,1,0,0,0,1,0,0,1.28571428571429,400.000000000004,0
2018,46,"1479*A",147,-3795,"Arenaria congesta",1,2,-1,0.5,0,0,0,1,0,0,1.12213740458015,500.000000000005,0
2019,46,"1479*A",147,-3795,"Arenaria congesta",0,1,-1,0,0,0,0,0,0,1,0.5,0,0
2014,14,"148*A",1285,-925,"Heterotheca villosa",60,NA,NA,10,50,0,NA,1,0,0,2.52336448598131,148.787815054987,0
2015,14,"148*A",1285,-925,"Heterotheca villosa",59,60,-1,4,18,0,0,1,0,0,3.0530303030303,152.060053228016,0
2016,14,"148*A",1285,-925,"Heterotheca villosa",55.7,59,-3.3,5,0,0,0,1,0,0,1.30188679245283,164.799729420618,0
2017,14,"148*A",1285,-925,"Heterotheca villosa",54,55.7,-1.7,4,0,0,0,1,0,0,1.28571428571429,171.751651230607,0
2018,14,"148*A",1285,-925,"Heterotheca villosa",0,54,-54,0,0,0,0,0,0,1,1.12213740458015,0,0
2015,46,"1480*A",136,-3781,"Ivesia gordonii",0.6,NA,NA,0.8,0,1,1,1,0,0,3.0530303030303,734.75933,0
2016,46,"1480*A",136,-3781,"Ivesia gordonii",2.5,0.6,1.9,3,0,0,0,1,0,0,1.30188679245283,768.85232,100
2017,46,"1480*A",136,-3781,"Ivesia gordonii",0,2.5,-2.5,0,0,0,0,0,0,1,1.28571428571429,0,0
2015,46,"1481*A",129,-3781,"Senecio crassulus",0.6,NA,NA,2.5,0,1,1,1,0,0,3.0530303030303,800,0
2016,46,"1481*A",129,-3781,"Senecio crassulus",3,0.6,2.4,4,0,0,0,1,0,0,1.30188679245283,772.525279,0
2017,46,"1481*A",129,-3781,"Senecio crassulus",4,3,1,7,0,0,0,1,0,0,1.28571428571429,544.808133959916,0
2018,46,"1481*A",129,-3781,"Senecio crassulus",8,4,4,8.5,0,0,0,1,0,0,1.12213740458015,576.072346726453,0
2019,46,"1481*A",129,-3781,"Senecio crassulus",12,8,4,11,0,0,0,1,0,0,0.5,757.749795444677,0
2015,46,"1482*A",153,-3787,"Ivesia gordonii",1,NA,NA,1,0,1,1,1,0,0,3.0530303030303,702.71332,100
2016,46,"1482*A",153,-3787,"Ivesia gordonii",2.5,1,1.5,2,0,0,0,1,0,0,1.30188679245283,634.774783,100
2017,46,"1482*A",153,-3787,"Ivesia gordonii",2,2.5,-0.5,2,0,0,0,1,0,0,1.28571428571429,400,0
2018,46,"1482*A",153,-3787,"Ivesia gordonii",0,2,-2,0,0,0,0,0,0,1,1.12213740458015,0,0
2015,46,"1483*A",145,-3789,"Agoseris glauca",1,NA,NA,1,0,1,1,1,0,0,3.0530303030303,700,0
2016,46,"1483*A",145,-3789,"Agoseris glauca",3.5,1,2.5,5.5,0,0,0,1,0,0,1.30188679245283,700,0
2017,46,"1483*A",145,-3789,"Agoseris glauca",16,3.5,12.5,7,5,0,0,1,0,0,1.28571428571429,400,0
2018,46,"1483*A",145,-3789,"Agoseris glauca",11,16,-5,5.5,8,0,0,1,0,0,1.12213740458015,500,0
2019,46,"1483*A",145,-3789,"Agoseris glauca",17.5,11,6.5,5.5,7,0,0,1,0,0,0.5,479.994371175855,0
2015,46,"1484*A",160.584377,-3794.22599495,"Arenaria congesta",1,NA,NA,1,0,1,1,1,0,0,3.0530303030303,681.66406,23.97861
2015,46,"1484*B",159.7931704,-3793.827941503,"Arenaria congesta",1,NA,NA,1,0,1,1,1,0,0,3.0530303030303,699.17081,23.97861
2015,46,"1484*C",158.0241243,-3797.381059653,"Arenaria congesta",1,NA,NA,1,0,1,1,1,0,0,3.0530303030303,500,0
2015,46,"1484*D",162.9021456,-3789.31146754,"Arenaria congesta",1,NA,NA,1,0,1,1,1,0,0,3.0530303030303,700,0
2015,46,"1484*E",156.6498497,-3790.927916266,"Arenaria congesta",1,NA,NA,1,0,1,1,0,1,0,3.0530303030303,800,49.64303
2015,46,"1484*F",156.7605958,-3790.380186631,"Arenaria congesta",1,NA,NA,1,0,1,1,0,1,0,3.0530303030303,800,49.64303
2016,46,"1484*A",160.5259393,-3794.103395455,"Arenaria congesta",2,1,1,3,0,0,0,1,0,0,1.30188679245283,613.55303,63.56211
2016,46,"1484*B",159.8138534,-3793.745147353,"Arenaria congesta",2,1,1,3,0,0,0,0,1,0,1.30188679245283,657.83311,63.56211
2016,46,"1484*C",158.2217119,-3796.942953688,"Arenaria congesta",2,1,1,3,0,0,0,0,1,0,1.30188679245283,570.9509,0
2016,46,"1484*D",162.6119311,-3789.68032079,"Arenaria congesta",2,1,1,3,0,0,0,0,1,0,1.30188679245283,700.3000849,0
2017,46,"1484*A",160,-3793,"Arenaria congesta",0,2,-2,0,0,0,0,0,0,1,1.28571428571429,0,0
2015,46,"1485*A",172,-3792,"Ivesia gordonii",0.8,NA,NA,0.8,0,1,1,1,0,0,3.0530303030303,500,0
2016,46,"1485*A",172,-3792,"Ivesia gordonii",2.5,0.8,1.7,2,0,0,0,1,0,0,1.30188679245283,568.6632819,0
2017,46,"1485*A",172,-3792,"Ivesia gordonii",0,2.5,-2.5,0,0,0,0,0,0,1,1.28571428571429,0,0
2015,46,"1486*A",165.2337508,-3782.49039798,"Lupinus argenteus",3,NA,NA,2,0,1,1,1,0,0,3.0530303030303,631.318689,92.52407
2015,46,"1486*B",164.9172682,-3782.3311766,"Lupinus argenteus",3,NA,NA,2,0,1,1,0,1,0,3.0530303030303,636.26615,92.52407
2016,46,"1486*A",165,-3782,"Lupinus argenteus",0,3,-3,0,0,0,0,0,0,1,1.30188679245283,0,0
2015,46,"1487*A",148,-3767,"Ivesia gordonii",1.2,NA,NA,0.6,0,1,1,1,0,0,3.0530303030303,656.3240135,100
2016,46,"1487*A",148,-3767,"Ivesia gordonii",3,1.2,1.8,4,0,0,0,1,0,0,1.30188679245283,656.302495,100
2017,46,"1487*A",148,-3767,"Ivesia gordonii",0,3,-3,0,0,0,0,0,0,1,1.28571428571429,0,0
2015,46,"1488*A",150,-3766,"Arenaria congesta",1,NA,NA,1.1,0,1,1,1,0,0,3.0530303030303,800,0
2016,46,"1488*A",150,-3766,"Arenaria congesta",3,1,2,3,0,0,0,1,0,0,1.30188679245283,783.93341,0
2017,46,"1488*A",150,-3766,"Arenaria congesta",0,3,-3,0,0,0,0,0,0,1,1.28571428571429,0,0
2015,46,"1489*A",142,-3755,"Senecio crassulus",0.8,NA,NA,0.3,0,1,1,1,0,0,3.0530303030303,700,0
2016,46,"1489*A",142,-3755,"Senecio crassulus",2,0.8,1.2,4,0,0,0,1,0,0,1.30188679245283,732.13115,0
2017,46,"1489*A",142,-3755,"Senecio crassulus",8,2,6,4,0,0,0,1,0,0,1.28571428571429,506.390269002937,0.50053360218026
2018,46,"1489*A",142,-3755,"Senecio crassulus",0,8,-8,0,0,0,0,0,0,1,1.12213740458015,0,0
2014,14,"149*A",1282,-945,"Eriogonum umbellatum",22,NA,NA,3,1,0,NA,1,0,0,2.52336448598131,110.47433586356,99.9999999999999
2015,14,"149*A",1282,-945,"Eriogonum umbellatum",21.5,22,-0.5,3.5,5,0,0,1,0,0,3.0530303030303,114.871476386617,100.486749594375
2016,14,"149*A",1282,-945,"Eriogonum umbellatum",23,21.5,1.5,4,3,0,0,1,0,0,1.30188679245283,113.902613143993,100.61247637051
2017,14,"149*A",1282,-945,"Eriogonum umbellatum",23,23,0,2,9,0,0,1,0,0,1.28571428571429,118.54884133981,101.378071833648
2018,14,"149*A",1282,-945,"Eriogonum umbellatum",24,23,1,3.5,9,0,0,1,0,0,1.12213740458015,8.69217605958958,104.12581314393
2019,14,"149*A",1282,-945,"Eriogonum umbellatum",27,24,3,2,21,0,0,1,0,0,0.5,9.84018691885042,116.954917018439
2015,46,"1490*A",147.1753131,-3755.36779849,"Senecio crassulus",1,NA,NA,1,0,1,1,1,0,0,3.0530303030303,700,72.26494
2015,46,"1490*B",146.9379511,-3755.24838245,"Senecio crassulus",1,NA,NA,1,0,1,1,0,1,0,3.0530303030303,700,72.26494
2016,46,"1490*A",147,-3755,"Senecio crassulus",1.5,1,0.5,3,0,0,0,1,0,0,1.30188679245283,800,0
2017,46,"1490*A",147,-3755,"Senecio crassulus",1,1.5,-0.5,1,0,0,0,1,0,0,1.28571428571429,503.20808262763,32.0341505395333
2018,46,"1490*A",147,-3755,"Senecio crassulus",0,1,-1,0,0,0,0,0,0,1,1.12213740458015,0,0
2015,46,"1491*A",159,-3758,"Eriogonum umbellatum",1.5,NA,NA,1,0,1,1,1,0,0,3.0530303030303,212.21383,408.958072
2016,46,"1491*A",159,-3758,"Eriogonum umbellatum",1.5,1.5,0,1.5,0,0,0,1,0,0,1.30188679245283,376.03847,408.958072
2017,46,"1491*A",159,-3758,"Eriogonum umbellatum",1.5,1.5,0,1,0,0,0,1,0,0,1.28571428571429,99.9999999999995,411.772183017955
2018,46,"1491*A",159,-3758,"Eriogonum umbellatum",0,1.5,-1.5,0,0,0,0,0,0,1,1.12213740458015,0,0
2015,46,"1492*A",163,-3759,"Eriogonum umbellatum",1,NA,NA,1,0,1,1,1,0,0,3.0530303030303,169.19315,420.15566
2016,46,"1492*A",163,-3759,"Eriogonum umbellatum",1,1,0,1,0,0,0,1,0,0,1.30188679245283,368.96426,420.15566
2017,46,"1492*A",163,-3759,"Eriogonum umbellatum",1,1,0,0.5,0,0,0,1,0,0,1.28571428571429,100,445.200084910621
2018,46,"1492*A",163,-3759,"Eriogonum umbellatum",0,1,-1,0,0,0,0,0,0,1,1.12213740458015,0,0
2015,46,"1493*A",177,-3777,"Ivesia gordonii",0.9,NA,NA,0.9,0,1,1,1,0,0,3.0530303030303,769.067916,0
2016,46,"1493*A",177,-3777,"Ivesia gordonii",0,0.9,-0.9,0,0,0,0,0,0,1,1.30188679245283,0,0
2015,46,"1494*A",166,-3777,"Ivesia gordonii",0.6,NA,NA,0.6,0,1,1,1,0,0,3.0530303030303,600,0
2016,46,"1494*A",166,-3777,"Ivesia gordonii",0,0.6,-0.6,0,0,0,0,0,0,1,1.30188679245283,0,0
2015,46,"1495*A",191.1103162,-3792.329390406,"Eriogonum umbellatum",1,NA,NA,1,0,1,1,1,0,0,3.0530303030303,352.331954,451.66316
2015,46,"1495*B",189.6070238,-3791.573088856,"Eriogonum umbellatum",1,NA,NA,1,0,1,1,1,0,0,3.0530303030303,335.69793,451.66316
2015,46,"1495*C",186.2458362,-3798.324013341,"Eriogonum umbellatum",1,NA,NA,1,0,1,1,1,0,0,3.0530303030303,215.01441,300
2015,46,"1495*D",195.5140767,-3782.99178832,"Eriogonum umbellatum",1,NA,NA,1,0,1,1,0,1,0,3.0530303030303,272.04624,411.32238
2015,46,"1495*E",183.6347145,-3786.0630409,"Eriogonum umbellatum",1,NA,NA,1,0,1,1,0,1,0,3.0530303030303,224.805817,469.00942
2015,46,"1495*F",183.845132,-3785.0223546,"Eriogonum umbellatum",1,NA,NA,1,0,1,1,0,1,0,3.0530303030303,219.7020948,469.00942
2015,46,"1495*G",192.3658386,-3784.28438169,"Eriogonum umbellatum",1,NA,NA,1,0,1,1,0,1,0,3.0530303030303,288.03806,411.32238
2016,46,"1495*A",190.4675016,-3790.98079596,"Eriogonum umbellatum",0.5,1,-0.5,0.5,0,0,0,1,0,0,1.30188679245283,496.94285,358.97436
2016,46,"1495*B",189.8345363,-3790.662353203,"Eriogonum umbellatum",0.5,1,-0.5,0.5,0,0,0,0,1,0,1.30188679245283,479.06415,358.97436
2016,46,"1495*C",188.4192995,-3793.504847723,"Eriogonum umbellatum",0.5,1,-0.5,0.5,0,0,0,0,1,0,1.30188679245283,448.85604,300
2017,46,"1495*A",190,-3790,"Eriogonum umbellatum",0,0.5,-0.5,0,0,0,0,0,0,1,1.28571428571429,0,0
2015,46,"1496*A",175,-3799,"Lupinus argenteus",2,NA,NA,1,0,1,1,1,0,0,3.0530303030303,474.15001,0
2016,46,"1496*A",175,-3799,"Lupinus argenteus",1.5,2,-0.5,1,0,0,0,1,0,0,1.30188679245283,500,0
2017,46,"1496*A",175,-3799,"Lupinus argenteus",0,1.5,-1.5,0,0,0,0,0,0,1,1.28571428571429,0,0
2015,46,"1497*A",193,-3732,"Lupinus argenteus",4,NA,NA,3,0,1,1,1,0,0,3.0530303030303,461.24648,0
2016,46,"1497*A",193,-3732,"Lupinus argenteus",0.3,4,-3.7,0.5,0,0,0,1,0,0,1.30188679245283,600,0
2017,46,"1497*A",193,-3732,"Lupinus argenteus",0,0.3,-0.3,0,0,0,0,0,0,1,1.28571428571429,0,0
2015,46,"1498*A",186,-3785,"Ivesia gordonii",1,NA,NA,0.5,0,1,1,1,0,0,3.0530303030303,684.698097,0
2016,46,"1498*A",186,-3785,"Ivesia gordonii",0,1,-1,0,0,0,0,0,0,1,1.30188679245283,0,0
2015,46,"1499*A",138,-3723,"Lupinus argenteus",4.5,NA,NA,4,0,1,1,1,0,0,3.0530303030303,661.9128247,72.08435
2016,46,"1499*A",138,-3723,"Lupinus argenteus",5,4.5,0.5,5,0,0,0,1,0,0,1.30188679245283,676.928165,0
2017,46,"1499*A",138,-3723,"Lupinus argenteus",0,5,-5,0,0,0,0,0,0,1,1.28571428571429,0,0
2014,1,"15*A",195,-56,"Ivesia gordonii",18,NA,NA,4,3,0,NA,1,0,0,2.52336448598131,95.9225672202928,87.499491226675
2015,1,"15*A",195,-56,"Ivesia gordonii",18,18,0,6,23,0,0,1,0,0,3.0530303030303,79.7859500983486,94.8246793326274
2016,1,"15*A",195,-56,"Ivesia gordonii",18.4,18,0.4,6.4,21,0,0,1,0,0,1.30188679245283,69.5642036549446,89.560152355735
2017,1,"15*A",195,-56,"Ivesia gordonii",0,18.4,-18.4,0,0,0,0,0,0,1,1.28571428571429,0,0
2014,14,"150*A",1270,-950,"Elymus lanceolatus",6,NA,NA,6,0,0,NA,1,0,0,2.52336448598131,300.000000000006,0
2015,14,"150*A",1270,-950,"Elymus lanceolatus",4.5,6,-1.5,12.5,0,0,0,1,0,0,3.0530303030303,299.999999999997,0
2016,14,"150*A",1270,-950,"Elymus lanceolatus",10.5,4.5,6,15,0,0,0,1,0,0,1.30188679245283,299.999999999992,0
2017,14,"150*A",1270,-950,"Elymus lanceolatus",15,10.5,4.5,13,0,0,0,1,0,0,1.28571428571429,299.999999999999,0
2018,14,"150*A",1270,-950,"Elymus lanceolatus",12,15,-3,15.5,3,0,0,1,0,0,1.12213740458015,200.000000000002,0
2019,14,"150*A",1270,-950,"Elymus lanceolatus",12.5,12,0.5,17,2,0,0,1,0,0,0.5,200,0
2015,46,"1500*A",75,-3757,"Lupinus argenteus",3,NA,NA,3,0,1,1,1,0,0,3.0530303030303,634.291587,412.226198
2016,46,"1500*A",75,-3757,"Lupinus argenteus",1,3,-2,2,0,0,0,1,0,0,1.30188679245283,700,300
2017,46,"1500*A",75,-3757,"Lupinus argenteus",0,1,-1,0,0,0,0,0,0,1,1.28571428571429,0,0
2015,46,"1501*A",140,-3723,"Lupinus argenteus",4.5,NA,NA,3,0,1,1,1,0,0,3.0530303030303,638.00681,72.08435
2016,46,"1501*A",140,-3723,"Lupinus argenteus",0,4.5,-4.5,0,0,0,0,0,0,1,1.30188679245283,0,0
2015,46,"1502*A",163,-3710,"Lupinus argenteus",2.5,NA,NA,2.5,0,1,1,1,0,0,3.0530303030303,768.08575,0
2016,46,"1502*A",163,-3710,"Lupinus argenteus",4,2.5,1.5,4,0,0,0,1,0,0,1.30188679245283,824.2548,0
2017,46,"1502*A",163,-3710,"Lupinus argenteus",0,4,-4,0,0,0,0,0,0,1,1.28571428571429,0,0
2015,46,"1503*A",172,-3721,"Senecio crassulus",0.7,NA,NA,1.5,0,1,1,1,0,0,3.0530303030303,700,0
2016,46,"1503*A",172,-3721,"Senecio crassulus",1.5,0.7,0.8,2.5,0,0,0,1,0,0,1.30188679245283,700,0
2017,46,"1503*A",172,-3721,"Senecio crassulus",0,1.5,-1.5,0,0,0,0,0,0,1,1.28571428571429,0,0
2014,46,"1504*A",173,-3715,"Carex siccata",28,NA,NA,19,2,0,NA,1,0,0,2.52336448598131,569.42355,0
2015,46,"1504*A",173,-3715,"Carex siccata",28,28,0,19,2,0,0,1,0,0,3.0530303030303,608.9445086,0
2016,46,"1504*A",173,-3715,"Carex siccata",34,28,6,20,0,0,0,1,0,0,1.30188679245283,614.7737687,1.676788
2017,46,"1504*A",173,-3715,"Carex siccata",1.5,34,-32.5,0.5,0,0,0,1,0,0,1.28571428571429,399.99999999999,0
2018,46,"1504*A",173,-3715,"Carex siccata",0,1.5,-1.5,0,0,0,0,0,0,1,1.12213740458015,0,0
2015,46,"1505*A",192,-3703,"Arenaria congesta",0.5,NA,NA,0.5,0,1,1,1,0,0,3.0530303030303,522.93444,0
2016,46,"1505*A",192,-3703,"Arenaria congesta",2,0.5,1.5,2.5,0,0,0,1,0,0,1.30188679245283,730.99158,0
2017,46,"1505*A",192,-3703,"Arenaria congesta",9,2,7,3,0,0,0,1,0,0,1.28571428571429,598.950895362256,1.4607103520929
2018,46,"1505*A",192,-3703,"Arenaria congesta",5.6,9,-3.4,3.5,0,0,0,1,0,0,1.12213740458015,399.999999999997,0
2019,46,"1505*A",192,-3703,"Arenaria congesta",14,5.6,8.4,10.5,18,0,0,0,1,0,0.5,327.802901816006,46.6006695711632
2015,46,"1506*A",193,-3700,"Lupinus argenteus",3,NA,NA,3,0,1,1,1,0,0,3.0530303030303,500.297039,0
2016,46,"1506*A",193,-3700,"Lupinus argenteus",7,3,4,6,0,0,0,1,0,0,1.30188679245283,617.509033,0
2017,46,"1506*A",193,-3700,"Lupinus argenteus",9,7,2,6,0,0,0,1,0,0,1.28571428571429,554.540368843365,0
2018,46,"1506*A",193,-3700,"Lupinus argenteus",0,9,-9,0,0,0,0,0,0,1,1.12213740458015,0,0
2015,46,"1507*A",183,-3708,"Arenaria congesta",0.6,NA,NA,0.6,0,1,1,1,0,0,3.0530303030303,548.79869,0
2016,46,"1507*A",183,-3708,"Arenaria congesta",2,0.6,1.4,2,0,0,0,1,0,0,1.30188679245283,631.3149,0
2017,46,"1507*A",183,-3708,"Arenaria congesta",7,2,5,4,0,0,0,1,0,0,1.28571428571429,462.818511238277,2.41464364325551
2018,46,"1507*A",183,-3708,"Arenaria congesta",5.5,7,-1.5,2,0,0,0,1,0,0,1.12213740458015,340.262347653552,0
2019,46,"1507*A",183,-3708,"Arenaria congesta",14.5,5.5,9,8,7,0,0,1,0,0,0.5,342.198947504976,34.9808449204383
2015,46,"1508*A",180,-3700,"Chaenactis douglasii",0.7,NA,NA,1,0,1,1,1,0,0,3.0530303030303,600,0
2016,46,"1508*A",180,-3700,"Chaenactis douglasii",0,0.7,-0.7,0,0,0,0,0,0,1,1.30188679245283,0,0
2015,46,"1509*A",170,-3690,"Phacelia hastata",0.6,NA,NA,0.5,0,1,1,1,0,0,3.0530303030303,600,0
2016,46,"1509*A",170,-3690,"Phacelia hastata",0,0.6,-0.6,0,0,0,0,0,0,1,1.30188679245283,0,0
2014,14,"151*A",1280,-935,"Elymus lanceolatus",3,NA,NA,6,0,0,NA,1,0,0,2.52336448598131,299.999999999995,2.44102414084849
2015,14,"151*A",1280,-935,"Elymus lanceolatus",4.5,3,1.5,9,0,0,0,1,0,0,3.0530303030303,300.000000000036,100.000000000012
2016,14,"151*A",1280,-935,"Elymus lanceolatus",2,4.5,-2.5,5.5,0,0,0,1,0,0,1.30188679245283,299.999999999965,99.9999999999883
2017,14,"151*A",1280,-935,"Elymus lanceolatus",4,2,2,8,0,0,0,1,0,0,1.28571428571429,300.000000000003,100.000000000001
2018,14,"151*A",1280,-935,"Elymus lanceolatus",1.5,4,-2.5,7.5,0,0,0,1,0,0,1.12213740458015,199.999999999988,99.999999999994
2019,14,"151*A",1280,-935,"Elymus lanceolatus",0,1.5,-1.5,0,0,0,0,0,0,1,0.5,0,0
2015,46,"1510*A",165.2337508,-3688.490398,"Eriogonum umbellatum",1,NA,NA,1,0,1,1,1,0,0,3.0530303030303,100,742.79585
2015,46,"1510*B",164.9172682,-3688.3311766,"Eriogonum umbellatum",1,NA,NA,1,0,1,1,1,0,0,3.0530303030303,100,743.82433
2015,46,"1510*C",164.2096497,-3689.7524239,"Eriogonum umbellatum",1,NA,NA,1,0,1,1,1,0,0,3.0530303030303,100,707.49122
2016,46,"1510*A",165.3506262,-3688.735597,"Eriogonum umbellatum",1,1,0,1,0,0,0,1,0,0,1.30188679245283,238.347613,953.359836
2016,46,"1510*B",164.8759023,-3688.4967649,"Eriogonum umbellatum",1,1,0,1,0,0,0,0,1,0,1.30188679245283,265.36757,981.60773
2016,46,"1510*C",163.8144746,-3690.6286358,"Eriogonum umbellatum",1,1,0,1,0,0,0,0,1,0,1.30188679245283,235.176939,917.04157
2017,46,"1510*A",165,-3688,"Eriogonum umbellatum",0,1,-1,0,0,0,0,0,0,1,1.28571428571429,0,0
2015,46,"1511*A",126,-3719,"Lupinus argenteus",3,NA,NA,3,0,1,1,1,0,0,3.0530303030303,857.36512,0
2016,46,"1511*A",126,-3719,"Lupinus argenteus",5,3,2,5,0,0,0,1,0,0,1.30188679245283,854.3845512,0
2017,46,"1511*A",126,-3719,"Lupinus argenteus",0,5,-5,0,0,0,0,0,0,1,1.28571428571429,0,0
2015,46,"1512*A",125,-3712,"Lupinus argenteus",3,NA,NA,3,0,1,1,1,0,0,3.0530303030303,665.5069882,0
2016,46,"1512*A",125,-3712,"Lupinus argenteus",2,3,-1,4,0,0,0,1,0,0,1.30188679245283,673.49762,0
2017,46,"1512*A",125,-3712,"Lupinus argenteus",0,2,-2,0,0,0,0,0,0,1,1.28571428571429,0,0
2015,46,"1513*A",126,-3702,"Eriogonum umbellatum",1,NA,NA,0.5,0,1,1,1,0,0,3.0530303030303,100,500
2016,46,"1513*A",126,-3702,"Eriogonum umbellatum",2,1,1,1,0,0,0,1,0,0,1.30188679245283,259.13992,600
2017,46,"1513*A",126,-3702,"Eriogonum umbellatum",3,2,1,1,0,0,0,1,0,0,1.28571428571429,73.1516278831087,581.127674032723
2018,46,"1513*A",126,-3702,"Eriogonum umbellatum",3.5,3,0.5,1,0,0,0,1,0,0,1.12213740458015,0,529.764870311144
2019,46,"1513*A",126,-3702,"Eriogonum umbellatum",13,3.5,9.5,1,0,0,0,1,0,0,0.5,22.5427458387819,516.652894796689
2015,46,"1514*A",120,-3709,"Phacelia hastata",1.3,NA,NA,0.5,0,1,1,1,0,0,3.0530303030303,600,0
2016,46,"1514*A",120,-3709,"Phacelia hastata",0,1.3,-1.3,0,0,0,0,0,0,1,1.30188679245283,0,0
2015,46,"1515*A",68,-3700,"Lupinus argenteus",3,NA,NA,2,0,1,1,1,0,0,3.0530303030303,600,0
2016,46,"1515*A",68,-3700,"Lupinus argenteus",7,3,4,4,0,0,0,1,0,0,1.30188679245283,610.58434,39.21978
2017,46,"1515*A",68,-3700,"Lupinus argenteus",0,7,-7,0,0,0,0,0,0,1,1.28571428571429,0,0
2015,46,"1516*A",97,-3710,"Lupinus argenteus",4,NA,NA,4,0,1,1,1,0,0,3.0530303030303,624.93198,89.91892
2016,46,"1516*A",97,-3710,"Lupinus argenteus",3,4,-1,4,0,0,0,1,0,0,1.30188679245283,604.417383,0
2017,46,"1516*A",97,-3710,"Lupinus argenteus",0,3,-3,0,0,0,0,0,0,1,1.28571428571429,0,0
2015,46,"1517*A",60,-3675,"Lupinus argenteus",2.5,NA,NA,2,0,1,1,1,0,0,3.0530303030303,307.535567,0
2016,46,"1517*A",60,-3675,"Lupinus argenteus",0,2.5,-2.5,0,0,0,0,0,0,1,1.30188679245283,0,0
2015,46,"1518*A",37,-3635,"Lupinus argenteus",3.5,NA,NA,2,0,1,1,1,0,0,3.0530303030303,249.98911,0
2016,46,"1518*A",37,-3635,"Lupinus argenteus",0,3.5,-3.5,0,0,0,0,0,0,1,1.30188679245283,0,0
2015,46,"1519*A",52,-3614,"Lupinus argenteus",3,NA,NA,2,0,1,1,1,0,0,3.0530303030303,300,0
2016,46,"1519*A",52,-3614,"Lupinus argenteus",0,3,-3,0,0,0,0,0,0,1,1.30188679245283,0,0
2014,14,"152*A",1278,-932,"Elymus lanceolatus",4,NA,NA,10,0,0,NA,1,0,0,2.52336448598131,299.999999999996,1.37307607922735
2015,14,"152*A",1278,-932,"Elymus lanceolatus",15.5,4,11.5,12,0,0,0,1,0,0,3.0530303030303,299.999999999999,11.7952382393351
2016,14,"152*A",1278,-932,"Elymus lanceolatus",11,15.5,-4.5,12,0,0,0,1,0,0,1.30188679245283,300.000000000006,3.30578512396747
2017,14,"152*A",1278,-932,"Elymus lanceolatus",16,11,5,10,0,0,0,1,0,0,1.28571428571429,300,44.1248798441408
2018,14,"152*A",1278,-932,"Elymus lanceolatus",9,16,-7,12.5,1,0,0,1,0,0,1.12213740458015,199.999999999997,2.77777777777769
2019,14,"152*A",1278,-932,"Elymus lanceolatus",4,9,-5,11,0,0,0,1,0,0,0.5,199.999999999997,0
2015,46,"1520*A",84,-3640,"Lupinus argenteus",3,NA,NA,2,0,1,1,1,0,0,3.0530303030303,441.40412,0
2016,46,"1520*A",84,-3640,"Lupinus argenteus",5,3,2,5,0,0,0,1,0,0,1.30188679245283,470.53629,0
2017,46,"1520*A",84,-3640,"Lupinus argenteus",8.5,5,3.5,5,0,0,0,1,0,0,1.28571428571429,510.964172096124,0
2018,46,"1520*A",84,-3640,"Lupinus argenteus",0,8.5,-8.5,0,0,0,0,0,0,1,1.12213740458015,0,0
2015,46,"1521*A",103,-3621,"Lupinus argenteus",3.5,NA,NA,2,0,1,1,1,0,0,3.0530303030303,500,0
2016,46,"1521*A",103,-3621,"Lupinus argenteus",4,3.5,0.5,4,0,0,0,1,0,0,1.30188679245283,500.3702816,0
2017,46,"1521*A",103,-3621,"Lupinus argenteus",9,4,5,5,0,0,0,1,0,0,1.28571428571429,559.784723845052,0
2018,46,"1521*A",103,-3621,"Lupinus argenteus",0,9,-9,0,0,0,0,0,0,1,1.12213740458015,0,0
2015,46,"1522*A",107,-3645,"Lupinus argenteus",3.5,NA,NA,3,0,1,1,1,0,0,3.0530303030303,555.45329,0
2016,46,"1522*A",107,-3645,"Lupinus argenteus",2,3.5,-1.5,2.5,0,0,0,1,0,0,1.30188679245283,600,0
2017,46,"1522*A",107,-3645,"Lupinus argenteus",0,2,-2,0,0,0,0,0,0,1,1.28571428571429,0,0
2015,46,"1523*A",91,-3625,"Lupinus argenteus",0,NA,NA,0,0,1,1,0,0,1,3.0530303030303,0,0
2015,46,"1524*A",116,-3640,"Lupinus argenteus",3,NA,NA,3,0,1,1,1,0,0,3.0530303030303,541.29273,0
2016,46,"1524*A",116,-3640,"Lupinus argenteus",0,3,-3,0,0,0,0,0,0,1,1.30188679245283,0,0
2015,46,"1525*A",120,-3685,"Lupinus argenteus",4.5,NA,NA,3,0,1,1,1,0,0,3.0530303030303,722.72799,0
2016,46,"1525*A",120,-3685,"Lupinus argenteus",5,4.5,0.5,5,0,0,0,1,0,0,1.30188679245283,834.4429,0
2017,46,"1525*A",120,-3685,"Lupinus argenteus",1,5,-4,1,0,0,0,1,0,0,1.28571428571429,799.999999999999,0
2018,46,"1525*A",120,-3685,"Lupinus argenteus",0,1,-1,0,0,0,0,0,0,1,1.12213740458015,0,0
2015,46,"1526*A",115,-3665,"Eriogonum umbellatum",1,NA,NA,1,0,1,1,1,0,0,3.0530303030303,200,500
2016,46,"1526*A",115,-3665,"Eriogonum umbellatum",0,1,-1,0,0,0,0,0,0,1,1.30188679245283,0,0
2015,46,"1527*A",180.0584377,-3685.1225995,"Eriogonum umbellatum",0.5,NA,NA,1,0,1,1,1,0,0,3.0530303030303,200,594.77537
2015,46,"1527*B",179.979317,-3685.0827942,"Eriogonum umbellatum",0.5,NA,NA,1,0,1,1,1,0,0,3.0530303030303,200,594.77537
2016,46,"1527*A",180.2045319,-3685.4290982,"Eriogonum umbellatum",1,0.5,0.5,1,0,0,0,1,0,0,1.30188679245283,200,690.86591
2016,46,"1527*B",179.9276096,-3685.2897795,"Eriogonum umbellatum",1,0.5,0.5,1,0,0,0,0,1,0,1.30188679245283,200.4147335,690.86591
2017,46,"1527*A",180,-3685,"Eriogonum umbellatum",0,1,-1,0,0,0,0,0,0,1,1.28571428571429,0,0
2015,46,"1528*A",181,-3690,"Senecio crassulus",0.7,NA,NA,1,0,1,1,1,0,0,3.0530303030303,700,0
2016,46,"1528*A",181,-3690,"Senecio crassulus",0,0.7,-0.7,0,0,0,0,0,0,1,1.30188679245283,0,0
2015,46,"1529*A",195,-3645,"Agoseris glauca",4,NA,NA,8,0,1,1,1,0,0,3.0530303030303,639.4357,0
2016,46,"1529*A",195,-3645,"Agoseris glauca",11,4,7,7,1,0,0,1,0,0,1.30188679245283,531.52069,0
2017,46,"1529*A",195,-3645,"Agoseris glauca",3,11,-8,3,0,0,0,1,0,0,1.28571428571429,400.000000000008,0
2018,46,"1529*A",195,-3645,"Agoseris glauca",4,3,1,4.5,0,0,0,1,0,0,1.12213740458015,387.255303739078,0
2019,46,"1529*A",195,-3645,"Agoseris glauca",5.5,4,1.5,9,1,0,0,1,0,0,0.5,332.64865208049,0
2014,14,"153*A",1285,-913,"Elymus lanceolatus",17,NA,NA,14,1,0,NA,1,0,0,2.52336448598131,300.000000000003,72.4102647085142
2015,14,"153*A",1285,-913,"Elymus lanceolatus",18,17,1,21.5,5,0,0,1,0,0,3.0530303030303,300.000000000003,68.007074261139
2016,14,"153*A",1285,-913,"Elymus lanceolatus",22,18,4,26,6,0,0,1,0,0,1.30188679245283,299.999999999997,57.7476826440867
2017,14,"153*A",1285,-913,"Elymus lanceolatus",35,22,13,21,5,0,0,1,0,0,1.28571428571429,298.059087808968,7.91507693069393
2018,14,"153*A",1285,-913,"Elymus lanceolatus",23,35,-12,25,25,0,0,1,0,0,1.12213740458015,199.999999999999,0
2019,14,"153*A",1285,-913,"Elymus lanceolatus",30,23,7,26,10,0,0,1,0,0,0.5,200,0
2015,46,"1530*A",179,-3615,"Lupinus argenteus",2.5,NA,NA,3,0,1,1,1,0,0,3.0530303030303,470.80333,0
2016,46,"1530*A",179,-3615,"Lupinus argenteus",5,2.5,2.5,5,0,0,0,1,0,0,1.30188679245283,475.89973,0
2017,46,"1530*A",179,-3615,"Lupinus argenteus",5,5,0,5,0,0,0,1,0,0,1.28571428571429,469.622389182028,0
2018,46,"1530*A",179,-3615,"Lupinus argenteus",0,5,-5,0,0,0,0,0,0,1,1.12213740458015,0,0
2015,46,"1531*A",186,-3677,"Senecio crassulus",0.6,NA,NA,0.6,0,1,1,1,0,0,3.0530303030303,623.29064,0
2016,46,"1531*A",186,-3677,"Senecio crassulus",3,0.6,2.4,2.5,0,0,0,1,0,0,1.30188679245283,765.73103,0
2017,46,"1531*A",186,-3677,"Senecio crassulus",4.5,3,1.5,2.5,0,0,0,1,0,0,1.28571428571429,600.583152437035,0
2018,46,"1531*A",186,-3677,"Senecio crassulus",0,4.5,-4.5,0,0,0,0,0,0,1,1.12213740458015,0,0
2015,46,"1532*A",190,-3682,"Senecio crassulus",0.5,NA,NA,1,0,1,1,1,0,0,3.0530303030303,800,0
2016,46,"1532*A",190,-3682,"Senecio crassulus",1,0.5,0.5,2,0,0,0,1,0,0,1.30188679245283,700,0
2017,46,"1532*A",190,-3682,"Senecio crassulus",0,1,-1,0,0,0,0,0,0,1,1.28571428571429,0,0
2015,46,"1533*A",178.1168754,-3682.245199,"Heterotheca villosa",0.5,NA,NA,0.2,0,1,1,1,0,0,3.0530303030303,500,281.62873
2015,46,"1533*B",177.9586341,-3682.1655883,"Heterotheca villosa",0.5,NA,NA,0.2,0,1,1,1,0,0,3.0530303030303,500,281.62873
2016,46,"1533*A",178.2337508,-3682.490398,"Heterotheca villosa",1,0.5,0.5,2,0,0,0,1,0,0,1.30188679245283,601.291432,281.62873
2016,46,"1533*B",177.9172682,-3682.3311766,"Heterotheca villosa",1,0.5,0.5,2,0,0,0,0,1,0,1.30188679245283,600,281.62873
2017,46,"1533*A",178,-3682,"Heterotheca villosa",0,1,-1,0,0,0,0,1,0,0,1.28571428571429,0,0
2018,46,"1533*A",178,-3682,"Heterotheca villosa",3,0,3,2.5,0,0,0,1,0,0,1.12213740458015,445.503842836872,100
2019,46,"1533*A",178,-3682,"Heterotheca villosa",3,3,0,3,0,0,0,1,0,0,0.5,618.518402696391,100
2015,46,"1534*A",199,-3649,"Carex siccata",14,NA,NA,13,0,0,1,1,0,0,3.0530303030303,480.2459543,99.4727
2016,46,"1534*A",199,-3649,"Carex siccata",9,14,-5,14,1,0,0,1,0,0,1.30188679245283,551.37806,100
2017,46,"1534*A",199,-3649,"Carex siccata",3,9,-6,3,0,0,0,1,0,0,1.28571428571429,299.999999999999,0
2018,46,"1534*A",199,-3649,"Carex siccata",0,3,-3,0,0,0,0,0,0,1,1.12213740458015,0,0
2015,46,"1535*A",15,-3610,"Lupinus argenteus",1.5,NA,NA,1.5,0,1,1,1,0,0,3.0530303030303,94.80277,0
2016,46,"1535*A",15,-3610,"Lupinus argenteus",0,1.5,-1.5,0,0,0,0,0,0,1,1.30188679245283,0,0
2015,46,"1536*A",85,-3715,"Senecio crassulus",0.8,NA,NA,0.5,0,1,1,1,0,0,3.0530303030303,800,0
2016,46,"1536*A",85,-3715,"Senecio crassulus",0.3,0.8,-0.5,0.5,0,0,0,1,0,0,1.30188679245283,700,0
2017,46,"1536*A",85,-3715,"Senecio crassulus",3,0.3,2.7,5,0,0,0,1,0,0,1.28571428571429,730.840117722012,0
2018,46,"1536*A",85,-3715,"Senecio crassulus",2,3,-1,3,0,0,0,1,0,0,1.12213740458015,600.000000000006,0
2019,46,"1536*A",85,-3715,"Senecio crassulus",0,2,-2,0,0,0,0,0,0,1,0.5,0,0
2015,46,"1537*A",73.58437695,-3698.225995,"Senecio crassulus",1,NA,NA,1,0,1,1,1,0,0,3.0530303030303,600,15.96694
2015,46,"1537*B",72.79317042,-3697.8279415,"Senecio crassulus",1,NA,NA,1,0,1,1,0,1,0,3.0530303030303,600,15.96694
2016,46,"1537*A",73,-3697,"Senecio crassulus",6,1,5,6,1,0,0,1,0,0,1.30188679245283,753.851453,0
2017,46,"1537*A",73,-3697,"Senecio crassulus",0,6,-6,0,0,0,0,0,0,1,1.28571428571429,0,0
2015,46,"1538*A",113,-3720,"Phacelia hastata",1.5,NA,NA,0.5,0,1,1,1,0,0,3.0530303030303,900,0
2016,46,"1538*A",113,-3720,"Phacelia hastata",2,1.5,0.5,2,0,0,0,1,0,0,1.30188679245283,954.36891,0
2017,46,"1538*A",113,-3720,"Phacelia hastata",0,2,-2,0,0,0,0,0,0,1,1.28571428571429,0,0
2015,46,"1539*A",120,-3733,"Agoseris glauca",6,NA,NA,2,0,0,1,1,0,0,3.0530303030303,1002.76846,0
2016,46,"1539*A",120,-3733,"Agoseris glauca",2,6,-4,2,1,0,0,1,0,0,1.30188679245283,901.759482,0
2017,46,"1539*A",120,-3733,"Agoseris glauca",0,2,-2,0,0,0,0,0,0,1,1.28571428571429,0,0
2014,14,"154*A",1280,-915,"Elymus lanceolatus",10,NA,NA,14,1,0,NA,1,0,0,2.52336448598131,299.999999999998,118.078145540301
2015,14,"154*A",1280,-915,"Elymus lanceolatus",18.5,10,8.5,23,5,0,0,1,0,0,3.0530303030303,300.000000000003,66.7438949528409
2016,14,"154*A",1280,-915,"Elymus lanceolatus",18.5,18.5,0,24,4,0,0,0,1,0,1.30188679245283,300.000000000003,81.6650939364191
2014,14,"155*A",1285,-910,"Elymus lanceolatus",11,NA,NA,21,1,0,NA,0,1,0,2.52336448598131,299.99999999999,124.638413663379
2015,1,"1551*A",179,-48,"Senecio crassulus",1,NA,NA,1.8,0,1,1,1,0,0,3.0530303030303,200.000000000002,0
2016,1,"1551*A",179,-48,"Senecio crassulus",3,1,2,3.3,0,0,0,1,0,0,1.30188679245283,133.427504753843,0
2017,1,"1551*A",179,-48,"Senecio crassulus",0,3,-3,0,0,0,0,0,0,1,1.28571428571429,0,0
2015,5,"1552*A",1660,-114,"Lupinus argenteus",3.5,NA,NA,2,0,0,1,1,0,0,3.0530303030303,100.000000000001,28.7479314205685
2016,5,"1552*A",1660,-114,"Lupinus argenteus",0,3.5,-3.5,0,0,0,0,1,0,0,1.30188679245283,0,0
2017,5,"1552*A",1660,-114,"Lupinus argenteus",2.5,0,2.5,1.4,0,0,0,1,0,0,1.28571428571429,200.000000000004,0
2018,5,"1552*A",1660,-114,"Lupinus argenteus",0,2.5,-2.5,0,0,0,0,0,0,1,1.12213740458015,0,0
2015,5,"1553*A",1670,-117,"Lupinus argenteus",6,NA,NA,4,0,0,1,1,0,0,3.0530303030303,100.000000000001,0
2016,5,"1553*A",1670,-117,"Lupinus argenteus",5.7,6,-0.3,4,0,0,0,1,0,0,1.30188679245283,100,0
2017,5,"1553*A",1670,-117,"Lupinus argenteus",0,5.7,-5.7,0,0,0,0,0,0,1,1.28571428571429,0,0
2014,5,"1554*A",1712,-163,"Chaenactis douglasii",2.5,NA,NA,2,0,0,NA,1,0,0,2.52336448598131,99.9999999999955,0
2015,5,"1554*A",1712,-163,"Chaenactis douglasii",2.5,2.5,0,2,0,0,0,1,0,0,3.0530303030303,99.9999999999955,0
2016,5,"1554*A",1712,-163,"Chaenactis douglasii",6,2.5,3.5,4.2,0,0,0,1,0,0,1.30188679245283,102.754117057857,0
2017,5,"1554*A",1712,-163,"Chaenactis douglasii",0,6,-6,0,0,0,0,0,0,1,1.28571428571429,0,0
2014,5,"1555*A",1770,-70,"Chaenactis douglasii",2,NA,NA,1,0,0,NA,1,0,0,2.52336448598131,400.000000000004,0
2015,5,"1555*A",1770,-70,"Chaenactis douglasii",2,2,0,1,0,0,0,1,0,0,3.0530303030303,400.000000000004,0
2016,5,"1555*A",1770,-70,"Chaenactis douglasii",3.3,2,1.3,2.5,0,0,0,1,0,0,1.30188679245283,399.999999999984,0
2017,5,"1555*A",1770,-70,"Chaenactis douglasii",0,3.3,-3.3,0,0,0,0,0,0,1,1.28571428571429,0,0
2014,5,"1556*A",1779,-75,"Chaenactis douglasii",3,NA,NA,3.5,0,0,NA,1,0,0,2.52336448598131,400.000000000012,0
2015,5,"1556*A",1779,-75,"Chaenactis douglasii",3,3,0,3.5,0,0,0,1,0,0,3.0530303030303,500.000000000015,0
2016,5,"1556*A",1779,-75,"Chaenactis douglasii",1.3,3,-1.7,2.3,0,0,0,1,0,0,1.30188679245283,500.000000000045,0
2017,5,"1556*A",1779,-75,"Chaenactis douglasii",0,1.3,-1.3,0,0,0,0,0,0,1,1.28571428571429,0,0
2015,5,"1557*A",1677,-1,"Lupinus argenteus",2.5,NA,NA,2.5,0,0,1,1,0,0,3.0530303030303,0,3.0163913796051
2016,5,"1557*A",1677,-1,"Lupinus argenteus",8.7,2.5,6.2,6.9,0,0,0,1,0,0,1.30188679245283,0,94.4919768769733
2017,5,"1557*A",1677,-1,"Lupinus argenteus",11,8.7,2.3,6,0,0,0,1,0,0,1.28571428571429,99.9999999999991,29.8422718867664
2018,5,"1557*A",1677,-1,"Lupinus argenteus",0,11,-11,0,0,0,0,0,0,1,1.12213740458015,0,0
2014,6,"1558*A",121,-537,"Elymus lanceolatus",19,NA,NA,12,0,0,NA,1,0,0,2.52336448598131,100,18.1029107941999
2015,6,"1558*A",121,-537,"Elymus lanceolatus",19,19,0,12,0,0,0,1,0,0,3.0530303030303,100,71.0827067814851
2016,6,"1558*A",121,-537,"Elymus lanceolatus",22,19,3,21,10,0,0,1,0,0,1.30188679245283,99.9999999999999,78.2560487166285
2017,6,"1558*A",121,-537,"Elymus lanceolatus",21,22,-1,19,1,0,0,1,0,0,1.28571428571429,100,77.3884597194425
2018,6,"1558*A",121,-537,"Elymus lanceolatus",26,21,5,19.5,12,0,0,1,0,0,1.12213740458015,100,40.6315494525604
2019,6,"1558*A",121,-537,"Elymus lanceolatus",25,26,-1,24,8,0,0,1,0,0,0.5,100,75.0086182086754
2015,8,"1559*A",844,-445,"Lupinus argenteus",4.5,NA,NA,3,0,0,1,1,0,0,3.0530303030303,0,0
2016,8,"1559*A",844,-445,"Lupinus argenteus",0,4.5,-4.5,0,0,0,0,0,0,1,1.30188679245283,0,0
2014,14,"156*A",1348,-898,"Eriogonum umbellatum",73,NA,NA,2,142,0,NA,1,0,0,2.52336448598131,47.1933629603728,18.1931339169444
2015,14,"156*A",1348,-898,"Eriogonum umbellatum",75,73,2,2.5,218,0,0,1,0,0,3.0530303030303,47.362619944964,17.2805800630477
2016,14,"156*A",1348,-898,"Eriogonum umbellatum",74,75,-1,3.8,176,0,0,1,0,0,1.30188679245283,42.930945791607,19.8955185963134
2017,14,"156*A",1348,-898,"Eriogonum umbellatum",78,74,4,3,211,0,0,1,0,0,1.28571428571429,43.3413612796923,19.7493066600571
2018,14,"156*A",1348,-898,"Eriogonum umbellatum",77,78,-1,2,228,0,0,1,0,0,1.12213740458015,5.5867654431667,22.194470256855
2019,14,"156*A",1348,-898,"Eriogonum umbellatum",78,77,1,3,243,0,0,1,0,0,0.5,8.79049178435621,31.5455265506495
2015,8,"1560*A",981,-423,"Lupinus argenteus",2.5,NA,NA,2.5,0,0,1,1,0,0,3.0530303030303,0,368.622939968964
2016,8,"1560*A",981,-423,"Lupinus argenteus",0,2.5,-2.5,0,0,0,0,0,0,1,1.30188679245283,0,0
2015,8,"1561*A",994,-470,"Lupinus argenteus",5.5,NA,NA,3.5,0,0,1,1,0,0,3.0530303030303,0,0
2016,8,"1561*A",994,-470,"Lupinus argenteus",0,5.5,-5.5,0,0,0,0,0,0,1,1.30188679245283,0,0
2015,10,"1562*A",1608,-495,"Lupinus argenteus",2,NA,NA,2,0,1,1,1,0,0,3.0530303030303,0,99.999999999996
2016,10,"1562*A",1608,-495,"Lupinus argenteus",0,2,-2,0,0,0,0,1,0,0,1.30188679245283,0,0
2017,10,"1562*A",1608,-495,"Lupinus argenteus",3.5,0,3.5,2.5,0,0,0,1,0,0,1.28571428571429,0,0
2018,10,"1562*A",1608,-495,"Lupinus argenteus",0,3.5,-3.5,0,0,0,0,0,0,1,1.12213740458015,0,0
2015,11,"1563*A",65,-985,"Eriogonum umbellatum",0.6,NA,NA,1.5,0,1,1,1,0,0,3.0530303030303,147.620496981704,100
2016,11,"1563*A",65,-985,"Eriogonum umbellatum",0,0.6,-0.6,0,0,0,0,0,0,1,1.30188679245283,0,0
2015,11,"1564*A",69,-985,"Lupinus argenteus",4,NA,NA,3.5,0,0,1,1,0,0,3.0530303030303,104.941639866883,100
2016,11,"1564*A",69,-985,"Lupinus argenteus",19.8,4,15.8,11,0,0,0,1,0,0,1.30188679245283,132.855104149548,102.270484511659
2017,11,"1564*A",69,-985,"Lupinus argenteus",0,19.8,-19.8,0,0,0,0,0,0,1,1.28571428571429,0,0
2015,11,"1565*A",75,-976,"Senecio crassulus",1.5,NA,NA,0.5,0,1,1,1,0,0,3.0530303030303,200,0
2016,11,"1565*A",75,-976,"Senecio crassulus",1,1.5,-0.5,3.2,0,0,0,1,0,0,1.30188679245283,399.999999999999,0
2017,11,"1565*A",75,-976,"Senecio crassulus",0,1,-1,0,0,0,0,0,0,1,1.28571428571429,0,0
2014,13,"1566*A",815,-949,"Eriogonum umbellatum",1.5,NA,NA,1.5,0,0,NA,1,0,0,2.52336448598131,100.000000000003,0
2015,13,"1566*A",815,-949,"Eriogonum umbellatum",1.5,1.5,0,1.5,0,0,0,1,0,0,3.0530303030303,144.835159384722,0
2016,13,"1566*A",815,-949,"Eriogonum umbellatum",2.3,1.5,0.8,2.4,0,0,0,1,0,0,1.30188679245283,198.075908320503,2.75687360344837
2017,13,"1566*A",815,-949,"Eriogonum umbellatum",4,2.3,1.7,3,0,0,0,1,0,0,1.28571428571429,261.087496468893,91.6221554056635
2018,13,"1566*A",815,-949,"Eriogonum umbellatum",4.5,4,0.5,2.5,0,0,0,1,0,0,1.12213740458015,223.357811429073,92.7810878182607
2019,13,"1566*A",815,-949,"Eriogonum umbellatum",5.5,4.5,1,3,0,0,0,1,0,0,0.5,242.989331085791,99.4758253561654
2015,13,"1567*A",948.5259393,-941.10339546,"Chaenactis douglasii",0.5,NA,NA,0.5,0,1,1,1,0,0,3.0530303030303,199.9999999999,3.05859902609051
2015,13,"1567*B",947.8138534,-940.74514735,"Chaenactis douglasii",0.5,NA,NA,0.5,0,1,1,0,1,0,3.0530303030303,199.999999999976,3.05859902608943
2015,13,"1567*C",946.2217119,-943.94295369,"Chaenactis douglasii",0.5,NA,NA,0.5,0,1,1,0,1,0,3.0530303030303,218.424642421682,0
2015,13,"1567*D",950.6119311,-936.68032079,"Chaenactis douglasii",0.5,NA,NA,0.5,0,1,1,0,1,0,3.0530303030303,200.000000000104,0
2015,13,"1567*E",944.9848648,-938.13512464,"Chaenactis douglasii",0.5,NA,NA,0.5,0,1,1,0,1,0,3.0530303030303,199.999999999998,0
2016,13,"1567*A",948,-940,"Chaenactis douglasii",0,0.5,-0.5,0,0,0,0,0,0,1,1.30188679245283,0,0
2015,15,"1568*A",1765,-986,"Eriogonum umbellatum",0.7,NA,NA,1,0,1,1,1,0,0,3.0530303030303,299.999999999977,0
2016,15,"1568*A",1765,-986,"Eriogonum umbellatum",1.4,0.7,0.7,1,0,0,0,1,0,0,1.30188679245283,338.390920286895,0
2017,15,"1568*A",1765,-986,"Eriogonum umbellatum",3,1.4,1.6,1.5,0,0,0,1,0,0,1.28571428571429,77.5223997603074,2.90272444911647
2018,15,"1568*A",1765,-986,"Eriogonum umbellatum",2,3,-1,1.5,0,0,0,1,0,0,1.12213740458015,0,62.2514255741335
2019,15,"1568*A",1765,-986,"Eriogonum umbellatum",3.5,2,1.5,1,0,0,0,1,0,0,0.5,0,99.9999999999984
2015,15,"1569*A",1627,-998,"Lupinus argenteus",7,NA,NA,2.5,0,0,1,1,0,0,3.0530303030303,0,0
2016,15,"1569*A",1627,-998,"Lupinus argenteus",6,7,-1,5,0,0,0,1,0,0,1.30188679245283,0,0
2017,15,"1569*A",1627,-998,"Lupinus argenteus",0,6,-6,0,0,0,0,0,0,1,1.28571428571429,0,0
2014,14,"157*A",1335,-895,"Elymus lanceolatus",13,NA,NA,22,3,0,NA,1,0,0,2.52336448598131,200.000000000006,20.7557724036975
2015,14,"157*A",1335,-895,"Elymus lanceolatus",13,13,0,17.5,2,0,0,1,0,0,3.0530303030303,200.000000000006,67.7744411389155
2016,14,"157*A",1335,-895,"Elymus lanceolatus",21.5,13,8.5,17.5,2,0,0,1,0,0,1.30188679245283,195.645675073837,42.1634451623092
2017,14,"157*A",1335,-895,"Elymus lanceolatus",18,21.5,-3.5,20,2,0,0,1,0,0,1.28571428571429,193.769886627352,80.2363119289401
2018,14,"157*A",1335,-895,"Elymus lanceolatus",12,18,-6,21.5,2,0,0,1,0,0,1.12213740458015,100.000000000002,64.9307762221404
2019,14,"157*A",1335,-895,"Elymus lanceolatus",14,12,2,20,2,0,0,1,0,0,0.5,100.000000000001,79.5905943996187
2015,15,"1570*A",1626,-884,"Lupinus argenteus",3,NA,NA,2,0,0,1,1,0,0,3.0530303030303,0,17.2503637952084
2016,15,"1570*A",1626,-884,"Lupinus argenteus",0,3,-3,0,0,0,0,0,0,1,1.30188679245283,0,0
2014,15,"1571*A",1671,-836,"Eriogonum umbellatum",5.5,NA,NA,2.5,0,0,NA,1,0,0,2.52336448598131,190.145408852104,0
2015,15,"1571*A",1671,-836,"Eriogonum umbellatum",5.5,5.5,0,2.5,0,0,0,1,0,0,3.0530303030303,165.732714414994,0
2016,15,"1571*A",1671,-836,"Eriogonum umbellatum",9,5.5,3.5,3,4,0,0,1,0,0,1.30188679245283,189.938568702249,0
2017,15,"1571*A",1671,-836,"Eriogonum umbellatum",12,9,3,2.5,3,0,0,1,0,0,1.28571428571429,131.026767425314,0
2018,15,"1571*A",1671,-836,"Eriogonum umbellatum",13,12,1,3,12,0,0,1,0,0,1.12213740458015,79.5195900519837,0
2019,15,"1571*A",1671,-836,"Eriogonum umbellatum",18,13,5,4,13,0,0,1,0,0,0.5,63.4038153395036,0
2015,15,"1572*A",1768,-897,"Senecio crassulus",1,NA,NA,1.5,0,1,1,1,0,0,3.0530303030303,0,0
2016,15,"1572*A",1768,-897,"Senecio crassulus",0,1,-1,0,0,0,0,0,0,1,1.30188679245283,0,0
2015,15,"1573*A",1778,-894,"Lupinus argenteus",3,NA,NA,2.5,0,1,1,1,0,0,3.0530303030303,0,134.393306000704
2016,15,"1573*A",1778,-894,"Lupinus argenteus",0,3,-3,0,0,0,0,0,0,1,1.30188679245283,0,0
2015,15,"1574*A",1776,-927,"Lupinus argenteus",5.5,NA,NA,4,0,0,1,1,0,0,3.0530303030303,0,13.1618226121793
2016,15,"1574*A",1776,-927,"Lupinus argenteus",8,5.5,2.5,5,0,0,0,1,0,0,1.30188679245283,0,0
2017,15,"1574*A",1776,-927,"Lupinus argenteus",0,8,-8,0,0,0,0,0,0,1,1.28571428571429,0,0
2015,15,"1575*A",1745,-932,"Lupinus argenteus",12.5,NA,NA,7,0,0,1,1,0,0,3.0530303030303,0,101.97262327558
2016,15,"1575*A",1745,-932,"Lupinus argenteus",8,12.5,-4.5,5,0,0,0,1,0,0,1.30188679245283,0,0
2017,15,"1575*A",1745,-932,"Lupinus argenteus",0,8,-8,0,0,0,0,0,0,1,1.28571428571429,0,0
2015,15,"1576*A",1760,-924,"Lupinus argenteus",13,NA,NA,7,0,0,1,1,0,0,3.0530303030303,0,34.8244042910679
2016,15,"1576*A",1760,-924,"Lupinus argenteus",0,13,-13,0,0,0,0,0,0,1,1.30188679245283,0,0
2015,16,"1577*A",57,-1389,"Agoseris glauca",1.5,NA,NA,2.1,0,1,1,1,0,0,3.0530303030303,99.9999999999983,0
2016,16,"1577*A",57,-1389,"Agoseris glauca",1,1.5,-0.5,2,0,0,0,1,0,0,1.30188679245283,100.000000000002,0
2017,16,"1577*A",57,-1389,"Agoseris glauca",0,1,-1,0,0,0,0,0,0,1,1.28571428571429,0,0
2015,16,"1578*A",62,-1397,"Heterotheca villosa",1,NA,NA,0.6,0,1,1,1,0,0,3.0530303030303,99.9999999999996,0
2016,16,"1578*A",62,-1397,"Heterotheca villosa",0,1,-1,0,0,0,0,0,0,1,1.30188679245283,0,0
2015,16,"1579*A",43,-1369.5,"Arnica latifolia",1.4,NA,NA,1,0,1,1,1,0,0,3.0530303030303,300,0
2016,16,"1579*A",43,-1369.5,"Arnica latifolia",1.4,1.4,0,1,0,0,0,1,0,0,1.30188679245283,300,0
2017,16,"1579*A",43,-1369.5,"Arnica latifolia",2.6,1.4,1.2,5.5,0,0,0,1,0,0,1.28571428571429,0,0
2018,16,"1579*A",43,-1369.5,"Arnica latifolia",4,2.6,1.4,3,0,0,0,1,0,0,1.12213740458015,0.786141613153547,0
2019,16,"1579*A",43,-1369.5,"Arnica latifolia",8,4,4,6.5,0,0,0,1,0,0,0.5,57.2950468859139,0
2014,14,"158*A",1337,-889,"Elymus lanceolatus",8,NA,NA,14,1,0,NA,1,0,0,2.52336448598131,199.999999999996,55.1174259702364
2015,14,"158*A",1337,-889,"Elymus lanceolatus",17,8,9,20,3,0,0,1,0,0,3.0530303030303,199.318981347002,50.9050426068396
2016,14,"158*A",1337,-889,"Elymus lanceolatus",15,17,-2,18,2,0,0,1,0,0,1.30188679245283,184.860039538555,87.7350554275544
2017,14,"158*A",1337,-889,"Elymus lanceolatus",18,15,3,25,1,0,0,1,0,0,1.28571428571429,166.565808597695,118.688640295009
2018,14,"158*A",1337,-889,"Elymus lanceolatus",16,18,-2,17,1,0,0,1,0,0,1.12213740458015,99.9999999999989,62.6187902936506
2019,14,"158*A",1337,-889,"Elymus lanceolatus",18,16,2,26,3,0,0,1,0,0,0.5,99.9999999999999,85.7642638024077
2015,16,"1580*A",29,-1345,"Ivesia gordonii",0.6,NA,NA,0.5,0,1,1,1,0,0,3.0530303030303,660.870696327554,0
2016,16,"1580*A",29,-1345,"Ivesia gordonii",0.5,0.6,-0.1,0.5,0,0,0,1,0,0,1.30188679245283,450.022251172738,0
2017,16,"1580*A",29,-1345,"Ivesia gordonii",0,0.5,-0.5,0,0,0,0,0,0,1,1.28571428571429,0,0
2015,16,"1581*A",29,-1349,"Agoseris glauca",1.5,NA,NA,2,0,1,1,1,0,0,3.0530303030303,400,0
2016,16,"1581*A",29,-1349,"Agoseris glauca",0.5,1.5,-1,1.5,0,0,0,1,0,0,1.30188679245283,400.000000000004,0
2017,16,"1581*A",29,-1349,"Agoseris glauca",0,0.5,-0.5,0,0,0,0,0,0,1,1.28571428571429,0,0
2015,16,"1582*A",52,-1355,"Eriogonum umbellatum",1.5,NA,NA,0.7,0,1,1,1,0,0,3.0530303030303,349.415683538209,0
2016,16,"1582*A",52,-1355,"Eriogonum umbellatum",2,1.5,0.5,1.5,0,0,0,1,0,0,1.30188679245283,360.73792463135,0
2017,16,"1582*A",52,-1355,"Eriogonum umbellatum",3,2,1,2.5,0,0,0,1,0,0,1.28571428571429,19.0368110889822,0
2018,16,"1582*A",52,-1355,"Eriogonum umbellatum",4.5,3,1.5,1,0,0,0,1,0,0,1.12213740458015,17.2459994795271,11.9287497526853
2019,16,"1582*A",52,-1355,"Eriogonum umbellatum",6,4.5,1.5,3.5,0,0,0,1,0,0,0.5,72.4449818970707,0
2015,16,"1583*A",22,-1314,"Lupinus argenteus",3,NA,NA,2.5,0,1,1,1,0,0,3.0530303030303,81.979338937647,366.104406900339
2016,16,"1583*A",22,-1314,"Lupinus argenteus",0,3,-3,0,0,0,0,0,0,1,1.30188679245283,0,0
2015,16,"1584*A",19,-1305,"Agoseris glauca",1.5,NA,NA,2,0,1,1,1,0,0,3.0530303030303,701.575669338665,0
2016,16,"1584*A",19,-1305,"Agoseris glauca",0,1.5,-1.5,0,0,0,0,1,0,0,1.30188679245283,0,0
2017,16,"1584*A",19,-1305,"Agoseris glauca",3,0,3,4,0,0,0,1,0,0,1.28571428571429,99.9999999999999,0
2018,16,"1584*A",19,-1305,"Agoseris glauca",0,3,-3,0,0,0,0,0,0,1,1.12213740458015,0,0
2015,16,"1585*A",20,-1305,"Chaenactis douglasii",0.7,NA,NA,0.5,0,1,1,1,0,0,3.0530303030303,700.797065310785,0
2016,16,"1585*A",20,-1305,"Chaenactis douglasii",0,0.7,-0.7,0,0,0,0,0,0,1,1.30188679245283,0,0
2015,16,"1586*A",140,-1285,"Lupinus argenteus",6,NA,NA,4,0,0,1,1,0,0,3.0530303030303,0,17.9222322556126
2016,16,"1586*A",140,-1285,"Lupinus argenteus",0,6,-6,0,0,0,0,0,0,1,1.30188679245283,0,0
2015,16,"1587*A",140,-1277,"Lupinus argenteus",5.5,NA,NA,4,0,0,1,1,0,0,3.0530303030303,0,41.111628266295
2016,16,"1587*A",140,-1277,"Lupinus argenteus",8,5.5,2.5,5,0,0,0,1,0,0,1.30188679245283,0,0
2017,16,"1587*A",140,-1277,"Lupinus argenteus",0,8,-8,0,0,0,0,0,0,1,1.28571428571429,0,0
2015,16,"1588*A",138,-1338,"Chaenactis douglasii",1,NA,NA,1.2,0,1,1,1,0,0,3.0530303030303,394.150653780311,0
2016,16,"1588*A",138,-1338,"Chaenactis douglasii",0,1,-1,0,0,0,0,0,0,1,1.30188679245283,0,0
2014,16,"1589*A",145,-1343,"Lupinus argenteus",11,NA,NA,8,0,0,NA,1,0,0,2.52336448598131,0,433.654300158359
2015,16,"1589*A",145,-1343,"Lupinus argenteus",11,11,0,8,0,0,0,1,0,0,3.0530303030303,0.623879877789647,217.54876981063
2016,16,"1589*A",145,-1343,"Lupinus argenteus",2,11,-9,2,0,0,0,1,0,0,1.30188679245283,0,0
2017,16,"1589*A",145,-1343,"Lupinus argenteus",0,2,-2,0,0,0,0,0,0,1,1.28571428571429,0,0
2015,16,"1590*A",150,-1355,"Lupinus argenteus",10,NA,NA,8,0,0,1,1,0,0,3.0530303030303,0,349.637626576534
2016,16,"1590*A",150,-1355,"Lupinus argenteus",0,10,-10,0,0,0,0,0,0,1,1.30188679245283,0,0
2015,17,"1591*A",431,-1322,"Elymus lanceolatus",3,NA,NA,9,0,0,1,1,0,0,3.0530303030303,99.9999999999977,0
2016,17,"1591*A",431,-1322,"Elymus lanceolatus",3,3,0,12,0,0,0,1,0,0,1.30188679245283,199.999999999995,91.9365218830761
2017,17,"1591*A",431,-1322,"Elymus lanceolatus",7,3,4,9,0,0,0,1,0,0,1.28571428571429,189.854917707463,108.91147279418
2018,17,"1591*A",431,-1322,"Elymus lanceolatus",4.5,7,-2.5,6,0,0,0,1,0,0,1.12213740458015,99.9999999999999,42.4396441281801
2019,17,"1591*A",431,-1322,"Elymus lanceolatus",0,4.5,-4.5,0,0,0,0,0,0,1,0.5,0,0
2015,17,"1592*A",434,-1225,"Lupinus argenteus",2,NA,NA,2,0,0,1,1,0,0,3.0530303030303,99.9999999999983,49.5576631752045
2016,17,"1592*A",434,-1225,"Lupinus argenteus",0,2,-2,0,0,0,0,0,0,1,1.30188679245283,0,0
2015,17,"1593*A",464,-1335,"Lupinus argenteus",5,NA,NA,4,0,0,1,1,0,0,3.0530303030303,99.9999999999998,0
2016,17,"1593*A",464,-1335,"Lupinus argenteus",25,5,20,3,0,0,0,1,0,0,1.30188679245283,99.9999999999998,18.2864066231566
2017,17,"1593*A",464,-1335,"Lupinus argenteus",0,25,-25,0,0,0,0,0,0,1,1.28571428571429,0,0
2015,17,"1594*A",500,-1315,"Lupinus argenteus",1.5,NA,NA,2,0,0,1,1,0,0,3.0530303030303,99.9999999999986,8.98854001997132
2016,17,"1594*A",500,-1315,"Lupinus argenteus",0,1.5,-1.5,0,0,0,0,0,0,1,1.30188679245283,0,0
2015,17,"1595*A",500,-1310,"Lupinus argenteus",3,NA,NA,2,0,0,1,1,0,0,3.0530303030303,99.9999999999999,0
2016,17,"1595*A",500,-1310,"Lupinus argenteus",0,3,-3,0,0,0,0,0,0,1,1.30188679245283,0,0
2015,17,"1596*A",508,-1312,"Lupinus argenteus",3,NA,NA,3,0,0,1,1,0,0,3.0530303030303,99.9999999999999,3.30104217489393
2016,17,"1596*A",508,-1312,"Lupinus argenteus",0,3,-3,0,0,0,0,1,0,0,1.30188679245283,0,0
2017,17,"1596*A",508,-1312,"Lupinus argenteus",3.5,0,3.5,2.5,0,0,0,1,0,0,1.28571428571429,99.9999999999998,0
2018,17,"1596*A",508,-1312,"Lupinus argenteus",0,3.5,-3.5,0,0,0,0,0,0,1,1.12213740458015,0,0
2014,19,"1597*A",1394,-1335,"Eriogonum umbellatum",1.5,NA,NA,2.5,0,0,NA,1,0,0,2.52336448598131,99.9999999999988,99.9999999999988
2015,19,"1597*A",1394,-1335,"Eriogonum umbellatum",1.5,1.5,0,2.5,0,0,0,1,0,0,3.0530303030303,100,100
2016,19,"1597*A",1394,-1335,"Eriogonum umbellatum",7,1.5,5.5,1,0,0,0,1,0,0,1.30188679245283,106.301732429357,100.000000000001
2017,19,"1597*A",1394,-1335,"Eriogonum umbellatum",3,7,-4,1,0,0,0,1,0,0,1.28571428571429,99.9999999999992,99.9999999999992
2018,19,"1597*A",1394,-1335,"Eriogonum umbellatum",0,3,-3,0,0,0,0,0,0,1,1.12213740458015,0,0
2014,19,"1598*A",1386,-1337,"Eriogonum umbellatum",1,NA,NA,1.5,0,0,NA,1,0,0,2.52336448598131,99.9999999999899,99.9999999999899
2015,19,"1598*A",1386,-1337,"Eriogonum umbellatum",1,1,0,1.5,0,0,0,1,0,0,3.0530303030303,105.183696,100
2016,19,"1598*A",1386,-1337,"Eriogonum umbellatum",0,1,-1,0,0,0,0,0,0,1,1.30188679245283,0,0
2014,19,"1599*A",1384,-1341,"Eriogonum umbellatum",1,NA,NA,1.5,0,0,NA,1,0,0,2.52336448598131,100.000000000001,100.000000000001
2015,19,"1599*A",1384,-1341,"Eriogonum umbellatum",1,1,0,1.5,0,0,0,1,0,0,3.0530303030303,100,100
2016,19,"1599*A",1384,-1341,"Eriogonum umbellatum",0,1,-1,0,0,0,0,0,0,1,1.30188679245283,0,0
2014,1,"16*A",198,-35,"Ivesia gordonii",18,NA,NA,4,6,0,NA,1,0,0,2.52336448598131,41.8212015376129,44.6037191223749
2015,1,"16*A",198,-35,"Ivesia gordonii",21,18,3,4,17,0,0,1,0,0,3.0530303030303,30.7087478723588,43.8661970965851
2016,1,"16*A",198,-35,"Ivesia gordonii",19,21,-2,6.3,10,0,0,1,0,0,1.30188679245283,28.2416808590065,47.2800177951029
2017,1,"16*A",198,-35,"Ivesia gordonii",0,19,-19,0,0,0,0,0,0,1,1.28571428571429,0,0
2014,14,"160*A",1356,-897,"Elymus lanceolatus",7,NA,NA,17,1,0,NA,1,0,0,2.52336448598131,107.589731479871,0
2015,14,"160*A",1356,-897,"Elymus lanceolatus",13,7,6,16.5,1,0,0,1,0,0,3.0530303030303,114.803806984584,68.2340851146023
2016,14,"160*A",1356,-897,"Elymus lanceolatus",8.5,13,-4.5,18,0,0,0,1,0,0,1.30188679245283,100.000000000002,14.5632526481251
2017,14,"160*A",1356,-897,"Elymus lanceolatus",11,8.5,2.5,16,1,0,0,1,0,0,1.28571428571429,99.9999999999979,56.5166923346378
2018,14,"160*A",1356,-897,"Elymus lanceolatus",12,11,1,18.5,1,0,0,1,0,0,1.12213740458015,100.000000000002,78.8109986750074
2019,14,"160*A",1356,-897,"Elymus lanceolatus",12,12,0,16,1,0,0,1,0,0,0.5,100.000000000002,14.9270136858043
2014,19,"1600*A",1371,-1278,"Eriogonum umbellatum",1.5,NA,NA,1.5,0,0,NA,1,0,0,2.52336448598131,101.919610120577,100.842369818364
2015,19,"1600*A",1371,-1278,"Eriogonum umbellatum",1.5,1.5,0,1.5,0,0,0,1,0,0,3.0530303030303,177.1770811,230.45283
2016,19,"1600*A",1371,-1278,"Eriogonum umbellatum",1.5,1.5,0,1.5,0,0,0,1,0,0,1.30188679245283,186.293678697091,300.000000000012
2017,19,"1600*A",1371,-1278,"Eriogonum umbellatum",0,1.5,-1.5,0,0,0,0,1,0,0,1.28571428571429,0,0
2018,19,"1600*A",1371,-1278,"Eriogonum umbellatum",1,0,1,0.3,0,0,0,1,0,0,1.12213740458015,99.9999999999969,399.999999999988
2019,19,"1600*A",1371,-1278,"Eriogonum umbellatum",0,1,-1,0,0,0,0,0,0,1,0.5,0,0
2015,19,"1601*A",1365,-1265,"Eriogonum umbellatum",2,NA,NA,1,0,0,1,1,0,0,3.0530303030303,195.82196,284.95157
2016,19,"1601*A",1365,-1265,"Eriogonum umbellatum",1.5,2,-0.5,1.5,0,0,0,1,0,0,1.30188679245283,137.140619755482,300.000000000003
2017,19,"1601*A",1365,-1265,"Eriogonum umbellatum",0,1.5,-1.5,0,0,0,0,0,0,1,1.28571428571429,0,0
2015,19,"1602*A",1339,-1290,"Ivesia gordonii",0.5,NA,NA,0.5,0,1,1,1,0,0,3.0530303030303,200,0
2016,19,"1602*A",1339,-1290,"Ivesia gordonii",1,0.5,0.5,1,0,0,0,1,0,0,1.30188679245283,199.999999999956,0
2017,19,"1602*A",1339,-1290,"Ivesia gordonii",1,1,0,1,0,0,0,1,0,0,1.28571428571429,299.999999999934,0
2018,19,"1602*A",1339,-1290,"Ivesia gordonii",1.5,1,0.5,1.5,0,0,0,1,0,0,1.12213740458015,300.000000000006,22.4649349471214
2019,19,"1602*A",1339,-1290,"Ivesia gordonii",3,1.5,1.5,2,0,0,0,1,0,0,0.5,299.999999999988,50.4224883225972
2015,19,"1603*A",1295,-1288,"Ivesia gordonii",0.5,NA,NA,0.5,0,1,1,1,0,0,3.0530303030303,200,76.54784
2016,19,"1603*A",1295,-1288,"Ivesia gordonii",1.5,0.5,1,1.5,0,0,0,1,0,0,1.30188679245283,261.85603482835,0
2017,19,"1603*A",1295,-1288,"Ivesia gordonii",2,1.5,0.5,2,0,0,0,1,0,0,1.28571428571429,300.000000000012,10.9958043712231
2018,19,"1603*A",1295,-1288,"Ivesia gordonii",3.5,2,1.5,2.5,0,0,0,1,0,0,1.12213740458015,254.179657834118,0
2019,19,"1603*A",1295,-1288,"Ivesia gordonii",5,3.5,1.5,4,0,0,0,1,0,0,0.5,309.606293945802,0.370435859515881
2015,19,"1604*A",1291,-1299,"Ivesia gordonii",0.5,NA,NA,0.5,0,1,1,1,0,0,3.0530303030303,233.97318,0
2016,19,"1604*A",1291,-1299,"Ivesia gordonii",1,0.5,0.5,0.5,0,0,0,1,0,0,1.30188679245283,398.206454591896,0
2017,19,"1604*A",1291,-1299,"Ivesia gordonii",1.5,1,0.5,0.5,0,0,0,1,0,0,1.28571428571429,400.000000000012,0
2018,19,"1604*A",1291,-1299,"Ivesia gordonii",2,1.5,0.5,1.5,0,0,0,1,0,0,1.12213740458015,299.999999999997,0
2019,19,"1604*A",1291,-1299,"Ivesia gordonii",4,2,2,3,0,0,0,1,0,0,0.5,316.533134392661,0
2015,19,"1605*A",1292,-1324,"Ivesia gordonii",0.5,NA,NA,0.5,0,1,1,1,0,0,3.0530303030303,200,0
2016,19,"1605*A",1292,-1324,"Ivesia gordonii",0.5,0.5,0,0.3,0,0,0,1,0,0,1.30188679245283,299.999999999969,0
2017,19,"1605*A",1292,-1324,"Ivesia gordonii",1,0.5,0.5,1,0,0,0,1,0,0,1.28571428571429,400.000000000048,0
2018,19,"1605*A",1292,-1324,"Ivesia gordonii",2,1,1,1.5,0,0,0,1,0,0,1.12213740458015,399.999999999973,0
2019,19,"1605*A",1292,-1324,"Ivesia gordonii",3,2,1,3,0,0,0,1,0,0,0.5,382.610061933847,0
2015,19,"1606*A",1303,-1311,"Ivesia gordonii",1,NA,NA,1.5,0,0,1,1,0,0,3.0530303030303,300,0
2016,19,"1606*A",1303,-1311,"Ivesia gordonii",0.5,1,-0.5,0.5,0,0,0,1,0,0,1.30188679245283,399.999999999876,0
2017,19,"1606*A",1303,-1311,"Ivesia gordonii",1.5,0.5,1,0.5,0,0,0,1,0,0,1.28571428571429,400.000000000012,9.38602377527406
2018,19,"1606*A",1303,-1311,"Ivesia gordonii",2,1.5,0.5,1.5,0,0,0,1,0,0,1.12213740458015,400.000000000016,71.7049017538115
2019,19,"1606*A",1303,-1311,"Ivesia gordonii",3.5,2,1.5,3,0,0,0,1,0,0,0.5,400,70.386721510101
2015,20,"1607*A",1639,-1388,"Chaenactis douglasii",0.7,NA,NA,1,0,1,1,1,0,0,3.0530303030303,200,0
2016,20,"1607*A",1639,-1388,"Chaenactis douglasii",0,0.7,-0.7,0,0,0,0,0,0,1,1.30188679245283,0,0
2015,20,"1608*A",1632,-1375,"Senecio crassulus",0.4,NA,NA,2,0,1,1,1,0,0,3.0530303030303,200,0
2016,20,"1608*A",1632,-1375,"Senecio crassulus",0,0.4,-0.4,0,0,0,0,0,0,1,1.30188679245283,0,0
2015,20,"1609*A",1645,-1365,"Eriogonum umbellatum",0.5,NA,NA,1,0,1,1,1,0,0,3.0530303030303,300,200
2016,20,"1609*A",1645,-1365,"Eriogonum umbellatum",1,0.5,0.5,0.5,0,0,0,1,0,0,1.30188679245283,201.520054123722,200.000000000004
2017,20,"1609*A",1645,-1365,"Eriogonum umbellatum",0.5,1,-0.5,0.5,0,0,0,1,0,0,1.28571428571429,103.820984494429,200.00000000002
2018,20,"1609*A",1645,-1365,"Eriogonum umbellatum",0,0.5,-0.5,0,0,0,0,0,0,1,1.12213740458015,0,0
2014,14,"161*A",1345,-888,"Elymus lanceolatus",7,NA,NA,14,0,0,NA,1,0,0,2.52336448598131,193.936572122038,1.04629449812673
2015,14,"161*A",1345,-888,"Elymus lanceolatus",7,7,0,21,1,0,0,1,0,0,3.0530303030303,177.574855685168,81.942659864749
2016,14,"161*A",1345,-888,"Elymus lanceolatus",4,7,-3,12.5,0,0,0,1,0,0,1.30188679245283,99.9999999999981,88.4409837110863
2017,14,"161*A",1345,-888,"Elymus lanceolatus",15,4,11,15,0,0,0,1,0,0,1.28571428571429,116.685199551298,141.876869500328
2018,14,"161*A",1345,-888,"Elymus lanceolatus",6,15,-9,17,1,0,0,1,0,0,1.12213740458015,99.9999999999957,129.417822852992
2019,14,"161*A",1345,-888,"Elymus lanceolatus",13.5,6,7.5,26,1,0,0,1,0,0,0.5,100,99.1110449239186
2014,20,"1610*A",1600,-1327,"Senecio crassulus",2.5,NA,NA,4,0,0,NA,1,0,0,2.52336448598131,200,0
2015,20,"1610*A",1600,-1327,"Senecio crassulus",2.5,2.5,0,4,0,0,0,1,0,0,3.0530303030303,260.25758,0
2016,20,"1610*A",1600,-1327,"Senecio crassulus",0,2.5,-2.5,0,0,0,0,1,0,0,1.30188679245283,0,0
2017,20,"1610*A",1600,-1327,"Senecio crassulus",6,0,6,9,0,0,0,1,0,0,1.28571428571429,300.000000000021,0
2018,20,"1610*A",1600,-1327,"Senecio crassulus",4.5,6,-1.5,9.5,0,0,0,1,0,0,1.12213740458015,300.000000000039,0
2019,20,"1610*A",1600,-1327,"Senecio crassulus",13,4.5,8.5,10,0,0,0,1,0,0,0.5,267.737011286373,0
2015,20,"1611*A",1644,-1335,"Lupinus argenteus",10,NA,NA,7,0,0,1,1,0,0,3.0530303030303,352.26793,104.509215
2016,20,"1611*A",1644,-1335,"Lupinus argenteus",0,10,-10,0,0,0,0,0,0,1,1.30188679245283,0,0
2015,20,"1612*A",1651,-1342,"Lupinus argenteus",5.5,NA,NA,2,0,0,1,1,0,0,3.0530303030303,424.20782,244.25414
2016,20,"1612*A",1651,-1342,"Lupinus argenteus",0,5.5,-5.5,0,0,0,0,0,0,1,1.30188679245283,0,0
2015,20,"1613*A",1656,-1332,"Lupinus argenteus",5,NA,NA,2.5,0,0,1,1,0,0,3.0530303030303,308.7076527,118.61881795
2016,20,"1613*A",1656,-1332,"Lupinus argenteus",0,5,-5,0,0,0,0,0,0,1,1.30188679245283,0,0
2015,20,"1614*A",1665,-1315,"Lupinus argenteus",9,NA,NA,8,0,0,1,1,0,0,3.0530303030303,202.960565,0
2016,20,"1614*A",1665,-1315,"Lupinus argenteus",7,9,-2,6,0,0,0,1,0,0,1.30188679245283,253.158075315768,0
2017,20,"1614*A",1665,-1315,"Lupinus argenteus",0,7,-7,0,0,0,0,0,0,1,1.28571428571429,0,0
2015,20,"1615*A",1647.87656543,-1343.83899243,"Eriogonum umbellatum",0.5,NA,NA,0.5,0,1,1,1,0,0,3.0530303030303,472.27481,417.84092
2015,20,"1615*B",1646.68975563,-1343.24191225,"Eriogonum umbellatum",0.5,NA,NA,0.5,0,1,1,0,1,0,3.0530303030303,499.65686,335.189909
2015,20,"1615*C",1644.03618649,-1348.57158948,"Eriogonum umbellatum",0.5,NA,NA,0.5,0,1,1,0,1,0,3.0530303030303,270.7085558,300
2015,20,"1615*D",1651.35321844,-1336.46720131,"Eriogonum umbellatum",0.5,NA,NA,0.5,0,1,1,0,1,0,3.0530303030303,347.01609,352.69462
2015,20,"1615*E",1641.97477459,-1338.8918744,"Eriogonum umbellatum",0.5,NA,NA,0.5,0,1,1,0,1,0,3.0530303030303,300,300
2016,20,"1615*A",1647,-1342,"Eriogonum umbellatum",1,0.5,0.5,1,0,0,0,1,0,0,1.30188679245283,154.625249918322,279.567637788841
2017,20,"1615*A",1647,-1342,"Eriogonum umbellatum",1,1,0,2,0,0,0,1,0,0,1.28571428571429,100.002089700999,398.384117164844
2018,20,"1615*A",1647,-1342,"Eriogonum umbellatum",0,1,-1,0,0,0,0,0,0,1,1.12213740458015,0,0
2015,20,"1616*A",1699,-1202,"Lupinus argenteus",2.5,NA,NA,3,0,0,1,1,0,0,3.0530303030303,64.83812,41.09178
2016,20,"1616*A",1699,-1202,"Lupinus argenteus",0,2.5,-2.5,0,0,0,0,0,0,1,1.30188679245283,0,0
2015,20,"1617*A",1722,-1243,"Lupinus argenteus",1.5,NA,NA,1.5,0,0,1,1,0,0,3.0530303030303,100,0
2016,20,"1617*A",1722,-1243,"Lupinus argenteus",14,1.5,12.5,10,0,0,0,1,0,0,1.30188679245283,162.547086184568,0
2017,20,"1617*A",1722,-1243,"Lupinus argenteus",0,14,-14,0,0,0,0,0,0,1,1.28571428571429,0,0
2015,20,"1618*A",1759,-1245,"Lupinus argenteus",2,NA,NA,2,0,1,1,1,0,0,3.0530303030303,100,0
2016,20,"1618*A",1759,-1245,"Lupinus argenteus",6,2,4,9,0,0,0,1,0,0,1.30188679245283,111.584962866638,200.000000000004
2017,20,"1618*A",1759,-1245,"Lupinus argenteus",0,6,-6,0,0,0,0,0,0,1,1.28571428571429,0,0
2015,20,"1619*A",1705,-1250,"Arenaria congesta",1,NA,NA,1,0,1,1,1,0,0,3.0530303030303,200,0
2016,20,"1619*A",1705,-1250,"Arenaria congesta",0,1,-1,0,0,0,0,0,0,1,1.30188679245283,0,0
2014,14,"162*A",1353,-888,"Elymus lanceolatus",8,NA,NA,14,1,0,NA,1,0,0,2.52336448598131,101.498712697496,0.491854758402538
2015,14,"162*A",1353,-888,"Elymus lanceolatus",11,8,3,14,0,0,0,1,0,0,3.0530303030303,102.840294478247,26.3756149650585
2016,14,"162*A",1353,-888,"Elymus lanceolatus",8.5,11,-2.5,14,0,0,0,1,0,0,1.30188679245283,100.000000000002,0
2017,14,"162*A",1353,-888,"Elymus lanceolatus",9,8.5,0.5,11,1,0,0,1,0,0,1.28571428571429,99.9999999999964,58.4102460488571
2018,14,"162*A",1353,-888,"Elymus lanceolatus",5,9,-4,18.5,1,0,0,1,0,0,1.12213740458015,100.000000000006,0
2019,14,"162*A",1353,-888,"Elymus lanceolatus",4.5,5,-0.5,5.5,0,0,0,1,0,0,0.5,100.000000000001,31.8018929028208
2015,21,"1621*A",15,-1679,"Senecio crassulus",0.5,NA,NA,0.7,0,1,1,1,0,0,3.0530303030303,200,0
2016,21,"1621*A",15,-1679,"Senecio crassulus",1,0.5,0.5,1,0,0,0,1,0,0,1.30188679245283,200,0
2017,21,"1621*A",15,-1679,"Senecio crassulus",0,1,-1,0,0,0,0,0,0,1,1.28571428571429,0,0
2015,21,"1622*A",149,-1612,"Poa stenantha",3,NA,NA,4,0,1,1,1,0,0,3.0530303030303,253.09938,0
2016,21,"1622*A",149,-1612,"Poa stenantha",8,3,5,5,0,0,0,1,0,0,1.30188679245283,300,0
2017,21,"1622*A",149,-1612,"Poa stenantha",6,8,-2,9.5,0,0,0,1,0,0,1.28571428571429,200,0
2018,21,"1622*A",149,-1612,"Poa stenantha",5,6,-1,8.5,0,0,0,1,0,0,1.12213740458015,100,0
2019,21,"1622*A",149,-1612,"Poa stenantha",6,5,1,9.5,0,0,0,1,0,0,0.5,100,0
2015,21,"1623*A",106,-1635,"Phacelia hastata",0.5,NA,NA,0.5,0,1,1,1,0,0,3.0530303030303,300,0
2016,21,"1623*A",106,-1635,"Phacelia hastata",0,0.5,-0.5,0,0,0,0,0,0,1,1.30188679245283,0,0
2015,27,"1624*A",448,-2090,"Elymus lanceolatus",3,NA,NA,7,0,0,1,1,0,0,3.0530303030303,300,138.23561
2016,27,"1624*A",448,-2090,"Elymus lanceolatus",5,3,2,8,0,0,0,1,0,0,1.30188679245283,299.999999999998,197.506182330615
2017,27,"1624*A",448,-2090,"Elymus lanceolatus",4,5,-1,7,0,0,0,1,0,0,1.28571428571429,299.999999999998,155.889124892728
2018,27,"1624*A",448,-2090,"Elymus lanceolatus",3.5,4,-0.5,9,0,0,0,1,0,0,1.12213740458015,199.999999999994,196.039341879238
2019,27,"1624*A",448,-2090,"Elymus lanceolatus",0,3.5,-3.5,0,0,0,0,0,0,1,0.5,0,0
2014,22,"1625*A",555,-1770,"Phacelia hastata",5,NA,NA,2,1,0,NA,1,0,0,2.52336448598131,200,0
2015,22,"1625*A",555,-1770,"Phacelia hastata",5,5,0,2,1,0,0,1,0,0,3.0530303030303,200,0
2016,22,"1625*A",555,-1770,"Phacelia hastata",5,5,0,2,0,0,0,1,0,0,1.30188679245283,200,0
2017,22,"1625*A",555,-1770,"Phacelia hastata",0,5,-5,0,0,0,0,0,0,1,1.28571428571429,0,0
2015,25,"1626*A",1680,-1714,"Lupinus argenteus",2.5,NA,NA,2,0,0,1,1,0,0,3.0530303030303,0,0
2016,25,"1626*A",1680,-1714,"Lupinus argenteus",0,2.5,-2.5,0,0,0,0,0,0,1,1.30188679245283,0,0
2015,25,"1627*A",1732,-1733,"Lupinus argenteus",7,NA,NA,5,0,0,1,1,0,0,3.0530303030303,0,71.65851
2016,25,"1627*A",1732,-1733,"Lupinus argenteus",0,7,-7,0,0,0,0,0,0,1,1.30188679245283,0,0
2015,25,"1628*A",1782,-1695,"Heterotheca villosa",1,NA,NA,0.5,0,1,1,1,0,0,3.0530303030303,435.830467,0
2016,25,"1628*A",1782,-1695,"Heterotheca villosa",0,1,-1,0,0,0,0,0,0,1,1.30188679245283,0,0
2015,25,"1629*A",1782,-1694,"Chaenactis douglasii",1,NA,NA,0.5,0,1,1,1,0,0,3.0530303030303,458.03156,0
2016,25,"1629*A",1782,-1694,"Chaenactis douglasii",0,1,-1,0,0,0,0,0,0,1,1.30188679245283,0,0
2014,14,"163*A",1359,-877,"Elymus lanceolatus",6,NA,NA,23,1,0,NA,1,0,0,2.52336448598131,100.000000000002,3.70784980758039
2015,14,"163*A",1359,-877,"Elymus lanceolatus",6.5,6,0.5,20.5,2,0,0,1,0,0,3.0530303030303,99.9999999999967,23.0176212944294
2016,14,"163*A",1359,-877,"Elymus lanceolatus",10.5,6.5,4,11,0,0,0,1,0,0,1.30188679245283,99.9999999999999,7.39727943481608
2017,14,"163*A",1359,-877,"Elymus lanceolatus",6,10.5,-4.5,12,0,0,0,1,0,0,1.28571428571429,100.000000000002,78.8422319898268
2018,14,"163*A",1359,-877,"Elymus lanceolatus",3.5,6,-2.5,15,1,0,0,1,0,0,1.12213740458015,100,0
2019,14,"163*A",1359,-877,"Elymus lanceolatus",7,3.5,3.5,15,0,0,0,1,0,0,0.5,100,20.2632835709988
2015,28,"1630*A",930,-2119,"Ivesia gordonii",1,NA,NA,0.5,0,1,1,1,0,0,3.0530303030303,359.10237,100
2016,28,"1630*A",930,-2119,"Ivesia gordonii",4,1,3,4,0,0,0,1,0,0,1.30188679245283,233.103500000002,100
2017,28,"1630*A",930,-2119,"Ivesia gordonii",0,4,-4,0,0,0,0,0,0,1,1.28571428571429,0,0
2015,28,"1631*A",868,-2106,"Phacelia hastata",2,NA,NA,1,0,1,1,1,0,0,3.0530303030303,200,0
2016,28,"1631*A",868,-2106,"Phacelia hastata",8,2,6,5,2,0,0,1,0,0,1.30188679245283,233.570450695922,0
2017,28,"1631*A",868,-2106,"Phacelia hastata",0,8,-8,0,0,0,0,0,0,1,1.28571428571429,0,0
2015,28,"1632*A",955,-2084,"Heterotheca villosa",1.5,NA,NA,0.5,0,1,1,1,0,0,3.0530303030303,500,0
2016,28,"1632*A",955,-2084,"Heterotheca villosa",2,1.5,0.5,2.5,0,0,0,1,0,0,1.30188679245283,586.502588849611,0
2017,28,"1632*A",955,-2084,"Heterotheca villosa",0,2,-2,0,0,0,0,0,0,1,1.28571428571429,0,0
2015,28,"1633*A",970,-2064,"Phacelia hastata",1,NA,NA,0.5,0,1,1,1,0,0,3.0530303030303,300,0
2016,28,"1633*A",970,-2064,"Phacelia hastata",2.5,1,1.5,1,0,0,0,1,0,0,1.30188679245283,400.000000000012,0
2017,28,"1633*A",970,-2064,"Phacelia hastata",0,2.5,-2.5,0,0,0,0,0,0,1,1.28571428571429,0,0
2015,29,"1634*A",1239,-2010,"Phacelia hastata",0.6,NA,NA,0.5,0,1,1,1,0,0,3.0530303030303,100,0
2016,29,"1634*A",1239,-2010,"Phacelia hastata",0,0.6,-0.6,0,0,0,0,0,0,1,1.30188679245283,0,0
2015,29,"1635*A",1265,-2035,"Lupinus argenteus",1,NA,NA,0.5,0,0,1,1,0,0,3.0530303030303,100,200
2016,29,"1635*A",1265,-2035,"Lupinus argenteus",5,1,4,3,0,0,0,1,0,0,1.30188679245283,100,0
2017,29,"1635*A",1265,-2035,"Lupinus argenteus",0,5,-5,0,0,0,0,0,0,1,1.28571428571429,0,0
2015,31,"1636*A",135,-2570,"Senecio crassulus",1,NA,NA,6,0,1,1,1,0,0,3.0530303030303,100,0
2016,31,"1636*A",135,-2570,"Senecio crassulus",0,1,-1,0,0,0,0,0,0,1,1.30188679245283,0,0
2015,31,"1637*A",55,-2419,"Eriogonum umbellatum",0.5,NA,NA,0.5,0,1,1,1,0,0,3.0530303030303,0,382.07452
2016,31,"1637*A",55,-2419,"Eriogonum umbellatum",1.5,0.5,1,1.5,0,0,0,1,0,0,1.30188679245283,0,458.54691
2017,31,"1637*A",55,-2419,"Eriogonum umbellatum",0,1.5,-1.5,0,0,0,0,0,0,1,1.28571428571429,0,0
2015,31,"1638*A",54.5,-2418.5,"Eriogonum umbellatum",0.5,NA,NA,0.5,0,1,1,1,0,0,3.0530303030303,0,418.11078
2016,31,"1638*A",54.5,-2418.5,"Eriogonum umbellatum",1.5,0.5,1,1.5,0,0,0,1,0,0,1.30188679245283,0,472.25278
2017,31,"1638*A",54.5,-2418.5,"Eriogonum umbellatum",0,1.5,-1.5,0,0,0,0,0,0,1,1.28571428571429,0,0
2015,31,"1639*A",54,-2418,"Eriogonum umbellatum",0.5,NA,NA,0.5,0,1,1,1,0,0,3.0530303030303,0,382.07452
2016,31,"1639*A",54,-2418,"Eriogonum umbellatum",1.5,0.5,1,1.5,0,0,0,1,0,0,1.30188679245283,0,458.54691
2017,31,"1639*A",54,-2418,"Eriogonum umbellatum",0,1.5,-1.5,0,0,0,0,0,0,1,1.28571428571429,0,0
2014,14,"164*A",1366,-880,"Elymus lanceolatus",9,NA,NA,13,0,0,NA,1,0,0,2.52336448598131,100.000000000001,1.64793324781297
2015,14,"164*A",1366,-880,"Elymus lanceolatus",11.5,9,2.5,12.5,0,0,0,1,0,0,3.0530303030303,100.000000000001,7.35345557421333
2016,14,"164*A",1366,-880,"Elymus lanceolatus",7,11.5,-4.5,11.5,0,0,0,1,0,0,1.30188679245283,99.9999999999993,16.6438787283359
2017,14,"164*A",1366,-880,"Elymus lanceolatus",17,7,10,13,0,0,0,1,0,0,1.28571428571429,100,9.82117768731402
2018,14,"164*A",1366,-880,"Elymus lanceolatus",9.5,17,-7.5,19.5,1,0,0,1,0,0,1.12213740458015,100.000000000002,0
2019,14,"164*A",1366,-880,"Elymus lanceolatus",11,9.5,1.5,20.5,2,0,0,1,0,0,0.5,100.000000000002,8.20579252048787
2015,32,"1640*A",508,-2564,"Lupinus argenteus",1,NA,NA,1.5,0,1,1,1,0,0,3.0530303030303,200,0
2016,32,"1640*A",508,-2564,"Lupinus argenteus",5,1,4,4,0,0,0,1,0,0,1.30188679245283,200,0
2017,32,"1640*A",508,-2564,"Lupinus argenteus",5.5,5,0.5,3,0,0,0,1,0,0,1.28571428571429,200,0
2018,32,"1640*A",508,-2564,"Lupinus argenteus",1.5,5.5,-4,1,0,0,0,1,0,0,1.12213740458015,200,0
2019,32,"1640*A",508,-2564,"Lupinus argenteus",0,1.5,-1.5,0,0,0,0,0,0,1,0.5,0,0
2015,33,"1641*A",932,-2573,"Ivesia gordonii",0.8,NA,NA,1,0,1,1,1,0,0,3.0530303030303,300,0
2016,33,"1641*A",932,-2573,"Ivesia gordonii",4,0.8,3.2,3,0,0,0,1,0,0,1.30188679245283,300,10.53806
2017,33,"1641*A",932,-2573,"Ivesia gordonii",10,4,6,3,0,0,0,1,0,0,1.28571428571429,300.078326655861,32.5638603536995
2018,33,"1641*A",932,-2573,"Ivesia gordonii",11,10,1,4,0,0,0,1,0,0,1.12213740458015,289.831384071638,22.7474644082614
2019,33,"1641*A",932,-2573,"Ivesia gordonii",14,11,3,7.5,4,0,0,1,0,0,0.5,302.814647484065,49.8860062820565
2015,33,"1642*A",829,-2436,"Lupinus argenteus",2,NA,NA,2,0,1,1,1,0,0,3.0530303030303,600,0
2016,33,"1642*A",829,-2436,"Lupinus argenteus",1.5,2,-0.5,1.5,0,0,0,1,0,0,1.30188679245283,400,0
2017,33,"1642*A",829,-2436,"Lupinus argenteus",0,1.5,-1.5,0,0,0,0,0,0,1,1.28571428571429,0,0
2015,33,"1643*A",827,-2410,"Lupinus argenteus",2.5,NA,NA,3,0,1,1,1,0,0,3.0530303030303,600,0
2016,33,"1643*A",827,-2410,"Lupinus argenteus",0,2.5,-2.5,0,0,0,0,0,0,1,1.30188679245283,0,0
2015,33,"1644*A",823,-2404,"Lupinus argenteus",3,NA,NA,3,0,1,1,1,0,0,3.0530303030303,600,0
2016,33,"1644*A",823,-2404,"Lupinus argenteus",5.5,3,2.5,5,0,0,0,1,0,0,1.30188679245283,411.7341,0
2017,33,"1644*A",823,-2404,"Lupinus argenteus",9,5.5,3.5,4,0,0,0,1,0,0,1.28571428571429,538.580223093791,0
2018,33,"1644*A",823,-2404,"Lupinus argenteus",0,9,-9,0,0,0,0,0,0,1,1.12213740458015,0,0
2015,33,"1645*A",820,-2400,"Phacelia hastata",1,NA,NA,1.5,0,1,1,1,0,0,3.0530303030303,600,0
2016,33,"1645*A",820,-2400,"Phacelia hastata",3.5,1,2.5,2,0,0,0,1,0,0,1.30188679245283,484.58706,0
2017,33,"1645*A",820,-2400,"Phacelia hastata",9,3.5,5.5,4,1,0,0,1,0,0,1.28571428571429,594.874495781676,0
2018,33,"1645*A",820,-2400,"Phacelia hastata",8,9,-1,4.5,0,0,0,1,0,0,1.12213740458015,362.95115408847,0
2019,33,"1645*A",820,-2400,"Phacelia hastata",10.5,8,2.5,5,4,0,0,1,0,0,0.5,340.773086571263,0
2015,33,"1646*A",870,-2456,"Heterotheca villosa",1,NA,NA,0.2,0,1,1,1,0,0,3.0530303030303,500,100
2016,33,"1646*A",870,-2456,"Heterotheca villosa",0,1,-1,0,0,0,0,0,0,1,1.30188679245283,0,0
2015,33,"1647*A",878,-2452,"Lupinus argenteus",1,NA,NA,2,0,1,1,1,0,0,3.0530303030303,700,0
2016,33,"1647*A",878,-2452,"Lupinus argenteus",1.5,1,0.5,1.5,0,0,0,1,0,0,1.30188679245283,500,100
2017,33,"1647*A",878,-2452,"Lupinus argenteus",2,1.5,0.5,3,0,0,0,1,0,0,1.28571428571429,527.245068247621,0
2018,33,"1647*A",878,-2452,"Lupinus argenteus",0,2,-2,0,0,0,0,0,0,1,1.12213740458015,0,0
2015,33,"1648*A",970,-2499,"Heterotheca villosa",1,NA,NA,0.2,0,1,1,1,0,0,3.0530303030303,800,0
2016,33,"1648*A",970,-2499,"Heterotheca villosa",1.5,1,0.5,1,0,0,0,1,0,0,1.30188679245283,541.71206,0
2017,33,"1648*A",970,-2499,"Heterotheca villosa",0,1.5,-1.5,0,0,0,0,1,0,0,1.28571428571429,0,0
2018,33,"1648*A",970,-2499,"Heterotheca villosa",1.5,0,1.5,1,0,0,0,1,0,0,1.12213740458015,299.999999999991,0
2019,33,"1648*A",970,-2499,"Heterotheca villosa",6.5,1.5,5,6,0,0,0,1,0,0,0.5,300,100
2015,34,"1649*A",1320,-2549,"Elymus lanceolatus",15,NA,NA,13,0,0,1,1,0,0,3.0530303030303,100,100
2016,34,"1649*A",1320,-2549,"Elymus lanceolatus",13,15,-2,22,3,0,0,1,0,0,1.30188679245283,120.26038,121.38745284
2017,34,"1649*A",1320,-2549,"Elymus lanceolatus",0,13,-13,0,0,0,0,0,0,1,1.28571428571429,0,0
2014,15,"165*A",1664,-943,"Ivesia gordonii",13,NA,NA,5,0,0,NA,1,0,0,2.52336448598131,7.9112183760432,0
2015,15,"165*A",1664,-943,"Ivesia gordonii",15.5,13,2.5,4,15,0,0,1,0,0,3.0530303030303,29.0650182264589,0
2016,15,"165*A",1664,-943,"Ivesia gordonii",17,15.5,1.5,7,7,0,0,1,0,0,1.30188679245283,67.3489890555358,0
2017,15,"165*A",1664,-943,"Ivesia gordonii",14,17,-3,8,20,0,0,1,0,0,1.28571428571429,76.637398066638,0
2018,15,"165*A",1664,-943,"Ivesia gordonii",12.5,14,-1.5,3.5,0,0,0,1,0,0,1.12213740458015,78.4481127829555,0
2019,15,"165*A",1664,-943,"Ivesia gordonii",0,12.5,-12.5,0,0,0,0,0,0,1,0.5,0,0
2014,36,"1650*A",165,-2972,"Eriogonum umbellatum",3.5,NA,NA,2,4,0,NA,1,0,0,2.52336448598131,35.797704,191.57619
2015,36,"1650*A",165,-2972,"Eriogonum umbellatum",3.5,3.5,0,2,4,0,0,1,0,0,3.0530303030303,38.119,191.57619
2016,36,"1650*A",165,-2972,"Eriogonum umbellatum",3,3.5,-0.5,3,0,0,0,1,0,0,1.30188679245283,70.92394,200
2017,36,"1650*A",165,-2972,"Eriogonum umbellatum",0,3,-3,0,0,0,0,0,0,1,1.28571428571429,0,0
2015,36,"1651*A",104,-2842,"Lupinus argenteus",2,NA,NA,3.5,0,1,1,1,0,0,3.0530303030303,297.54419,0
2016,36,"1651*A",104,-2842,"Lupinus argenteus",2,2,0,4,0,0,0,1,0,0,1.30188679245283,451.175129,0
2017,36,"1651*A",104,-2842,"Lupinus argenteus",5,2,3,6,0,0,0,1,0,0,1.28571428571429,420.054376217782,0
2018,36,"1651*A",104,-2842,"Lupinus argenteus",0,5,-5,0,0,0,0,0,0,1,1.12213740458015,0,0
2015,37,"1652*A",576,-2991,"Lupinus argenteus",3.5,NA,NA,3,0,0,1,1,0,0,3.0530303030303,0,0
2016,37,"1652*A",576,-2991,"Lupinus argenteus",14,3.5,10.5,10,0,0,0,1,0,0,1.30188679245283,0,99.5291418
2017,37,"1652*A",576,-2991,"Lupinus argenteus",13,14,-1,8,0,0,0,1,0,0,1.28571428571429,0,0
2018,37,"1652*A",576,-2991,"Lupinus argenteus",0,13,-13,0,0,0,0,0,0,1,1.12213740458015,0,0
2015,37,"1653*A",580,-2989,"Lupinus argenteus",0.5,NA,NA,2,0,0,1,1,0,0,3.0530303030303,0,0
2016,37,"1653*A",580,-2989,"Lupinus argenteus",0,0.5,-0.5,0,0,0,0,0,0,1,1.30188679245283,0,0
2015,37,"1654*A",584,-2991,"Lupinus argenteus",2.5,NA,NA,2,0,0,1,1,0,0,3.0530303030303,0,0
2016,37,"1654*A",584,-2991,"Lupinus argenteus",0,2.5,-2.5,0,0,0,0,0,0,1,1.30188679245283,0,0
2015,37,"1655*A",408,-2927,"Lupinus argenteus",2.5,NA,NA,2.5,0,1,1,1,0,0,3.0530303030303,0,0
2016,37,"1655*A",408,-2927,"Lupinus argenteus",1.5,2.5,-1,1,0,0,0,1,0,0,1.30188679245283,0,0
2017,37,"1655*A",408,-2927,"Lupinus argenteus",0,1.5,-1.5,0,0,0,0,0,0,1,1.28571428571429,0,0
2015,37,"1656*A",598,-2880,"Lupinus argenteus",7,NA,NA,4,0,0,1,1,0,0,3.0530303030303,0,0
2016,37,"1656*A",598,-2880,"Lupinus argenteus",0,7,-7,0,0,0,0,0,0,1,1.30188679245283,0,0
2015,37,"1657*A",484,-2906,"Senecio crassulus",0.5,NA,NA,0.5,0,1,1,1,0,0,3.0530303030303,209.663541,0
2016,37,"1657*A",484,-2906,"Senecio crassulus",0,0.5,-0.5,0,0,0,0,0,0,1,1.30188679245283,0,0
2015,37,"1658*A",483,-2904,"Heterotheca villosa",0.5,NA,NA,0.5,0,1,1,1,0,0,3.0530303030303,254.52616,0
2016,37,"1658*A",483,-2904,"Heterotheca villosa",0.5,0.5,0,1,0,0,0,1,0,0,1.30188679245283,189.83728,0
2017,37,"1658*A",483,-2904,"Heterotheca villosa",0,0.5,-0.5,0,0,0,0,0,0,1,1.28571428571429,0,0
2015,37,"1659*A",478,-2909,"Heterotheca villosa",0.5,NA,NA,0.5,0,1,1,1,0,0,3.0530303030303,106.076689,0
2016,37,"1659*A",478,-2909,"Heterotheca villosa",0.3,0.5,-0.2,0.3,0,0,0,1,0,0,1.30188679245283,160.47987,0
2017,37,"1659*A",478,-2909,"Heterotheca villosa",2,0.3,1.7,1,0,0,0,1,0,0,1.28571428571429,148.700790767842,0
2018,37,"1659*A",478,-2909,"Heterotheca villosa",1.1,2,-0.9,0.7,0,0,0,1,0,0,1.12213740458015,99.9999999999986,0
2019,37,"1659*A",478,-2909,"Heterotheca villosa",2.5,1.1,1.4,3,0,0,0,1,0,0,0.5,147.879851779221,0
2014,15,"166*A",1670,-950,"Lupinus argenteus",1,NA,NA,1,0,1,1,1,0,0,2.52336448598131,99.9999999999964,0
2015,15,"166*A",1670,-950,"Lupinus argenteus",0,1,-1,0,0,0,0,0,0,1,3.0530303030303,0,0
2015,37,"1660*A",484,-2912,"Ivesia gordonii",0.5,NA,NA,1,0,1,1,1,0,0,3.0530303030303,0,100
2016,37,"1660*A",484,-2912,"Ivesia gordonii",0,0.5,-0.5,0,0,0,0,0,0,1,1.30188679245283,0,0
2015,37,"1661*A",481,-2921,"Ivesia gordonii",0.5,NA,NA,0.5,0,1,1,1,0,0,3.0530303030303,100,100
2016,37,"1661*A",481,-2921,"Ivesia gordonii",0,0.5,-0.5,0,0,0,0,0,0,1,1.30188679245283,0,0
2015,37,"1662*A",472,-2901,"Ivesia gordonii",0.5,NA,NA,0.5,0,1,1,1,0,0,3.0530303030303,100,0
2016,37,"1662*A",472,-2901,"Ivesia gordonii",1.5,0.5,1,1.5,0,0,0,1,0,0,1.30188679245283,100,0
2017,37,"1662*A",472,-2901,"Ivesia gordonii",2,1.5,0.5,2.5,0,0,0,1,0,0,1.28571428571429,100.000000000002,2.37314949013391
2018,37,"1662*A",472,-2901,"Ivesia gordonii",0,2,-2,0,0,0,0,0,0,1,1.12213740458015,0,0
2015,37,"1663*A",518,-2828,"Heterotheca villosa",0.2,NA,NA,0.1,0,1,1,1,0,0,3.0530303030303,100,0
2016,37,"1663*A",518,-2828,"Heterotheca villosa",1,0.2,0.8,1,0,0,0,1,0,0,1.30188679245283,170.83065,0
2017,37,"1663*A",518,-2828,"Heterotheca villosa",2.5,1,1.5,1,0,0,0,1,0,0,1.28571428571429,111.991887131511,0
2018,37,"1663*A",518,-2828,"Heterotheca villosa",4.5,2.5,2,2,0,0,0,1,0,0,1.12213740458015,122.530274112822,0
2019,37,"1663*A",518,-2828,"Heterotheca villosa",10,4.5,5.5,4.5,0,0,0,1,0,0,0.5,167.502284252702,1.56657876120339
2015,37,"1664*A",516,-2844,"Heterotheca villosa",0.5,NA,NA,0.1,0,1,1,1,0,0,3.0530303030303,300,0
2016,37,"1664*A",516,-2844,"Heterotheca villosa",1,0.5,0.5,1,0,0,0,1,0,0,1.30188679245283,405.766275,0
2017,37,"1664*A",516,-2844,"Heterotheca villosa",2.5,1,1.5,2,0,0,0,1,0,0,1.28571428571429,307.947149707963,0
2018,37,"1664*A",516,-2844,"Heterotheca villosa",2,2.5,-0.5,1,0,0,0,1,0,0,1.12213740458015,359.343091134828,0
2019,37,"1664*A",516,-2844,"Heterotheca villosa",4.5,2,2.5,4,0,0,0,1,0,0,0.5,464.730146712635,7.73619141334991
2015,37,"1665*A",521,-2844,"Ivesia gordonii",0.5,NA,NA,0.5,0,1,1,1,0,0,3.0530303030303,100,74.81836
2016,37,"1665*A",521,-2844,"Ivesia gordonii",0.5,0.5,0,1,0,0,0,1,0,0,1.30188679245283,200,100
2017,37,"1665*A",521,-2844,"Ivesia gordonii",2.5,0.5,2,2,0,0,0,1,0,0,1.28571428571429,231.807099774967,0
2018,37,"1665*A",521,-2844,"Ivesia gordonii",3,2.5,0.5,2,0,0,0,1,0,0,1.12213740458015,205.585933035587,128.940273861421
2019,37,"1665*A",521,-2844,"Ivesia gordonii",0,3,-3,0,0,0,0,0,0,1,0.5,0,0
2015,41,"1666*A",0,-3330,"Lupinus argenteus",1.5,NA,NA,1.5,0,1,1,1,0,0,3.0530303030303,106.720653,0
2016,41,"1666*A",0,-3330,"Lupinus argenteus",0,1.5,-1.5,0,0,0,0,0,0,1,1.30188679245283,0,0
2015,41,"1667*A",1,-3329,"Arenaria congesta",0.5,NA,NA,0.3,0,1,1,1,0,0,3.0530303030303,164.85914,0
2016,41,"1667*A",1,-3329,"Arenaria congesta",0,0.5,-0.5,0,0,0,0,0,0,1,1.30188679245283,0,0
2015,41,"1668*A",3,-3299,"Lupinus argenteus",2.5,NA,NA,1.5,0,1,1,1,0,0,3.0530303030303,200.02394472,0
2016,41,"1668*A",3,-3299,"Lupinus argenteus",0,2.5,-2.5,0,0,0,0,0,0,1,1.30188679245283,0,0
2015,41,"1669*A",83,-3332,"Ivesia gordonii",0.5,NA,NA,0.5,0,1,1,1,0,0,3.0530303030303,100,100
2016,41,"1669*A",83,-3332,"Ivesia gordonii",0,0.5,-0.5,0,0,0,0,0,0,1,1.30188679245283,0,0
2014,15,"167*A",1654,-917,"Eriogonum umbellatum",8,NA,NA,2,2,0,NA,1,0,0,2.52336448598131,23.9546653174531,0
2015,15,"167*A",1654,-917,"Eriogonum umbellatum",11,8,3,2,1,0,0,1,0,0,3.0530303030303,36.5648474742244,0
2016,15,"167*A",1654,-917,"Eriogonum umbellatum",13,11,2,2,17,0,0,1,0,0,1.30188679245283,58.3478085437652,0
2017,15,"167*A",1654,-917,"Eriogonum umbellatum",14.5,13,1.5,2.5,9,0,0,1,0,0,1.28571428571429,33.0232511203311,0
2018,15,"167*A",1654,-917,"Eriogonum umbellatum",16.5,14.5,2,2,13,0,0,1,0,0,1.12213740458015,15.5826358953932,0
2019,15,"167*A",1654,-917,"Eriogonum umbellatum",18,16.5,1.5,3,8,0,0,1,0,0,0.5,0,0
2015,41,"1670*A",5,-3286,"Arenaria congesta",0.5,NA,NA,0.5,0,1,1,1,0,0,3.0530303030303,200,0
2016,41,"1670*A",5,-3286,"Arenaria congesta",0,0.5,-0.5,0,0,0,0,0,0,1,1.30188679245283,0,0
2015,41,"1671*A",144,-3218,"Senecio crassulus",1,NA,NA,1,0,1,1,1,0,0,3.0530303030303,100,0
2016,41,"1671*A",144,-3218,"Senecio crassulus",1,1,0,2,0,0,0,1,0,0,1.30188679245283,100,0
2017,41,"1671*A",144,-3218,"Senecio crassulus",2.5,1,1.5,1.5,0,0,0,1,0,0,1.28571428571429,100.000000000001,0
2018,41,"1671*A",144,-3218,"Senecio crassulus",0,2.5,-2.5,0,0,0,0,0,0,1,1.12213740458015,0,0
2015,41,"1672*A",184,-3223,"Phacelia hastata",1,NA,NA,0.3,0,1,1,1,0,0,3.0530303030303,200,0
2016,41,"1672*A",184,-3223,"Phacelia hastata",1.5,1,0.5,1,0,0,0,1,0,0,1.30188679245283,200,94.9067
2017,41,"1672*A",184,-3223,"Phacelia hastata",1.5,1.5,0,1.5,0,0,0,1,0,0,1.28571428571429,199.999999999998,99.999999999999
2018,41,"1672*A",184,-3223,"Phacelia hastata",0.9,1.5,-0.6,0.4,0,0,0,1,0,0,1.12213740458015,200,64.095892431408
2019,41,"1672*A",184,-3223,"Phacelia hastata",0,0.9,-0.9,0,0,0,0,0,0,1,0.5,0,0
2015,41,"1673*A",105,-3201,"Phacelia hastata",0.8,NA,NA,0.3,0,1,1,1,0,0,3.0530303030303,100,0
2016,41,"1673*A",105,-3201,"Phacelia hastata",0,0.8,-0.8,0,0,0,0,0,0,1,1.30188679245283,0,0
2015,41,"1674*A",95,-3201,"Phacelia hastata",0.9,NA,NA,0.4,0,1,1,1,0,0,3.0530303030303,100,0
2016,41,"1674*A",95,-3201,"Phacelia hastata",4,0.9,3.1,2.5,1,0,0,1,0,0,1.30188679245283,100,0
2017,41,"1674*A",95,-3201,"Phacelia hastata",0,4,-4,0,0,0,0,0,0,1,1.28571428571429,0,0
2015,42,"1675*A",400,-3360,"Lupinus argenteus",2.5,NA,NA,2,0,1,1,1,0,0,3.0530303030303,200,32.63488
2016,42,"1675*A",400,-3360,"Lupinus argenteus",0.2,2.5,-2.3,0.5,0,0,0,1,0,0,1.30188679245283,100,0
2017,42,"1675*A",400,-3360,"Lupinus argenteus",0,0.2,-0.2,0,0,0,0,0,0,1,1.28571428571429,0,0
2015,42,"1676*A",401,-3258,"Lupinus argenteus",5.5,NA,NA,3,0,0,1,1,0,0,3.0530303030303,100,16.8985
2016,42,"1676*A",401,-3258,"Lupinus argenteus",13,5.5,7.5,7,0,0,0,1,0,0,1.30188679245283,67.27083,99.12162
2017,42,"1676*A",401,-3258,"Lupinus argenteus",2.5,13,-10.5,2,0,0,0,1,0,0,1.28571428571429,100.000000000001,0
2018,42,"1676*A",401,-3258,"Lupinus argenteus",0,2.5,-2.5,0,0,0,0,0,0,1,1.12213740458015,0,0
2015,42,"1677*A",414,-3202,"Senecio crassulus",0.6,NA,NA,2.5,0,1,1,1,0,0,3.0530303030303,200,0
2016,42,"1677*A",414,-3202,"Senecio crassulus",2.5,0.6,1.9,4,0,0,0,1,0,0,1.30188679245283,28.02548,0
2017,42,"1677*A",414,-3202,"Senecio crassulus",7,2.5,4.5,9,0,0,0,1,0,0,1.28571428571429,144.682030367332,10.3453090482655
2018,42,"1677*A",414,-3202,"Senecio crassulus",0,7,-7,0,0,0,0,0,0,1,1.12213740458015,0,0
2015,49,"1678*A",1232,-3715,"Lupinus argenteus",8,NA,NA,4,0,0,1,1,0,0,3.0530303030303,107.206339,2.19249
2016,49,"1678*A",1232,-3715,"Lupinus argenteus",0,8,-8,0,0,0,0,0,0,1,1.30188679245283,0,0
2015,49,"1679*A",1232,-3710,"Eriogonum umbellatum",1,NA,NA,1,0,1,1,1,0,0,3.0530303030303,100,100
2016,49,"1679*A",1232,-3710,"Eriogonum umbellatum",0,1,-1,0,0,0,0,0,0,1,1.30188679245283,0,0
2014,50,"1680*A",1605,-3796,"Eriogonum umbellatum",2,NA,NA,1,0,0,NA,1,0,0,2.52336448598131,178.89955,100
2015,50,"1680*A",1605,-3796,"Eriogonum umbellatum",2,2,0,1,0,0,0,1,0,0,3.0530303030303,200,100
2016,50,"1680*A",1605,-3796,"Eriogonum umbellatum",1.5,2,-0.5,2,0,0,0,1,0,0,1.30188679245283,217.9717,100
2017,50,"1680*A",1605,-3796,"Eriogonum umbellatum",2.5,1.5,1,2,0,0,0,1,0,0,1.28571428571429,31.9710953614381,100
2018,50,"1680*A",1605,-3796,"Eriogonum umbellatum",0,2.5,-2.5,0,0,0,0,0,0,1,1.12213740458015,0,0
2015,46,"1681*A",43,-3775,"Senecio crassulus",1,NA,NA,2,0,1,1,1,0,0,3.0530303030303,668.04323,0
2016,46,"1681*A",43,-3775,"Senecio crassulus",0,1,-1,0,0,0,0,0,0,1,1.30188679245283,0,0
2015,46,"1682*A",43,-3776,"Heterotheca villosa",1,NA,NA,1,0,1,1,1,0,0,3.0530303030303,516.63741,100
2016,46,"1682*A",43,-3776,"Heterotheca villosa",0.5,1,-0.5,1,0,0,0,1,0,0,1.30188679245283,400,100
2017,46,"1682*A",43,-3776,"Heterotheca villosa",0,0.5,-0.5,0,0,0,0,0,0,1,1.28571428571429,0,0
2015,46,"1683*A",50,-3774,"Heterotheca villosa",1.5,NA,NA,1,0,1,1,1,0,0,3.0530303030303,688.071133,100
2016,46,"1683*A",50,-3774,"Heterotheca villosa",0,1.5,-1.5,0,0,0,0,0,0,1,1.30188679245283,0,0
2015,46,"1684*A",52,-3772,"Ivesia gordonii",1,NA,NA,0.8,0,1,1,1,0,0,3.0530303030303,803.034654,0
2016,46,"1684*A",52,-3772,"Ivesia gordonii",2,1,1,2,0,0,0,1,0,0,1.30188679245283,777.40596,0
2017,46,"1684*A",52,-3772,"Ivesia gordonii",2.5,2,0.5,2.5,0,0,0,1,0,0,1.28571428571429,600,0
2018,46,"1684*A",52,-3772,"Ivesia gordonii",3,2.5,0.5,5,0,0,0,1,0,0,1.12213740458015,479.637948831513,0
2019,46,"1684*A",52,-3772,"Ivesia gordonii",7.5,3,4.5,6.5,0,0,0,1,0,0,0.5,514.187454874284,0
2015,46,"1685*A",50,-3781,"Senecio crassulus",1.5,NA,NA,2.5,0,1,1,1,0,0,3.0530303030303,754.84379,0
2016,46,"1685*A",50,-3781,"Senecio crassulus",3,1.5,1.5,7,0,0,0,1,0,0,1.30188679245283,688.92776,0
2017,46,"1685*A",50,-3781,"Senecio crassulus",9,3,6,9,0,0,0,1,0,0,1.28571428571429,652.011763604359,3.74159613029125
2018,46,"1685*A",50,-3781,"Senecio crassulus",7,9,-2,6,0,0,0,1,0,0,1.12213740458015,497.154781106242,0
2019,46,"1685*A",50,-3781,"Senecio crassulus",4.5,7,-2.5,8,0,0,0,1,0,0,0.5,639.331712810373,0
2015,46,"1686*A",31,-3732,"Senecio crassulus",0.8,NA,NA,1.2,0,1,1,1,0,0,3.0530303030303,326.71923,0
2016,46,"1686*A",31,-3732,"Senecio crassulus",2,0.8,1.2,2,0,0,0,1,0,0,1.30188679245283,322.58432,0
2017,46,"1686*A",31,-3732,"Senecio crassulus",5,2,3,3.5,0,0,0,1,0,0,1.28571428571429,481.332669305077,0
2018,46,"1686*A",31,-3732,"Senecio crassulus",6.5,5,1.5,3,0,0,0,1,0,0,1.12213740458015,383.227362971614,0
2019,46,"1686*A",31,-3732,"Senecio crassulus",8.5,6.5,2,7,0,0,0,1,0,0,0.5,300,0
2015,46,"1687*A",31,-3733,"Heterotheca villosa",0.7,NA,NA,0.2,0,1,1,1,0,0,3.0530303030303,208.533137,100
2016,46,"1687*A",31,-3733,"Heterotheca villosa",0.6,0.7,-0.1,1,0,0,0,1,0,0,1.30188679245283,261.35717,100
2017,46,"1687*A",31,-3733,"Heterotheca villosa",0,0.6,-0.6,0,0,0,0,0,0,1,1.28571428571429,0,0
2015,46,"1688*A",30,-3687,"Senecio crassulus",0.8,NA,NA,1,0,1,1,1,0,0,3.0530303030303,200,0
2016,46,"1688*A",30,-3687,"Senecio crassulus",1,0.8,0.2,2,0,0,0,1,0,0,1.30188679245283,103.356579,0
2017,46,"1688*A",30,-3687,"Senecio crassulus",0,1,-1,0,0,0,0,0,0,1,1.28571428571429,0,0
2015,46,"1689*A",34,-3668,"Carex siccata",11,NA,NA,9,0,0,1,1,0,0,3.0530303030303,189.28941,98.0695
2016,46,"1689*A",34,-3668,"Carex siccata",15,11,4,12,0,0,0,1,0,0,1.30188679245283,107.013313,74.462546
2017,46,"1689*A",34,-3668,"Carex siccata",12,15,-3,8,0,0,0,1,0,0,1.28571428571429,200,35.6889541110111
2018,46,"1689*A",34,-3668,"Carex siccata",13.5,12,1.5,16.5,0,0,0,1,0,0,1.12213740458015,300,64.6740496852189
2019,46,"1689*A",34,-3668,"Carex siccata",13.5,13.5,0,13,0,0,0,1,0,0,0.5,300,93.5518722990712
2014,15,"169*A",1655,-895,"Lupinus argenteus",15,NA,NA,9,0,0,NA,1,0,0,2.52336448598131,23.5966529245634,51.2799773169829
2015,15,"169*A",1655,-895,"Lupinus argenteus",3.5,15,-11.5,1.5,0,0,0,1,0,0,3.0530303030303,78.9478246875219,108.773022840931
2016,15,"169*A",1655,-895,"Lupinus argenteus",11,3.5,7.5,5.5,0,0,0,1,0,0,1.30188679245283,80.0091893304927,21.2285299221677
2017,15,"169*A",1655,-895,"Lupinus argenteus",7,11,-4,6,0,0,0,1,0,0,1.28571428571429,99.9999999999971,17.8617924590653
2018,15,"169*A",1655,-895,"Lupinus argenteus",0,7,-7,0,0,0,0,0,0,1,1.12213740458015,0,0
2015,46,"1690*A",36,-3673,"Carex siccata",12,NA,NA,15,0,0,1,1,0,0,3.0530303030303,213.33795,82.63337
2016,46,"1690*A",36,-3673,"Carex siccata",0,12,-12,0,0,0,0,0,0,1,1.30188679245283,0,0
2015,46,"1691*A",32,-3670,"Carex siccata",8,NA,NA,11,0,0,1,1,0,0,3.0530303030303,135.61416,181.39477
2016,46,"1691*A",32,-3670,"Carex siccata",14,8,6,16,0,0,0,1,0,0,1.30188679245283,100,100.26278
2017,46,"1691*A",32,-3670,"Carex siccata",3,14,-11,3,0,0,0,1,0,0,1.28571428571429,200,200
2018,46,"1691*A",32,-3670,"Carex siccata",8,3,5,10,0,0,0,1,0,0,1.12213740458015,300,166.036773384265
2019,46,"1691*A",32,-3670,"Carex siccata",0.5,8,-7.5,1,0,0,0,1,0,0,0.5,300.000000000003,300.000000000003
2015,46,"1692*A",28,-3752,"Heterotheca villosa",0.8,NA,NA,0.3,0,1,1,1,0,0,3.0530303030303,213.31981,100
2016,46,"1692*A",28,-3752,"Heterotheca villosa",0.2,0.8,-0.6,0.3,0,0,0,1,0,0,1.30188679245283,300,100
2017,46,"1692*A",28,-3752,"Heterotheca villosa",0,0.2,-0.2,0,0,0,0,0,0,1,1.28571428571429,0,0
2015,46,"1693*A",29.08765654,-3751.18389924,"Agoseris glauca",1,NA,NA,1.5,0,1,1,1,0,0,3.0530303030303,400,71.08219
2015,46,"1693*B",28.96897556,-3751.12419123,"Agoseris glauca",1,NA,NA,1.5,0,1,1,1,0,0,3.0530303030303,400,71.08219
2016,46,"1693*A",29.17531309,-3751.36779849,"Agoseris glauca",3,1,2,3,0,0,0,1,0,0,1.30188679245283,400,80.62536
2016,46,"1693*B",28.93795113,-3751.24838245,"Agoseris glauca",3,1,2,3,0,0,0,0,1,0,1.30188679245283,400,80.62536
2017,46,"1693*A",29,-3751,"Agoseris glauca",0,3,-3,0,0,0,0,0,0,1,1.28571428571429,0,0
2015,46,"1694*A",30,-3750,"Eriogonum umbellatum",1,NA,NA,1.5,0,1,1,1,0,0,3.0530303030303,105.375945,219.50961
2016,46,"1694*A",30,-3750,"Eriogonum umbellatum",0,1,-1,0,0,0,0,0,0,1,1.30188679245283,0,0
2015,46,"1695*A",92,-3777,"Ivesia gordonii",1,NA,NA,1,0,1,1,1,0,0,3.0530303030303,800,0
2016,46,"1695*A",92,-3777,"Ivesia gordonii",3,1,2,2,0,0,0,1,0,0,1.30188679245283,1024.729584,67.09798
2017,46,"1695*A",92,-3777,"Ivesia gordonii",0,3,-3,0,0,0,0,0,0,1,1.28571428571429,0,0
2015,46,"1696*A",105,-3779,"Lupinus argenteus",4,NA,NA,3,0,1,1,1,0,0,3.0530303030303,563.90906,100.9018262
2016,46,"1696*A",105,-3779,"Lupinus argenteus",3,4,-1,3.5,0,0,0,1,0,0,1.30188679245283,641.744636,100
2017,46,"1696*A",105,-3779,"Lupinus argenteus",4,3,1,3,0,0,0,1,0,0,1.28571428571429,707.855358721818,0
2018,46,"1696*A",105,-3779,"Lupinus argenteus",0,4,-4,0,0,0,0,0,0,1,1.12213740458015,0,0
2015,46,"1697*A",130,-3793,"Lupinus argenteus",4,NA,NA,4,0,1,1,1,0,0,3.0530303030303,300,200
2016,46,"1697*A",130,-3793,"Lupinus argenteus",2,4,-2,2,0,0,0,1,0,0,1.30188679245283,300,100
2017,46,"1697*A",130,-3793,"Lupinus argenteus",0,2,-2,0,0,0,0,0,0,1,1.28571428571429,0,0
2015,46,"1698*A",129,-3799,"Arenaria congesta",1,NA,NA,1,0,1,1,1,0,0,3.0530303030303,400,0
2016,46,"1698*A",129,-3799,"Arenaria congesta",2,1,1,2,0,0,0,1,0,0,1.30188679245283,400,0
2017,46,"1698*A",129,-3799,"Arenaria congesta",0,2,-2,0,0,0,0,0,0,1,1.28571428571429,0,0
2015,46,"1699*A",82,-3764,"Chaenactis douglasii",1.5,NA,NA,1.5,0,1,1,1,0,0,3.0530303030303,1012.96739,0
2016,46,"1699*A",82,-3764,"Chaenactis douglasii",2,1.5,0.5,2,0,0,0,1,0,0,1.30188679245283,1115.98601,0
2017,46,"1699*A",82,-3764,"Chaenactis douglasii",0,2,-2,0,0,0,0,0,0,1,1.28571428571429,0,0
2014,2,"17*A",501,-29,"Ivesia gordonii",1,NA,NA,1,0,1,1,1,0,0,2.52336448598131,0,0
2015,2,"17*A",501,-29,"Ivesia gordonii",1.9,1,0.9,2,0,0,0,1,0,0,3.0530303030303,0,0
2016,2,"17*A",501,-29,"Ivesia gordonii",5.1,1.9,3.2,5.6,0,0,0,1,0,0,1.30188679245283,0,0
2017,2,"17*A",501,-29,"Ivesia gordonii",10,5.1,4.9,6,0,0,0,1,0,0,1.28571428571429,0,0
2018,2,"17*A",501,-29,"Ivesia gordonii",6.5,10,-3.5,5,2,0,0,1,0,0,1.12213740458015,0,0
2019,2,"17*A",501,-29,"Ivesia gordonii",9,6.5,2.5,6.5,5,0,0,1,0,0,0.5,0,0
2014,15,"170*A",1655,-885,"Lupinus argenteus",10,NA,NA,6,0,0,NA,1,0,0,2.52336448598131,0,130.026781773637
2015,15,"170*A",1655,-885,"Lupinus argenteus",16,10,6,7.5,0,0,0,1,0,0,3.0530303030303,15.1493727389077,68.6308867010626
2016,15,"170*A",1655,-885,"Lupinus argenteus",7,16,-9,4,0,0,0,1,0,0,1.30188679245283,14.8558456571406,52.4214718486188
2017,15,"170*A",1655,-885,"Lupinus argenteus",7,7,0,3,0,0,0,1,0,0,1.28571428571429,41.2099103662876,17.8617924590656
2018,15,"170*A",1655,-885,"Lupinus argenteus",0,7,-7,0,0,0,0,0,0,1,1.12213740458015,0,0
2015,46,"1700*A",155,-3789,"Heterotheca villosa",0.6,NA,NA,0.2,0,1,1,1,0,0,3.0530303030303,507.559554,200
2016,46,"1700*A",155,-3789,"Heterotheca villosa",1,0.6,0.4,1,0,0,0,1,0,0,1.30188679245283,552.63734,200
2017,46,"1700*A",155,-3789,"Heterotheca villosa",0,1,-1,0,0,0,0,0,0,1,1.28571428571429,0,0
2015,46,"1701*A",200,-3796,"Agoseris glauca",0.6,NA,NA,0.3,0,1,1,1,0,0,3.0530303030303,400,0
2016,46,"1701*A",200,-3796,"Agoseris glauca",2,0.6,1.4,6,0,0,0,1,0,0,1.30188679245283,400,0
2017,46,"1701*A",200,-3796,"Agoseris glauca",0,2,-2,0,0,0,0,0,0,1,1.28571428571429,0,0
2014,46,"1702*A",198,-3786,"Agoseris glauca",2,NA,NA,4.5,0,0,NA,1,0,0,2.52336448598131,400,0
2015,46,"1702*A",198,-3786,"Agoseris glauca",2,2,0,4.5,0,0,0,1,0,0,3.0530303030303,500,0
2016,46,"1702*A",198,-3786,"Agoseris glauca",4,2,2,6,0,0,0,1,0,0,1.30188679245283,603.07325,0
2017,46,"1702*A",198,-3786,"Agoseris glauca",4,4,0,3,0,0,0,1,0,0,1.28571428571429,490.185470852344,0
2018,46,"1702*A",198,-3786,"Agoseris glauca",0,4,-4,0,0,0,0,0,0,1,1.12213740458015,0,0
2014,46,"1703*A",192,-3767,"Agoseris glauca",2,NA,NA,6,0,0,NA,1,0,0,2.52336448598131,600,0
2015,46,"1703*A",192,-3767,"Agoseris glauca",2,2,0,6,0,0,0,1,0,0,3.0530303030303,669.53496,0
2016,46,"1703*A",192,-3767,"Agoseris glauca",5,2,3,2,1,0,0,1,0,0,1.30188679245283,700,0
2017,46,"1703*A",192,-3767,"Agoseris glauca",17,5,12,10,0,0,0,1,0,0,1.28571428571429,524.87492157588,0
2018,46,"1703*A",192,-3767,"Agoseris glauca",8.9,17,-8.1,5.5,1,0,0,1,0,0,1.12213740458015,505.197415800104,0
2019,46,"1703*A",192,-3767,"Agoseris glauca",5.5,8.9,-3.4,7.5,0,0,0,1,0,0,0.5,500.000000000005,0
2015,46,"1704*A",174,-3781,"Senecio crassulus",1,NA,NA,2,0,1,1,1,0,0,3.0530303030303,600,0
2016,46,"1704*A",174,-3781,"Senecio crassulus",2.5,1,1.5,5,0,0,0,1,0,0,1.30188679245283,700,0
2017,46,"1704*A",174,-3781,"Senecio crassulus",7,2.5,4.5,8,0,0,0,1,0,0,1.28571428571429,421.860640517862,0
2018,46,"1704*A",174,-3781,"Senecio crassulus",0,7,-7,0,0,0,0,0,0,1,1.12213740458015,0,0
2015,46,"1705*A",152,-3763,"Agoseris glauca",1,NA,NA,3,0,1,1,1,0,0,3.0530303030303,800,0
2016,46,"1705*A",152,-3763,"Agoseris glauca",5,1,4,7,1,0,0,1,0,0,1.30188679245283,700,0
2017,46,"1705*A",152,-3763,"Agoseris glauca",0,5,-5,0,0,0,0,0,0,1,1.28571428571429,0,0
2015,46,"1706*A",101,-3757,"Senecio crassulus",1,NA,NA,2,0,1,1,1,0,0,3.0530303030303,876.23992,0
2016,46,"1706*A",101,-3757,"Senecio crassulus",2.5,1,1.5,4.5,0,0,0,1,0,0,1.30188679245283,1293.989315,0
2017,46,"1706*A",101,-3757,"Senecio crassulus",9,2.5,6.5,11,1,0,0,1,0,0,1.28571428571429,729.731850835845,1.23456790123465
2018,46,"1706*A",101,-3757,"Senecio crassulus",5.5,9,-3.5,5,0,0,0,1,0,0,1.12213740458015,602.66393910891,0
2019,46,"1706*A",101,-3757,"Senecio crassulus",5,5.5,-0.5,4.5,0,0,0,1,0,0,0.5,540.742199718703,0
2015,46,"1707*A",84,-3758,"Lupinus argenteus",2.5,NA,NA,2.5,0,1,1,1,0,0,3.0530303030303,700,407.23523
2016,46,"1707*A",84,-3758,"Lupinus argenteus",1,2.5,-1.5,1,0,0,0,1,0,0,1.30188679245283,800.69978,300
2017,46,"1707*A",84,-3758,"Lupinus argenteus",0,1,-1,0,0,0,0,0,0,1,1.28571428571429,0,0
2015,46,"1708*A",91,-3747,"Senecio crassulus",0.8,NA,NA,1.5,0,1,1,1,0,0,3.0530303030303,900.4845672,0
2016,46,"1708*A",91,-3747,"Senecio crassulus",1.5,0.8,0.7,3,0,0,0,1,0,0,1.30188679245283,1000.08152142,0
2017,46,"1708*A",91,-3747,"Senecio crassulus",3,1.5,1.5,2.5,0,0,0,1,0,0,1.28571428571429,799.999999999999,0
2018,46,"1708*A",91,-3747,"Senecio crassulus",2,3,-1,2.5,0,0,0,1,0,0,1.12213740458015,697.012089811205,0
2019,46,"1708*A",91,-3747,"Senecio crassulus",5,2,3,4,0,0,0,1,0,0,0.5,506.021204117377,0
2015,46,"1709*A",78,-3701,"Heterotheca villosa",0.6,NA,NA,0.2,0,1,1,1,0,0,3.0530303030303,537.77828,100
2016,46,"1709*A",78,-3701,"Heterotheca villosa",1.5,0.6,0.9,1.5,0,0,0,1,0,0,1.30188679245283,778.13748,100
2017,46,"1709*A",78,-3701,"Heterotheca villosa",0,1.5,-1.5,0,0,0,0,0,0,1,1.28571428571429,0,0
2014,15,"171*A",1665,-880,"Lupinus argenteus",10,NA,NA,5,0,0,NA,1,0,0,2.52336448598131,0,59.1825082679137
2015,15,"171*A",1665,-880,"Lupinus argenteus",15.5,10,5.5,8.5,0,0,0,1,0,0,3.0530303030303,0.466408062370069,58.2424018705025
2016,15,"171*A",1665,-880,"Lupinus argenteus",0,15.5,-15.5,0,0,0,0,0,0,1,1.30188679245283,0,0
2015,46,"1710*A",78,-3700.5,"Senecio crassulus",0.9,NA,NA,2,0,1,1,1,0,0,3.0530303030303,668.66868,0
2016,46,"1710*A",78,-3700.5,"Senecio crassulus",4,0.9,3.1,6,0,0,0,1,0,0,1.30188679245283,833.75227,0
2017,46,"1710*A",78,-3700.5,"Senecio crassulus",0,4,-4,0,0,0,0,0,0,1,1.28571428571429,0,0
2015,46,"1711*A",83,-3692,"Agoseris glauca",1.5,NA,NA,2,0,1,1,1,0,0,3.0530303030303,700,0
2016,46,"1711*A",83,-3692,"Agoseris glauca",6,1.5,4.5,7,0,0,0,1,0,0,1.30188679245283,863.63205,0
2017,46,"1711*A",83,-3692,"Agoseris glauca",0,6,-6,0,0,0,0,0,0,1,1.28571428571429,0,0
2014,46,"1712*A",84,-3691,"Eriogonum umbellatum",2.5,NA,NA,0.5,0,0,NA,1,0,0,2.52336448598131,126.26543,500
2015,46,"1712*A",84,-3691,"Eriogonum umbellatum",2.5,2.5,0,0.5,0,0,0,1,0,0,3.0530303030303,100.6491373,500
2016,46,"1712*A",84,-3691,"Eriogonum umbellatum",0.5,2.5,-2,0.5,0,0,0,1,0,0,1.30188679245283,414.79495,500
2017,46,"1712*A",84,-3691,"Eriogonum umbellatum",0,0.5,-0.5,0,0,0,0,0,0,1,1.28571428571429,0,0
2015,46,"1713*A",114.1168754,-3705.24519899,"Senecio crassulus",1,NA,NA,1,0,1,1,1,0,0,3.0530303030303,600,81.42521
2015,46,"1713*B",113.9586341,-3705.1655883,"Senecio crassulus",1,NA,NA,1,0,1,1,0,1,0,3.0530303030303,600,81.42521
2016,46,"1713*A",114,-3705,"Senecio crassulus",0,1,-1,0,0,0,0,0,0,1,1.30188679245283,0,0
2015,46,"1714*A",107,-3672,"Arnica latifolia",2.5,NA,NA,1.5,0,1,1,1,0,0,3.0530303030303,700,0
2016,46,"1714*A",107,-3672,"Arnica latifolia",3,2.5,0.5,4,0,0,0,1,0,0,1.30188679245283,801.9402,0
2017,46,"1714*A",107,-3672,"Arnica latifolia",4,3,1,2,0,0,0,1,0,0,1.28571428571429,690.706945725518,0
2018,46,"1714*A",107,-3672,"Arnica latifolia",8.5,4,4.5,4,0,0,0,1,0,0,1.12213740458015,504.798297831001,0
2019,46,"1714*A",107,-3672,"Arnica latifolia",12,8.5,3.5,7,0,0,0,1,0,0,0.5,506.556501200091,0
2014,46,"1715*A",137,-3685,"Senecio crassulus",19,NA,NA,12,0,0,NA,1,0,0,2.52336448598131,908.3386518,0
2015,46,"1715*A",137,-3685,"Senecio crassulus",19,19,0,12,0,0,0,1,0,0,3.0530303030303,865.4832353,0
2016,46,"1715*A",137,-3685,"Senecio crassulus",23,19,4,16,4,0,0,1,0,0,1.30188679245283,910.5592046,0
2017,46,"1715*A",137,-3685,"Senecio crassulus",17,23,-6,9,0,0,0,1,0,0,1.28571428571429,751.228758109127,0
2018,46,"1715*A",137,-3685,"Senecio crassulus",0,17,-17,0,0,0,0,0,0,1,1.12213740458015,0,0
2015,46,"1716*A",140,-3698,"Phacelia hastata",0.6,NA,NA,0.3,0,1,1,1,0,0,3.0530303030303,900,0
2016,46,"1716*A",140,-3698,"Phacelia hastata",0,0.6,-0.6,0,0,0,0,0,0,1,1.30188679245283,0,0
2015,46,"1717*A",184,-3671,"Senecio crassulus",1,NA,NA,1.5,0,1,1,1,0,0,3.0530303030303,600,0
2016,46,"1717*A",184,-3671,"Senecio crassulus",1.5,1,0.5,1.5,0,0,0,1,0,0,1.30188679245283,800,0
2017,46,"1717*A",184,-3671,"Senecio crassulus",3,1.5,1.5,3,0,0,0,1,0,0,1.28571428571429,700.000000000007,0
2018,46,"1717*A",184,-3671,"Senecio crassulus",1.2,3,-1.8,3.5,0,0,0,1,0,0,1.12213740458015,399.999999999995,0
2019,46,"1717*A",184,-3671,"Senecio crassulus",2,1.2,0.8,5.5,0,0,0,1,0,0,0.5,634.883593386558,0
2015,46,"1718*A",191,-3662,"Senecio crassulus",1,NA,NA,2,0,1,1,1,0,0,3.0530303030303,699.11503,0
2016,46,"1718*A",191,-3662,"Senecio crassulus",2,1,1,4,0,0,0,1,0,0,1.30188679245283,600.01662001,0
2017,46,"1718*A",191,-3662,"Senecio crassulus",0,2,-2,0,0,0,0,0,0,1,1.28571428571429,0,0
2015,46,"1719*A",177,-3659,"Viola praemorsa",3.5,NA,NA,4,0,0,1,1,0,0,3.0530303030303,795.6639424,0
2016,46,"1719*A",177,-3659,"Viola praemorsa",5,3.5,1.5,4,0,0,0,1,0,0,1.30188679245283,1066.26212,0
2017,46,"1719*A",177,-3659,"Viola praemorsa",4.5,5,-0.5,4.5,0,0,0,1,0,0,1.28571428571429,731.286432712137,0
2018,46,"1719*A",177,-3659,"Viola praemorsa",4,4.5,-0.5,4,0,0,0,1,0,0,1.12213740458015,453.69302848455,0
2019,46,"1719*A",177,-3659,"Viola praemorsa",8,4,4,7,0,0,0,1,0,0,0.5,488.857111058713,0
2014,15,"172*A",1635,-870,"Lupinus argenteus",21,NA,NA,9,0,0,NA,1,0,0,2.52336448598131,0,8.44028726251109
2015,15,"172*A",1635,-870,"Lupinus argenteus",15,21,-6,6.5,0,0,0,1,0,0,3.0530303030303,0,11.6199677779665
2016,15,"172*A",1635,-870,"Lupinus argenteus",9,15,-6,6,0,0,0,1,0,0,1.30188679245283,0,0
2017,15,"172*A",1635,-870,"Lupinus argenteus",7.2,9,-1.8,3.5,0,0,0,1,0,0,1.28571428571429,0,0
2018,15,"172*A",1635,-870,"Lupinus argenteus",0,7.2,-7.2,0,0,0,0,0,0,1,1.12213740458015,0,0
2015,46,"1720*A",200,-3642,"Heterotheca villosa",1,NA,NA,1,0,1,1,1,0,0,3.0530303030303,326.686614,0
2016,46,"1720*A",200,-3642,"Heterotheca villosa",0,1,-1,0,0,0,0,0,0,1,1.30188679245283,0,0
2015,46,"1721*A",195,-3696,"Heterotheca villosa",0.8,NA,NA,0.3,0,1,1,1,0,0,3.0530303030303,400,100
2016,46,"1721*A",195,-3696,"Heterotheca villosa",0,0.8,-0.8,0,0,0,0,0,0,1,1.30188679245283,0,0
2014,46,"1722*A",163,-3678,"Eriogonum umbellatum",2.5,NA,NA,0.8,0,0,NA,1,0,0,2.52336448598131,159.5253114,600
2015,46,"1722*A",163,-3678,"Eriogonum umbellatum",2.5,2.5,0,0.8,0,0,0,1,0,0,3.0530303030303,129.8763209,600
2016,46,"1722*A",163,-3678,"Eriogonum umbellatum",1,2.5,-1.5,0.5,0,0,0,1,0,0,1.30188679245283,472.525946,799.43654
2017,46,"1722*A",163,-3678,"Eriogonum umbellatum",0,1,-1,0,0,0,0,0,0,1,1.28571428571429,0,0
2014,46,"1723*A",155,-3668,"Heterotheca villosa",1,NA,NA,1.5,0,0,NA,1,0,0,2.52336448598131,600,200
2015,46,"1723*A",155,-3668,"Heterotheca villosa",1,1,0,1.5,0,0,0,1,0,0,3.0530303030303,600,200
2016,46,"1723*A",155,-3668,"Heterotheca villosa",1.5,1,0.5,1.5,0,0,0,1,0,0,1.30188679245283,767.970943,271.8128
2017,46,"1723*A",155,-3668,"Heterotheca villosa",0,1.5,-1.5,0,0,0,0,0,0,1,1.28571428571429,0,0
2015,46,"1724*A",154,-3672,"Eriogonum umbellatum",0.5,NA,NA,1,0,1,1,1,0,0,3.0530303030303,200,600
2016,46,"1724*A",154,-3672,"Eriogonum umbellatum",1,0.5,0.5,1,0,0,0,1,0,0,1.30188679245283,259.454022,700
2017,46,"1724*A",154,-3672,"Eriogonum umbellatum",0,1,-1,0,0,0,0,0,0,1,1.28571428571429,0,0
2015,46,"1725*A",170,-3663,"Senecio crassulus",0.8,NA,NA,1.5,0,1,1,1,0,0,3.0530303030303,600,0
2016,46,"1725*A",170,-3663,"Senecio crassulus",0,0.8,-0.8,0,0,0,0,1,0,0,1.30188679245283,0,0
2017,46,"1725*A",170,-3663,"Senecio crassulus",6,0,6,3,0,0,0,1,0,0,1.28571428571429,636.040157606804,0
2018,46,"1725*A",170,-3663,"Senecio crassulus",0,6,-6,0,0,0,0,0,0,1,1.12213740458015,0,0
2015,46,"1726*A",158.1460942,-3668.3064987,"Senecio crassulus",1,NA,NA,2,0,1,1,1,0,0,3.0530303030303,800,76.82996
2015,46,"1726*B",157.9482926,-3668.2069854,"Senecio crassulus",1,NA,NA,2,0,1,1,0,1,0,3.0530303030303,800,76.82996
2016,46,"1726*A",158,-3668,"Senecio crassulus",3,1,2,2,0,0,0,1,0,0,1.30188679245283,1061.553794,0
2017,46,"1726*A",158,-3668,"Senecio crassulus",2.5,3,-0.5,3,0,0,0,1,0,0,1.28571428571429,926.134250685209,0
2018,46,"1726*A",158,-3668,"Senecio crassulus",0,2.5,-2.5,0,0,0,0,1,0,0,1.12213740458015,0,0
2019,46,"1726*A",158,-3668,"Senecio crassulus",2,0,2,2,0,0,0,1,0,0,0.5,599.999999999997,0
2015,46,"1727*A",135.0584377,-3667.1225995,"Senecio crassulus",0.5,NA,NA,0.3,0,1,1,1,0,0,3.0530303030303,899.64309,81.42521
2015,46,"1727*B",134.979317,-3667.0827942,"Senecio crassulus",0.5,NA,NA,0.3,0,1,1,0,1,0,3.0530303030303,900,81.42521
2016,46,"1727*A",135,-3667,"Senecio crassulus",4,0.5,3.5,3,0,0,0,1,0,0,1.30188679245283,986.67521,0
2017,46,"1727*A",135,-3667,"Senecio crassulus",6,4,2,5.5,0,0,0,1,0,0,1.28571428571429,906.018907061334,0
2018,46,"1727*A",135,-3667,"Senecio crassulus",1.5,6,-4.5,3,0,0,0,1,0,0,1.12213740458015,499.999999999989,0
2019,46,"1727*A",135,-3667,"Senecio crassulus",0,1.5,-1.5,0,0,0,0,0,0,1,0.5,0,0
2015,46,"1728*A",178,-3658,"Agoseris glauca",1.5,NA,NA,3,0,1,1,1,0,0,3.0530303030303,900,0
2016,46,"1728*A",178,-3658,"Agoseris glauca",15,1.5,13.5,7,1,0,0,1,0,0,1.30188679245283,1059.531946,12.95819
2017,46,"1728*A",178,-3658,"Agoseris glauca",3,15,-12,6.5,0,0,0,1,0,0,1.28571428571429,829.127837922224,0
2018,46,"1728*A",178,-3658,"Agoseris glauca",0,3,-3,0,0,0,0,0,0,1,1.12213740458015,0,0
2015,46,"1729*A",185.0876565,-3658.1838992,"Viola praemorsa",1,NA,NA,1,0,1,1,1,0,0,3.0530303030303,814.80329,90.41119
2015,46,"1729*B",184.9689756,-3658.1241912,"Viola praemorsa",1,NA,NA,1,0,1,1,0,1,0,3.0530303030303,811.7192,90.41119
2016,46,"1729*A",185,-3658,"Viola praemorsa",0,1,-1,0,0,0,0,0,0,1,1.30188679245283,0,0
2014,15,"173*A",1639,-812,"Ivesia gordonii",11,NA,NA,5,2,0,NA,1,0,0,2.52336448598131,38.733461058208,10.5676660513677
2015,15,"173*A",1639,-812,"Ivesia gordonii",12,11,1,6,5,0,0,1,0,0,3.0530303030303,13.0651661730516,20.8793686525184
2016,15,"173*A",1639,-812,"Ivesia gordonii",11,12,-1,6,7,0,0,1,0,0,1.30188679245283,16.5895793361852,64.5627204518631
2017,15,"173*A",1639,-812,"Ivesia gordonii",15,11,4,7.5,15,0,0,1,0,0,1.28571428571429,21.5573589576301,38.2933981809477
2018,15,"173*A",1639,-812,"Ivesia gordonii",12.5,15,-2.5,8,2,0,0,1,0,0,1.12213740458015,4.33683735514768,33.5881059570796
2019,15,"173*A",1639,-812,"Ivesia gordonii",18,12.5,5.5,10.5,13,0,0,1,0,0,0.5,48.7886869747149,38.8262969155953
2015,46,"1730*A",188,-3655,"Senecio crassulus",1,NA,NA,1,0,1,1,1,0,0,3.0530303030303,600,0
2016,46,"1730*A",188,-3655,"Senecio crassulus",3,1,2,4,0,0,0,1,0,0,1.30188679245283,711.3242,59.489865
2017,46,"1730*A",188,-3655,"Senecio crassulus",2,3,-1,3,0,0,0,1,0,0,1.28571428571429,499.999999999989,70.665541588058
2018,46,"1730*A",188,-3655,"Senecio crassulus",0,2,-2,0,0,0,0,0,0,1,1.12213740458015,0,0
2015,46,"1731*A",189,-3653,"Senecio crassulus",1,NA,NA,1.5,0,1,1,1,0,0,3.0530303030303,600,0
2016,46,"1731*A",189,-3653,"Senecio crassulus",1.3,1,0.3,2,0,0,0,1,0,0,1.30188679245283,700,15.24113
2017,46,"1731*A",189,-3653,"Senecio crassulus",4.5,1.3,3.2,6,0,0,0,1,0,0,1.28571428571429,483.143912127548,18.8968971038145
2018,46,"1731*A",189,-3653,"Senecio crassulus",0,4.5,-4.5,0,0,0,0,0,0,1,1.12213740458015,0,0
2015,46,"1733*A",184,-3649,"Carex siccata",4,NA,NA,8,0,0,1,1,0,0,3.0530303030303,600,0
2016,46,"1733*A",184,-3649,"Carex siccata",8,4,4,9,0,0,0,1,0,0,1.30188679245283,751.03638695,0
2017,46,"1733*A",184,-3649,"Carex siccata",0,8,-8,0,0,0,0,1,0,0,1.28571428571429,0,0
2018,46,"1733*A",184,-3649,"Carex siccata",4,0,4,12,0,0,0,1,0,0,1.12213740458015,400,0
2019,46,"1733*A",184,-3649,"Carex siccata",0,4,-4,0,0,0,0,1,0,0,0.5,0,0
2015,46,"1734*A",175,-3652,"Elymus lanceolatus",8,NA,NA,12,0,0,1,1,0,0,3.0530303030303,584.61341096,0
2016,46,"1734*A",175,-3652,"Elymus lanceolatus",12,8,4,11,0,0,0,1,0,0,1.30188679245283,1052.6497572,0
2017,46,"1734*A",175,-3652,"Elymus lanceolatus",1,12,-11,4,0,0,0,1,0,0,1.28571428571429,599.99999999999,0
2018,46,"1734*A",175,-3652,"Elymus lanceolatus",0,1,-1,0,0,0,0,0,0,1,1.12213740458015,0,0
2015,46,"1735*A",174,-3653,"Senecio crassulus",2.5,NA,NA,3,0,1,1,1,0,0,3.0530303030303,601.110642,1.824681
2016,46,"1735*A",174,-3653,"Senecio crassulus",6.5,2.5,4,5,1,0,0,1,0,0,1.30188679245283,1092.184424,53.02842
2017,46,"1735*A",174,-3653,"Senecio crassulus",0,6.5,-6.5,0,0,0,0,0,0,1,1.28571428571429,0,0
2014,46,"1736*A",181,-3651,"Agoseris glauca",6,NA,NA,2,0,0,NA,1,0,0,2.52336448598131,600,0
2015,46,"1736*A",181,-3651,"Agoseris glauca",6,6,0,2,0,0,0,0,1,0,3.0530303030303,609.4892831,0
2015,46,"1737*A",171,-3630,"Agoseris glauca",5,NA,NA,3.5,0,0,1,1,0,0,3.0530303030303,599.94844,0
2016,46,"1737*A",171,-3630,"Agoseris glauca",8,5,3,4,1,0,0,1,0,0,1.30188679245283,854.190081,1.707943
2017,46,"1737*A",171,-3630,"Agoseris glauca",12,8,4,5.5,0,0,0,1,0,0,1.28571428571429,568.512261490684,0
2018,46,"1737*A",171,-3630,"Agoseris glauca",0,12,-12,0,0,0,0,0,0,1,1.12213740458015,0,0
2015,46,"1738*A",172,-3633,"Agoseris glauca",0.5,NA,NA,1,0,1,1,1,0,0,3.0530303030303,600,0
2016,46,"1738*A",172,-3633,"Agoseris glauca",4,0.5,3.5,4.5,0,0,0,1,0,0,1.30188679245283,1013.73683,6.831773
2017,46,"1738*A",172,-3633,"Agoseris glauca",0,4,-4,0,0,0,0,0,0,1,1.28571428571429,0,0
2015,46,"1739*A",173,-3634,"Senecio crassulus",0.5,NA,NA,2,0,1,1,1,0,0,3.0530303030303,600,0
2016,46,"1739*A",173,-3634,"Senecio crassulus",0,0.5,-0.5,0,0,0,0,0,0,1,1.30188679245283,0,0
2014,15,"174*A",1655,-820,"Lupinus argenteus",17,NA,NA,7,0,0,NA,1,0,0,2.52336448598131,108.43032936332,25.2181800220255
2015,15,"174*A",1655,-820,"Lupinus argenteus",10.5,17,-6.5,5,0,0,0,1,0,0,3.0530303030303,124.481848999578,21.7499106654455
2016,15,"174*A",1655,-820,"Lupinus argenteus",12,10.5,1.5,5,0,0,0,1,0,0,1.30188679245283,157.165872268163,65.5387070690869
2017,15,"174*A",1655,-820,"Lupinus argenteus",0.9,12,-11.1,1,0,0,0,1,0,0,1.28571428571429,242.362147078794,99.9999999999934
2018,15,"174*A",1655,-820,"Lupinus argenteus",0,0.9,-0.9,0,0,0,0,0,0,1,1.12213740458015,0,0
2015,46,"1740*A",175,-3635,"Carex siccata",1,NA,NA,5,0,0,1,1,0,0,3.0530303030303,500,100
2016,46,"1740*A",175,-3635,"Carex siccata",13,1,12,12,0,0,0,1,0,0,1.30188679245283,815.777858,144.61913
2017,46,"1740*A",175,-3635,"Carex siccata",0,13,-13,0,0,0,0,0,0,1,1.28571428571429,0,0
2015,6,"1741*A",130,-550,"Ivesia gordonii",1,NA,NA,1,0,1,1,1,0,0,3.0530303030303,200,0
2016,6,"1741*A",130,-550,"Ivesia gordonii",0,1,-1,0,0,0,0,0,0,1,1.30188679245283,0,0
2016,1,"1742*A",3,-29,"Ivesia gordonii",0.5,NA,NA,0.5,0,1,1,1,0,0,1.30188679245283,0,100
2017,1,"1742*A",3,-29,"Ivesia gordonii",0,0.5,-0.5,0,0,0,0,1,0,0,1.28571428571429,0,0
2018,1,"1742*A",3,-29,"Ivesia gordonii",13,0,13,4,0,0,0,1,0,0,1.12213740458015,0,0
2019,1,"1742*A",3,-29,"Ivesia gordonii",11,13,-2,5,0,0,0,1,0,0,0.5,0,0
2016,1,"1743*A",182,-164,"Ivesia gordonii",0.4,NA,NA,0.4,0,1,1,1,0,0,1.30188679245283,0,0
2017,1,"1743*A",182,-164,"Ivesia gordonii",0,0.4,-0.4,0,0,0,0,0,0,1,1.28571428571429,0,0
2016,1,"1744*A",194,-168,"Ivesia gordonii",1.3,NA,NA,1.3,0,1,1,1,0,0,1.30188679245283,0,100.000000000001
2017,1,"1744*A",194,-168,"Ivesia gordonii",3.5,1.3,2.2,2.5,0,0,0,1,0,0,1.28571428571429,0,0
2018,1,"1744*A",194,-168,"Ivesia gordonii",9,3.5,5.5,4,2,0,0,1,0,0,1.12213740458015,0,0
2019,1,"1744*A",194,-168,"Ivesia gordonii",11.5,9,2.5,7,6,0,0,1,0,0,0.5,0,0
2016,1,"1745*A",198,-110,"Senecio crassulus",1.8,NA,NA,2.3,0,1,1,1,0,0,1.30188679245283,99.9999999999974,0
2017,1,"1745*A",198,-110,"Senecio crassulus",0,1.8,-1.8,0,0,0,0,0,0,1,1.28571428571429,0,0
2016,1,"1746*A",198,-54,"Senecio crassulus",2.2,NA,NA,2.4,0,1,1,1,0,0,1.30188679245283,355.519548582012,1.80179450282677
2017,1,"1746*A",198,-54,"Senecio crassulus",0,2.2,-2.2,0,0,0,0,0,0,1,1.28571428571429,0,0
2016,1,"1747*A",198,-56,"Senecio crassulus",1.4,NA,NA,1.9,0,1,1,1,0,0,1.30188679245283,309.053482878709,4.44932928249092
2017,1,"1747*A",198,-56,"Senecio crassulus",0,1.4,-1.4,0,0,0,0,0,0,1,1.28571428571429,0,0
2016,1,"1748*A",198,-33,"Lupinus argenteus",1.3,NA,NA,1.3,0,1,1,1,0,0,1.30188679245283,154.273216240504,0
2017,1,"1748*A",198,-33,"Lupinus argenteus",0,1.3,-1.3,0,0,0,0,0,0,1,1.28571428571429,0,0
2016,1,"1749*A",198.1402505,-30.2942388,"Eriogonum umbellatum",1.1,NA,NA,1.2,0,1,1,1,0,0,1.30188679245283,109.350103187784,97.0074188514281
2016,1,"1749*B",197.9503609,-30.198706,"Eriogonum umbellatum",1.1,NA,NA,1.2,0,1,1,0,1,0,1.30188679245283,107.867676402268,94.1262519576424
2017,1,"1749*A",198,-30,"Eriogonum umbellatum",0,1.1,-1.1,0,0,0,0,0,0,1,1.28571428571429,0,0
2014,15,"175*A",1660,-819,"Ivesia gordonii",12,NA,NA,5,7,0,NA,1,0,0,2.52336448598131,144.7753509972,30.7509982145954
2015,15,"175*A",1660,-819,"Ivesia gordonii",14,12,2,5.5,10,0,0,1,0,0,3.0530303030303,97.5162192496785,22.9443887619029
2016,15,"175*A",1660,-819,"Ivesia gordonii",22,14,8,6,24,0,0,1,0,0,1.30188679245283,119.966832305397,33.5382027259744
2017,15,"175*A",1660,-819,"Ivesia gordonii",17,22,-5,7,26,0,0,1,0,0,1.28571428571429,126.697845754461,64.2167677768039
2018,15,"175*A",1660,-819,"Ivesia gordonii",16.5,17,-0.5,5,3,0,0,1,0,0,1.12213740458015,70.8147372023876,51.5802892564576
2019,15,"175*A",1660,-819,"Ivesia gordonii",14,16.5,-2.5,4,11,0,0,1,0,0,0.5,99.9999999999982,107.260243211145
2016,5,"1750*A",1635,-172,"Lupinus argenteus",12.6,NA,NA,7,0,0,1,1,0,0,1.30188679245283,24.3143340767428,18.2496922770899
2017,5,"1750*A",1635,-172,"Lupinus argenteus",0,12.6,-12.6,0,0,0,0,0,0,1,1.28571428571429,0,0
2016,5,"1751*A",1715,-161,"Agoseris glauca",3,NA,NA,4.3,0,1,1,1,0,0,1.30188679245283,200,0
2017,5,"1751*A",1715,-161,"Agoseris glauca",9,3,6,7,2,0,0,1,0,0,1.28571428571429,199.999999999989,0
2018,5,"1751*A",1715,-161,"Agoseris glauca",8.5,9,-0.5,6.5,2,0,0,1,0,0,1.12213740458015,199.999999999997,0
2019,5,"1751*A",1715,-161,"Agoseris glauca",9.5,8.5,1,6,3,0,0,1,0,0,0.5,199.999999999999,0
2016,5,"1752*A",1685,-149,"Lupinus argenteus",4,NA,NA,3.7,0,0,1,1,0,0,1.30188679245283,99.9999999999989,0
2017,5,"1752*A",1685,-149,"Lupinus argenteus",0,4,-4,0,0,0,0,0,0,1,1.28571428571429,0,0
2016,5,"1753*A",1730,-115,"Lupinus argenteus",4,NA,NA,3.6,0,0,1,1,0,0,1.30188679245283,367.609549156849,0
2017,5,"1753*A",1730,-115,"Lupinus argenteus",0,4,-4,0,0,0,0,0,0,1,1.28571428571429,0,0
2016,6,"1754*A",170,-598,"Ivesia gordonii",1,NA,NA,1,0,1,1,1,0,0,1.30188679245283,0,0
2017,6,"1754*A",170,-598,"Ivesia gordonii",2.5,1,1.5,1,0,0,0,1,0,0,1.28571428571429,0,0
2018,6,"1754*A",170,-598,"Ivesia gordonii",4,2.5,1.5,3,0,0,0,1,0,0,1.12213740458015,0,0
2019,6,"1754*A",170,-598,"Ivesia gordonii",7,4,3,4.5,1,0,0,1,0,0,0.5,70.8968635334056,70.2568451506353
2015,6,"1755*A",71,-549.5,"Ivesia gordonii",2.5,NA,NA,2,0,0,1,1,0,0,3.0530303030303,100,0
2016,6,"1755*A",71,-549.5,"Ivesia gordonii",2.5,2.5,0,2,0,0,0,1,0,0,1.30188679245283,100,0
2017,6,"1755*A",71,-549.5,"Ivesia gordonii",5,2.5,2.5,3.5,0,0,0,1,0,0,1.28571428571429,100,0
2018,6,"1755*A",71,-549.5,"Ivesia gordonii",8,5,3,4.5,2,0,0,1,0,0,1.12213740458015,68.6663547869199,0
2019,6,"1755*A",71,-549.5,"Ivesia gordonii",14,8,6,7,2,0,0,1,0,0,0.5,99.5583529824302,0
2015,6,"1756*A",14,-435,"Ivesia gordonii",2,NA,NA,2,0,0,1,1,0,0,3.0530303030303,0,0
2016,6,"1756*A",14,-435,"Ivesia gordonii",2,2,0,2,0,0,0,1,0,0,1.30188679245283,0,0
2017,6,"1756*A",14,-435,"Ivesia gordonii",1.7,2,-0.3,1,0,0,0,1,0,0,1.28571428571429,0,0
2018,6,"1756*A",14,-435,"Ivesia gordonii",9.5,1.7,7.8,4,0,0,0,1,0,0,1.12213740458015,0,0
2019,6,"1756*A",14,-435,"Ivesia gordonii",16.5,9.5,7,10.5,1,0,0,1,0,0,0.5,0,0
2016,6,"1757*A",17,-466,"Senecio crassulus",2,NA,NA,2,0,1,1,1,0,0,1.30188679245283,0,0
2017,6,"1757*A",17,-466,"Senecio crassulus",6.3,2,4.3,4.5,0,0,0,1,0,0,1.28571428571429,0,0
2018,6,"1757*A",17,-466,"Senecio crassulus",4.5,6.3,-1.8,6.5,0,0,0,1,0,0,1.12213740458015,0,0
2019,6,"1757*A",17,-466,"Senecio crassulus",12,4.5,7.5,12.5,6,0,0,1,0,0,0.5,0,0
2016,8,"1758*A",964,-428,"Lupinus argenteus",1,NA,NA,1.5,0,0,1,1,0,0,1.30188679245283,0,100.000000000003
2017,8,"1758*A",964,-428,"Lupinus argenteus",0,1,-1,0,0,0,0,0,0,1,1.28571428571429,0,0
2016,8,"1759*A",956,-428,"Senecio crassulus",0.5,NA,NA,1,0,1,1,1,0,0,1.30188679245283,100.000000000006,0
2017,8,"1759*A",956,-428,"Senecio crassulus",0,0.5,-0.5,0,0,0,0,0,0,1,1.28571428571429,0,0
2014,15,"176*A",1667,-827,"Ivesia gordonii",6,NA,NA,3,0,0,NA,1,0,0,2.52336448598131,235.193527782685,98.5836147905568
2015,15,"176*A",1667,-827,"Ivesia gordonii",4,6,-2,2.5,0,0,0,1,0,0,3.0530303030303,185.572219911519,99.9999999999957
2016,15,"176*A",1667,-827,"Ivesia gordonii",6,4,2,4,0,0,0,1,0,0,1.30188679245283,179.604829716925,100.000000000001
2017,15,"176*A",1667,-827,"Ivesia gordonii",11,6,5,5,1,0,0,1,0,0,1.28571428571429,161.80857665643,88.8824069544731
2018,15,"176*A",1667,-827,"Ivesia gordonii",10,11,-1,3,2,0,0,1,0,0,1.12213740458015,103.332218515742,91.4583200143787
2019,15,"176*A",1667,-827,"Ivesia gordonii",15.5,10,5.5,6,4,0,0,1,0,0,0.5,100,67.9630373406153
2016,8,"1760*A",968,-432,"Senecio crassulus",0.3,NA,NA,0.5,0,1,1,1,0,0,1.30188679245283,200.000000000128,0
2017,8,"1760*A",968,-432,"Senecio crassulus",0,0.3,-0.3,0,0,0,0,1,0,0,1.28571428571429,0,0
2018,8,"1760*A",968,-432,"Senecio crassulus",1.5,0,1.5,2.5,0,0,0,1,0,0,1.12213740458015,199.999999999976,0
2019,8,"1760*A",968,-432,"Senecio crassulus",0,1.5,-1.5,0,0,0,0,0,0,1,0.5,0,0
2015,8,"1761*A",966,-435,"Chaenactis douglasii",2.5,NA,NA,2,0,0,1,1,0,0,3.0530303030303,378.508162710076,28.0462812171343
2016,8,"1761*A",966,-435,"Chaenactis douglasii",2.5,2.5,0,2,0,0,0,1,0,0,1.30188679245283,100,28.0462812171343
2017,8,"1761*A",966,-435,"Chaenactis douglasii",8,2.5,5.5,5,1,0,0,1,0,0,1.28571428571429,7.34373366051822,86.9583722491251
2018,8,"1761*A",966,-435,"Chaenactis douglasii",11,8,3,4,4,0,0,1,0,0,1.12213740458015,0.892080035998451,29.7520661157027
2019,8,"1761*A",966,-435,"Chaenactis douglasii",16,11,5,9.5,23,0,0,1,0,0,0.5,4.6921701089022,0
2015,8,"1762*A",969,-433,"Chaenactis douglasii",3.5,NA,NA,2,0,0,1,1,0,0,3.0530303030303,338.790285136283,14.3093271515992
2016,8,"1762*A",969,-433,"Chaenactis douglasii",3.5,3.5,0,2,0,0,0,1,0,0,1.30188679245283,104.673869341435,14.3093271515992
2017,8,"1762*A",969,-433,"Chaenactis douglasii",10,3.5,6.5,6,4,0,0,1,0,0,1.28571428571429,22.1383330383712,55.6533582394407
2018,8,"1762*A",969,-433,"Chaenactis douglasii",6,10,-4,4,4,0,0,0,1,0,1.12213740458015,2.99838012099478,100
2016,8,"1763*A",985,-453,"Lupinus argenteus",14,NA,NA,7,0,0,1,1,0,0,1.30188679245283,0,94.828776365776
2017,8,"1763*A",985,-453,"Lupinus argenteus",0,14,-14,0,0,0,0,0,0,1,1.28571428571429,0,0
2016,8,"1764*A",974,-445,"Lupinus argenteus",25,NA,NA,9,0,0,1,1,0,0,1.30188679245283,6.46309470145797,38.9565223616244
2017,8,"1764*A",974,-445,"Lupinus argenteus",4.5,25,-20.5,3,0,0,0,1,0,0,1.28571428571429,0.670403623665501,0
2018,8,"1764*A",974,-445,"Lupinus argenteus",0,4.5,-4.5,0,0,0,0,0,0,1,1.12213740458015,0,0
2016,8,"1765*A",1000,-482,"Lupinus argenteus",14,NA,NA,8,0,0,1,1,0,0,1.30188679245283,41.0468477986544,0
2017,8,"1765*A",1000,-482,"Lupinus argenteus",11.5,14,-2.5,8,0,0,0,1,0,0,1.28571428571429,92.311318087298,0
2018,8,"1765*A",1000,-482,"Lupinus argenteus",9.5,11.5,-2,7,0,0,0,1,0,0,1.12213740458015,99.9999999999994,0
2019,8,"1765*A",1000,-482,"Lupinus argenteus",0,9.5,-9.5,0,0,0,0,0,0,1,0.5,0,0
2016,9,"1766*A",1393,-524,"Chaenactis douglasii",0.5,NA,NA,0.5,0,1,1,1,0,0,1.30188679245283,99.9999999999846,0
2017,9,"1766*A",1393,-524,"Chaenactis douglasii",3,0.5,2.5,2,0,0,0,1,0,0,1.28571428571429,100.000000000004,0
2018,9,"1766*A",1393,-524,"Chaenactis douglasii",4,3,1,3.5,0,0,0,1,0,0,1.12213740458015,127.417024399843,0
2019,9,"1766*A",1393,-524,"Chaenactis douglasii",8,4,4,4.5,3,0,0,1,0,0,0.5,184.296407993319,0
2016,9,"1767*A",1400,-535,"Ivesia gordonii",0.3,NA,NA,0.5,0,1,1,1,0,0,1.30188679245283,0,100.000000000009
2017,9,"1767*A",1400,-535,"Ivesia gordonii",2,0.3,1.7,1,0,0,0,1,0,0,1.28571428571429,0,95.2194338270803
2018,9,"1767*A",1400,-535,"Ivesia gordonii",2.3,2,0.3,2,0,0,0,1,0,0,1.12213740458015,29.282272479819,0
2019,9,"1767*A",1400,-535,"Ivesia gordonii",2.5,2.3,0.2,3,0,0,0,1,0,0,0.5,99.9999999999994,91.678121966849
2016,10,"1768*A",1650,-565,"Lupinus argenteus",3.5,NA,NA,5.5,0,0,1,1,0,0,1.30188679245283,0,199.999999999993
2017,10,"1768*A",1650,-565,"Lupinus argenteus",0,3.5,-3.5,0,0,0,0,0,0,1,1.28571428571429,0,0
2016,10,"1769*A",1643,-575,"Lupinus argenteus",5.5,NA,NA,5,0,0,1,1,0,0,1.30188679245283,0,100
2017,10,"1769*A",1643,-575,"Lupinus argenteus",0,5.5,-5.5,0,0,0,0,0,0,1,1.28571428571429,0,0
2014,15,"177*A",1685,-830,"Ivesia gordonii",13,NA,NA,5,6,0,NA,1,0,0,2.52336448598131,222.332941996565,65.1920928746452
2015,15,"177*A",1685,-830,"Ivesia gordonii",9,13,-4,5,5,0,0,1,0,0,3.0530303030303,173.950748428492,88.6181464024601
2016,15,"177*A",1685,-830,"Ivesia gordonii",8,9,-1,6,4,0,0,1,0,0,1.30188679245283,72.7139198323577,144.908256889134
2017,15,"177*A",1685,-830,"Ivesia gordonii",5,8,-3,2.5,3,0,0,1,0,0,1.28571428571429,103.895009252308,121.508827995439
2018,15,"177*A",1685,-830,"Ivesia gordonii",6.5,5,1.5,3,0,0,0,1,0,0,1.12213740458015,100.000000000002,91.1666622455074
2019,15,"177*A",1685,-830,"Ivesia gordonii",0,6.5,-6.5,0,0,0,0,0,0,1,0.5,0,0
2016,10,"1770*A",1650,-599,"Lupinus argenteus",5,NA,NA,4,0,0,1,1,0,0,1.30188679245283,0,0
2017,10,"1770*A",1650,-599,"Lupinus argenteus",0,5,-5,0,0,0,0,0,0,1,1.28571428571429,0,0
2016,10,"1772*A",1608,-487,"Lupinus argenteus",4.5,NA,NA,4,0,0,1,1,0,0,1.30188679245283,0,0
2017,10,"1772*A",1608,-487,"Lupinus argenteus",0,4.5,-4.5,0,0,0,0,0,0,1,1.28571428571429,0,0
2015,10,"1773*A",1629,-418,"Chaenactis douglasii",3,NA,NA,2,0,0,1,1,0,0,3.0530303030303,0,0
2016,10,"1773*A",1629,-418,"Chaenactis douglasii",3,3,0,2,0,0,0,1,0,0,1.30188679245283,0,0
2017,10,"1773*A",1629,-418,"Chaenactis douglasii",3.5,3,0.5,2.5,0,0,0,1,0,0,1.28571428571429,0,0
2018,10,"1773*A",1629,-418,"Chaenactis douglasii",0,3.5,-3.5,0,0,0,0,0,0,1,1.12213740458015,0,0
2016,10,"1774*A",1746,-472,"Lupinus argenteus",3.7,NA,NA,3.9,0,0,1,1,0,0,1.30188679245283,0,0
2017,10,"1774*A",1746,-472,"Lupinus argenteus",4.5,3.7,0.8,2.5,0,0,0,1,0,0,1.28571428571429,0,0
2018,10,"1774*A",1746,-472,"Lupinus argenteus",0,4.5,-4.5,0,0,0,0,0,0,1,1.12213740458015,0,0
2015,10,"1775*A",1723,-477,"Lupinus argenteus",7.7,NA,NA,5.7,0,0,1,1,0,0,3.0530303030303,0,0
2016,10,"1775*A",1723,-477,"Lupinus argenteus",7.7,7.7,0,5.7,0,0,0,1,0,0,1.30188679245283,0,0
2017,10,"1775*A",1723,-477,"Lupinus argenteus",0,7.7,-7.7,0,0,0,0,0,0,1,1.28571428571429,0,0
2016,10,"1776*A",1663,-512,"Lupinus argenteus",6.3,NA,NA,7.3,0,0,1,1,0,0,1.30188679245283,0,104.337987446175
2017,10,"1776*A",1663,-512,"Lupinus argenteus",0,6.3,-6.3,0,0,0,0,0,0,1,1.28571428571429,0,0
2016,10,"1777*A",1668,-513,"Lupinus argenteus",5.7,NA,NA,5.8,0,0,1,1,0,0,1.30188679245283,0,104.078540926976
2017,10,"1777*A",1668,-513,"Lupinus argenteus",7,5.7,1.3,5.5,0,0,0,1,0,0,1.28571428571429,0,30.5915311469149
2018,10,"1777*A",1668,-513,"Lupinus argenteus",0,7,-7,0,0,0,0,0,0,1,1.12213740458015,0,0
2016,10,"1778*A",1668,-503,"Lupinus argenteus",5.7,NA,NA,5.4,0,0,1,1,0,0,1.30188679245283,0,20.4034901759925
2017,10,"1778*A",1668,-503,"Lupinus argenteus",0,5.7,-5.7,0,0,0,0,0,0,1,1.28571428571429,0,0
2015,10,"1779*A",1675,-510,"Lupinus argenteus",6,NA,NA,5.8,0,0,1,1,0,0,3.0530303030303,0,52.8882268601993
2016,10,"1779*A",1675,-510,"Lupinus argenteus",6,6,0,5.8,0,0,0,1,0,0,1.30188679245283,0,69.5891221109533
2017,10,"1779*A",1675,-510,"Lupinus argenteus",6.5,6,0.5,6,0,0,0,1,0,0,1.28571428571429,0,44.3110138336443
2018,10,"1779*A",1675,-510,"Lupinus argenteus",0,6.5,-6.5,0,0,0,0,0,0,1,1.12213740458015,0,0
2014,15,"178*A",1690,-835,"Ivesia gordonii",5,NA,NA,5,0,0,NA,1,0,0,2.52336448598131,257.629972252993,200.000000000002
2015,15,"178*A",1690,-835,"Ivesia gordonii",5.5,5,0.5,4,2,0,0,1,0,0,3.0530303030303,154.636478718764,178.152677107872
2016,15,"178*A",1690,-835,"Ivesia gordonii",5,5.5,-0.5,5,3,0,0,1,0,0,1.30188679245283,51.0640952311072,168.875188444223
2017,15,"178*A",1690,-835,"Ivesia gordonii",6,5,1,7,6,0,0,1,0,0,1.28571428571429,101.081980818935,128.778034540742
2018,15,"178*A",1690,-835,"Ivesia gordonii",4.5,6,-1.5,3.5,0,0,0,1,0,0,1.12213740458015,100,149.831146395595
2019,15,"178*A",1690,-835,"Ivesia gordonii",0,4.5,-4.5,0,0,0,0,0,0,1,0.5,0,0
2016,10,"1780*A",1675,-528,"Lupinus argenteus",3.6,NA,NA,4.9,0,0,1,1,0,0,1.30188679245283,0,57.1867257873356
2017,10,"1780*A",1675,-528,"Lupinus argenteus",0,3.6,-3.6,0,0,0,0,0,0,1,1.28571428571429,0,0
2016,10,"1781*A",1682,-538,"Lupinus argenteus",7.5,NA,NA,7,0,0,1,1,0,0,1.30188679245283,0,127.727080574774
2017,10,"1781*A",1682,-538,"Lupinus argenteus",0,7.5,-7.5,0,0,0,0,0,0,1,1.28571428571429,0,0
2016,10,"1782*A",1676,-567,"Elymus lanceolatus",10,NA,NA,15,0,0,1,1,0,0,1.30188679245283,267.247759419636,0
2017,10,"1782*A",1676,-567,"Elymus lanceolatus",19,10,9,16,4,0,0,1,0,0,1.28571428571429,61.1286781151897,0
2018,10,"1782*A",1676,-567,"Elymus lanceolatus",19,19,0,24,25,0,0,1,0,0,1.12213740458015,46.6191596634893,0
2019,10,"1782*A",1676,-567,"Elymus lanceolatus",30,19,11,29,0,0,0,1,0,0,0.5,20.7581612671835,1.18776641742076
2016,10,"1783*A",1692,-580,"Lupinus argenteus",4,NA,NA,4.9,0,0,1,1,0,0,1.30188679245283,0,62.1814623029032
2017,10,"1783*A",1692,-580,"Lupinus argenteus",0,4,-4,0,0,0,0,1,0,0,1.28571428571429,0,0
2018,10,"1783*A",1692,-580,"Lupinus argenteus",2,0,2,3,0,0,0,1,0,0,1.12213740458015,0,0
2019,10,"1783*A",1692,-580,"Lupinus argenteus",4,2,2,3,0,0,0,1,0,0,0.5,0,17.512106734842
2016,11,"1784*A",110,-934,"Lupinus argenteus",1.9,NA,NA,2.2,0,0,1,1,0,0,1.30188679245283,99.9999999999991,0
2017,11,"1784*A",110,-934,"Lupinus argenteus",7,1.9,5.1,2,0,0,0,1,0,0,1.28571428571429,100,41.4264321947393
2018,11,"1784*A",110,-934,"Lupinus argenteus",0,7,-7,0,0,0,0,0,0,1,1.12213740458015,0,0
2016,11,"1785*A",100,-954,"Lupinus argenteus",11,NA,NA,7,0,0,1,1,0,0,1.30188679245283,100,125.78423812391
2017,11,"1785*A",100,-954,"Lupinus argenteus",6.5,11,-4.5,4,0,0,0,1,0,0,1.28571428571429,99.9999999999998,58.040149345756
2018,11,"1785*A",100,-954,"Lupinus argenteus",0,6.5,-6.5,0,0,0,0,0,0,1,1.12213740458015,0,0
2016,11,"1786*A",26,-985,"Ivesia gordonii",0.5,NA,NA,0.5,0,1,1,1,0,0,1.30188679245283,0,0
2017,11,"1786*A",26,-985,"Ivesia gordonii",0,0.5,-0.5,0,0,0,0,0,0,1,1.28571428571429,0,0
2016,11,"1787*A",35,-813,"Ivesia gordonii",0.5,NA,NA,0.5,0,1,1,1,0,0,1.30188679245283,0,0
2017,11,"1787*A",35,-813,"Ivesia gordonii",2.5,0.5,2,0.5,0,0,0,1,0,0,1.28571428571429,0,0
2018,11,"1787*A",35,-813,"Ivesia gordonii",0,2.5,-2.5,0,0,0,0,0,0,1,1.12213740458015,0,0
2016,11,"1788*A",60,-937,"Ivesia gordonii",0.9,NA,NA,1.1,0,1,1,1,0,0,1.30188679245283,127.386344649947,0
2017,11,"1788*A",60,-937,"Ivesia gordonii",2.5,0.9,1.6,2.5,0,0,0,1,0,0,1.28571428571429,99.9999999999999,0
2018,11,"1788*A",60,-937,"Ivesia gordonii",4.5,2.5,2,3,1,0,0,1,0,0,1.12213740458015,87.1762074774976,0
2019,11,"1788*A",60,-937,"Ivesia gordonii",11,4.5,6.5,6,5,0,0,1,0,0,0.5,113.917263465149,0
2016,11,"1789*A",57,-939,"Lupinus argenteus",0.8,NA,NA,0.5,0,1,1,1,0,0,1.30188679245283,99.9999999999994,17.7997203607704
2017,11,"1789*A",57,-939,"Lupinus argenteus",0,0.8,-0.8,0,0,0,0,0,0,1,1.28571428571429,0,0
2014,15,"179*A",1695,-835,"Ivesia gordonii",11,NA,NA,6,2,0,NA,1,0,0,2.52336448598131,258.165203155702,81.1026955271246
2015,15,"179*A",1695,-835,"Ivesia gordonii",12,11,1,5,9,0,0,1,0,0,3.0530303030303,111.64761032812,54.4371623339345
2016,15,"179*A",1695,-835,"Ivesia gordonii",14,12,2,6,34,0,0,1,0,0,1.30188679245283,25.6770351289941,44.7110981373104
2017,15,"179*A",1695,-835,"Ivesia gordonii",12,14,-2,5.5,13,0,0,1,0,0,1.28571428571429,53.7973124778471,38.5306442791763
2018,15,"179*A",1695,-835,"Ivesia gordonii",11.5,12,-0.5,4,7,0,0,1,0,0,1.12213740458015,65.3295124783355,35.7589237960155
2019,15,"179*A",1695,-835,"Ivesia gordonii",0,11.5,-11.5,0,0,0,0,0,0,1,0.5,0,0
2016,11,"1790*A",122,-852,"Ivesia gordonii",1.8,NA,NA,2.3,0,1,1,1,0,0,1.30188679245283,0,0
2017,11,"1790*A",122,-852,"Ivesia gordonii",5,1.8,3.2,4,0,0,0,1,0,0,1.28571428571429,0,0
2018,11,"1790*A",122,-852,"Ivesia gordonii",7,5,2,5,1,0,0,1,0,0,1.12213740458015,0,0
2019,11,"1790*A",122,-852,"Ivesia gordonii",19.5,7,12.5,9,10,0,0,1,0,0,0.5,0,0
2016,11,"1791*A",112,-824,"Ivesia gordonii",0.5,NA,NA,0.5,0,1,1,1,0,0,1.30188679245283,0,0
2017,11,"1791*A",112,-824,"Ivesia gordonii",1.8,0.5,1.3,1,0,0,0,1,0,0,1.28571428571429,0,0
2018,11,"1791*A",112,-824,"Ivesia gordonii",1.6,1.8,-0.2,1.9,0,0,0,1,0,0,1.12213740458015,0,0
2019,11,"1791*A",112,-824,"Ivesia gordonii",4.5,1.6,2.9,2.5,0,0,0,1,0,0,0.5,0,0
2016,12,"1792*A",410,-899,"Ivesia gordonii",1.2,NA,NA,1.1,0,1,1,1,0,0,1.30188679245283,0,0
2017,12,"1792*A",410,-899,"Ivesia gordonii",2,1.2,0.8,2.5,0,0,0,1,0,0,1.28571428571429,0,0
2018,12,"1792*A",410,-899,"Ivesia gordonii",2.5,2,0.5,2.2,0,0,0,1,0,0,1.12213740458015,0,0
2019,12,"1792*A",410,-899,"Ivesia gordonii",5,2.5,2.5,3.5,0,0,0,1,0,0,0.5,0,0
2016,12,"1793*A",435,-863,"Ivesia gordonii",1,NA,NA,1.8,0,0,1,1,0,0,1.30188679245283,0,0
2017,12,"1793*A",435,-863,"Ivesia gordonii",3.5,1,2.5,3.5,0,0,0,1,0,0,1.28571428571429,0,0
2018,12,"1793*A",435,-863,"Ivesia gordonii",3.5,3.5,0,4,0,0,0,1,0,0,1.12213740458015,0,0
2019,12,"1793*A",435,-863,"Ivesia gordonii",6.5,3.5,3,4.5,3,0,0,1,0,0,0.5,0,0
2016,14,"1794*A",1264,-995,"Chaenactis douglasii",0.5,NA,NA,1,0,1,1,1,0,0,1.30188679245283,192.980301807197,0
2017,14,"1794*A",1264,-995,"Chaenactis douglasii",0,0.5,-0.5,0,0,0,0,0,0,1,1.28571428571429,0,0
2015,15,"1795*A",1765,-835,"Eriogonum umbellatum",2,NA,NA,1,0,0,1,1,0,0,3.0530303030303,51.1507822192753,0
2016,15,"1795*A",1765,-835,"Eriogonum umbellatum",2,2,0,1,0,0,0,1,0,0,1.30188679245283,0,0
2017,15,"1795*A",1765,-835,"Eriogonum umbellatum",4.5,2,2.5,2,0,0,0,1,0,0,1.28571428571429,8.83838711890277,0
2018,15,"1795*A",1765,-835,"Eriogonum umbellatum",9,4.5,4.5,2,0,0,0,1,0,0,1.12213740458015,11.7215002711252,0
2019,15,"1795*A",1765,-835,"Eriogonum umbellatum",15,9,6,3,6,0,0,1,0,0,0.5,28.9657894554352,0
2016,15,"1796*A",1795,-810,"Lupinus argenteus",7,NA,NA,5,0,0,1,1,0,0,1.30188679245283,0,90.0698673395778
2017,15,"1796*A",1795,-810,"Lupinus argenteus",0,7,-7,0,0,0,0,0,0,1,1.28571428571429,0,0
2016,15,"1797*A",1772,-904,"Ivesia gordonii",0.5,NA,NA,0.5,0,1,1,1,0,0,1.30188679245283,0,0
2017,15,"1797*A",1772,-904,"Ivesia gordonii",4,0.5,3.5,3,0,0,0,1,0,0,1.28571428571429,0,0
2018,15,"1797*A",1772,-904,"Ivesia gordonii",5.5,4,1.5,5,0,0,0,1,0,0,1.12213740458015,0,0
2019,15,"1797*A",1772,-904,"Ivesia gordonii",12.5,5.5,7,5.5,2,0,0,1,0,0,0.5,0,0
2016,15,"1798*A",1775,-990,"Lupinus argenteus",8.5,NA,NA,7,0,0,1,1,0,0,1.30188679245283,0.851312580329896,123.818240912467
2017,15,"1798*A",1775,-990,"Lupinus argenteus",0,8.5,-8.5,0,0,0,0,0,0,1,1.28571428571429,0,0
2016,15,"1799*A",1675,-935,"Lupinus argenteus",11,NA,NA,7,0,0,1,1,0,0,1.30188679245283,129.471702917838,0
2017,15,"1799*A",1675,-935,"Lupinus argenteus",9,11,-2,7,0,0,0,1,0,0,1.28571428571429,137.403279145059,0
2018,15,"1799*A",1675,-935,"Lupinus argenteus",0,9,-9,0,0,0,0,0,0,1,1.12213740458015,0,0
2014,15,"180*A",1685,-825,"Lupinus argenteus",25,NA,NA,15,2,0,NA,1,0,0,2.52336448598131,108.798223978277,97.3569473153323
2015,15,"180*A",1685,-825,"Lupinus argenteus",17,25,-8,5,1,0,0,1,0,0,3.0530303030303,124.687268626025,57.2009280402421
2016,15,"180*A",1685,-825,"Lupinus argenteus",0,17,-17,0,0,0,0,0,0,1,1.30188679245283,0,0
2016,15,"1800*A",1609,-902,"Lupinus argenteus",7,NA,NA,5,0,0,1,1,0,0,1.30188679245283,0,0
2017,15,"1800*A",1609,-902,"Lupinus argenteus",2.5,7,-4.5,2,0,0,0,1,0,0,1.28571428571429,0,0
2018,15,"1800*A",1609,-902,"Lupinus argenteus",2.5,2.5,0,1,0,0,0,1,0,0,1.12213740458015,0,0
2019,15,"1800*A",1609,-902,"Lupinus argenteus",0,2.5,-2.5,0,0,0,0,0,0,1,0.5,0,0
2016,15,"1801*A",1655,-830,"Lupinus argenteus",8,NA,NA,4,0,0,1,1,0,0,1.30188679245283,172.171191391976,212.734229191507
2017,15,"1801*A",1655,-830,"Lupinus argenteus",9,8,1,5,0,0,0,1,0,0,1.28571428571429,252.124664073837,100.000000000001
2018,15,"1801*A",1655,-830,"Lupinus argenteus",3.5,9,-5.5,3,0,0,0,1,0,0,1.12213740458015,237.872870177988,0
2019,15,"1801*A",1655,-830,"Lupinus argenteus",0,3.5,-3.5,0,0,0,0,0,0,1,0.5,0,0
2016,15,"1802*A",1652,-834,"Lupinus argenteus",12,NA,NA,6,0,0,1,1,0,0,1.30188679245283,139.627768980208,126.716827185522
2017,15,"1802*A",1652,-834,"Lupinus argenteus",16,12,4,8,0,0,0,1,0,0,1.28571428571429,164.439059971514,31.9570312500008
2018,15,"1802*A",1652,-834,"Lupinus argenteus",0,16,-16,0,0,0,0,0,0,1,1.12213740458015,0,0
2016,15,"1803*A",1713,-821,"Lupinus argenteus",2,NA,NA,2,0,0,1,1,0,0,1.30188679245283,0,0
2017,15,"1803*A",1713,-821,"Lupinus argenteus",0,2,-2,0,0,0,0,0,0,1,1.28571428571429,0,0
2016,15,"1804*A",1775,-821,"Lupinus argenteus",10,NA,NA,5,0,0,1,1,0,0,1.30188679245283,87.5199386448878,8.06305436363962
2017,15,"1804*A",1775,-821,"Lupinus argenteus",0,10,-10,0,0,0,0,0,0,1,1.28571428571429,0,0
2016,15,"1805*A",1717,-898,"Lupinus argenteus",9,NA,NA,4,0,0,1,1,0,0,1.30188679245283,111.225568715426,27.5261389728228
2017,15,"1805*A",1717,-898,"Lupinus argenteus",0,9,-9,0,0,0,0,0,0,1,1.28571428571429,0,0
2016,15,"1806*A",1720,-940,"Lupinus argenteus",5.5,NA,NA,5,0,0,1,1,0,0,1.30188679245283,0,0
2017,15,"1806*A",1720,-940,"Lupinus argenteus",2.5,5.5,-3,2.5,0,0,0,1,0,0,1.28571428571429,0,0
2018,15,"1806*A",1720,-940,"Lupinus argenteus",0,2.5,-2.5,0,0,0,0,0,0,1,1.12213740458015,0,0
2016,16,"1807*A",11,-1387,"Eriogonum umbellatum",1.5,NA,NA,1,0,1,1,1,0,0,1.30188679245283,0,0
2017,16,"1807*A",11,-1387,"Eriogonum umbellatum",1.3,1.5,-0.2,0.1,0,0,0,1,0,0,1.28571428571429,0,0
2018,16,"1807*A",11,-1387,"Eriogonum umbellatum",0,1.3,-1.3,0,0,0,0,0,0,1,1.12213740458015,0,0
2015,16,"1808*A",28,-1339,"Senecio crassulus",1,NA,NA,3,0,0,1,1,0,0,3.0530303030303,1047.97488449743,0
2016,16,"1808*A",28,-1339,"Senecio crassulus",1,1,0,3,0,0,0,1,0,0,1.30188679245283,425.523543388673,0
2017,16,"1808*A",28,-1339,"Senecio crassulus",2.8,1,1.8,5,0,0,0,1,0,0,1.28571428571429,100,0
2018,16,"1808*A",28,-1339,"Senecio crassulus",0,2.8,-2.8,0,0,0,0,0,0,1,1.12213740458015,0,0
2014,16,"1809*A",32,-1356,"Eriogonum umbellatum",2,NA,NA,2,0,0,NA,1,0,0,2.52336448598131,473.854086829436,0
2015,16,"1809*A",32,-1356,"Eriogonum umbellatum",2,2,0,2,0,0,0,1,0,0,3.0530303030303,448.751227594499,0
2016,16,"1809*A",32,-1356,"Eriogonum umbellatum",2,2,0,2,0,0,0,1,0,0,1.30188679245283,436.127177970988,0
2017,16,"1809*A",32,-1356,"Eriogonum umbellatum",0,2,-2,0,0,0,0,0,0,1,1.28571428571429,0,0
2014,15,"181*A",1700,-820,"Lupinus argenteus",25,NA,NA,13,3,0,NA,1,0,0,2.52336448598131,62.0301058846851,132.305801484101
2015,15,"181*A",1700,-820,"Lupinus argenteus",19,25,-6,12.5,2,0,0,1,0,0,3.0530303030303,53.4459312777066,41.2954106085469
2016,15,"181*A",1700,-820,"Lupinus argenteus",0,19,-19,0,0,0,0,0,0,1,1.30188679245283,0,0
2016,16,"1810*A",42,-1353,"Eriogonum umbellatum",1,NA,NA,1,0,1,1,1,0,0,1.30188679245283,559.349299365567,0
2017,16,"1810*A",42,-1353,"Eriogonum umbellatum",1.7,1,0.7,1,0,0,0,1,0,0,1.28571428571429,0,0
2018,16,"1810*A",42,-1353,"Eriogonum umbellatum",2.5,1.7,0.8,1,0,0,0,1,0,0,1.12213740458015,0,38.6491491987003
2019,16,"1810*A",42,-1353,"Eriogonum umbellatum",0,2.5,-2.5,0,0,0,0,0,0,1,0.5,0,0
2016,16,"1811*A",52,-1340,"Agoseris glauca",0.5,NA,NA,0.5,0,1,1,1,0,0,1.30188679245283,499.999999999986,0
2017,16,"1811*A",52,-1340,"Agoseris glauca",1.8,0.5,1.3,1,0,0,0,1,0,0,1.28571428571429,100,0
2018,16,"1811*A",52,-1340,"Agoseris glauca",0,1.8,-1.8,0,0,0,0,0,0,1,1.12213740458015,0,0
2016,16,"1812*A",56,-1337,"Phacelia hastata",1,NA,NA,1.5,0,1,1,1,0,0,1.30188679245283,400,0
2017,16,"1812*A",56,-1337,"Phacelia hastata",0,1,-1,0,0,0,0,0,0,1,1.28571428571429,0,0
2016,16,"1813*A",64,-1364,"Lupinus argenteus",9,NA,NA,8,0,0,1,1,0,0,1.30188679245283,0,194.53035365278
2017,16,"1813*A",64,-1364,"Lupinus argenteus",1.5,9,-7.5,1.5,0,0,0,1,0,0,1.28571428571429,0,0
2018,16,"1813*A",64,-1364,"Lupinus argenteus",0,1.5,-1.5,0,0,0,0,0,0,1,1.12213740458015,0,0
2015,17,"1814*A",419,-1347,"Heterotheca villosa",1.5,NA,NA,2,0,0,1,1,0,0,3.0530303030303,100.000000000001,0
2016,17,"1814*A",419,-1347,"Heterotheca villosa",1.5,1.5,0,2,0,0,0,1,0,0,1.30188679245283,100.000000000001,87.1238158555219
2017,17,"1814*A",419,-1347,"Heterotheca villosa",0,1.5,-1.5,0,0,0,0,0,0,1,1.28571428571429,0,0
2016,16,"1815*A",42,-1304,"Senecio crassulus",1,NA,NA,0.5,0,1,1,1,0,0,1.30188679245283,345.096867924927,0
2017,16,"1815*A",42,-1304,"Senecio crassulus",0,1,-1,0,0,0,0,0,0,1,1.28571428571429,0,0
2016,16,"1816*A",46,-1307,"Eriogonum umbellatum",0.5,NA,NA,0.5,0,1,1,1,0,0,1.30188679245283,251.510240632059,0
2017,16,"1816*A",46,-1307,"Eriogonum umbellatum",1,0.5,0.5,1.5,0,0,0,1,0,0,1.28571428571429,99.9999999999999,0
2018,16,"1816*A",46,-1307,"Eriogonum umbellatum",0,1,-1,0,0,0,0,0,0,1,1.12213740458015,0,0
2016,16,"1817*A",3,-1211,"Lupinus argenteus",5,NA,NA,3,0,0,1,1,0,0,1.30188679245283,0,0
2017,16,"1817*A",3,-1211,"Lupinus argenteus",2.5,5,-2.5,3,0,0,0,1,0,0,1.28571428571429,0,0
2018,16,"1817*A",3,-1211,"Lupinus argenteus",0,2.5,-2.5,0,0,0,0,0,0,1,1.12213740458015,0,0
2016,16,"1818*A",93,-1330,"Lupinus argenteus",4.5,NA,NA,4,0,0,1,1,0,0,1.30188679245283,0,8.87558975641381
2017,16,"1818*A",93,-1330,"Lupinus argenteus",0,4.5,-4.5,0,0,0,0,0,0,1,1.28571428571429,0,0
2014,15,"182*A",1705,-835,"Lupinus argenteus",16,NA,NA,11,1,0,NA,1,0,0,2.52336448598131,75.9824159468119,174.396326324514
2015,15,"182*A",1705,-835,"Lupinus argenteus",0,16,-16,0,0,0,0,0,0,1,3.0530303030303,0,0
2016,16,"1820*A",127,-1335,"Senecio crassulus",1,NA,NA,3,0,1,1,1,0,0,1.30188679245283,99.9999999999978,0
2017,16,"1820*A",127,-1335,"Senecio crassulus",5,1,4,7,0,0,0,1,0,0,1.28571428571429,223.348530971326,0
2018,16,"1820*A",127,-1335,"Senecio crassulus",0,5,-5,0,0,0,0,0,0,1,1.12213740458015,0,0
2016,16,"1821*A",127,-1335,"Eriogonum umbellatum",1,NA,NA,1,0,1,1,1,0,0,1.30188679245283,7.85232689014624,0
2017,16,"1821*A",127,-1335,"Eriogonum umbellatum",2.8,1,1.8,1.5,0,0,0,1,0,0,1.28571428571429,87.8758275940648,43.8492302470029
2018,16,"1821*A",127,-1335,"Eriogonum umbellatum",1.5,2.8,-1.3,1.5,0,0,0,1,0,0,1.12213740458015,0,100
2019,16,"1821*A",127,-1335,"Eriogonum umbellatum",0,1.5,-1.5,0,0,0,0,0,0,1,0.5,0,0
2016,16,"1822*A",134,-1364,"Lupinus argenteus",2,NA,NA,3,0,0,1,1,0,0,1.30188679245283,40.2610260983359,200
2017,16,"1822*A",134,-1364,"Lupinus argenteus",0,2,-2,0,0,0,0,0,0,1,1.28571428571429,0,0
2016,16,"1823*A",150,-1240,"Lupinus argenteus",9,NA,NA,6,0,0,1,1,0,0,1.30188679245283,10.7069375708158,0
2017,16,"1823*A",150,-1240,"Lupinus argenteus",0,9,-9,0,0,0,0,0,0,1,1.28571428571429,0,0
2016,16,"1824*A",194,-1316,"Lupinus argenteus",4,NA,NA,3,0,0,1,1,0,0,1.30188679245283,0,0
2017,16,"1824*A",194,-1316,"Lupinus argenteus",0,4,-4,0,0,0,0,0,0,1,1.28571428571429,0,0
2016,17,"1825*A",504,-1324,"Agoseris glauca",1.1,NA,NA,1,0,1,1,1,0,0,1.30188679245283,99.9999999999889,0
2017,17,"1825*A",504,-1324,"Agoseris glauca",1,1.1,-0.1,1,0,0,0,1,0,0,1.28571428571429,100.000000000008,0
2018,17,"1825*A",504,-1324,"Agoseris glauca",2.5,1,1.5,3,0,0,0,1,0,0,1.12213740458015,100.000000000003,0
2019,17,"1825*A",504,-1324,"Agoseris glauca",6,2.5,3.5,7.5,1,0,0,1,0,0,0.5,99.999999999996,0
2016,17,"1826*A",490,-1315,"Lupinus argenteus",8,NA,NA,6,0,0,1,1,0,0,1.30188679245283,100,82.2209220134669
2017,17,"1826*A",490,-1315,"Lupinus argenteus",0,8,-8,0,0,0,0,1,0,0,1.28571428571429,0,0
2018,17,"1826*A",490,-1315,"Lupinus argenteus",3.5,0,3.5,4,0,0,0,1,0,0,1.12213740458015,100.000000000001,0
2019,17,"1826*A",490,-1315,"Lupinus argenteus",0,3.5,-3.5,0,0,0,0,0,0,1,0.5,0,0
2016,17,"1827*A",553,-1308,"Lupinus argenteus",9,NA,NA,5,0,0,1,1,0,0,1.30188679245283,99.9999999999998,0
2017,17,"1827*A",553,-1308,"Lupinus argenteus",7,9,-2,5,0,0,0,1,0,0,1.28571428571429,100.000000000001,0
2018,17,"1827*A",553,-1308,"Lupinus argenteus",3,7,-4,3,0,0,0,1,0,0,1.12213740458015,92.7205997747754,0
2019,17,"1827*A",553,-1308,"Lupinus argenteus",0,3,-3,0,0,0,0,0,0,1,0.5,0,0
2016,17,"1828*A",571,-1219,"Lupinus argenteus",12,NA,NA,7,0,0,1,1,0,0,1.30188679245283,0,0
2017,17,"1828*A",571,-1219,"Lupinus argenteus",10,12,-2,11,1,0,0,1,0,0,1.28571428571429,0,0
2018,17,"1828*A",571,-1219,"Lupinus argenteus",9.5,10,-0.5,5.5,0,0,0,1,0,0,1.12213740458015,0,0
2019,17,"1828*A",571,-1219,"Lupinus argenteus",4,9.5,-5.5,3,0,0,0,1,0,0,0.5,0,0
2016,17,"1829*A",559,-1245,"Lupinus argenteus",6,NA,NA,5,0,0,1,1,0,0,1.30188679245283,14.6436094088479,0
2017,17,"1829*A",559,-1245,"Lupinus argenteus",2,6,-4,3,0,0,0,1,0,0,1.28571428571429,100.000000000001,0
2018,17,"1829*A",559,-1245,"Lupinus argenteus",0,2,-2,0,0,0,0,0,0,1,1.12213740458015,0,0
2014,15,"183*A",1720,-830,"Lupinus argenteus",15,NA,NA,6,0,0,NA,1,0,0,2.52336448598131,2.93444463727371,156.2167501856
2015,15,"183*A",1720,-830,"Lupinus argenteus",0,15,-15,0,0,0,0,0,0,1,3.0530303030303,0,0
2016,19,"1830*A",1269,-1372,"Lupinus argenteus",10,NA,NA,6,0,0,1,1,0,0,1.30188679245283,287.795555160654,20.0789159784724
2017,19,"1830*A",1269,-1372,"Lupinus argenteus",0,10,-10,0,0,0,0,1,0,0,1.28571428571429,0,0
2018,19,"1830*A",1269,-1372,"Lupinus argenteus",8,0,8,6,0,0,0,1,0,0,1.12213740458015,258.790436729262,62.9367747634816
2019,19,"1830*A",1269,-1372,"Lupinus argenteus",12,8,4,8,0,0,0,1,0,0,0.5,249.368633029717,43.7709753244518
2016,19,"1831*A",1302,-1312,"Ivesia gordonii",0.5,NA,NA,0.5,0,1,1,1,0,0,1.30188679245283,399.999999999959,0
2017,19,"1831*A",1302,-1312,"Ivesia gordonii",0.5,0.5,0,0.5,0,0,0,1,0,0,1.28571428571429,399.999999999959,84.4742139774441
2018,19,"1831*A",1302,-1312,"Ivesia gordonii",1,0.5,0.5,0.5,0,0,0,1,0,0,1.12213740458015,400.000000000048,93.5015808103087
2019,19,"1831*A",1302,-1312,"Ivesia gordonii",2,1,1,1.5,0,0,0,1,0,0,0.5,400.000000000004,103.789613969393
2016,19,"1832*A",1310,-1311,"Heterotheca villosa",0.5,NA,NA,0.5,0,1,1,1,0,0,1.30188679245283,299.999999999993,99.9999999999976
2017,19,"1832*A",1310,-1311,"Heterotheca villosa",0,0.5,-0.5,0,0,0,0,0,0,1,1.28571428571429,0,0
2015,19,"1833*A",1360,-1280,"Ivesia gordonii",2,NA,NA,2,0,0,1,1,0,0,3.0530303030303,456.98366,100
2016,19,"1833*A",1360,-1280,"Ivesia gordonii",2,2,0,2,0,0,0,1,0,0,1.30188679245283,471.592206745119,34.4583846592701
2017,19,"1833*A",1360,-1280,"Ivesia gordonii",0.5,2,-1.5,0.5,0,0,0,1,0,0,1.28571428571429,583.762445382128,0
2018,19,"1833*A",1360,-1280,"Ivesia gordonii",0,0.5,-0.5,0,0,0,0,0,0,1,1.12213740458015,0,0
2016,19,"1834*A",1354,-1284,"Heterotheca villosa",0.5,NA,NA,0.5,0,1,1,1,0,0,1.30188679245283,399.999999999952,99.9999999999879
2017,19,"1834*A",1354,-1284,"Heterotheca villosa",0,0.5,-0.5,0,0,0,0,0,0,1,1.28571428571429,0,0
2016,19,"1835*A",1380,-1354,"Eriogonum umbellatum",1,NA,NA,0.5,0,1,1,1,0,0,1.30188679245283,100.000000000001,199.436835676134
2017,19,"1835*A",1380,-1354,"Eriogonum umbellatum",1,1,0,0.5,0,0,0,1,0,0,1.28571428571429,111.520175186879,200.000000000002
2018,19,"1835*A",1380,-1354,"Eriogonum umbellatum",0.5,1,-0.5,0.5,0,0,0,1,0,0,1.12213740458015,0,199.999999999983
2019,19,"1835*A",1380,-1354,"Eriogonum umbellatum",0,0.5,-0.5,0,0,0,0,0,0,1,0.5,0,0
2016,19,"1836*A",1374,-1361,"Ivesia gordonii",0.5,NA,NA,0.5,0,1,1,1,0,0,1.30188679245283,399.999999999959,0
2017,19,"1836*A",1374,-1361,"Ivesia gordonii",1,0.5,0.5,1,0,0,0,1,0,0,1.28571428571429,399.692356989304,0
2018,19,"1836*A",1374,-1361,"Ivesia gordonii",2.5,1,1.5,2.5,0,0,0,1,0,0,1.12213740458015,153.052389757202,0
2019,19,"1836*A",1374,-1361,"Ivesia gordonii",7,2.5,4.5,4,0,0,0,1,0,0,0.5,201.934981785896,0
2016,19,"1837*A",1374,-1360,"Eriogonum umbellatum",2,NA,NA,1,0,1,1,1,0,0,1.30188679245283,198.624700907397,99.9999999999998
2017,19,"1837*A",1374,-1360,"Eriogonum umbellatum",1,2,-1,1,0,0,0,1,0,0,1.28571428571429,242.291571266597,99.9999999999899
2018,19,"1837*A",1374,-1360,"Eriogonum umbellatum",1,1,0,1,0,0,0,1,0,0,1.12213740458015,97.2104771181274,101.119264729674
2019,19,"1837*A",1374,-1360,"Eriogonum umbellatum",1.5,1,0.5,1,0,0,0,1,0,0,0.5,150.307698792712,129.357873763507
2016,19,"1838*A",1378,-1356,"Senecio crassulus",0.5,NA,NA,1,0,1,1,1,0,0,1.30188679245283,200.000000000104,0
2017,19,"1838*A",1378,-1356,"Senecio crassulus",0,0.5,-0.5,0,0,0,0,0,0,1,1.28571428571429,0,0
2014,19,"1839*A",1330,-1336,"Ivesia gordonii",7,NA,NA,4,0,0,NA,1,0,0,2.52336448598131,202.217193944246,100
2015,19,"1839*A",1330,-1336,"Ivesia gordonii",7,7,0,4,0,0,0,1,0,0,3.0530303030303,214.05788,100
2016,19,"1839*A",1330,-1336,"Ivesia gordonii",7,7,0,4,0,0,0,1,0,0,1.30188679245283,207.513832615945,90.7458466789197
2017,19,"1839*A",1330,-1336,"Ivesia gordonii",5,7,-2,4,0,0,0,1,0,0,1.28571428571429,229.110650825989,73.0165183683356
2018,19,"1839*A",1330,-1336,"Ivesia gordonii",4.5,5,-0.5,4,0,0,0,1,0,0,1.12213740458015,201.243616779908,13.2965099026895
2019,19,"1839*A",1330,-1336,"Ivesia gordonii",7.5,4.5,3,3.5,1,0,0,1,0,0,0.5,235.880131036468,30.4722416260324
2014,15,"184*A",1730,-820,"Lupinus argenteus",17,NA,NA,9,0,0,NA,1,0,0,2.52336448598131,0,71.6296493053401
2015,15,"184*A",1730,-820,"Lupinus argenteus",0,17,-17,0,0,0,0,0,0,1,3.0530303030303,0,0
2016,20,"1840*A",1637,-1208,"Ivesia gordonii",2,NA,NA,3,0,0,1,1,0,0,1.30188679245283,99.9999999999997,99.9999999999997
2017,20,"1840*A",1637,-1208,"Ivesia gordonii",0,2,-2,0,0,0,0,0,0,1,1.28571428571429,0,0
2016,20,"1841*A",1789,-1285,"Lupinus argenteus",11,NA,NA,7,0,0,1,1,0,0,1.30188679245283,99.9999999999973,0
2017,20,"1841*A",1789,-1285,"Lupinus argenteus",15,11,4,8,2,0,0,1,0,0,1.28571428571429,100.000000000001,0
2018,20,"1841*A",1789,-1285,"Lupinus argenteus",13,15,-2,8.5,1,0,0,1,0,0,1.12213740458015,100.000000000001,0
2019,20,"1841*A",1789,-1285,"Lupinus argenteus",10,13,-3,5.5,0,0,0,1,0,0,0.5,99.9999999999992,0
2016,20,"1842*A",1743,-1253,"Heterotheca villosa",3,NA,NA,3,1,0,1,1,0,0,1.30188679245283,100.130074994192,0
2017,20,"1842*A",1743,-1253,"Heterotheca villosa",4,3,1,5,0,0,0,1,0,0,1.28571428571429,99.999999999995,0
2018,20,"1842*A",1743,-1253,"Heterotheca villosa",5.5,4,1.5,1.5,0,0,0,1,0,0,1.12213740458015,99.9999999999959,0
2019,20,"1842*A",1743,-1253,"Heterotheca villosa",16.5,5.5,11,8,8,0,0,1,0,0,0.5,128.826453378031,0
2016,20,"1843*A",1735.3506262,-1217.735597,"Eriogonum umbellatum",0.5,NA,NA,0.5,0,1,1,1,0,0,1.30188679245283,1.95359348993575,168.977940242266
2016,20,"1843*B",1734.8759023,-1217.4967649,"Eriogonum umbellatum",0.5,NA,NA,0.5,0,1,1,1,0,0,1.30188679245283,15.1191172652417,168.977940242216
2016,20,"1843*C",1733.8144746,-1219.6286358,"Eriogonum umbellatum",0.5,NA,NA,0.5,0,1,1,0,1,0,1.30188679245283,0,99.9999999999992
2017,20,"1843*A",1735.1168754,-1217.245199,"Eriogonum umbellatum",0.5,0.5,0,0.5,0,0,0,1,0,0,1.28571428571429,0,189.564479376816
2017,20,"1843*B",1734.9586341,-1217.1655883,"Eriogonum umbellatum",0.5,0.5,0,0.5,0,0,0,0,1,0,1.28571428571429,0,189.564479376803
2018,20,"1843*A",1735,-1217,"Eriogonum umbellatum",0,0.5,-0.5,0,0,0,0,0,0,1,1.12213740458015,0,0
2016,20,"1844*A",1749,-1212,"Ivesia gordonii",0.5,NA,NA,0.5,0,1,1,1,0,0,1.30188679245283,199.999999999979,0
2017,20,"1844*A",1749,-1212,"Ivesia gordonii",2,0.5,1.5,1,0,0,0,1,0,0,1.28571428571429,99.9999999999997,0
2018,20,"1844*A",1749,-1212,"Ivesia gordonii",0,2,-2,0,0,0,0,0,0,1,1.12213740458015,0,0
2016,20,"1845*A",1759,-1218,"Eriogonum umbellatum",1,NA,NA,1.5,0,1,1,1,0,0,1.30188679245283,248.693395155699,100.000000000003
2017,20,"1845*A",1759,-1218,"Eriogonum umbellatum",1,1,0,1,0,0,0,1,0,0,1.28571428571429,226.68631062394,100.000000000003
2018,20,"1845*A",1759,-1218,"Eriogonum umbellatum",0,1,-1,0,0,0,0,0,0,1,1.12213740458015,0,0
2015,20,"1846*A",1759,-1204,"Heterotheca villosa",1,NA,NA,1,0,0,1,1,0,0,3.0530303030303,400,0
2016,20,"1846*A",1759,-1204,"Heterotheca villosa",1,1,0,1,0,0,0,1,0,0,1.30188679245283,115.489095197492,0
2017,20,"1846*A",1759,-1204,"Heterotheca villosa",3,1,2,2,0,0,0,1,0,0,1.28571428571429,191.503227396851,0
2018,20,"1846*A",1759,-1204,"Heterotheca villosa",0,3,-3,0,0,0,0,0,0,1,1.12213740458015,0,0
2016,20,"1847*A",1755,-1222,"Ivesia gordonii",0.5,NA,NA,0.3,0,1,1,1,0,0,1.30188679245283,199.999999999979,99.9999999999897
2017,20,"1847*A",1755,-1222,"Ivesia gordonii",0,0.5,-0.5,0,0,0,0,0,0,1,1.28571428571429,0,0
2016,20,"1848*A",1782,-1204,"Eriogonum umbellatum",1,NA,NA,0.5,0,1,1,1,0,0,1.30188679245283,247.954962846225,0
2017,20,"1848*A",1782,-1204,"Eriogonum umbellatum",0,1,-1,0,0,0,0,1,0,0,1.28571428571429,0,0
2018,20,"1848*A",1782,-1204,"Eriogonum umbellatum",1,0,1,0.5,0,0,0,1,0,0,1.12213740458015,48.9081951529945,0
2019,20,"1848*A",1782,-1204,"Eriogonum umbellatum",1,1,0,0.5,0,0,0,1,0,0,0.5,26.8060112144713,0
2016,20,"1849*A",1755,-1240,"Lupinus argenteus",14,NA,NA,12,1,0,1,1,0,0,1.30188679245283,150.780568437456,129.126285771443
2017,20,"1849*A",1755,-1240,"Lupinus argenteus",5,14,-9,5,0,0,0,1,0,0,1.28571428571429,146.030705993446,94.144711906074
2018,20,"1849*A",1755,-1240,"Lupinus argenteus",0,5,-5,0,0,0,0,0,0,1,1.12213740458015,0,0
2014,15,"185*A",1775,-825,"Lupinus argenteus",13,NA,NA,8,0,0,NA,1,0,0,2.52336448598131,29.6583257411144,154.528409149143
2015,15,"185*A",1775,-825,"Lupinus argenteus",0,13,-13,0,0,0,0,0,0,1,3.0530303030303,0,0
2016,20,"1850*A",1764,-1254,"Poa stenantha",2,NA,NA,5,0,0,1,1,0,0,1.30188679245283,138.508039780738,0
2017,20,"1850*A",1764,-1254,"Poa stenantha",10,2,8,10,0,0,0,1,0,0,1.28571428571429,103.810716055157,0
2018,20,"1850*A",1764,-1254,"Poa stenantha",25,10,15,11.5,0,0,0,1,0,0,1.12213740458015,112.331394244026,0
2019,20,"1850*A",1764,-1254,"Poa stenantha",13.5,25,-11.5,13.5,0,0,0,1,0,0,0.5,194.291938247618,0
2016,20,"1851*A",1788,-1247,"Lupinus argenteus",10,NA,NA,8,0,0,1,1,0,0,1.30188679245283,170.792878435755,2.65975252126138
2017,20,"1851*A",1788,-1247,"Lupinus argenteus",0,10,-10,0,0,0,0,0,0,1,1.28571428571429,0,0
2016,20,"1852*A",1782.2337508,-1245.490398,"Eriogonum umbellatum",0.5,NA,NA,0.5,0,1,1,1,0,0,1.30188679245283,299.999999999975,179.199725935631
2016,20,"1852*B",1781.9172682,-1245.3311766,"Eriogonum umbellatum",0.5,NA,NA,0.5,0,1,1,0,1,0,1.30188679245283,300.000000000081,179.199725935689
2017,20,"1852*A",1782,-1245,"Eriogonum umbellatum",1,0.5,0.5,2,0,0,0,1,0,0,1.28571428571429,200.071775782271,99.9999999999915
2018,20,"1852*A",1782,-1245,"Eriogonum umbellatum",0,1,-1,0,0,0,0,0,0,1,1.12213740458015,0,0
2016,20,"1853*A",1725,-1265,"Lupinus argenteus",6,NA,NA,5,0,0,1,1,0,0,1.30188679245283,300,0
2017,20,"1853*A",1725,-1265,"Lupinus argenteus",8,6,2,5,0,0,0,1,0,0,1.28571428571429,199.999999999996,0
2018,20,"1853*A",1725,-1265,"Lupinus argenteus",0,8,-8,0,0,0,0,0,0,1,1.12213740458015,0,0
2016,20,"1854*A",1695,-1314,"Lupinus argenteus",8,NA,NA,6,0,0,1,1,0,0,1.30188679245283,300.670285709313,0
2017,20,"1854*A",1695,-1314,"Lupinus argenteus",10,8,2,7,0,0,0,1,0,0,1.28571428571429,223.176162712015,0
2018,20,"1854*A",1695,-1314,"Lupinus argenteus",0,10,-10,0,0,0,0,0,0,1,1.12213740458015,0,0
2016,20,"1855*A",1725,-1334,"Lupinus argenteus",13,NA,NA,7,0,0,1,1,0,0,1.30188679245283,331.878970060895,0
2017,20,"1855*A",1725,-1334,"Lupinus argenteus",17,13,4,11,2,0,0,1,0,0,1.28571428571429,260.814224882177,0
2018,20,"1855*A",1725,-1334,"Lupinus argenteus",16,17,-1,7.5,0,0,0,1,0,0,1.12213740458015,264.955704706923,0
2019,20,"1855*A",1725,-1334,"Lupinus argenteus",17.5,16,1.5,12.5,0,0,0,1,0,0,0.5,257.184725798666,0
2016,20,"1856*A",1622,-1344,"Agoseris glauca",1.5,NA,NA,2,0,0,1,1,0,0,1.30188679245283,400.000000000016,0
2017,20,"1856*A",1622,-1344,"Agoseris glauca",0,1.5,-1.5,0,0,0,0,0,0,1,1.28571428571429,0,0
2016,20,"1857*A",1628,-1348,"Lupinus argenteus",9,NA,NA,6,0,0,1,1,0,0,1.30188679245283,285.432249501753,7.96361276916262
2017,20,"1857*A",1628,-1348,"Lupinus argenteus",0,9,-9,0,0,0,0,0,0,1,1.28571428571429,0,0
2015,20,"1858*A",1652,-1335,"Eriogonum umbellatum",1,NA,NA,1,0,0,1,1,0,0,3.0530303030303,353.080876,237.32547
2016,20,"1858*A",1652,-1335,"Eriogonum umbellatum",1,1,0,1,0,0,0,1,0,0,1.30188679245283,100.000000000001,300.000000000003
2017,20,"1858*A",1652,-1335,"Eriogonum umbellatum",2,1,1,1.5,0,0,0,1,0,0,1.28571428571429,100.000000000003,300.000000000009
2018,20,"1858*A",1652,-1335,"Eriogonum umbellatum",0,2,-2,0,0,0,0,0,0,1,1.12213740458015,0,0
2016,20,"1859*A",1666,-1334,"Lupinus argenteus",2,NA,NA,2,0,0,1,1,0,0,1.30188679245283,374.228122832931,45.3102695610547
2017,20,"1859*A",1666,-1334,"Lupinus argenteus",0,2,-2,0,0,0,0,0,0,1,1.28571428571429,0,0
2014,15,"186*A",1780,-830,"Lupinus argenteus",14,NA,NA,7,0,0,NA,1,0,0,2.52336448598131,24.9842007918683,197.226068291026
2015,15,"186*A",1780,-830,"Lupinus argenteus",16,14,2,6.5,2,0,0,1,0,0,3.0530303030303,26.6643821275324,2.44140625000004
2016,15,"186*A",1780,-830,"Lupinus argenteus",0,16,-16,0,0,0,0,0,0,1,1.30188679245283,0,0
2016,20,"1860*A",1666,-1330,"Lupinus argenteus",4,NA,NA,2,0,0,1,1,0,0,1.30188679245283,308.173086924471,11.3275673902624
2017,20,"1860*A",1666,-1330,"Lupinus argenteus",0,4,-4,0,0,0,0,0,0,1,1.28571428571429,0,0
2016,20,"1861*A",1669,-1369,"Eriogonum umbellatum",1,NA,NA,0.5,0,0,1,1,0,0,1.30188679245283,432.011114273972,286.365879813406
2017,20,"1861*A",1669,-1369,"Eriogonum umbellatum",1.5,1,0.5,0.5,0,0,0,1,0,0,1.28571428571429,400.000000000016,300.000000000012
2018,20,"1861*A",1669,-1369,"Eriogonum umbellatum",0,1.5,-1.5,0,0,0,0,0,0,1,1.12213740458015,0,0
2015,20,"1862*A",1656,-1383,"Phacelia hastata",1.5,NA,NA,2,0,0,1,1,0,0,3.0530303030303,400,0
2016,20,"1862*A",1656,-1383,"Phacelia hastata",1.5,1.5,0,2,0,0,0,1,0,0,1.30188679245283,399.999999999987,0
2017,20,"1862*A",1656,-1383,"Phacelia hastata",5,1.5,3.5,2,0,0,0,1,0,0,1.28571428571429,299.999999999997,0
2018,20,"1862*A",1656,-1383,"Phacelia hastata",1.5,5,-3.5,1,0,0,0,1,0,0,1.12213740458015,199.999999999994,0
2019,20,"1862*A",1656,-1383,"Phacelia hastata",0,1.5,-1.5,0,0,0,0,0,0,1,0.5,0,0
2016,20,"1863*A",1664,-1367,"Lupinus argenteus",4,NA,NA,3,0,0,1,1,0,0,1.30188679245283,586.771499680072,24.4342735536764
2017,20,"1863*A",1664,-1367,"Lupinus argenteus",0,4,-4,0,0,0,0,0,0,1,1.28571428571429,0,0
2016,20,"1864*A",1664,-1363,"Lupinus argenteus",3,NA,NA,3,0,0,1,1,0,0,1.30188679245283,530.032372566822,42.3382082950698
2017,20,"1864*A",1664,-1363,"Lupinus argenteus",0,3,-3,0,0,0,0,0,0,1,1.28571428571429,0,0
2016,20,"1865*A",1664,-1357,"Arenaria congesta",1,NA,NA,1,0,0,1,1,0,0,1.30188679245283,399.999999999966,0
2017,20,"1865*A",1664,-1357,"Arenaria congesta",1.5,1,0.5,1.5,0,0,0,1,0,0,1.28571428571429,499.058607599655,0
2018,20,"1865*A",1664,-1357,"Arenaria congesta",1,1.5,-0.5,1,0,0,0,1,0,0,1.12213740458015,299.999999999974,0
2019,20,"1865*A",1664,-1357,"Arenaria congesta",1.5,1,0.5,2.5,0,0,0,1,0,0,0.5,199.999999999983,0
2016,20,"1866*A",1649.75969004,-1372.59379344,"Arenaria congesta",1,NA,NA,1,0,0,1,1,0,0,1.30188679245283,600.000000000018,7.58697324320876
2016,20,"1866*B",1648.73112154,-1372.07632395,"Arenaria congesta",1,NA,NA,1,0,0,1,1,0,0,1.30188679245283,600.00000000003,7.58697324321738
2016,20,"1866*C",1646.43136163,-1376.69537755,"Arenaria congesta",1,NA,NA,1,0,0,1,1,0,0,1.30188679245283,500.00000000003,0
2016,20,"1866*D",1652.77278931,-1366.2049078,"Arenaria congesta",1,NA,NA,1,0,0,1,1,0,0,1.30188679245283,500.00000000004,0
2016,20,"1866*E",1644.64480465,-1368.30629115,"Arenaria congesta",1,NA,NA,1,0,0,1,1,0,0,1.30188679245283,399.999999999985,35.9176295783556
2016,20,"1866*F",1644.78877451,-1367.59424262,"Arenaria congesta",1,NA,NA,1,0,0,1,1,0,0,1.30188679245283,410.621355345636,35.9176295783505
2016,20,"1866-old*G",1650.61873164,-1367.08931379,"Arenaria congesta",1,NA,NA,1,0,0,1,0,1,0,1.30188679245283,499.999999999981,0
2017,20,"1866*A",1649.87656543,-1372.83899243,"Arenaria congesta",2,1,1,2,0,0,0,1,0,0,1.28571428571429,400.000000000016,40.8895568328647
2017,20,"1866*B",1648.68975563,-1372.24191225,"Arenaria congesta",2,1,1,2,0,0,0,1,0,0,1.28571428571429,395.693873793716,40.8895568328641
2017,20,"1866*C",1646.03618649,-1377.57158948,"Arenaria congesta",2,1,1,2,0,0,0,1,0,0,1.28571428571429,299.999999999951,0
2017,20,"1866*D",1653.35321844,-1365.46720131,"Arenaria congesta",2,1,1,2,0,0,0,1,0,0,1.28571428571429,315.966942911582,0
2017,20,"1866*E",1643.97477459,-1367.8918744,"Arenaria congesta",2,1,1,2,0,0,0,1,0,0,1.28571428571429,299.999999999984,81.060947713257
2017,20,"1866*F",1644.14089366,-1367.07027995,"Arenaria congesta",2,1,1,2,0,0,0,1,0,0,1.28571428571429,302.362229724982,82.6067709381402
2018,20,"1866*A",1649.81812774,-1372.71639293,"Arenaria congesta",1,2,-1,1,1,0,0,1,0,0,1.12213740458015,200.00000000007,3.56245147795256
2018,20,"1866*B",1648.71043859,-1372.1591181,"Arenaria congesta",1,2,-1,1,0,0,0,1,0,0,1.12213740458015,200.000000000062,3.56245147795441
2018,20,"1866*C",1646.23377406,-1377.13348351,"Arenaria congesta",1,2,-1,1,0,0,0,1,0,0,1.12213740458015,200.000000000024,0
2018,20,"1866*D",1653.06300387,-1365.83605456,"Arenaria congesta",1,2,-1,1,0,0,0,1,0,0,1.12213740458015,199.99999999996,0
2018,20,"1866*E",1644.30978962,-1368.09908277,"Arenaria congesta",1,2,-1,1,0,0,0,1,0,0,1.12213740458015,199.999999999988,43.6215782204951
2018,20,"1866*F",1644.46483408,-1367.33226128,"Arenaria congesta",1,2,-1,1,0,0,0,1,0,0,1.12213740458015,199.999999999977,31.5884474694957
2019,20,"1866*A",1650.46094239,-1374.06498738,"Arenaria congesta",3.5,1,2.5,6,1,0,0,1,0,0,0.5,200.000000000008,43.4754817034173
2019,20,"1866*B",1648.48292605,-1373.06985376,"Arenaria congesta",3.5,1,2.5,6,1,0,0,1,0,0,0.5,199.999999999997,43.4754817034032
2019,20,"1866*C",1644.06031082,-1381.95264913,"Arenaria congesta",3.5,1,2.5,6,1,0,0,1,0,0,0.5,200.000000000006,0
2019,20,"1866*D",1656.25536406,-1361.77866885,"Arenaria congesta",3.5,1,2.5,6,1,0,0,1,0,0,0.5,199.999999999992,3.08898965050417
2019,20,"1866*E",1640.62462432,-1365.81979066,"Arenaria congesta",3.5,1,2.5,6,1,0,0,1,0,0,0.5,200,174.702751624982
2019,20,"1866*F",1640.90148944,-1364.45046658,"Arenaria congesta",3.5,1,2.5,6,0,0,0,0,1,0,0.5,199.999999999985,166.948043446447
2019,20,"1866*G",1652.11294546,-1363.47944959,"Arenaria congesta",3.5,NA,NA,6,0,0,1,0,1,0,0.5,200.000000000012,41.8320403356166
2019,20,"1866*H",1640.58927913,-1373.96567106,"Arenaria congesta",3.5,NA,NA,6,0,0,1,0,1,0,0.5,200.000000000008,120.645330777527
2019,20,"1866*I",1654.59158091,-1379.43446492,"Arenaria congesta",3.5,NA,NA,6,0,0,1,0,1,0,0.5,200.000000000026,0
2019,20,"1866*J",1649.50954583,-1363.77640546,"Arenaria congesta",3.5,NA,NA,6,0,0,1,0,1,0,0.5,200.000000000004,35.7163022752051
2019,20,"1866*K",1652.36359259,-1359.30855057,"Arenaria congesta",3.5,NA,NA,6,0,0,1,0,1,0,0.5,199.999999999988,33.027746346263
2016,20,"1867*A",1650,-1372,"Lupinus argenteus",11,NA,NA,6,0,0,1,1,0,0,1.30188679245283,388.847963705689,0.0818553901087496
2017,20,"1867*A",1650,-1372,"Lupinus argenteus",2.5,11,-8.5,2,1,0,0,1,0,0,1.28571428571429,375.809901533476,0
2018,20,"1867*A",1650,-1372,"Lupinus argenteus",0,2.5,-2.5,0,0,0,0,0,0,1,1.12213740458015,0,0
2016,20,"1868*A",1649,-1365,"Chaenactis douglasii",0.5,NA,NA,1,0,1,1,1,0,0,1.30188679245283,400.000000000024,0
2017,20,"1868*A",1649,-1365,"Chaenactis douglasii",0,0.5,-0.5,0,0,0,0,0,0,1,1.28571428571429,0,0
2016,20,"1869*A",1658,-1363,"Eriogonum umbellatum",1,NA,NA,1,0,1,1,1,0,0,1.30188679245283,146.519129851048,200.128329974953
2017,20,"1869*A",1658,-1363,"Eriogonum umbellatum",0,1,-1,0,0,0,0,0,0,1,1.28571428571429,0,0
2014,15,"187*A",1780,-840,"Lupinus argenteus",10,NA,NA,7,0,0,NA,1,0,0,2.52336448598131,0,202.672539599337
2015,15,"187*A",1780,-840,"Lupinus argenteus",0,10,-10,0,0,0,0,0,0,1,3.0530303030303,0,0
2016,20,"1870*A",1645,-1357,"Eriogonum umbellatum",1,NA,NA,1,0,1,1,1,0,0,1.30188679245283,55.2412026635626,200.000000000004
2017,20,"1870*A",1645,-1357,"Eriogonum umbellatum",0,1,-1,0,0,0,0,0,0,1,1.28571428571429,0,0
2016,20,"1871*A",1639,-1361,"Lupinus argenteus",2,NA,NA,2,0,0,1,1,0,0,1.30188679245283,209.046798402947,8.74421018774111
2017,20,"1871*A",1639,-1361,"Lupinus argenteus",0,2,-2,0,0,0,0,0,0,1,1.28571428571429,0,0
2016,20,"1872*A",1638,-1361,"Agoseris glauca",0.5,NA,NA,2,0,1,1,1,0,0,1.30188679245283,300.000000000144,0
2017,20,"1872*A",1638,-1361,"Agoseris glauca",0,0.5,-0.5,0,0,0,0,0,0,1,1.28571428571429,0,0
2016,20,"1873*A",1640,-1358,"Ivesia gordonii",1,NA,NA,1,0,1,1,1,0,0,1.30188679245283,329.2501915505,6.71476236486584
2017,20,"1873*A",1640,-1358,"Ivesia gordonii",1,1,0,1,0,0,0,1,0,0,1.28571428571429,300.000000000051,0
2018,20,"1873*A",1640,-1358,"Ivesia gordonii",0,1,-1,0,0,0,0,0,0,1,1.12213740458015,0,0
2015,20,"1874*A",1640,-1365,"Heterotheca villosa",1,NA,NA,1,0,0,1,1,0,0,3.0530303030303,378.182053,0
2016,20,"1874*A",1640,-1365,"Heterotheca villosa",1,1,0,1,0,0,0,1,0,0,1.30188679245283,208.587899185915,0
2017,20,"1874*A",1640,-1365,"Heterotheca villosa",1,1,0,1,0,0,0,1,0,0,1.28571428571429,300.000000000045,0
2018,20,"1874*A",1640,-1365,"Heterotheca villosa",0,1,-1,0,0,0,0,0,0,1,1.12213740458015,0,0
2015,20,"1875*A",1638,-1370,"Eriogonum umbellatum",1,NA,NA,1,0,0,1,1,0,0,3.0530303030303,122.94105,200
2016,20,"1875*A",1638,-1370,"Eriogonum umbellatum",1,1,0,1,0,0,0,1,0,0,1.30188679245283,42.599910953666,199.999999999995
2017,20,"1875*A",1638,-1370,"Eriogonum umbellatum",0,1,-1,0,0,0,0,0,0,1,1.28571428571429,0,0
2016,20,"1876*A",1635,-1356,"Lupinus argenteus",5,NA,NA,2.5,0,0,1,1,0,0,1.30188679245283,279.353251404228,27.2011790021283
2017,20,"1876*A",1635,-1356,"Lupinus argenteus",0,5,-5,0,0,0,0,0,0,1,1.28571428571429,0,0
2016,20,"1877*A",1632,-1365,"Eriogonum umbellatum",1,NA,NA,0.5,0,1,1,1,0,0,1.30188679245283,11.9341029425167,201.217356294908
2017,20,"1877*A",1632,-1365,"Eriogonum umbellatum",1.5,1,0.5,1,0,0,0,1,0,0,1.28571428571429,200.000000000004,224.943040453005
2018,20,"1877*A",1632,-1365,"Eriogonum umbellatum",3,1.5,1.5,1,0,0,0,1,0,0,1.12213740458015,105.010225247842,199.999999999995
2019,20,"1877*A",1632,-1365,"Eriogonum umbellatum",0,3,-3,0,0,0,0,0,0,1,0.5,0,0
2016,20,"1878*A",1635,-1373,"Penstemon whippleanus",1.5,NA,NA,1.5,0,1,1,1,0,0,1.30188679245283,314.158190776968,0
2017,20,"1878*A",1635,-1373,"Penstemon whippleanus",0,1.5,-1.5,0,0,0,0,0,0,1,1.28571428571429,0,0
2014,20,"1879*A",1605.5,-1389,"Penstemon whippleanus",8,NA,NA,4,0,0,NA,1,0,0,2.52336448598131,548.440812805137,0
2015,20,"1879*A",1605.5,-1389,"Penstemon whippleanus",8,8,0,4,0,0,0,1,0,0,3.0530303030303,544.5120431,0
2016,20,"1879*A",1605.5,-1389,"Penstemon whippleanus",8,8,0,4,0,0,0,1,0,0,1.30188679245283,344.55100961044,0
2017,20,"1879*A",1605.5,-1389,"Penstemon whippleanus",21,8,13,22,4,0,0,1,0,0,1.28571428571429,384.167921985617,0
2018,20,"1879*A",1605.5,-1389,"Penstemon whippleanus",10.5,21,-10.5,4,0,0,0,1,0,0,1.12213740458015,270.345702826865,0
2019,20,"1879*A",1605.5,-1389,"Penstemon whippleanus",10.5,10.5,0,14,0,0,0,1,0,0,0.5,323.855204717466,0
2014,15,"188*A",1790,-835,"Lupinus argenteus",20,NA,NA,10,1,0,NA,1,0,0,2.52336448598131,10.5661846037642,119.278617306857
2015,15,"188*A",1790,-835,"Lupinus argenteus",0,20,-20,0,0,0,0,0,0,1,3.0530303030303,0,0
2016,20,"1880*A",1615,-1393,"Heterotheca villosa",1,NA,NA,1.5,0,1,1,1,0,0,1.30188679245283,382.65013693249,0
2017,20,"1880*A",1615,-1393,"Heterotheca villosa",3,1,2,2,0,0,0,1,0,0,1.28571428571429,457.851640681487,0
2018,20,"1880*A",1615,-1393,"Heterotheca villosa",0,3,-3,0,0,0,0,0,0,1,1.12213740458015,0,0
2016,20,"1881*A",1607,-1385,"Heterotheca villosa",1,NA,NA,1.5,0,1,1,1,0,0,1.30188679245283,401.035122916462,0
2017,20,"1881*A",1607,-1385,"Heterotheca villosa",0,1,-1,0,0,0,0,0,0,1,1.28571428571429,0,0
2016,20,"1882*A",1635,-1374,"Ivesia gordonii",2.5,NA,NA,2.5,0,1,1,1,0,0,1.30188679245283,272.807542233253,1.07781865356913
2017,20,"1882*A",1635,-1374,"Ivesia gordonii",5,2.5,2.5,3,0,0,0,1,0,0,1.28571428571429,284.893868161942,48.6622278631022
2018,20,"1882*A",1635,-1374,"Ivesia gordonii",2,5,-3,3,0,0,0,1,0,0,1.12213740458015,215.623448012862,0
2019,20,"1882*A",1635,-1374,"Ivesia gordonii",0,2,-2,0,0,0,0,0,0,1,0.5,0,0
2016,20,"1883*A",1622,-1379,"Senecio crassulus",1,NA,NA,3,0,1,1,1,0,0,1.30188679245283,335.416775547455,0
2017,20,"1883*A",1622,-1379,"Senecio crassulus",0,1,-1,0,0,0,0,0,0,1,1.28571428571429,0,0
2016,20,"1884*A",1616,-1372,"Senecio crassulus",2,NA,NA,1,0,1,1,1,0,0,1.30188679245283,445.923485533721,0
2017,20,"1884*A",1616,-1372,"Senecio crassulus",0,2,-2,0,0,0,0,0,0,1,1.28571428571429,0,0
2015,20,"1885*A",1613,-1376,"Agoseris glauca",3,NA,NA,7,1,0,1,1,0,0,3.0530303030303,600,0
2016,20,"1885*A",1613,-1376,"Agoseris glauca",3,3,0,7,1,0,0,1,0,0,1.30188679245283,282.304729565955,0
2017,20,"1885*A",1613,-1376,"Agoseris glauca",4.5,3,1.5,6,0,0,0,1,0,0,1.28571428571429,456.139464585463,0
2018,20,"1885*A",1613,-1376,"Agoseris glauca",0,4.5,-4.5,0,0,0,0,0,0,1,1.12213740458015,0,0
2016,20,"1886*A",1605,-1373,"Heterotheca villosa",2,NA,NA,2,0,1,1,1,0,0,1.30188679245283,278.245916068847,0
2017,20,"1886*A",1605,-1373,"Heterotheca villosa",0.5,2,-1.5,0.3,0,0,0,1,0,0,1.28571428571429,381.339573898892,0
2018,20,"1886*A",1605,-1373,"Heterotheca villosa",0,0.5,-0.5,0,0,0,0,0,0,1,1.12213740458015,0,0
2016,20,"1887*A",1601,-1373,"Senecio crassulus",1,NA,NA,2,0,1,1,1,0,0,1.30188679245283,200.000000000028,0
2017,20,"1887*A",1601,-1373,"Senecio crassulus",0,1,-1,0,0,0,0,0,0,1,1.28571428571429,0,0
2016,20,"1888*A",1616,-1371,"Lupinus argenteus",5,NA,NA,4,0,0,1,1,0,0,1.30188679245283,390.085878575167,0
2017,20,"1888*A",1616,-1371,"Lupinus argenteus",0,5,-5,0,0,0,0,0,0,1,1.28571428571429,0,0
2016,20,"1889*A",1627.92188477,-1382.12997475,"Eriogonum umbellatum",1,NA,NA,1,0,1,1,1,0,0,1.30188679245283,8.71516692182441,200.000000000002
2016,20,"1889*B",1623.96585209,-1380.13970752,"Eriogonum umbellatum",1,NA,NA,1,0,1,1,1,0,0,1.30188679245283,93.2318319055933,200.000000000004
2016,20,"1889*C",1615.12062164,-1397.905298266,"Eriogonum umbellatum",1,NA,NA,1,0,1,1,1,0,0,1.30188679245283,100.159564078122,200.000000000014
2016,20,"1889*D",1639.51072812,-1357.5573377,"Eriogonum umbellatum",1,NA,NA,1,0,1,1,1,0,0,1.30188679245283,124.844396944594,199.999999999998
2016,20,"1889*E",1608.24924864,-1365.63958133,"Eriogonum umbellatum",1,NA,NA,1,0,1,1,1,0,0,1.30188679245283,172.673683295198,223.788187000507
2016,20,"1889*F",1608.802978874,-1362.90093316,"Eriogonum umbellatum",1,NA,NA,1,0,1,1,1,0,0,1.30188679245283,191.81007161917,223.788187000524
2016,20,"1889*G",1631.22589093,-1360.95889918,"Eriogonum umbellatum",1,NA,NA,1,0,1,1,1,0,0,1.30188679245283,105.401527176647,201.217356294891
2016,20,"1889*H",1608.178558258,-1381.93134212,"Eriogonum umbellatum",1,NA,NA,1,0,1,1,1,0,0,1.30188679245283,205.959381596843,200.000000000006
2016,20,"1889*I",1636.18316182,-1392.86892985,"Eriogonum umbellatum",1,NA,NA,1,0,1,1,1,0,0,1.30188679245283,95.8122883635346,206.062159548625
2016,20,"1889*J",1626.01909165,-1361.55281091,"Eriogonum umbellatum",1,NA,NA,1,0,1,1,1,0,0,1.30188679245283,37.2934507635765,200.000000000006
2016,20,"1889*K",1631.72718518,-1352.61710114,"Eriogonum umbellatum",1,NA,NA,1,0,1,1,1,0,0,1.30188679245283,253.40367490326,200.000000000018
2016,20,"1889*L",1618.83869098,-1366.80704119,"Eriogonum umbellatum",1,NA,NA,1,0,1,1,1,0,0,1.30188679245283,291.594874452004,200.00000000001
2016,20,"1889*M",1642.552759,-1392.735679713,"Eriogonum umbellatum",1,NA,NA,1,0,1,1,0,1,0,1.30188679245283,100.000000000001,200.000000000002
2016,20,"1889*N",1648.39794243,-1372.65915064,"Eriogonum umbellatum",1,NA,NA,1,0,1,1,0,1,0,1.30188679245283,320.21916229175,199.999999999984
2016,20,"1889*O",1623.65653318,-1355.72704492,"Eriogonum umbellatum",1,NA,NA,1,0,1,1,0,1,0,1.30188679245283,52.8145008693754,279.129026683673
2016,20,"1889*P",1637.74724746,-1374.56522221,"Eriogonum umbellatum",1,NA,NA,1,0,1,1,0,1,0,1.30188679245283,100.107546766187,199.999999999992
2016,20,"1889*Q",1601.915701801,-1380.82530128,"Eriogonum umbellatum",1,NA,NA,1,0,1,1,0,1,0,1.30188679245283,221.741435661868,200.00000000001
2016,20,"1889*R",1632.96840515,-1394.739646957,"Eriogonum umbellatum",1,NA,NA,1,0,1,1,0,1,0,1.30188679245283,62.8099535625807,206.062159548607
2016,20,"1889*S",1609.255248021,-1371.04261489,"Eriogonum umbellatum",1,NA,NA,1,0,1,1,0,1,0,1.30188679245283,80.7360028047482,202.078031527608
2017,20,"1889*A",1627.92188477,-1382.12997475,"Eriogonum umbellatum",1.5,1,0.5,1,0,0,0,1,0,0,1.28571428571429,173.970634189074,220.305463236282
2017,20,"1889*B",1623.96585209,-1380.13970752,"Eriogonum umbellatum",1.5,1,0.5,1,0,0,0,1,0,0,1.28571428571429,203.35778839181,220.305463236287
2017,20,"1889*C",1615.12062164,-1397.905298266,"Eriogonum umbellatum",1.5,1,0.5,1,0,0,0,1,0,0,1.28571428571429,223.03425764126,199.999999999999
2017,20,"1889*D",1639.51072812,-1357.5573377,"Eriogonum umbellatum",1.5,1,0.5,1,0,0,0,0,1,0,1.28571428571429,28.5619534707017,200
2017,20,"1889*E",1608.24924864,-1365.63958133,"Eriogonum umbellatum",1.5,1,0.5,1,0,0,0,0,1,0,1.28571428571429,256.251554726029,246.826932807087
2017,20,"1889*F",1608.802978874,-1362.90093316,"Eriogonum umbellatum",1.5,1,0.5,1,0,0,0,0,1,0,1.28571428571429,264.186861477145,246.826932807103
2017,20,"1889*G",1631.22589093,-1360.95889918,"Eriogonum umbellatum",1.5,1,0.5,1,0,0,0,0,1,0,1.28571428571429,192.924944446634,234.660704433476
2017,20,"1889*H",1608.178558258,-1381.93134212,"Eriogonum umbellatum",1.5,1,0.5,1,0,0,0,0,1,0,1.28571428571429,306.291039033142,200.000000000008
2017,20,"1889*I",1636.18316182,-1392.86892985,"Eriogonum umbellatum",1.5,1,0.5,1,0,0,0,0,1,0,1.28571428571429,11.4918873258103,199.999999999996
2017,20,"1889*J",1626.01909165,-1361.55281091,"Eriogonum umbellatum",1.5,1,0.5,1,0,0,0,0,1,0,1.28571428571429,168.870421797307,209.717663980461
2017,20,"1889*K",1631.72718518,-1352.61710114,"Eriogonum umbellatum",1.5,1,0.5,1,0,0,0,0,1,0,1.28571428571429,80.8142044153314,200.000000000006
2017,20,"1889*L",1618.83869098,-1366.80704119,"Eriogonum umbellatum",1.5,1,0.5,1,0,0,0,0,1,0,1.28571428571429,538.421068968487,200.000000000002
2018,20,"1889*A",1626.2856293,-1378.69718889,"Eriogonum umbellatum",1,1.5,-0.5,1,0,0,0,1,0,0,1.12213740458015,100.681802006138,244.556411949197
2018,20,"1889*B",1624.54497492,-1377.82147131,"Eriogonum umbellatum",1,1.5,-0.5,1,0,0,0,0,1,0,1.12213740458015,110.002719793088,244.556411949235
2018,20,"1889*C",1620.65307352,-1385.63833124,"Eriogonum umbellatum",1,1.5,-0.5,1,0,0,0,0,1,0,1.12213740458015,84.784824959945,199.999999999982
2019,20,"1889*A",1625,-1376,"Eriogonum umbellatum",0,1,-1,0,0,0,0,0,0,1,0.5,0,0
2014,15,"189*A",1785,-830,"Lupinus argenteus",6,NA,NA,8,0,0,NA,1,0,0,2.52336448598131,11.5613068900222,297.427858160243
2015,15,"189*A",1785,-830,"Lupinus argenteus",2.5,6,-3.5,1,0,0,0,1,0,0,3.0530303030303,0,99.9999999999986
2016,15,"189*A",1785,-830,"Lupinus argenteus",7,2.5,4.5,4.8,0,0,0,1,0,0,1.30188679245283,43.3109141520054,16.455212987018
2017,15,"189*A",1785,-830,"Lupinus argenteus",0,7,-7,0,0,0,0,0,0,1,1.28571428571429,0,0
2016,21,"1890*A",11,-1676,"Eriogonum umbellatum",1,NA,NA,0.5,0,1,1,1,0,0,1.30188679245283,0,200
2017,21,"1890*A",11,-1676,"Eriogonum umbellatum",0,1,-1,0,0,0,0,0,0,1,1.28571428571429,0,0
2016,21,"1891*A",121,-1623,"Phacelia hastata",0.5,NA,NA,0.3,0,1,1,1,0,0,1.30188679245283,199.999999999997,0
2017,21,"1891*A",121,-1623,"Phacelia hastata",0,0.5,-0.5,0,0,0,0,0,0,1,1.28571428571429,0,0
2016,21,"1892*A",131,-1613,"Phacelia hastata",0.5,NA,NA,0.3,0,1,1,1,0,0,1.30188679245283,299.999999999987,0
2017,21,"1892*A",131,-1613,"Phacelia hastata",2.5,0.5,2,2,0,0,0,1,0,0,1.28571428571429,199.999999999999,0
2018,21,"1892*A",131,-1613,"Phacelia hastata",0,2.5,-2.5,0,0,0,0,0,0,1,1.12213740458015,0,0
2016,21,"1893*A",133,-1630,"Phacelia hastata",0.5,NA,NA,0.3,0,1,1,1,0,0,1.30188679245283,199.999999999997,0
2017,21,"1893*A",133,-1630,"Phacelia hastata",0,0.5,-0.5,0,0,0,0,0,0,1,1.28571428571429,0,0
2015,21,"1894*A",156,-1745,"Phacelia hastata",5,NA,NA,2,0,0,1,1,0,0,3.0530303030303,200,0
2016,21,"1894*A",156,-1745,"Phacelia hastata",5,5,0,2,0,0,0,1,0,0,1.30188679245283,265.911326072871,0
2017,21,"1894*A",156,-1745,"Phacelia hastata",0,5,-5,0,0,0,0,0,0,1,1.28571428571429,0,0
2015,21,"1895*A",70,-1702,"Achnatherum lettermanii",7,NA,NA,5,0,0,1,1,0,0,3.0530303030303,200,0
2016,21,"1895*A",70,-1702,"Achnatherum lettermanii",7,7,0,5,0,0,0,1,0,0,1.30188679245283,200,0
2017,21,"1895*A",70,-1702,"Achnatherum lettermanii",10,7,3,7,8,0,0,1,0,0,1.28571428571429,210.881927595282,0
2018,21,"1895*A",70,-1702,"Achnatherum lettermanii",4.5,10,-5.5,3,0,0,0,1,0,0,1.12213740458015,200,0
2019,21,"1895*A",70,-1702,"Achnatherum lettermanii",0,4.5,-4.5,0,0,0,0,0,0,1,0.5,0,0
2015,21,"1896*A",80,-1695,"Ivesia gordonii",3,NA,NA,3,0,0,1,1,0,0,3.0530303030303,200,0
2016,21,"1896*A",80,-1695,"Ivesia gordonii",3,3,0,3,0,0,0,1,0,0,1.30188679245283,284.469108435252,0
2017,21,"1896*A",80,-1695,"Ivesia gordonii",5.5,3,2.5,4,0,0,0,1,0,0,1.28571428571429,300,0
2018,21,"1896*A",80,-1695,"Ivesia gordonii",0,5.5,-5.5,0,0,0,0,0,0,1,1.12213740458015,0,0
2016,22,"1897*A",403,-1763,"Penstemon whippleanus",2,NA,NA,2,0,1,1,1,0,0,1.30188679245283,300.000000000003,0
2017,22,"1897*A",403,-1763,"Penstemon whippleanus",8.5,2,6.5,5,0,0,0,1,0,0,1.28571428571429,300.946480122094,0
2018,22,"1897*A",403,-1763,"Penstemon whippleanus",10,8.5,1.5,15.5,2,0,0,1,0,0,1.12213740458015,306.278960150914,0
2019,22,"1897*A",403,-1763,"Penstemon whippleanus",13.5,10,3.5,16,2,0,0,1,0,0,0.5,323.246898938314,0
2016,22,"1898*A",544,-1778,"Arenaria congesta",1,NA,NA,1.5,0,1,1,1,0,0,1.30188679245283,199.999999999993,0
2017,22,"1898*A",544,-1778,"Arenaria congesta",5,1,4,3,0,0,0,1,0,0,1.28571428571429,200.000000000002,0
2018,22,"1898*A",544,-1778,"Arenaria congesta",2.5,5,-2.5,3,0,0,0,1,0,0,1.12213740458015,199.999999999996,0
2019,22,"1898*A",544,-1778,"Arenaria congesta",5,2.5,2.5,7.5,1,0,0,1,0,0,0.5,200.000000000002,0
2016,22,"1899*A",544,-1769,"Agoseris glauca",0.5,NA,NA,0.5,0,1,1,1,0,0,1.30188679245283,400.000000000012,0
2017,22,"1899*A",544,-1769,"Agoseris glauca",1.5,0.5,1,3,0,0,0,1,0,0,1.28571428571429,299.999999999975,0
2018,22,"1899*A",544,-1769,"Agoseris glauca",0,1.5,-1.5,0,0,0,0,0,0,1,1.12213740458015,0,0
2014,3,"19*A",866,-96,"Ivesia gordonii",1,NA,NA,1,0,1,1,1,0,0,2.52336448598131,100.000000000005,0
2015,3,"19*A",866,-96,"Ivesia gordonii",1.1,1,0.1,0.9,0,0,0,1,0,0,3.0530303030303,100.000000000004,0
2016,3,"19*A",866,-96,"Ivesia gordonii",1.5,1.1,0.4,1.6,0,0,0,1,0,0,1.30188679245283,100.000000000003,0
2017,3,"19*A",866,-96,"Ivesia gordonii",2.5,1.5,1,2.4,0,0,0,1,0,0,1.28571428571429,100.000000000002,0
2018,3,"19*A",866,-96,"Ivesia gordonii",3.5,2.5,1,2.5,0,0,0,1,0,0,1.12213740458015,100.000000000002,0
2019,3,"19*A",866,-96,"Ivesia gordonii",7,3.5,3.5,3.5,0,0,0,1,0,0,0.5,100,0
2014,15,"190*A",1777,-823,"Ivesia gordonii",6,NA,NA,4,2,0,NA,1,0,0,2.52336448598131,273.720124215391,0
2015,15,"190*A",1777,-823,"Ivesia gordonii",6.5,6,0.5,4,1,0,0,1,0,0,3.0530303030303,100.000000000001,0
2016,15,"190*A",1777,-823,"Ivesia gordonii",9,6.5,2.5,5.5,3,0,0,1,0,0,1.30188679245283,96.4234369105071,0
2017,15,"190*A",1777,-823,"Ivesia gordonii",9,9,0,6,5,0,0,1,0,0,1.28571428571429,7.31942296089003,0
2018,15,"190*A",1777,-823,"Ivesia gordonii",7,9,-2,4,0,0,0,1,0,0,1.12213740458015,64.1853563290802,0
2019,15,"190*A",1777,-823,"Ivesia gordonii",15,7,8,5.5,7,0,0,1,0,0,0.5,95.9509293124168,0
2016,22,"1900*A",546,-1767,"Phacelia hastata",4,NA,NA,3,0,1,1,1,0,0,1.30188679245283,253.13567632809,0
2017,22,"1900*A",546,-1767,"Phacelia hastata",6,4,2,3,1,0,0,1,0,0,1.28571428571429,200.827838763033,0
2018,22,"1900*A",546,-1767,"Phacelia hastata",0,6,-6,0,0,0,0,0,0,1,1.12213740458015,0,0
2016,22,"1901*A",505,-1773,"Eriogonum umbellatum",0.5,NA,NA,0.5,0,1,1,1,0,0,1.30188679245283,100.000000000002,296.376662192914
2017,22,"1901*A",505,-1773,"Eriogonum umbellatum",0,0.5,-0.5,0,0,0,0,0,0,1,1.28571428571429,0,0
2016,23,"1902*A",975,-1710,"Lupinus argenteus",1.5,NA,NA,1.5,0,0,1,1,0,0,1.30188679245283,100.000000000007,0
2017,23,"1902*A",975,-1710,"Lupinus argenteus",0,1.5,-1.5,0,0,0,0,0,0,1,1.28571428571429,0,0
2016,23,"1903*A",985,-1703,"Lupinus argenteus",4.5,NA,NA,4,0,0,1,1,0,0,1.30188679245283,100,0
2017,23,"1903*A",985,-1703,"Lupinus argenteus",9,4.5,4.5,5,0,0,0,1,0,0,1.28571428571429,107.612222703635,0
2018,23,"1903*A",985,-1703,"Lupinus argenteus",4,9,-5,3.5,0,0,0,1,0,0,1.12213740458015,100.000000000002,0
2019,23,"1903*A",985,-1703,"Lupinus argenteus",7,4,3,4,0,0,0,1,0,0,0.5,100,0
2016,24,"1904*A",1272,-1623,"Elymus lanceolatus",3,NA,NA,7,0,1,1,1,0,0,1.30188679245283,227.391155831364,0
2017,24,"1904*A",1272,-1623,"Elymus lanceolatus",8,3,5,9,0,0,0,1,0,0,1.28571428571429,259.554631614822,0
2018,24,"1904*A",1272,-1623,"Elymus lanceolatus",5,8,-3,6.5,0,0,0,1,0,0,1.12213740458015,100.380271373929,1.89197663686681
2019,24,"1904*A",1272,-1623,"Elymus lanceolatus",4.5,5,-0.5,10,0,0,0,1,0,0,0.5,138.649770953882,0
2015,24,"1905*A",1388,-1715,"Agoseris glauca",2,NA,NA,3.5,0,0,1,1,0,0,3.0530303030303,163.5776,0
2016,24,"1905*A",1388,-1715,"Agoseris glauca",2,2,0,3.5,0,0,0,1,0,0,1.30188679245283,100.099920484514,0
2017,24,"1905*A",1388,-1715,"Agoseris glauca",3,2,1,6,0,0,0,1,0,0,1.28571428571429,259.091174772752,0
2018,24,"1905*A",1388,-1715,"Agoseris glauca",2,3,-1,2,0,0,0,1,0,0,1.12213740458015,199.999999999965,0
2019,24,"1905*A",1388,-1715,"Agoseris glauca",1.9,2,-0.1,3.5,0,0,0,1,0,0,0.5,199.371801391177,0
2016,24,"1906*A",1384,-1697,"Chaenactis douglasii",0.5,NA,NA,0.5,0,1,1,1,0,0,1.30188679245283,99.9999999999941,0
2017,24,"1906*A",1384,-1697,"Chaenactis douglasii",0.5,0.5,0,1,0,0,0,1,0,0,1.28571428571429,199.999999999988,0
2018,24,"1906*A",1384,-1697,"Chaenactis douglasii",0,0.5,-0.5,0,0,0,0,0,0,1,1.12213740458015,0,0
2015,24,"1907*A",1358,-1752,"Senecio crassulus",4,NA,NA,6,0,0,1,1,0,0,3.0530303030303,500,114.85369
2016,24,"1907*A",1358,-1752,"Senecio crassulus",4,4,0,6,0,0,0,1,0,0,1.30188679245283,330.2300294742,114.853688754134
2017,24,"1907*A",1358,-1752,"Senecio crassulus",11,4,7,9,0,0,0,1,0,0,1.28571428571429,426.882060588793,131.479070874808
2018,24,"1907*A",1358,-1752,"Senecio crassulus",0,11,-11,0,0,0,0,0,0,1,1.12213740458015,0,0
2015,24,"1908*A",1356,-1749,"Senecio crassulus",4,NA,NA,4,0,0,1,1,0,0,3.0530303030303,499.65209,114.85369
2016,24,"1908*A",1356,-1749,"Senecio crassulus",4,4,0,4,0,0,0,1,0,0,1.30188679245283,393.451761483404,94.3910917618024
2017,24,"1908*A",1356,-1749,"Senecio crassulus",9,4,5,7,0,0,0,1,0,0,1.28571428571429,449.120057838117,153.605349148512
2018,24,"1908*A",1356,-1749,"Senecio crassulus",0,9,-9,0,0,0,0,0,0,1,1.12213740458015,0,0
2016,24,"1909*A",1324,-1759,"Chaenactis douglasii",0.5,NA,NA,0.5,0,1,1,1,0,0,1.30188679245283,99.9999999999941,0
2017,24,"1909*A",1324,-1759,"Chaenactis douglasii",0,0.5,-0.5,0,0,0,0,0,0,1,1.28571428571429,0,0
2014,15,"191*A",1800,-885,"Lupinus argenteus",14,NA,NA,8,0,0,NA,1,0,0,2.52336448598131,0,4.88801295259776
2015,15,"191*A",1800,-885,"Lupinus argenteus",8.5,14,-5.5,4,0,0,0,1,0,0,3.0530303030303,0,0
2016,15,"191*A",1800,-885,"Lupinus argenteus",0,8.5,-8.5,0,0,0,0,0,0,1,1.30188679245283,0,0
2016,24,"1910*A",1331,-1787,"Chaenactis douglasii",0.5,NA,NA,0.5,0,1,1,1,0,0,1.30188679245283,200.000000000026,0
2017,24,"1910*A",1331,-1787,"Chaenactis douglasii",0,0.5,-0.5,0,0,0,0,0,0,1,1.28571428571429,0,0
2016,25,"1911*A",1703,-1790,"Lupinus argenteus",6,NA,NA,4.5,0,0,1,1,0,0,1.30188679245283,0,99.3514201002989
2017,25,"1911*A",1703,-1790,"Lupinus argenteus",0,6,-6,0,0,0,0,0,0,1,1.28571428571429,0,0
2016,25,"1912*A",1706,-1793,"Lupinus argenteus",10,NA,NA,7,0,0,1,1,0,0,1.30188679245283,0,39.5531884411927
2017,25,"1912*A",1706,-1793,"Lupinus argenteus",0,10,-10,0,0,0,0,0,0,1,1.28571428571429,0,0
2016,25,"1913*A",1737,-1777,"Lupinus argenteus",12,NA,NA,8,0,0,1,1,0,0,1.30188679245283,0,59.7861753378971
2017,25,"1913*A",1737,-1777,"Lupinus argenteus",0,12,-12,0,0,0,0,0,0,1,1.28571428571429,0,0
2016,25,"1914*A",1738,-1771,"Lupinus argenteus",6.5,NA,NA,5,0,0,1,1,0,0,1.30188679245283,0,197.038396655648
2017,25,"1914*A",1738,-1771,"Lupinus argenteus",0,6.5,-6.5,0,0,0,0,0,0,1,1.28571428571429,0,0
2016,25,"1915*A",1740,-1767,"Lupinus argenteus",6,NA,NA,4,0,0,1,1,0,0,1.30188679245283,0,234.393665223226
2017,25,"1915*A",1740,-1767,"Lupinus argenteus",0,6,-6,0,0,0,0,0,0,1,1.28571428571429,0,0
2016,25,"1916*A",1741,-1758,"Lupinus argenteus",13,NA,NA,8,0,0,1,1,0,0,1.30188679245283,0,157.435441874059
2017,25,"1916*A",1741,-1758,"Lupinus argenteus",0,13,-13,0,0,0,0,0,0,1,1.28571428571429,0,0
2016,25,"1917*A",1733,-1758,"Lupinus argenteus",9,NA,NA,6,0,0,1,1,0,0,1.30188679245283,0,216.765306657125
2017,25,"1917*A",1733,-1758,"Lupinus argenteus",0,9,-9,0,0,0,0,0,0,1,1.28571428571429,0,0
2016,25,"1918*A",1736,-1755,"Lupinus argenteus",8,NA,NA,5,0,0,1,1,0,0,1.30188679245283,0,264.213977719327
2017,25,"1918*A",1736,-1755,"Lupinus argenteus",0,8,-8,0,0,0,0,0,0,1,1.28571428571429,0,0
2016,25,"1919*A",1734,-1749,"Lupinus argenteus",12,NA,NA,6,0,0,1,1,0,0,1.30188679245283,0,137.273984555203
2017,25,"1919*A",1734,-1749,"Lupinus argenteus",0,12,-12,0,0,0,0,0,0,1,1.28571428571429,0,0
2014,15,"192*A",1785,-905,"Lupinus argenteus",13,NA,NA,9,0,0,NA,1,0,0,2.52336448598131,0,84.7357811152227
2015,15,"192*A",1785,-905,"Lupinus argenteus",0,13,-13,0,0,0,0,0,0,1,3.0530303030303,0,0
2016,25,"1920*A",1756,-1700,"Lupinus argenteus",12,NA,NA,6,0,0,1,1,0,0,1.30188679245283,0,61.6648667558507
2017,25,"1920*A",1756,-1700,"Lupinus argenteus",0,12,-12,0,0,0,0,0,0,1,1.28571428571429,0,0
2016,25,"1921*A",1743,-1687,"Lupinus argenteus",4,NA,NA,2,0,0,1,1,0,0,1.30188679245283,0,0
2017,25,"1921*A",1743,-1687,"Lupinus argenteus",0,4,-4,0,0,0,0,0,0,1,1.28571428571429,0,0
2016,25,"1922*A",1750,-1670,"Lupinus argenteus",9,NA,NA,6,0,0,1,1,0,0,1.30188679245283,0,0
2017,25,"1922*A",1750,-1670,"Lupinus argenteus",0,9,-9,0,0,0,0,0,0,1,1.28571428571429,0,0
2016,25,"1923*A",1724,-1627,"Lupinus argenteus",11,NA,NA,7,0,0,1,1,0,0,1.30188679245283,0,0
2017,25,"1923*A",1724,-1627,"Lupinus argenteus",0,11,-11,0,0,0,0,0,0,1,1.28571428571429,0,0
2016,25,"1924*A",1770,-1661,"Lupinus argenteus",9,NA,NA,5,0,0,1,1,0,0,1.30188679245283,0,0
2017,25,"1924*A",1770,-1661,"Lupinus argenteus",0,9,-9,0,0,0,0,0,0,1,1.28571428571429,0,0
2016,25,"1925*A",1792,-1665,"Lupinus argenteus",7,NA,NA,5,0,0,1,1,0,0,1.30188679245283,0,0
2017,25,"1925*A",1792,-1665,"Lupinus argenteus",0,7,-7,0,0,0,0,0,0,1,1.28571428571429,0,0
2016,25,"1926*A",1795,-1697,"Lupinus argenteus",2,NA,NA,3,0,0,1,1,0,0,1.30188679245283,0,0
2017,25,"1926*A",1795,-1697,"Lupinus argenteus",5,2,3,2,0,0,0,1,0,0,1.28571428571429,0,0
2018,25,"1926*A",1795,-1697,"Lupinus argenteus",0,5,-5,0,0,0,0,0,0,1,1.12213740458015,0,0
2016,25,"1927*A",1770,-1696,"Lupinus argenteus",8,NA,NA,5,0,0,1,1,0,0,1.30188679245283,0,38.5179424101351
2017,25,"1927*A",1770,-1696,"Lupinus argenteus",0,8,-8,0,0,0,0,0,0,1,1.28571428571429,0,0
2016,25,"1928*A",1780,-1691,"Lupinus argenteus",7,NA,NA,5,0,0,1,1,0,0,1.30188679245283,0,17.3464256393944
2017,25,"1928*A",1780,-1691,"Lupinus argenteus",0,7,-7,0,0,0,0,0,0,1,1.28571428571429,0,0
2016,25,"1929*A",1787,-1720,"Lupinus argenteus",11,NA,NA,5,0,0,1,1,0,0,1.30188679245283,0,0
2017,25,"1929*A",1787,-1720,"Lupinus argenteus",0,11,-11,0,0,0,0,0,0,1,1.28571428571429,0,0
2014,15,"193*A",1775,-915,"Lupinus argenteus",8,NA,NA,12,1,0,NA,1,0,0,2.52336448598131,0,113.525373277841
2015,15,"193*A",1775,-915,"Lupinus argenteus",6,8,-2,4.5,0,0,0,1,0,0,3.0530303030303,0,6.68200462828471
2016,15,"193*A",1775,-915,"Lupinus argenteus",0,6,-6,0,0,0,0,0,0,1,1.30188679245283,0,0
2016,27,"1930*A",421,-2084,"Ivesia gordonii",0.5,NA,NA,0.5,0,1,1,1,0,0,1.30188679245283,399.999999999988,0
2017,27,"1930*A",421,-2084,"Ivesia gordonii",0,0.5,-0.5,0,0,0,0,0,0,1,1.28571428571429,0,0
2016,27,"1931*A",405,-2052,"Eriogonum umbellatum",0.5,NA,NA,1,0,1,1,1,0,0,1.30188679245283,222.467619586215,300.000000000003
2017,27,"1931*A",405,-2052,"Eriogonum umbellatum",0,0.5,-0.5,0,0,0,0,0,0,1,1.28571428571429,0,0
2016,27,"1932*A",415,-2048,"Eriogonum umbellatum",0.5,NA,NA,0.5,0,1,1,1,0,0,1.30188679245283,199.999999999999,299.999999999999
2017,27,"1932*A",415,-2048,"Eriogonum umbellatum",0,0.5,-0.5,0,0,0,0,0,0,1,1.28571428571429,0,0
2016,27,"1933*A",413,-2050,"Eriogonum umbellatum",0.3,NA,NA,0.3,0,1,1,1,0,0,1.30188679245283,200.00000000001,300.000000000015
2017,27,"1933*A",413,-2050,"Eriogonum umbellatum",0,0.3,-0.3,0,0,0,0,0,0,1,1.28571428571429,0,0
2016,27,"1934*A",433,-2035,"Ivesia gordonii",0.3,NA,NA,0.3,0,1,1,1,0,0,1.30188679245283,399.999999999991,0
2017,27,"1934*A",433,-2035,"Ivesia gordonii",0.5,0.3,0.2,0.5,0,0,0,1,0,0,1.28571428571429,400,0
2018,27,"1934*A",433,-2035,"Ivesia gordonii",0,0.5,-0.5,0,0,0,0,0,0,1,1.12213740458015,0,0
2016,27,"1935*A",534,-2098,"Eriogonum umbellatum",0.3,NA,NA,1,0,1,1,1,0,0,1.30188679245283,99.9999999999997,499.999999999999
2017,27,"1935*A",534,-2098,"Eriogonum umbellatum",0,0.3,-0.3,0,0,0,0,0,0,1,1.28571428571429,0,0
2015,27,"1936*A",590,-2127,"Agoseris glauca",2,NA,NA,4,0,0,1,1,0,0,3.0530303030303,300,0
2016,27,"1936*A",590,-2127,"Agoseris glauca",2,2,0,4,0,0,0,1,0,0,1.30188679245283,300.000000000018,0
2017,27,"1936*A",590,-2127,"Agoseris glauca",4,2,2,9,0,0,0,1,0,0,1.28571428571429,299.999999999987,0
2018,27,"1936*A",590,-2127,"Agoseris glauca",0,4,-4,0,0,0,0,0,0,1,1.12213740458015,0,0
2016,27,"1937*A",600,-2135,"Agoseris glauca",1.5,NA,NA,5,0,1,1,1,0,0,1.30188679245283,300.000000000006,0
2017,27,"1937*A",600,-2135,"Agoseris glauca",5,1.5,3.5,5,0,0,0,1,0,0,1.28571428571429,300.000000000009,0
2018,27,"1937*A",600,-2135,"Agoseris glauca",0,5,-5,0,0,0,0,0,0,1,1.12213740458015,0,0
2016,27,"1938*A",510.4090639,-2157.85819647,"Eriogonum umbellatum",1,NA,NA,1,0,1,1,1,0,0,1.30188679245283,100.000000000002,713.361432206375
2016,27,"1938*B",509.8552193,-2157.57955905,"Eriogonum umbellatum",1,NA,NA,1,0,1,1,0,1,0,1.30188679245283,100,750.537337651106
2016,27,"1938*C",508.616887,-2160.06674176,"Eriogonum umbellatum",1,NA,NA,1,0,1,1,0,1,0,1.30188679245283,100.000000000001,517.319275988898
2016,27,"1938*D",512.0315019,-2154.41802728,"Eriogonum umbellatum",1,NA,NA,1,0,1,1,0,1,0,1.30188679245283,99.9999999999985,616.761873248994
2016,27,"1938*E",507.6548948,-2155.54954139,"Eriogonum umbellatum",1,NA,NA,1,0,1,1,0,1,0,1.30188679245283,100,694.892655593676
2016,27,"1938*F",507.732417,-2155.16613064,"Eriogonum umbellatum",1,NA,NA,1,0,1,1,0,1,0,1.30188679245283,99.9999999999987,683.846230829649
2016,27,"1938*G",510.8716247,-2154.89424589,"Eriogonum umbellatum",1,NA,NA,1,0,1,1,0,1,0,1.30188679245283,100.000000000002,713.116554302542
2016,27,"1938*H",507.6449982,-2157.8303879,"Eriogonum umbellatum",1,NA,NA,1,0,1,1,0,1,0,1.30188679245283,100.000000000001,645.886487519187
2016,27,"1938*I",511.5656427,-2159.36165018,"Eriogonum umbellatum",1,NA,NA,1,0,1,1,0,1,0,1.30188679245283,100,531.793618837737
2016,27,"1938*J",510.1426728,-2154.97739353,"Eriogonum umbellatum",1,NA,NA,1,0,1,1,0,1,0,1.30188679245283,99.999999999999,738.903572371563
2017,27,"1938*A",510,-2157,"Eriogonum umbellatum",3,1,2,2,0,0,0,1,0,0,1.28571428571429,77.0517971311842,447.093195209556
2018,27,"1938*A",510,-2157,"Eriogonum umbellatum",0,3,-3,0,0,0,0,0,0,1,1.12213740458015,0,0
2016,28,"1939*A",820.0584377,-2180.1225995,"Eriogonum umbellatum",0.5,NA,NA,0.5,0,1,1,1,0,0,1.30188679245283,112.128652223615,194.775370097038
2016,28,"1939*B",819.97931704,-2180.08279415,"Eriogonum umbellatum",0.5,NA,NA,0.5,0,1,1,0,1,0,1.30188679245283,108.710240066608,194.775370097041
2017,28,"1939*A",820,-2180,"Eriogonum umbellatum",0,0.5,-0.5,0,0,0,0,0,0,1,1.28571428571429,0,0
2014,15,"194*A",1780,-895,"Lupinus argenteus",7,NA,NA,5,0,0,NA,1,0,0,2.52336448598131,0,158.721417805199
2015,15,"194*A",1780,-895,"Lupinus argenteus",1,7,-6,0.4,0,0,0,1,0,0,3.0530303030303,0,192.709660132327
2016,15,"194*A",1780,-895,"Lupinus argenteus",0,1,-1,0,0,0,0,0,0,1,1.30188679245283,0,0
2016,28,"1940*A",840,-2183,"Eriogonum umbellatum",0.5,NA,NA,1,0,1,1,1,0,0,1.30188679245283,299.999999999993,99.9999999999977
2017,28,"1940*A",840,-2183,"Eriogonum umbellatum",0,0.5,-0.5,0,0,0,0,0,0,1,1.28571428571429,0,0
2015,28,"1941*A",832,-2173,"Agoseris glauca",4,NA,NA,8,0,0,1,1,0,0,3.0530303030303,422.97266,0
2016,28,"1941*A",832,-2173,"Agoseris glauca",4,4,0,8,0,0,0,1,0,0,1.30188679245283,400,0
2017,28,"1941*A",832,-2173,"Agoseris glauca",0,4,-4,0,0,0,0,0,0,1,1.28571428571429,0,0
2016,28,"1942*A",937.1460942,-2051.3064987,"Eriogonum umbellatum",0.5,NA,NA,0.5,0,1,1,1,0,0,1.30188679245283,99.9999999999973,486.964188845652
2016,28,"1942*B",936.9482926,-2051.2069854,"Eriogonum umbellatum",0.5,NA,NA,0.5,0,1,1,0,1,0,1.30188679245283,100,486.964188845659
2017,28,"1942*A",937,-2051,"Eriogonum umbellatum",0,0.5,-0.5,0,0,0,0,0,0,1,1.28571428571429,0,0
2015,28,"1944*A",962,-2099,"Eriogonum umbellatum",6,NA,NA,2,0,0,1,1,0,0,3.0530303030303,96.4731794,480.9788
2016,28,"1944*A",962,-2099,"Eriogonum umbellatum",6,6,0,2,0,0,0,1,0,0,1.30188679245283,181.771418054376,524.434500248129
2017,28,"1944*A",962,-2099,"Eriogonum umbellatum",0,6,-6,0,0,0,0,0,0,1,1.28571428571429,0,0
2016,28,"1945*A",983,-2099,"Ivesia gordonii",2,NA,NA,2,0,1,1,1,0,0,1.30188679245283,400.000000000028,0
2017,28,"1945*A",983,-2099,"Ivesia gordonii",0,2,-2,0,0,0,0,0,0,1,1.28571428571429,0,0
2015,28,"1946*A",986,-2158,"Heterotheca villosa",5,NA,NA,4,0,0,1,1,0,0,3.0530303030303,100,0
2016,28,"1946*A",986,-2158,"Heterotheca villosa",5,5,0,4,0,0,0,1,0,0,1.30188679245283,100.000000000003,0
2017,28,"1946*A",986,-2158,"Heterotheca villosa",0,5,-5,0,0,0,0,0,0,1,1.28571428571429,0,0
2016,28,"1947*A",992,-2185,"Phacelia hastata",1.5,NA,NA,1,0,1,1,1,0,0,1.30188679245283,100.000000000003,0
2017,28,"1947*A",992,-2185,"Phacelia hastata",0,1.5,-1.5,0,0,0,0,0,0,1,1.28571428571429,0,0
2016,29,"1948*A",1208,-2191,"Lupinus argenteus",4,NA,NA,3,0,1,1,1,0,0,1.30188679245283,0,0
2017,29,"1948*A",1208,-2191,"Lupinus argenteus",9,4,5,5,0,0,0,1,0,0,1.28571428571429,0,0
2018,29,"1948*A",1208,-2191,"Lupinus argenteus",0,9,-9,0,0,0,0,0,0,1,1.12213740458015,0,0
2016,29,"1949*A",1252,-2122,"Lupinus argenteus",2.5,NA,NA,3,0,1,1,1,0,0,1.30188679245283,100,0
2017,29,"1949*A",1252,-2122,"Lupinus argenteus",0,2.5,-2.5,0,0,0,0,0,0,1,1.28571428571429,0,0
2014,15,"195*A",1765,-900,"Lupinus argenteus",22,NA,NA,11,1,0,NA,1,0,0,2.52336448598131,0,37.924194269945
2015,15,"195*A",1765,-900,"Lupinus argenteus",0,22,-22,0,0,0,0,0,0,1,3.0530303030303,0,0
2016,29,"1950*A",1204,-2031,"Lupinus argenteus",3,NA,NA,4,0,0,1,1,0,0,1.30188679245283,200,100
2017,29,"1950*A",1204,-2031,"Lupinus argenteus",0,3,-3,0,0,0,0,0,0,1,1.28571428571429,0,0
2016,29,"1951*A",1208,-2023,"Chaenactis douglasii",0.5,NA,NA,0.5,0,1,1,1,0,0,1.30188679245283,200,0
2017,29,"1951*A",1208,-2023,"Chaenactis douglasii",0,0.5,-0.5,0,0,0,0,0,0,1,1.28571428571429,0,0
2016,29,"1952*A",1206,-2025,"Lupinus argenteus",18,NA,NA,9,0,0,1,1,0,0,1.30188679245283,150.18525981,14.055241
2017,29,"1952*A",1206,-2025,"Lupinus argenteus",13,18,-5,3,0,0,0,1,0,0,1.28571428571429,158.787830820963,12.7994198109341
2018,29,"1952*A",1206,-2025,"Lupinus argenteus",3.5,13,-9.5,3,0,0,0,1,0,0,1.12213740458015,99.9999999999999,0
2019,29,"1952*A",1206,-2025,"Lupinus argenteus",5,3.5,1.5,5.5,0,0,0,1,0,0,0.5,127.654471302902,0
2016,29,"1953*A",1217,-2016,"Lupinus argenteus",5,NA,NA,4,0,0,1,1,0,0,1.30188679245283,101.66034,92.80959
2017,29,"1953*A",1217,-2016,"Lupinus argenteus",7,5,2,2,0,0,0,1,0,0,1.28571428571429,104.333169482102,34.5070242399058
2018,29,"1953*A",1217,-2016,"Lupinus argenteus",0,7,-7,0,0,0,0,0,0,1,1.12213740458015,0,0
2016,29,"1954*A",1215,-2019,"Eriogonum umbellatum",0.3,NA,NA,0.3,0,1,1,1,0,0,1.30188679245283,200,100
2017,29,"1954*A",1215,-2019,"Eriogonum umbellatum",0,0.3,-0.3,0,0,0,0,0,0,1,1.28571428571429,0,0
2015,29,"1955*A",1250,-2015,"Eriogonum umbellatum",1.5,NA,NA,1.5,0,0,1,1,0,0,3.0530303030303,172.80501,100
2016,29,"1955*A",1250,-2015,"Eriogonum umbellatum",1.5,1.5,0,1.5,0,0,0,1,0,0,1.30188679245283,0.5392833,100
2017,29,"1955*A",1250,-2015,"Eriogonum umbellatum",1.5,1.5,0,1.5,0,0,0,1,0,0,1.28571428571429,99.9999999999988,99.9999999999988
2018,29,"1955*A",1250,-2015,"Eriogonum umbellatum",0,1.5,-1.5,0,0,0,0,0,0,1,1.12213740458015,0,0
2016,29,"1956*A",1271,-2040,"Eriogonum umbellatum",1,NA,NA,1,0,1,1,1,0,0,1.30188679245283,0,100
2017,29,"1956*A",1271,-2040,"Eriogonum umbellatum",1,1,0,1,0,0,0,1,0,0,1.28571428571429,0,100.000000000004
2018,29,"1956*A",1271,-2040,"Eriogonum umbellatum",0,1,-1,0,0,0,0,0,0,1,1.12213740458015,0,0
2016,29,"1957*A",1328,-2092,"Lupinus argenteus",6,NA,NA,5,0,0,1,1,0,0,1.30188679245283,100,0
2017,29,"1957*A",1328,-2092,"Lupinus argenteus",0,6,-6,0,0,0,0,0,0,1,1.28571428571429,0,0
2016,29,"1958*A",1377,-2093,"Lupinus argenteus",4,NA,NA,3,0,0,1,1,0,0,1.30188679245283,0,0
2017,29,"1958*A",1377,-2093,"Lupinus argenteus",0,4,-4,0,0,0,0,0,0,1,1.28571428571429,0,0
2016,29,"1959*A",1398,-2093,"Lupinus argenteus",8.5,NA,NA,5,0,0,1,1,0,0,1.30188679245283,0,0
2017,29,"1959*A",1398,-2093,"Lupinus argenteus",0,8.5,-8.5,0,0,0,0,0,0,1,1.28571428571429,0,0
2014,15,"196*A",1720,-905,"Ivesia gordonii",14,NA,NA,4,0,0,NA,1,0,0,2.52336448598131,14.8936427592706,2.04081632653076
2015,15,"196*A",1720,-905,"Ivesia gordonii",16.5,14,2.5,5.5,8,0,0,1,0,0,3.0530303030303,58.6272879047399,3.30578512396683
2016,15,"196*A",1720,-905,"Ivesia gordonii",19,16.5,2.5,7,0,0,0,1,0,0,1.30188679245283,34.7998228207026,9.972299168975
2017,15,"196*A",1720,-905,"Ivesia gordonii",0,19,-19,0,0,0,0,0,0,1,1.28571428571429,0,0
2015,29,"1960*A",1383,-2137,"Eriogonum umbellatum",2,NA,NA,1.5,0,0,1,1,0,0,3.0530303030303,232.388991,0
2016,29,"1960*A",1383,-2137,"Eriogonum umbellatum",2,2,0,1.5,0,0,0,1,0,0,1.30188679245283,0,0
2017,29,"1960*A",1383,-2137,"Eriogonum umbellatum",3,2,1,2,0,0,0,1,0,0,1.28571428571429,0,0
2018,29,"1960*A",1383,-2137,"Eriogonum umbellatum",0,3,-3,0,0,0,0,0,0,1,1.12213740458015,0,0
2016,29,"1961*A",1371,-2142,"Chaenactis douglasii",1,NA,NA,1,0,1,1,1,0,0,1.30188679245283,0,0
2017,29,"1961*A",1371,-2142,"Chaenactis douglasii",0,1,-1,0,0,0,0,0,0,1,1.28571428571429,0,0
2016,29,"1962*A",1358,-2175,"Lupinus argenteus",5,NA,NA,3,0,0,1,1,0,0,1.30188679245283,0,55.24652
2017,29,"1962*A",1358,-2175,"Lupinus argenteus",0,5,-5,0,0,0,0,0,0,1,1.28571428571429,0,0
2015,31,"1963*A",135,-2597,"Agoseris glauca",1.5,NA,NA,5,0,0,1,1,0,0,3.0530303030303,100,0
2016,31,"1963*A",135,-2597,"Agoseris glauca",1.5,1.5,0,5,0,0,0,1,0,0,1.30188679245283,190.85141,0
2017,31,"1963*A",135,-2597,"Agoseris glauca",0,1.5,-1.5,0,0,0,0,0,0,1,1.28571428571429,0,0
2016,31,"1964*A",118,-2577,"Achnatherum lettermanii",2,NA,NA,13,0,0,1,1,0,0,1.30188679245283,100,0
2017,31,"1964*A",118,-2577,"Achnatherum lettermanii",9,2,7,12,0,0,0,1,0,0,1.28571428571429,194.141367120511,0
2018,31,"1964*A",118,-2577,"Achnatherum lettermanii",8,9,-1,13,0,0,0,1,0,0,1.12213740458015,228.95626470198,0
2019,31,"1964*A",118,-2577,"Achnatherum lettermanii",6.5,8,-1.5,9.5,0,0,0,1,0,0,0.5,253.873782371935,0
2016,32,"1965*A",568.2337508,-2525.49039798,"Ivesia gordonii",0.5,NA,NA,0.5,0,1,1,1,0,0,1.30188679245283,100,162.54502
2016,32,"1965*B",567.9172682,-2525.3311766,"Ivesia gordonii",0.5,NA,NA,0.5,0,1,1,0,1,0,1.30188679245283,100,162.54502
2016,32,"1965*C",567.2096497,-2526.75242386,"Ivesia gordonii",0.5,NA,NA,0.5,0,1,1,0,1,0,1.30188679245283,100,7.583183
2016,32,"1965*D",569.1608582,-2523.52458702,"Ivesia gordonii",0.5,NA,NA,0.5,0,1,1,0,1,0,1.30188679245283,100,128.06664
2016,32,"1965*E",566.6599399,-2524.17116651,"Ivesia gordonii",0.5,NA,NA,0.5,0,1,1,0,1,0,1.30188679245283,100,176.14962
2016,32,"1965*F",566.7042383,-2523.95207465,"Ivesia gordonii",0.5,NA,NA,0.5,0,1,1,0,1,0,1.30188679245283,100,176.14962
2016,32,"1965*G",568.4980713,-2523.79671193,"Ivesia gordonii",0.5,NA,NA,0.5,0,1,1,0,1,0,1.30188679245283,100,128.06664
2017,32,"1965*A",568,-2525,"Ivesia gordonii",0,0.5,-0.5,0,0,0,0,0,0,1,1.28571428571429,0,0
2016,32,"1966*A",566,-2532,"Ivesia gordonii",0.5,NA,NA,0.5,0,1,1,1,0,0,1.30188679245283,100,0
2017,32,"1966*A",566,-2532,"Ivesia gordonii",0.5,0.5,0,0.5,0,0,0,1,0,0,1.28571428571429,99.9999999999958,0
2018,32,"1966*A",566,-2532,"Ivesia gordonii",0.8,0.5,0.3,0.9,0,0,0,1,0,0,1.12213740458015,99.9999999999967,0
2019,32,"1966*A",566,-2532,"Ivesia gordonii",0,0.8,-0.8,0,0,0,0,0,0,1,0.5,0,0
2016,32,"1967*A",582,-2541,"Ivesia gordonii",0.5,NA,NA,0.5,0,1,1,1,0,0,1.30188679245283,100,0
2017,32,"1967*A",582,-2541,"Ivesia gordonii",0.5,0.5,0,0.5,0,0,0,1,0,0,1.28571428571429,99.9999999999958,0
2018,32,"1967*A",582,-2541,"Ivesia gordonii",0.5,0.5,0,0.5,0,0,0,1,0,0,1.12213740458015,99.9999999999958,0
2019,32,"1967*A",582,-2541,"Ivesia gordonii",0.8,0.5,0.3,1.3,0,0,0,1,0,0,0.5,99.9999999999967,0
2016,33,"1968*A",801,-2565,"Agoseris glauca",2.5,NA,NA,2.5,0,1,1,1,0,0,1.30188679245283,300,0
2017,33,"1968*A",801,-2565,"Agoseris glauca",7,2.5,4.5,8,0,0,0,1,0,0,1.28571428571429,300.000000000015,0
2018,33,"1968*A",801,-2565,"Agoseris glauca",0.6,7,-6.4,3,0,0,0,1,0,0,1.12213740458015,300.000000000018,0
2019,33,"1968*A",801,-2565,"Agoseris glauca",0,0.6,-0.6,0,0,0,0,0,0,1,0.5,0,0
2016,33,"1969*A",880,-2445,"Lupinus argenteus",17,NA,NA,10,0,0,1,1,0,0,1.30188679245283,499.282016,27.4344243
2017,33,"1969*A",880,-2445,"Lupinus argenteus",0,17,-17,0,0,0,0,0,0,1,1.28571428571429,0,0
2014,15,"197*A",1715,-910,"Ivesia gordonii",2,NA,NA,2,0,0,NA,1,0,0,2.52336448598131,0,100.000000000005
2015,15,"197*A",1715,-910,"Ivesia gordonii",3,2,1,2,0,0,0,1,0,0,3.0530303030303,6.12672261781935,100.000000000001
2016,15,"197*A",1715,-910,"Ivesia gordonii",6,3,3,4,0,0,0,1,0,0,1.30188679245283,19.0556839156545,100.000000000001
2017,15,"197*A",1715,-910,"Ivesia gordonii",9.5,6,3.5,5,4,0,0,1,0,0,1.28571428571429,19.8702861020913,0
2018,15,"197*A",1715,-910,"Ivesia gordonii",0,9.5,-9.5,0,0,0,0,0,0,1,1.12213740458015,0,0
2016,33,"1970*A",873,-2420,"Elymus lanceolatus",9,NA,NA,10,0,0,1,1,0,0,1.30188679245283,559.866215,0
2017,33,"1970*A",873,-2420,"Elymus lanceolatus",6,9,-3,13,0,0,0,1,0,0,1.28571428571429,545.432747018651,0
2018,33,"1970*A",873,-2420,"Elymus lanceolatus",9,6,3,16,0,0,0,1,0,0,1.12213740458015,400,0
2019,33,"1970*A",873,-2420,"Elymus lanceolatus",10.5,9,1.5,14,0,0,0,1,0,0,0.5,399.999999999996,0
2016,33,"1971*A",878,-2416,"Heterotheca villosa",1,NA,NA,1,0,1,1,1,0,0,1.30188679245283,648.0603027,100
2017,33,"1971*A",878,-2416,"Heterotheca villosa",1,1,0,1,0,0,0,1,0,0,1.28571428571429,500.00000000003,100.000000000006
2018,33,"1971*A",878,-2416,"Heterotheca villosa",0,1,-1,0,0,0,0,0,0,1,1.12213740458015,0,0
2016,33,"1972*A",879.52593926,-2415.1033955,"Eriogonum umbellatum",1,NA,NA,1,0,1,1,1,0,0,1.30188679245283,120.51811,638.242653
2016,33,"1972*B",878.81385338,-2414.7451474,"Eriogonum umbellatum",1,NA,NA,1,0,1,1,0,1,0,1.30188679245283,125.057,641.200348
2016,33,"1972*C",877.2217119,-2417.9429537,"Eriogonum umbellatum",1,NA,NA,1,0,1,1,0,1,0,1.30188679245283,167.56138,453.171106
2016,33,"1972*D",881.61193106,-2410.6803208,"Eriogonum umbellatum",1,NA,NA,1,0,1,1,0,1,0,1.30188679245283,100,593.109345
2016,33,"1972*E",875.98486476,-2412.1351246,"Eriogonum umbellatum",1,NA,NA,1,0,1,1,0,1,0,1.30188679245283,100,673.9929221
2016,33,"1972*F",876.0845362,-2411.642168,"Eriogonum umbellatum",1,NA,NA,1,0,1,1,0,1,0,1.30188679245283,100,648.706932
2016,33,"1972*G",880.12066037,-2411.2926019,"Eriogonum umbellatum",1,NA,NA,1,0,1,1,0,1,0,1.30188679245283,100,710.5488641
2016,33,"1972*H",875.97214049,-2415.0676416,"Eriogonum umbellatum",1,NA,NA,1,0,1,1,0,1,0,1.30188679245283,136.08032,602.424148
2016,33,"1972*I",881.01296913,-2417.0364074,"Eriogonum umbellatum",1,NA,NA,1,0,1,1,0,1,0,1.30188679245283,100.9757618,611.633939
2016,33,"1972*J",879.1834365,-2411.399506,"Eriogonum umbellatum",1,NA,NA,1,0,1,1,0,1,0,1.30188679245283,100,743.735078
2016,33,"1972*K",880.21089333,-2409.7910782,"Eriogonum umbellatum",1,NA,NA,1,0,1,1,0,1,0,1.30188679245283,100,621.431154
2016,33,"1972*L",877.89096438,-2412.3452674,"Eriogonum umbellatum",1,NA,NA,1,0,1,1,0,1,0,1.30188679245283,100,738.703687
2016,33,"1972*M",882.15949662,-2417.0124223,"Eriogonum umbellatum",1,NA,NA,1,0,1,1,0,1,0,1.30188679245283,100,549.268796
2016,33,"1972*N",883.21162964,-2413.3986471,"Eriogonum umbellatum",1,NA,NA,1,0,1,1,0,1,0,1.30188679245283,111.34125,473.804044
2016,33,"1972*O",878.75817597,-2410.3508681,"Eriogonum umbellatum",1,NA,NA,1,0,1,1,0,1,0,1.30188679245283,101.616141,673.9120502
2016,33,"1972*P",881.29450454,-2413.74174,"Eriogonum umbellatum",1,NA,NA,1,0,1,1,0,1,0,1.30188679245283,100,606.7102952
2016,33,"1972*Q",874.84482632,-2414.8685542,"Eriogonum umbellatum",1,NA,NA,1,0,1,1,0,1,0,1.30188679245283,131.08768786,544.45737
2016,33,"1972*R",880.43431293,-2417.3731365,"Eriogonum umbellatum",1,NA,NA,1,0,1,1,0,1,0,1.30188679245283,104.933961,599.10684
2016,33,"1972*S",876.16594464,-2413.1076707,"Eriogonum umbellatum",1,NA,NA,1,0,1,1,0,1,0,1.30188679245283,100,692.564071
2017,33,"1972*A",879,-2414,"Eriogonum umbellatum",0,1,-1,0,0,0,0,0,0,1,1.28571428571429,0,0
2016,33,"1973*A",877,-2409,"Chaenactis douglasii",0.5,NA,NA,0.5,0,1,1,1,0,0,1.30188679245283,539.4955,0
2017,33,"1973*A",877,-2409,"Chaenactis douglasii",0,0.5,-0.5,0,0,0,0,0,0,1,1.28571428571429,0,0
2016,33,"1974*A",975,-2488,"Lupinus argenteus",1.5,NA,NA,1.5,0,0,1,1,0,0,1.30188679245283,295.044,100
2017,33,"1974*A",975,-2488,"Lupinus argenteus",0,1.5,-1.5,0,0,0,0,1,0,0,1.28571428571429,0,0
2018,33,"1974*A",975,-2488,"Lupinus argenteus",3,0,3,2,0,0,0,1,0,0,1.12213740458015,272.667619527763,0
2019,33,"1974*A",975,-2488,"Lupinus argenteus",0,3,-3,0,0,0,0,0,0,1,0.5,0,0
2016,33,"1975*A",902,-2411,"Lupinus argenteus",9,NA,NA,6,0,0,1,1,0,0,1.30188679245283,522.38919,0
2017,33,"1975*A",902,-2411,"Lupinus argenteus",5,9,-4,4,0,0,0,1,0,0,1.28571428571429,504.202020650441,0
2018,33,"1975*A",902,-2411,"Lupinus argenteus",0,5,-5,0,0,0,0,0,0,1,1.12213740458015,0,0
2015,33,"1976*A",980,-2507,"Heterotheca villosa",2,NA,NA,2,0,0,1,1,0,0,3.0530303030303,735.78638,0
2016,33,"1976*A",980,-2507,"Heterotheca villosa",2,2,0,2,0,0,0,1,0,0,1.30188679245283,504.576135,0
2017,33,"1976*A",980,-2507,"Heterotheca villosa",3.5,2,1.5,1.5,0,0,0,1,0,0,1.28571428571429,523.045325149149,0
2018,33,"1976*A",980,-2507,"Heterotheca villosa",7.5,3.5,4,3.5,2,0,0,1,0,0,1.12213740458015,361.298346699284,0
2019,33,"1976*A",980,-2507,"Heterotheca villosa",17.5,7.5,10,7.5,3,0,0,1,0,0,0.5,363.408411629615,13.9360730708779
2015,33,"1977*A",979,-2501,"Heterotheca villosa",2.5,NA,NA,3,0,0,1,1,0,0,3.0530303030303,754.782708,0
2016,33,"1977*A",979,-2501,"Heterotheca villosa",2.5,2.5,0,3,0,0,0,1,0,0,1.30188679245283,488.86757,0
2017,33,"1977*A",979,-2501,"Heterotheca villosa",0,2.5,-2.5,0,0,0,0,0,0,1,1.28571428571429,0,0
2016,33,"1978*A",855,-2445,"Lupinus argenteus",8.5,NA,NA,7,0,0,1,1,0,0,1.30188679245283,400.2323237,137.7003491
2017,33,"1978*A",855,-2445,"Lupinus argenteus",0,8.5,-8.5,0,0,0,0,0,0,1,1.28571428571429,0,0
2016,33,"1979*A",853,-2433,"Eriogonum umbellatum",0.8,NA,NA,0.5,0,1,1,1,0,0,1.30188679245283,391.10581,400
2017,33,"1979*A",853,-2433,"Eriogonum umbellatum",1,0.8,0.2,1,0,0,0,1,0,0,1.28571428571429,297.691167007777,399.99999999999
2018,33,"1979*A",853,-2433,"Eriogonum umbellatum",0,1,-1,0,0,0,0,0,0,1,1.12213740458015,0,0
2014,15,"198*A",1707,-920,"Arenaria congesta",4,NA,NA,5,2,0,NA,1,0,0,2.52336448598131,0,0
2015,15,"198*A",1707,-920,"Arenaria congesta",14,4,10,5.5,7,0,0,1,0,0,3.0530303030303,138.261811460572,0
2016,15,"198*A",1707,-920,"Arenaria congesta",9,14,-5,4,0,0,0,1,0,0,1.30188679245283,75.4282132943698,0
2017,15,"198*A",1707,-920,"Arenaria congesta",13,9,4,6,6,0,0,1,0,0,1.28571428571429,31.6860167896506,0
2018,15,"198*A",1707,-920,"Arenaria congesta",10,13,-3,3,0,0,0,1,0,0,1.12213740458015,0,0
2019,15,"198*A",1707,-920,"Arenaria congesta",11,10,1,5.5,0,0,0,1,0,0,0.5,0,0
2016,33,"1980*A",856,-2432,"Lupinus argenteus",9,NA,NA,9,0,0,1,1,0,0,1.30188679245283,480.437674,208.94372
2017,33,"1980*A",856,-2432,"Lupinus argenteus",13,9,4,9,0,0,0,1,0,0,1.28571428571429,502.72902771224,68.080964634601
2018,33,"1980*A",856,-2432,"Lupinus argenteus",0,13,-13,0,0,0,0,0,0,1,1.12213740458015,0,0
2016,33,"1981*A",856,-2427,"Lupinus argenteus",3,NA,NA,2,0,0,1,1,0,0,1.30188679245283,500,300
2017,33,"1981*A",856,-2427,"Lupinus argenteus",3,3,0,2,0,0,0,1,0,0,1.28571428571429,499.999999999991,204.324970647267
2018,33,"1981*A",856,-2427,"Lupinus argenteus",0,3,-3,0,0,0,0,0,0,1,1.12213740458015,0,0
2016,33,"1982*A",861,-2426,"Lupinus argenteus",11,NA,NA,7,0,0,1,1,0,0,1.30188679245283,505.157613,140.0939822
2017,33,"1982*A",861,-2426,"Lupinus argenteus",8,11,-3,5,0,0,0,1,0,0,1.28571428571429,499.999999999994,99.4859812648756
2018,33,"1982*A",861,-2426,"Lupinus argenteus",0,8,-8,0,0,0,0,0,0,1,1.12213740458015,0,0
2016,33,"1983*A",861,-2435,"Lupinus argenteus",17,NA,NA,8,2,0,1,1,0,0,1.30188679245283,465.16249,130.013967
2017,33,"1983*A",861,-2435,"Lupinus argenteus",1,17,-16,1,0,0,0,1,0,0,1.28571428571429,500.000000000035,100.576077292249
2018,33,"1983*A",861,-2435,"Lupinus argenteus",0,1,-1,0,0,0,0,0,0,1,1.12213740458015,0,0
2016,33,"1984*A",924,-2458,"Poa stenantha",4,NA,NA,7,0,0,1,1,0,0,1.30188679245283,500,100
2017,33,"1984*A",924,-2458,"Poa stenantha",0,4,-4,0,0,0,0,0,0,1,1.28571428571429,0,0
2016,33,"1985*A",951,-2466,"Lupinus argenteus",7,NA,NA,6,0,0,1,1,0,0,1.30188679245283,420.023487,0
2017,33,"1985*A",951,-2466,"Lupinus argenteus",0,7,-7,0,0,0,0,0,0,1,1.28571428571429,0,0
2016,33,"1986*A",909,-2473,"Eriogonum umbellatum",1,NA,NA,1,0,1,1,1,0,0,1.30188679245283,100,400
2017,33,"1986*A",909,-2473,"Eriogonum umbellatum",0,1,-1,0,0,0,0,0,0,1,1.28571428571429,0,0
2016,33,"1987*A",919,-2472,"Eriogonum umbellatum",0.3,NA,NA,0.5,0,1,1,1,0,0,1.30188679245283,200,400
2017,33,"1987*A",919,-2472,"Eriogonum umbellatum",0,0.3,-0.3,0,0,0,0,0,0,1,1.28571428571429,0,0
2016,33,"1988*A",924,-2476,"Agoseris glauca",0.3,NA,NA,0.5,0,1,1,1,0,0,1.30188679245283,600,0
2017,33,"1988*A",924,-2476,"Agoseris glauca",0,0.3,-0.3,0,0,0,0,0,0,1,1.28571428571429,0,0
2016,33,"1989*A",945,-2561,"Elymus lanceolatus",7,NA,NA,13,0,0,1,1,0,0,1.30188679245283,496.47954,0
2017,33,"1989*A",945,-2561,"Elymus lanceolatus",11,7,4,14,1,0,0,1,0,0,1.28571428571429,466.796736248781,0
2018,33,"1989*A",945,-2561,"Elymus lanceolatus",19,11,8,19.5,1,0,0,1,0,0,1.12213740458015,450.631169503844,0
2019,33,"1989*A",945,-2561,"Elymus lanceolatus",15,19,-4,15,0,0,0,1,0,0,0.5,533.705258468136,15.8805116684689
2014,15,"199*A",1730,-930,"Lupinus argenteus",16,NA,NA,12,2,0,NA,1,0,0,2.52336448598131,8.93156858770838,104.73292132699
2015,15,"199*A",1730,-930,"Lupinus argenteus",22,16,6,10.5,0,0,0,1,0,0,3.0530303030303,26.3941469566697,48.5876691552829
2016,15,"199*A",1730,-930,"Lupinus argenteus",0,22,-22,0,0,0,0,0,0,1,1.30188679245283,0,0
2016,34,"1990*A",1400,-2432,"Lupinus argenteus",2.5,NA,NA,3,0,0,1,1,0,0,1.30188679245283,0,0
2017,34,"1990*A",1400,-2432,"Lupinus argenteus",0,2.5,-2.5,0,0,0,0,0,0,1,1.28571428571429,0,0
2016,34,"1991*A",1315,-2540,"Elymus lanceolatus",6,NA,NA,23,0,0,1,1,0,0,1.30188679245283,109.511993,100.4021864
2017,34,"1991*A",1315,-2540,"Elymus lanceolatus",0,6,-6,0,0,0,0,0,0,1,1.28571428571429,0,0
2016,34,"1992*A",1318,-2546,"Elymus lanceolatus",6,NA,NA,27,0,0,1,1,0,0,1.30188679245283,164.50916,200
2017,34,"1992*A",1318,-2546,"Elymus lanceolatus",13,6,7,17,0,0,0,1,0,0,1.28571428571429,180.572090072694,100
2018,34,"1992*A",1318,-2546,"Elymus lanceolatus",20,13,7,22.5,0,0,0,1,0,0,1.12213740458015,190.242932051371,99.9999999999994
2019,34,"1992*A",1318,-2546,"Elymus lanceolatus",15.5,20,-4.5,28,2,0,0,1,0,0,0.5,202.441622329798,99.9999999999986
2016,34,"1993*A",1319,-2544,"Phacelia hastata",4.5,NA,NA,3,0,0,1,1,0,0,1.30188679245283,342.69825,0
2017,34,"1993*A",1319,-2544,"Phacelia hastata",9,4.5,4.5,5,0,0,0,1,0,0,1.28571428571429,279.781242006126,0
2018,34,"1993*A",1319,-2544,"Phacelia hastata",14,9,5,7,2,0,0,1,0,0,1.12213740458015,286.155439970375,0
2019,34,"1993*A",1319,-2544,"Phacelia hastata",32,14,18,13.5,25,0,0,1,0,0,0.5,187.167310261696,0
2016,36,"1994*A",86,-3000,"Lupinus argenteus",2.5,NA,NA,3,0,0,1,1,0,0,1.30188679245283,300,0
2017,36,"1994*A",86,-3000,"Lupinus argenteus",0,2.5,-2.5,0,0,0,0,0,0,1,1.28571428571429,0,0
2015,36,"1995*A",80,-2987,"Agoseris glauca",12,NA,NA,5,3,0,1,1,0,0,3.0530303030303,339.56273,0
2016,36,"1995*A",80,-2987,"Agoseris glauca",12,12,0,5,3,0,0,1,0,0,1.30188679245283,412.4458,0
2017,36,"1995*A",80,-2987,"Agoseris glauca",16.5,12,4.5,4,3,0,0,1,0,0,1.28571428571429,366.662514336038,0
2018,36,"1995*A",80,-2987,"Agoseris glauca",0,16.5,-16.5,0,0,0,0,0,0,1,1.12213740458015,0,0
2016,36,"1996*A",153,-2995,"Lupinus argenteus",2.5,NA,NA,4,0,1,1,1,0,0,1.30188679245283,260.09154,0
2017,36,"1996*A",153,-2995,"Lupinus argenteus",2,2.5,-0.5,2,0,0,0,1,0,0,1.28571428571429,247.539005120803,0
2018,36,"1996*A",153,-2995,"Lupinus argenteus",0,2,-2,0,0,0,0,0,0,1,1.12213740458015,0,0
2016,36,"1997*A",104,-2840,"Agoseris glauca",3,NA,NA,8,0,0,1,1,0,0,1.30188679245283,446.14444,0
2017,36,"1997*A",104,-2840,"Agoseris glauca",9,3,6,11,0,0,0,1,0,0,1.28571428571429,484.522008912041,0
2018,36,"1997*A",104,-2840,"Agoseris glauca",0,9,-9,0,0,0,0,0,0,1,1.12213740458015,0,0
2016,36,"1998*A",108,-2864,"Heterotheca villosa",2,NA,NA,2,0,1,1,1,0,0,1.30188679245283,289.54272,40.48779
2017,36,"1998*A",108,-2864,"Heterotheca villosa",4,2,2,5,1,0,0,1,0,0,1.28571428571429,323.312567777842,0
2018,36,"1998*A",108,-2864,"Heterotheca villosa",0,4,-4,0,0,0,0,0,0,1,1.12213740458015,0,0
2016,36,"1999*A",114,-2847,"Lupinus argenteus",2,NA,NA,4,0,1,1,1,0,0,1.30188679245283,301.058343,0
2017,36,"1999*A",114,-2847,"Lupinus argenteus",0,2,-2,0,0,0,0,0,0,1,1.28571428571429,0,0
2014,1,"2*A",7,-31,"Ivesia gordonii",4.5,NA,NA,4,0,0,NA,1,0,0,2.52336448598131,0,0
2015,1,"2*A",7,-31,"Ivesia gordonii",5.5,4.5,1,3.5,0,0,0,1,0,0,3.0530303030303,0,0
2016,1,"2*A",7,-31,"Ivesia gordonii",9.5,5.5,4,6,3,0,0,1,0,0,1.30188679245283,0,0.319021630811532
2017,1,"2*A",7,-31,"Ivesia gordonii",10,9.5,0.5,5,4,0,0,1,0,0,1.28571428571429,0,0.187661409336679
2018,1,"2*A",7,-31,"Ivesia gordonii",0,10,-10,0,0,0,0,0,0,1,1.12213740458015,0,0
2014,5,"20*A",1625,-172,"Lupinus argenteus",23,NA,NA,11,2,0,NA,1,0,0,2.52336448598131,0,69.8964847969104
2015,5,"20*A",1625,-172,"Lupinus argenteus",15,23,-8,7,0,0,0,1,0,0,3.0530303030303,0.241992040641807,84.2987458209613
2016,5,"20*A",1625,-172,"Lupinus argenteus",6.4,15,-8.6,4.9,0,0,0,1,0,0,1.30188679245283,0,70.7353795388405
2017,5,"20*A",1625,-172,"Lupinus argenteus",0,6.4,-6.4,0,0,0,0,0,0,1,1.28571428571429,0,0
2014,15,"200*A",1725,-960,"Lupinus argenteus",19,NA,NA,16,3,0,NA,1,0,0,2.52336448598131,0,131.477329195892
2015,15,"200*A",1725,-960,"Lupinus argenteus",21,19,2,11.5,0,0,0,1,0,0,3.0530303030303,0,57.8446577625259
2016,15,"200*A",1725,-960,"Lupinus argenteus",13,21,-8,9,0,0,0,1,0,0,1.30188679245283,0,1.37988149219306
2017,15,"200*A",1725,-960,"Lupinus argenteus",0,13,-13,0,0,0,0,0,0,1,1.28571428571429,0,0
2016,36,"2000*A",112,-2847,"Agoseris glauca",1,NA,NA,2,0,1,1,1,0,0,1.30188679245283,350.90467,0
2017,36,"2000*A",112,-2847,"Agoseris glauca",1.3,1,0.3,3,0,0,0,1,0,0,1.28571428571429,200.000000000006,0
2018,36,"2000*A",112,-2847,"Agoseris glauca",0,1.3,-1.3,0,0,0,0,0,0,1,1.12213740458015,0,0
2016,36,"2001*A",102,-2848,"Agoseris glauca",0.3,NA,NA,0.5,0,1,1,1,0,0,1.30188679245283,300,0
2017,36,"2001*A",102,-2848,"Agoseris glauca",1,0.3,0.7,2.5,0,0,0,1,0,0,1.28571428571429,199.999999999995,0
2018,36,"2001*A",102,-2848,"Agoseris glauca",0,1,-1,0,0,0,0,0,0,1,1.12213740458015,0,0
2015,36,"2002*A",178,-2872,"Lupinus argenteus",2.5,NA,NA,2.5,0,0,1,1,0,0,3.0530303030303,300,0
2016,36,"2002*A",178,-2872,"Lupinus argenteus",2.5,2.5,0,2.5,0,0,0,1,0,0,1.30188679245283,300,0
2017,36,"2002*A",178,-2872,"Lupinus argenteus",0,2.5,-2.5,0,0,0,0,0,0,1,1.28571428571429,0,0
2014,36,"2003*A",97,-2843,"Eriogonum umbellatum",70,NA,NA,3.5,105,0,NA,1,0,0,2.52336448598131,8.948941322,72.6053426
2015,36,"2003*A",97,-2843,"Eriogonum umbellatum",70,70,0,3.5,105,0,0,1,0,0,3.0530303030303,10.709526089,84.1221453
2016,36,"2003*A",97,-2843,"Eriogonum umbellatum",79,70,9,3.5,193,0,0,1,0,0,1.30188679245283,14.02944129674,94.75434576
2017,36,"2003*A",97,-2843,"Eriogonum umbellatum",75,79,-4,5,120,0,0,1,0,0,1.28571428571429,11.8722913799064,74.2518201292876
2018,36,"2003*A",97,-2843,"Eriogonum umbellatum",81,75,6,3,166,0,0,1,0,0,1.12213740458015,6.41538501415371,76.6772244030319
2019,36,"2003*A",97,-2843,"Eriogonum umbellatum",77,81,-4,7.5,105,0,0,1,0,0,0.5,8.77575613851028,80.0858505164509
2016,37,"2004*A",452,-2998,"Ivesia gordonii",0.3,NA,NA,0.3,0,1,1,1,0,0,1.30188679245283,0,0
2017,37,"2004*A",452,-2998,"Ivesia gordonii",1.5,0.3,1.2,1.2,0,0,0,1,0,0,1.28571428571429,0,0
2018,37,"2004*A",452,-2998,"Ivesia gordonii",0,1.5,-1.5,0,0,0,0,0,0,1,1.12213740458015,0,0
2016,37,"2005*A",450,-3000,"Poa stenantha",1,NA,NA,2,0,1,1,1,0,0,1.30188679245283,0,0
2017,37,"2005*A",450,-3000,"Poa stenantha",1.5,1,0.5,2.5,0,0,0,1,0,0,1.28571428571429,0,0
2018,37,"2005*A",450,-3000,"Poa stenantha",3,1.5,1.5,4,0,0,0,1,0,0,1.12213740458015,0,0
2019,37,"2005*A",450,-3000,"Poa stenantha",8.1,3,5.1,6,0,0,0,1,0,0,0.5,0,0
2016,37,"2006*A",454,-2993,"Ivesia gordonii",0.3,NA,NA,0.3,0,1,1,1,0,0,1.30188679245283,0,0
2017,37,"2006*A",454,-2993,"Ivesia gordonii",0,0.3,-0.3,0,0,0,0,0,0,1,1.28571428571429,0,0
2016,37,"2007*A",457,-2983,"Ivesia gordonii",0.3,NA,NA,0.3,0,1,1,1,0,0,1.30188679245283,0,33.17272
2017,37,"2007*A",457,-2983,"Ivesia gordonii",0,0.3,-0.3,0,0,0,0,0,0,1,1.28571428571429,0,0
2016,37,"2008*A",459,-2987,"Agoseris glauca",0.3,NA,NA,0.5,0,1,1,1,0,0,1.30188679245283,100,0
2017,37,"2008*A",459,-2987,"Agoseris glauca",0,0.3,-0.3,0,0,0,0,0,0,1,1.28571428571429,0,0
2016,37,"2009*A",454,-2976,"Ivesia gordonii",0.3,NA,NA,0.3,0,1,1,1,0,0,1.30188679245283,0,0
2017,37,"2009*A",454,-2976,"Ivesia gordonii",0,0.3,-0.3,0,0,0,0,0,0,1,1.28571428571429,0,0
2014,15,"201*A",1735,-950,"Lupinus argenteus",35,NA,NA,13,7,0,NA,1,0,0,2.52336448598131,1.45129626092483,123.726916378639
2015,15,"201*A",1735,-950,"Lupinus argenteus",0,35,-35,0,0,0,0,1,0,0,3.0530303030303,0,0
2016,15,"201*A",1735,-950,"Lupinus argenteus",3,0,3,2,0,0,0,1,0,0,1.30188679245283,0,25.911108020076
2017,15,"201*A",1735,-950,"Lupinus argenteus",0,3,-3,0,0,0,0,0,0,1,1.28571428571429,0,0
2016,37,"2010*A",458,-2972,"Ivesia gordonii",0.3,NA,NA,0.3,0,1,1,1,0,0,1.30188679245283,100.02717578,0
2017,37,"2010*A",458,-2972,"Ivesia gordonii",0,0.3,-0.3,0,0,0,0,0,0,1,1.28571428571429,0,0
2016,37,"2011*A",459,-2973,"Ivesia gordonii",0.5,NA,NA,0.5,0,1,1,1,0,0,1.30188679245283,200,0
2017,37,"2011*A",459,-2973,"Ivesia gordonii",0,0.5,-0.5,0,0,0,0,0,0,1,1.28571428571429,0,0
2016,37,"2012*A",467,-2974,"Ivesia gordonii",0.3,NA,NA,0.3,0,1,1,1,0,0,1.30188679245283,100,0
2017,37,"2012*A",467,-2974,"Ivesia gordonii",0,0.3,-0.3,0,0,0,0,0,0,1,1.28571428571429,0,0
2016,37,"2013*A",482,-2975,"Ivesia gordonii",0.3,NA,NA,0.3,0,1,1,1,0,0,1.30188679245283,0,0
2017,37,"2013*A",482,-2975,"Ivesia gordonii",0,0.3,-0.3,0,0,0,0,0,0,1,1.28571428571429,0,0
2016,37,"2014*A",479.11687539,-2971.24519899,"Ivesia gordonii",0.3,NA,NA,0.5,0,1,1,1,0,0,1.30188679245283,0,68.63986
2016,37,"2014*B",478.95863408,-2971.1655883,"Ivesia gordonii",0.3,NA,NA,0.5,0,1,1,0,1,0,1.30188679245283,0,68.63986
2016,37,"2014*C",478.60482487,-2971.87621193,"Ivesia gordonii",0.3,NA,NA,0.5,0,1,1,0,1,0,1.30188679245283,0,0
2017,37,"2014*A",479,-2971,"Ivesia gordonii",0,0.3,-0.3,0,0,0,0,0,0,1,1.28571428571429,0,0
2016,37,"2015*A",486,-2973,"Ivesia gordonii",0.3,NA,NA,0.3,0,1,1,1,0,0,1.30188679245283,0,0
2017,37,"2015*A",486,-2973,"Ivesia gordonii",0,0.3,-0.3,0,0,0,0,0,0,1,1.28571428571429,0,0
2016,37,"2016*A",487,-2971,"Ivesia gordonii",0.2,NA,NA,0.2,0,1,1,1,0,0,1.30188679245283,0,0
2017,37,"2016*A",487,-2971,"Ivesia gordonii",0,0.2,-0.2,0,0,0,0,0,0,1,1.28571428571429,0,0
2016,37,"2017*A",482,-2963,"Ivesia gordonii",0.2,NA,NA,0.2,0,1,1,1,0,0,1.30188679245283,0,100
2017,37,"2017*A",482,-2963,"Ivesia gordonii",0,0.2,-0.2,0,0,0,0,0,0,1,1.28571428571429,0,0
2016,37,"2018*A",459,-2940,"Eriogonum umbellatum",1.5,NA,NA,0.5,0,1,1,1,0,0,1.30188679245283,212.622279,0
2017,37,"2018*A",459,-2940,"Eriogonum umbellatum",2,1.5,0.5,1,0,0,0,1,0,0,1.28571428571429,264.632019615104,0
2018,37,"2018*A",459,-2940,"Eriogonum umbellatum",1.5,2,-0.5,0.5,0,0,0,1,0,0,1.12213740458015,0,0
2019,37,"2018*A",459,-2940,"Eriogonum umbellatum",0.7,1.5,-0.8,0.5,0,0,0,1,0,0,0.5,0,0
2016,37,"2019*A",463,-2934,"Ivesia gordonii",0.3,NA,NA,0.3,0,1,1,1,0,0,1.30188679245283,400,0
2017,37,"2019*A",463,-2934,"Ivesia gordonii",0,0.3,-0.3,0,0,0,0,0,0,1,1.28571428571429,0,0
2014,15,"202*A",1755,-960,"Lupinus argenteus",17,NA,NA,11,1,0,NA,1,0,0,2.52336448598131,0,273.805799356552
2015,15,"202*A",1755,-960,"Lupinus argenteus",16.5,17,-0.5,10.5,0,0,0,1,0,0,3.0530303030303,2.43943501947161,158.397624949129
2016,15,"202*A",1755,-960,"Lupinus argenteus",7.7,16.5,-8.8,6.5,0,0,0,1,0,0,1.30188679245283,4.0778108645189,68.2154499256146
2017,15,"202*A",1755,-960,"Lupinus argenteus",0,7.7,-7.7,0,0,0,0,0,0,1,1.28571428571429,0,0
2016,37,"2020*A",470.64281465,-2931.34859445,"Ivesia gordonii",0.5,NA,NA,0.5,0,1,1,1,0,0,1.30188679245283,200,8.81754
2016,37,"2020*B",469.77248746,-2930.91073565,"Ivesia gordonii",0.5,NA,NA,0.5,0,1,1,0,1,0,1.30188679245283,200,8.81754
2016,37,"2020*C",467.82653676,-2934.81916562,"Ivesia gordonii",0.5,NA,NA,0.5,0,1,1,0,1,0,1.30188679245283,172.96844,0
2016,37,"2020*D",473.19236019,-2925.94261429,"Ivesia gordonii",0.5,NA,NA,0.5,0,1,1,0,1,0,1.30188679245283,100,0
2017,37,"2020*A",470,-2930,"Ivesia gordonii",1,0.5,0.5,1,0,0,0,1,0,0,1.28571428571429,200,0
2018,37,"2020*A",470,-2930,"Ivesia gordonii",0,1,-1,0,0,0,0,0,0,1,1.12213740458015,0,0
2016,37,"2021*A",473,-2928,"Agoseris glauca",0.5,NA,NA,1,0,1,1,1,0,0,1.30188679245283,100,0
2017,37,"2021*A",473,-2928,"Agoseris glauca",0,0.5,-0.5,0,0,0,0,0,0,1,1.28571428571429,0,0
2016,37,"2022*A",464,-2928,"Lupinus argenteus",8,NA,NA,5,0,0,1,1,0,0,1.30188679245283,63.6383103,197.0266
2017,37,"2022*A",464,-2928,"Lupinus argenteus",16,8,8,8,0,0,0,1,0,0,1.28571428571429,48.6646320380764,60.367423266781
2018,37,"2022*A",464,-2928,"Lupinus argenteus",0,16,-16,0,0,0,0,0,0,1,1.12213740458015,0,0
2016,37,"2023*A",459,-2927,"Lupinus argenteus",9,NA,NA,4,0,0,1,1,0,0,1.30188679245283,96.3396773,187.796782
2017,37,"2023*A",459,-2927,"Lupinus argenteus",0,9,-9,0,0,0,0,1,0,0,1.28571428571429,0,0
2018,37,"2023*A",459,-2927,"Lupinus argenteus",5.5,0,5.5,4.5,0,0,0,1,0,0,1.12213740458015,67.4699325472263,0
2019,37,"2023*A",459,-2927,"Lupinus argenteus",0,5.5,-5.5,0,0,0,0,0,0,1,0.5,0,0
2016,37,"2024*A",474,-2926,"Lupinus argenteus",5,NA,NA,3,0,0,1,1,0,0,1.30188679245283,11.48757673,23.5570403
2017,37,"2024*A",474,-2926,"Lupinus argenteus",0,5,-5,0,0,0,0,0,0,1,1.28571428571429,0,0
2016,37,"2025*A",483,-2904,"Agoseris glauca",2,NA,NA,3,0,0,1,1,0,0,1.30188679245283,200,0
2017,37,"2025*A",483,-2904,"Agoseris glauca",2,2,0,4,0,0,0,1,0,0,1.28571428571429,300.000000000015,0
2018,37,"2025*A",483,-2904,"Agoseris glauca",0,2,-2,0,0,0,0,0,0,1,1.12213740458015,0,0
2016,37,"2026*A",486.23375078,-2896.490398,"Ivesia gordonii",0.5,NA,NA,0.5,0,1,1,1,0,0,1.30188679245283,100,162.54501
2016,37,"2026*B",485.91726817,-2896.3311766,"Ivesia gordonii",0.5,NA,NA,0.5,0,1,1,0,1,0,1.30188679245283,100,175.64069
2016,37,"2026*C",485.20964973,-2897.7524239,"Ivesia gordonii",0.5,NA,NA,0.5,0,1,1,0,1,0,1.30188679245283,142.18958,100
2016,37,"2026*D",487.16085825,-2894.524587,"Ivesia gordonii",0.5,NA,NA,0.5,0,1,1,0,1,0,1.30188679245283,100,200
2017,37,"2026*A",486,-2896,"Ivesia gordonii",9,0.5,8.5,7.5,0,0,0,1,0,0,1.28571428571429,109.247664038914,127.616579339467
2018,37,"2026*A",486,-2896,"Ivesia gordonii",0,9,-9,0,0,0,0,0,0,1,1.12213740458015,0,0
2015,37,"2027*A",484,-2898,"Senecio crassulus",2,NA,NA,3,0,0,1,1,0,0,3.0530303030303,300,0
2016,37,"2027*A",484,-2898,"Senecio crassulus",2,2,0,3,0,0,0,1,0,0,1.30188679245283,210.13732,0
2017,37,"2027*A",484,-2898,"Senecio crassulus",0,2,-2,0,0,0,0,1,0,0,1.28571428571429,0,0
2018,37,"2027*A",484,-2898,"Senecio crassulus",5,0,5,6,0,0,0,1,0,0,1.12213740458015,247.238739754126,0
2019,37,"2027*A",484,-2898,"Senecio crassulus",11,5,6,11,0,0,0,1,0,0,0.5,241.440619016669,0
2015,37,"2028*A",476,-2898,"Ivesia gordonii",2,NA,NA,1,0,0,1,1,0,0,3.0530303030303,248.45797,12.11666
2016,37,"2028*A",476,-2898,"Ivesia gordonii",2,2,0,1,0,0,0,1,0,0,1.30188679245283,100,0
2017,37,"2028*A",476,-2898,"Ivesia gordonii",2.5,2,0.5,2.5,0,0,0,1,0,0,1.28571428571429,99.9999999999999,76.8198196256802
2018,37,"2028*A",476,-2898,"Ivesia gordonii",3,2.5,0.5,3,0,0,0,1,0,0,1.12213740458015,99.9414304570355,31.6823556812559
2019,37,"2028*A",476,-2898,"Ivesia gordonii",4.5,3,1.5,3,0,0,0,1,0,0,0.5,66.5601162867248,122.725330062136
2016,37,"2029*A",480,-2891,"Eriogonum umbellatum",0.5,NA,NA,0.3,0,1,1,1,0,0,1.30188679245283,102.359966,100
2017,37,"2029*A",480,-2891,"Eriogonum umbellatum",1.5,0.5,1,1,0,0,0,1,0,0,1.28571428571429,281.651655004572,100.000000000002
2018,37,"2029*A",480,-2891,"Eriogonum umbellatum",0,1.5,-1.5,0,0,0,0,0,0,1,1.12213740458015,0,0
2014,15,"203*A",1785,-945,"Lupinus argenteus",18,NA,NA,12,1,0,NA,1,0,0,2.52336448598131,0,9.86902730135687
2015,15,"203*A",1785,-945,"Lupinus argenteus",10.5,18,-7.5,5,0,0,0,1,0,0,3.0530303030303,0,0
2016,15,"203*A",1785,-945,"Lupinus argenteus",9,10.5,-1.5,8,0,0,0,1,0,0,1.30188679245283,0,0
2017,15,"203*A",1785,-945,"Lupinus argenteus",11,9,2,7,0,0,0,1,0,0,1.28571428571429,0,0
2018,15,"203*A",1785,-945,"Lupinus argenteus",0,11,-11,0,0,0,0,0,0,1,1.12213740458015,0,0
2016,37,"2030*A",448,-2858,"Ivesia gordonii",0.3,NA,NA,0.3,0,1,1,1,0,0,1.30188679245283,0,0
2017,37,"2030*A",448,-2858,"Ivesia gordonii",1.5,0.3,1.2,1,0,0,0,1,0,0,1.28571428571429,0,0
2018,37,"2030*A",448,-2858,"Ivesia gordonii",2,1.5,0.5,2,0,0,0,1,0,0,1.12213740458015,0,0
2019,37,"2030*A",448,-2858,"Ivesia gordonii",5.5,2,3.5,2.5,0,0,0,1,0,0,0.5,0,0
2016,37,"2031*A",405,-2823,"Eriogonum umbellatum",0.3,NA,NA,0.5,0,1,1,1,0,0,1.30188679245283,0,0
2017,37,"2031*A",405,-2823,"Eriogonum umbellatum",0,0.3,-0.3,0,0,0,0,0,0,1,1.28571428571429,0,0
2016,37,"2032*A",511,-2813,"Heterotheca villosa",1,NA,NA,0.5,0,1,1,1,0,0,1.30188679245283,97.74506,0
2017,37,"2032*A",511,-2813,"Heterotheca villosa",0,1,-1,0,0,0,0,0,0,1,1.28571428571429,0,0
2016,37,"2033*A",496,-2853,"Lupinus argenteus",7,NA,NA,7,0,0,1,1,0,0,1.30188679245283,113.09598,0.1053291
2017,37,"2033*A",496,-2853,"Lupinus argenteus",7,7,0,6,0,0,0,1,0,0,1.28571428571429,101.756562329728,0
2018,37,"2033*A",496,-2853,"Lupinus argenteus",5.5,7,-1.5,4,0,0,0,1,0,0,1.12213740458015,160.794462411764,0
2019,37,"2033*A",496,-2853,"Lupinus argenteus",4.5,5.5,-1,3.5,0,0,0,1,0,0,0.5,99.9999999999998,0
2016,37,"2034*A",470,-2844,"Lupinus argenteus",8,NA,NA,5,0,0,1,1,0,0,1.30188679245283,94.14256,0
2017,37,"2034*A",470,-2844,"Lupinus argenteus",0,8,-8,0,0,0,0,0,0,1,1.28571428571429,0,0
2016,37,"2035*A",510.8765654,-2845.8389924,"Ivesia gordonii",0.5,NA,NA,0.5,0,1,1,1,0,0,1.30188679245283,250.79122,0
2016,37,"2035*B",509.6897556,-2845.2419123,"Ivesia gordonii",0.5,NA,NA,0.5,0,1,1,1,0,0,1.30188679245283,200,0
2016,37,"2035*C",507.0361865,-2850.5715895,"Ivesia gordonii",0.5,NA,NA,0.5,0,1,1,1,0,0,1.30188679245283,200,0
2016,37,"2035*D",514.3532184,-2838.4672013,"Ivesia gordonii",0.5,NA,NA,0.5,0,1,1,1,0,0,1.30188679245283,292.51594,138.21272
2016,37,"2035*E",504.9747746,-2840.8918744,"Ivesia gordonii",0.5,NA,NA,0.5,0,1,1,1,0,0,1.30188679245283,200,118.20988
2016,37,"2035*F",505.1408937,-2840.0702799,"Ivesia gordonii",0.5,NA,NA,0.5,0,1,1,1,0,0,1.30188679245283,200,118.20988
2016,37,"2035*G",511.8677673,-2839.4876698,"Ivesia gordonii",0.5,NA,NA,0.5,0,1,1,1,0,0,1.30188679245283,281.79913,200
2016,37,"2035*H",504.9535675,-2845.7794026,"Ivesia gordonii",0.5,NA,NA,0.5,0,1,1,1,0,0,1.30188679245283,104.654643,0
2016,37,"2035*I",513.3549485,-2849.060679,"Ivesia gordonii",0.5,NA,NA,0.5,0,1,1,1,0,0,1.30188679245283,200,0
2016,37,"2035*J",510.3057275,-2839.6658433,"Ivesia gordonii",0.5,NA,NA,0.5,0,1,1,1,0,0,1.30188679245283,239.82333,200
2016,37,"2035*K",512.0181556,-2836.9851303,"Ivesia gordonii",0.5,NA,NA,0.5,0,1,1,1,0,0,1.30188679245283,257.2613,200
2016,37,"2035*L",508.1516073,-2841.2421124,"Ivesia gordonii",0.5,NA,NA,0.5,0,1,1,0,1,0,1.30188679245283,273.75644,117.40638
2016,37,"2035*M",515.2658277,-2849.0207039,"Ivesia gordonii",0.5,NA,NA,0.5,0,1,1,0,1,0,1.30188679245283,200,0
2016,37,"2035*N",517.0193827,-2842.9977452,"Ivesia gordonii",0.5,NA,NA,0.5,0,1,1,0,1,0,1.30188679245283,324.53673,100
2016,37,"2035*O",509.59696,-2837.9181135,"Ivesia gordonii",0.5,NA,NA,0.5,0,1,1,0,1,0,1.30188679245283,203.611954,200
2017,37,"2035*A",510.8765654,-2845.8389924,"Ivesia gordonii",1.5,0.5,1,1.5,0,0,0,1,0,0,1.28571428571429,246.942366449392,53.5937008217812
2017,37,"2035*B",509.6897556,-2845.2419123,"Ivesia gordonii",1.5,0.5,1,1.5,0,0,0,1,0,0,1.28571428571429,221.824169505997,53.5937008217849
2017,37,"2035*C",507.0361865,-2850.5715895,"Ivesia gordonii",1.5,0.5,1,1.5,0,0,0,1,0,0,1.28571428571429,199.999999999999,0
2017,37,"2035*D",514.3532184,-2838.4672013,"Ivesia gordonii",1.5,0.5,1,1.5,0,0,0,1,0,0,1.28571428571429,262.185017049143,153.016424731491
2017,37,"2035*E",504.9747746,-2840.8918744,"Ivesia gordonii",1.5,0.5,1,1.5,0,0,0,1,0,0,1.28571428571429,100,170.288248147872
2017,37,"2035*F",505.1408937,-2840.0702799,"Ivesia gordonii",1.5,0.5,1,1.5,0,0,0,1,0,0,1.28571428571429,99.999999999999,170.288248147871
2017,37,"2035*G",511.8677673,-2839.4876698,"Ivesia gordonii",1.5,0.5,1,1.5,0,0,0,0,1,0,1.28571428571429,257.631114455608,178.046087770762
2017,37,"2035*H",504.9535675,-2845.7794026,"Ivesia gordonii",1.5,0.5,1,1.5,0,0,0,0,1,0,1.28571428571429,130.980549189877,0.261664412909612
2017,37,"2035*I",513.3549485,-2849.060679,"Ivesia gordonii",1.5,0.5,1,1.5,0,0,0,0,1,0,1.28571428571429,208.069383080367,0
2017,37,"2035*J",510.3057275,-2839.6658433,"Ivesia gordonii",1.5,0.5,1,1.5,0,0,0,0,1,0,1.28571428571429,211.272695034863,149.718147905903
2017,37,"2035*K",512.0181556,-2836.9851303,"Ivesia gordonii",1.5,0.5,1,1.5,0,0,0,0,1,0,1.28571428571429,159.005367867772,134.678362343278
2018,37,"2035*A",510.7304712,-2845.5324937,"Ivesia gordonii",2,1.5,0.5,2,0,0,0,1,0,0,1.12213740458015,170.881326385827,170.561897658423
2018,37,"2035*B",509.741463,-2845.0349269,"Ivesia gordonii",2,1.5,0.5,2,0,0,0,1,0,0,1.12213740458015,141.513609725256,170.561897658426
2018,37,"2035*C",507.5301554,-2849.4763246,"Ivesia gordonii",2,1.5,0.5,2,0,0,0,1,0,0,1.12213740458015,113.413940459677,99.9999999999994
2018,37,"2035*D",513.627682,-2839.3893344,"Ivesia gordonii",2,1.5,0.5,2,0,0,0,1,0,0,1.12213740458015,125.897697915164,200
2018,37,"2035*E",505.8123122,-2841.4098953,"Ivesia gordonii",2,1.5,0.5,2,0,0,0,1,0,0,1.12213740458015,100.000000000001,181.322979580448
2018,37,"2035*F",505.9507447,-2840.7252333,"Ivesia gordonii",2,1.5,0.5,2,0,0,0,0,1,0,1.12213740458015,100.000000000001,181.322979580444
2019,37,"2035*A",510.9057843,-2845.9002922,"Ivesia gordonii",5,2,3,2.7,0,0,0,1,0,0,0.5,201.570929770285,312.055813240712
2019,37,"2035*B",509.6794141,-2845.2833093,"Ivesia gordonii",5,2,3,2.7,0,0,0,0,1,0,0.5,178.034865045572,332.46218937792
2019,37,"2035*C",506.9373927,-2850.7906425,"Ivesia gordonii",5,2,3,2.7,0,0,0,0,1,0,0.5,129.817147983295,127.801303016782
2019,37,"2035*D",514.4983257,-2838.2827747,"Ivesia gordonii",5,2,3,2.7,0,0,0,0,1,0,0.5,190.148409997243,239.568329851181
2019,37,"2035*E",504.8072671,-2840.7882702,"Ivesia gordonii",5,2,3,2.7,0,0,0,0,1,0,0.5,98.3744966481623,241.627248631065
2016,37,"2036*A",528,-2822,"Lupinus argenteus",9,NA,NA,6,0,0,1,1,0,0,1.30188679245283,20.100445,116.67181
2017,37,"2036*A",528,-2822,"Lupinus argenteus",5,9,-4,3,0,0,0,1,0,0,1.28571428571429,0,0
2018,37,"2036*A",528,-2822,"Lupinus argenteus",0,5,-5,0,0,0,0,0,0,1,1.12213740458015,0,0
2016,37,"2037*A",534,-2822,"Lupinus argenteus",12,NA,NA,8,0,0,1,1,0,0,1.30188679245283,42.2480996,105.25392
2017,37,"2037*A",534,-2822,"Lupinus argenteus",0,12,-12,0,0,0,0,0,0,1,1.28571428571429,0,0
2016,37,"2038*A",540,-2825,"Lupinus argenteus",11,NA,NA,7,0,0,1,1,0,0,1.30188679245283,69.704633,91.29211
2017,37,"2038*A",540,-2825,"Lupinus argenteus",0,11,-11,0,0,0,0,0,0,1,1.28571428571429,0,0
2016,37,"2039*A",537,-2832,"Ivesia gordonii",0.5,NA,NA,0.3,0,0,1,1,0,0,1.30188679245283,200,100
2017,37,"2039*A",537,-2832,"Ivesia gordonii",0,0.5,-0.5,0,0,0,0,0,0,1,1.28571428571429,0,0
2014,15,"204*A",1695,-990,"Lupinus argenteus",19,NA,NA,9,1,0,NA,1,0,0,2.52336448598131,0,36.9535565374132
2015,15,"204*A",1695,-990,"Lupinus argenteus",11.5,19,-7.5,6.5,0,0,0,1,0,0,3.0530303030303,0,57.9905098536748
2016,15,"204*A",1695,-990,"Lupinus argenteus",0,11.5,-11.5,0,0,0,0,0,0,1,1.30188679245283,0,0
2016,37,"2040*A",568,-2855,"Ivesia gordonii",0.5,NA,NA,0.3,0,1,1,1,0,0,1.30188679245283,0,0
2017,37,"2040*A",568,-2855,"Ivesia gordonii",1,0.5,0.5,1,0,0,0,1,0,0,1.28571428571429,0,0
2018,37,"2040*A",568,-2855,"Ivesia gordonii",0,1,-1,0,0,0,0,0,0,1,1.12213740458015,0,0
2016,37,"2041*A",498,-2910,"Ivesia gordonii",1,NA,NA,1.5,0,1,1,1,0,0,1.30188679245283,100,0
2017,37,"2041*A",498,-2910,"Ivesia gordonii",0,1,-1,0,0,0,0,0,0,1,1.28571428571429,0,0
2016,37,"2042*A",565,-2930,"Lupinus argenteus",12,NA,NA,7,0,0,1,1,0,0,1.30188679245283,0,0.06121161
2017,37,"2042*A",565,-2930,"Lupinus argenteus",8.5,12,-3.5,5,0,0,0,1,0,0,1.28571428571429,0,0
2018,37,"2042*A",565,-2930,"Lupinus argenteus",0,8.5,-8.5,0,0,0,0,0,0,1,1.12213740458015,0,0
2016,37,"2043*A",581,-2962,"Lupinus argenteus",8,NA,NA,5,0,0,1,1,0,0,1.30188679245283,32.84476,247.16808463
2017,37,"2043*A",581,-2962,"Lupinus argenteus",6.5,8,-1.5,3,0,0,0,1,0,0,1.28571428571429,2.83955602172554,0
2018,37,"2043*A",581,-2962,"Lupinus argenteus",0,6.5,-6.5,0,0,0,0,0,0,1,1.12213740458015,0,0
2016,37,"2044*A",589,-2967,"Lupinus argenteus",1.5,NA,NA,1.5,0,0,1,1,0,0,1.30188679245283,0,201.214141
2017,37,"2044*A",589,-2967,"Lupinus argenteus",0,1.5,-1.5,0,0,0,0,0,0,1,1.28571428571429,0,0
2016,37,"2045*A",580,-2986,"Lupinus argenteus",19,NA,NA,12,0,0,1,1,0,0,1.30188679245283,0,84.8989329
2017,37,"2045*A",580,-2986,"Lupinus argenteus",0,19,-19,0,0,0,0,0,0,1,1.28571428571429,0,0
2016,37,"2046*A",594,-2962,"Eriogonum umbellatum",1,NA,NA,0.8,0,0,1,1,0,0,1.30188679245283,118.59592,0
2017,37,"2046*A",594,-2962,"Eriogonum umbellatum",1.5,1,0.5,1,0,0,0,1,0,0,1.28571428571429,0,0
2018,37,"2046*A",594,-2962,"Eriogonum umbellatum",0,1.5,-1.5,0,0,0,0,0,0,1,1.12213740458015,0,0
2016,40,"2047*A",1648,-2984,"Elymus lanceolatus",5,NA,NA,7,0,0,1,1,0,0,1.30188679245283,100,0
2017,40,"2047*A",1648,-2984,"Elymus lanceolatus",12,5,7,10,0,0,0,1,0,0,1.28571428571429,59.835138980642,4.05187795964664
2018,40,"2047*A",1648,-2984,"Elymus lanceolatus",20.5,12,8.5,21,8,0,0,1,0,0,1.12213740458015,30.1132314747216,30.1800602337072
2019,40,"2047*A",1648,-2984,"Elymus lanceolatus",22.5,20.5,2,24.5,29,0,0,1,0,0,0.5,12.5468386252384,15.5662417131603
2016,41,"2048*A",30,-3388,"Ivesia gordonii",0.4,NA,NA,0.2,0,1,1,1,0,0,1.30188679245283,0,0
2017,41,"2048*A",30,-3388,"Ivesia gordonii",3,0.4,2.6,2,0,0,0,1,0,0,1.28571428571429,0,0
2018,41,"2048*A",30,-3388,"Ivesia gordonii",6,3,3,3,1,0,0,1,0,0,1.12213740458015,0,0
2019,41,"2048*A",30,-3388,"Ivesia gordonii",7.2,6,1.2,5,0,0,0,1,0,0,0.5,0,0
2015,41,"2049*A",67,-3348,"Arenaria congesta",1.3,NA,NA,2.5,0,0,1,1,0,0,3.0530303030303,100,0
2016,41,"2049*A",67,-3348,"Arenaria congesta",1.3,1.3,0,2.5,0,0,0,1,0,0,1.30188679245283,100,0
2017,41,"2049*A",67,-3348,"Arenaria congesta",5,1.3,3.7,3,0,0,0,1,0,0,1.28571428571429,151.019755899302,0
2018,41,"2049*A",67,-3348,"Arenaria congesta",6,5,1,4,3,0,0,1,0,0,1.12213740458015,100,0
2019,41,"2049*A",67,-3348,"Arenaria congesta",11.5,6,5.5,8.5,10,0,0,1,0,0,0.5,100,0
2014,15,"205*A",1710,-990,"Lupinus argenteus",14,NA,NA,8,1,0,NA,1,0,0,2.52336448598131,0,64.2361773864961
2015,15,"205*A",1710,-990,"Lupinus argenteus",10.5,14,-3.5,6,0,0,0,1,0,0,3.0530303030303,0,60.6310004332258
2016,15,"205*A",1710,-990,"Lupinus argenteus",0,10.5,-10.5,0,0,0,0,0,0,1,1.30188679245283,0,0
2016,41,"2050*A",156,-3282,"Lupinus argenteus",6,NA,NA,3,0,0,1,1,0,0,1.30188679245283,100,4.18932978
2017,41,"2050*A",156,-3282,"Lupinus argenteus",0,6,-6,0,0,0,0,0,0,1,1.28571428571429,0,0
2016,41,"2051*A",126,-3272,"Heterotheca villosa",2.5,NA,NA,2.5,0,0,1,1,0,0,1.30188679245283,100,0
2017,41,"2051*A",126,-3272,"Heterotheca villosa",0,2.5,-2.5,0,0,0,0,1,0,0,1.28571428571429,0,0
2018,41,"2051*A",126,-3272,"Heterotheca villosa",9.5,0,9.5,6,3,0,0,1,0,0,1.12213740458015,177.737076235033,0
2019,41,"2051*A",126,-3272,"Heterotheca villosa",11,9.5,1.5,6,3,0,0,1,0,0,0.5,101.496382000011,0
2016,41,"2052*A",134,-3268,"Phacelia hastata",0.6,NA,NA,0.3,0,1,1,1,0,0,1.30188679245283,100,0
2017,41,"2052*A",134,-3268,"Phacelia hastata",0,0.6,-0.6,0,0,0,0,0,0,1,1.28571428571429,0,0
2015,41,"2053*A",112,-3246,"Senecio crassulus",3,NA,NA,4,0,0,1,1,0,0,3.0530303030303,216.9335,0
2016,41,"2053*A",112,-3246,"Senecio crassulus",3,3,0,4,0,0,0,1,0,0,1.30188679245283,112.3183,0
2017,41,"2053*A",112,-3246,"Senecio crassulus",8.5,3,5.5,12,4,0,0,1,0,0,1.28571428571429,99.9999999999998,0
2018,41,"2053*A",112,-3246,"Senecio crassulus",14,8.5,5.5,6.5,0,0,0,1,0,0,1.12213740458015,100,0
2019,41,"2053*A",112,-3246,"Senecio crassulus",23,14,9,19.5,12,0,0,1,0,0,0.5,100,0
2016,41,"2054*A",157,-3238,"Heterotheca villosa",4,NA,NA,3,0,0,1,1,0,0,1.30188679245283,117.874141,0
2017,41,"2054*A",157,-3238,"Heterotheca villosa",5.5,4,1.5,4,0,0,0,1,0,0,1.28571428571429,100,0
2018,41,"2054*A",157,-3238,"Heterotheca villosa",9,5.5,3.5,5.5,0,0,0,1,0,0,1.12213740458015,104.066141021564,2.58782434551629
2019,41,"2054*A",157,-3238,"Heterotheca villosa",15,9,6,6,1,0,0,1,0,0,0.5,107.413212420377,11.338994608445
2016,41,"2055*A",153,-3222,"Arnica latifolia",1,NA,NA,1,0,1,1,1,0,0,1.30188679245283,100,100
2017,41,"2055*A",153,-3222,"Arnica latifolia",0,1,-1,0,0,0,0,0,0,1,1.28571428571429,0,0
2016,41,"2056*A",155,-3225,"Arnica latifolia",1,NA,NA,2,0,1,1,1,0,0,1.30188679245283,100,0
2017,41,"2056*A",155,-3225,"Arnica latifolia",1,1,0,2.5,0,0,0,1,0,0,1.28571428571429,100.000000000001,100.000000000001
2018,41,"2056*A",155,-3225,"Arnica latifolia",7,1,6,4,0,0,0,1,0,0,1.12213740458015,120.220042500644,29.3017988152549
2019,41,"2056*A",155,-3225,"Arnica latifolia",0,7,-7,0,0,0,0,0,0,1,0.5,0,0
2015,41,"2057*A",150,-3213,"Arenaria congesta",3,NA,NA,3,0,0,1,1,0,0,3.0530303030303,183.5834,0
2016,41,"2057*A",150,-3213,"Arenaria congesta",3,3,0,3,0,0,0,1,0,0,1.30188679245283,100.1905042,0
2017,41,"2057*A",150,-3213,"Arenaria congesta",4,3,1,4,2,0,0,1,0,0,1.28571428571429,337.177189890492,0
2018,41,"2057*A",150,-3213,"Arenaria congesta",2,4,-2,2,0,0,0,1,0,0,1.12213740458015,100.000000000001,0
2019,41,"2057*A",150,-3213,"Arenaria congesta",7.5,2,5.5,10.2,2,0,0,1,0,0,0.5,100,0
2016,41,"2058*A",146,-3210,"Pseudocymopterus montanus",0.4,NA,NA,1,0,1,1,1,0,0,1.30188679245283,200,0
2017,41,"2058*A",146,-3210,"Pseudocymopterus montanus",0,0.4,-0.4,0,0,0,0,0,0,1,1.28571428571429,0,0
2016,41,"2059*A",162,-3220,"Lupinus argenteus",2,NA,NA,2,0,1,1,1,0,0,1.30188679245283,209.645817,0
2017,41,"2059*A",162,-3220,"Lupinus argenteus",0,2,-2,0,0,0,0,0,0,1,1.28571428571429,0,0
2014,15,"206*A",1745,-970,"Lupinus argenteus",12,NA,NA,12,0,0,NA,1,0,0,2.52336448598131,0,367.245170177506
2015,15,"206*A",1745,-970,"Lupinus argenteus",14,12,2,9.5,0,0,0,1,0,0,3.0530303030303,3.38844991862834,210.097469536706
2016,15,"206*A",1745,-970,"Lupinus argenteus",8,14,-6,7.5,0,0,0,1,0,0,1.30188679245283,18.5401281950782,74.3405138231613
2017,15,"206*A",1745,-970,"Lupinus argenteus",0,8,-8,0,0,0,0,0,0,1,1.28571428571429,0,0
2016,41,"2060*A",140.1460942,-3211.3064987,"Senecio crassulus",1,NA,NA,2.5,0,1,1,1,0,0,1.30188679245283,100,76.82996
2016,41,"2060*B",139.9482926,-3211.2069854,"Senecio crassulus",1,NA,NA,2.5,0,1,1,1,0,0,1.30188679245283,100,76.82996
2017,41,"2060*A",140.2921885,-3211.6129975,"Senecio crassulus",2.5,1,1.5,2.5,0,0,0,1,0,0,1.28571428571429,289.044390550935,81.4252112195162
2017,41,"2060*B",139.8965852,-3211.4139708,"Senecio crassulus",2.5,1,1.5,2.5,0,0,0,0,1,0,1.28571428571429,277.139295322487,81.4252112195162
2018,41,"2060*A",140,-3211,"Senecio crassulus",0,2.5,-2.5,0,0,0,0,0,0,1,1.12213740458015,0,0
2016,41,"2061*A",138,-3213,"Arnica latifolia",0.3,NA,NA,0.3,0,1,1,1,0,0,1.30188679245283,100,0
2017,41,"2061*A",138,-3213,"Arnica latifolia",0,0.3,-0.3,0,0,0,0,0,0,1,1.28571428571429,0,0
2016,41,"2062*A",139,-3224,"Senecio crassulus",0.3,NA,NA,0.3,0,1,1,1,0,0,1.30188679245283,100,0
2017,41,"2062*A",139,-3224,"Senecio crassulus",1.8,0.3,1.5,1,0,0,0,1,0,0,1.28571428571429,99.9999999999996,0
2018,41,"2062*A",139,-3224,"Senecio crassulus",0,1.8,-1.8,0,0,0,0,0,0,1,1.12213740458015,0,0
2016,41,"2063*A",49,-3221,"Lupinus argenteus",6,NA,NA,4,0,0,1,1,0,0,1.30188679245283,100,0
2017,41,"2063*A",49,-3221,"Lupinus argenteus",0,6,-6,0,0,0,0,0,0,1,1.28571428571429,0,0
2016,42,"2064*A",400,-3235,"Heterotheca villosa",3,NA,NA,2,0,0,1,1,0,0,1.30188679245283,113.01403,0
2017,42,"2064*A",400,-3235,"Heterotheca villosa",0,3,-3,0,0,0,0,0,0,1,1.28571428571429,0,0
2016,42,"2065*A",412,-3203,"Senecio crassulus",0.5,NA,NA,0.7,0,1,1,1,0,0,1.30188679245283,0,0
2017,42,"2065*A",412,-3203,"Senecio crassulus",2,0.5,1.5,2,0,0,0,1,0,0,1.28571428571429,114.921922342981,100.000000000001
2018,42,"2065*A",412,-3203,"Senecio crassulus",0,2,-2,0,0,0,0,0,0,1,1.12213740458015,0,0
2016,42,"2066*A",417,-3203,"Penstemon whippleanus",2,NA,NA,2.5,0,1,1,1,0,0,1.30188679245283,9.941929,0
2017,42,"2066*A",417,-3203,"Penstemon whippleanus",9,2,7,6,0,0,0,1,0,0,1.28571428571429,99.622955172635,0
2018,42,"2066*A",417,-3203,"Penstemon whippleanus",0,9,-9,0,0,0,0,0,0,1,1.12213740458015,0,0
2016,42,"2067*A",424,-3202,"Eriogonum umbellatum",1,NA,NA,1,0,1,1,1,0,0,1.30188679245283,143.25094,0
2017,42,"2067*A",424,-3202,"Eriogonum umbellatum",0,1,-1,0,0,0,0,0,0,1,1.28571428571429,0,0
2016,42,"2068*A",420,-3210,"Elymus lanceolatus",0.5,NA,NA,2,0,1,1,1,0,0,1.30188679245283,100,0
2017,42,"2068*A",420,-3210,"Elymus lanceolatus",0,0.5,-0.5,0,0,0,0,0,0,1,1.28571428571429,0,0
2016,42,"2069*A",535,-3200,"Lupinus argenteus",7,NA,NA,5,0,0,1,1,0,0,1.30188679245283,0,100
2017,42,"2069*A",535,-3200,"Lupinus argenteus",12,7,5,8,0,0,0,1,0,0,1.28571428571429,0,0
2018,42,"2069*A",535,-3200,"Lupinus argenteus",0,12,-12,0,0,0,0,0,0,1,1.12213740458015,0,0
2014,15,"207*A",1755,-975,"Lupinus argenteus",13,NA,NA,11,0,0,NA,1,0,0,2.52336448598131,0,374.087452365908
2015,15,"207*A",1755,-975,"Lupinus argenteus",0,13,-13,0,0,0,0,1,0,0,3.0530303030303,0,0
2016,15,"207*A",1755,-975,"Lupinus argenteus",5.8,0,5.8,5.5,0,0,0,1,0,0,1.30188679245283,25.1605385069587,170.204891070101
2017,15,"207*A",1755,-975,"Lupinus argenteus",0,5.8,-5.8,0,0,0,0,0,0,1,1.28571428571429,0,0
2016,42,"2070*A",535,-3310,"Lupinus argenteus",12,NA,NA,6,0,0,1,1,0,0,1.30188679245283,0.3702816,0
2017,42,"2070*A",535,-3310,"Lupinus argenteus",13,12,1,7,0,0,0,1,0,0,1.28571428571429,0,0
2018,42,"2070*A",535,-3310,"Lupinus argenteus",0,13,-13,0,0,0,0,0,0,1,1.12213740458015,0,0
2016,42,"2071*A",536,-3310,"Heterotheca villosa",0.6,NA,NA,0.4,0,1,1,1,0,0,1.30188679245283,100,0
2017,42,"2071*A",536,-3310,"Heterotheca villosa",0,0.6,-0.6,0,0,0,0,0,0,1,1.28571428571429,0,0
2016,42,"2072*A",585,-3359,"Lupinus argenteus",8.5,NA,NA,6,0,0,1,1,0,0,1.30188679245283,0,2.514591
2017,42,"2072*A",585,-3359,"Lupinus argenteus",0,8.5,-8.5,0,0,0,0,0,0,1,1.28571428571429,0,0
2016,43,"2073*A",936,-3325,"Lupinus argenteus",6,NA,NA,4.5,0,0,1,1,0,0,1.30188679245283,0,0
2017,43,"2073*A",936,-3325,"Lupinus argenteus",7.5,6,1.5,3,0,0,0,1,0,0,1.28571428571429,0,0
2018,43,"2073*A",936,-3325,"Lupinus argenteus",0,7.5,-7.5,0,0,0,0,0,0,1,1.12213740458015,0,0
2016,45,"2074*A",1603,-3373,"Eriogonum umbellatum",1,NA,NA,1,0,1,1,1,0,0,1.30188679245283,0,0
2017,45,"2074*A",1603,-3373,"Eriogonum umbellatum",0,1,-1,0,0,0,0,0,0,1,1.28571428571429,0,0
2015,45,"2075*A",1678,-3342,"Agoseris glauca",9,NA,NA,7,0,0,1,1,0,0,3.0530303030303,200,0
2016,45,"2075*A",1678,-3342,"Agoseris glauca",9,9,0,7,0,0,0,1,0,0,1.30188679245283,100,0
2017,45,"2075*A",1678,-3342,"Agoseris glauca",25,9,16,7,4,0,0,1,0,0,1.28571428571429,99.9999999999997,0
2018,45,"2075*A",1678,-3342,"Agoseris glauca",5,25,-20,6,1,0,0,1,0,0,1.12213740458015,100.000000000003,0
2019,45,"2075*A",1678,-3342,"Agoseris glauca",0,5,-5,0,0,0,0,0,0,1,0.5,0,0
2016,45,"2076*A",1724,-3303,"Lupinus argenteus",2,NA,NA,2.5,0,0,1,1,0,0,1.30188679245283,0,0
2017,45,"2076*A",1724,-3303,"Lupinus argenteus",0,2,-2,0,0,0,0,0,0,1,1.28571428571429,0,0
2016,50,"2077*A",1697,-3800,"Senecio crassulus",2,NA,NA,3,0,0,1,1,0,0,1.30188679245283,100,0
2017,50,"2077*A",1697,-3800,"Senecio crassulus",10,2,8,8,0,0,0,1,0,0,1.28571428571429,100.000000000004,0
2018,50,"2077*A",1697,-3800,"Senecio crassulus",0,10,-10,0,0,0,0,0,0,1,1.12213740458015,0,0
2016,50,"2078*A",1777,-3751,"Arnica latifolia",1,NA,NA,1,0,1,1,1,0,0,1.30188679245283,200,0
2017,50,"2078*A",1777,-3751,"Arnica latifolia",1.5,1,0.5,1.5,0,0,0,1,0,0,1.28571428571429,99.9999999999935,0
2018,50,"2078*A",1777,-3751,"Arnica latifolia",4.5,1.5,3,2,0,0,0,1,0,0,1.12213740458015,89.846180100982,0
2019,50,"2078*A",1777,-3751,"Arnica latifolia",7,4.5,2.5,5,0,0,0,1,0,0,0.5,10.5873771643039,0
2016,50,"2079*A",1765,-3725,"Eriogonum umbellatum",0.6,NA,NA,0.5,0,1,1,1,0,0,1.30188679245283,100,100
2017,50,"2079*A",1765,-3725,"Eriogonum umbellatum",0,0.6,-0.6,0,0,0,0,0,0,1,1.28571428571429,0,0
2014,15,"208*A",1760,-975,"Lupinus argenteus",25,NA,NA,13,4,0,NA,1,0,0,2.52336448598131,0,248.746415522544
2015,15,"208*A",1760,-975,"Lupinus argenteus",25,25,0,15.5,3,0,0,1,0,0,3.0530303030303,1.42452607254549,159.668279694224
2016,15,"208*A",1760,-975,"Lupinus argenteus",18,25,-7,17,1,0,0,1,0,0,1.30188679245283,9.06753149092493,109.791196896172
2017,15,"208*A",1760,-975,"Lupinus argenteus",9,18,-9,4,0,0,0,1,0,0,1.28571428571429,91.6187796164324,43.3788320478663
2018,15,"208*A",1760,-975,"Lupinus argenteus",0,9,-9,0,0,0,0,0,0,1,1.12213740458015,0,0
2016,50,"2080*A",1627,-3712,"Elymus lanceolatus",6,NA,NA,3,0,0,1,1,0,0,1.30188679245283,0,0
2017,50,"2080*A",1627,-3712,"Elymus lanceolatus",7,6,1,9,0,0,0,1,0,0,1.28571428571429,0,0
2018,50,"2080*A",1627,-3712,"Elymus lanceolatus",0,7,-7,0,0,0,0,0,0,1,1.12213740458015,0,0
2016,49,"2081*A",1266,-3790,"Lupinus argenteus",4.5,NA,NA,2,0,0,1,1,0,0,1.30188679245283,0,0
2017,49,"2081*A",1266,-3790,"Lupinus argenteus",0,4.5,-4.5,0,0,0,0,0,0,1,1.28571428571429,0,0
2016,49,"2082*A",1358,-3740,"Lupinus argenteus",7,NA,NA,6,0,0,1,1,0,0,1.30188679245283,0,0
2017,49,"2082*A",1358,-3740,"Lupinus argenteus",0,7,-7,0,0,0,0,0,0,1,1.28571428571429,0,0
2016,49,"2083*A",1377,-3731,"Lupinus argenteus",6,NA,NA,4,0,0,1,1,0,0,1.30188679245283,0,0
2017,49,"2083*A",1377,-3731,"Lupinus argenteus",9.5,6,3.5,7,0,0,0,1,0,0,1.28571428571429,0,0
2018,49,"2083*A",1377,-3731,"Lupinus argenteus",0,9.5,-9.5,0,0,0,0,0,0,1,1.12213740458015,0,0
2016,49,"2084*A",1262,-3610,"Eriogonum umbellatum",0.5,NA,NA,0.3,0,1,1,1,0,0,1.30188679245283,100,100
2017,49,"2084*A",1262,-3610,"Eriogonum umbellatum",0,0.5,-0.5,0,0,0,0,0,0,1,1.28571428571429,0,0
2016,48,"2085*A",942,-3793,"Lupinus argenteus",3,NA,NA,3,0,0,1,1,0,0,1.30188679245283,0,0
2017,48,"2085*A",942,-3793,"Lupinus argenteus",0,3,-3,0,0,0,0,0,0,1,1.28571428571429,0,0
2016,46,"2086*A",69,-3601,"Lupinus argenteus",7,NA,NA,6,0,0,1,1,0,0,1.30188679245283,290.91011,0
2017,46,"2086*A",69,-3601,"Lupinus argenteus",11,7,4,8,0,0,0,1,0,0,1.28571428571429,285.374153331648,0
2018,46,"2086*A",69,-3601,"Lupinus argenteus",0,11,-11,0,0,0,0,0,0,1,1.12213740458015,0,0
2016,46,"2087*A",84,-3614,"Senecio crassulus",0.5,NA,NA,1,0,1,1,1,0,0,1.30188679245283,500,0
2017,46,"2087*A",84,-3614,"Senecio crassulus",1,0.5,0.5,1,0,0,0,1,0,0,1.28571428571429,400.000000000004,0
2018,46,"2087*A",84,-3614,"Senecio crassulus",0,1,-1,0,0,0,0,0,0,1,1.12213740458015,0,0
2016,46,"2088*A",21,-3683,"Carex siccata",6,NA,NA,15,0,0,1,1,0,0,1.30188679245283,100,0
2017,46,"2088*A",21,-3683,"Carex siccata",8,6,2,6,0,0,0,1,0,0,1.28571428571429,300,0
2018,46,"2088*A",21,-3683,"Carex siccata",9.5,8,1.5,8.5,0,0,0,1,0,0,1.12213740458015,300,0
2019,46,"2088*A",21,-3683,"Carex siccata",11,9.5,1.5,13,0,0,0,1,0,0,0.5,300,0
2016,46,"2089*A",24,-3716,"Viola praemorsa",0.5,NA,NA,0.6,0,1,1,1,0,0,1.30188679245283,300,0
2017,46,"2089*A",24,-3716,"Viola praemorsa",0,0.5,-0.5,0,0,0,0,0,0,1,1.28571428571429,0,0
2014,15,"209*A",1765,-980,"Lupinus argenteus",21,NA,NA,11,3,0,NA,1,0,0,2.52336448598131,0,259.293914594531
2015,15,"209*A",1765,-980,"Lupinus argenteus",19,21,-2,13,0,0,0,1,0,0,3.0530303030303,2.46572567562848,185.298817035428
2016,15,"209*A",1765,-980,"Lupinus argenteus",11,19,-8,9,0,0,0,1,0,0,1.30188679245283,7.47076974713233,171.501063038157
2017,15,"209*A",1765,-980,"Lupinus argenteus",8,11,-3,6,0,0,0,1,0,0,1.28571428571429,73.9244768341482,54.9013343105864
2018,15,"209*A",1765,-980,"Lupinus argenteus",0,8,-8,0,0,0,0,0,0,1,1.12213740458015,0,0
2016,46,"2090*A",62,-3723,"Eriogonum umbellatum",0.5,NA,NA,1,0,1,1,1,0,0,1.30188679245283,195.67185,500
2017,46,"2090*A",62,-3723,"Eriogonum umbellatum",0,0.5,-0.5,0,0,0,0,0,0,1,1.28571428571429,0,0
2015,46,"2091*A",66,-3725,"Arenaria congesta",1.2,NA,NA,2,0,0,1,1,0,0,3.0530303030303,600,0
2016,46,"2091*A",66,-3725,"Arenaria congesta",1.2,1.2,0,2,0,0,0,1,0,0,1.30188679245283,745.41509,0
2017,46,"2091*A",66,-3725,"Arenaria congesta",2,1.2,0.8,1,0,0,0,1,0,0,1.28571428571429,600.512275644138,0
2018,46,"2091*A",66,-3725,"Arenaria congesta",3,2,1,3,0,0,0,1,0,0,1.12213740458015,499.999999999999,0
2019,46,"2091*A",66,-3725,"Arenaria congesta",7.5,3,4.5,4,1,0,0,1,0,0,0.5,400,0
2016,46,"2092*A",7,-3754,"Viola praemorsa",3,NA,NA,1,0,0,1,1,0,0,1.30188679245283,500,0
2017,46,"2092*A",7,-3754,"Viola praemorsa",4,3,1,2.5,0,0,0,1,0,0,1.28571428571429,564.498671537115,0
2018,46,"2092*A",7,-3754,"Viola praemorsa",0,4,-4,0,0,0,0,0,0,1,1.12213740458015,0,0
2016,46,"2093*A",11,-3751,"Lupinus argenteus",8,NA,NA,3,0,0,1,1,0,0,1.30188679245283,434.923218,6.25
2017,46,"2093*A",11,-3751,"Lupinus argenteus",6.5,8,-1.5,3.5,0,0,0,1,0,0,1.28571428571429,511.376015736986,13.986766172492
2018,46,"2093*A",11,-3751,"Lupinus argenteus",0,6.5,-6.5,0,0,0,0,0,0,1,1.12213740458015,0,0
2016,46,"2094*A",13,-3755,"Lupinus argenteus",2,NA,NA,2,0,0,1,1,0,0,1.30188679245283,499.06116,100
2017,46,"2094*A",13,-3755,"Lupinus argenteus",2.5,2,0.5,2.5,0,0,0,1,0,0,1.28571428571429,500,94.5505393260439
2018,46,"2094*A",13,-3755,"Lupinus argenteus",0,2.5,-2.5,0,0,0,0,0,0,1,1.12213740458015,0,0
2015,46,"2095*A",16,-3750,"Senecio crassulus",3,NA,NA,2,0,0,1,1,0,0,3.0530303030303,396.07988,0
2016,46,"2095*A",16,-3750,"Senecio crassulus",3,3,0,2,0,0,0,1,0,0,1.30188679245283,599.99873,0
2017,46,"2095*A",16,-3750,"Senecio crassulus",0,3,-3,0,0,0,0,0,0,1,1.28571428571429,0,0
2016,46,"2096*A",12,-3760,"Agoseris glauca",0.5,NA,NA,1.5,0,1,1,1,0,0,1.30188679245283,500,0
2017,46,"2096*A",12,-3760,"Agoseris glauca",4.5,0.5,4,3,0,0,0,1,0,0,1.28571428571429,500,0
2018,46,"2096*A",12,-3760,"Agoseris glauca",0,4.5,-4.5,0,0,0,0,0,0,1,1.12213740458015,0,0
2016,46,"2097*A",20.17531309,-3741.36779849,"Senecio crassulus",1.5,NA,NA,2,0,1,1,1,0,0,1.30188679245283,300,81.42521
2016,46,"2097*B",19.93795113,-3741.24838245,"Senecio crassulus",1.5,NA,NA,2,0,1,1,0,1,0,1.30188679245283,300,81.42521
2017,46,"2097*A",20,-3741,"Senecio crassulus",0,1.5,-1.5,0,0,0,0,0,0,1,1.28571428571429,0,0
2016,46,"2098*A",12.11687539,-3771.24519899,"Senecio crassulus",1,NA,NA,2,0,1,1,1,0,0,1.30188679245283,400,81.42521
2016,46,"2098*B",11.95863408,-3771.1655883,"Senecio crassulus",1,NA,NA,2,0,1,1,0,1,0,1.30188679245283,400,81.42521
2017,46,"2098*A",12,-3771,"Senecio crassulus",0,1,-1,0,0,0,0,0,0,1,1.28571428571429,0,0
2016,46,"2099*A",14.23375078,-3777.49039798,"Senecio crassulus",0.5,NA,NA,1,0,1,1,1,0,0,1.30188679245283,400,29.95071
2016,46,"2099*B",13.91726817,-3777.3311766,"Senecio crassulus",0.5,NA,NA,1,0,1,1,0,1,0,1.30188679245283,400,29.95071
2017,46,"2099*A",14,-3777,"Senecio crassulus",0,0.5,-0.5,0,0,0,0,0,0,1,1.28571428571429,0,0
2014,5,"21*A",1633,-160,"Lupinus argenteus",22,NA,NA,13,6,0,NA,1,0,0,2.52336448598131,8.03384662844147,108.196257268838
2015,5,"21*A",1633,-160,"Lupinus argenteus",24,22,2,14,6,0,0,1,0,0,3.0530303030303,34.2529790105302,74.4154877633524
2016,5,"21*A",1633,-160,"Lupinus argenteus",0,24,-24,0,0,0,0,0,0,1,1.30188679245283,0,0
2014,15,"210*A",1785,-980,"Lupinus argenteus",17,NA,NA,11,1,0,NA,1,0,0,2.52336448598131,0,101.402561232882
2015,15,"210*A",1785,-980,"Lupinus argenteus",1.5,17,-15.5,2,0,0,0,1,0,0,3.0530303030303,0,49.151443446636
2016,15,"210*A",1785,-980,"Lupinus argenteus",5,1.5,3.5,5,0,0,0,1,0,0,1.30188679245283,0,13.5442422977063
2017,15,"210*A",1785,-980,"Lupinus argenteus",0,5,-5,0,0,0,0,0,0,1,1.28571428571429,0,0
2016,46,"2100*A",13,-3781,"Eriogonum umbellatum",1,NA,NA,1,0,1,1,1,0,0,1.30188679245283,106.331389,300
2017,46,"2100*A",13,-3781,"Eriogonum umbellatum",0,1,-1,0,0,0,0,0,0,1,1.28571428571429,0,0
2016,46,"2101*A",5,-3790,"Senecio crassulus",0.5,NA,NA,1,0,1,1,1,0,0,1.30188679245283,300,0
2017,46,"2101*A",5,-3790,"Senecio crassulus",0,0.5,-0.5,0,0,0,0,0,0,1,1.28571428571429,0,0
2016,46,"2102*A",8,-3787,"Eriogonum umbellatum",0.5,NA,NA,1,0,1,1,1,0,0,1.30188679245283,100,298.87956
2017,46,"2102*A",8,-3787,"Eriogonum umbellatum",0,0.5,-0.5,0,0,0,0,0,0,1,1.28571428571429,0,0
2016,46,"2103*A",15,-3785,"Carex siccata",2,NA,NA,6,0,0,1,1,0,0,1.30188679245283,400,100
2017,46,"2103*A",15,-3785,"Carex siccata",4,2,2,3,0,0,0,1,0,0,1.28571428571429,400,100
2018,46,"2103*A",15,-3785,"Carex siccata",0,4,-4,0,0,0,0,0,0,1,1.12213740458015,0,0
2016,46,"2104*A",28,-3789,"Heterotheca villosa",0.5,NA,NA,0.3,0,1,1,1,0,0,1.30188679245283,333.91896,200
2017,46,"2104*A",28,-3789,"Heterotheca villosa",0,0.5,-0.5,0,0,0,0,0,0,1,1.28571428571429,0,0
2016,46,"2105*A",45,-3785,"Heterotheca villosa",1,NA,NA,1.5,0,1,1,1,0,0,1.30188679245283,500,100
2017,46,"2105*A",45,-3785,"Heterotheca villosa",0,1,-1,0,0,0,0,0,0,1,1.28571428571429,0,0
2016,46,"2106*A",16,-3773,"Senecio crassulus",0.5,NA,NA,1,0,1,1,1,0,0,1.30188679245283,400,0
2017,46,"2106*A",16,-3773,"Senecio crassulus",0,0.5,-0.5,0,0,0,0,0,0,1,1.28571428571429,0,0
2016,46,"2107*A",52,-3788,"Senecio crassulus",1.3,NA,NA,3,0,0,1,1,0,0,1.30188679245283,653.94124,1.093763
2017,46,"2107*A",52,-3788,"Senecio crassulus",0,1.3,-1.3,0,0,0,0,0,0,1,1.28571428571429,0,0
2016,46,"2108*A",61,-3794,"Agoseris glauca",7,NA,NA,3,1,0,1,1,0,0,1.30188679245283,746.361105,0
2017,46,"2108*A",61,-3794,"Agoseris glauca",5,7,-2,6,0,0,0,1,0,0,1.28571428571429,596.552768012486,0
2018,46,"2108*A",61,-3794,"Agoseris glauca",2.5,5,-2.5,1,0,0,0,1,0,0,1.12213740458015,500.000000000005,0
2019,46,"2108*A",61,-3794,"Agoseris glauca",0,2.5,-2.5,0,0,0,0,0,0,1,0.5,0,0
2016,46,"2109*A",58,-3797,"Arenaria congesta",6,NA,NA,3,0,0,1,1,0,0,1.30188679245283,663.70591,0
2017,46,"2109*A",58,-3797,"Arenaria congesta",8,6,2,5,1,0,0,1,0,0,1.28571428571429,548.822899404564,0
2018,46,"2109*A",58,-3797,"Arenaria congesta",5,8,-3,3,0,0,0,1,0,0,1.12213740458015,487.117282794888,0
2019,46,"2109*A",58,-3797,"Arenaria congesta",10,5,5,7,2,0,0,1,0,0,0.5,500.318207525554,0
2014,15,"211*A",1800,-975,"Lupinus argenteus",8,NA,NA,8,0,0,NA,1,0,0,2.52336448598131,0,92.6820500681082
2015,15,"211*A",1800,-975,"Lupinus argenteus",1,8,-7,0.5,0,0,0,1,0,0,3.0530303030303,0,0
2016,15,"211*A",1800,-975,"Lupinus argenteus",11.5,1,10.5,8,0,0,0,1,0,0,1.30188679245283,0,36.6354791384635
2017,15,"211*A",1800,-975,"Lupinus argenteus",0,11.5,-11.5,0,0,0,0,0,0,1,1.28571428571429,0,0
2016,46,"2110*A",59,-3773,"Senecio crassulus",0.5,NA,NA,1.5,0,1,1,1,0,0,1.30188679245283,900,0
2017,46,"2110*A",59,-3773,"Senecio crassulus",0,0.5,-0.5,0,0,0,0,0,0,1,1.28571428571429,0,0
2016,46,"2111*A",50,-3782,"Arenaria congesta",3,NA,NA,4,0,1,1,1,0,0,1.30188679245283,664.368222,0
2017,46,"2111*A",50,-3782,"Arenaria congesta",5.5,3,2.5,4,0,0,0,1,0,0,1.28571428571429,709.584842986797,0
2018,46,"2111*A",50,-3782,"Arenaria congesta",5.5,5.5,0,4,0,0,0,1,0,0,1.12213740458015,510.680147347592,0
2019,46,"2111*A",50,-3782,"Arenaria congesta",7.5,5.5,2,5,0,0,0,1,0,0,0.5,556.987670740456,0
2015,46,"2112*A",79,-3774,"Penstemon whippleanus",4,NA,NA,3,0,0,1,1,0,0,3.0530303030303,798.6280509,0
2016,46,"2112*A",79,-3774,"Penstemon whippleanus",4,4,0,3,0,0,0,1,0,0,1.30188679245283,988.52709,0
2017,46,"2112*A",79,-3774,"Penstemon whippleanus",0,4,-4,0,0,0,0,0,0,1,1.28571428571429,0,0
2016,46,"2113*A",60,-3776,"Agoseris glauca",3,NA,NA,4,0,0,1,1,0,0,1.30188679245283,900,0
2017,46,"2113*A",60,-3776,"Agoseris glauca",12.5,3,9.5,3,1,0,0,1,0,0,1.28571428571429,636.142942838096,0
2018,46,"2113*A",60,-3776,"Agoseris glauca",4,12.5,-8.5,3,0,0,0,1,0,0,1.12213740458015,500.000000000005,0
2019,46,"2113*A",60,-3776,"Agoseris glauca",4,4,0,4,0,0,0,1,0,0,0.5,546.150686080744,0
2016,46,"2114*A",76,-3773,"Arenaria congesta",2,NA,NA,3,0,0,1,1,0,0,1.30188679245283,1100,0
2017,46,"2114*A",76,-3773,"Arenaria congesta",5,2,3,3,1,0,0,1,0,0,1.28571428571429,700,0
2018,46,"2114*A",76,-3773,"Arenaria congesta",2,5,-3,0.5,0,0,0,1,0,0,1.12213740458015,599.999999999999,0
2019,46,"2114*A",76,-3773,"Arenaria congesta",0,2,-2,0,0,0,0,0,0,1,0.5,0,0
2016,46,"2115*A",70,-3790,"Phacelia hastata",8,NA,NA,4,1,0,1,1,0,0,1.30188679245283,810.382721,0
2017,46,"2115*A",70,-3790,"Phacelia hastata",6.5,8,-1.5,1.5,0,0,0,1,0,0,1.28571428571429,526.261967191071,0
2018,46,"2115*A",70,-3790,"Phacelia hastata",7,6.5,0.5,2,1,0,0,1,0,0,1.12213740458015,511.730893847612,0
2019,46,"2115*A",70,-3790,"Phacelia hastata",8,7,1,3,1,0,0,1,0,0,0.5,539.424445591201,0
2016,46,"2116*A",98.46750156,-3784.98079596,"Viola praemorsa",1,NA,NA,1,0,1,1,1,0,0,1.30188679245283,500,173.94424
2016,46,"2116*B",97.83453633,-3784.6623532,"Viola praemorsa",1,NA,NA,1,0,1,1,0,1,0,1.30188679245283,500,150.22829
2016,46,"2116*C",96.41929946,-3787.50484772,"Viola praemorsa",1,NA,NA,1,0,1,1,0,1,0,1.30188679245283,500,100
2017,46,"2116*A",98,-3784,"Viola praemorsa",0,1,-1,0,0,0,0,0,0,1,1.28571428571429,0,0
2016,46,"2117*A",84.70125235,-3763.47119394,"Ivesia gordonii",1,NA,NA,1,0,1,1,1,0,0,1.30188679245283,1011.035195,144.33582
2016,46,"2117*B",83.7518045,-3762.9935298,"Ivesia gordonii",1,NA,NA,1,0,1,1,0,1,0,1.30188679245283,1081.78791,109.84252
2016,46,"2117*C",81.62894919,-3767.25727158,"Ivesia gordonii",1,NA,NA,1,0,1,1,0,1,0,1.30188679245283,1050.63278,0
2016,46,"2117*D",87.48257475,-3757.57376105,"Ivesia gordonii",1,NA,NA,1,0,1,1,0,1,0,1.30188679245283,1093.951362293,100
2016,46,"2117*E",79.97981967,-3759.51349952,"Ivesia gordonii",1,NA,NA,1,0,1,1,0,1,0,1.30188679245283,1100,64.49533
2016,46,"2117*F",80.11271493,-3758.85622396,"Ivesia gordonii",1,NA,NA,1,0,1,1,0,1,0,1.30188679245283,1100,64.49533
2017,46,"2117*A",84,-3762,"Ivesia gordonii",3.5,1,2.5,2,0,0,0,1,0,0,1.28571428571429,827.809554978606,0
2018,46,"2117*A",84,-3762,"Ivesia gordonii",4.5,3.5,1,4,0,0,0,1,0,0,1.12213740458015,702.256398116116,0
2019,46,"2117*A",84,-3762,"Ivesia gordonii",12,4.5,7.5,5,2,0,0,1,0,0,0.5,538.803809677149,0.173611111111107
2016,46,"2118*A",109,-3775,"Viola praemorsa",0.8,NA,NA,1,0,1,1,1,0,0,1.30188679245283,783.03583,0
2017,46,"2118*A",109,-3775,"Viola praemorsa",0,0.8,-0.8,0,0,0,0,0,0,1,1.28571428571429,0,0
2016,46,"2119*A",139,-3791,"Ivesia gordonii",0.3,NA,NA,0.5,0,1,1,1,0,0,1.30188679245283,458.36935,100
2017,46,"2119*A",139,-3791,"Ivesia gordonii",0,0.3,-0.3,0,0,0,0,0,0,1,1.28571428571429,0,0
2014,15,"212*A",1795,-985,"Lupinus argenteus",2,NA,NA,2,0,0,NA,1,0,0,2.52336448598131,0,99.9999999999951
2015,15,"212*A",1795,-985,"Lupinus argenteus",3.5,2,1.5,3,0,0,0,1,0,0,3.0530303030303,0,0
2016,15,"212*A",1795,-985,"Lupinus argenteus",8,3.5,4.5,8,0,0,0,1,0,0,1.30188679245283,0,46.9794783296112
2017,15,"212*A",1795,-985,"Lupinus argenteus",0,8,-8,0,0,0,0,0,0,1,1.28571428571429,0,0
2016,46,"2120*A",141,-3791,"Ivesia gordonii",0.2,NA,NA,0.2,0,1,1,1,0,0,1.30188679245283,500,100
2017,46,"2120*A",141,-3791,"Ivesia gordonii",0,0.2,-0.2,0,0,0,0,0,0,1,1.28571428571429,0,0
2016,46,"2121*A",122,-3796,"Ivesia gordonii",0.3,NA,NA,0.5,0,1,1,1,0,0,1.30188679245283,400,0
2017,46,"2121*A",122,-3796,"Ivesia gordonii",1.5,0.3,1.2,1.5,0,0,0,1,0,0,1.28571428571429,500,0
2018,46,"2121*A",122,-3796,"Ivesia gordonii",5.5,1.5,4,3.5,0,0,0,1,0,0,1.12213740458015,500,0
2019,46,"2121*A",122,-3796,"Ivesia gordonii",12.5,5.5,7,4,1,0,0,1,0,0,0.5,466.059164784037,24.2669944251659
2016,46,"2122*A",166.1168754,-3792.24519899,"Ivesia gordonii",0.5,NA,NA,0.5,0,1,1,1,0,0,1.30188679245283,583.02727,81.05606
2016,46,"2122*B",165.9586341,-3792.165588301,"Ivesia gordonii",0.5,NA,NA,0.5,0,1,1,0,1,0,1.30188679245283,592.26738,81.05606
2017,46,"2122*A",166,-3792,"Ivesia gordonii",0,0.5,-0.5,0,0,0,0,0,0,1,1.28571428571429,0,0
2016,46,"2123*A",154,-3760,"Agoseris glauca",0.5,NA,NA,0.3,0,1,1,1,0,0,1.30188679245283,700,0
2017,46,"2123*A",154,-3760,"Agoseris glauca",0,0.5,-0.5,0,0,0,0,0,0,1,1.28571428571429,0,0
2016,46,"2124*A",161,-3755,"Senecio crassulus",0.5,NA,NA,1,0,1,1,1,0,0,1.30188679245283,700,0
2017,46,"2124*A",161,-3755,"Senecio crassulus",0,0.5,-0.5,0,0,0,0,0,0,1,1.28571428571429,0,0
2016,46,"2125*A",176,-3760,"Lupinus argenteus",12,NA,NA,5,0,0,1,1,0,0,1.30188679245283,739.66989944,29.80022
2017,46,"2125*A",176,-3760,"Lupinus argenteus",7,12,-5,6,0,0,0,1,0,0,1.28571428571429,609.104687177887,0
2018,46,"2125*A",176,-3760,"Lupinus argenteus",0,7,-7,0,0,0,0,0,0,1,1.12213740458015,0,0
2016,46,"2126*A",180,-3752,"Lupinus argenteus",8,NA,NA,5,0,0,1,1,0,0,1.30188679245283,708.427779,67.0505
2017,46,"2126*A",180,-3752,"Lupinus argenteus",0,8,-8,0,0,0,0,0,0,1,1.28571428571429,0,0
2016,46,"2127*A",172.3506262,-3791.73559697,"Eriogonum umbellatum",0.5,NA,NA,0.5,0,1,1,1,0,0,1.30188679245283,300,368.97794
2016,46,"2127*B",171.8759023,-3791.496764902,"Eriogonum umbellatum",0.5,NA,NA,0.5,0,1,1,0,1,0,1.30188679245283,307.373372,368.97794
2017,46,"2127*A",172,-3791,"Eriogonum umbellatum",0,0.5,-0.5,0,0,0,0,0,0,1,1.28571428571429,0,0
2016,46,"2128*A",170,-3790,"Senecio crassulus",0.5,NA,NA,1,0,0,1,1,0,0,1.30188679245283,629.39646,0
2017,46,"2128*A",170,-3790,"Senecio crassulus",3,0.5,2.5,2.5,0,0,0,1,0,0,1.28571428571429,400,0
2018,46,"2128*A",170,-3790,"Senecio crassulus",0,3,-3,0,0,0,0,0,0,1,1.12213740458015,0,0
2015,46,"2129*A",158,-3784,"Ivesia gordonii",1,NA,NA,1,0,0,1,1,0,0,3.0530303030303,700,100
2016,46,"2129*A",158,-3784,"Ivesia gordonii",1,1,0,1,0,0,0,1,0,0,1.30188679245283,700,100
2017,46,"2129*A",158,-3784,"Ivesia gordonii",0,1,-1,0,0,0,0,0,0,1,1.28571428571429,0,0
2014,15,"213*A",1755,-995,"Lupinus argenteus",17,NA,NA,8,1,0,NA,1,0,0,2.52336448598131,0,203.370347034938
2015,15,"213*A",1755,-995,"Lupinus argenteus",17,17,0,10,2,0,0,1,0,0,3.0530303030303,1.14395921322404,175.017751002758
2016,15,"213*A",1755,-995,"Lupinus argenteus",16.5,17,-0.5,5,0,0,0,1,0,0,1.30188679245283,4.81937497547369,106.562770923668
2017,15,"213*A",1755,-995,"Lupinus argenteus",0,16.5,-16.5,0,0,0,0,0,0,1,1.28571428571429,0,0
2016,46,"2130*A",169,-3799,"Arenaria congesta",2,NA,NA,2,0,0,1,1,0,0,1.30188679245283,424.27458,0
2017,46,"2130*A",169,-3799,"Arenaria congesta",0,2,-2,0,0,0,0,0,0,1,1.28571428571429,0,0
2016,46,"2131*A",188,-3795,"Heterotheca villosa",1,NA,NA,1,0,1,1,1,0,0,1.30188679245283,618.71094,100
2017,46,"2131*A",188,-3795,"Heterotheca villosa",3,1,2,2,0,0,0,1,0,0,1.28571428571429,586.033255294223,0
2018,46,"2131*A",188,-3795,"Heterotheca villosa",0,3,-3,0,0,0,0,0,0,1,1.12213740458015,0,0
2016,46,"2132*A",188,-3784,"Heterotheca villosa",4,NA,NA,3,0,0,1,1,0,0,1.30188679245283,613.038601,148.731671
2017,46,"2132*A",188,-3784,"Heterotheca villosa",0,4,-4,0,0,0,0,0,0,1,1.28571428571429,0,0
2015,46,"2133*A",194,-3755,"Carex siccata",19,NA,NA,20,0,0,1,1,0,0,3.0530303030303,542.23979,0
2016,46,"2133*A",194,-3755,"Carex siccata",19,19,0,20,0,0,0,1,0,0,1.30188679245283,608.371783,0.4272581
2017,46,"2133*A",194,-3755,"Carex siccata",15,19,-4,25,0,0,0,1,0,0,1.28571428571429,412.138125561525,3.93565920279779
2018,46,"2133*A",194,-3755,"Carex siccata",17,15,2,17.5,0,0,0,1,0,0,1.12213740458015,323.625758280643,0
2019,46,"2133*A",194,-3755,"Carex siccata",12,17,-5,14,0,0,0,1,0,0,0.5,300,0
2016,46,"2134*A",189,-3785,"Heterotheca villosa",1,NA,NA,1,0,0,1,1,0,0,1.30188679245283,640.3622,200
2017,46,"2134*A",189,-3785,"Heterotheca villosa",0,1,-1,0,0,0,0,0,0,1,1.28571428571429,0,0
2016,46,"2135*A",145,-3774,"Agoseris glauca",3,NA,NA,6,0,0,1,1,0,0,1.30188679245283,699.65068,0
2017,46,"2135*A",145,-3774,"Agoseris glauca",0,3,-3,0,0,0,0,0,0,1,1.28571428571429,0,0
2016,46,"2136*A",146,-3776,"Agoseris glauca",4,NA,NA,8,0,0,1,1,0,0,1.30188679245283,755.463157,0
2017,46,"2136*A",146,-3776,"Agoseris glauca",0,4,-4,0,0,0,0,0,0,1,1.28571428571429,0,0
2016,46,"2137*A",148,-3776,"Senecio crassulus",6,NA,NA,6,0,0,1,1,0,0,1.30188679245283,695.675242,0
2017,46,"2137*A",148,-3776,"Senecio crassulus",0,6,-6,0,0,0,0,0,0,1,1.28571428571429,0,0
2016,46,"2138*A",147,-3771,"Agoseris glauca",4,NA,NA,6,0,0,1,1,0,0,1.30188679245283,666.56651,0
2017,46,"2138*A",147,-3771,"Agoseris glauca",0,4,-4,0,0,0,0,0,0,1,1.28571428571429,0,0
2016,46,"2139*A",97.35062617,-3758.73559697,"Ivesia gordonii",1,NA,NA,2,0,1,1,1,0,0,1.30188679245283,1264.09505,171.71891
2016,46,"2139*B",96.87590225,-3758.4967649,"Ivesia gordonii",1,NA,NA,2,0,1,1,0,1,0,1.30188679245283,1237.4645,171.71891
2016,46,"2139*C",95.8144746,-3760.62863579,"Ivesia gordonii",1,NA,NA,2,0,1,1,0,1,0,1.30188679245283,1152.84165,100
2017,46,"2139*A",97,-3758,"Ivesia gordonii",0,1,-1,0,0,0,0,0,0,1,1.28571428571429,0,0
2014,15,"214*A",1770,-995,"Lupinus argenteus",5,NA,NA,4,0,0,NA,1,0,0,2.52336448598131,0,258.895132722026
2015,15,"214*A",1770,-995,"Lupinus argenteus",8,5,3,4,0,0,0,1,0,0,3.0530303030303,0,222.691976044262
2016,15,"214*A",1770,-995,"Lupinus argenteus",9.5,8,1.5,5,0,0,0,1,0,0,1.30188679245283,3.8706371093641,153.623584362887
2017,15,"214*A",1770,-995,"Lupinus argenteus",0,9.5,-9.5,0,0,0,0,0,0,1,1.28571428571429,0,0
2016,46,"2140*A",88,-3745,"Senecio crassulus",1,NA,NA,1,0,1,1,1,0,0,1.30188679245283,905.093715,0
2017,46,"2140*A",88,-3745,"Senecio crassulus",0,1,-1,0,0,0,0,0,0,1,1.28571428571429,0,0
2015,46,"2141*A",87,-3740,"Agoseris glauca",2,NA,NA,5,0,0,1,1,0,0,3.0530303030303,1000,0
2016,46,"2141*A",87,-3740,"Agoseris glauca",2,2,0,5,0,0,0,1,0,0,1.30188679245283,1000,0
2017,46,"2141*A",87,-3740,"Agoseris glauca",13,2,11,4,0,0,0,1,0,0,1.28571428571429,774.446910734033,0
2018,46,"2141*A",87,-3740,"Agoseris glauca",9,13,-4,4,0,0,0,1,0,0,1.12213740458015,678.139452815891,0
2019,46,"2141*A",87,-3740,"Agoseris glauca",0,9,-9,0,0,0,0,0,0,1,0.5,0,0
2016,46,"2142*A",75,-3737,"Lupinus argenteus",6,NA,NA,5,0,0,1,1,0,0,1.30188679245283,702.69961504,207.642345
2017,46,"2142*A",75,-3737,"Lupinus argenteus",0,6,-6,0,0,0,0,0,0,1,1.28571428571429,0,0
2016,46,"2143*A",84,-3730,"Senecio crassulus",1,NA,NA,4,0,0,1,1,0,0,1.30188679245283,1000,0
2017,46,"2143*A",84,-3730,"Senecio crassulus",3,1,2,4,0,0,0,1,0,0,1.28571428571429,671.959065145512,0
2018,46,"2143*A",84,-3730,"Senecio crassulus",6,3,3,5,1,0,0,1,0,0,1.12213740458015,536.450016057451,0
2019,46,"2143*A",84,-3730,"Senecio crassulus",0,6,-6,0,0,0,0,0,0,1,0.5,0,0
2016,46,"2144*A",83,-3691,"Heterotheca villosa",1,NA,NA,0.5,0,1,1,1,0,0,1.30188679245283,721.21437,200
2017,46,"2144*A",83,-3691,"Heterotheca villosa",0,1,-1,0,0,0,0,0,0,1,1.28571428571429,0,0
2016,46,"2145*A",88,-3696,"Lupinus argenteus",12,NA,NA,8,0,0,1,1,0,0,1.30188679245283,679.7678079,27.89341
2017,46,"2145*A",88,-3696,"Lupinus argenteus",0,12,-12,0,0,0,0,0,0,1,1.28571428571429,0,0
2016,46,"2146*A",88,-3693,"Senecio crassulus",2,NA,NA,5,0,0,1,1,0,0,1.30188679245283,800,0
2017,46,"2146*A",88,-3693,"Senecio crassulus",8,2,6,4,0,0,0,1,0,0,1.28571428571429,610.829248934915,0
2018,46,"2146*A",88,-3693,"Senecio crassulus",0,8,-8,0,0,0,0,0,0,1,1.12213740458015,0,0
2016,46,"2147*A",90,-3697,"Senecio crassulus",2,NA,NA,5,0,0,1,1,0,0,1.30188679245283,800,0
2017,46,"2147*A",90,-3697,"Senecio crassulus",0,2,-2,0,0,0,0,0,0,1,1.28571428571429,0,0
2016,46,"2148*A",78,-3703,"Lupinus argenteus",10,NA,NA,5,0,0,1,1,0,0,1.30188679245283,624.290857,59.3842
2017,46,"2148*A",78,-3703,"Lupinus argenteus",9,10,-1,5,0,0,0,1,0,0,1.28571428571429,629.160426032925,0
2018,46,"2148*A",78,-3703,"Lupinus argenteus",0,9,-9,0,0,0,0,0,0,1,1.12213740458015,0,0
2016,46,"2149*A",91,-3672,"Lupinus argenteus",3.5,NA,NA,2,0,0,1,1,0,0,1.30188679245283,700,0
2017,46,"2149*A",91,-3672,"Lupinus argenteus",13,3.5,9.5,7,0,0,0,1,0,0,1.28571428571429,595.551314884009,0
2018,46,"2149*A",91,-3672,"Lupinus argenteus",0,13,-13,0,0,0,0,0,0,1,1.12213740458015,0,0
2014,16,"215*A",10,-1400,"Lupinus argenteus",28,NA,NA,11,0,0,NA,1,0,0,2.52336448598131,0,24.7777977536128
2015,16,"215*A",10,-1400,"Lupinus argenteus",0,28,-28,0,0,0,0,0,0,1,3.0530303030303,0,0
2016,46,"2150*A",101,-3728,"Senecio crassulus",3,NA,NA,7,0,0,1,1,0,0,1.30188679245283,735.28451,0
2017,46,"2150*A",101,-3728,"Senecio crassulus",9,3,6,9,0,0,0,1,0,0,1.28571428571429,716.992888457029,51.407214393456
2018,46,"2150*A",101,-3728,"Senecio crassulus",0,9,-9,0,0,0,0,0,0,1,1.12213740458015,0,0
2016,46,"2151*A",110,-3727,"Senecio crassulus",2,NA,NA,5,0,0,1,1,0,0,1.30188679245283,905.265813,0
2017,46,"2151*A",110,-3727,"Senecio crassulus",9,2,7,6,0,0,0,1,0,0,1.28571428571429,730.163111197909,8.08440745024358
2018,46,"2151*A",110,-3727,"Senecio crassulus",2.5,9,-6.5,5.5,1,0,0,1,0,0,1.12213740458015,694.282880322021,0
2019,46,"2151*A",110,-3727,"Senecio crassulus",0,2.5,-2.5,0,0,0,0,0,0,1,0.5,0,0
2016,46,"2152*A",67,-3691,"Senecio crassulus",3,NA,NA,5,0,0,1,1,0,0,1.30188679245283,600,0
2017,46,"2152*A",67,-3691,"Senecio crassulus",2,3,-1,1,0,0,0,1,0,0,1.28571428571429,545.996043303126,0
2018,46,"2152*A",67,-3691,"Senecio crassulus",0,2,-2,0,0,0,0,0,0,1,1.12213740458015,0,0
2016,46,"2153*A",120,-3713,"Phacelia hastata",3,NA,NA,3.5,0,0,1,1,0,0,1.30188679245283,729.34822,1.011764
2017,46,"2153*A",120,-3713,"Phacelia hastata",0,3,-3,0,0,0,0,0,0,1,1.28571428571429,0,0
2016,46,"2154*A",118,-3718,"Phacelia hastata",4,NA,NA,4,0,0,1,1,0,0,1.30188679245283,837.0107354,0.5691174
2017,46,"2154*A",118,-3718,"Phacelia hastata",0,4,-4,0,0,0,0,0,0,1,1.28571428571429,0,0
2015,46,"2155*A",121,-3724,"Heterotheca villosa",11,NA,NA,8,0,0,1,1,0,0,3.0530303030303,678.20615,125.96282
2016,46,"2155*A",121,-3724,"Heterotheca villosa",11,11,0,8,0,0,0,1,0,0,1.30188679245283,680.46276256,115.1426205
2017,46,"2155*A",121,-3724,"Heterotheca villosa",0,11,-11,0,0,0,0,0,0,1,1.28571428571429,0,0
2016,46,"2156*A",112.4675016,-3665.980796,"Senecio crassulus",1,NA,NA,2,0,1,1,1,0,0,1.30188679245283,800,29.9507
2016,46,"2156*B",111.8345363,-3665.6623532,"Senecio crassulus",1,NA,NA,2,0,1,1,0,1,0,1.30188679245283,800,29.9507
2016,46,"2156*C",110.4192995,-3668.5048477,"Senecio crassulus",1,NA,NA,2,0,1,1,0,1,0,1.30188679245283,877.33252,0
2016,46,"2156*D",114.3217165,-3662.049174,"Senecio crassulus",1,NA,NA,2,0,1,1,0,1,0,1.30188679245283,800,0
2017,46,"2156*A",112,-3665,"Senecio crassulus",3,1,2,4,0,0,0,1,0,0,1.28571428571429,660.106662779879,0
2018,46,"2156*A",112,-3665,"Senecio crassulus",0,3,-3,0,0,0,0,0,0,1,1.12213740458015,0,0
2016,46,"2157*A",120,-3662,"Senecio crassulus",2,NA,NA,3,0,0,1,1,0,0,1.30188679245283,877.36993,0
2017,46,"2157*A",120,-3662,"Senecio crassulus",4,2,2,4,0,0,0,1,0,0,1.28571428571429,611.02472674105,0
2018,46,"2157*A",120,-3662,"Senecio crassulus",0,4,-4,0,0,0,0,0,0,1,1.12213740458015,0,0
2016,46,"2158*A",105,-3697,"Elymus lanceolatus",8,NA,NA,11,0,0,1,1,0,0,1.30188679245283,721.2427,0
2017,46,"2158*A",105,-3697,"Elymus lanceolatus",0,8,-8,0,0,0,0,0,0,1,1.28571428571429,0,0
2016,46,"2159*A",102,-3624,"Heterotheca villosa",0.2,NA,NA,0.2,0,1,1,1,0,0,1.30188679245283,500,100
2017,46,"2159*A",102,-3624,"Heterotheca villosa",1.5,0.2,1.3,1.5,0,0,0,1,0,0,1.28571428571429,599.999999999998,99.9999999999996
2018,46,"2159*A",102,-3624,"Heterotheca villosa",0,1.5,-1.5,0,0,0,0,0,0,1,1.12213740458015,0,0
2014,16,"216*A",5,-1370,"Lupinus argenteus",12,NA,NA,6,0,0,NA,1,0,0,2.52336448598131,0,55.2136955946622
2015,16,"216*A",5,-1370,"Lupinus argenteus",9.5,12,-2.5,6,0,0,0,1,0,0,3.0530303030303,0,13.7325356197124
2016,16,"216*A",5,-1370,"Lupinus argenteus",12,9.5,2.5,7,0,0,0,1,0,0,1.30188679245283,0,11.9777311189131
2017,16,"216*A",5,-1370,"Lupinus argenteus",6.5,12,-5.5,3.5,0,0,0,1,0,0,1.28571428571429,0,0
2018,16,"216*A",5,-1370,"Lupinus argenteus",0,6.5,-6.5,0,0,0,0,0,0,1,1.12213740458015,0,0
2016,46,"2160*A",118,-3676,"Eriogonum umbellatum",1.5,NA,NA,1,0,1,1,1,0,0,1.30188679245283,200,625.8097
2017,46,"2160*A",118,-3676,"Eriogonum umbellatum",2.5,1.5,1,2,0,0,0,1,0,0,1.28571428571429,130.510550761248,602.159241410647
2018,46,"2160*A",118,-3676,"Eriogonum umbellatum",3,2.5,0.5,1.5,0,0,0,1,0,0,1.12213740458015,1.68501306614608,552.710264952737
2019,46,"2160*A",118,-3676,"Eriogonum umbellatum",4,3,1,1.5,0,0,0,1,0,0,0.5,21.0699757313834,559.16287809524
2016,46,"2161*A",132.3506262,-3680.735597,"Eriogonum umbellatum",1,NA,NA,1,0,0,1,1,0,0,1.30188679245283,400,710.09202
2016,46,"2161*B",131.8759023,-3680.4967649,"Eriogonum umbellatum",1,NA,NA,1,0,0,1,0,1,0,1.30188679245283,400,718.33367
2017,46,"2161*A",132,-3680,"Eriogonum umbellatum",0,1,-1,0,0,0,0,0,0,1,1.28571428571429,0,0
2016,46,"2162*A",158,-3680,"Lupinus argenteus",6,NA,NA,5,0,0,1,1,0,0,1.30188679245283,1105.3309527,0
2017,46,"2162*A",158,-3680,"Lupinus argenteus",0,6,-6,0,0,0,0,0,0,1,1.28571428571429,0,0
2016,46,"2163*A",148,-3700,"Senecio crassulus",1,NA,NA,3,0,0,1,1,0,0,1.30188679245283,912.885,0
2017,46,"2163*A",148,-3700,"Senecio crassulus",0,1,-1,0,0,0,0,0,0,1,1.28571428571429,0,0
2016,46,"2164*A",143,-3708,"Arenaria congesta",4.5,NA,NA,4,0,0,1,1,0,0,1.30188679245283,847.528616,0
2017,46,"2164*A",143,-3708,"Arenaria congesta",5,4.5,0.5,2.5,0,0,0,1,0,0,1.28571428571429,593.061950643837,0
2018,46,"2164*A",143,-3708,"Arenaria congesta",5,5,0,3.5,0,0,0,1,0,0,1.12213740458015,551.915722721525,0
2019,46,"2164*A",143,-3708,"Arenaria congesta",14,5,9,9.5,9,0,0,1,0,0,0.5,580.095338088754,0
2015,46,"2165*A",147,-3676,"Arenaria congesta",1.3,NA,NA,3,0,0,1,1,0,0,3.0530303030303,800,0
2016,46,"2165*A",147,-3676,"Arenaria congesta",1.3,1.3,0,3,0,0,0,1,0,0,1.30188679245283,981.44351,0
2017,46,"2165*A",147,-3676,"Arenaria congesta",2,1.3,0.7,2,0,0,0,1,0,0,1.28571428571429,740.054862687802,0
2018,46,"2165*A",147,-3676,"Arenaria congesta",2,2,0,3,2,0,0,1,0,0,1.12213740458015,500.000000000005,0
2019,46,"2165*A",147,-3676,"Arenaria congesta",5.5,2,3.5,4.5,0,0,0,1,0,0,0.5,506.772384038184,0
2016,46,"2166*A",165,-3612,"Carex siccata",14,NA,NA,16,0,0,1,1,0,0,1.30188679245283,514.40241,4.601488
2017,46,"2166*A",165,-3612,"Carex siccata",0,14,-14,0,0,0,0,0,0,1,1.28571428571429,0,0
2016,46,"2167*A",166,-3621,"Lupinus argenteus",1.5,NA,NA,2.5,0,0,1,1,0,0,1.30188679245283,702.522044,0
2017,46,"2167*A",166,-3621,"Lupinus argenteus",0,1.5,-1.5,0,0,0,0,0,0,1,1.28571428571429,0,0
2016,46,"2168*A",155,-3622,"Lupinus argenteus",3,NA,NA,3.5,0,0,1,1,0,0,1.30188679245283,762.64439,0
2017,46,"2168*A",155,-3622,"Lupinus argenteus",0,3,-3,0,0,0,0,0,0,1,1.28571428571429,0,0
2016,46,"2169*A",183,-3637,"Carex siccata",17,NA,NA,20,1,0,1,1,0,0,1.30188679245283,622.0846542,72.74256
2017,46,"2169*A",183,-3637,"Carex siccata",18,17,1,18,0,0,0,1,0,0,1.28571428571429,459.022055070449,2.82709099543545
2018,46,"2169*A",183,-3637,"Carex siccata",11,18,-7,10,0,0,0,1,0,0,1.12213740458015,416.983570613646,0
2019,46,"2169*A",183,-3637,"Carex siccata",15,11,4,17,0,0,0,1,0,0,0.5,485.930543803001,0
2014,16,"217*A",58,-1390,"Lupinus argenteus",27,NA,NA,12,5,0,NA,1,0,0,2.52336448598131,0,105.590596055154
2015,16,"217*A",58,-1390,"Lupinus argenteus",19,27,-8,14,1,0,0,1,0,0,3.0530303030303,0.565361486106122,41.6341394086841
2016,16,"217*A",58,-1390,"Lupinus argenteus",11,19,-8,8,0,0,0,1,0,0,1.30188679245283,0.0699543271847369,1.5446561547822
2017,16,"217*A",58,-1390,"Lupinus argenteus",0,11,-11,0,0,0,0,0,0,1,1.28571428571429,0,0
2016,46,"2170*A",167,-3668,"Arenaria congesta",3,NA,NA,3,0,0,1,1,0,0,1.30188679245283,995.08369,0
2017,46,"2170*A",167,-3668,"Arenaria congesta",0,3,-3,0,0,0,0,1,0,0,1.28571428571429,0,0
2018,46,"2170*A",167,-3668,"Arenaria congesta",2.5,0,2.5,1.5,0,0,0,1,0,0,1.12213740458015,499.999999999998,0
2019,46,"2170*A",167,-3668,"Arenaria congesta",6,2.5,3.5,5.5,1,0,0,1,0,0,0.5,616.178483556079,0
2016,46,"2171*A",193,-3691,"Carex siccata",12,NA,NA,11,0,0,1,1,0,0,1.30188679245283,621.43056,0
2017,46,"2171*A",193,-3691,"Carex siccata",6,12,-6,3,0,0,0,1,0,0,1.28571428571429,571.722063963793,0
2018,46,"2171*A",193,-3691,"Carex siccata",7,6,1,8.5,0,0,0,1,0,0,1.12213740458015,300,0
2019,46,"2171*A",193,-3691,"Carex siccata",11,7,4,11.5,0,0,0,1,0,0,0.5,479.467233496643,0
2016,46,"2172*A",158,-3679,"Eriogonum umbellatum",7,NA,NA,3,0,0,1,1,0,0,1.30188679245283,327.9364106,630.524617
2017,46,"2172*A",158,-3679,"Eriogonum umbellatum",5,7,-2,2.5,0,0,0,1,0,0,1.28571428571429,159.219341133423,615.850438190739
2018,46,"2172*A",158,-3679,"Eriogonum umbellatum",3.5,5,-1.5,3,0,0,0,1,0,0,1.12213740458015,61.3338728005327,500
2019,46,"2172*A",158,-3679,"Eriogonum umbellatum",4,3.5,0.5,1,0,0,0,1,0,0,0.5,117.729090834219,511.675905508219
2016,46,"2173*A",164,-3676,"Eriogonum umbellatum",2,NA,NA,3,0,0,1,1,0,0,1.30188679245283,396.308012,724.85914
2017,46,"2173*A",164,-3676,"Eriogonum umbellatum",2,2,0,2,0,0,0,1,0,0,1.28571428571429,227.553285288903,699.065238692116
2018,46,"2173*A",164,-3676,"Eriogonum umbellatum",0,2,-2,0,0,0,0,1,0,0,1.12213740458015,0,0
2019,46,"2173*A",164,-3676,"Eriogonum umbellatum",1.5,0,1.5,1.5,0,0,0,1,0,0,0.5,183.89616262707,583.028661391779
2016,46,"2174*A",161,-3691,"Senecio crassulus",1.5,NA,NA,3,0,0,1,1,0,0,1.30188679245283,1115.941231,0
2017,46,"2174*A",161,-3691,"Senecio crassulus",0,1.5,-1.5,0,0,0,0,0,0,1,1.28571428571429,0,0
2016,46,"2175*A",164.4090639,-3688.8581965,"Eriogonum umbellatum",1,NA,NA,1,0,1,1,1,0,0,1.30188679245283,273.87399,1006.01678
2016,46,"2175*B",163.8552193,-3688.5795591,"Eriogonum umbellatum",1,NA,NA,1,0,1,1,0,1,0,1.30188679245283,308.84045,974.5032
2016,46,"2175*C",162.616887,-3691.0667418,"Eriogonum umbellatum",1,NA,NA,1,0,1,1,0,1,0,1.30188679245283,270.90979,828.798736
2017,46,"2175*A",164,-3688,"Eriogonum umbellatum",0,1,-1,0,0,0,0,0,0,1,1.28571428571429,0,0
2015,28,"2176*A",980,-2095,"Eriogonum umbellatum",1.2,NA,NA,1,0,0,1,1,0,0,3.0530303030303,17.425435,336.39343
2016,28,"2176*A",980,-2095,"Eriogonum umbellatum",1.2,1.2,0,1,0,0,0,1,0,0,1.30188679245283,156.595157328862,381.626190740761
2017,28,"2176*A",980,-2095,"Eriogonum umbellatum",0,1.2,-1.2,0,0,0,0,0,0,1,1.28571428571429,0,0
2015,28,"2177*A",982,-2095,"Chaenactis douglasii",1.3,NA,NA,1,0,0,1,1,0,0,3.0530303030303,383.768943,0
2016,28,"2177*A",982,-2095,"Chaenactis douglasii",1.3,1.3,0,1,0,0,0,1,0,0,1.30188679245283,529.17882188135,0
2017,28,"2177*A",982,-2095,"Chaenactis douglasii",0,1.3,-1.3,0,0,0,0,0,0,1,1.28571428571429,0,0
2015,20,"2178*A",1773,-1348,"Phacelia hastata",1.5,NA,NA,1.5,0,1,1,1,0,0,3.0530303030303,100,0
2016,20,"2178*A",1773,-1348,"Phacelia hastata",12,1.5,10.5,5,3,0,0,1,0,0,1.30188679245283,99.9999999999998,0
2017,20,"2178*A",1773,-1348,"Phacelia hastata",20,12,8,6,8,0,0,1,0,0,1.28571428571429,99.999999999999,0
2018,20,"2178*A",1773,-1348,"Phacelia hastata",0,20,-20,0,0,0,0,0,0,1,1.12213740458015,0,0
2017,5,"2179*A",1607.5,-104,"Lupinus argenteus",3,NA,NA,2,0,0,1,1,0,0,1.28571428571429,0,0
2018,5,"2179*A",1607.5,-104,"Lupinus argenteus",0,3,-3,0,0,0,0,0,0,1,1.12213740458015,0,0
2014,16,"218*A",50,-1380,"Lupinus argenteus",7,NA,NA,5,0,0,NA,1,0,0,2.52336448598131,0,239.679533883771
2015,16,"218*A",50,-1380,"Lupinus argenteus",0,7,-7,0,0,0,0,0,0,1,3.0530303030303,0,0
2017,5,"2180*A",1621,-101,"Lupinus argenteus",0.7,NA,NA,0.3,0,1,1,1,0,0,1.28571428571429,100.000000000002,0
2018,5,"2180*A",1621,-101,"Lupinus argenteus",0,0.7,-0.7,0,0,0,0,0,0,1,1.12213740458015,0,0
2017,5,"2181*A",1651,-77,"Lupinus argenteus",2.5,NA,NA,3,0,0,1,1,0,0,1.28571428571429,100.000000000001,0
2018,5,"2181*A",1651,-77,"Lupinus argenteus",0,2.5,-2.5,0,0,0,0,0,0,1,1.12213740458015,0,0
2017,5,"2182*A",1652,-18,"Lupinus argenteus",2,NA,NA,2.5,0,0,1,1,0,0,1.28571428571429,99.9999999999902,0
2018,5,"2182*A",1652,-18,"Lupinus argenteus",0,2,-2,0,0,0,0,0,0,1,1.12213740458015,0,0
2017,5,"2183*A",1681,-65,"Lupinus argenteus",10,NA,NA,4.5,0,0,1,1,0,0,1.28571428571429,99.9999999999997,0.628397723038195
2018,5,"2183*A",1681,-65,"Lupinus argenteus",0,10,-10,0,0,0,0,0,0,1,1.12213740458015,0,0
2017,5,"2184*A",1710,-21,"Lupinus argenteus",2.5,NA,NA,1.5,0,0,1,1,0,0,1.28571428571429,100.000000000002,0
2018,5,"2184*A",1710,-21,"Lupinus argenteus",0,2.5,-2.5,0,0,0,0,0,0,1,1.12213740458015,0,0
2016,5,"2185*A",1764,-102,"Phacelia hastata",6.5,NA,NA,3,1,0,1,1,0,0,1.30188679245283,513.081357000261,0
2017,5,"2185*A",1764,-102,"Phacelia hastata",6.5,6.5,0,3,1,0,0,1,0,0,1.28571428571429,195.611621789909,0
2018,5,"2185*A",1764,-102,"Phacelia hastata",0,6.5,-6.5,0,0,0,0,0,0,1,1.12213740458015,0,0
2016,5,"2186*A",1774,-92,"Elymus lanceolatus",12,NA,NA,19,1,0,1,1,0,0,1.30188679245283,415.710760131972,94.7397151765997
2017,5,"2186*A",1774,-92,"Elymus lanceolatus",12,12,0,19,1,0,0,1,0,0,1.28571428571429,118.521983411106,94.7397151765997
2018,5,"2186*A",1774,-92,"Elymus lanceolatus",11,12,-1,18,1,0,0,1,0,0,1.12213740458015,99.9999999999984,87.3996735931175
2019,5,"2186*A",1774,-92,"Elymus lanceolatus",12,11,1,22,1,0,0,1,0,0,0.5,100.000000000002,109.792135085574
2016,5,"2187*A",1783,-93,"Elymus lanceolatus",13,NA,NA,15,1,0,1,1,0,0,1.30188679245283,325.291745802351,119.802247594883
2017,5,"2187*A",1783,-93,"Elymus lanceolatus",13,13,0,15,1,0,0,1,0,0,1.28571428571429,99.9999999999953,119.802247594883
2018,5,"2187*A",1783,-93,"Elymus lanceolatus",11,13,-2,20,1,0,0,1,0,0,1.12213740458015,100.000000000003,114.422172826847
2019,5,"2187*A",1783,-93,"Elymus lanceolatus",16,11,5,12,0,0,0,1,0,0,0.5,100.000000000001,113.213048284044
2017,5,"2188*A",1711,-171,"Eriogonum umbellatum",0.5,NA,NA,0.5,0,1,1,1,0,0,1.28571428571429,0,200.000000000008
2018,5,"2188*A",1711,-171,"Eriogonum umbellatum",0,0.5,-0.5,0,0,0,0,0,0,1,1.12213740458015,0,0
2017,5,"2189*A",1730,-148,"Heterotheca villosa",0.5,NA,NA,0.4,0,1,1,1,0,0,1.28571428571429,299.999999999989,0
2018,5,"2189*A",1730,-148,"Heterotheca villosa",0,0.5,-0.5,0,0,0,0,0,0,1,1.12213740458015,0,0
2014,16,"219*A",42,-1375,"Lupinus argenteus",11,NA,NA,9,0,0,NA,1,0,0,2.52336448598131,0,283.566182101546
2015,16,"219*A",42,-1375,"Lupinus argenteus",15,11,4,10,2,0,0,1,0,0,3.0530303030303,0.732109578880862,194.9094906799
2016,16,"219*A",42,-1375,"Lupinus argenteus",12,15,-3,6,0,0,0,1,0,0,1.30188679245283,0.911872279489845,161.022577056918
2017,16,"219*A",42,-1375,"Lupinus argenteus",0,12,-12,0,0,0,0,0,0,1,1.28571428571429,0,0
2016,10,"2190*A",1626,-533,"Phacelia hastata",1,NA,NA,0.5,0,1,1,1,0,0,1.30188679245283,199.999999999976,0
2017,10,"2190*A",1626,-533,"Phacelia hastata",8,1,7,3.5,0,0,0,1,0,0,1.28571428571429,0,0
2018,10,"2190*A",1626,-533,"Phacelia hastata",16.5,8,8.5,7.5,0,0,0,1,0,0,1.12213740458015,0,0
2019,10,"2190*A",1626,-533,"Phacelia hastata",45,16.5,28.5,9.5,38,0,0,1,0,0,0.5,5.78191998080509,0
2017,10,"2191*A",1631,-526,"Lupinus argenteus",2,NA,NA,1.5,0,0,1,1,0,0,1.28571428571429,0,0
2018,10,"2191*A",1631,-526,"Lupinus argenteus",0,2,-2,0,0,0,0,0,0,1,1.12213740458015,0,0
2017,10,"2192*A",1617,-497,"Agoseris glauca",11,NA,NA,5.5,0,0,1,1,0,0,1.28571428571429,0,0
2018,10,"2192*A",1617,-497,"Agoseris glauca",0,11,-11,0,0,0,0,0,0,1,1.12213740458015,0,0
2017,10,"2193*A",1664,-523,"Lupinus argenteus",1,NA,NA,1.5,0,0,1,1,0,0,1.28571428571429,0,0
2018,10,"2193*A",1664,-523,"Lupinus argenteus",0,1,-1,0,0,0,0,0,0,1,1.12213740458015,0,0
2017,10,"2194*A",1681,-561,"Lupinus argenteus",2,NA,NA,1,0,0,1,1,0,0,1.28571428571429,99.9999999999996,148.968409148415
2018,10,"2194*A",1681,-561,"Lupinus argenteus",6.5,2,4.5,3.5,0,0,0,1,0,0,1.12213740458015,68.3695784988537,54.3910618556415
2019,10,"2194*A",1681,-561,"Lupinus argenteus",4,6.5,-2.5,4,0,0,0,1,0,0,0.5,100.000000000004,0
2017,10,"2195*A",1688,-572,"Lupinus argenteus",13,NA,NA,6,0,0,1,1,0,0,1.28571428571429,39.0167814591682,10.8376264970743
2018,10,"2195*A",1688,-572,"Lupinus argenteus",6.5,13,-6.5,3,0,0,0,1,0,0,1.12213740458015,21.1889844188253,0.229281478559727
2019,10,"2195*A",1688,-572,"Lupinus argenteus",7,6.5,0.5,5,0,0,0,1,0,0,0.5,76.4329918898222,5.7182389338255
2017,10,"2196*A",1687,-592,"Lupinus argenteus",11,NA,NA,4,0,0,1,1,0,0,1.28571428571429,0,15.3513162613243
2018,10,"2196*A",1687,-592,"Lupinus argenteus",0,11,-11,0,0,0,0,0,0,1,1.12213740458015,0,0
2017,10,"2197*A",1715,-541,"Lupinus argenteus",3,NA,NA,1.5,0,0,1,1,0,0,1.28571428571429,100,0
2018,10,"2197*A",1715,-541,"Lupinus argenteus",9.5,3,6.5,6,0,0,0,1,0,0,1.12213740458015,30.8551563004263,0
2019,10,"2197*A",1715,-541,"Lupinus argenteus",11.5,9.5,2,9,1,0,0,1,0,0,0.5,46.6702445022342,0
2017,10,"2198*A",1735,-485,"Lupinus argenteus",5,NA,NA,3,0,0,1,1,0,0,1.28571428571429,0,0
2018,10,"2198*A",1735,-485,"Lupinus argenteus",0,5,-5,0,0,0,0,0,0,1,1.12213740458015,0,0
2017,8,"2199*A",885,-447,"Phacelia hastata",1,NA,NA,0.5,0,1,1,1,0,0,1.28571428571429,100,0
2018,8,"2199*A",885,-447,"Phacelia hastata",0,1,-1,0,0,0,0,0,0,1,1.12213740458015,0,0
2014,5,"22*A",1648,-140,"Lupinus argenteus",7,NA,NA,5,0,0,NA,1,0,0,2.52336448598131,37.1247719102902,65.3683563808162
2015,5,"22*A",1648,-140,"Lupinus argenteus",9,7,2,4,0,0,0,1,0,0,3.0530303030303,100.000000000001,40.8174256680641
2016,5,"22*A",1648,-140,"Lupinus argenteus",7.8,9,-1.2,6.7,0,0,0,1,0,0,1.30188679245283,100,0.0829485152540827
2017,5,"22*A",1648,-140,"Lupinus argenteus",0,7.8,-7.8,0,0,0,0,0,0,1,1.28571428571429,0,0
2014,16,"220*A",37,-1366,"Lupinus argenteus",16,NA,NA,10,0,0,NA,1,0,0,2.52336448598131,7.20633880263835,292.673278320825
2015,16,"220*A",37,-1366,"Lupinus argenteus",15,16,-1,11,0,0,0,1,0,0,3.0530303030303,8.89060411301366,276.036216350028
2016,16,"220*A",37,-1366,"Lupinus argenteus",17,15,2,10,0,0,0,1,0,0,1.30188679245283,10.2225311703173,243.461120062199
2017,16,"220*A",37,-1366,"Lupinus argenteus",0,17,-17,0,0,0,0,0,0,1,1.28571428571429,0,0
2017,8,"2200*A",973,-437,"Lupinus argenteus",3,NA,NA,3,0,0,1,1,0,0,1.28571428571429,139.422188565043,0
2018,8,"2200*A",973,-437,"Lupinus argenteus",0,3,-3,0,0,0,0,0,0,1,1.12213740458015,0,0
2017,8,"2201*A",971,-516,"Phacelia hastata",1,NA,NA,0.5,0,1,1,1,0,0,1.28571428571429,200.000000000012,25.6909824309061
2018,8,"2201*A",971,-516,"Phacelia hastata",0,1,-1,0,0,0,0,0,0,1,1.12213740458015,0,0
2017,8,"2202*A",972,-516,"Phacelia hastata",1,NA,NA,0.5,0,1,1,1,0,0,1.28571428571429,199.999999999989,25.6909824309005
2018,8,"2202*A",972,-516,"Phacelia hastata",0,1,-1,0,0,0,0,0,0,1,1.12213740458015,0,0
2017,8,"2203*A",987,-531,"Senecio crassulus",7,NA,NA,5,0,0,1,1,0,0,1.28571428571429,199.999999999996,0
2018,8,"2203*A",987,-531,"Senecio crassulus",6.5,7,-0.5,4.5,0,0,0,1,0,0,1.12213740458015,200.000000000004,0
2019,8,"2203*A",987,-531,"Senecio crassulus",8,6.5,1.5,9,0,0,0,1,0,0,0.5,199.999999999998,0
2017,6,"2204*A",164,-502,"Ivesia gordonii",1,NA,NA,1,0,1,1,1,0,0,1.28571428571429,60.6637933133802,0
2018,6,"2204*A",164,-502,"Ivesia gordonii",5,1,4,2.5,0,0,0,1,0,0,1.12213740458015,9.5712913904376,0
2019,6,"2204*A",164,-502,"Ivesia gordonii",7.5,5,2.5,4,6,0,0,1,0,0,0.5,99.952781428507,0
2017,1,"2205*A",12.5,-35,"Ivesia gordonii",0.4,NA,NA,0.3,0,1,1,1,0,0,1.28571428571429,0,99.9999999999998
2018,1,"2205*A",12.5,-35,"Ivesia gordonii",0,0.4,-0.4,0,0,0,0,0,0,1,1.12213740458015,0,0
2017,11,"2206*A",64,-949,"Lupinus argenteus",4.5,NA,NA,2,0,0,1,1,0,0,1.28571428571429,100,0
2018,11,"2206*A",64,-949,"Lupinus argenteus",9.5,4.5,5,7.5,0,0,0,1,0,0,1.12213740458015,102.603374847408,30.6799941236348
2019,11,"2206*A",64,-949,"Lupinus argenteus",10,9.5,0.5,6.5,0,0,0,1,0,0,0.5,144.046674310142,30.4830104501821
2017,11,"2207*A",68,-940,"Lupinus argenteus",5,NA,NA,2,0,0,1,1,0,0,1.28571428571429,99.9999999999998,0
2018,11,"2207*A",68,-940,"Lupinus argenteus",8.5,5,3.5,6.5,0,0,0,1,0,0,1.12213740458015,108.314570174125,38.3234528672394
2019,11,"2207*A",68,-940,"Lupinus argenteus",8.5,8.5,0,5.5,0,0,0,1,0,0,0.5,176.027611521765,42.1910179241276
2017,11,"2208*A",38,-821,"Ivesia gordonii",0.5,NA,NA,0.5,0,1,1,1,0,0,1.28571428571429,0,0
2018,11,"2208*A",38,-821,"Ivesia gordonii",1.7,0.5,1.2,1.5,0,0,0,1,0,0,1.12213740458015,0,0
2019,11,"2208*A",38,-821,"Ivesia gordonii",4,1.7,2.3,3,0,0,0,1,0,0,0.5,0,0
2017,11,"2209*A",125,-919,"Lupinus argenteus",3,NA,NA,2,0,0,1,1,0,0,1.28571428571429,76.7770538735566,0
2018,11,"2209*A",125,-919,"Lupinus argenteus",12,3,9,7,0,0,0,1,0,0,1.12213740458015,0,0
2019,11,"2209*A",125,-919,"Lupinus argenteus",4.5,12,-7.5,4.5,0,0,0,1,0,0,0.5,0,0
2014,16,"221*A",25,-1355,"Lupinus argenteus",18,NA,NA,9,0,0,NA,1,0,0,2.52336448598131,5.69389732554143,253.586561624337
2015,16,"221*A",25,-1355,"Lupinus argenteus",19,18,1,12,3,0,0,1,0,0,3.0530303030303,8.06211488384329,258.626739468286
2016,16,"221*A",25,-1355,"Lupinus argenteus",17,19,-2,10,0,0,0,1,0,0,1.30188679245283,7.53377885179323,236.770191959364
2017,16,"221*A",25,-1355,"Lupinus argenteus",0,17,-17,0,0,0,0,0,0,1,1.28571428571429,0,0
2017,11,"2210*A",104,-944,"Lupinus argenteus",10,NA,NA,2,0,0,1,1,0,0,1.28571428571429,100,106.388913917659
2018,11,"2210*A",104,-944,"Lupinus argenteus",8.5,10,-1.5,6,0,0,0,1,0,0,1.12213740458015,100,187.069126264457
2019,11,"2210*A",104,-944,"Lupinus argenteus",3.5,8.5,-5,2,0,0,0,1,0,0,0.5,99.9999999999999,0
2017,11,"2211*A",86,-987,"Lupinus argenteus",3,NA,NA,2,0,0,1,1,0,0,1.28571428571429,99.9999999999996,54.9676894521229
2018,11,"2211*A",86,-987,"Lupinus argenteus",0,3,-3,0,0,0,0,0,0,1,1.12213740458015,0,0
2017,11,"2212*A",95,-966,"Lupinus argenteus",9,NA,NA,3,0,0,1,1,0,0,1.28571428571429,100,5.75868010991135
2018,11,"2212*A",95,-966,"Lupinus argenteus",0,9,-9,0,0,0,0,0,0,1,1.12213740458015,0,0
2017,11,"2213*A",70,-981,"Lupinus argenteus",1.5,NA,NA,1.5,0,0,1,1,0,0,1.28571428571429,99.9999999999999,3.3433648993089
2018,11,"2213*A",70,-981,"Lupinus argenteus",0,1.5,-1.5,0,0,0,0,0,0,1,1.12213740458015,0,0
2017,11,"2214*A",72,-985,"Lupinus argenteus",3.2,NA,NA,2.5,0,0,1,1,0,0,1.28571428571429,100,0.734626076508296
2018,11,"2214*A",72,-985,"Lupinus argenteus",5,3.2,1.8,5,0,0,0,1,0,0,1.12213740458015,100,25.7088497449927
2019,11,"2214*A",72,-985,"Lupinus argenteus",5,5,0,4,0,0,0,1,0,0,0.5,100,0
2017,11,"2215*A",73,-994,"Lupinus argenteus",1.5,NA,NA,1,0,1,1,1,0,0,1.28571428571429,99.9999999999999,0
2018,11,"2215*A",73,-994,"Lupinus argenteus",7.5,1.5,6,5.5,0,0,0,1,0,0,1.12213740458015,87.9519735509669,12.0739485527762
2019,11,"2215*A",73,-994,"Lupinus argenteus",0,7.5,-7.5,0,0,0,0,0,0,1,0.5,0,0
2017,13,"2216*A",834,-984,"Phacelia hastata",0.8,NA,NA,0.5,0,1,1,1,0,0,1.28571428571429,200.00000000001,0
2018,13,"2216*A",834,-984,"Phacelia hastata",1.4,0.8,0.6,0.3,0,0,0,1,0,0,1.12213740458015,200.000000000014,0
2019,13,"2216*A",834,-984,"Phacelia hastata",0,1.4,-1.4,0,0,0,0,0,0,1,0.5,0,0
2017,14,"2217*A",1266,-925,"Agoseris glauca",0.5,NA,NA,1,0,1,1,1,0,0,1.28571428571429,299.999999999798,0
2018,14,"2217*A",1266,-925,"Agoseris glauca",0,0.5,-0.5,0,0,0,0,0,0,1,1.12213740458015,0,0
2017,14,"2218*A",1344,-884,"Elymus lanceolatus",11,NA,NA,13,0,0,1,1,0,0,1.28571428571429,100.31430635844,151.241878866146
2018,14,"2218*A",1344,-884,"Elymus lanceolatus",10,11,-1,21.5,0,0,0,1,0,0,1.12213740458015,100.000000000001,70.3365802956835
2019,14,"2218*A",1344,-884,"Elymus lanceolatus",7.5,10,-2.5,11.5,0,0,0,1,0,0,0.5,100.000000000001,157.896074569328
2017,15,"2219*A",1689.5,-828,"Phacelia hastata",1.5,NA,NA,1,0,1,1,1,0,0,1.28571428571429,349.454104768214,0
2018,15,"2219*A",1689.5,-828,"Phacelia hastata",0,1.5,-1.5,0,0,0,0,0,0,1,1.12213740458015,0,0
2014,16,"222*A",56,-1360,"Lupinus argenteus",16,NA,NA,16,2,0,NA,1,0,0,2.52336448598131,8.78125888433372,307.976064654741
2015,16,"222*A",56,-1360,"Lupinus argenteus",13,16,-3,13,2,0,0,1,0,0,3.0530303030303,10.4288529073167,205.713725760331
2016,16,"222*A",56,-1360,"Lupinus argenteus",11,13,-2,9,0,0,0,1,0,0,1.30188679245283,16.1240886198618,250.904458855773
2017,16,"222*A",56,-1360,"Lupinus argenteus",0,11,-11,0,0,0,0,0,0,1,1.28571428571429,0,0
2017,15,"2220*A",1701,-835,"Heterotheca villosa",1,NA,NA,1,0,1,1,1,0,0,1.28571428571429,99.9999999999909,0
2018,15,"2220*A",1701,-835,"Heterotheca villosa",1.5,1,0.5,1.5,0,0,0,1,0,0,1.12213740458015,100.000000000011,0
2019,15,"2220*A",1701,-835,"Heterotheca villosa",10.5,1.5,9,5,3,0,0,1,0,0,0.5,88.4360654150469,0
2017,15,"2221*A",1745,-996,"Lupinus argenteus",2,NA,NA,2,0,0,1,1,0,0,1.28571428571429,0,0
2018,15,"2221*A",1745,-996,"Lupinus argenteus",0,2,-2,0,0,0,0,0,0,1,1.12213740458015,0,0
2017,20,"2222*A",1604,-1396,"Elymus lanceolatus",7.5,NA,NA,11,0,0,1,1,0,0,1.28571428571429,436.384280206115,0
2018,20,"2222*A",1604,-1396,"Elymus lanceolatus",8,7.5,0.5,14,0,0,0,1,0,0,1.12213740458015,405.796891449121,0
2019,20,"2222*A",1604,-1396,"Elymus lanceolatus",19,8,11,6.5,0,0,0,1,0,0,0.5,390.964311487573,0
2017,20,"2223*A",1777,-1390,"Phacelia hastata",1,NA,NA,1.5,0,1,1,1,0,0,1.28571428571429,0,0
2018,20,"2223*A",1777,-1390,"Phacelia hastata",0,1,-1,0,0,0,0,0,0,1,1.12213740458015,0,0
2016,20,"2224*A",1609.5,-1362,"Heterotheca villosa",2,NA,NA,2.5,0,0,1,1,0,0,1.30188679245283,367.394489124246,0
2017,20,"2224*A",1609.5,-1362,"Heterotheca villosa",2,2,0,2.5,0,0,0,1,0,0,1.28571428571429,516.17624183843,0
2018,20,"2224*A",1609.5,-1362,"Heterotheca villosa",0,2,-2,0,0,0,0,0,0,1,1.12213740458015,0,0
2017,20,"2225*A",1624,-1367,"Agoseris glauca",1,NA,NA,1,0,1,1,1,0,0,1.28571428571429,780.973903625642,0
2018,20,"2225*A",1624,-1367,"Agoseris glauca",0,1,-1,0,0,0,0,0,0,1,1.12213740458015,0,0
2017,20,"2226*A",1638,-1370,"Eriogonum umbellatum",1,NA,NA,1,0,0,1,1,0,0,1.28571428571429,186.989125264765,199.999999999995
2018,20,"2226*A",1638,-1370,"Eriogonum umbellatum",0,1,-1,0,0,0,0,0,0,1,1.12213740458015,0,0
2017,20,"2227*A",1633,-1356,"Ivesia gordonii",3,NA,NA,1.5,0,0,1,1,0,0,1.28571428571429,278.468078516835,3.94764724515863
2018,20,"2227*A",1633,-1356,"Ivesia gordonii",3,3,0,2.5,0,0,0,1,0,0,1.12213740458015,215.675656958309,0
2019,20,"2227*A",1633,-1356,"Ivesia gordonii",6,3,3,5,0,0,0,1,0,0,0.5,286.799607739716,0
2017,20,"2228*A",1642,-1360,"Heterotheca villosa",1,NA,NA,1.5,0,1,1,1,0,0,1.28571428571429,437.407913644173,0
2018,20,"2228*A",1642,-1360,"Heterotheca villosa",0,1,-1,0,0,0,0,0,0,1,1.12213740458015,0,0
2016,19,"2229*A",1205,-1323,"Senecio crassulus",3,NA,NA,3,0,0,1,1,0,0,1.30188679245283,200.000000000004,0
2017,19,"2229*A",1205,-1323,"Senecio crassulus",3,3,0,3,0,0,0,1,0,0,1.28571428571429,200.000000000004,0
2018,19,"2229*A",1205,-1323,"Senecio crassulus",0,3,-3,0,0,0,0,0,0,1,1.12213740458015,0,0
2014,16,"223*A",45,-1355,"Lupinus argenteus",26,NA,NA,18,0,0,NA,1,0,0,2.52336448598131,14.8646046319282,395.965990686655
2015,16,"223*A",45,-1355,"Lupinus argenteus",26,26,0,13,7,0,0,1,0,0,3.0530303030303,18.1871177915599,323.971632204467
2016,16,"223*A",45,-1355,"Lupinus argenteus",23,26,-3,12,1,0,0,1,0,0,1.30188679245283,18.9124632164832,298.971926619411
2017,16,"223*A",45,-1355,"Lupinus argenteus",0,23,-23,0,0,0,0,0,0,1,1.28571428571429,0,0
2017,20,"2230*A",1650,-1365,"Heterotheca villosa",1,NA,NA,1,0,1,1,1,0,0,1.28571428571429,304.744489801152,0
2018,20,"2230*A",1650,-1365,"Heterotheca villosa",0,1,-1,0,0,0,0,0,0,1,1.12213740458015,0,0
2017,20,"2231*A",1780,-1256,"Lupinus argenteus",9,NA,NA,6,0,0,1,1,0,0,1.28571428571429,126.985784525144,0
2018,20,"2231*A",1780,-1256,"Lupinus argenteus",0,9,-9,0,0,0,0,0,0,1,1.12213740458015,0,0
2017,20,"2232*A",1760,-1230,"Ivesia gordonii",0.5,NA,NA,0.5,0,1,1,1,0,0,1.28571428571429,318.353490317915,99.9999999999691
2018,20,"2232*A",1760,-1230,"Ivesia gordonii",0,0.5,-0.5,0,0,0,0,0,0,1,1.12213740458015,0,0
2017,20,"2233*A",1725,-1229,"Lupinus argenteus",1,NA,NA,1,0,0,1,1,0,0,1.28571428571429,99.999999999991,0
2018,20,"2233*A",1725,-1229,"Lupinus argenteus",0,1,-1,0,0,0,0,0,0,1,1.12213740458015,0,0
2017,19,"2234*A",1292,-1328,"Lupinus argenteus",7.5,NA,NA,4,0,0,1,1,0,0,1.28571428571429,290.460361993812,0
2018,19,"2234*A",1292,-1328,"Lupinus argenteus",11.5,7.5,4,8.5,0,0,0,1,0,0,1.12213740458015,259.367510617863,0
2019,19,"2234*A",1292,-1328,"Lupinus argenteus",5,11.5,-6.5,5,0,0,0,1,0,0,0.5,330.15833205595,0
2017,19,"2235*A",1330,-1342,"Elymus lanceolatus",2,NA,NA,4,0,1,1,1,0,0,1.28571428571429,344.055686468317,0
2018,19,"2235*A",1330,-1342,"Elymus lanceolatus",2.5,2,0.5,4.5,0,0,0,1,0,0,1.12213740458015,218.82716575104,0
2019,19,"2235*A",1330,-1342,"Elymus lanceolatus",4.5,2.5,2,8,0,0,0,1,0,0,0.5,320.25970531749,0
2017,16,"2236*A",67,-1392,"Lupinus argenteus",7,NA,NA,4,0,0,1,1,0,0,1.28571428571429,0,0
2018,16,"2236*A",67,-1392,"Lupinus argenteus",0,7,-7,0,0,0,0,0,0,1,1.12213740458015,0,0
2017,19,"2237*A",1372,-1354,"Lupinus argenteus",5,NA,NA,3,0,0,1,1,0,0,1.28571428571429,309.10579190351,0
2018,19,"2237*A",1372,-1354,"Lupinus argenteus",2.5,5,-2.5,2.5,0,0,0,1,0,0,1.12213740458015,114.645058443245,0
2019,19,"2237*A",1372,-1354,"Lupinus argenteus",0,2.5,-2.5,0,0,0,0,0,0,1,0.5,0,0
2017,16,"2238*A",13,-1327,"Agoseris glauca",6,NA,NA,5,0,0,1,1,0,0,1.28571428571429,100,0
2018,16,"2238*A",13,-1327,"Agoseris glauca",0,6,-6,0,0,0,0,0,0,1,1.12213740458015,0,0
2017,16,"2239*A",11,-1320,"Lupinus argenteus",4,NA,NA,2.5,0,0,1,1,0,0,1.28571428571429,0,18.5103301793511
2018,16,"2239*A",11,-1320,"Lupinus argenteus",0,4,-4,0,0,0,0,0,0,1,1.12213740458015,0,0
2014,16,"224*A",37,-1355,"Lupinus argenteus",7,NA,NA,6,0,0,NA,1,0,0,2.52336448598131,26.967179914398,459.125547479929
2015,16,"224*A",37,-1355,"Lupinus argenteus",7.5,7,0.5,5,0,0,0,1,0,0,3.0530303030303,26.5459477813929,424.523415231901
2016,16,"224*A",37,-1355,"Lupinus argenteus",14,7.5,6.5,11,0,0,0,1,0,0,1.30188679245283,15.4825890172174,376.418425924415
2017,16,"224*A",37,-1355,"Lupinus argenteus",0,14,-14,0,0,0,0,0,0,1,1.28571428571429,0,0
2017,16,"2240*A",36,-1330,"Senecio crassulus",2,NA,NA,2.5,0,0,1,1,0,0,1.28571428571429,0,1.17605341592774
2018,16,"2240*A",36,-1330,"Senecio crassulus",0,2,-2,0,0,0,0,0,0,1,1.12213740458015,0,0
2017,16,"2241*A",41,-1321,"Senecio crassulus",0.5,NA,NA,1,0,0,1,1,0,0,1.28571428571429,100.000000000001,0
2018,16,"2241*A",41,-1321,"Senecio crassulus",0,0.5,-0.5,0,0,0,0,0,0,1,1.12213740458015,0,0
2017,16,"2242*A",36,-1328,"Senecio crassulus",1.5,NA,NA,1,0,0,1,1,0,0,1.28571428571429,0,2.09076162831604
2018,16,"2242*A",36,-1328,"Senecio crassulus",0,1.5,-1.5,0,0,0,0,0,0,1,1.12213740458015,0,0
2017,16,"2243*A",153,-1250,"Senecio crassulus",0.6,NA,NA,0.5,0,1,1,1,0,0,1.28571428571429,0,0
2018,16,"2243*A",153,-1250,"Senecio crassulus",0,0.6,-0.6,0,0,0,0,0,0,1,1.12213740458015,0,0
2016,21,"2244*A",25,-1686,"Ivesia gordonii",3,NA,NA,4,0,0,1,1,0,0,1.30188679245283,200,0
2017,21,"2244*A",25,-1686,"Ivesia gordonii",3,3,0,4,0,0,0,1,0,0,1.28571428571429,200,0
2018,21,"2244*A",25,-1686,"Ivesia gordonii",5,3,2,4,0,0,0,1,0,0,1.12213740458015,200,0
2019,21,"2244*A",25,-1686,"Ivesia gordonii",4.5,5,-0.5,5,0,0,0,1,0,0,0.5,202.574141128235,0
2016,22,"2245*A",410,-1750,"Phacelia hastata",5,NA,NA,3,0,0,1,1,0,0,1.30188679245283,383.26345537722,0
2017,22,"2245*A",410,-1750,"Phacelia hastata",5,5,0,3,0,0,0,1,0,0,1.28571428571429,346.97008807936,0
2018,22,"2245*A",410,-1750,"Phacelia hastata",6,5,1,4,0,0,0,1,0,0,1.12213740458015,333.069442802383,0
2019,22,"2245*A",410,-1750,"Phacelia hastata",7.5,6,1.5,4.5,4,0,0,1,0,0,0.5,393.173653791198,0
2017,22,"2246*A",499,-1797,"Chaenactis douglasii",1.5,NA,NA,1,0,1,1,1,0,0,1.28571428571429,299.999999999996,0
2018,22,"2246*A",499,-1797,"Chaenactis douglasii",0,1.5,-1.5,0,0,0,0,0,0,1,1.12213740458015,0,0
2017,22,"2247*A",562,-1736,"Phacelia hastata",6,NA,NA,2.5,0,0,1,1,0,0,1.28571428571429,161.482971317366,0
2018,22,"2247*A",562,-1736,"Phacelia hastata",0,6,-6,0,0,0,0,0,0,1,1.12213740458015,0,0
2017,22,"2248*A",550,-1746,"Elymus lanceolatus",5,NA,NA,11,0,0,1,1,0,0,1.28571428571429,209.846964452966,0
2018,22,"2248*A",550,-1746,"Elymus lanceolatus",6,5,1,13,0,0,0,1,0,0,1.12213740458015,200,0
2019,22,"2248*A",550,-1746,"Elymus lanceolatus",17.5,6,11.5,14,0,0,0,1,0,0,0.5,200,0.275524594420731
2017,22,"2249*A",545,-1737,"Chaenactis douglasii",1.1,NA,NA,1,0,1,1,1,0,0,1.28571428571429,299.999999999993,0
2018,22,"2249*A",545,-1737,"Chaenactis douglasii",0,1.1,-1.1,0,0,0,0,0,0,1,1.12213740458015,0,0
2014,16,"225*A",35,-1342,"Lupinus argenteus",11,NA,NA,10,0,0,NA,1,0,0,2.52336448598131,0.923985287869365,742.992425529599
2015,16,"225*A",35,-1342,"Lupinus argenteus",8,11,-3,10,1,0,0,1,0,0,3.0530303030303,8.6746107389801,768.7662286131
2016,16,"225*A",35,-1342,"Lupinus argenteus",6,8,-2,6,0,0,0,1,0,0,1.30188679245283,0.057751895508441,543.25654012045
2017,16,"225*A",35,-1342,"Lupinus argenteus",0,6,-6,0,0,0,0,0,0,1,1.28571428571429,0,0
2017,24,"2250*A",1381,-1717,"Chaenactis douglasii",1,NA,NA,1,0,1,1,1,0,0,1.28571428571429,300.00000000006,0
2018,24,"2250*A",1381,-1717,"Chaenactis douglasii",1.2,1,0.2,0.5,0,0,0,1,0,0,1.12213740458015,199.999999999992,0
2019,24,"2250*A",1381,-1717,"Chaenactis douglasii",0,1.2,-1.2,0,0,0,0,0,0,1,0.5,0,0
2016,28,"2251*A",818,-2177,"Senecio crassulus",4,NA,NA,4,0,0,1,1,0,0,1.30188679245283,199.999999999998,0
2017,28,"2251*A",818,-2177,"Senecio crassulus",4,4,0,4,0,0,0,1,0,0,1.28571428571429,245.925765023226,0
2018,28,"2251*A",818,-2177,"Senecio crassulus",2.5,4,-1.5,2.5,0,0,0,1,0,0,1.12213740458015,144.643074741179,0
2019,28,"2251*A",818,-2177,"Senecio crassulus",0,2.5,-2.5,0,0,0,0,0,0,1,0.5,0,0
2017,28,"2252*A",823,-2165,"Senecio crassulus",2,NA,NA,5,0,0,1,1,0,0,1.28571428571429,300.000000000015,0
2018,28,"2252*A",823,-2165,"Senecio crassulus",0,2,-2,0,0,0,0,0,0,1,1.12213740458015,0,0
2016,28,"2253*A",848,-2154,"Elymus lanceolatus",13,NA,NA,13,0,0,1,1,0,0,1.30188679245283,262.750978421586,0
2017,28,"2253*A",848,-2154,"Elymus lanceolatus",13,13,0,13,0,0,0,1,0,0,1.28571428571429,219.31204087321,0
2018,28,"2253*A",848,-2154,"Elymus lanceolatus",20,13,7,15,3,0,0,1,0,0,1.12213740458015,99.9999999999997,0
2019,28,"2253*A",848,-2154,"Elymus lanceolatus",21,20,1,25.5,6,0,0,1,0,0,0.5,100,0
2017,28,"2254*A",871,-2070,"Phacelia hastata",1,NA,NA,0.3,0,1,1,1,0,0,1.28571428571429,199.999999999992,0
2018,28,"2254*A",871,-2070,"Phacelia hastata",14,1,13,4,1,0,0,1,0,0,1.12213740458015,200,0
2019,28,"2254*A",871,-2070,"Phacelia hastata",44,14,30,7,17,0,0,1,0,0,0.5,238.442076818326,0
2017,28,"2255*A",969,-2102,"Arnica latifolia",1.5,NA,NA,3,0,1,1,1,0,0,1.28571428571429,500.00000000001,0
2018,28,"2255*A",969,-2102,"Arnica latifolia",0,1.5,-1.5,0,0,0,0,0,0,1,1.12213740458015,0,0
2017,27,"2256*A",438,-2104,"Agoseris glauca",17,NA,NA,7,0,0,1,1,0,0,1.28571428571429,299.999999999998,0
2018,27,"2256*A",438,-2104,"Agoseris glauca",0,17,-17,0,0,0,0,0,0,1,1.12213740458015,0,0
2017,27,"2257*A",454,-2100,"Agoseris glauca",8,NA,NA,6,0,0,1,1,0,0,1.28571428571429,395.516194661224,0
2018,27,"2257*A",454,-2100,"Agoseris glauca",2.5,8,-5.5,3.5,0,0,0,1,0,0,1.12213740458015,200,0
2019,27,"2257*A",454,-2100,"Agoseris glauca",3,2.5,0.5,4.5,0,0,0,1,0,0,0.5,199.999999999992,0
2017,27,"2258*A",438,-2090,"Agoseris glauca",1,NA,NA,2,0,1,1,1,0,0,1.28571428571429,357.145330724207,0
2018,27,"2258*A",438,-2090,"Agoseris glauca",0,1,-1,0,0,0,0,0,0,1,1.12213740458015,0,0
2017,27,"2259*A",421,-2084,"Senecio crassulus",1,NA,NA,1,0,1,1,1,0,0,1.28571428571429,399.999999999985,0
2018,27,"2259*A",421,-2084,"Senecio crassulus",0,1,-1,0,0,0,0,0,0,1,1.12213740458015,0,0
2014,16,"226*A",44,-1348,"Lupinus argenteus",18,NA,NA,15,2,0,NA,1,0,0,2.52336448598131,17.5081836873888,513.871972707615
2015,16,"226*A",44,-1348,"Lupinus argenteus",16,18,-2,12,3,0,0,1,0,0,3.0530303030303,19.5829561763697,468.951995258039
2016,16,"226*A",44,-1348,"Lupinus argenteus",12,16,-4,11,0,0,0,1,0,0,1.30188679245283,17.5054582329191,405.173035073994
2017,16,"226*A",44,-1348,"Lupinus argenteus",0,12,-12,0,0,0,0,0,0,1,1.28571428571429,0,0
2017,27,"2260*A",462,-2098,"Agoseris glauca",1.5,NA,NA,3,0,1,1,1,0,0,1.28571428571429,400.000000000032,0
2018,27,"2260*A",462,-2098,"Agoseris glauca",0,1.5,-1.5,0,0,0,0,0,0,1,1.12213740458015,0,0
2017,27,"2261*A",464,-2097,"Elymus lanceolatus",2,NA,NA,5,0,1,1,1,0,0,1.28571428571429,399.999999999989,0
2018,27,"2261*A",464,-2097,"Elymus lanceolatus",0,2,-2,0,0,0,0,0,0,1,1.12213740458015,0,0
2017,27,"2262*A",403,-2059,"Ivesia gordonii",1.5,NA,NA,1.5,0,1,1,1,0,0,1.28571428571429,489.150183366522,0
2018,27,"2262*A",403,-2059,"Ivesia gordonii",0,1.5,-1.5,0,0,0,0,0,0,1,1.12213740458015,0,0
2016,27,"2263*A",408,-2053,"Eriogonum umbellatum",0.8,NA,NA,0.5,0,0,1,1,0,0,1.30188679245283,200.000000000002,300.000000000003
2017,27,"2263*A",408,-2053,"Eriogonum umbellatum",0.8,0.8,0,0.5,0,0,0,1,0,0,1.28571428571429,209.845860385171,300.000000000003
2018,27,"2263*A",408,-2053,"Eriogonum umbellatum",0,0.8,-0.8,0,0,0,0,0,0,1,1.12213740458015,0,0
2017,27,"2264*A",409,-2051,"Heterotheca villosa",1,NA,NA,1,0,1,1,1,0,0,1.28571428571429,419.621678783479,100.000000000003
2018,27,"2264*A",409,-2051,"Heterotheca villosa",0,1,-1,0,0,0,0,0,0,1,1.12213740458015,0,0
2016,27,"2265*A",409,-2048,"Ivesia gordonii",1,NA,NA,1,0,0,1,1,0,0,1.30188679245283,500.00000000004,24.2566996932758
2017,27,"2265*A",409,-2048,"Ivesia gordonii",1,1,0,1,0,0,0,1,0,0,1.28571428571429,500.00000000004,0
2018,27,"2265*A",409,-2048,"Ivesia gordonii",2.5,1,1.5,1,0,0,0,1,0,0,1.12213740458015,299.999999999999,0
2019,27,"2265*A",409,-2048,"Ivesia gordonii",3,2.5,0.5,2.5,0,0,0,1,0,0,0.5,299.999999999993,63.0071445631864
2017,33,"2266*A",812,-2558,"Senecio crassulus",2,NA,NA,5.5,0,0,1,1,0,0,1.28571428571429,300.000000000015,0
2018,33,"2266*A",812,-2558,"Senecio crassulus",0,2,-2,0,0,0,0,0,0,1,1.12213740458015,0,0
2017,33,"2267*A",848,-2578,"Ivesia gordonii",0.5,NA,NA,0.3,0,1,1,1,0,0,1.28571428571429,300.000000000006,0
2018,33,"2267*A",848,-2578,"Ivesia gordonii",0,0.5,-0.5,0,0,0,0,0,0,1,1.12213740458015,0,0
2016,33,"2268*A",817,-2524,"Chaenactis douglasii",2,NA,NA,1.5,0,0,1,1,0,0,1.30188679245283,300,0
2017,33,"2268*A",817,-2524,"Chaenactis douglasii",2,2,0,1.5,0,0,0,1,0,0,1.28571428571429,299.999999999995,0
2018,33,"2268*A",817,-2524,"Chaenactis douglasii",3.5,2,1.5,2,0,0,0,1,0,0,1.12213740458015,300.000000000006,0
2019,33,"2268*A",817,-2524,"Chaenactis douglasii",3,3.5,-0.5,2.5,0,0,0,1,0,0,0.5,299.999999999989,0
2017,33,"2269*A",852,-2472,"Eriogonum umbellatum",6,NA,NA,2.5,0,0,1,1,0,0,1.28571428571429,0,400
2018,33,"2269*A",852,-2472,"Eriogonum umbellatum",0,6,-6,0,0,0,0,0,0,1,1.12213740458015,0,0
2014,16,"227*A",46,-1338,"Lupinus argenteus",17,NA,NA,13,0,0,NA,1,0,0,2.52336448598131,22.2958344899623,616.692241656743
2015,16,"227*A",46,-1338,"Lupinus argenteus",18,17,1,13,5,0,0,1,0,0,3.0530303030303,26.3047431463381,525.163512119179
2016,16,"227*A",46,-1338,"Lupinus argenteus",17,18,-1,12,0,0,0,1,0,0,1.30188679245283,26.1767995786727,373.844059227385
2017,16,"227*A",46,-1338,"Lupinus argenteus",0,17,-17,0,0,0,0,0,0,1,1.28571428571429,0,0
2017,33,"2270*A",887,-2407,"Heterotheca villosa",1,NA,NA,1,0,1,1,1,0,0,1.28571428571429,500.000000000005,100.000000000001
2018,33,"2270*A",887,-2407,"Heterotheca villosa",0,1,-1,0,0,0,0,0,0,1,1.12213740458015,0,0
2017,33,"2271*A",882,-2415,"Heterotheca villosa",1,NA,NA,0.5,0,1,1,1,0,0,1.28571428571429,500.00000000003,100.000000000006
2018,33,"2271*A",882,-2415,"Heterotheca villosa",0,1,-1,0,0,0,0,0,0,1,1.12213740458015,0,0
2017,33,"2272*A",890,-2415,"Elymus lanceolatus",1,NA,NA,4,0,1,1,1,0,0,1.28571428571429,600.00000000003,100.000000000005
2018,33,"2272*A",890,-2415,"Elymus lanceolatus",0,1,-1,0,0,0,0,0,0,1,1.12213740458015,0,0
2017,33,"2273*A",844,-2438,"Lupinus argenteus",3,NA,NA,4,0,0,1,1,0,0,1.28571428571429,499.999999999991,82.2353760005029
2018,33,"2273*A",844,-2438,"Lupinus argenteus",1,3,-2,0.2,0,0,0,1,0,0,1.12213740458015,400.000000000028,0
2019,33,"2273*A",844,-2438,"Lupinus argenteus",0,1,-1,0,0,0,0,0,0,1,0.5,0,0
2017,33,"2274*A",848,-2432,"Lupinus argenteus",7,NA,NA,7,0,0,1,1,0,0,1.28571428571429,509.195045191618,99.8829887223033
2018,33,"2274*A",848,-2432,"Lupinus argenteus",3,7,-4,1,0,0,0,1,0,0,1.12213740458015,399.999999999993,0
2019,33,"2274*A",848,-2432,"Lupinus argenteus",0,3,-3,0,0,0,0,0,0,1,0.5,0,0
2017,33,"2275*A",872,-2424,"Ivesia gordonii",1,NA,NA,1,0,1,1,1,0,0,1.28571428571429,508.239472727626,0
2018,33,"2275*A",872,-2424,"Ivesia gordonii",0,1,-1,0,0,0,0,0,0,1,1.12213740458015,0,0
2017,33,"2276*A",877,-2425,"Poa stenantha",1,NA,NA,5,0,1,1,1,0,0,1.28571428571429,500.000000000025,0
2018,33,"2276*A",877,-2425,"Poa stenantha",0,1,-1,0,0,0,0,0,0,1,1.12213740458015,0,0
2017,33,"2277*A",884,-2420,"Senecio crassulus",3,NA,NA,7,0,0,1,1,0,0,1.28571428571429,590.606718402972,0
2018,33,"2277*A",884,-2420,"Senecio crassulus",0,3,-3,0,0,0,0,0,0,1,1.12213740458015,0,0
2017,33,"2278*A",962,-2488,"Lupinus argenteus",4,NA,NA,3,0,0,1,1,0,0,1.28571428571429,299.999999999992,38.1192100377558
2018,33,"2278*A",962,-2488,"Lupinus argenteus",0,4,-4,0,0,0,0,0,0,1,1.12213740458015,0,0
2017,33,"2279*A",954,-2483,"Lupinus argenteus",5,NA,NA,4,0,0,1,1,0,0,1.28571428571429,300.858409058585,0
2018,33,"2279*A",954,-2483,"Lupinus argenteus",0,5,-5,0,0,0,0,0,0,1,1.12213740458015,0,0
2014,16,"228*A",36,-1335,"Lupinus argenteus",14,NA,NA,13,0,0,NA,1,0,0,2.52336448598131,0,786.939051168759
2015,16,"228*A",36,-1335,"Lupinus argenteus",12,14,-2,13,2,0,0,1,0,0,3.0530303030303,8.75058196653206,764.294992378645
2016,16,"228*A",36,-1335,"Lupinus argenteus",0,12,-12,0,0,0,0,0,0,1,1.30188679245283,0,0
2017,40,"2280*A",1709,-2844,"Eriogonum umbellatum",1,NA,NA,1,0,1,1,1,0,0,1.28571428571429,0,0
2018,40,"2280*A",1709,-2844,"Eriogonum umbellatum",0,1,-1,0,0,0,0,0,0,1,1.12213740458015,0,0
2017,37,"2281*A",458,-2963,"Lupinus argenteus",5,NA,NA,4,0,0,1,1,0,0,1.28571428571429,29.0666276253607,0
2018,37,"2281*A",458,-2963,"Lupinus argenteus",0,5,-5,0,0,0,0,0,0,1,1.12213740458015,0,0
2017,37,"2282*A",466,-2981,"Ivesia gordonii",1.5,NA,NA,1.3,0,1,1,1,0,0,1.28571428571429,0,100.000000000004
2018,37,"2282*A",466,-2981,"Ivesia gordonii",0,1.5,-1.5,0,0,0,0,0,0,1,1.12213740458015,0,0
2017,36,"2283*A",56,-2980,"Lupinus argenteus",1.5,NA,NA,2,0,1,1,1,0,0,1.28571428571429,300,0
2018,36,"2283*A",56,-2980,"Lupinus argenteus",0,1.5,-1.5,0,0,0,0,0,0,1,1.12213740458015,0,0
2016,37,"2284*A",450,-2922,"Eriogonum umbellatum",2,NA,NA,2,0,0,1,1,0,0,1.30188679245283,227.80634,0
2017,37,"2284*A",450,-2922,"Eriogonum umbellatum",2,2,0,2,0,0,0,1,0,0,1.28571428571429,216.267582685039,0
2018,37,"2284*A",450,-2922,"Eriogonum umbellatum",2,2,0,1.5,0,0,0,1,0,0,1.12213740458015,99.9999999999986,0
2019,37,"2284*A",450,-2922,"Eriogonum umbellatum",2.5,2,0.5,2,0,0,0,1,0,0,0.5,99.9999999999998,0
2017,37,"2285*A",473,-2939,"Ivesia gordonii",0.5,NA,NA,0.5,0,1,1,1,0,0,1.28571428571429,200.000000000014,0
2018,37,"2285*A",473,-2939,"Ivesia gordonii",1.5,0.5,1,0.5,0,0,0,1,0,0,1.12213740458015,0,0
2019,37,"2285*A",473,-2939,"Ivesia gordonii",3.4,1.5,1.9,2,0,0,0,1,0,0,0.5,0,2.69748627920608
2016,37,"2286*A",467,-2886,"Eriogonum umbellatum",1,NA,NA,1,0,0,1,1,0,0,1.30188679245283,140.8634,100
2017,37,"2286*A",467,-2886,"Eriogonum umbellatum",1,1,0,1,0,0,0,1,0,0,1.28571428571429,159.060863824029,100.000000000001
2018,37,"2286*A",467,-2886,"Eriogonum umbellatum",0,1,-1,0,0,0,0,0,0,1,1.12213740458015,0,0
2017,37,"2287*A",493,-2882,"Phacelia hastata",0.3,NA,NA,0.3,0,1,1,1,0,0,1.28571428571429,199.999999999994,0
2018,37,"2287*A",493,-2882,"Phacelia hastata",0,0.3,-0.3,0,0,0,0,0,0,1,1.12213740458015,0,0
2016,37,"2288*A",521,-2850,"Lupinus argenteus",16,NA,NA,10,0,0,1,1,0,0,1.30188679245283,135.414159176,10.5976368
2017,37,"2288*A",521,-2850,"Lupinus argenteus",16,16,0,10,0,0,0,1,0,0,1.28571428571429,131.118889892995,9.825536557099
2018,37,"2288*A",521,-2850,"Lupinus argenteus",12,16,-4,7,0,0,0,1,0,0,1.12213740458015,175.751495559711,0
2019,37,"2288*A",521,-2850,"Lupinus argenteus",12.5,12,0.5,8,0,0,0,1,0,0,0.5,233.171076862599,0
2016,37,"2289*A",515,-2843,"Lupinus argenteus",5,NA,NA,2.5,0,0,1,1,0,0,1.30188679245283,200.3762859,100
2017,37,"2289*A",515,-2843,"Lupinus argenteus",5,5,0,2.5,0,0,0,1,0,0,1.28571428571429,195.935201306381,100.000000000001
2018,37,"2289*A",515,-2843,"Lupinus argenteus",0,5,-5,0,0,0,0,0,0,1,1.12213740458015,0,0
2014,16,"229*A",33,-1335,"Lupinus argenteus",11,NA,NA,13,0,0,NA,1,0,0,2.52336448598131,0,860.705025921446
2015,16,"229*A",33,-1335,"Lupinus argenteus",12,11,1,13,0,0,0,1,0,0,3.0530303030303,8.85597568269206,725.314670721447
2016,16,"229*A",33,-1335,"Lupinus argenteus",19,12,7,12,0,0,0,1,0,0,1.30188679245283,5.4758503752142,392.195253561628
2017,16,"229*A",33,-1335,"Lupinus argenteus",0,19,-19,0,0,0,0,0,0,1,1.28571428571429,0,0
2017,37,"2290*A",541,-2869,"Ivesia gordonii",1,NA,NA,1,0,1,1,1,0,0,1.28571428571429,187.30670154563,0
2018,37,"2290*A",541,-2869,"Ivesia gordonii",2,1,1,1.5,0,0,0,1,0,0,1.12213740458015,99.9999999999992,0
2019,37,"2290*A",541,-2869,"Ivesia gordonii",9.5,2,7.5,3.2,0,0,0,1,0,0,0.5,38.9485333584788,0.142339502077679
2017,36,"2291*A",106,-2855,"Arnica latifolia",9,NA,NA,8,0,0,1,1,0,0,1.28571428571429,289.965845617376,0
2018,36,"2291*A",106,-2855,"Arnica latifolia",8,9,-1,10,0,0,0,1,0,0,1.12213740458015,248.086369497623,0
2019,36,"2291*A",106,-2855,"Arnica latifolia",3.5,8,-4.5,6.5,0,0,0,1,0,0,0.5,300,0
2017,41,"2292*A",125,-3267,"Elymus lanceolatus",4,NA,NA,3.5,0,1,1,1,0,0,1.28571428571429,100,0
2018,41,"2292*A",125,-3267,"Elymus lanceolatus",22.5,4,18.5,19,1,0,0,1,0,0,1.12213740458015,168.885059905923,0
2019,41,"2292*A",125,-3267,"Elymus lanceolatus",3,22.5,-19.5,6.5,0,0,0,1,0,0,0.5,200,0
2017,36,"2293*A",98,-2834,"Arnica latifolia",6,NA,NA,4.5,0,0,1,1,0,0,1.28571428571429,182.524692831611,65.3197912342697
2018,36,"2293*A",98,-2834,"Arnica latifolia",0,6,-6,0,0,0,0,1,0,0,1.12213740458015,0,0
2019,36,"2293*A",98,-2834,"Arnica latifolia",10,0,10,7,0,0,0,1,0,0,0.5,211.938448532211,63.4191911659619
2017,36,"2294*A",102,-2842,"Arnica latifolia",6,NA,NA,8,1,0,1,1,0,0,1.28571428571429,434.976035781938,0
2018,36,"2294*A",102,-2842,"Arnica latifolia",6,6,0,4,0,0,0,1,0,0,1.12213740458015,287.310859868579,0
2019,36,"2294*A",102,-2842,"Arnica latifolia",4.5,6,-1.5,7.5,0,0,0,1,0,0,0.5,317.176949633129,12.3838166455566
2016,36,"2295*A",106,-2845,"Ivesia gordonii",3,NA,NA,3,0,0,1,1,0,0,1.30188679245283,355.72541,0
2017,36,"2295*A",106,-2845,"Ivesia gordonii",3,3,0,3,0,0,0,1,0,0,1.28571428571429,372.397772173835,0
2018,36,"2295*A",106,-2845,"Ivesia gordonii",4,3,1,3.5,0,0,0,1,0,0,1.12213740458015,285.426934712321,0
2019,36,"2295*A",106,-2845,"Ivesia gordonii",3,4,-1,5,0,0,0,1,0,0,0.5,373.513074005216,0
2017,36,"2296*A",103,-2832,"Ivesia gordonii",1,NA,NA,2,0,1,1,1,0,0,1.28571428571429,316.088526459272,0
2018,36,"2296*A",103,-2832,"Ivesia gordonii",0,1,-1,0,0,0,0,0,0,1,1.12213740458015,0,0
2017,36,"2297*A",179,-2872,"Ivesia gordonii",0.5,NA,NA,0.5,0,1,1,1,0,0,1.28571428571429,199.999999999992,99.9999999999961
2018,36,"2297*A",179,-2872,"Ivesia gordonii",0,0.5,-0.5,0,0,0,0,0,0,1,1.12213740458015,0,0
2017,36,"2298*A",154,-2973,"Lupinus argenteus",2,NA,NA,3,0,1,1,1,0,0,1.28571428571429,300,0
2018,36,"2298*A",154,-2973,"Lupinus argenteus",0,2,-2,0,0,0,0,0,0,1,1.12213740458015,0,0
2017,41,"2299*A",136,-3249,"Lupinus argenteus",5,NA,NA,2.5,0,0,1,1,0,0,1.28571428571429,100,0
2018,41,"2299*A",136,-3249,"Lupinus argenteus",0,5,-5,0,0,0,0,0,0,1,1.12213740458015,0,0
2014,5,"23*A",1627,-146,"Lupinus argenteus",7,NA,NA,8,0,0,NA,1,0,0,2.52336448598131,0,230.546289083665
2015,5,"23*A",1627,-146,"Lupinus argenteus",12,7,5,10,0,0,0,1,0,0,3.0530303030303,2.26562909187275,153.405407588679
2016,5,"23*A",1627,-146,"Lupinus argenteus",0,12,-12,0,0,0,0,0,0,1,1.30188679245283,0,0
2014,16,"230*A",24,-1330,"Lupinus argenteus",14,NA,NA,13,1,0,NA,1,0,0,2.52336448598131,0,539.895868679964
2015,16,"230*A",24,-1330,"Lupinus argenteus",15,14,1,12,4,0,0,1,0,0,3.0530303030303,13.0235034639241,425.243913104082
2016,16,"230*A",24,-1330,"Lupinus argenteus",15,15,0,13,1,0,0,1,0,0,1.30188679245283,5.65162164874364,322.19223301847
2017,16,"230*A",24,-1330,"Lupinus argenteus",6.5,15,-8.5,3,0,0,0,1,0,0,1.28571428571429,3.50101030832029,53.4601341978072
2018,16,"230*A",24,-1330,"Lupinus argenteus",0,6.5,-6.5,0,0,0,0,0,0,1,1.12213740458015,0,0
2017,41,"2300*A",158,-3246,"Heterotheca villosa",1,NA,NA,0.5,0,1,1,1,0,0,1.28571428571429,100,0
2018,41,"2300*A",158,-3246,"Heterotheca villosa",0,1,-1,0,0,0,0,0,0,1,1.12213740458015,0,0
2017,41,"2301*A",152,-3251,"Eriogonum umbellatum",1,NA,NA,1,0,1,1,1,0,0,1.28571428571429,0,100.000000000001
2018,41,"2301*A",152,-3251,"Eriogonum umbellatum",0,1,-1,0,0,0,0,0,0,1,1.12213740458015,0,0
2017,41,"2302*A",147,-3210,"Senecio crassulus",1.5,NA,NA,1,0,1,1,1,0,0,1.28571428571429,299.999999999994,0
2018,41,"2302*A",147,-3210,"Senecio crassulus",0,1.5,-1.5,0,0,0,0,0,0,1,1.12213740458015,0,0
2017,41,"2303*A",0,-3317,"Arenaria congesta",1,NA,NA,1,0,1,1,1,0,0,1.28571428571429,134.480958061279,0
2018,41,"2303*A",0,-3317,"Arenaria congesta",1.5,1,0.5,2.5,0,0,0,1,0,0,1.12213740458015,100,0
2019,41,"2303*A",0,-3317,"Arenaria congesta",2,1.5,0.5,4,0,0,0,1,0,0,0.5,100,0
2017,41,"2304*A",1,-3322,"Arenaria congesta",1,NA,NA,1,0,1,1,1,0,0,1.28571428571429,100,0
2018,41,"2304*A",1,-3322,"Arenaria congesta",1,1,0,2,0,0,0,1,0,0,1.12213740458015,100,0
2019,41,"2304*A",1,-3322,"Arenaria congesta",1.5,1,0.5,4,0,0,0,1,0,0,0.5,100,0
2017,41,"2305*A",27,-3353,"Lupinus argenteus",2,NA,NA,1.5,0,0,1,1,0,0,1.28571428571429,100,0
2018,41,"2305*A",27,-3353,"Lupinus argenteus",0,2,-2,0,0,0,0,0,0,1,1.12213740458015,0,0
2017,46,"2306*A",81.14609424,-3776.30649874,"Eriogonum umbellatum",0.5,NA,NA,0.5,0,1,1,1,0,0,1.28571428571429,153.285824716505,686.964185161413
2017,46,"2306*B",80.9482926,-3776.20698538,"Eriogonum umbellatum",0.5,NA,NA,0.5,0,1,1,0,1,0,1.28571428571429,141.242052041036,686.96418516142
2018,46,"2306*A",81,-3776,"Eriogonum umbellatum",0,0.5,-0.5,0,0,0,0,0,0,1,1.12213740458015,0,0
2017,46,"2307*A",87,-3772,"Lupinus argenteus",3.5,NA,NA,3.5,0,0,1,1,0,0,1.28571428571429,885.364929582093,0
2018,46,"2307*A",87,-3772,"Lupinus argenteus",0,3.5,-3.5,0,0,0,0,0,0,1,1.12213740458015,0,0
2016,46,"2308*A",86,-3782,"Senecio crassulus",12.5,NA,NA,9,0,0,1,1,0,0,1.30188679245283,872.230156,9.063833
2017,46,"2308*A",86,-3782,"Senecio crassulus",12.5,12.5,0,9,0,0,0,1,0,0,1.28571428571429,717.283145015144,57.6366221092937
2018,46,"2308*A",86,-3782,"Senecio crassulus",7.5,12.5,-5,6,0,0,0,1,0,0,1.12213740458015,651.363810108336,100
2019,46,"2308*A",86,-3782,"Senecio crassulus",0,7.5,-7.5,0,0,0,0,0,0,1,0.5,0,0
2017,46,"2309*A",100,-3759,"Senecio crassulus",1,NA,NA,1,0,1,1,1,0,0,1.28571428571429,748.647127804291,100.000000000001
2018,46,"2309*A",100,-3759,"Senecio crassulus",0,1,-1,0,0,0,0,0,0,1,1.12213740458015,0,0
2014,16,"231*A",18,-1327,"Lupinus argenteus",19,NA,NA,12,2,0,NA,1,0,0,2.52336448598131,0,351.994938087488
2015,16,"231*A",18,-1327,"Lupinus argenteus",26,19,7,11,8,0,0,1,0,0,3.0530303030303,18.9372519284342,316.4066143297
2016,16,"231*A",18,-1327,"Lupinus argenteus",21,26,-5,9,0,0,0,1,0,0,1.30188679245283,12.6253965357669,238.109750835107
2017,16,"231*A",18,-1327,"Lupinus argenteus",8,21,-13,2,0,0,0,1,0,0,1.28571428571429,13.4379093086923,39.9196242613587
2018,16,"231*A",18,-1327,"Lupinus argenteus",0,8,-8,0,0,0,0,0,0,1,1.12213740458015,0,0
2017,46,"2310*A",87,-3740,"Senecio crassulus",1.5,NA,NA,2.5,0,1,1,1,0,0,1.28571428571429,898.931133651072,0
2018,46,"2310*A",87,-3740,"Senecio crassulus",0,1.5,-1.5,0,0,0,0,1,0,0,1.12213740458015,0,0
2019,46,"2310*A",87,-3740,"Senecio crassulus",5,0,5,5,0,0,0,1,0,0,0.5,522.351976834885,0
2017,46,"2311*A",79,-3738,"Viola praemorsa",6,NA,NA,8,0,0,1,1,0,0,1.28571428571429,744.507299381601,0
2018,46,"2311*A",79,-3738,"Viola praemorsa",9,6,3,4,0,0,0,1,0,0,1.12213740458015,610.479533274883,0
2019,46,"2311*A",79,-3738,"Viola praemorsa",8,9,-1,6,1,0,0,1,0,0,0.5,505.290245388266,0
2017,46,"2312*A",94,-3708,"Senecio crassulus",7,NA,NA,7,0,0,1,1,0,0,1.28571428571429,623.171458684007,0
2018,46,"2312*A",94,-3708,"Senecio crassulus",0,7,-7,0,0,0,0,0,0,1,1.12213740458015,0,0
2017,46,"2313*A",90,-3706,"Agoseris glauca",7,NA,NA,8,0,0,1,1,0,0,1.28571428571429,642.74617090904,0
2018,46,"2313*A",90,-3706,"Agoseris glauca",7.5,7,0.5,5.5,0,0,0,1,0,0,1.12213740458015,500,0
2019,46,"2313*A",90,-3706,"Agoseris glauca",9.5,7.5,2,11,1,0,0,1,0,0,0.5,499.999999999998,0
2017,46,"2314*A",98,-3690,"Senecio crassulus",3,NA,NA,2,0,0,1,1,0,0,1.28571428571429,771.9254322873,0
2018,46,"2314*A",98,-3690,"Senecio crassulus",0,3,-3,0,0,0,0,0,0,1,1.12213740458015,0,0
2014,46,"2315*A",87,-3746,"Carex siccata",80,NA,NA,18,0,0,NA,1,0,0,2.52336448598131,804.107559598,0.82311178
2015,46,"2315*A",87,-3746,"Carex siccata",80,80,0,18,0,0,0,1,0,0,3.0530303030303,823.622276996,6.632034
2016,46,"2315*A",87,-3746,"Carex siccata",80,80,0,18,0,0,0,1,0,0,1.30188679245283,825.4039912786,14.1536228
2017,46,"2315*A",87,-3746,"Carex siccata",80,80,0,18,0,0,0,1,0,0,1.28571428571429,668.855534964758,8.20195462987835
2018,46,"2315*A",87,-3746,"Carex siccata",79,80,-1,14.5,1,0,0,1,0,0,1.12213740458015,536.3186579642,4.19125007153341
2019,46,"2315*A",87,-3746,"Carex siccata",40,79,-39,13,0,0,0,1,0,0,0.5,495.266282200562,1.27124999999999
2014,46,"2316*A",114,-3750,"Eriogonum umbellatum",17,NA,NA,2,0,0,NA,1,0,0,2.52336448598131,253.413042793,421.995678
2015,46,"2316*A",114,-3750,"Eriogonum umbellatum",17,17,0,2,0,0,0,1,0,0,3.0530303030303,322.0272241683,422.23721564
2016,46,"2316*A",114,-3750,"Eriogonum umbellatum",17,17,0,2,0,0,0,1,0,0,1.30188679245283,366.053740495,432.9879247
2017,46,"2316*A",114,-3750,"Eriogonum umbellatum",17,17,0,2,0,0,0,1,0,0,1.28571428571429,117.960537667835,484.364840453156
2018,46,"2316*A",114,-3750,"Eriogonum umbellatum",0,17,-17,0,0,0,0,1,0,0,1.12213740458015,0,0
2019,46,"2316*A",114,-3750,"Eriogonum umbellatum",0.5,0,0.5,1,0,0,0,1,0,0,0.5,0,500
2017,46,"2317*A",115,-3748,"Agoseris glauca",1.5,NA,NA,2,0,0,1,1,0,0,1.28571428571429,700.000000000007,0
2018,46,"2317*A",115,-3748,"Agoseris glauca",2.5,1.5,1,6,0,0,0,1,0,0,1.12213740458015,599.999999999997,0
2019,46,"2317*A",115,-3748,"Agoseris glauca",0,2.5,-2.5,0,0,0,0,0,0,1,0.5,0,0
2017,46,"2318*A",112,-3770,"Ivesia gordonii",4,NA,NA,2,0,0,1,1,0,0,1.28571428571429,660.764064463084,0
2018,46,"2318*A",112,-3770,"Ivesia gordonii",0,4,-4,0,0,0,0,0,0,1,1.12213740458015,0,0
2017,46,"2319*A",150,-3789,"Arenaria congesta",0.1,NA,NA,0.3,0,1,1,1,0,0,1.28571428571429,400.000000000004,0
2018,46,"2319*A",150,-3789,"Arenaria congesta",1.5,0.1,1.4,1,0,0,0,1,0,0,1.12213740458015,500.000000000005,0
2019,46,"2319*A",150,-3789,"Arenaria congesta",2,1.5,0.5,2.5,0,0,0,1,0,0,0.5,489.521121798392,0
2014,16,"232*A",38,-1327,"Lupinus argenteus",16,NA,NA,13,0,0,NA,1,0,0,2.52336448598131,0.810972807608638,702.866204637371
2015,16,"232*A",38,-1327,"Lupinus argenteus",17,16,1,11,1,0,0,1,0,0,3.0530303030303,21.8334363138213,599.570896132235
2016,16,"232*A",38,-1327,"Lupinus argenteus",12,17,-5,9,0,0,0,1,0,0,1.30188679245283,7.67547810166773,455.430138171452
2017,16,"232*A",38,-1327,"Lupinus argenteus",0,12,-12,0,0,0,0,0,0,1,1.28571428571429,0,0
2017,46,"2320*A",130,-3770,"Agoseris glauca",1.5,NA,NA,3.5,0,1,1,1,0,0,1.28571428571429,600.000000000018,0
2018,46,"2320*A",130,-3770,"Agoseris glauca",0,1.5,-1.5,0,0,0,0,0,0,1,1.12213740458015,0,0
2017,46,"2321*A",128,-3749,"Senecio crassulus",6,NA,NA,7,0,0,1,1,0,0,1.28571428571429,567.858635267809,0
2018,46,"2321*A",128,-3749,"Senecio crassulus",0,6,-6,0,0,0,0,0,0,1,1.12213740458015,0,0
2017,46,"2322*A",190,-3782,"Agoseris glauca",0.3,NA,NA,0.3,0,1,1,1,0,0,1.28571428571429,600.00000000009,0
2018,46,"2322*A",190,-3782,"Agoseris glauca",0,0.3,-0.3,0,0,0,0,0,0,1,1.12213740458015,0,0
2017,46,"2323*A",191,-3782,"Senecio crassulus",1,NA,NA,1,0,1,1,1,0,0,1.28571428571429,509.655367598629,0
2018,46,"2323*A",191,-3782,"Senecio crassulus",0,1,-1,0,0,0,0,0,0,1,1.12213740458015,0,0
2016,46,"2324*A",196,-3784,"Agoseris glauca",3,NA,NA,3,0,0,1,1,0,0,1.30188679245283,600,0
2017,46,"2324*A",196,-3784,"Agoseris glauca",3,3,0,3,0,0,0,1,0,0,1.28571428571429,400.000000000008,0
2018,46,"2324*A",196,-3784,"Agoseris glauca",0,3,-3,0,0,0,0,0,0,1,1.12213740458015,0,0
2017,46,"2325*A",188,-3777,"Senecio crassulus",0.3,NA,NA,0.3,0,1,1,1,0,0,1.28571428571429,600.00000000003,0
2018,46,"2325*A",188,-3777,"Senecio crassulus",0,0.3,-0.3,0,0,0,0,0,0,1,1.12213740458015,0,0
2017,46,"2326*A",194,-3766,"Senecio crassulus",2,NA,NA,1,0,1,1,1,0,0,1.28571428571429,624.173202160886,0
2018,46,"2326*A",194,-3766,"Senecio crassulus",7,2,5,4.5,0,0,0,1,0,0,1.12213740458015,447.12630618012,0
2019,46,"2326*A",194,-3766,"Senecio crassulus",7.5,7,0.5,8.5,0,0,0,1,0,0,0.5,395.333654366287,0
2017,46,"2327*A",168,-3751,"Eriogonum umbellatum",4,NA,NA,5,0,0,1,1,0,0,1.28571428571429,201.03806841434,401.96101091531
2018,46,"2327*A",168,-3751,"Eriogonum umbellatum",0,4,-4,0,0,0,0,0,0,1,1.12213740458015,0,0
2017,46,"2328*A",97,-3743,"Senecio crassulus",4,NA,NA,8,0,0,1,1,0,0,1.28571428571429,699.999999999996,27.9834194536828
2018,46,"2328*A",97,-3743,"Senecio crassulus",0,4,-4,0,0,0,0,0,0,1,1.12213740458015,0,0
2017,46,"2329*A",99,-3740,"Senecio crassulus",5,NA,NA,7,0,0,1,1,0,0,1.28571428571429,700,69.0550358652715
2018,46,"2329*A",99,-3740,"Senecio crassulus",0,5,-5,0,0,0,0,0,0,1,1.12213740458015,0,0
2014,16,"233*A",40,-1330,"Lupinus argenteus",15,NA,NA,13,1,0,NA,1,0,0,2.52336448598131,3.63620761819396,752.291580951388
2015,16,"233*A",40,-1330,"Lupinus argenteus",15.5,15,0.5,12,0,0,0,1,0,0,3.0530303030303,15.2264682341912,643.868393954685
2016,16,"233*A",40,-1330,"Lupinus argenteus",0,15.5,-15.5,0,0,0,0,0,0,1,1.30188679245283,0,0
2017,46,"2330*A",100,-3735,"Senecio crassulus",9,NA,NA,10,0,0,1,1,0,0,1.28571428571429,701.24235273431,39.3554141700378
2018,46,"2330*A",100,-3735,"Senecio crassulus",0,9,-9,0,0,0,0,0,0,1,1.12213740458015,0,0
2017,46,"2331*A",102,-3727,"Senecio crassulus",4,NA,NA,5,0,0,1,1,0,0,1.28571428571429,703.649193416748,99.9999999999994
2018,46,"2331*A",102,-3727,"Senecio crassulus",0,4,-4,0,0,0,0,0,0,1,1.12213740458015,0,0
2017,46,"2332*A",101,-3700,"Lupinus argenteus",7,NA,NA,5,0,0,1,1,0,0,1.28571428571429,673.573382719045,0
2018,46,"2332*A",101,-3700,"Lupinus argenteus",0,7,-7,0,0,0,0,0,0,1,1.12213740458015,0,0
2017,46,"2333*A",127,-3705,"Eriogonum umbellatum",1,NA,NA,1,0,1,1,1,0,0,1.28571428571429,0,657.724955273756
2018,46,"2333*A",127,-3705,"Eriogonum umbellatum",0,1,-1,0,0,0,0,0,0,1,1.12213740458015,0,0
2017,46,"2334*A",156,-3734,"Senecio crassulus",5,NA,NA,4,0,0,1,1,0,0,1.28571428571429,499.999999999997,0
2018,46,"2334*A",156,-3734,"Senecio crassulus",0,5,-5,0,0,0,0,0,0,1,1.12213740458015,0,0
2017,46,"2335*A",133,-3725,"Senecio crassulus",3,NA,NA,5,0,0,1,1,0,0,1.28571428571429,534.340084245316,59.7937815069825
2018,46,"2335*A",133,-3725,"Senecio crassulus",0,3,-3,0,0,0,0,0,0,1,1.12213740458015,0,0
2017,46,"2336*A",130,-3720,"Senecio crassulus",2,NA,NA,2,0,1,1,1,0,0,1.28571428571429,600,0
2018,46,"2336*A",130,-3720,"Senecio crassulus",0,2,-2,0,0,0,0,0,0,1,1.12213740458015,0,0
2017,46,"2337*A",134.584377,-3720.22599495,"Senecio crassulus",4,NA,NA,3,0,1,1,1,0,0,1.28571428571429,562.116352210406,84.3575106508688
2017,46,"2337*B",133.7931704,-3719.8279415,"Senecio crassulus",4,NA,NA,3,0,1,1,0,1,0,1.28571428571429,564.785431175368,85.7376126944523
2017,46,"2337*C",132.0241243,-3723.38105965,"Senecio crassulus",4,NA,NA,3,0,1,1,0,1,0,1.28571428571429,583.452672037816,50.069219184881
2017,46,"2337*D",136.9021456,-3715.31146754,"Senecio crassulus",4,NA,NA,3,0,1,1,0,1,0,1.28571428571429,499.999999999999,0
2018,46,"2337*A",134,-3719,"Senecio crassulus",3,4,-1,6.5,0,0,0,1,0,0,1.12213740458015,599.999999999999,0
2019,46,"2337*A",134,-3719,"Senecio crassulus",12,3,9,12,0,0,0,1,0,0,0.5,644.639946151009,0
2017,46,"2338*A",116,-3697,"Lupinus argenteus",7,NA,NA,3,0,0,1,1,0,0,1.28571428571429,732.669560661751,0
2018,46,"2338*A",116,-3697,"Lupinus argenteus",0,7,-7,0,0,0,0,0,0,1,1.12213740458015,0,0
2017,46,"2339*A",190,-3715,"Phacelia hastata",1,NA,NA,0.5,0,1,1,1,0,0,1.28571428571429,470.68662207347,0
2018,46,"2339*A",190,-3715,"Phacelia hastata",0,1,-1,0,0,0,0,0,0,1,1.12213740458015,0,0
2014,16,"234*A",45,-1319,"Lupinus argenteus",20,NA,NA,13,0,0,NA,1,0,0,2.52336448598131,10.5414086261847,520.080447291019
2015,16,"234*A",45,-1319,"Lupinus argenteus",16,20,-4,14,3,0,0,1,0,0,3.0530303030303,27.4298330082299,482.101906392857
2016,16,"234*A",45,-1319,"Lupinus argenteus",12,16,-4,10,0,0,0,1,0,0,1.30188679245283,18.2633628824304,329.015059513198
2017,16,"234*A",45,-1319,"Lupinus argenteus",0,12,-12,0,0,0,0,0,0,1,1.28571428571429,0,0
2017,46,"2340*A",185,-3667,"Ivesia gordonii",0.5,NA,NA,0.5,0,1,1,1,0,0,1.28571428571429,597.068353308065,0
2018,46,"2340*A",185,-3667,"Ivesia gordonii",1,0.5,0.5,0.7,0,0,0,1,0,0,1.12213740458015,400,0
2019,46,"2340*A",185,-3667,"Ivesia gordonii",0,1,-1,0,0,0,0,0,0,1,0.5,0,0
2017,46,"2341*A",151,-3684,"Agoseris glauca",6,NA,NA,5,0,0,1,1,0,0,1.28571428571429,799.999999999998,0
2018,46,"2341*A",151,-3684,"Agoseris glauca",7,6,1,6,1,0,0,1,0,0,1.12213740458015,517.108144439345,0
2019,46,"2341*A",151,-3684,"Agoseris glauca",11.5,7,4.5,6,1,0,0,1,0,0,0.5,550.523389430671,0
2017,46,"2342*A",190,-3654,"Senecio crassulus",1,NA,NA,2,0,1,1,1,0,0,1.28571428571429,496.255763117583,100.000000000004
2018,46,"2342*A",190,-3654,"Senecio crassulus",0,1,-1,0,0,0,0,0,0,1,1.12213740458015,0,0
2017,46,"2343*A",181,-3665,"Senecio crassulus",6,NA,NA,12,1,0,1,1,0,0,1.28571428571429,647.646854066446,71.1736229381931
2018,46,"2343*A",181,-3665,"Senecio crassulus",0,6,-6,0,0,0,0,0,0,1,1.12213740458015,0,0
2017,46,"2344*A",178,-3655,"Agoseris glauca",3.5,NA,NA,4,0,0,1,1,0,0,1.28571428571429,807.444052531926,0
2018,46,"2344*A",178,-3655,"Agoseris glauca",0,3.5,-3.5,0,0,0,0,0,0,1,1.12213740458015,0,0
2017,46,"2345*A",196,-3643,"Lupinus argenteus",5,NA,NA,5,0,0,1,1,0,0,1.28571428571429,303.163544587952,0
2018,46,"2345*A",196,-3643,"Lupinus argenteus",3,5,-2,4,0,0,0,1,0,0,1.12213740458015,312.900247511289,0
2019,46,"2345*A",196,-3643,"Lupinus argenteus",0,3,-3,0,0,0,0,1,0,0,0.5,0,0
2016,46,"2346*A",153,-3637,"Senecio crassulus",6,NA,NA,8,0,0,1,1,0,0,1.30188679245283,819.52498,83.34139
2017,46,"2346*A",153,-3637,"Senecio crassulus",6,6,0,8,0,0,0,1,0,0,1.28571428571429,698.735437761475,54.5994183543499
2018,46,"2346*A",153,-3637,"Senecio crassulus",0,6,-6,0,0,0,0,0,0,1,1.12213740458015,0,0
2016,46,"2347*A",159,-3635,"Senecio crassulus",10,NA,NA,12,3,0,1,1,0,0,1.30188679245283,968.638536,63.41741
2017,46,"2347*A",159,-3635,"Senecio crassulus",10,10,0,12,3,0,0,1,0,0,1.28571428571429,652.116085884745,43.6873008001121
2018,46,"2347*A",159,-3635,"Senecio crassulus",0,10,-10,0,0,0,0,0,0,1,1.12213740458015,0,0
2017,46,"2348*A",162,-3633,"Heterotheca villosa",1.5,NA,NA,1,0,1,1,1,0,0,1.28571428571429,499.999999999998,118.341007560869
2018,46,"2348*A",162,-3633,"Heterotheca villosa",0,1.5,-1.5,0,0,0,0,0,0,1,1.12213740458015,0,0
2017,46,"2349*A",181,-3600,"Carex siccata",1,NA,NA,1,0,0,1,1,0,0,1.28571428571429,299.999999999992,0
2018,46,"2349*A",181,-3600,"Carex siccata",0,1,-1,0,0,0,0,0,0,1,1.12213740458015,0,0
2014,16,"235*A",40,-1315,"Lupinus argenteus",30,NA,NA,17,6,0,NA,1,0,0,2.52336448598131,8.72799462599538,432.959948531921
2015,16,"235*A",40,-1315,"Lupinus argenteus",24,30,-6,15,6,0,0,1,0,0,3.0530303030303,35.6271918222925,418.7752510743
2016,16,"235*A",40,-1315,"Lupinus argenteus",19,24,-5,14,2,0,0,1,0,0,1.30188679245283,37.4830911128307,287.712977671842
2017,16,"235*A",40,-1315,"Lupinus argenteus",0,19,-19,0,0,0,0,0,0,1,1.28571428571429,0,0
2016,46,"2350*A",116,-3648,"Ivesia gordonii",2,NA,NA,2.5,0,0,1,1,0,0,1.30188679245283,600,0
2017,46,"2350*A",116,-3648,"Ivesia gordonii",2,2,0,2.5,0,0,0,1,0,0,1.28571428571429,540.539973429998,0
2018,46,"2350*A",116,-3648,"Ivesia gordonii",9.5,2,7.5,6.5,0,0,0,1,0,0,1.12213740458015,425.592014904568,0
2019,46,"2350*A",116,-3648,"Ivesia gordonii",17,9.5,7.5,7,0,0,0,1,0,0,0.5,485.34209250808,0
2016,46,"2351*A",112,-3671,"Eriogonum umbellatum",1.5,NA,NA,2.5,0,0,1,1,0,0,1.30188679245283,203.5273476,600
2017,46,"2351*A",112,-3671,"Eriogonum umbellatum",1.5,1.5,0,2.5,0,0,0,1,0,0,1.28571428571429,121.97499172459,605.997892807351
2018,46,"2351*A",112,-3671,"Eriogonum umbellatum",0,1.5,-1.5,0,0,0,0,0,0,1,1.12213740458015,0,0
2016,46,"2352*A",101,-3668,"Senecio crassulus",2.5,NA,NA,3.5,0,0,1,1,0,0,1.30188679245283,700,0
2017,46,"2352*A",101,-3668,"Senecio crassulus",2.5,2.5,0,3.5,0,0,0,1,0,0,1.28571428571429,662.845719375263,0
2018,46,"2352*A",101,-3668,"Senecio crassulus",0,2.5,-2.5,0,0,0,0,0,0,1,1.12213740458015,0,0
2017,46,"2353*A",111,-3672,"Senecio crassulus",1.5,NA,NA,2,0,0,1,1,0,0,1.28571428571429,799.999999999999,0
2018,46,"2353*A",111,-3672,"Senecio crassulus",0,1.5,-1.5,0,0,0,0,0,0,1,1.12213740458015,0,0
2017,46,"2354*A",142,-3752,"Heterotheca villosa",1,NA,NA,1,0,0,1,1,0,0,1.28571428571429,600,0
2018,46,"2354*A",142,-3752,"Heterotheca villosa",0,1,-1,0,0,0,0,0,0,1,1.12213740458015,0,0
2017,47,"2355*A",401,-3777,"Carex siccata",6,NA,NA,5,0,0,1,1,0,0,1.28571428571429,0,0
2018,47,"2355*A",401,-3777,"Carex siccata",21,6,15,11,0,0,0,1,0,0,1.12213740458015,0,0
2019,47,"2355*A",401,-3777,"Carex siccata",23,21,2,14,0,0,0,1,0,0,0.5,0,8.84026534433763
2017,47,"2356*A",400,-3722,"Carex siccata",13,NA,NA,14,0,0,1,1,0,0,1.28571428571429,0,11.2270391676854
2018,47,"2356*A",400,-3722,"Carex siccata",0,13,-13,0,0,0,0,0,0,1,1.12213740458015,0,0
2017,47,"2357*A",400,-3714,"Carex siccata",11,NA,NA,10,0,0,1,1,0,0,1.28571428571429,0,15.6807406556929
2018,47,"2357*A",400,-3714,"Carex siccata",0,11,-11,0,0,0,0,0,0,1,1.12213740458015,0,0
2017,47,"2358*A",472,-3654,"Lupinus argenteus",2,NA,NA,3,0,0,1,1,0,0,1.28571428571429,0,0
2018,47,"2358*A",472,-3654,"Lupinus argenteus",0,2,-2,0,0,0,0,0,0,1,1.12213740458015,0,0
2017,47,"2359*A",526,-3650,"Lupinus argenteus",2,NA,NA,2,0,1,1,1,0,0,1.28571428571429,0,0
2018,47,"2359*A",526,-3650,"Lupinus argenteus",0,2,-2,0,0,0,0,0,0,1,1.12213740458015,0,0
2014,16,"236*A",23,-1305,"Lupinus argenteus",34,NA,NA,18,13,0,NA,1,0,0,2.52336448598131,1.48687079590078,373.322053558187
2015,16,"236*A",23,-1305,"Lupinus argenteus",17,34,-17,15,2,0,0,1,0,0,3.0530303030303,54.12092999564,315.290676989614
2016,16,"236*A",23,-1305,"Lupinus argenteus",22,17,5,18,3,0,0,1,0,0,1.30188679245283,38.7987866742941,226.619615633488
2017,16,"236*A",23,-1305,"Lupinus argenteus",0,22,-22,0,0,0,0,0,0,1,1.28571428571429,0,0
2017,49,"2360*A",1281,-3628,"Lupinus argenteus",1.5,NA,NA,2,0,1,1,1,0,0,1.28571428571429,100.000000000002,0
2018,49,"2360*A",1281,-3628,"Lupinus argenteus",3,1.5,1.5,3,0,0,0,1,0,0,1.12213740458015,99.999999999997,0
2019,49,"2360*A",1281,-3628,"Lupinus argenteus",4.9,3,1.9,4.6,0,0,0,1,0,0,0.5,99.9999999999986,0
2016,49,"2361*A",1389,-3713,"Elymus lanceolatus",2.5,NA,NA,2,0,0,1,1,0,0,1.30188679245283,0,0
2017,49,"2361*A",1389,-3713,"Elymus lanceolatus",2.5,2.5,0,2,0,0,0,1,0,0,1.28571428571429,0,0
2018,49,"2361*A",1389,-3713,"Elymus lanceolatus",0,2.5,-2.5,0,0,0,0,0,0,1,1.12213740458015,0,0
2016,50,"2362*A",1611,-3619,"Phacelia hastata",4,NA,NA,3,0,0,1,1,0,0,1.30188679245283,100,0
2017,50,"2362*A",1611,-3619,"Phacelia hastata",4,4,0,3,0,0,0,1,0,0,1.28571428571429,100,0
2018,50,"2362*A",1611,-3619,"Phacelia hastata",0,4,-4,0,0,0,0,0,0,1,1.12213740458015,0,0
2017,50,"2363*A",1770,-3749,"Senecio crassulus",3,NA,NA,4,0,0,1,1,0,0,1.28571428571429,99.9999999999885,0
2018,50,"2363*A",1770,-3749,"Senecio crassulus",0,3,-3,0,0,0,0,0,0,1,1.12213740458015,0,0
2018,1,"2364*A",179,-150,"Lupinus argenteus",11,NA,NA,4.5,0,0,1,1,0,0,1.12213740458015,8.45332073491422,0
2019,1,"2364*A",179,-150,"Lupinus argenteus",3,11,-8,1.5,0,0,0,1,0,0,0.5,13.5382210995488,0
2014,3,"2365*A",904,-75,"Eriogonum umbellatum",29,NA,NA,6,42,0,NA,1,0,0,2.52336448598131,0.035895514983977,0
2015,3,"2365*A",904,-75,"Eriogonum umbellatum",37,29,8,4,84,0,0,1,0,0,3.0530303030303,0.0269237505537145,0
2016,3,"2365*A",904,-75,"Eriogonum umbellatum",36,37,-1,5,51,0,0,1,0,0,1.30188679245283,0.0526157210651137,0
2017,3,"2365*A",904,-75,"Eriogonum umbellatum",40.5,36,4.5,4,82,0,0,1,0,0,1.28571428571429,0.118769619600481,0
2018,3,"2365*A",904,-75,"Eriogonum umbellatum",43,40.5,2.5,4,51,0,0,1,0,0,1.12213740458015,0.210318844628505,0
2019,3,"2365*A",904,-75,"Eriogonum umbellatum",40,43,-3,4,70,0,0,1,0,0,0.5,0.951197127181778,0
2018,5,"2366*A",1672,-39,"Lupinus argenteus",1.5,NA,NA,2,0,0,1,1,0,0,1.12213740458015,99.9999999999964,0
2019,5,"2366*A",1672,-39,"Lupinus argenteus",0,1.5,-1.5,0,0,0,0,0,0,1,0.5,0,0
2014,5,"2367*A",1769,-88,"Eriogonum umbellatum",41,NA,NA,5,29,0,NA,1,0,0,2.52336448598131,11.6345112769642,118.310763178795
2015,5,"2367*A",1769,-88,"Eriogonum umbellatum",42,41,1,3.5,54,0,0,1,0,0,3.0530303030303,11.6042529923106,131.542076030849
2016,5,"2367*A",1769,-88,"Eriogonum umbellatum",40,42,-2,3.5,40,0,0,1,0,0,1.30188679245283,18.7888251335552,154.697051785169
2017,5,"2367*A",1769,-88,"Eriogonum umbellatum",72,40,32,3.5,143,0,0,1,0,0,1.28571428571429,12.1078592754421,42.8549484745658
2018,5,"2367*A",1769,-88,"Eriogonum umbellatum",71,72,-1,5,73,0,0,1,0,0,1.12213740458015,3.13883176258503,29.6933835223851
2019,5,"2367*A",1769,-88,"Eriogonum umbellatum",67,71,-4,3,100,0,0,1,0,0,0.5,3.40846498241473,35.2486485362701
2018,5,"2368*A",1624,-122,"Lupinus argenteus",7,NA,NA,4.5,0,0,1,1,0,0,1.12213740458015,86.5746318843424,0
2019,5,"2368*A",1624,-122,"Lupinus argenteus",6.5,7,-0.5,5.5,0,0,0,1,0,0,0.5,11.4444938372185,0
2014,16,"237*A",48,-1305,"Lupinus argenteus",14,NA,NA,7,0,0,NA,1,0,0,2.52336448598131,0.428292390994387,393.043560675125
2015,16,"237*A",48,-1305,"Lupinus argenteus",10,14,-4,5,0,0,0,1,0,0,3.0530303030303,23.8102440180704,320.886824775809
2016,16,"237*A",48,-1305,"Lupinus argenteus",4,10,-6,3,0,0,0,1,0,0,1.30188679245283,11.0769969593459,142.730206118754
2017,16,"237*A",48,-1305,"Lupinus argenteus",0,4,-4,0,0,0,0,0,0,1,1.28571428571429,0,0
2018,13,"2370*A",886,-976,"Elymus lanceolatus",3,NA,NA,9.5,0,1,1,1,0,0,1.12213740458015,199.999999999991,0
2019,13,"2370*A",886,-976,"Elymus lanceolatus",0,3,-3,0,0,0,0,0,0,1,0.5,0,0
2014,16,"2371*A",66,-1337,"Elymus lanceolatus",27,NA,NA,18,3,0,NA,1,0,0,2.52336448598131,355.115586615945,0
2015,16,"2371*A",66,-1337,"Elymus lanceolatus",27,27,0,18,3,0,0,1,0,0,3.0530303030303,241.540339511756,0
2016,16,"2371*A",66,-1337,"Elymus lanceolatus",27,27,0,18,3,0,0,1,0,0,1.30188679245283,202.820540716448,0
2017,16,"2371*A",66,-1337,"Elymus lanceolatus",36,27,9,26,9,0,0,1,0,0,1.28571428571429,2.1159774208983,0
2018,16,"2371*A",66,-1337,"Elymus lanceolatus",33,36,-3,30,35,0,0,1,0,0,1.12213740458015,4.96366764862463,0
2019,16,"2371*A",66,-1337,"Elymus lanceolatus",51,33,18,30.5,18,0,0,1,0,0,0.5,26.3513930002998,4.51434763452266
2018,18,"2372*A",858,-1328,"Heterotheca villosa",10.5,NA,NA,5,4,0,1,1,0,0,1.12213740458015,160.651726703506,0
2019,18,"2372*A",858,-1328,"Heterotheca villosa",20.5,10.5,10,8.5,7,0,0,1,0,0,0.5,174.982574585097,0
2018,19,"2373*A",1284,-1260,"Heterotheca villosa",1,NA,NA,2,0,0,1,1,0,0,1.12213740458015,400.000000000064,0
2019,19,"2373*A",1284,-1260,"Heterotheca villosa",4,1,3,3.5,0,0,0,1,0,0,0.5,400,91.31779550026
2018,19,"2374*A",1265,-1366,"Lupinus argenteus",10,NA,NA,8,0,0,1,1,0,0,1.12213740458015,225.78308287176,40.5036984265344
2019,19,"2374*A",1265,-1366,"Lupinus argenteus",9,10,-1,8,0,0,0,1,0,0,0.5,215.421591542105,75.3079859392758
2018,19,"2375*A",1249,-1371,"Lupinus argenteus",7,NA,NA,8,0,0,1,1,0,0,1.12213740458015,253.28436345368,0.457474648787314
2019,19,"2375*A",1249,-1371,"Lupinus argenteus",6.5,7,-0.5,6,0,0,0,1,0,0,0.5,260.415026635271,0
2018,19,"2376*A",1292,-1358,"Lupinus argenteus",6,NA,NA,6,0,0,1,1,0,0,1.12213740458015,200,23.5121468017425
2019,19,"2376*A",1292,-1358,"Lupinus argenteus",6,6,0,5.5,0,0,0,1,0,0,0.5,200,60.1594753206679
2018,19,"2377*A",1283,-1347,"Chaenactis douglasii",0.9,NA,NA,0.5,0,1,1,1,0,0,1.12213740458015,200.000000000036,0
2019,19,"2377*A",1283,-1347,"Chaenactis douglasii",0,0.9,-0.9,0,0,0,0,0,0,1,0.5,0,0
2018,19,"2378*A",1274,-1352,"Ivesia gordonii",1,NA,NA,1,0,1,1,1,0,0,1.12213740458015,200.000000000012,0
2019,19,"2378*A",1274,-1352,"Ivesia gordonii",2,1,1,2,0,0,0,1,0,0,0.5,199.999999999997,0
2018,19,"2379*A",1370,-1280,"Eriogonum umbellatum",2.5,NA,NA,0.5,0,0,1,1,0,0,1.12213740458015,107.381928661066,297.632677566427
2019,19,"2379*A",1370,-1280,"Eriogonum umbellatum",1,2.5,-1.5,0.5,0,0,0,1,0,0,0.5,158.130809959156,299.999999999988
2014,16,"238*A",37,-1292,"Lupinus argenteus",14,NA,NA,13,1,0,NA,1,0,0,2.52336448598131,2.52731325608005,350.646680714579
2015,16,"238*A",37,-1292,"Lupinus argenteus",22.5,14,8.5,13,5,0,0,1,0,0,3.0530303030303,28.9156348466939,211.405628748171
2016,16,"238*A",37,-1292,"Lupinus argenteus",0,22.5,-22.5,0,0,0,0,0,0,1,1.30188679245283,0,0
2018,19,"2380*A",1378,-1365,"Eriogonum umbellatum",1,NA,NA,0.5,0,0,1,1,0,0,1.12213740458015,0,99.9999999999961
2019,19,"2380*A",1378,-1365,"Eriogonum umbellatum",1,1,0,1.5,0,0,0,1,0,0,0.5,99.9999999999961,99.9999999999961
2014,20,"2381*A",1604,-1324,"Elymus lanceolatus",6,NA,NA,20,2,0,NA,1,0,0,2.52336448598131,112.88998,0
2015,20,"2381*A",1604,-1324,"Elymus lanceolatus",8.5,6,2.5,14,3,0,0,1,0,0,3.0530303030303,124.494337,5.102972
2016,20,"2381*A",1604,-1324,"Elymus lanceolatus",35,8.5,26.5,29,18,0,0,1,0,0,1.30188679245283,141.840573540434,0
2017,20,"2381*A",1604,-1324,"Elymus lanceolatus",35,35,0,27,10,0,0,1,0,0,1.28571428571429,143.927598962269,0
2018,20,"2381*A",1604,-1324,"Elymus lanceolatus",37,35,2,27,49,0,0,1,0,0,1.12213740458015,107.615650759891,0
2019,20,"2381*A",1604,-1324,"Elymus lanceolatus",39,37,2,27,9,0,0,1,0,0,0.5,130.771939507139,0
2018,20,"2382*A",1630,-1367,"Chaenactis douglasii",1,NA,NA,1,0,1,1,1,0,0,1.12213740458015,400.00000000006,0
2019,20,"2382*A",1630,-1367,"Chaenactis douglasii",0,1,-1,0,0,0,0,0,0,1,0.5,0,0
2014,21,"2383*A",31,-1664,"Eriogonum umbellatum",63,NA,NA,4,52,0,NA,1,0,0,2.52336448598131,1.838148747,91.647408446
2015,21,"2383*A",31,-1664,"Eriogonum umbellatum",83,63,20,5,72,0,0,1,0,0,3.0530303030303,4.563960573,114.420876918
2016,21,"2383*A",31,-1664,"Eriogonum umbellatum",71,83,-12,5,67,0,0,1,0,0,1.30188679245283,8.44998201925874,142.048174266781
2017,21,"2383*A",31,-1664,"Eriogonum umbellatum",72,71,1,4,41,0,0,1,0,0,1.28571428571429,4.79558426198132,150.497985641466
2018,21,"2383*A",31,-1664,"Eriogonum umbellatum",51,72,-21,2.5,4,0,0,1,0,0,1.12213740458015,0.967657062638931,73.7659079695201
2019,21,"2383*A",31,-1664,"Eriogonum umbellatum",51.5,51,0.5,3,8,0,0,1,0,0,0.5,0.421256428783295,67.7226474631961
2018,22,"2384*A",536,-1762,"Phacelia hastata",5,NA,NA,3,0,0,1,1,0,0,1.12213740458015,200.000000000002,0.196328277573239
2019,22,"2384*A",536,-1762,"Phacelia hastata",0,5,-5,0,0,0,0,0,0,1,0.5,0,0
2018,23,"2385*A",894,-1800,"Heterotheca villosa",6,NA,NA,3,1,0,1,1,0,0,1.12213740458015,99.9999999999995,0
2019,23,"2385*A",894,-1800,"Heterotheca villosa",10,6,4,5.5,3,0,0,1,0,0,0.5,173.113640190491,0
2018,24,"2386*A",1379,-1709,"Elymus lanceolatus",5.5,NA,NA,10,0,0,1,1,0,0,1.12213740458015,140.427150818182,99.9999999999984
2019,24,"2386*A",1379,-1709,"Elymus lanceolatus",8,5.5,2.5,11.5,0,0,0,1,0,0,0.5,100,54.9037159951021
2018,24,"2387*A",1301,-1790.5,"Elymus lanceolatus",7,NA,NA,15,0,0,1,1,0,0,1.12213740458015,100.000000000002,121.153353842328
2019,24,"2387*A",1301,-1790.5,"Elymus lanceolatus",3.5,7,-3.5,18,1,0,0,1,0,0,0.5,99.999999999998,138.310330589864
2018,24,"2388*A",1300,-1795,"Elymus lanceolatus",8,NA,NA,15,1,0,1,1,0,0,1.12213740458015,99.9999999999996,118.844399476112
2019,24,"2388*A",1300,-1795,"Elymus lanceolatus",8,8,0,12,0,0,0,1,0,0,0.5,99.9999999999996,107.332836714466
2018,27,"2389*A",415,-2079,"Ivesia gordonii",2.5,NA,NA,4,0,0,1,1,0,0,1.12213740458015,300,0
2019,27,"2389*A",415,-2079,"Ivesia gordonii",3,2.5,0.5,3,0,0,0,1,0,0,0.5,299.999999999993,0
2014,16,"239*A",24,-1290,"Chaenactis douglasii",1,NA,NA,1,0,1,1,1,0,0,2.52336448598131,496.920057109298,0
2015,16,"239*A",24,-1290,"Chaenactis douglasii",1.5,1,0.5,1,0,0,0,1,0,0,3.0530303030303,370.649468618932,0
2016,16,"239*A",24,-1290,"Chaenactis douglasii",0,1.5,-1.5,0,0,0,0,0,0,1,1.30188679245283,0,0
2018,28,"2390*A",890,-2099,"Elymus lanceolatus",2,NA,NA,2,0,1,1,1,0,0,1.12213740458015,200.00000000002,0
2019,28,"2390*A",890,-2099,"Elymus lanceolatus",1,2,-1,3.5,0,0,0,1,0,0,0.5,385.993386233201,0
2018,28,"2391*A",975,-2066,"Elymus lanceolatus",3,NA,NA,7,0,1,1,1,0,0,1.12213740458015,399.999999999987,0
2019,28,"2391*A",975,-2066,"Elymus lanceolatus",2,3,-1,9.8,0,0,0,1,0,0,0.5,399.999999999976,0
2018,33,"2392*A",868,-2400,"Senecio crassulus",6.5,NA,NA,5,0,0,1,1,0,0,1.12213740458015,326.696859412137,0
2019,33,"2392*A",868,-2400,"Senecio crassulus",0,6.5,-6.5,0,0,0,0,0,0,1,0.5,0,0
2018,33,"2393*A",991,-2515,"Senecio crassulus",2.5,NA,NA,3,0,1,1,1,0,0,1.12213740458015,400.000000000032,0
2019,33,"2393*A",991,-2515,"Senecio crassulus",0,2.5,-2.5,0,0,0,0,0,0,1,0.5,0,0
2018,34,"2394*A",1308,-2549,"Chaenactis douglasii",2,NA,NA,2,0,1,1,1,0,0,1.12213740458015,284.310524281957,0
2019,34,"2394*A",1308,-2549,"Chaenactis douglasii",4,2,2,3.5,0,0,0,1,0,0,0.5,314.471482544898,0
2018,36,"2395*A",108,-2842,"Senecio crassulus",2,NA,NA,3.5,0,1,1,1,0,0,1.12213740458015,399.043142592995,0
2019,36,"2395*A",108,-2842,"Senecio crassulus",0,2,-2,0,0,0,0,0,0,1,0.5,0,0
2014,36,"2396*A",106,-2848,"Poa stenantha",9,NA,NA,9,0,0,NA,1,0,0,2.52336448598131,155.31748,0
2015,36,"2396*A",106,-2848,"Poa stenantha",16,9,7,14,0,0,0,1,0,0,3.0530303030303,203.963292,0
2016,36,"2396*A",106,-2848,"Poa stenantha",23,16,7,16,1,0,0,1,0,0,1.30188679245283,238.622658079,0
2017,36,"2396*A",106,-2848,"Poa stenantha",25,23,2,18,6,0,0,1,0,0,1.28571428571429,218.403170245934,0
2018,36,"2396*A",106,-2848,"Poa stenantha",15,25,-10,18,12,0,0,1,0,0,1.12213740458015,229.391214121308,0
2019,36,"2396*A",106,-2848,"Poa stenantha",29,15,14,21.5,0,0,0,1,0,0,0.5,228.370960929813,0
2018,37,"2397*A",419,-2800,"Lupinus argenteus",9,NA,NA,9,0,0,1,1,0,0,1.12213740458015,0,91.3710514514042
2019,37,"2397*A",419,-2800,"Lupinus argenteus",19.5,9,10.5,10.5,0,0,0,1,0,0,0.5,0.359981092788259,0
2018,37,"2398*A",422,-2801,"Lupinus argenteus",10,NA,NA,7.5,0,0,1,1,0,0,1.12213740458015,0,65.7023438217246
2019,37,"2398*A",422,-2801,"Lupinus argenteus",0,10,-10,0,0,0,0,0,0,1,0.5,0,0
2018,37,"2399*A",468,-2910,"Lupinus argenteus",3,NA,NA,3,0,0,1,1,0,0,1.12213740458015,0,0
2019,37,"2399*A",468,-2910,"Lupinus argenteus",0,3,-3,0,0,0,0,0,0,1,0.5,0,0
2014,5,"24*A",1625,-135,"Lupinus argenteus",23,NA,NA,12,1,0,NA,1,0,0,2.52336448598131,0,80.0529749650551
2015,5,"24*A",1625,-135,"Lupinus argenteus",15,23,-8,14,3,0,0,1,0,0,3.0530303030303,0.892244979589553,90.3208558772228
2016,5,"24*A",1625,-135,"Lupinus argenteus",0,15,-15,0,0,0,0,0,0,1,1.30188679245283,0,0
2014,16,"240*A",5,-1295,"Lupinus argenteus",19,NA,NA,13,0,0,NA,1,0,0,2.52336448598131,0.0364116348808278,348.113866545158
2015,16,"240*A",5,-1295,"Lupinus argenteus",20,19,1,14,3,0,0,1,0,0,3.0530303030303,8.95643844504947,261.706573512711
2016,16,"240*A",5,-1295,"Lupinus argenteus",26,20,6,13,0,0,0,1,0,0,1.30188679245283,15.6224497715819,171.626390953644
2017,16,"240*A",5,-1295,"Lupinus argenteus",0,26,-26,0,0,0,0,0,0,1,1.28571428571429,0,0
2014,41,"2400*A",175,-3224,"Heterotheca villosa",5,NA,NA,5,1,0,NA,1,0,0,2.52336448598131,116.13166,0
2015,41,"2400*A",175,-3224,"Heterotheca villosa",10,5,5,5.5,2,0,0,1,0,0,3.0530303030303,140.9391872,0
2016,41,"2400*A",175,-3224,"Heterotheca villosa",10,10,0,5,1,0,0,1,0,0,1.30188679245283,186.9642372,0
2017,41,"2400*A",175,-3224,"Heterotheca villosa",12,10,2,6,3,0,0,1,0,0,1.28571428571429,144.596085333418,0
2018,41,"2400*A",175,-3224,"Heterotheca villosa",11,12,-1,7,2,0,0,1,0,0,1.12213740458015,105.889157940488,1.73234522303159
2019,41,"2400*A",175,-3224,"Heterotheca villosa",10.5,11,-0.5,8,1,0,0,1,0,0,0.5,164.278405334585,23.1408053233574
2018,46,"2401*A",28,-3697,"Carex siccata",2,NA,NA,3,0,0,1,1,0,0,1.12213740458015,300,0
2019,46,"2401*A",28,-3697,"Carex siccata",11,2,9,9.5,0,0,0,1,0,0,0.5,300,0
2018,46,"2402*A",28,-3668,"Carex siccata",7.5,NA,NA,11,0,0,1,1,0,0,1.12213740458015,300,129.528178029455
2019,46,"2402*A",28,-3668,"Carex siccata",20,7.5,12.5,13,0,0,0,1,0,0,0.5,300,75.7193346467259
2018,46,"2403*A",23,-3758,"Carex siccata",7.5,NA,NA,8.5,0,0,1,1,0,0,1.12213740458015,400,41.2007999697746
2019,46,"2403*A",23,-3758,"Carex siccata",0,7.5,-7.5,0,0,0,0,0,0,1,0.5,0,0
2014,46,"2404*A",191,-3782,"Carex siccata",9,NA,NA,11,1,0,NA,1,0,0,2.52336448598131,549.6914,0
2015,46,"2404*A",191,-3782,"Carex siccata",13,9,4,15,0,0,0,1,0,0,3.0530303030303,616.17515569,0.001689988
2016,46,"2404*A",191,-3782,"Carex siccata",8,13,-5,10,0,0,0,1,0,0,1.30188679245283,670.179679,24.73536
2017,46,"2404*A",191,-3782,"Carex siccata",9,8,1,12,0,0,0,1,0,0,1.28571428571429,431.559393987006,35.3802410730043
2018,46,"2404*A",191,-3782,"Carex siccata",31,9,22,16,0,0,0,1,0,0,1.12213740458015,344.843267193354,78.8301609756899
2019,46,"2404*A",191,-3782,"Carex siccata",23,31,-8,19,0,0,0,1,0,0,0.5,323.019809576313,132.107305513846
2018,46,"2405*A",100,-3632,"Heterotheca villosa",8,NA,NA,3.5,1,0,1,1,0,0,1.12213740458015,418.235735563533,0
2019,46,"2405*A",100,-3632,"Heterotheca villosa",14,8,6,6.5,3,0,0,1,0,0,0.5,496.572883979797,0
2018,46,"2406*A",105,-3629,"Phacelia hastata",1,NA,NA,0.5,0,1,1,1,0,0,1.12213740458015,499.999999999996,0
2019,46,"2406*A",105,-3629,"Phacelia hastata",0,1,-1,0,0,0,0,0,0,1,0.5,0,0
2014,46,"2407*A",130,-3630,"Carex siccata",13,NA,NA,14,0,0,NA,1,0,0,2.52336448598131,500,0
2015,46,"2407*A",130,-3630,"Carex siccata",12,13,-1,6,0,0,0,1,0,0,3.0530303030303,500,0
2016,46,"2407*A",130,-3630,"Carex siccata",16,12,4,11,0,0,0,1,0,0,1.30188679245283,577.0069619,0
2017,46,"2407*A",130,-3630,"Carex siccata",15,16,-1,7,0,0,0,1,0,0,1.28571428571429,582.390657401621,0
2018,46,"2407*A",130,-3630,"Carex siccata",18.5,15,3.5,14,0,0,0,1,0,0,1.12213740458015,400,0
2019,46,"2407*A",130,-3630,"Carex siccata",0,18.5,-18.5,0,0,0,0,0,0,1,0.5,0,0
2014,46,"2408*A",164,-3644,"Carex siccata",10,NA,NA,10,0,0,NA,1,0,0,2.52336448598131,740.5741462,0
2015,46,"2408*A",164,-3644,"Carex siccata",9,10,-1,21,0,0,0,1,0,0,3.0530303030303,667.911131,0
2016,46,"2408*A",164,-3644,"Carex siccata",11,9,2,12,0,0,0,1,0,0,1.30188679245283,986.05416,0
2017,46,"2408*A",164,-3644,"Carex siccata",13,11,2,15,0,0,0,1,0,0,1.28571428571429,711.295408582164,0
2018,46,"2408*A",164,-3644,"Carex siccata",19,13,6,4,0,0,0,1,0,0,1.12213740458015,576.197429102638,0
2019,46,"2408*A",164,-3644,"Carex siccata",8,19,-11,9,0,0,0,1,0,0,0.5,705.933753855759,0
2018,46,"2409*A",157,-3608,"Carex siccata",8,NA,NA,13,0,0,1,1,0,0,1.12213740458015,362.32462547511,0
2019,46,"2409*A",157,-3608,"Carex siccata",0.5,8,-7.5,2,0,0,0,1,0,0,0.5,400.000000000032,0
2014,16,"241*A",5,-1285,"Lupinus argenteus",12,NA,NA,10,0,0,NA,1,0,0,2.52336448598131,0,380.88246502926
2015,16,"241*A",5,-1285,"Lupinus argenteus",10,12,-2,12,1,0,0,1,0,0,3.0530303030303,0,300.211065106689
2016,16,"241*A",5,-1285,"Lupinus argenteus",0,10,-10,0,0,0,0,1,0,0,1.30188679245283,0,0
2017,16,"241*A",5,-1285,"Lupinus argenteus",1.5,0,1.5,1,0,0,0,1,0,0,1.28571428571429,0,0
2018,16,"241*A",5,-1285,"Lupinus argenteus",0,1.5,-1.5,0,0,0,0,0,0,1,1.12213740458015,0,0
2014,46,"2410*A",117,-3653,"Eriogonum umbellatum",35,NA,NA,2,7,0,NA,1,0,0,2.52336448598131,129.637426994,337.764506247
2015,46,"2410*A",117,-3653,"Eriogonum umbellatum",38,35,3,2,5,0,0,1,0,0,3.0530303030303,138.3278484491,341.27497442
2016,46,"2410*A",117,-3653,"Eriogonum umbellatum",34,38,-4,2,7,0,0,1,0,0,1.30188679245283,210.684255362726,371.40080161
2017,46,"2410*A",117,-3653,"Eriogonum umbellatum",34,34,0,2,16,0,0,1,0,0,1.28571428571429,123.705400255177,369.890705652208
2018,46,"2410*A",117,-3653,"Eriogonum umbellatum",35,34,1,3,11,0,0,1,0,0,1.12213740458015,30.1512815432386,345.886390994368
2019,46,"2410*A",117,-3653,"Eriogonum umbellatum",36,35,1,3,1,0,0,1,0,0,0.5,44.3928244648438,362.22009282137
2018,42,"2411*A",535,-3206,"Lupinus argenteus",4,NA,NA,1.5,0,0,1,1,0,0,1.12213740458015,0,0
2019,42,"2411*A",535,-3206,"Lupinus argenteus",0,4,-4,0,0,0,0,0,0,1,0.5,0,0
2018,46,"2412*A",31,-3785,"Arenaria congesta",6,NA,NA,6,9,0,1,1,0,0,1.12213740458015,309.123099039667,0.236379198325417
2019,46,"2412*A",31,-3785,"Arenaria congesta",14,6,8,4,14,0,0,1,0,0,0.5,337.952982648696,29.811898372174
2018,46,"2413*A",37,-3780,"Arenaria congesta",4.5,NA,NA,3.5,1,0,1,1,0,0,1.12213740458015,396.02125315523,0.0621525271779842
2019,46,"2413*A",37,-3780,"Arenaria congesta",10,4.5,5.5,5.5,3,0,0,1,0,0,0.5,414.852640153037,58.4313208094612
2018,46,"2414*A",20,-3769,"Agoseris glauca",4.5,NA,NA,3,1,0,1,1,0,0,1.12213740458015,379.324623148414,0
2019,46,"2414*A",20,-3769,"Agoseris glauca",12,4.5,7.5,6,2,0,0,1,0,0,0.5,357.558356215277,0
2018,46,"2415*A",166,-3795,"Carex siccata",12,NA,NA,7.5,0,0,1,1,0,0,1.12213740458015,451.663316459437,0
2019,46,"2415*A",166,-3795,"Carex siccata",5,12,-7,7.5,0,0,0,1,0,0,0.5,375.503266576577,0
2018,46,"2416*A",176,-3769,"Carex siccata",17,NA,NA,16,0,0,1,1,0,0,1.12213740458015,468.263530947036,51.2397358823011
2019,46,"2416*A",176,-3769,"Carex siccata",20,17,3,18,0,0,0,1,0,0,0.5,336.68455531772,51.6648711219948
2018,46,"2417*A",103,-3774,"Elymus lanceolatus",1.5,NA,NA,3.5,0,0,1,1,0,0,1.12213740458015,626.02670969887,0
2019,46,"2417*A",103,-3774,"Elymus lanceolatus",6,1.5,4.5,7,0,0,0,1,0,0,0.5,600.000000000006,0
2018,46,"2418*A",96,-3748,"Agoseris glauca",5,NA,NA,5,0,0,1,1,0,0,1.12213740458015,599.999999999999,0
2019,46,"2418*A",96,-3748,"Agoseris glauca",0,5,-5,0,0,0,0,0,0,1,0.5,0,0
2018,46,"2419*A",65,-3705,"Carex siccata",8,NA,NA,10,0,0,1,1,0,0,1.12213740458015,514.426434615016,0
2019,46,"2419*A",65,-3705,"Carex siccata",0,8,-8,0,0,0,0,0,0,1,0.5,0,0
2014,16,"242*A",3,-1280,"Lupinus argenteus",29,NA,NA,17,4,0,NA,1,0,0,2.52336448598131,0.158752163706932,270.494444294361
2015,16,"242*A",3,-1280,"Lupinus argenteus",19,29,-10,12,2,0,0,1,0,0,3.0530303030303,0,215.054721867222
2016,16,"242*A",3,-1280,"Lupinus argenteus",0,19,-19,0,0,0,0,0,0,1,1.30188679245283,0,0
2018,46,"2420*A",83,-3695,"Phacelia hastata",2,NA,NA,0.5,0,1,1,1,0,0,1.12213740458015,500,0
2019,46,"2420*A",83,-3695,"Phacelia hastata",4,2,2,2.5,0,0,0,1,0,0,0.5,499.999999999999,0
2018,46,"2421*A",101,-3673,"Carex siccata",3.5,NA,NA,9.5,0,0,1,1,0,0,1.12213740458015,543.683248470652,0
2019,46,"2421*A",101,-3673,"Carex siccata",7,3.5,3.5,6.5,0,0,0,1,0,0,0.5,591.588776558005,0
2018,46,"2422*A",139,-3684,"Senecio crassulus",3.5,NA,NA,1,0,0,1,1,0,0,1.12213740458015,499.999999999997,0
2019,46,"2422*A",139,-3684,"Senecio crassulus",0,3.5,-3.5,0,0,0,0,0,0,1,0.5,0,0
2018,46,"2423*A",163,-3671,"Senecio crassulus",2,NA,NA,2.5,0,1,1,1,0,0,1.12213740458015,557.279696225748,0
2019,46,"2423*A",163,-3671,"Senecio crassulus",3.5,2,1.5,7,0,0,0,1,0,0,0.5,742.434070009345,0
2018,46,"2425*A",200,-3673,"Agoseris glauca",1.5,NA,NA,4,0,1,1,1,0,0,1.12213740458015,400.000000000012,0
2019,46,"2425*A",200,-3673,"Agoseris glauca",3,1.5,1.5,4.5,0,0,0,1,0,0,0.5,500.000000000015,0
2018,46,"2426*A",178,-3719,"Arenaria congesta",1.5,NA,NA,1.5,0,0,1,1,0,0,1.12213740458015,300.36512943944,0
2019,46,"2426*A",178,-3719,"Arenaria congesta",1,1.5,-0.5,2,0,0,0,1,0,0,0.5,300.987788481933,0
2018,46,"2427*A",179,-3718,"Carex siccata",1,NA,NA,2.5,0,0,1,1,0,0,1.12213740458015,302.034586199391,0
2019,46,"2427*A",179,-3718,"Carex siccata",1.5,1,0.5,2,0,0,0,1,0,0,0.5,299.999999999986,99.9999999999954
2018,46,"2428*A",181,-3715,"Carex siccata",2,NA,NA,2.5,0,0,1,1,0,0,1.12213740458015,300.000000000006,0
2019,46,"2428*A",181,-3715,"Carex siccata",10,2,8,5,0,0,0,1,0,0,0.5,383.528543824504,2.24999999999971
2018,46,"2429*A",185,-3730,"Carex siccata",16,NA,NA,16,0,0,1,1,0,0,1.12213740458015,300,0
2019,46,"2429*A",185,-3730,"Carex siccata",18.5,16,2.5,15.5,0,0,0,1,0,0,0.5,300,0
2018,46,"2430*A",134,-3771,"Elymus lanceolatus",4.5,NA,NA,9.5,0,0,1,1,0,0,1.12213740458015,799.690513042624,0
2019,46,"2430*A",134,-3771,"Elymus lanceolatus",8.5,4.5,4,13.5,0,0,0,1,0,0,0.5,902.945694833979,0
2018,46,"2431*A",130,-3767,"Ivesia gordonii",7,NA,NA,4.5,0,0,1,1,0,0,1.12213740458015,564.809297661997,183.099159822011
2019,46,"2431*A",130,-3767,"Ivesia gordonii",11,7,4,6,0,0,0,1,0,0,0.5,625.67983434721,188.265847483746
2018,46,"2432*A",130,-3762,"Agoseris glauca",5.5,NA,NA,5,1,0,1,1,0,0,1.12213740458015,900,0
2019,46,"2432*A",130,-3762,"Agoseris glauca",11,5.5,5.5,8,1,0,0,1,0,0,0.5,904.630062249905,0
2016,28,"2433*A",978,-2032,"Ivesia gordonii",0.2,NA,NA,0.2,0,1,1,1,0,0,1.30188679245283,300.00000000008,100.00000000004
2017,28,"2433*A",978,-2032,"Ivesia gordonii",0.7,0.2,0.5,0.3,0,0,0,1,0,0,1.28571428571429,259.525825786544,0
2018,28,"2433*A",978,-2032,"Ivesia gordonii",1,0.7,0.3,1,0,0,0,1,0,0,1.12213740458015,205.065042482515,0
2019,28,"2433*A",978,-2032,"Ivesia gordonii",2,1,1,1.5,0,0,0,1,0,0,0.5,322.422405309503,0
2019,6,"2434*A",110,-563,"Ivesia gordonii",0.5,NA,NA,0.5,0,1,1,1,0,0,0.5,100.000000000002,100.000000000002
2019,8,"2436*A",960,-409,"Heterotheca villosa",0.7,NA,NA,0.5,0,1,1,1,0,0,0.5,0,0
2019,8,"2437*A",955,-415,"Heterotheca villosa",0.9,NA,NA,0.5,0,1,1,1,0,0,0.5,0,0
2019,8,"2438*A",951,-411,"Heterotheca villosa",1,NA,NA,0.3,0,1,1,1,0,0,0.5,0,0
2019,8,"2439*A",964,-434,"Heterotheca villosa",1.5,NA,NA,1,0,1,1,1,0,0,0.5,100.000000000002,0
2014,16,"243A*A",22,-1280,"Lupinus argenteus",34,NA,NA,16,11,0,NA,1,0,0,2.52336448598131,1.51056513744754,235.583999707396
2015,16,"243A*A",22,-1280,"Lupinus argenteus",29,34,-5,11,9,0,0,1,0,0,3.0530303030303,12.7791228768778,160.984751839701
2016,16,"243A*A",22,-1280,"Lupinus argenteus",31,29,2,14,6,0,0,1,0,0,1.30188679245283,13.2667965938089,82.6606377781364
2017,16,"243A*A",22,-1280,"Lupinus argenteus",0,31,-31,0,0,0,0,0,0,1,1.28571428571429,0,0
2014,16,"244*A",35,-1265,"Lupinus argenteus",20,NA,NA,13,2,0,NA,1,0,0,2.52336448598131,0,156.692196757381
2015,16,"244*A",35,-1265,"Lupinus argenteus",8,20,-12,5,0,0,0,1,0,0,3.0530303030303,0,114.727085648266
2016,16,"244*A",35,-1265,"Lupinus argenteus",0,8,-8,0,0,0,0,0,0,1,1.30188679245283,0,0
2019,8,"2440*A",961,-432,"Heterotheca villosa",0.5,NA,NA,0.5,0,1,1,1,0,0,0.5,99.9999999999885,0
2019,8,"2441*A",959,-431,"Heterotheca villosa",0.5,NA,NA,0.5,0,1,1,1,0,0,0.5,99.9999999999982,10.1933590761128
2019,8,"2442*A",958,-429,"Heterotheca villosa",1.5,NA,NA,0.5,0,1,1,1,0,0,0.5,100.000000000015,1.13259545290219
2019,11,"2443*A",78,-976,"Phacelia hastata",0.9,NA,NA,1,0,1,1,1,0,0,0.5,99.9999999999999,0
2014,14,"2444*A",1354,-904,"Elymus lanceolatus",6,NA,NA,20,0,0,NA,1,0,0,2.52336448598131,172.806698761923,0
2015,14,"2444*A",1354,-904,"Elymus lanceolatus",16,6,10,13,0,0,0,1,0,0,3.0530303030303,149.238224080215,35.5375958830831
2016,14,"2444*A",1354,-904,"Elymus lanceolatus",9,16,-7,15.5,1,0,0,1,0,0,1.30188679245283,104.484223178291,12.9900617756429
2017,14,"2444*A",1354,-904,"Elymus lanceolatus",15,9,6,16,0,0,0,1,0,0,1.28571428571429,107.397147135809,27.7755708164449
2018,14,"2444*A",1354,-904,"Elymus lanceolatus",20,15,5,16.5,1,0,0,1,0,0,1.12213740458015,99.9999999999991,28.3719595230014
2019,14,"2444*A",1354,-904,"Elymus lanceolatus",8,20,-12,15.5,0,0,0,1,0,0,0.5,100,33.5857807930562
2019,19,"2445*A",1305,-1319,"Ivesia gordonii",0.5,NA,NA,1,0,1,1,1,0,0,0.5,399.999999999959,0
2019,20,"2446*A",1612,-1342,"Penstemon whippleanus",5,NA,NA,6,0,0,1,1,0,0,0.5,164.196967324987,0
2019,20,"2447*A",1603,-1385,"Arenaria congesta",1.5,NA,NA,1.5,0,0,1,1,0,0,0.5,313.684009735443,0
2018,20,"2448*A",1619,-1375,"Ivesia gordonii",9,NA,NA,5,0,0,1,1,0,0,1.12213740458015,256.51936533121,0
2019,20,"2448*A",1619,-1375,"Ivesia gordonii",8,9,-1,4.5,0,0,0,1,0,0,0.5,411.958838789653,0
2019,20,"2449*A",1648,-1356,"Arenaria congesta",2,NA,NA,3.5,0,0,1,1,0,0,0.5,200.00000000002,0
2014,16,"245*A",74,-1310,"Lupinus argenteus",15,NA,NA,30,4,0,NA,1,0,0,2.52336448598131,1.63552755281074,146.379454861858
2015,16,"245*A",74,-1310,"Lupinus argenteus",24,15,9,12,2,0,0,1,0,0,3.0530303030303,10.437278220427,95.0777463807158
2016,16,"245*A",74,-1310,"Lupinus argenteus",7,24,-17,11,0,0,0,1,0,0,1.30188679245283,0,99.4954764517967
2017,16,"245*A",74,-1310,"Lupinus argenteus",0,7,-7,0,0,0,0,0,0,1,1.28571428571429,0,0
2019,20,"2450*A",1656,-1352,"Ivesia gordonii",1,NA,NA,1,0,1,1,1,0,0,0.5,200.00000000003,0
2019,20,"2451*A",1765,-1230,"Elymus lanceolatus",11,NA,NA,7,0,0,1,1,0,0,0.5,99.9999999999992,99.9999999999992
2019,20,"2452*A",1710,-1297,"Elymus lanceolatus",1.5,NA,NA,7,0,0,1,1,0,0,0.5,199.999999999997,0
2019,46,"2453*A",44,-3782,"Arenaria congesta",0.5,NA,NA,0.5,0,1,1,1,0,0,0.5,500.00000000001,0
2019,46,"2454*A",44,-3784.5,"Eriogonum umbellatum",0.2,NA,NA,0.3,0,1,1,1,0,0,0.5,0,499.999999999999
2019,46,"2455*A",3,-3796,"Carex siccata",12,NA,NA,13,0,0,1,1,0,0,0.5,200,0
2019,46,"2456*A",80,-3780,"Eriogonum umbellatum",0.9,NA,NA,1,0,1,1,1,0,0,0.5,20.7828586747754,499.999999999999
2019,46,"2457*A",89,-3772,"Ivesia gordonii",0.5,NA,NA,0.5,0,1,1,1,0,0,0.5,500,100
2019,46,"2458*A",132,-3781,"Ivesia gordonii",0.5,NA,NA,0.5,0,1,1,1,0,0,0.5,600.000000000006,200.000000000002
2019,46,"2459*A",122,-3772,"Senecio crassulus",1,NA,NA,2,0,1,1,1,0,0,0.5,899.999999999977,0
2014,16,"246*A",65,-1326,"Lupinus argenteus",29,NA,NA,18,4,0,NA,1,0,0,2.52336448598131,25.8290839927707,309.513183894095
2015,16,"246*A",65,-1326,"Lupinus argenteus",25,29,-4,14,2,0,0,1,0,0,3.0530303030303,34.411511259371,220.177335142574
2016,16,"246*A",65,-1326,"Lupinus argenteus",25,25,0,13,0,0,0,1,0,0,1.30188679245283,34.515295409878,128.600762109104
2017,16,"246*A",65,-1326,"Lupinus argenteus",0,25,-25,0,0,0,0,0,0,1,1.28571428571429,0,0
2019,46,"2460*A",119,-3758,"Phacelia hastata",0.6,NA,NA,0.5,0,1,1,1,0,0,0.5,799.999999999994,0
2019,46,"2461*A",127,-3761,"Phacelia hastata",0.7,NA,NA,0.5,0,1,1,1,0,0,0.5,985.855962092495,0
2019,46,"2462*A",127.5,-3760.5,"Eriogonum umbellatum",0.3,NA,NA,0.3,0,1,1,1,0,0,0.5,500.00745764295,499.999999999991
2019,46,"2463*A",187,-3700,"Carex siccata",2.5,NA,NA,5,0,0,1,1,0,0,0.5,556.736704214158,0
2019,46,"2464*A",178,-3685,"Eriogonum umbellatum",0.9,NA,NA,0.5,0,1,1,1,0,0,0.5,266.078244992266,500
2019,46,"2465*A",176,-3675,"Eriogonum umbellatum",1,NA,NA,0.8,0,1,1,1,0,0,0.5,192.737059889089,499.999999999999
2019,46,"2466*A",183,-3679,"Eriogonum umbellatum",0.8,NA,NA,1,0,1,1,1,0,0,0.5,200.000000000002,451.680577534709
2019,46,"2467*A",186,-3667,"Agoseris glauca",1.1,NA,NA,2,0,1,1,1,0,0,0.5,521.545416666317,0
2019,46,"2468*A",159,-3679,"Senecio crassulus",0.6,NA,NA,0.5,0,1,1,1,0,0,0.5,800.000000000064,0
2019,46,"2469*A",167,-3689,"Senecio crassulus",2,NA,NA,4,0,0,1,1,0,0,0.5,599.999999999989,0
2014,16,"247*A",85,-1340,"Lupinus argenteus",25,NA,NA,18,6,0,NA,1,0,0,2.52336448598131,23.8782602284007,208.603452894339
2015,16,"247*A",85,-1340,"Lupinus argenteus",0,25,-25,0,0,0,0,1,0,0,3.0530303030303,0,0
2016,16,"247*A",85,-1340,"Lupinus argenteus",5,0,5,9,0,0,0,1,0,0,1.30188679245283,2.13580050229517,156.928970534922
2017,16,"247*A",85,-1340,"Lupinus argenteus",0,5,-5,0,0,0,0,0,0,1,1.28571428571429,0,0
2019,46,"2470*A",116,-3692,"Carex siccata",8,NA,NA,10,0,0,1,1,0,0,0.5,645.534427926251,0
2018,46,"2471*A",73,-3704,"Elymus lanceolatus",13,NA,NA,19.5,2,0,1,1,0,0,1.12213740458015,506.939562736926,0
2019,46,"2471*A",73,-3704,"Elymus lanceolatus",13,13,0,19.5,2,0,0,1,0,0,0.5,499.999999999999,0
2019,46,"2472*A",81,-3722,"Arenaria congesta",0.3,NA,NA,1,0,1,1,1,0,0,0.5,400.035818016999,0
2019,46,"2473*A",94,-3714,"Senecio crassulus",0.3,NA,NA,0.5,0,1,1,1,0,0,0.5,499.999999999987,0
2019,46,"2474*A",97,-3705,"Carex siccata",1,NA,NA,5,0,1,1,1,0,0,0.5,500.000000000005,0
2019,46,"2475*A",92,-3733,"Agoseris glauca",1,NA,NA,2.5,0,1,1,1,0,0,0.5,500,0
2019,46,"2476*A",82,-3732,"Carex siccata",4.5,NA,NA,9.5,0,0,1,1,0,0,0.5,458.091153959778,100
2019,46,"2477*A",85,-3735,"Carex siccata",0.3,NA,NA,2,0,0,1,1,0,0,0.5,499.999999999973,99.9999999999946
2019,46,"2478*A",99,-3778.5,"Viola praemorsa",1,NA,NA,1,0,1,1,1,0,0,0.5,417.466016392959,100
2019,46,"2479*A",198,-3640,"Agoseris glauca",0.5,NA,NA,1.5,0,1,1,1,0,0,0.5,300.000000000033,0
2014,16,"248*A",80,-1355,"Lupinus argenteus",22,NA,NA,15,5,0,NA,1,0,0,2.52336448598131,17.9745633703411,257.285126903735
2015,16,"248*A",80,-1355,"Lupinus argenteus",13,22,-9,13,0,0,0,1,0,0,3.0530303030303,10.3130697195603,43.2358958167318
2016,16,"248*A",80,-1355,"Lupinus argenteus",23,13,10,11,2,0,0,1,0,0,1.30188679245283,18.2454698724155,63.1090678114722
2017,16,"248*A",80,-1355,"Lupinus argenteus",0,23,-23,0,0,0,0,0,0,1,1.28571428571429,0,0
2019,46,"2480*A",184,-3628,"Agoseris glauca",0.6,NA,NA,2,0,1,1,1,0,0,0.5,499.999999999968,0
2019,46,"2481*A",120,-3720,"Agoseris glauca",2,NA,NA,4,0,1,1,1,0,0,0.5,600.000000000006,0
2019,21,"2482*A",26.5,-1686,"Heterotheca villosa",0.7,NA,NA,1,0,1,1,1,0,0,0.5,300,0
2019,22,"2483*A",549,-1759,"Elymus lanceolatus",7,NA,NA,9.5,0,0,1,1,0,0,0.5,200.000000000002,1.72202871512948
2019,22,"2484*A",567,-1745,"Heterotheca villosa",0.7,NA,NA,1,0,1,1,1,0,0,0.5,100.000000000002,0
2019,24,"2485*A",1380,-1704,"Chaenactis douglasii",0.4,NA,NA,0.5,0,1,1,1,0,0,0.5,100.000000000059,0
2019,24,"2486*A",1261.5,-1603,"Chaenactis douglasii",0.6,NA,NA,1,0,1,1,1,0,0,0.5,343.406771657628,0
2019,24,"2487*A",1322,-1786,"Chaenactis douglasii",0.9,NA,NA,1.5,0,1,1,1,0,0,0.5,200.000000000012,0
2019,24,"2488*A",1325,-1793,"Heterotheca villosa",1,NA,NA,0.5,0,1,1,1,0,0,0.5,199.999999999979,0
2019,27,"2489*A",595,-2130,"Chaenactis douglasii",0.5,NA,NA,0.8,0,1,1,1,0,0,0.5,300.000000000048,0
2014,16,"249*A",83,-1365,"Lupinus argenteus",16,NA,NA,10,0,0,NA,1,0,0,2.52336448598131,0,245.512165157726
2015,16,"249*A",83,-1365,"Lupinus argenteus",7,16,-9,3,0,0,0,1,0,0,3.0530303030303,0,67.7838164694044
2016,16,"249*A",83,-1365,"Lupinus argenteus",0,7,-7,0,0,0,0,0,0,1,1.30188679245283,0,0
2019,28,"2490*A",839,-2175,"Arnica latifolia",0.7,NA,NA,0.5,0,1,1,1,0,0,0.5,214.590863003667,0
2019,28,"2491*A",838,-2168.5,"Elymus lanceolatus",5.5,NA,NA,13,0,0,1,1,0,0,0.5,100.000000000002,101.200815176323
2019,28,"2492*A",845,-2173,"Elymus lanceolatus",11,NA,NA,10,0,0,1,1,0,0,0.5,100.097632782043,94.5121643007242
2019,28,"2493*A",953,-2051,"Heterotheca villosa",0.8,NA,NA,1.5,0,1,1,1,0,0,0.5,400.000000000032,30.3879885637851
2019,28,"2494*A",952,-2050,"Heterotheca villosa",1,NA,NA,1.5,0,1,1,1,0,0,0.5,400.00000000002,19.4483126808251
2019,33,"2495*A",945,-2554,"Elymus lanceolatus",7.5,NA,NA,18,0,0,1,1,0,0,0.5,500.000000000005,63.5220466738762
2019,33,"2496*A",850,-2587,"Ivesia gordonii",0.9,NA,NA,0.8,0,1,1,1,0,0,0.5,299.999999999995,0
2019,33,"2497*A",803,-2560,"Heterotheca villosa",1,NA,NA,1.1,0,1,1,1,0,0,0.5,300.000000000018,0
2019,33,"2498*A",945,-2411,"Eriogonum umbellatum",0.4,NA,NA,1,0,1,1,1,0,0,0.5,0,99.9999999999842
2019,33,"2499*A",933,-2406,"Ivesia gordonii",0.8,NA,NA,0.9,0,1,1,1,0,0,0.5,199.999999999967,199.999999999967
2014,5,"25*A",1622,-130,"Lupinus argenteus",12,NA,NA,9,0,0,NA,1,0,0,2.52336448598131,0,106.806617447705
2015,5,"25*A",1622,-130,"Lupinus argenteus",6,12,-6,2,0,0,0,1,0,0,3.0530303030303,0,105.000054362662
2016,5,"25*A",1622,-130,"Lupinus argenteus",20,6,14,8.1,0,0,0,1,0,0,1.30188679245283,1.70197754098831,0.0126164691701682
2017,5,"25*A",1622,-130,"Lupinus argenteus",8.5,20,-11.5,5.5,0,0,0,1,0,0,1.28571428571429,69.0925206838227,0
2018,5,"25*A",1622,-130,"Lupinus argenteus",0,8.5,-8.5,0,0,0,0,0,0,1,1.12213740458015,0,0
2014,16,"250*A",95,-1370,"Lupinus argenteus",20,NA,NA,13,1,0,NA,1,0,0,2.52336448598131,0,177.566652995271
2015,16,"250*A",95,-1370,"Lupinus argenteus",0,20,-20,0,0,0,0,0,0,1,3.0530303030303,0,0
2019,33,"2500*A",937,-2409.5,"Ivesia gordonii",0.3,NA,NA,0.3,0,1,1,1,0,0,0.5,199.999999999995,199.999999999995
2019,33,"2501*A",934,-2417,"Ivesia gordonii",0.4,NA,NA,0.5,0,1,1,1,0,0,0.5,200.000000000026,200.000000000026
2019,33,"2502*A",927,-2410,"Ivesia gordonii",0.7,NA,NA,0.5,0,1,1,1,0,0,0.5,200.00000000003,200.00000000003
2019,33,"2503*A",929,-2408,"Ivesia gordonii",0.6,NA,NA,0.7,0,1,1,1,0,0,0.5,199.999999999996,199.999999999996
2018,33,"2504*A",970,-2516,"Eriogonum umbellatum",3,NA,NA,1.5,0,0,1,1,0,0,1.12213740458015,34.7150727179183,325.563302286679
2019,33,"2504*A",970,-2516,"Eriogonum umbellatum",3,3,0,1.5,0,0,0,1,0,0,0.5,136.749922444976,308.195615245394
2019,33,"2505*A",828,-2549,"Agoseris glauca",0.5,NA,NA,1.4,0,1,1,1,0,0,0.5,326.804348442536,0
2019,33,"2506*A",810,-2493,"Senecio crassulus",0.6,NA,NA,2.5,0,1,1,1,0,0,0.5,500.000000000045,0
2019,32,"2507*A",534,-2491,"Lupinus argenteus",4.9,NA,NA,3.5,0,0,1,1,0,0,0.5,100,0
2019,31,"2508*A",137,-2574,"Elymus lanceolatus",12,NA,NA,10,0,0,1,1,0,0,0.5,99.9999999999998,99.9999999999998
2019,36,"2509*A",114,-2852,"Arnica latifolia",5,NA,NA,14.5,4,0,1,1,0,0,0.5,300,0
2014,16,"251*A",107,-1365,"Lupinus argenteus",7,NA,NA,3,0,0,NA,1,0,0,2.52336448598131,0,255.326504841374
2015,16,"251*A",107,-1365,"Lupinus argenteus",0,7,-7,0,0,0,0,0,0,1,3.0530303030303,0,0
2019,37,"2510*A",407,-2804,"Ivesia gordonii",0.7,NA,NA,0.6,0,1,1,1,0,0,0.5,100,0
2019,47,"2511*A",405,-3798,"Carex siccata",16.5,NA,NA,13.5,0,0,1,1,0,0,0.5,0,7.19825514303871
2019,47,"2512*A",403,-3790,"Carex siccata",1.5,NA,NA,2.5,0,0,1,1,0,0,0.5,0,0
2019,47,"2513*A",412,-3787,"Carex siccata",17,NA,NA,11,0,0,1,1,0,0,0.5,0,55.4201710206646
2019,47,"2514*A",417,-3789.5,"Carex siccata",14.5,NA,NA,13,0,0,1,1,0,0,0.5,0,69.0664666259687
2019,47,"2515*A",418,-3799,"Carex siccata",13.5,NA,NA,14.5,0,0,1,1,0,0,0.5,0,20.9177257907653
2019,42,"2516*A",407,-3220,"Phacelia hastata",1.2,NA,NA,0.9,0,1,1,1,0,0,0.5,0,0
2018,37,"2517*A",481,-2928.5,"Lupinus argenteus",3.5,NA,NA,3.5,0,0,1,1,0,0,1.12213740458015,71.8082734483474,0
2019,37,"2517*A",481,-2928.5,"Lupinus argenteus",3.5,3.5,0,3.5,0,0,0,1,0,0,0.5,61.1156101441971,0
2019,37,"2518*A",504,-2893,"Ivesia gordonii",0.8,NA,NA,0.6,0,0,1,1,0,0,0.5,199.999999999982,299.999999999973
2019,1,"2519*A",185,-110,"Lupinus argenteus",2,NA,NA,1,0,0,1,1,0,0,0.5,0,0
2014,16,"252*A",115,-1345,"Lupinus argenteus",30,NA,NA,17,4,0,NA,1,0,0,2.52336448598131,2.51144103314399,278.371852626761
2015,16,"252*A",115,-1345,"Lupinus argenteus",10,30,-20,7,1,0,0,1,0,0,3.0530303030303,4.08759466543384,161.996676900327
2016,16,"252*A",115,-1345,"Lupinus argenteus",0,10,-10,0,0,0,0,0,0,1,1.30188679245283,0,0
2014,8,"2520*A",912,-438,"Eriogonum umbellatum",4,NA,NA,1,0,0,NA,1,0,0,2.52336448598131,206.643625849011,0
2015,8,"2520*A",912,-438,"Eriogonum umbellatum",5.5,4,1.5,2.5,0,0,0,1,0,0,3.0530303030303,109.593226145041,0
2016,8,"2520*A",912,-438,"Eriogonum umbellatum",9,5.5,3.5,2.5,0,0,0,1,0,0,1.30188679245283,8.66969408875374,0
2017,8,"2520*A",912,-438,"Eriogonum umbellatum",14,9,5,4,9,0,0,1,0,0,1.28571428571429,0.0694564004789689,0
2018,8,"2520*A",912,-438,"Eriogonum umbellatum",16,14,2,3,3,0,0,1,0,0,1.12213740458015,0,0
2019,8,"2520*A",912,-438,"Eriogonum umbellatum",19,16,3,3.5,19,0,0,1,0,0,0.5,0.101027529548955,0
2019,46,"2521*A",157,-3695,"Eriogonum umbellatum",1,NA,NA,0.5,0,0,1,1,0,0,0.5,0,500.000000000005
2014,16,"253*A",122,-1350,"Lupinus argenteus",22,NA,NA,18,4,0,NA,1,0,0,2.52336448598131,4.67003497898675,391.390709309038
2015,16,"253*A",122,-1350,"Lupinus argenteus",25,22,3,12,6,0,0,1,0,0,3.0530303030303,10.7186352057729,185.868132080395
2016,16,"253*A",122,-1350,"Lupinus argenteus",13,25,-12,8,0,0,0,1,0,0,1.30188679245283,88.069995232018,27.4636405648179
2017,16,"253*A",122,-1350,"Lupinus argenteus",0,13,-13,0,0,0,0,0,0,1,1.28571428571429,0,0
2014,16,"254*A",135,-1350,"Lupinus argenteus",18,NA,NA,15,1,0,NA,1,0,0,2.52336448598131,6.97622509206667,535.167315011874
2015,16,"254*A",135,-1350,"Lupinus argenteus",15,18,-3,10,1,0,0,1,0,0,3.0530303030303,26.2714710069744,381.993407298062
2016,16,"254*A",135,-1350,"Lupinus argenteus",4,15,-11,2,0,0,0,1,0,0,1.30188679245283,139.467979552067,93.2948446741461
2017,16,"254*A",135,-1350,"Lupinus argenteus",0,4,-4,0,0,0,0,0,0,1,1.28571428571429,0,0
2014,16,"255*A",123,-1335,"Lupinus argenteus",13,NA,NA,7,0,0,NA,1,0,0,2.52336448598131,0,233.731724657366
2015,16,"255*A",123,-1335,"Lupinus argenteus",11,13,-2,7,0,0,0,1,0,0,3.0530303030303,0,158.58634215845
2016,16,"255*A",123,-1335,"Lupinus argenteus",0,11,-11,0,0,0,0,0,0,1,1.30188679245283,0,0
2014,16,"256*A",131,-1360,"Lupinus argenteus",14,NA,NA,13,0,0,NA,1,0,0,2.52336448598131,11.5321271930081,621.295866739722
2015,16,"256*A",131,-1360,"Lupinus argenteus",16,14,2,15,4,0,0,1,0,0,3.0530303030303,25.7376960850344,322.527216687696
2016,16,"256*A",131,-1360,"Lupinus argenteus",9,16,-7,10,0,0,0,1,0,0,1.30188679245283,94.6250454797902,98.8328897691705
2017,16,"256*A",131,-1360,"Lupinus argenteus",0,9,-9,0,0,0,0,0,0,1,1.28571428571429,0,0
2014,16,"257*A",135,-1350,"Lupinus argenteus",13,NA,NA,10,1,0,NA,1,0,0,2.52336448598131,12.2873106646547,653.048840529779
2015,16,"257*A",135,-1350,"Lupinus argenteus",13,13,0,8,0,0,0,1,0,0,3.0530303030303,28.0707870844828,410.484135174586
2016,16,"257*A",135,-1350,"Lupinus argenteus",2,13,-11,1,0,0,0,1,0,0,1.30188679245283,187.303856346014,153.336605204127
2017,16,"257*A",135,-1350,"Lupinus argenteus",0,2,-2,0,0,0,0,0,0,1,1.28571428571429,0,0
2014,16,"258*A",133,-1364,"Lupinus argenteus",16,NA,NA,12,4,0,NA,1,0,0,2.52336448598131,8.82928488214684,531.67470008313
2015,16,"258*A",133,-1364,"Lupinus argenteus",10,16,-6,8,0,0,0,1,0,0,3.0530303030303,20.4231521235646,396.999238271249
2016,16,"258*A",133,-1364,"Lupinus argenteus",7,10,-3,7,0,0,0,1,0,0,1.30188679245283,46.1407055940236,99.9463728878711
2017,16,"258*A",133,-1364,"Lupinus argenteus",0,7,-7,0,0,0,0,0,0,1,1.28571428571429,0,0
2014,16,"259*A",148,-1360,"Lupinus argenteus",17,NA,NA,12,0,0,NA,1,0,0,2.52336448598131,0.0594796698322553,456.423354353466
2015,16,"259*A",148,-1360,"Lupinus argenteus",12,17,-5,11,1,0,0,1,0,0,3.0530303030303,0,363.297175536688
2016,16,"259*A",148,-1360,"Lupinus argenteus",0,12,-12,0,0,0,0,0,0,1,1.30188679245283,0,0
2014,5,"26*A",1713,-152,"Eriogonum umbellatum",30,NA,NA,3,19,0,NA,1,0,0,2.52336448598131,3.93403641593276,70.9191934265499
2015,5,"26*A",1713,-152,"Eriogonum umbellatum",35,30,5,3,34,0,0,1,0,0,3.0530303030303,12.2544799963598,85.4569612645427
2016,5,"26*A",1713,-152,"Eriogonum umbellatum",35,35,0,4,30,0,0,1,0,0,1.30188679245283,14.4614924083482,90.3256715070466
2017,5,"26*A",1713,-152,"Eriogonum umbellatum",34,35,-1,3,40,0,0,1,0,0,1.28571428571429,9.01934213887887,99.8076000664717
2018,5,"26*A",1713,-152,"Eriogonum umbellatum",27,34,-7,3,11,0,0,1,0,0,1.12213740458015,0.18680151599811,99.9999999999998
2019,5,"26*A",1713,-152,"Eriogonum umbellatum",29,27,2,2,20,0,0,1,0,0,0.5,0.207005247864361,99.4733177260946
2014,16,"260*A",147,-1368,"Lupinus argenteus",26,NA,NA,16,7,0,NA,1,0,0,2.52336448598131,2.60198568161224,299.221157278573
2015,16,"260*A",147,-1368,"Lupinus argenteus",17,26,-9,15,2,0,0,1,0,0,3.0530303030303,0.336470698508192,222.084006757958
2016,16,"260*A",147,-1368,"Lupinus argenteus",8,17,-9,6,0,0,0,1,0,0,1.30188679245283,0,0.671463482369094
2017,16,"260*A",147,-1368,"Lupinus argenteus",0,8,-8,0,0,0,0,0,0,1,1.28571428571429,0,0
2014,16,"261*A",162,-1360,"Lupinus argenteus",27,NA,NA,11,0,0,NA,1,0,0,2.52336448598131,0,225.243848848189
2015,16,"261*A",162,-1360,"Lupinus argenteus",14,27,-13,10,0,0,0,1,0,0,3.0530303030303,0,97.9043153298362
2016,16,"261*A",162,-1360,"Lupinus argenteus",0,14,-14,0,0,0,0,0,0,1,1.30188679245283,0,0
2014,16,"262*A",195,-1340,"Lupinus argenteus",28,NA,NA,20,4,0,NA,1,0,0,2.52336448598131,0,100.683422798428
2015,16,"262*A",195,-1340,"Lupinus argenteus",0,28,-28,0,0,0,0,0,0,1,3.0530303030303,0,0
2014,16,"263*A",175,-1315,"Lupinus argenteus",37,NA,NA,16,9,0,NA,1,0,0,2.52336448598131,0,130.807611600572
2015,16,"263*A",175,-1315,"Lupinus argenteus",9,37,-28,8,1,0,0,1,0,0,3.0530303030303,0,0.637784974020586
2016,16,"263*A",175,-1315,"Lupinus argenteus",3,9,-6,2,0,0,0,1,0,0,1.30188679245283,0,0
2017,16,"263*A",175,-1315,"Lupinus argenteus",0,3,-3,0,0,0,0,0,0,1,1.28571428571429,0,0
2014,16,"264*A",175,-1300,"Lupinus argenteus",5,NA,NA,6,0,0,NA,1,0,0,2.52336448598131,0,100
2015,16,"264*A",175,-1300,"Lupinus argenteus",0,5,-5,0,0,0,0,0,0,1,3.0530303030303,0,0
2014,16,"265*A",155,-1315,"Lupinus argenteus",13,NA,NA,10,0,0,NA,1,0,0,2.52336448598131,0,217.926911252608
2015,16,"265*A",155,-1315,"Lupinus argenteus",11,13,-2,8,0,0,0,1,0,0,3.0530303030303,0,90.1609694536225
2016,16,"265*A",155,-1315,"Lupinus argenteus",0,11,-11,0,0,0,0,0,0,1,1.30188679245283,0,0
2014,16,"266*A",155,-1310,"Lupinus argenteus",13,NA,NA,12,2,0,NA,1,0,0,2.52336448598131,0,254.485766043221
2015,16,"266*A",155,-1310,"Lupinus argenteus",12,13,-1,9,0,0,0,1,0,0,3.0530303030303,0,96.4146551095116
2016,16,"266*A",155,-1310,"Lupinus argenteus",0,12,-12,0,0,0,0,0,0,1,1.30188679245283,0,0
2014,16,"267*A",152,-1300,"Lupinus argenteus",15,NA,NA,13,2,0,NA,1,0,0,2.52336448598131,0,263.48935616738
2015,16,"267*A",152,-1300,"Lupinus argenteus",9,15,-6,7,0,0,0,1,0,0,3.0530303030303,0,82.8059501268294
2016,16,"267*A",152,-1300,"Lupinus argenteus",0,9,-9,0,0,0,0,0,0,1,1.30188679245283,0,0
2014,16,"268*A",145,-1280,"Lupinus argenteus",25,NA,NA,11,2,0,NA,1,0,0,2.52336448598131,0,133.891266515802
2015,16,"268*A",145,-1280,"Lupinus argenteus",0,25,-25,0,0,0,0,0,0,1,3.0530303030303,0,0
2014,16,"269*A",160,-1285,"Lupinus argenteus",12,NA,NA,11,1,0,NA,1,0,0,2.52336448598131,0,287.342761021793
2015,16,"269*A",160,-1285,"Lupinus argenteus",12,12,0,2,0,0,0,1,0,0,3.0530303030303,0,40.218921359881
2016,16,"269*A",160,-1285,"Lupinus argenteus",9,12,-3,5,0,0,0,1,0,0,1.30188679245283,0,0
2017,16,"269*A",160,-1285,"Lupinus argenteus",0,9,-9,0,0,0,0,0,0,1,1.28571428571429,0,0
2014,5,"27*A",1800,-180,"Ivesia gordonii",9,NA,NA,2,0,0,NA,1,0,0,2.52336448598131,8.6318126046214,0
2015,5,"27*A",1800,-180,"Ivesia gordonii",8.5,9,-0.5,4.5,9,0,0,1,0,0,3.0530303030303,18.3025571810172,0
2016,5,"27*A",1800,-180,"Ivesia gordonii",8.2,8.5,-0.3,1.5,7,0,0,1,0,0,1.30188679245283,5.86198020711729,0
2017,5,"27*A",1800,-180,"Ivesia gordonii",0,8.2,-8.2,0,0,0,0,0,0,1,1.28571428571429,0,0
2014,16,"270*A",175,-1285,"Lupinus argenteus",8,NA,NA,6,0,0,NA,1,0,0,2.52336448598131,0,204.436096143331
2015,16,"270*A",175,-1285,"Lupinus argenteus",0,8,-8,0,0,0,0,0,0,1,3.0530303030303,0,0
2014,16,"271*A",155,-1270,"Lupinus argenteus",24,NA,NA,12,2,0,NA,1,0,0,2.52336448598131,0,128.732517505699
2015,16,"271*A",155,-1270,"Lupinus argenteus",14,24,-10,9,0,0,0,1,0,0,3.0530303030303,0,27.0456060292021
2016,16,"271*A",155,-1270,"Lupinus argenteus",0,14,-14,0,0,0,0,0,0,1,1.30188679245283,0,0
2014,16,"272*A",190,-1285,"Lupinus argenteus",10,NA,NA,6,0,0,NA,1,0,0,2.52336448598131,0,92.4574838338193
2015,16,"272*A",190,-1285,"Lupinus argenteus",7,10,-3,4,0,0,0,1,0,0,3.0530303030303,0,0
2016,16,"272*A",190,-1285,"Lupinus argenteus",0,7,-7,0,0,0,0,0,0,1,1.30188679245283,0,0
2019,22,"2723*A",514,-1775,"Chaenactis douglasii",0.8,NA,NA,2,0,0,1,1,0,0,0.5,300.000000000006,0
2014,16,"273*A",180,-1270,"Lupinus argenteus",13,NA,NA,7,0,0,NA,1,0,0,2.52336448598131,0,76.0268731782695
2015,16,"273*A",180,-1270,"Lupinus argenteus",0,13,-13,0,0,0,0,0,0,1,3.0530303030303,0,0
2014,16,"274*A",185,-1250,"Lupinus argenteus",10,NA,NA,6,0,0,NA,1,0,0,2.52336448598131,0,5.51297983042156
2015,16,"274*A",185,-1250,"Lupinus argenteus",13,10,3,8.5,0,0,0,1,0,0,3.0530303030303,0,0
2016,16,"274*A",185,-1250,"Lupinus argenteus",11,13,-2,8,0,0,0,1,0,0,1.30188679245283,0,0
2017,16,"274*A",185,-1250,"Lupinus argenteus",0,11,-11,0,0,0,0,0,0,1,1.28571428571429,0,0
2014,16,"275*A",158,-1229,"Ivesia gordonii",3,NA,NA,2,0,0,NA,1,0,0,2.52336448598131,0,0
2015,16,"275*A",158,-1229,"Ivesia gordonii",1,3,-2,0.8,0,0,0,1,0,0,3.0530303030303,0,0
2016,16,"275*A",158,-1229,"Ivesia gordonii",7,1,6,5,1,0,0,1,0,0,1.30188679245283,12.7122777930348,0
2017,16,"275*A",158,-1229,"Ivesia gordonii",10,7,3,7,8,0,0,1,0,0,1.28571428571429,0,0
2018,16,"275*A",158,-1229,"Ivesia gordonii",9,10,-1,4.5,14,0,0,1,0,0,1.12213740458015,0,0
2019,16,"275*A",158,-1229,"Ivesia gordonii",15,9,6,7.5,10,0,0,1,0,0,0.5,0,0
2014,16,"276*A",155,-1210,"Lupinus argenteus",5,NA,NA,3,0,0,NA,1,0,0,2.52336448598131,0,0
2015,16,"276*A",155,-1210,"Lupinus argenteus",0,5,-5,0,0,0,0,0,0,1,3.0530303030303,0,0
2018,17,"2764*A",564,-1200,"Lupinus argenteus",2,NA,NA,1.5,0,0,1,1,0,0,1.12213740458015,0,0
2019,17,"2764*A",564,-1200,"Lupinus argenteus",3,2,1,4,0,0,0,1,0,0,0.5,0,0
2015,18,"2765*A",961,-1231,"Ivesia gordonii",0.5,NA,NA,0.3,0,1,1,1,0,0,3.0530303030303,0,0
2016,18,"2765*A",961,-1231,"Ivesia gordonii",2.5,0.5,2,3,0,0,0,1,0,0,1.30188679245283,0,25.9634225222114
2017,18,"2765*A",961,-1231,"Ivesia gordonii",7,2.5,4.5,3.5,2,0,0,1,0,0,1.28571428571429,0,27.5775004403739
2018,18,"2765*A",961,-1231,"Ivesia gordonii",9,7,2,4.5,0,0,0,1,0,0,1.12213740458015,0,46.9158486362442
2019,18,"2765*A",961,-1231,"Ivesia gordonii",14,9,5,6,1,0,0,1,0,0,0.5,0,48.5278396292927
2019,20,"2766*A",1630,-1375,"Arenaria congesta",14,NA,NA,9,10,0,1,1,0,0,0.5,230.564691157748,120.806760806443
2014,20,"2767*A",1776,-1231,"Elymus lanceolatus",12,NA,NA,10,0,0,NA,1,0,0,2.52336448598131,422.35974,0
2015,20,"2767*A",1776,-1231,"Elymus lanceolatus",20,12,8,22,2,0,0,1,0,0,3.0530303030303,441.83683542,0
2016,20,"2767*A",1776,-1231,"Elymus lanceolatus",33,20,13,27,26,0,0,1,0,0,1.30188679245283,291.329402808232,0
2017,20,"2767*A",1776,-1231,"Elymus lanceolatus",39,33,6,30,40,0,0,1,0,0,1.28571428571429,229.723057481112,0
2018,20,"2767*A",1776,-1231,"Elymus lanceolatus",33,39,-6,34,69,0,0,1,0,0,1.12213740458015,165.19838942311,0
2019,20,"2767*A",1776,-1231,"Elymus lanceolatus",49,33,16,35,31,0,0,1,0,0,0.5,79.8055719838581,5.14649418249395
2014,16,"277*A",50,-1245,"Lupinus argenteus",15,NA,NA,8,0,0,NA,1,0,0,2.52336448598131,0,31.7214129891451
2015,16,"277*A",50,-1245,"Lupinus argenteus",4,15,-11,3,0,0,0,1,0,0,3.0530303030303,0,0
2016,16,"277*A",50,-1245,"Lupinus argenteus",0,4,-4,0,0,0,0,0,0,1,1.30188679245283,0,0
2019,24,"2770*A",1285,-1603,"Ivesia gordonii",2.5,NA,NA,2.5,0,0,1,1,0,0,0.5,200.000000000014,0
2019,29,"2772*A",1217,-2049,"Elymus lanceolatus",10,NA,NA,14,0,0,1,1,0,0,0.5,134.912473681397,79.0173976799546
2014,16,"278*A",55,-1200,"Lupinus argenteus",14,NA,NA,7,0,0,NA,1,0,0,2.52336448598131,0,0
2015,16,"278*A",55,-1200,"Lupinus argenteus",0,14,-14,0,0,0,0,0,0,1,3.0530303030303,0,0
2019,41,"2783*A",174,-3224,"Penstemon whippleanus",7.5,NA,NA,3,0,0,1,1,0,0,0.5,223.536683682171,0
2014,16,"279*A",31,-1306,"Elymus lanceolatus",7,NA,NA,23,1,0,NA,1,0,0,2.52336448598131,398.984787180072,0
2015,16,"279*A",31,-1306,"Elymus lanceolatus",25,7,18,24,1,0,0,1,0,0,3.0530303030303,453.186771049688,0
2016,16,"279*A",31,-1306,"Elymus lanceolatus",25,25,0,26,8,0,0,1,0,0,1.30188679245283,328.783547416863,0
2017,16,"279*A",31,-1306,"Elymus lanceolatus",35,25,10,27,24,0,0,1,0,0,1.28571428571429,3.25773286085274,0
2018,16,"279*A",31,-1306,"Elymus lanceolatus",40,35,5,31,36,0,0,1,0,0,1.12213740458015,0,0
2019,16,"279*A",31,-1306,"Elymus lanceolatus",46,40,6,38.5,31,0,0,1,0,0,0.5,0,5.54906342031823
2019,46,"2794*A",187,-3708,"Eriogonum umbellatum",1.1,NA,NA,0.6,0,0,1,1,0,0,0.5,199.999999999998,299.999999999997
2014,5,"28*A",1730,-132,"Ivesia gordonii",8,NA,NA,5,2,0,NA,1,0,0,2.52336448598131,213.432390954798,0
2015,5,"28*A",1730,-132,"Ivesia gordonii",9.5,8,1.5,4,1,0,0,1,0,0,3.0530303030303,228.793931339342,0
2016,5,"28*A",1730,-132,"Ivesia gordonii",15.4,9.5,5.9,4.5,0,0,0,1,0,0,1.30188679245283,275.670192359855,0
2017,5,"28*A",1730,-132,"Ivesia gordonii",15,15.4,-0.4,7,12,0,0,1,0,0,1.28571428571429,200.118200357928,0
2018,5,"28*A",1730,-132,"Ivesia gordonii",0,15,-15,0,0,0,0,0,0,1,1.12213740458015,0,0
2014,16,"280*A",127,-1355,"Phacelia hastata",6,NA,NA,2,0,0,NA,1,0,0,2.52336448598131,770.450501296238,0
2015,16,"280*A",127,-1355,"Phacelia hastata",9.5,6,3.5,5,0,0,0,1,0,0,3.0530303030303,435.466940558651,0
2016,16,"280*A",127,-1355,"Phacelia hastata",14,9.5,4.5,6,1,0,0,1,0,0,1.30188679245283,201.190978616946,0
2017,16,"280*A",127,-1355,"Phacelia hastata",27,14,13,12,24,0,0,1,0,0,1.28571428571429,76.2882709689015,0
2018,16,"280*A",127,-1355,"Phacelia hastata",0,27,-27,0,0,0,0,0,0,1,1.12213740458015,0,0
2014,16,"281*A",137,-1360,"Lupinus argenteus",17,NA,NA,18,2,0,NA,1,0,0,2.52336448598131,7.82109664300893,575.578834479719
2015,16,"281*A",137,-1360,"Lupinus argenteus",7,17,-10,8,0,0,0,1,0,0,3.0530303030303,14.1371879231433,589.320658735456
2016,16,"281*A",137,-1360,"Lupinus argenteus",0,7,-7,0,0,0,0,0,0,1,1.30188679245283,0,0
2014,17,"282*A",431,-1390,"Lupinus argenteus",5,NA,NA,4,0,0,NA,1,0,0,2.52336448598131,99.9999999999997,0
2015,17,"282*A",431,-1390,"Lupinus argenteus",6.5,5,1.5,4,0,0,0,1,0,0,3.0530303030303,99.9999999999992,0
2016,17,"282*A",431,-1390,"Lupinus argenteus",4,6.5,-2.5,3,0,0,0,1,0,0,1.30188679245283,100,0
2017,17,"282*A",431,-1390,"Lupinus argenteus",0,4,-4,0,0,0,0,0,0,1,1.28571428571429,0,0
2014,17,"283*A",412,-1356,"Lupinus argenteus",17,NA,NA,13,1,0,NA,1,0,0,2.52336448598131,100,1.63294849060341
2015,17,"283*A",412,-1356,"Lupinus argenteus",0,17,-17,0,0,0,0,1,0,0,3.0530303030303,0,0
2016,17,"283*A",412,-1356,"Lupinus argenteus",2,0,2,4,0,0,0,1,0,0,1.30188679245283,100.000000000003,0
2017,17,"283*A",412,-1356,"Lupinus argenteus",0,2,-2,0,0,0,0,0,0,1,1.28571428571429,0,0
2014,17,"284*A",410,-1339,"Lupinus argenteus",3,NA,NA,3,0,0,NA,1,0,0,2.52336448598131,100.000000000001,47.5565184562602
2015,17,"284*A",410,-1339,"Lupinus argenteus",0,3,-3,0,0,0,0,0,0,1,3.0530303030303,0,0
2014,17,"285*A",416,-1324,"Eriogonum umbellatum",67,NA,NA,4,46,0,NA,1,0,0,2.52336448598131,28.7876926555363,0
2015,17,"285*A",416,-1324,"Eriogonum umbellatum",68,67,1,3,62,0,0,1,0,0,3.0530303030303,14.6100026602007,0
2016,17,"285*A",416,-1324,"Eriogonum umbellatum",74,68,6,5,127,0,0,1,0,0,1.30188679245283,25.9742905859063,0
2017,17,"285*A",416,-1324,"Eriogonum umbellatum",77,74,3,4,119,0,0,1,0,0,1.28571428571429,15.426519736256,0
2018,17,"285*A",416,-1324,"Eriogonum umbellatum",65,77,-12,3.5,98,0,0,1,0,0,1.12213740458015,5.88742131661961,0
2019,17,"285*A",416,-1324,"Eriogonum umbellatum",62,65,-3,4,48,0,0,1,0,0,0.5,2.8892998275414,0
2014,17,"286*A",402,-1313,"Heterotheca villosa",4,NA,NA,5,0,0,NA,1,0,0,2.52336448598131,99.9999999999999,0
2015,17,"286*A",402,-1313,"Heterotheca villosa",4,4,0,4,16,0,0,1,0,0,3.0530303030303,99.9999999999999,0
2016,17,"286*A",402,-1313,"Heterotheca villosa",32,4,28,12,49,0,0,1,0,0,1.30188679245283,127.375081490427,0.359488983170192
2017,17,"286*A",402,-1313,"Heterotheca villosa",27,32,-5,10,6,0,0,1,0,0,1.28571428571429,189.289480117546,0
2018,17,"286*A",402,-1313,"Heterotheca villosa",0,27,-27,0,0,0,0,0,0,1,1.12213740458015,0,0
2014,17,"287*A",420,-1324,"Elymus lanceolatus",12,NA,NA,17,1,0,NA,1,0,0,2.52336448598131,100,37.2016485449525
2015,17,"287*A",420,-1324,"Elymus lanceolatus",11,12,-1,17,0,0,0,1,0,0,3.0530303030303,100,36.4887408744474
2016,17,"287*A",420,-1324,"Elymus lanceolatus",14,11,3,21,4,0,0,1,0,0,1.30188679245283,199.999999999999,56.4233979402161
2017,17,"287*A",420,-1324,"Elymus lanceolatus",12,14,-2,23,1,0,0,1,0,0,1.28571428571429,200,134.39824948593
2018,17,"287*A",420,-1324,"Elymus lanceolatus",20,12,8,22,9,0,0,1,0,0,1.12213740458015,100,21.3475950570592
2019,17,"287*A",420,-1324,"Elymus lanceolatus",14,20,-6,21.5,0,0,0,1,0,0,0.5,99.9999999999996,20.7379885814062
2014,20,"2875*A",1619,-1371,"Arenaria congesta",1,NA,NA,1,0,1,1,1,0,0,2.52336448598131,600.000000000066,0
2015,20,"2875*A",1619,-1371,"Arenaria congesta",2.5,1,1.5,2,0,0,0,1,0,0,3.0530303030303,501.228741,7.84387
2016,20,"2875*A",1619.81812774,-1372.71639293,"Arenaria congesta",2.5,2.5,0,2,0,0,0,1,0,0,1.30188679245283,377.128226097913,82.407806198096
2016,20,"2875*B",1618.71043859,-1372.1591181,"Arenaria congesta",2.5,NA,NA,2,0,0,1,0,1,0,1.30188679245283,401.641421145359,104.091220721912
2016,20,"2875*C",1616.23377406,-1377.13348351,"Arenaria congesta",2.5,NA,NA,2,0,0,1,0,1,0,1.30188679245283,280.138951862858,16.9215376385018
2016,20,"2875*D",1623.06300387,-1365.83605456,"Arenaria congesta",2.5,NA,NA,2,0,0,1,0,1,0,1.30188679245283,286.052254536616,21.8461089926425
2016,20,"2875*E",1614.30978962,-1368.09908277,"Arenaria congesta",2.5,NA,NA,2,0,0,1,0,1,0,1.30188679245283,399.667263302263,71.2306126493367
2016,20,"2875*F",1614.46483408,-1367.33226128,"Arenaria congesta",2.5,NA,NA,2,0,0,1,0,1,0,1.30188679245283,384.213074434403,71.2306126493261
2016,20,"2875*G",1620.74324946,-1366.78849177,"Arenaria congesta",2.5,NA,NA,2,0,0,1,0,1,0,1.30188679245283,356.273241834619,126.70021462496
2016,20,"2875*H",1614.28999631,-1372.66077579,"Arenaria congesta",2.5,NA,NA,2,0,0,1,0,1,0,1.30188679245283,322.85226310548,40.6078827672072
2016,20,"2875*I",1622.13128531,-1375.72330036,"Arenaria congesta",2.5,NA,NA,2,0,0,1,0,1,0,1.30188679245283,300.000000000009,35.4673982688346
2016,20,"2875*J",1619.28534566,-1366.95478706,"Arenaria congesta",2.5,NA,NA,2,0,0,1,0,1,0,1.30188679245283,458.872256110706,87.9625711093863
2017,20,"2875*A",1619,-1371,"Arenaria congesta",11.5,2.5,9,4,7,0,0,1,0,0,1.28571428571429,346.315471800491,181.437366923092
2018,20,"2875*A",1619,-1371,"Arenaria congesta",3.5,11.5,-8,3,2,0,0,1,0,0,1.12213740458015,300.000000000015,46.9676610340577
2019,20,"2875*A",1619,-1371,"Arenaria congesta",8.5,3.5,5,7.5,1,0,0,1,0,0,0.5,298.667519587755,154.801771376497
2014,22,"2878*A",521,-1751,"Elymus lanceolatus",16,NA,NA,19,2,0,NA,1,0,0,2.52336448598131,300,0
2015,22,"2878*A",521,-1751,"Elymus lanceolatus",6.5,16,-9.5,18.5,0,0,0,1,0,0,3.0530303030303,300,0
2016,22,"2878*A",521,-1751,"Elymus lanceolatus",10,6.5,3.5,22,4,0,0,1,0,0,1.30188679245283,300,0
2017,22,"2878*A",521,-1751,"Elymus lanceolatus",24,10,14,15,0,0,0,1,0,0,1.28571428571429,371.126899090329,0
2018,22,"2878*A",521,-1751,"Elymus lanceolatus",20,24,-4,22.5,11,0,0,1,0,0,1.12213740458015,256.78585568776,0
2019,22,"2878*A",521,-1751,"Elymus lanceolatus",19.5,20,-0.5,23,14,0,0,1,0,0,0.5,269.668442950007,0
2014,17,"288*A",418,-1318,"Elymus lanceolatus",10,NA,NA,11,0,0,NA,1,0,0,2.52336448598131,100,44.4998489015844
2015,17,"288*A",418,-1318,"Elymus lanceolatus",11,10,1,23,2,0,0,1,0,0,3.0530303030303,100,36.4887408744471
2016,17,"288*A",418,-1318,"Elymus lanceolatus",13,11,2,14,0,0,0,1,0,0,1.30188679245283,199.999999999999,60.1118995842753
2017,17,"288*A",418,-1318,"Elymus lanceolatus",20,13,7,22,2,0,0,1,0,0,1.28571428571429,200,119.053632157888
2018,17,"288*A",418,-1318,"Elymus lanceolatus",2.5,20,-17.5,18.5,1,0,0,1,0,0,1.12213740458015,99.9999999999999,141.705963481574
2019,17,"288*A",418,-1318,"Elymus lanceolatus",8,2.5,5.5,16.5,0,0,0,1,0,0,0.5,100,69.7336626761628
2014,29,"2885*A",1234,-2041,"Heterotheca villosa",0.5,NA,NA,0.5,0,1,1,1,0,0,2.52336448598131,200,0
2015,29,"2885*A",1234,-2041,"Heterotheca villosa",2,0.5,1.5,1.5,0,0,0,1,0,0,3.0530303030303,100.93602,0
2016,29,"2885*A",1234,-2041,"Heterotheca villosa",2,2,0,2,0,0,0,1,0,0,1.30188679245283,200,0
2017,29,"2885*A",1234,-2041,"Heterotheca villosa",4.5,2,2.5,5,0,0,0,1,0,0,1.28571428571429,174.547642775829,0
2018,29,"2885*A",1234,-2041,"Heterotheca villosa",7.5,4.5,3,3.5,2,0,0,1,0,0,1.12213740458015,195.855388394259,0
2019,29,"2885*A",1234,-2041,"Heterotheca villosa",14.5,7.5,7,8.5,15,0,0,1,0,0,0.5,177.317195533495,0
2014,17,"289*A",428,-1319,"Elymus lanceolatus",9,NA,NA,19,4,0,NA,1,0,0,2.52336448598131,99.9999999999999,13.0137844544416
2015,17,"289*A",428,-1319,"Elymus lanceolatus",4,9,-5,7,0,0,0,1,0,0,3.0530303030303,99.9999999999998,0
2016,17,"289*A",428,-1319,"Elymus lanceolatus",10,4,6,21,5,0,0,1,0,0,1.30188679245283,199.999999999999,46.7161426885315
2017,17,"289*A",428,-1319,"Elymus lanceolatus",18,10,8,18,0,0,0,1,0,0,1.28571428571429,186.225178017184,135.890363317254
2018,17,"289*A",428,-1319,"Elymus lanceolatus",3,18,-15,9,0,0,0,1,0,0,1.12213740458015,100,109.000020866051
2019,17,"289*A",428,-1319,"Elymus lanceolatus",2.5,3,-0.5,10,0,0,0,1,0,0,0.5,100,0
2014,5,"29*A",1605,-77,"Ivesia gordonii",8,NA,NA,4,0,0,NA,1,0,0,2.52336448598131,0,0
2015,5,"29*A",1605,-77,"Ivesia gordonii",14.5,8,6.5,6.5,1,0,0,1,0,0,3.0530303030303,65.4289516234337,0
2016,5,"29*A",1605,-77,"Ivesia gordonii",0,14.5,-14.5,0,0,0,0,0,0,1,1.30188679245283,0,0
2014,17,"290*A",424,-1311,"Elymus lanceolatus",5,NA,NA,9,0,0,NA,1,0,0,2.52336448598131,100.000000000002,18.2858982013758
2015,17,"290*A",424,-1311,"Elymus lanceolatus",5,5,0,11,0,0,0,1,0,0,3.0530303030303,100.000000000002,30.8046902512597
2016,17,"290*A",424,-1311,"Elymus lanceolatus",5,5,0,13,0,0,0,1,0,0,1.30188679245283,200.000000000004,15.1582905963927
2017,17,"290*A",424,-1311,"Elymus lanceolatus",5,5,0,9,0,0,0,1,0,0,1.28571428571429,200.000000000004,347.041314831242
2018,17,"290*A",424,-1311,"Elymus lanceolatus",4,5,-1,9,0,0,0,1,0,0,1.12213740458015,100.000000000001,100.000000000001
2019,17,"290*A",424,-1311,"Elymus lanceolatus",11,4,7,17,0,0,0,1,0,0,0.5,100,57.102142705745
2014,17,"291*A",423,-1301,"Elymus lanceolatus",6,NA,NA,18,4,0,NA,1,0,0,2.52336448598131,100.000000000002,0
2015,17,"291*A",423,-1301,"Elymus lanceolatus",17,6,11,23,2,0,0,1,0,0,3.0530303030303,99.9999999999994,9.27679224836625
2016,17,"291*A",423,-1301,"Elymus lanceolatus",13,17,-4,25,6,0,0,1,0,0,1.30188679245283,199.999999999999,4.66661917065552
2017,17,"291*A",423,-1301,"Elymus lanceolatus",30,13,17,18,1,0,0,1,0,0,1.28571428571429,178.450722835664,45.7723243078642
2018,17,"291*A",423,-1301,"Elymus lanceolatus",32,30,2,23,10,0,0,1,0,0,1.12213740458015,99.9999999999998,9.48580278641934
2019,17,"291*A",423,-1301,"Elymus lanceolatus",18,32,-14,24.5,5,0,0,1,0,0,0.5,99.9999999999998,18.5697534429247
2014,17,"292*A",428,-1309,"Elymus lanceolatus",6,NA,NA,12,0,0,NA,1,0,0,2.52336448598131,100.000000000001,12.698540417622
2015,17,"292*A",428,-1309,"Elymus lanceolatus",2,6,-4,13,0,0,0,1,0,0,3.0530303030303,99.9999999999991,42.7920328367023
2016,17,"292*A",428,-1309,"Elymus lanceolatus",5,2,3,11,0,0,0,1,0,0,1.30188679245283,200.000000000004,12.550984410788
2017,17,"292*A",428,-1309,"Elymus lanceolatus",12,5,7,16,0,0,0,1,0,0,1.28571428571429,200,179.955846909071
2018,17,"292*A",428,-1309,"Elymus lanceolatus",4,12,-8,15,1,0,0,1,0,0,1.12213740458015,99.9999999999998,99.9999999999998
2019,17,"292*A",428,-1309,"Elymus lanceolatus",4,4,0,11,0,0,0,1,0,0,0.5,99.9999999999998,149.954205814514
2014,46,"2927*A",192,-3705,"Carex siccata",12,NA,NA,18,3,0,NA,1,0,0,2.52336448598131,500,0
2015,46,"2927*A",192,-3705,"Carex siccata",0,12,-12,0,0,0,0,1,0,0,3.0530303030303,0,0
2016,46,"2927*A",192,-3705,"Carex siccata",4,0,4,11,1,0,0,1,0,0,1.30188679245283,715.46342,0
2017,46,"2927*A",192,-3705,"Carex siccata",24,4,20,12,0,0,0,1,0,0,1.28571428571429,513.861047638975,0
2018,46,"2927*A",192,-3705,"Carex siccata",21,24,-3,11,0,0,0,1,0,0,1.12213740458015,325.116231344812,0
2019,46,"2927*A",192,-3705,"Carex siccata",2,21,-19,5,0,0,0,1,0,0,0.5,481.828111417173,0
2014,17,"293*A",430,-1295,"Elymus lanceolatus",3,NA,NA,18,1,0,NA,1,0,0,2.52336448598131,100,0
2015,17,"293*A",430,-1295,"Elymus lanceolatus",6,3,3,17,0,0,0,1,0,0,3.0530303030303,100.000000000001,48.3252103374876
2016,17,"293*A",430,-1295,"Elymus lanceolatus",7,6,1,18,1,0,0,1,0,0,1.30188679245283,200.000000000004,14.4284550880925
2017,17,"293*A",430,-1295,"Elymus lanceolatus",0,7,-7,0,0,0,0,0,0,1,1.28571428571429,0,0
2014,17,"294*A",440,-1277,"Lupinus argenteus",7,NA,NA,5,0,0,NA,1,0,0,2.52336448598131,99.9999999999997,0
2015,17,"294*A",440,-1277,"Lupinus argenteus",0,7,-7,0,0,0,0,0,0,1,3.0530303030303,0,0
2014,17,"295*A",428,-1260,"Lupinus argenteus",11,NA,NA,9,0,0,NA,1,0,0,2.52336448598131,100,0
2015,17,"295*A",428,-1260,"Lupinus argenteus",0,11,-11,0,0,0,0,0,0,1,3.0530303030303,0,0
2014,17,"296*A",428,-1217,"Lupinus argenteus",7,NA,NA,4,0,0,NA,1,0,0,2.52336448598131,99.9999999999997,12.2774283650998
2015,17,"296*A",428,-1217,"Lupinus argenteus",10,7,3,5,0,0,0,1,0,0,3.0530303030303,99.9999999999998,4.84793561560471
2016,17,"296*A",428,-1217,"Lupinus argenteus",0,10,-10,0,0,0,0,0,0,1,1.30188679245283,0,0
2014,17,"297*A",440,-1217,"Lupinus argenteus",8,NA,NA,5,0,0,NA,1,0,0,2.52336448598131,99.9999999999994,9.39990609202956
2015,17,"297*A",440,-1217,"Lupinus argenteus",4,8,-4,3,0,0,0,1,0,0,3.0530303030303,100.000000000001,17.9101818037282
2016,17,"297*A",440,-1217,"Lupinus argenteus",6,4,2,6,0,0,0,1,0,0,1.30188679245283,100.000000000001,0
2017,17,"297*A",440,-1217,"Lupinus argenteus",2,6,-4,1,0,0,0,1,0,0,1.28571428571429,99.9999999999983,0
2018,17,"297*A",440,-1217,"Lupinus argenteus",0,2,-2,0,0,0,0,0,0,1,1.12213740458015,0,0
2014,17,"298*A",445,-1290,"Lupinus argenteus",6,NA,NA,4,0,0,NA,1,0,0,2.52336448598131,100.000000000001,0
2015,17,"298*A",445,-1290,"Lupinus argenteus",7,6,1,6,0,0,0,1,0,0,3.0530303030303,100,0
2016,17,"298*A",445,-1290,"Lupinus argenteus",0,7,-7,0,0,0,0,0,0,1,1.30188679245283,0,0
2014,17,"299*A",470,-1290,"Lupinus argenteus",8,NA,NA,7,0,0,NA,1,0,0,2.52336448598131,100.000000000001,19.4800110931203
2015,17,"299*A",470,-1290,"Lupinus argenteus",0,8,-8,0,0,0,0,0,0,1,3.0530303030303,0,0
2014,1,"3*A",104,-181,"Ivesia gordonii",14,NA,NA,4,4,0,NA,1,0,0,2.52336448598131,0,39.6396688949697
2015,1,"3*A",104,-181,"Ivesia gordonii",14,14,0,4,5,0,0,1,0,0,3.0530303030303,0,39.6396688949697
2016,1,"3*A",104,-181,"Ivesia gordonii",18,14,4,7.3,30,0,0,1,0,0,1.30188679245283,0,31.5444585370663
2017,1,"3*A",104,-181,"Ivesia gordonii",0,18,-18,0,0,0,0,0,0,1,1.28571428571429,0,0
2014,5,"30*A",1655,-30,"Lupinus argenteus",12,NA,NA,5,0,0,NA,1,0,0,2.52336448598131,0,25.7385784884785
2015,5,"30*A",1655,-30,"Lupinus argenteus",9,12,-3,5,0,0,0,1,0,0,3.0530303030303,0,7.88726154338702
2016,5,"30*A",1655,-30,"Lupinus argenteus",3.5,9,-5.5,3.6,0,0,0,1,0,0,1.30188679245283,0,0
2017,5,"30*A",1655,-30,"Lupinus argenteus",6.5,3.5,3,5.5,0,0,0,1,0,0,1.28571428571429,99.9999999999996,0
2018,5,"30*A",1655,-30,"Lupinus argenteus",0,6.5,-6.5,0,0,0,0,0,0,1,1.12213740458015,0,0
2014,17,"300*A",480,-1290,"Lupinus argenteus",7,NA,NA,6,0,0,NA,1,0,0,2.52336448598131,99.9999999999992,25.4432797950959
2015,17,"300*A",480,-1290,"Lupinus argenteus",6,7,-1,4,0,0,0,1,0,0,3.0530303030303,100,0
2016,17,"300*A",480,-1290,"Lupinus argenteus",4,6,-2,4,0,0,0,1,0,0,1.30188679245283,100,0
2017,17,"300*A",480,-1290,"Lupinus argenteus",0,4,-4,0,0,0,0,0,0,1,1.28571428571429,0,0
2014,17,"301*A",490,-1290,"Lupinus argenteus",2,NA,NA,3,0,0,NA,1,0,0,2.52336448598131,99.9999999999974,0
2015,17,"301*A",490,-1290,"Lupinus argenteus",0,2,-2,0,0,0,0,0,0,1,3.0530303030303,0,0
2014,17,"302*A",492,-1260,"Lupinus argenteus",3,NA,NA,4,0,0,NA,1,0,0,2.52336448598131,100.000000000001,0
2015,17,"302*A",492,-1260,"Lupinus argenteus",0,3,-3,0,0,0,0,0,0,1,3.0530303030303,0,0
2014,17,"303*A",495,-1275,"Lupinus argenteus",6,NA,NA,5,0,0,NA,1,0,0,2.52336448598131,99.9999999999999,0
2015,17,"303*A",495,-1275,"Lupinus argenteus",0,6,-6,0,0,0,0,0,0,1,3.0530303030303,0,0
2014,17,"304*A",451,-1385,"Lupinus argenteus",2,NA,NA,1,0,0,NA,1,0,0,2.52336448598131,100,0
2015,17,"304*A",451,-1385,"Lupinus argenteus",0,2,-2,0,0,0,0,0,0,1,3.0530303030303,0,0
2014,17,"305*A",465,-1399,"Lupinus argenteus",4,NA,NA,5,0,0,NA,1,0,0,2.52336448598131,200,0
2015,17,"305*A",465,-1399,"Lupinus argenteus",10,4,6,7,0,0,0,1,0,0,3.0530303030303,195.655499456836,0
2016,17,"305*A",465,-1399,"Lupinus argenteus",3,10,-7,3,0,0,0,1,0,0,1.30188679245283,199.999999999998,0
2017,17,"305*A",465,-1399,"Lupinus argenteus",15,3,12,8,0,0,0,1,0,0,1.28571428571429,193.515841425197,0
2018,17,"305*A",465,-1399,"Lupinus argenteus",8.5,15,-6.5,9,0,0,0,1,0,0,1.12213740458015,112.151450383259,0
2019,17,"305*A",465,-1399,"Lupinus argenteus",6,8.5,-2.5,4.5,0,0,0,1,0,0,0.5,100,0
2014,17,"306*A",465,-1390,"Heterotheca villosa",10,NA,NA,4,6,0,NA,1,0,0,2.52336448598131,107.432203535358,0
2015,17,"306*A",465,-1390,"Heterotheca villosa",10,10,0,2,4,0,0,1,0,0,3.0530303030303,138.110462589971,0
2016,17,"306*A",465,-1390,"Heterotheca villosa",18,10,8,6,13,0,0,1,0,0,1.30188679245283,101.702870960264,0
2017,17,"306*A",465,-1390,"Heterotheca villosa",12,18,-6,5,14,0,0,1,0,0,1.28571428571429,159.613105365343,0
2018,17,"306*A",465,-1390,"Heterotheca villosa",3,12,-9,2.5,0,0,0,1,0,0,1.12213740458015,137.826609957525,0
2019,17,"306*A",465,-1390,"Heterotheca villosa",0,3,-3,0,0,0,0,0,0,1,0.5,0,0
2014,17,"307*A",480,-1360,"Lupinus argenteus",13,NA,NA,10,0,0,NA,1,0,0,2.52336448598131,100,42.6875989333132
2015,17,"307*A",480,-1360,"Lupinus argenteus",9,13,-4,5,0,0,0,1,0,0,3.0530303030303,100,0
2016,17,"307*A",480,-1360,"Lupinus argenteus",7,9,-2,4,0,0,0,1,0,0,1.30188679245283,99.9999999999992,10.7426253222852
2017,17,"307*A",480,-1360,"Lupinus argenteus",0,7,-7,0,0,0,0,0,0,1,1.28571428571429,0,0
2014,17,"308*A",495,-1360,"Lupinus argenteus",6,NA,NA,7,0,0,NA,1,0,0,2.52336448598131,99.9999999999999,26.2155607599077
2015,17,"308*A",495,-1360,"Lupinus argenteus",5,6,-1,5,0,0,0,1,0,0,3.0530303030303,99.9999999999992,0
2016,17,"308*A",495,-1360,"Lupinus argenteus",0,5,-5,0,0,0,0,0,0,1,1.30188679245283,0,0
2014,17,"309*A",475,-1340,"Lupinus argenteus",16,NA,NA,10,2,0,NA,1,0,0,2.52336448598131,100,140.198179914766
2015,17,"309*A",475,-1340,"Lupinus argenteus",3.5,16,-12.5,2.5,0,0,0,1,0,0,3.0530303030303,99.9999999999989,0
2016,17,"309*A",475,-1340,"Lupinus argenteus",7,3.5,3.5,3,0,0,0,1,0,0,1.30188679245283,99.9999999999999,99.9999999999999
2017,17,"309*A",475,-1340,"Lupinus argenteus",0,7,-7,0,0,0,0,0,0,1,1.28571428571429,0,0
2014,5,"31*A",1657,-15,"Lupinus argenteus",12,NA,NA,6,0,0,NA,1,0,0,2.52336448598131,0,25.7385784884783
2015,5,"31*A",1657,-15,"Lupinus argenteus",9,12,-3,5,0,0,0,1,0,0,3.0530303030303,0,12.8823559777597
2016,5,"31*A",1657,-15,"Lupinus argenteus",5.8,9,-3.2,5.5,0,0,0,1,0,0,1.30188679245283,0,30.3273522449049
2017,5,"31*A",1657,-15,"Lupinus argenteus",3.5,5.8,-2.3,3,0,0,0,1,0,0,1.28571428571429,99.9999999999975,0
2018,5,"31*A",1657,-15,"Lupinus argenteus",0,3.5,-3.5,0,0,0,0,0,0,1,1.12213740458015,0,0
2014,17,"310*A",485,-1340,"Lupinus argenteus",14,NA,NA,10,2,0,NA,1,0,0,2.52336448598131,99.9999999999996,169.788483766382
2015,17,"310*A",485,-1340,"Lupinus argenteus",0,14,-14,0,0,0,0,0,0,1,3.0530303030303,0,0
2014,17,"311*A",475,-1330,"Lupinus argenteus",8,NA,NA,7,1,0,NA,1,0,0,2.52336448598131,99.9999999999999,256.458499903608
2015,17,"311*A",475,-1330,"Lupinus argenteus",4.5,8,-3.5,5,0,0,0,1,0,0,3.0530303030303,100,67.2504220944602
2016,17,"311*A",475,-1330,"Lupinus argenteus",0,4.5,-4.5,0,0,0,0,0,0,1,1.30188679245283,0,0
2014,17,"312*A",475,-1327,"Lupinus argenteus",6,NA,NA,5,0,0,NA,1,0,0,2.52336448598131,99.9999999999998,270.034518598065
2015,17,"312*A",475,-1327,"Lupinus argenteus",5,6,-1,5,0,0,0,1,0,0,3.0530303030303,99.9999999999992,54.4728418965117
2016,17,"312*A",475,-1327,"Lupinus argenteus",0,5,-5,0,0,0,0,0,0,1,1.30188679245283,0,0
2014,17,"313*A",485,-1320,"Lupinus argenteus",6,NA,NA,6,0,0,NA,1,0,0,2.52336448598131,99.9999999999999,100.118595254889
2015,17,"313*A",485,-1320,"Lupinus argenteus",4,6,-2,5,0,0,0,1,0,0,3.0530303030303,100,0
2016,17,"313*A",485,-1320,"Lupinus argenteus",12,4,8,6,0,0,0,1,0,0,1.30188679245283,100,77.7695592590348
2017,17,"313*A",485,-1320,"Lupinus argenteus",9,12,-3,5,0,0,0,1,0,0,1.28571428571429,99.9999999999998,0
2018,17,"313*A",485,-1320,"Lupinus argenteus",0,9,-9,0,0,0,0,0,0,1,1.12213740458015,0,0
2014,17,"314*A",490,-1330,"Lupinus argenteus",18,NA,NA,11,1,0,NA,1,0,0,2.52336448598131,100,117.971802326644
2015,17,"314*A",490,-1330,"Lupinus argenteus",0.5,18,-17.5,0.5,0,0,0,1,0,0,3.0530303030303,100.000000000004,0
2016,17,"314*A",490,-1330,"Lupinus argenteus",0,0.5,-0.5,0,0,0,0,0,0,1,1.30188679245283,0,0
2014,17,"315*A",505,-1320,"Lupinus argenteus",8,NA,NA,6,0,0,NA,1,0,0,2.52336448598131,99.9999999999997,45.7795937741242
2015,17,"315*A",505,-1320,"Lupinus argenteus",6,8,-2,3,0,0,0,1,0,0,3.0530303030303,100.000000000001,3.07938682374206
2016,17,"315*A",505,-1320,"Lupinus argenteus",0.5,6,-5.5,1,0,0,0,1,0,0,1.30188679245283,100.000000000004,0
2017,17,"315*A",505,-1320,"Lupinus argenteus",0,0.5,-0.5,0,0,0,0,0,0,1,1.28571428571429,0,0
2014,17,"316*A",530,-1345,"Lupinus argenteus",10,NA,NA,7,0,0,NA,1,0,0,2.52336448598131,100,5.30460405985195
2015,17,"316*A",530,-1345,"Lupinus argenteus",15,10,5,9,0,0,0,1,0,0,3.0530303030303,99.9999999999996,3.78220866650721
2016,17,"316*A",530,-1345,"Lupinus argenteus",0,15,-15,0,0,0,0,0,0,1,1.30188679245283,0,0
2014,17,"318*A",549,-1350,"Lupinus argenteus",12,NA,NA,10,1,0,NA,1,0,0,2.52336448598131,93.128246276204,3.6837528193415
2015,17,"318*A",549,-1350,"Lupinus argenteus",8,12,-4,2,0,0,0,1,0,0,3.0530303030303,99.9999999999995,13.2968273431896
2016,17,"318*A",549,-1350,"Lupinus argenteus",11,8,3,7,0,0,0,1,0,0,1.30188679245283,99.9999999999997,0
2017,17,"318*A",549,-1350,"Lupinus argenteus",3,11,-8,2,0,0,0,1,0,0,1.28571428571429,99.9999999999999,0
2018,17,"318*A",549,-1350,"Lupinus argenteus",0,3,-3,0,0,0,0,0,0,1,1.12213740458015,0,0
2014,17,"319*A",510,-1385,"Lupinus argenteus",5,NA,NA,4,0,0,NA,1,0,0,2.52336448598131,100.000000000001,47.7525248286445
2015,17,"319*A",510,-1385,"Lupinus argenteus",6,5,1,4,0,0,0,1,0,0,3.0530303030303,100,67.0094349998416
2016,17,"319*A",510,-1385,"Lupinus argenteus",4,6,-2,1,0,0,0,1,0,0,1.30188679245283,99.9999999999983,0
2017,17,"319*A",510,-1385,"Lupinus argenteus",0,4,-4,0,0,0,0,0,0,1,1.28571428571429,0,0
2014,5,"32*A",1705,-45,"Lupinus argenteus",11,NA,NA,6,0,0,NA,1,0,0,2.52336448598131,100.663357781018,38.9471232314091
2015,5,"32*A",1705,-45,"Lupinus argenteus",0,11,-11,0,0,0,0,0,0,1,3.0530303030303,0,0
2014,17,"320*A",510,-1383,"Lupinus argenteus",0.5,NA,NA,1,0,1,1,1,0,0,2.52336448598131,100.000000000004,124.267147762083
2015,17,"320*A",510,-1383,"Lupinus argenteus",0,0.5,-0.5,0,0,0,0,0,0,1,3.0530303030303,0,0
2014,17,"321*A",511,-1382,"Lupinus argenteus",1,NA,NA,2,0,0,NA,1,0,0,2.52336448598131,99.9999999999958,169.957702856879
2015,17,"321*A",511,-1382,"Lupinus argenteus",6,1,5,4,0,0,0,1,0,0,3.0530303030303,99.9999999999999,67.0094349998404
2016,17,"321*A",511,-1382,"Lupinus argenteus",0,6,-6,0,0,0,0,0,0,1,1.30188679245283,0,0
2014,17,"322*A",517,-1385,"Lupinus argenteus",7,NA,NA,6,0,0,NA,1,0,0,2.52336448598131,100,23.3242781162268
2015,17,"322*A",517,-1385,"Lupinus argenteus",0.6,7,-6.4,1,0,0,0,1,0,0,3.0530303030303,100.000000000002,0
2016,17,"322*A",517,-1385,"Lupinus argenteus",0,0.6,-0.6,0,0,0,0,0,0,1,1.30188679245283,0,0
2014,17,"323*A",599,-1270,"Lupinus argenteus",16,NA,NA,11,0,0,NA,1,0,0,2.52336448598131,0,0
2015,17,"323*A",599,-1270,"Lupinus argenteus",7,16,-9,6,0,0,0,1,0,0,3.0530303030303,0,0
2016,17,"323*A",599,-1270,"Lupinus argenteus",1,7,-6,2,0,0,0,1,0,0,1.30188679245283,0,0
2017,17,"323*A",599,-1270,"Lupinus argenteus",0,1,-1,0,0,0,0,0,0,1,1.28571428571429,0,0
2014,17,"324*A",550,-1295,"Lupinus argenteus",1,NA,NA,1,0,1,1,1,0,0,2.52336448598131,99.999999999994,0
2015,17,"324*A",550,-1295,"Lupinus argenteus",6,1,5,4,0,0,0,1,0,0,3.0530303030303,99.9999999999997,0
2016,17,"324*A",550,-1295,"Lupinus argenteus",0,6,-6,0,0,0,0,0,0,1,1.30188679245283,0,0
2014,17,"326*A",555,-1250,"Lupinus argenteus",3,NA,NA,2,0,0,NA,1,0,0,2.52336448598131,0,0
2015,17,"326*A",555,-1250,"Lupinus argenteus",0,3,-3,0,0,0,0,0,0,1,3.0530303030303,0,0
2014,17,"327*A",515,-1240,"Lupinus argenteus",8,NA,NA,6,0,0,NA,1,0,0,2.52336448598131,99.9999999999995,0
2015,17,"327*A",515,-1240,"Lupinus argenteus",0,8,-8,0,0,0,0,0,0,1,3.0530303030303,0,0
2014,18,"328*A",834,-1388.5,"Ivesia gordonii",11,NA,NA,6,2,0,NA,1,0,0,2.52336448598131,47.3839524660981,92.940424345653
2015,18,"328*A",834,-1388.5,"Ivesia gordonii",18,11,7,8.5,18,0,0,1,0,0,3.0530303030303,92.7348613680591,90.1338064935655
2016,18,"328*A",834,-1388.5,"Ivesia gordonii",25,18,7,10,40,0,0,1,0,0,1.30188679245283,99.9773212166397,0
2017,18,"328*A",834,-1388.5,"Ivesia gordonii",1.5,25,-23.5,1.5,0,0,0,1,0,0,1.28571428571429,100,0
2018,18,"328*A",834,-1388.5,"Ivesia gordonii",0,1.5,-1.5,0,0,0,0,0,0,1,1.12213740458015,0,0
2014,18,"329*A",837,-1388,"Ivesia gordonii",12,NA,NA,5,1,0,NA,1,0,0,2.52336448598131,53.9573897259117,79.0960516979196
2015,18,"329*A",837,-1388,"Ivesia gordonii",17.5,12,5.5,7,10,0,0,0,1,0,3.0530303030303,95.3664293180384,93.0098884076909
2014,5,"33*A",1698,-45,"Lupinus argenteus",8,NA,NA,5,0,0,NA,1,0,0,2.52336448598131,89.218338828681,73.6344048593853
2015,5,"33*A",1698,-45,"Lupinus argenteus",5.5,8,-2.5,4,0,0,0,1,0,0,3.0530303030303,99.9999999999993,0
2016,5,"33*A",1698,-45,"Lupinus argenteus",0,5.5,-5.5,0,0,0,0,0,0,1,1.30188679245283,0,0
2014,18,"330*A",854,-1322,"Eriogonum umbellatum",32,NA,NA,3,32,0,NA,1,0,0,2.52336448598131,26.1663771042065,0
2015,18,"330*A",854,-1322,"Eriogonum umbellatum",37,32,5,2.5,32,0,0,1,0,0,3.0530303030303,35.743768234829,0
2016,18,"330*A",854,-1322,"Eriogonum umbellatum",42,37,5,4,95,0,0,1,0,0,1.30188679245283,38.132358602997,0
2017,18,"330*A",854,-1322,"Eriogonum umbellatum",40,42,-2,2,18,0,0,1,0,0,1.28571428571429,20.2588511105878,0
2018,18,"330*A",854,-1322,"Eriogonum umbellatum",35,40,-5,3,30,0,0,1,0,0,1.12213740458015,24.0080819956056,0
2019,18,"330*A",854,-1322,"Eriogonum umbellatum",34,35,-1,3.5,55,0,0,1,0,0,0.5,45.20812395786,0
2014,18,"331*A",830,-1310,"Ivesia gordonii",13,NA,NA,6,13,0,NA,1,0,0,2.52336448598131,99.9999999999999,60.3538762480431
2015,18,"331*A",830,-1310,"Ivesia gordonii",15.5,13,2.5,5,30,0,0,1,0,0,3.0530303030303,100,74.4494885659792
2016,18,"331*A",830,-1310,"Ivesia gordonii",0,15.5,-15.5,0,0,0,0,0,0,1,1.30188679245283,0,0
2014,18,"332*A",835,-1315,"Ivesia gordonii",8,NA,NA,6,6,0,NA,1,0,0,2.52336448598131,99.9999999999986,159.481755234886
2015,18,"332*A",835,-1315,"Ivesia gordonii",11.5,8,3.5,5,1,0,0,1,0,0,3.0530303030303,100,142.01815971694
2016,18,"332*A",835,-1315,"Ivesia gordonii",12,11.5,0.5,4,0,0,0,1,0,0,1.30188679245283,111.845851362353,0
2017,18,"332*A",835,-1315,"Ivesia gordonii",0,12,-12,0,0,0,0,0,0,1,1.28571428571429,0,0
2014,18,"333*A",840,-1320,"Ivesia gordonii",9,NA,NA,7,9,0,NA,1,0,0,2.52336448598131,100,99.7490489530861
2015,18,"333*A",840,-1320,"Ivesia gordonii",9,9,0,5.5,0,0,0,1,0,0,3.0530303030303,100,148.621714846611
2016,18,"333*A",840,-1320,"Ivesia gordonii",0,9,-9,0,0,0,0,0,0,1,1.30188679245283,0,0
2014,18,"334*A",856,-1317,"Elymus lanceolatus",3,NA,NA,9,0,0,NA,1,0,0,2.52336448598131,99.999999999998,0
2015,18,"334*A",856,-1317,"Elymus lanceolatus",5,3,2,12,0,0,0,1,0,0,3.0530303030303,100.000000000001,0
2016,18,"334*A",856,-1317,"Elymus lanceolatus",24,5,19,20,4,0,0,1,0,0,1.30188679245283,150.568462186325,0
2017,18,"334*A",856,-1317,"Elymus lanceolatus",27,24,3,29,15,0,0,1,0,0,1.28571428571429,100.000000000001,0
2018,18,"334*A",856,-1317,"Elymus lanceolatus",28,27,1,24,30,0,0,1,0,0,1.12213740458015,142.39555925064,0
2019,18,"334*A",856,-1317,"Elymus lanceolatus",38,28,10,30,7,0,0,1,0,0,0.5,196.112176573697,0
2014,18,"335*A",880,-1319,"Ivesia gordonii",14,NA,NA,6,8,0,NA,1,0,0,2.52336448598131,100,0
2015,18,"335*A",880,-1319,"Ivesia gordonii",14.5,14,0.5,3,5,0,0,1,0,0,3.0530303030303,100,0.000534296273184947
2016,18,"335*A",880,-1319,"Ivesia gordonii",19,14.5,4.5,5,30,0,0,1,0,0,1.30188679245283,112.544291032104,25.4325974182729
2017,18,"335*A",880,-1319,"Ivesia gordonii",3,19,-16,3,0,0,0,1,0,0,1.28571428571429,100.000000000002,0
2018,18,"335*A",880,-1319,"Ivesia gordonii",5.5,3,2.5,3.5,2,0,0,1,0,0,1.12213740458015,100.000000000001,0
2019,18,"335*A",880,-1319,"Ivesia gordonii",12,5.5,6.5,6.5,2,0,0,1,0,0,0.5,179.22992431033,23.0846658022336
2014,18,"336*A",894,-1285,"Elymus lanceolatus",8,NA,NA,15,4,0,NA,1,0,0,2.52336448598131,99.9999999999996,0
2015,18,"336*A",894,-1285,"Elymus lanceolatus",16,8,8,22,1,0,0,1,0,0,3.0530303030303,100.000000000002,0
2016,18,"336*A",894,-1285,"Elymus lanceolatus",26,16,10,24,18,0,0,1,0,0,1.30188679245283,100.003794936082,0
2017,18,"336*A",894,-1285,"Elymus lanceolatus",32,26,6,24,11,0,0,1,0,0,1.28571428571429,99.9999999999995,0
2018,18,"336*A",894,-1285,"Elymus lanceolatus",22.5,32,-9.5,25,28,0,0,1,0,0,1.12213740458015,100.000000000001,0
2019,18,"336*A",894,-1285,"Elymus lanceolatus",30,22.5,7.5,22.5,4,0,0,1,0,0,0.5,99.9999999999995,0
2014,18,"337*A",976,-1234,"Ivesia gordonii",8,NA,NA,6,3,0,NA,1,0,0,2.52336448598131,0,0
2015,18,"337*A",976,-1234,"Ivesia gordonii",10.5,8,2.5,4.5,4,0,0,1,0,0,3.0530303030303,0,0
2016,18,"337*A",976,-1234,"Ivesia gordonii",12,10.5,1.5,6,0,0,0,1,0,0,1.30188679245283,0,1.12688465808208
2017,18,"337*A",976,-1234,"Ivesia gordonii",11,12,-1,5,9,0,0,1,0,0,1.28571428571429,0,11.1677481122185
2018,18,"337*A",976,-1234,"Ivesia gordonii",13.5,11,2.5,5.5,0,0,0,1,0,0,1.12213740458015,0,20.8514882827746
2019,18,"337*A",976,-1234,"Ivesia gordonii",15,13.5,1.5,8,2,0,0,1,0,0,0.5,0,42.2731402992948
2014,18,"338*A",908,-1340,"Ivesia gordonii",14,NA,NA,8,5,0,NA,1,0,0,2.52336448598131,91.1070431004046,0
2015,18,"338*A",908,-1340,"Ivesia gordonii",15,14,1,7.5,3,0,0,1,0,0,3.0530303030303,99.9999999999999,0.000499270184162185
2016,18,"338*A",908,-1340,"Ivesia gordonii",24,15,9,9,27,0,0,1,0,0,1.30188679245283,104.488995630997,15.9395272013828
2017,18,"338*A",908,-1340,"Ivesia gordonii",23,24,-1,9,13,0,0,1,0,0,1.28571428571429,100,0
2018,18,"338*A",908,-1340,"Ivesia gordonii",23,23,0,9,17,0,0,1,0,0,1.12213740458015,87.9711429133204,0
2019,18,"338*A",908,-1340,"Ivesia gordonii",25,23,2,9.5,14,0,0,1,0,0,0.5,81.9840704877769,5.31870700083464
2014,18,"339*A",945,-1205,"Heterotheca villosa",22,NA,NA,7,24,0,NA,1,0,0,2.52336448598131,0,0
2015,18,"339*A",945,-1205,"Heterotheca villosa",18.5,22,-3.5,4.5,12,0,0,1,0,0,3.0530303030303,0,0
2016,18,"339*A",945,-1205,"Heterotheca villosa",20,18.5,1.5,5,3,0,0,1,0,0,1.30188679245283,0,0
2017,18,"339*A",945,-1205,"Heterotheca villosa",0,20,-20,0,0,0,0,0,0,1,1.28571428571429,0,0
2014,5,"34*A",1770,-20,"Lupinus argenteus",11,NA,NA,6,0,0,NA,1,0,0,2.52336448598131,99.9999999999991,0
2015,5,"34*A",1770,-20,"Lupinus argenteus",10,11,-1,7,0,0,0,1,0,0,3.0530303030303,100.000000000001,0
2016,5,"34*A",1770,-20,"Lupinus argenteus",5.7,10,-4.3,3.7,0,0,0,1,0,0,1.30188679245283,150.44395220289,0
2017,5,"34*A",1770,-20,"Lupinus argenteus",5.5,5.7,-0.2,4.5,0,0,0,1,0,0,1.28571428571429,99.9999999999998,0
2018,5,"34*A",1770,-20,"Lupinus argenteus",0,5.5,-5.5,0,0,0,0,0,0,1,1.12213740458015,0,0
2014,19,"340*A",1253,-1383,"Ivesia gordonii",11,NA,NA,6,7,0,NA,1,0,0,2.52336448598131,199.999999999999,0
2015,19,"340*A",1253,-1383,"Ivesia gordonii",13.5,11,2.5,6,9,0,0,1,0,0,3.0530303030303,200,5.945107
2016,19,"340*A",1253,-1383,"Ivesia gordonii",12,13.5,-1.5,6,1,0,0,1,0,0,1.30188679245283,207.45869578554,0.634774108871823
2017,19,"340*A",1253,-1383,"Ivesia gordonii",12,12,0,7,1,0,0,1,0,0,1.28571428571429,199.999999999999,0.634774108871823
2018,19,"340*A",1253,-1383,"Ivesia gordonii",11.5,12,-0.5,6,0,0,0,1,0,0,1.12213740458015,215.510606546861,0
2019,19,"340*A",1253,-1383,"Ivesia gordonii",12,11.5,0.5,7,9,0,0,1,0,0,0.5,228.483758561774,0
2014,19,"341*A",1277,-1372,"Ivesia gordonii",10,NA,NA,5,7,0,NA,1,0,0,2.52336448598131,233.182910787363,0
2015,19,"341*A",1277,-1372,"Ivesia gordonii",12.5,10,2.5,3.5,0,0,0,1,0,0,3.0530303030303,209.292193,6.934372
2016,19,"341*A",1277,-1372,"Ivesia gordonii",11,12.5,-1.5,5,3,0,0,1,0,0,1.30188679245283,302.123409827385,0.755433650227442
2017,19,"341*A",1277,-1372,"Ivesia gordonii",11,11,0,6,5,0,0,1,0,0,1.28571428571429,240.370707019109,0.755433650227442
2018,19,"341*A",1277,-1372,"Ivesia gordonii",8,11,-3,5,5,0,0,1,0,0,1.12213740458015,265.381769353509,0
2019,19,"341*A",1277,-1372,"Ivesia gordonii",6.5,8,-1.5,6,0,0,0,1,0,0,0.5,309.595274293222,0
2014,19,"342*A",1310,-1374,"Eriogonum umbellatum",110,NA,NA,3,30,0,NA,1,0,0,2.52336448598131,151.024010296155,136.798997020427
2015,19,"342*A",1310,-1374,"Eriogonum umbellatum",104,110,-6,4.5,84,0,0,1,0,0,3.0530303030303,66.8663687773055,45.9659149179039
2016,19,"342*A",1310,-1374,"Eriogonum umbellatum",110,104,6,3,41,0,0,1,0,0,1.30188679245283,147.012127793593,158.902866177053
2017,19,"342*A",1310,-1374,"Eriogonum umbellatum",110,110,0,2,28,0,0,1,0,0,1.28571428571429,152.863466412799,162.301457382711
2018,19,"342*A",1310,-1374,"Eriogonum umbellatum",112,110,2,3.5,50,0,0,1,0,0,1.12213740458015,77.2660430579432,161.362759984168
2019,19,"342*A",1310,-1374,"Eriogonum umbellatum",111,112,-1,3.5,56,0,0,1,0,0,0.5,82.3260620653822,172.414660910201
2014,19,"343*A",1303,-1390,"Senecio crassulus",5,NA,NA,9,0,0,NA,1,0,0,2.52336448598131,200.000000000002,0
2015,19,"343*A",1303,-1390,"Senecio crassulus",7.5,5,2.5,7.5,0,0,0,1,0,0,3.0530303030303,208.958060147458,0
2016,19,"343*A",1303,-1390,"Senecio crassulus",5,7.5,-2.5,7,0,0,0,1,0,0,1.30188679245283,200.000000000002,0
2017,19,"343*A",1303,-1390,"Senecio crassulus",14,5,9,10.5,0,0,0,1,0,0,1.28571428571429,204.098598506249,0
2018,19,"343*A",1303,-1390,"Senecio crassulus",0,14,-14,0,0,0,0,0,0,1,1.12213740458015,0,0
2014,19,"344*A",1305,-1370,"Heterotheca villosa",58,NA,NA,5,16,0,NA,1,0,0,2.52336448598131,137.825561500948,14.7228848200582
2015,19,"344*A",1305,-1370,"Heterotheca villosa",59,58,1,4.5,10,0,0,1,0,0,3.0530303030303,144.853398039132,17.05333
2016,19,"344*A",1305,-1370,"Heterotheca villosa",60,59,1,6,17,0,0,1,0,0,1.30188679245283,156.596908045357,16.4888195965544
2017,19,"344*A",1305,-1370,"Heterotheca villosa",61.5,60,1.5,6,3,0,0,1,0,0,1.28571428571429,155.268547105878,19.9907140920557
2018,19,"344*A",1305,-1370,"Heterotheca villosa",53,61.5,-8.5,7,7,0,0,1,0,0,1.12213740458015,145.66602902373,0
2019,19,"344*A",1305,-1370,"Heterotheca villosa",57,53,4,7,11,0,0,1,0,0,0.5,164.855260020107,0
2014,19,"345*A",1291,-1368,"Lupinus argenteus",13,NA,NA,8,0,0,NA,1,0,0,2.52336448598131,227.337488254719,0
2015,19,"345*A",1291,-1368,"Lupinus argenteus",6.5,13,-6.5,3.5,0,0,0,1,0,0,3.0530303030303,247.84564,0
2016,19,"345*A",1291,-1368,"Lupinus argenteus",18,6.5,11.5,10,1,0,0,1,0,0,1.30188679245283,234.277855623275,6.19719628965167
2017,19,"345*A",1291,-1368,"Lupinus argenteus",14.5,18,-3.5,8,0,0,0,1,0,0,1.28571428571429,234.284543462762,0
2018,19,"345*A",1291,-1368,"Lupinus argenteus",8,14.5,-6.5,6.5,0,0,0,1,0,0,1.12213740458015,209.651856848356,13.2255825759797
2019,19,"345*A",1291,-1368,"Lupinus argenteus",11.5,8,3.5,10,1,0,0,1,0,0,0.5,209.427801236862,17.9116423227502
2014,19,"346*A",1309,-1377,"Elymus lanceolatus",10,NA,NA,17,1,0,NA,1,0,0,2.52336448598131,200.000000000004,0
2015,19,"346*A",1309,-1377,"Elymus lanceolatus",11,10,1,12,1,0,0,1,0,0,3.0530303030303,200,0
2016,19,"346*A",1309,-1377,"Elymus lanceolatus",12,11,1,9,0,0,0,1,0,0,1.30188679245283,227.633579457407,0
2017,19,"346*A",1309,-1377,"Elymus lanceolatus",14,12,2,14.5,0,0,0,1,0,0,1.28571428571429,211.953185804835,0
2018,19,"346*A",1309,-1377,"Elymus lanceolatus",8.5,14,-5.5,14,0,0,0,1,0,0,1.12213740458015,200,0
2019,19,"346*A",1309,-1377,"Elymus lanceolatus",13,8.5,4.5,14.5,0,0,0,1,0,0,0.5,200,0
2014,19,"347*A",1342,-1386,"Elymus lanceolatus",7,NA,NA,14,2,0,NA,1,0,0,2.52336448598131,200.000000000006,0
2015,19,"347*A",1342,-1386,"Elymus lanceolatus",19,7,12,14,2,0,0,1,0,0,3.0530303030303,200,0
2016,19,"347*A",1342,-1386,"Elymus lanceolatus",27,19,8,18,3,0,0,1,0,0,1.30188679245283,200,0
2017,19,"347*A",1342,-1386,"Elymus lanceolatus",27,27,0,18,2,0,0,1,0,0,1.28571428571429,204.716926069311,0
2018,19,"347*A",1342,-1386,"Elymus lanceolatus",20,27,-7,15,2,0,0,1,0,0,1.12213740458015,199.999999999999,0
2019,19,"347*A",1342,-1386,"Elymus lanceolatus",23,20,3,16,1,0,0,1,0,0,0.5,199.999999999997,0
2014,19,"348*A",1325,-1338,"Ivesia gordonii",16,NA,NA,6,14,0,NA,1,0,0,2.52336448598131,221.526562316771,19.1406249999996
2015,19,"348*A",1325,-1338,"Ivesia gordonii",17,16,1,6.5,9,0,0,1,0,0,3.0530303030303,225.83732,16.95502
2016,19,"348*A",1325,-1338,"Ivesia gordonii",10,17,-7,4,6,0,0,1,0,0,1.30188679245283,214.096234192745,44.46546487267
2017,19,"348*A",1325,-1338,"Ivesia gordonii",7,10,-3,3,0,0,0,1,0,0,1.28571428571429,224.83230547058,37.2533256981307
2018,19,"348*A",1325,-1338,"Ivesia gordonii",2.5,7,-4.5,3,0,0,0,1,0,0,1.12213740458015,200.000000000012,43.0806920847159
2019,19,"348*A",1325,-1338,"Ivesia gordonii",4.5,2.5,2,4,0,0,0,1,0,0,0.5,235.692028597862,84.6451156278698
2014,19,"349*A",1385,-1338,"Heterotheca villosa",39,NA,NA,7,16,0,NA,1,0,0,2.52336448598131,110.964046161889,36.3504808691443
2015,19,"349*A",1385,-1338,"Heterotheca villosa",41,39,2,5.5,15,0,0,1,0,0,3.0530303030303,116.015590901646,40.41342
2016,19,"349*A",1385,-1338,"Heterotheca villosa",40,41,-1,7,21,0,0,1,0,0,1.30188679245283,122.035673994734,43.2913056816745
2017,19,"349*A",1385,-1338,"Heterotheca villosa",43,40,3,6,0,0,0,1,0,0,1.28571428571429,123.965010232517,54.0799981383881
2018,19,"349*A",1385,-1338,"Heterotheca villosa",0,43,-43,0,0,0,0,0,0,1,1.12213740458015,0,0
2014,5,"35*A",1750,-70,"Eriogonum umbellatum",19,NA,NA,3,15,0,NA,1,0,0,2.52336448598131,12.9048982671001,214.566398488279
2015,5,"35*A",1750,-70,"Eriogonum umbellatum",20,19,1,3,16,0,0,1,0,0,3.0530303030303,17.6563949188001,226.717830964817
2016,5,"35*A",1750,-70,"Eriogonum umbellatum",19,20,-1,3.5,28,0,0,0,1,0,1.30188679245283,31.2830454886686,259.582461009011
2014,19,"350*A",1382,-1353,"Eriogonum umbellatum",3,NA,NA,2,0,0,NA,1,0,0,2.52336448598131,99.9999999999986,99.9999999999986
2015,19,"350*A",1382,-1353,"Eriogonum umbellatum",2.5,3,-0.5,2.5,0,0,0,1,0,0,3.0530303030303,100,100
2016,19,"350*A",1382,-1353,"Eriogonum umbellatum",2,2.5,-0.5,2,0,0,0,1,0,0,1.30188679245283,99.9999999999952,124.859208919027
2017,19,"350*A",1382,-1353,"Eriogonum umbellatum",3,2,1,2.5,0,0,0,1,0,0,1.28571428571429,120.150416854137,111.111111111109
2018,19,"350*A",1382,-1353,"Eriogonum umbellatum",4,3,1,1,0,0,0,1,0,0,1.12213740458015,1.42079396578467,101.632454045605
2019,19,"350*A",1382,-1353,"Eriogonum umbellatum",4.5,4,0.5,2.5,0,0,0,1,0,0,0.5,28.04218150208,103.261985973722
2014,19,"351*A",1361,-1334,"Ivesia gordonii",4,NA,NA,4,0,0,NA,1,0,0,2.52336448598131,298.832876295214,0
2015,19,"351*A",1361,-1334,"Ivesia gordonii",4.5,4,0.5,3.5,0,0,0,1,0,0,3.0530303030303,300,0
2016,19,"351*A",1361,-1334,"Ivesia gordonii",5,4.5,0.5,3,0,0,0,1,0,0,1.30188679245283,300,0
2017,19,"351*A",1361,-1334,"Ivesia gordonii",7,5,2,4.5,2,0,0,1,0,0,1.28571428571429,300.000000000003,0
2018,19,"351*A",1361,-1334,"Ivesia gordonii",9,7,2,4,4,0,0,1,0,0,1.12213740458015,138.059839925204,0
2019,19,"351*A",1361,-1334,"Ivesia gordonii",12,9,3,8.5,5,0,0,1,0,0,0.5,161.96072188052,16.4876470504618
2014,19,"352*A",1379,-1334,"Ivesia gordonii",3,NA,NA,2,0,0,NA,1,0,0,2.52336448598131,199.999999999996,0
2015,19,"352*A",1379,-1334,"Ivesia gordonii",5,3,2,2.5,0,0,0,1,0,0,3.0530303030303,200.686852234477,0
2016,19,"352*A",1379,-1334,"Ivesia gordonii",4,5,-1,4,0,0,0,1,0,0,1.30188679245283,247.687706764307,0
2017,19,"352*A",1379,-1334,"Ivesia gordonii",7,4,3,3.5,0,0,0,1,0,0,1.28571428571429,203.035657793151,0
2018,19,"352*A",1379,-1334,"Ivesia gordonii",6,7,-1,3.5,3,0,0,1,0,0,1.12213740458015,99.9999999999994,0
2019,19,"352*A",1379,-1334,"Ivesia gordonii",10,6,4,6,1,0,0,1,0,0,0.5,103.473984825847,23.7422117526658
2014,19,"353*A",1308,-1310,"Eriogonum umbellatum",10,NA,NA,2,2,0,NA,1,0,0,2.52336448598131,134.782088693314,111.180909240256
2015,19,"353*A",1308,-1310,"Eriogonum umbellatum",9,10,-1,2,2,0,0,1,0,0,3.0530303030303,158.8244399,138.12337
2016,19,"353*A",1308,-1310,"Eriogonum umbellatum",12,9,3,2,1,0,0,1,0,0,1.30188679245283,112.613883256328,160.963583729183
2017,19,"353*A",1308,-1310,"Eriogonum umbellatum",13.5,12,1.5,2,2,0,0,1,0,0,1.28571428571429,107.320354936796,159.031596555228
2018,19,"353*A",1308,-1310,"Eriogonum umbellatum",12,13.5,-1.5,1,4,0,0,1,0,0,1.12213740458015,107.917804431146,160.963583729183
2019,19,"353*A",1308,-1310,"Eriogonum umbellatum",14.5,12,2.5,2,2,0,0,1,0,0,0.5,103.799928028851,176.901156894939
2014,19,"354*A",1305,-1300,"Ivesia gordonii",7,NA,NA,3,0,0,NA,1,0,0,2.52336448598131,275.802410140812,146.02908391714
2015,19,"354*A",1305,-1300,"Ivesia gordonii",7.5,7,0.5,4.5,4,0,0,1,0,0,3.0530303030303,357.14773,154.568791
2016,19,"354*A",1305,-1300,"Ivesia gordonii",8,7.5,0.5,4,1,0,0,1,0,0,1.30188679245283,371.173520824592,94.9738717459704
2017,19,"354*A",1305,-1300,"Ivesia gordonii",0,8,-8,0,0,0,0,0,0,1,1.28571428571429,0,0
2014,19,"355*A",1305,-1295,"Ivesia gordonii",8,NA,NA,3,0,0,NA,1,0,0,2.52336448598131,264.237622585591,108.475990058044
2015,19,"355*A",1305,-1295,"Ivesia gordonii",10.5,8,2.5,5,5,0,0,1,0,0,3.0530303030303,296.95817,84.9221059
2016,19,"355*A",1305,-1295,"Ivesia gordonii",8,10.5,-2.5,5,0,0,0,1,0,0,1.30188679245283,338.049063587796,93.2455024291799
2017,19,"355*A",1305,-1295,"Ivesia gordonii",9,8,1,4,0,0,0,1,0,0,1.28571428571429,349.942302132851,43.6030085485112
2018,19,"355*A",1305,-1295,"Ivesia gordonii",6,9,-3,4,0,0,0,1,0,0,1.12213740458015,300.000000000003,128.824442500161
2019,19,"355*A",1305,-1295,"Ivesia gordonii",5,6,-1,3,0,0,0,1,0,0,0.5,302.132700460314,197.774761737502
2014,19,"356*A",1310,-1300,"Ivesia gordonii",7,NA,NA,3,2,0,NA,1,0,0,2.52336448598131,276.851602076603,128.678115657029
2015,19,"356*A",1310,-1300,"Ivesia gordonii",6.5,7,-0.5,2,3,0,0,1,0,0,3.0530303030303,364.46377,164.340044
2016,19,"356*A",1310,-1300,"Ivesia gordonii",3,6.5,-3.5,3,0,0,0,1,0,0,1.30188679245283,397.733404430584,187.772236570214
2017,19,"356*A",1310,-1300,"Ivesia gordonii",4,3,1,3,0,0,0,1,0,0,1.28571428571429,399.999999999999,112.471447677176
2018,19,"356*A",1310,-1300,"Ivesia gordonii",11,4,7,2,4,0,0,1,0,0,1.12213740458015,323.183313943738,39.9256029438906
2019,19,"356*A",1310,-1300,"Ivesia gordonii",10.5,11,-0.5,3.5,4,0,0,1,0,0,0.5,345.857787680444,52.3523667935878
2014,19,"357*A",1305,-1295,"Ivesia gordonii",1,NA,NA,0.5,0,1,1,1,0,0,2.52336448598131,292.503353571603,400.000000000016
2015,19,"357*A",1305,-1295,"Ivesia gordonii",2,1,1,1,0,0,0,1,0,0,3.0530303030303,300,263.79808
2016,19,"357*A",1305,-1295,"Ivesia gordonii",3,2,1,3,0,0,0,1,0,0,1.30188679245283,322.103902861844,200.062862822936
2017,19,"357*A",1305,-1295,"Ivesia gordonii",4.5,3,1.5,3,2,0,0,1,0,0,1.28571428571429,352.189894233441,116.626305574834
2018,19,"357*A",1305,-1295,"Ivesia gordonii",3.5,4.5,-1,2.5,0,0,0,1,0,0,1.12213740458015,299.999999999991,199.999999999994
2019,19,"357*A",1305,-1295,"Ivesia gordonii",5.5,3.5,2,4,0,0,0,1,0,0,0.5,304.793826576293,177.168413146018
2014,19,"358*A",1369,-1300,"Ivesia gordonii",5,NA,NA,3,2,0,NA,1,0,0,2.52336448598131,210.550651336283,2.89511776440392
2015,19,"358*A",1369,-1300,"Ivesia gordonii",7,5,2,1.5,0,0,0,1,0,0,3.0530303030303,217.96337,9.239504
2016,19,"358*A",1369,-1300,"Ivesia gordonii",4.5,7,-2.5,2,0,0,0,1,0,0,1.30188679245283,267.588992813384,3.85395720318868
2017,19,"358*A",1369,-1300,"Ivesia gordonii",3,4.5,-1.5,2,0,0,0,1,0,0,1.28571428571429,310.528153631791,0
2018,19,"358*A",1369,-1300,"Ivesia gordonii",5.5,3,2.5,2.5,0,0,0,1,0,0,1.12213740458015,177.78424932182,0
2019,19,"358*A",1369,-1300,"Ivesia gordonii",7.5,5.5,2,4,1,0,0,1,0,0,0.5,302.874470060993,0
2014,19,"359*A",1350,-1290,"Eriogonum umbellatum",2,NA,NA,1,0,0,NA,1,0,0,2.52336448598131,0,108.847077703159
2015,19,"359*A",1350,-1290,"Eriogonum umbellatum",4,2,2,1.5,0,0,0,1,0,0,3.0530303030303,10.9402515015865,197.88861
2016,19,"359*A",1350,-1290,"Eriogonum umbellatum",4.5,4,0.5,2,0,0,0,1,0,0,1.30188679245283,21.1252742901174,210.840201244275
2017,19,"359*A",1350,-1290,"Eriogonum umbellatum",7,4.5,2.5,2.5,0,0,0,1,0,0,1.28571428571429,76.27483873817,218.999783229091
2018,19,"359*A",1350,-1290,"Eriogonum umbellatum",7,7,0,1.5,0,0,0,1,0,0,1.12213740458015,32.9893639017447,218.999783229091
2019,19,"359*A",1350,-1290,"Eriogonum umbellatum",8,7,1,2,0,0,0,1,0,0,0.5,79.5121399372172,249.185613778817
2014,5,"36*A",1755,-85,"Heterotheca villosa",10,NA,NA,5,0,0,NA,1,0,0,2.52336448598131,400.000000000008,0
2015,5,"36*A",1755,-85,"Heterotheca villosa",10,10,0,6,6,0,0,1,0,0,3.0530303030303,430.569599881922,0
2016,5,"36*A",1755,-85,"Heterotheca villosa",13.7,10,3.7,12,10,0,0,1,0,0,1.30188679245283,441.249998181803,0
2017,5,"36*A",1755,-85,"Heterotheca villosa",14,13.7,0.3,10,11,0,0,1,0,0,1.28571428571429,134.983554277218,0
2018,5,"36*A",1755,-85,"Heterotheca villosa",0,14,-14,0,0,0,0,0,0,1,1.12213740458015,0,0
2014,19,"360*A",1336,-1287,"Ivesia gordonii",0.5,NA,NA,0.5,0,1,1,1,0,0,2.52336448598131,200.00000000002,0
2015,19,"360*A",1336,-1287,"Ivesia gordonii",1.5,0.5,1,2,0,0,0,1,0,0,3.0530303030303,200,0
2016,19,"360*A",1336,-1287,"Ivesia gordonii",2,1.5,0.5,2,0,0,0,1,0,0,1.30188679245283,199.999999999986,0
2017,19,"360*A",1336,-1287,"Ivesia gordonii",2.5,2,0.5,2,0,0,0,1,0,0,1.28571428571429,264.887170532475,0
2018,19,"360*A",1336,-1287,"Ivesia gordonii",3,2.5,0.5,2.5,0,0,0,1,0,0,1.12213740458015,261.662322915438,5.61623373677948
2019,19,"360*A",1336,-1287,"Ivesia gordonii",4,3,1,4,0,0,0,1,0,0,0.5,285.266649776126,28.3626496814612
2014,19,"361*A",1370,-1293,"Ivesia gordonii",2,NA,NA,2,0,0,NA,1,0,0,2.52336448598131,255.820118648529,18.0944860275235
2015,19,"361*A",1370,-1293,"Ivesia gordonii",2.5,2,0.5,1.5,0,0,0,1,0,0,3.0530303030303,298.05162,72.43771
2016,19,"361*A",1370,-1293,"Ivesia gordonii",2.5,2.5,0,2,0,0,0,1,0,0,1.30188679245283,378.235850519015,12.4868213383306
2017,19,"361*A",1370,-1293,"Ivesia gordonii",1,2.5,-1.5,1,0,0,0,1,0,0,1.28571428571429,400.000000000088,0
2018,19,"361*A",1370,-1293,"Ivesia gordonii",0,1,-1,0,0,0,0,0,0,1,1.12213740458015,0,0
2014,19,"362*A",1360,-1290,"Ivesia gordonii",1,NA,NA,1,0,1,1,1,0,0,2.52336448598131,200.000000000034,0
2015,19,"362*A",1360,-1290,"Ivesia gordonii",0.5,1,-0.5,0.3,0,0,0,1,0,0,3.0530303030303,300,0
2016,19,"362*A",1360,-1290,"Ivesia gordonii",0.5,0.5,0,1,0,0,0,1,0,0,1.30188679245283,320.917575398404,0
2017,19,"362*A",1360,-1290,"Ivesia gordonii",0,0.5,-0.5,0,0,0,0,0,0,1,1.28571428571429,0,0
2014,19,"363*A",1369,-1284,"Heterotheca villosa",10,NA,NA,5,4,0,NA,1,0,0,2.52336448598131,151.212261339311,8.39732449869301
2015,19,"363*A",1369,-1284,"Heterotheca villosa",10,10,0,5,4,0,0,1,0,0,3.0530303030303,249.602234166462,17.81051
2016,19,"363*A",1369,-1284,"Heterotheca villosa",13,10,3,5,1,0,0,1,0,0,1.30188679245283,288.11088157314,19.5368295352628
2017,19,"363*A",1369,-1284,"Heterotheca villosa",18,13,5,9,10,0,0,1,0,0,1.28571428571429,264.056953435771,35.2482814950244
2018,19,"363*A",1369,-1284,"Heterotheca villosa",13.5,18,-4.5,3.5,5,0,0,1,0,0,1.12213740458015,283.500711623165,0
2019,19,"363*A",1369,-1284,"Heterotheca villosa",18,13.5,4.5,7,6,0,0,1,0,0,0.5,341.101303257684,0
2014,19,"364*A",1361,-1272,"Eriogonum umbellatum",4,NA,NA,2,0,0,NA,1,0,0,2.52336448598131,162.847764124661,182.973564270877
2015,19,"364*A",1361,-1272,"Eriogonum umbellatum",5,4,1,1,0,0,0,1,0,0,3.0530303030303,204.57884,216.333006256197
2016,19,"364*A",1361,-1272,"Eriogonum umbellatum",7,5,2,1,0,0,0,1,0,0,1.30188679245283,155.216805067188,213.663552555033
2017,19,"364*A",1361,-1272,"Eriogonum umbellatum",7,7,0,2,0,0,0,1,0,0,1.28571428571429,138.5710773691,218.999783229092
2018,19,"364*A",1361,-1272,"Eriogonum umbellatum",7,7,0,1,1,0,0,1,0,0,1.12213740458015,87.5215125151482,231.452930877871
2019,19,"364*A",1361,-1272,"Eriogonum umbellatum",10.5,7,3.5,2,1,0,0,1,0,0,0.5,109.809620145351,228.323182263361
2014,19,"365*A",1355,-1270,"Ivesia gordonii",10,NA,NA,5,3,0,NA,1,0,0,2.52336448598131,271.435663353256,0
2015,19,"365*A",1355,-1270,"Ivesia gordonii",12.5,10,2.5,7,5,0,0,1,0,0,3.0530303030303,313.311280978233,2.56
2016,19,"365*A",1355,-1270,"Ivesia gordonii",9,12.5,-3.5,5,9,0,0,1,0,0,1.30188679245283,370.702045103732,1.70164862514913
2017,19,"365*A",1355,-1270,"Ivesia gordonii",3.5,9,-5.5,2,0,0,0,1,0,0,1.28571428571429,450.445388383231,0
2018,19,"365*A",1355,-1270,"Ivesia gordonii",5,3.5,1.5,4,0,0,0,1,0,0,1.12213740458015,333.848065381155,0
2019,19,"365*A",1355,-1270,"Ivesia gordonii",9.5,5,4.5,6,2,0,0,1,0,0,0.5,429.984901864364,0
2014,19,"366*A",1365,-1270,"Elymus lanceolatus",13,NA,NA,16,3,0,NA,1,0,0,2.52336448598131,340.087812468086,0
2015,19,"366*A",1365,-1270,"Elymus lanceolatus",21,13,8,14,1,0,0,1,0,0,3.0530303030303,388.5713027796,0
2016,19,"366*A",1365,-1270,"Elymus lanceolatus",22,21,1,18,7,0,0,1,0,0,1.30188679245283,400.63068232224,0
2017,19,"366*A",1365,-1270,"Elymus lanceolatus",21,22,-1,13,1,0,0,1,0,0,1.28571428571429,394.03390361163,0
2018,19,"366*A",1365,-1270,"Elymus lanceolatus",13.5,21,-7.5,12.5,4,0,0,1,0,0,1.12213740458015,377.430186065146,0
2019,19,"366*A",1365,-1270,"Elymus lanceolatus",21,13.5,7.5,12,0,0,0,1,0,0,0.5,440.361142025278,0
2014,19,"367*A",1380,-1244,"Eriogonum umbellatum",1,NA,NA,1,0,1,1,1,0,0,2.52336448598131,0,200.000000000002
2015,19,"367*A",1380,-1244,"Eriogonum umbellatum",2,1,1,1.5,0,0,0,1,0,0,3.0530303030303,0,200
2016,19,"367*A",1380,-1244,"Eriogonum umbellatum",2,2,0,1.5,0,0,0,1,0,0,1.30188679245283,0,199.999999999996
2017,19,"367*A",1380,-1244,"Eriogonum umbellatum",3,2,1,2,0,0,0,1,0,0,1.28571428571429,0,200.000000000002
2018,19,"367*A",1380,-1244,"Eriogonum umbellatum",4,3,1,1.5,0,0,0,1,0,0,1.12213740458015,0,200.000000000002
2019,19,"367*A",1380,-1244,"Eriogonum umbellatum",3,4,-1,2,0,0,0,1,0,0,0.5,0,200.000000000002
2014,19,"368*A",1313,-1223,"Eriogonum umbellatum",34,NA,NA,2,15,0,NA,1,0,0,2.52336448598131,17.4270530791489,111.157493345016
2015,19,"368*A",1313,-1223,"Eriogonum umbellatum",39,34,5,3,35,0,0,1,0,0,3.0530303030303,24.4617741304234,116.839066158433
2016,19,"368*A",1313,-1223,"Eriogonum umbellatum",43,39,4,4,29,0,0,1,0,0,1.30188679245283,28.8716661059423,125.863954329218
2017,19,"368*A",1313,-1223,"Eriogonum umbellatum",43,43,0,4,32,0,0,1,0,0,1.28571428571429,29.7607325992448,134.30503583772
2018,19,"368*A",1313,-1223,"Eriogonum umbellatum",43,43,0,3.5,26,0,0,1,0,0,1.12213740458015,23.9581114316284,133.843624498783
2019,19,"368*A",1313,-1223,"Eriogonum umbellatum",47,43,4,3,73,0,0,1,0,0,0.5,38.2647685726598,139.505730108838
2014,19,"369*A",1303,-1255,"Heterotheca villosa",4,NA,NA,6,0,0,NA,1,0,0,2.52336448598131,250.471569749666,0
2015,19,"369*A",1303,-1255,"Heterotheca villosa",9,4,5,4,2,0,0,1,0,0,3.0530303030303,265.0983963,0
2016,19,"369*A",1303,-1255,"Heterotheca villosa",13,9,4,5,8,0,0,1,0,0,1.30188679245283,293.28903450735,0
2017,19,"369*A",1303,-1255,"Heterotheca villosa",14.5,13,1.5,4,7,0,0,1,0,0,1.28571428571429,297.69177725747,0
2018,19,"369*A",1303,-1255,"Heterotheca villosa",15,14.5,0.5,4,3,0,0,1,0,0,1.12213740458015,303.604739031795,0
2019,19,"369*A",1303,-1255,"Heterotheca villosa",19,15,4,7,1,0,0,1,0,0,0.5,296.400877855247,4.04732611635483
2014,5,"37*A",1760,-82,"Eriogonum umbellatum",11,NA,NA,4,6,0,NA,1,0,0,2.52336448598131,30.9986049011524,303.756169320617
2015,5,"37*A",1760,-82,"Eriogonum umbellatum",11,11,0,3.5,10,0,0,1,0,0,3.0530303030303,39.9402413484258,324.615814546262
2016,5,"37*A",1760,-82,"Eriogonum umbellatum",13,11,2,4,5,0,0,0,1,0,1.30188679245283,67.2625767149941,324.498604742706
2014,19,"370*A",1286,-1255,"Eriogonum umbellatum",8,NA,NA,2,1,0,NA,1,0,0,2.52336448598131,80.7875934576999,200.000000000002
2015,19,"370*A",1286,-1255,"Eriogonum umbellatum",9.5,8,1.5,3,3,0,0,1,0,0,3.0530303030303,63.7423,200
2016,19,"370*A",1286,-1255,"Eriogonum umbellatum",12,9.5,2.5,3,2,0,0,1,0,0,1.30188679245283,70.7053539323823,200
2017,19,"370*A",1286,-1255,"Eriogonum umbellatum",14,12,2,3.5,4,0,0,1,0,0,1.28571428571429,49.5583300445452,200.012955762919
2018,19,"370*A",1286,-1255,"Eriogonum umbellatum",14,14,0,3.5,6,0,0,1,0,0,1.12213740458015,60.7672332599399,200
2019,19,"370*A",1286,-1255,"Eriogonum umbellatum",14,14,0,2.5,0,0,0,1,0,0,0.5,78.7942859202466,200.889480213665
2014,19,"371*A",1279,-1250,"Ivesia gordonii",16,NA,NA,7,27,0,NA,1,0,0,2.52336448598131,263.547708608675,0
2015,19,"371*A",1279,-1250,"Ivesia gordonii",12,16,-4,4,5,0,0,1,0,0,3.0530303030303,294.3012516,0
2016,19,"371*A",1279,-1250,"Ivesia gordonii",14,12,2,4,0,0,0,1,0,0,1.30188679245283,313.493311625006,0
2017,19,"371*A",1279,-1250,"Ivesia gordonii",11,14,-3,3,0,0,0,1,0,0,1.28571428571429,314.660014352685,0
2018,19,"371*A",1279,-1250,"Ivesia gordonii",13.5,11,2.5,5,0,0,0,1,0,0,1.12213740458015,320.783760148422,0
2019,19,"371*A",1279,-1250,"Ivesia gordonii",14,13.5,0.5,5.5,8,0,0,1,0,0,0.5,346.513842657709,0
2014,19,"372*A",1205,-1320,"Ivesia gordonii",22,NA,NA,7,54,0,NA,1,0,0,2.52336448598131,99.9999999999997,0
2015,19,"372*A",1205,-1320,"Ivesia gordonii",21,22,-1,6,14,0,0,1,0,0,3.0530303030303,100,0
2016,19,"372*A",1205,-1320,"Ivesia gordonii",22,21,1,6,7,0,0,1,0,0,1.30188679245283,100.778627640148,0
2017,19,"372*A",1205,-1320,"Ivesia gordonii",5,22,-17,4,0,0,0,1,0,0,1.28571428571429,109.717897943127,0
2018,19,"372*A",1205,-1320,"Ivesia gordonii",0,5,-5,0,0,0,0,0,0,1,1.12213740458015,0,0
2014,19,"373*A",1305,-1295,"Ivesia gordonii",2,NA,NA,1,4,0,NA,1,0,0,2.52336448598131,273.101268894961,304.379255942838
2015,19,"373*A",1305,-1295,"Ivesia gordonii",0,2,-2,0,0,0,0,0,0,1,3.0530303030303,0,0
2014,20,"374*A",1606,-1392,"Ivesia gordonii",10,NA,NA,4,3,0,NA,1,0,0,2.52336448598131,516.088236575036,0
2015,20,"374*A",1606,-1392,"Ivesia gordonii",13,10,3,5,7,0,0,1,0,0,3.0530303030303,489.92028152,0
2016,20,"374*A",1606,-1392,"Ivesia gordonii",15,13,2,7,14,0,0,1,0,0,1.30188679245283,295.743987118763,0
2017,20,"374*A",1606,-1392,"Ivesia gordonii",14,15,-1,4,4,0,0,1,0,0,1.28571428571429,396.593545959494,0
2018,20,"374*A",1606,-1392,"Ivesia gordonii",6,14,-8,5.5,0,0,0,1,0,0,1.12213740458015,349.138684865295,0
2019,20,"374*A",1606,-1392,"Ivesia gordonii",5.5,6,-0.5,4,3,0,0,1,0,0,0.5,421.919192327425,0
2014,20,"375*A",1608,-1392,"Eriogonum umbellatum",4,NA,NA,1,0,0,NA,1,0,0,2.52336448598131,328.705312334465,201.6004
2015,20,"375*A",1608,-1392,"Eriogonum umbellatum",4,4,0,1,0,0,0,1,0,0,3.0530303030303,319.3236,223.994811
2016,20,"375*A",1608,-1392,"Eriogonum umbellatum",0,4,-4,0,0,0,0,0,0,1,1.30188679245283,0,0
2014,20,"376*A",1608,-1382,"Lupinus argenteus",14,NA,NA,10,0,0,NA,1,0,0,2.52336448598131,325.716026664506,218.557441796973
2015,20,"376*A",1608,-1382,"Lupinus argenteus",17,14,3,13,0,0,0,1,0,0,3.0530303030303,346.14618126,137.11437
2016,20,"376*A",1608,-1382,"Lupinus argenteus",0,17,-17,0,0,0,0,0,0,1,1.30188679245283,0,0
2014,20,"377*A",1614,-1376,"Lupinus argenteus",16,NA,NA,13,1,0,NA,1,0,0,2.52336448598131,253.57917025607,222.164511537522
2015,20,"377*A",1614,-1376,"Lupinus argenteus",15,16,-1,10,1,0,0,1,0,0,3.0530303030303,282.00816225,172.82729
2016,20,"377*A",1614,-1376,"Lupinus argenteus",0,15,-15,0,0,0,0,0,0,1,1.30188679245283,0,0
2014,20,"378*A",1620,-1373,"Lupinus argenteus",8,NA,NA,5,0,0,NA,1,0,0,2.52336448598131,209.430365825581,263.458860477969
2015,20,"378*A",1620,-1373,"Lupinus argenteus",0,8,-8,0,0,0,0,0,0,1,3.0530303030303,0,0
2014,20,"379*A",1624,-1373,"Ivesia gordonii",2,NA,NA,2,0,0,NA,1,0,0,2.52336448598131,414.583189999986,0
2015,20,"379*A",1624,-1373,"Ivesia gordonii",1.5,2,-0.5,2.5,0,0,0,1,0,0,3.0530303030303,380.51642,25.62547
2016,20,"379*A",1624,-1373,"Ivesia gordonii",7,1.5,5.5,5,1,0,0,1,0,0,1.30188679245283,288.027075966775,1.85888940005486
2017,20,"379*A",1624,-1373,"Ivesia gordonii",0,7,-7,0,0,0,0,0,0,1,1.28571428571429,0,0
2014,20,"381*A",1620,-1355,"Lupinus argenteus",9,NA,NA,7,0,0,NA,1,0,0,2.52336448598131,200,159.966732458584
2015,20,"381*A",1620,-1355,"Lupinus argenteus",11.5,9,2.5,10,0,0,0,1,0,0,3.0530303030303,211.4760927,206.431
2016,20,"381*A",1620,-1355,"Lupinus argenteus",0,11.5,-11.5,0,0,0,0,0,0,1,1.30188679245283,0,0
2014,20,"382*A",1612,-1363,"Ivesia gordonii",0.5,NA,NA,0.5,0,1,1,1,0,0,2.52336448598131,565.12300000001,0
2015,20,"382*A",1612,-1363,"Ivesia gordonii",2.5,0.5,2,1.5,0,0,0,1,0,0,3.0530303030303,526.619804,0
2016,20,"382*A",1612,-1363,"Ivesia gordonii",7,2.5,4.5,4,1,0,0,1,0,0,1.30188679245283,265.387712468938,1.72141253097687
2017,20,"382*A",1612,-1363,"Ivesia gordonii",8,7,1,4,5,0,0,1,0,0,1.28571428571429,383.887910676068,0
2018,20,"382*A",1612,-1363,"Ivesia gordonii",2.5,8,-5.5,2,1,0,0,1,0,0,1.12213740458015,199.999999999997,0
2019,20,"382*A",1612,-1363,"Ivesia gordonii",0,2.5,-2.5,0,0,0,0,0,0,1,0.5,0,0
2014,20,"383*A",1613,-1370,"Lupinus argenteus",10,NA,NA,7,0,0,NA,1,0,0,2.52336448598131,202.274146936939,346.289167444823
2015,20,"383*A",1613,-1370,"Lupinus argenteus",12,10,2,6,0,0,0,1,0,0,3.0530303030303,240.032275,233.26417
2016,20,"383*A",1613,-1370,"Lupinus argenteus",0,12,-12,0,0,0,0,0,0,1,1.30188679245283,0,0
2014,20,"384*A",1600,-1370,"Lupinus argenteus",20,NA,NA,12,2,0,NA,1,0,0,2.52336448598131,245.180422580914,239.113829271602
2015,20,"384*A",1600,-1370,"Lupinus argenteus",0,20,-20,0,0,0,0,0,0,1,3.0530303030303,0,0
2014,20,"385*A",1605,-1370,"Lupinus argenteus",10,NA,NA,8,0,0,NA,1,0,0,2.52336448598131,205.122409775896,317.219616524697
2015,20,"385*A",1605,-1370,"Lupinus argenteus",9,10,-1,8,0,0,0,1,0,0,3.0530303030303,234.8561617,251.962728
2016,20,"385*A",1605,-1370,"Lupinus argenteus",0,9,-9,0,0,0,0,0,0,1,1.30188679245283,0,0
2014,20,"386*A",1630.5,-1366,"Arenaria congesta",1,NA,NA,0.5,0,1,1,1,0,0,2.52336448598131,300,0
2015,20,"386*A",1630.5,-1366,"Arenaria congesta",0.5,1,-0.5,0.5,0,0,0,1,0,0,3.0530303030303,300,0
2016,20,"386*A",1631.08437695,-1367.22599495,"Arenaria congesta",1,0.5,0.5,1,0,0,0,1,0,0,1.30188679245283,224.973165859752,25.9664249924634
2016,20,"386*B",1630.29317042,-1366.8279415,"Arenaria congesta",1,NA,NA,1,0,0,1,0,1,0,1.30188679245283,224.703271820211,91.5456465764728
2016,20,"386*C",1628.52412433,-1370.38105965,"Arenaria congesta",1,NA,NA,1,0,0,1,0,1,0,1.30188679245283,300.000000000081,0
2016,20,"386*D",1633.40214562,-1362.31146754,"Arenaria congesta",1,NA,NA,1,0,0,1,0,1,0,1.30188679245283,213.317615232996,0
2016,20,"386*E",1627.14984973,-1363.92791627,"Arenaria congesta",1,NA,NA,1,0,0,1,0,1,0,1.30188679245283,208.87592544348,52.5142255275531
2016,20,"386*F",1627.26059577,-1363.38018663,"Arenaria congesta",1,NA,NA,1,0,0,1,0,1,0,1.30188679245283,242.067013528388,49.6430334766019
2016,20,"386*G",1631.74517819,-1362.99177984,"Arenaria congesta",1,NA,NA,1,0,0,1,0,1,0,1.30188679245283,311.307751848109,0
2016,20,"386*H",1627.13571165,-1367.18626842,"Arenaria congesta",1,NA,NA,1,0,0,1,0,1,0,1.30188679245283,299.999999999989,135.882454662262
2017,20,"386*A",1630.5,-1366,"Arenaria congesta",10,1,9,5,7,0,0,1,0,0,1.28571428571429,278.702033892844,132.064527746865
2018,20,"386*A",1630.5,-1366,"Arenaria congesta",11.5,10,1.5,3,14,0,0,1,0,0,1.12213740458015,286.131794436667,1.42739852859509
2019,20,"386*A",1630.5,-1366,"Arenaria congesta",22,11.5,10.5,7,6,0,0,1,0,0,0.5,237.594751530556,79.674686496886
2014,20,"387*A",1628,-1365,"Arenaria congesta",1,NA,NA,0.5,0,1,1,1,0,0,2.52336448598131,300,0
2015,20,"387*A",1628,-1365,"Arenaria congesta",2.5,1,1.5,2,0,0,0,1,0,0,3.0530303030303,307.754619,0
2016,20,"387*A",1628.81812774,-1366.71639293,"Arenaria congesta",2.5,2.5,0,2.5,0,0,0,1,0,0,1.30188679245283,264.71527929079,73.0270297852907
2016,20,"387*B",1627.71043859,-1366.1591181,"Arenaria congesta",2.5,NA,NA,2.5,0,0,1,0,1,0,1.30188679245283,267.092012158252,70.3462803816807
2016,20,"387*C",1625.23377406,-1371.13348351,"Arenaria congesta",2.5,NA,NA,2.5,0,0,1,0,1,0,1.30188679245283,299.999999999995,14.2645991210917
2016,20,"387*D",1632.06300387,-1359.83605456,"Arenaria congesta",2.5,NA,NA,2.5,0,0,1,0,1,0,1.30188679245283,322.190785312229,16.0866354605805
2016,20,"387*E",1623.30978962,-1362.09908277,"Arenaria congesta",2.5,NA,NA,2.5,0,0,1,0,1,0,1.30188679245283,222.242310915923,71.2306126493246
2016,20,"387*F",1623.46483408,-1361.33226128,"Arenaria congesta",2.5,NA,NA,2.5,0,0,1,0,1,0,1.30188679245283,228.238545462943,71.2306126493391
2016,20,"387*G",1629.74324946,-1360.78849177,"Arenaria congesta",2.5,NA,NA,2.5,0,0,1,0,1,0,1.30188679245283,265.623371273451,16.0866354605795
2017,20,"387*A",1628,-1365,"Arenaria congesta",14,2.5,11.5,4,9,0,0,1,0,0,1.28571428571429,287.591307965765,120.531964109693
2018,20,"387*A",1628,-1365,"Arenaria congesta",1,14,-13,2,0,0,0,1,0,0,1.12213740458015,299.999999999974,99.9999999999914
2019,20,"387*A",1628,-1365,"Arenaria congesta",4.5,1,3.5,4.5,0,0,0,0,1,0,0.5,199.999999999994,242.758273097448
2014,20,"388*A",1610,-1351,"Lupinus argenteus",2,NA,NA,2,0,0,NA,1,0,0,2.52336448598131,200,39.9396929739714
2015,20,"388*A",1610,-1351,"Lupinus argenteus",12,2,10,6,0,0,0,1,0,0,3.0530303030303,178.429984,142.524369
2016,20,"388*A",1610,-1351,"Lupinus argenteus",0,12,-12,0,0,0,0,0,0,1,1.30188679245283,0,0
2014,5,"39*A",1790,-95,"Eriogonum umbellatum",30,NA,NA,4,17,0,NA,1,0,0,2.52336448598131,10.7420288444688,195.134797542066
2015,5,"39*A",1790,-95,"Eriogonum umbellatum",31,30,1,5,32,0,0,1,0,0,3.0530303030303,16.7544360642617,211.989428458976
2016,5,"39*A",1790,-95,"Eriogonum umbellatum",36,31,5,6.7,32,0,0,0,1,0,1.30188679245283,25.847858828358,208.756856715971
2014,20,"390*A",1625,-1355,"Lupinus argenteus",14,NA,NA,5,0,0,NA,1,0,0,2.52336448598131,212.5728152,108.498685121954
2015,20,"390*A",1625,-1355,"Lupinus argenteus",13,14,-1,11,0,0,0,1,0,0,3.0530303030303,209.64055822,161.23924897
2016,20,"390*A",1625,-1355,"Lupinus argenteus",0,13,-13,0,0,0,0,0,0,1,1.30188679245283,0,0
2014,20,"391*A",1618,-1342,"Lupinus argenteus",11,NA,NA,6,0,0,NA,1,0,0,2.52336448598131,171.6614,57.469615454996
2015,20,"391*A",1618,-1342,"Lupinus argenteus",14,11,3,10,0,0,0,1,0,0,3.0530303030303,163.811367,100.01344
2016,20,"391*A",1618,-1342,"Lupinus argenteus",0,14,-14,0,0,0,0,0,0,1,1.30188679245283,0,0
2014,20,"392*A",1643,-1330,"Ivesia gordonii",19,NA,NA,8,0,0,NA,1,0,0,2.52336448598131,232.54552498,0
2015,20,"392*A",1643,-1330,"Ivesia gordonii",16,19,-3,7,10,0,0,1,0,0,3.0530303030303,316.1963251,0
2016,20,"392*A",1643,-1330,"Ivesia gordonii",23,16,7,6,4,0,0,1,0,0,1.30188679245283,232.030528835801,0.0126933125989869
2017,20,"392*A",1643,-1330,"Ivesia gordonii",21,23,-2,7,30,0,0,1,0,0,1.28571428571429,242.216730313839,0.0805642294930209
2018,20,"392*A",1643,-1330,"Ivesia gordonii",19,21,-2,7,4,0,0,1,0,0,1.12213740458015,177.476519716424,0
2019,20,"392*A",1643,-1330,"Ivesia gordonii",17,19,-2,8.5,1,0,0,1,0,0,0.5,148.739268730967,0
2014,20,"393*A",1642,-1345,"Heterotheca villosa",0.5,NA,NA,0.5,0,1,1,1,0,0,2.52336448598131,400,0
2015,20,"393*A",1642,-1345,"Heterotheca villosa",2.5,0.5,2,2,0,0,0,1,0,0,3.0530303030303,577.43369842,0
2016,20,"393*A",1642,-1345,"Heterotheca villosa",5,2.5,2.5,2,0,0,0,1,0,0,1.30188679245283,315.316626391526,0
2017,20,"393*A",1642,-1345,"Heterotheca villosa",3,5,-2,4,0,0,0,1,0,0,1.28571428571429,384.172366506762,0
2018,20,"393*A",1642,-1345,"Heterotheca villosa",0,3,-3,0,0,0,0,0,0,1,1.12213740458015,0,0
2014,20,"394*A",1649,-1345,"Eriogonum umbellatum",0.5,NA,NA,0.5,0,1,1,1,0,0,2.52336448598131,300,302.945851
2015,20,"394*A",1649,-1345,"Eriogonum umbellatum",0.5,0.5,0,0.5,0,0,0,1,0,0,3.0530303030303,400,414.57074
2016,20,"394*A",1649,-1345,"Eriogonum umbellatum",0.5,0.5,0,0.5,0,0,0,1,0,0,1.30188679245283,104.201281665897,400.00000000004
2017,20,"394*A",1649,-1345,"Eriogonum umbellatum",1.5,0.5,1,1.5,0,0,0,1,0,0,1.28571428571429,100.000000000003,414.630273118625
2018,20,"394*A",1649,-1345,"Eriogonum umbellatum",0,1.5,-1.5,0,0,0,0,0,0,1,1.12213740458015,0,0
2014,20,"395*A",1649,-1345,"Eriogonum umbellatum",0.5,NA,NA,0.5,0,1,1,1,0,0,2.52336448598131,300,302.945851
2015,20,"395*A",1649,-1345,"Eriogonum umbellatum",1,0.5,0.5,1,0,0,0,1,0,0,3.0530303030303,431.41214,346.154692
2016,20,"395*A",1649,-1345,"Eriogonum umbellatum",0.5,1,-0.5,0.5,0,0,0,1,0,0,1.30188679245283,104.201281665897,400.00000000004
2017,20,"395*A",1649,-1345,"Eriogonum umbellatum",2,0.5,1.5,1.5,0,0,0,1,0,0,1.28571428571429,104.370856544403,372.616500662014
2018,20,"395*A",1649,-1345,"Eriogonum umbellatum",1,2,-1,1,0,0,0,1,0,0,1.12213740458015,99.9999999999985,284.039639924618
2019,20,"395*A",1649,-1345,"Eriogonum umbellatum",1,1,0,1,0,0,0,1,0,0,0.5,99.9999999999985,199.999999999997
2014,20,"396*A",1655,-1350,"Lupinus argenteus",21,NA,NA,13,0,0,NA,1,0,0,2.52336448598131,300.77794578,67.793591
2015,20,"396*A",1655,-1350,"Lupinus argenteus",23,21,2,15,1,0,0,1,0,0,3.0530303030303,349.2698633233,114.368551
2016,20,"396*A",1655,-1350,"Lupinus argenteus",0,23,-23,0,0,0,0,0,0,1,1.30188679245283,0,0
2014,20,"397*A",1658,-1357,"Lupinus argenteus",18,NA,NA,11,0,0,NA,1,0,0,2.52336448598131,325.6983242,86.86405
2015,20,"397*A",1658,-1357,"Lupinus argenteus",20,18,2,13,1,0,0,1,0,0,3.0530303030303,391.88929414,122.871993352
2016,20,"397*A",1658,-1357,"Lupinus argenteus",0,20,-20,0,0,0,0,0,0,1,1.30188679245283,0,0
2014,20,"398*A",1655,-1374,"Ivesia gordonii",12,NA,NA,6,0,0,NA,1,0,0,2.52336448598131,287.8702216,63.79475
2015,20,"398*A",1655,-1374,"Ivesia gordonii",14,12,2,5,3,0,0,1,0,0,3.0530303030303,364.21424947,60.40123
2016,20,"398*A",1655,-1374,"Ivesia gordonii",14,14,0,6,1,0,0,1,0,0,1.30188679245283,322.187281916517,68.5502625336421
2017,20,"398*A",1655,-1374,"Ivesia gordonii",17,14,3,9,24,0,0,1,0,0,1.28571428571429,321.577804717305,4.2095352822757
2018,20,"398*A",1655,-1374,"Ivesia gordonii",0.2,17,-16.8,0.6,0,0,0,1,0,0,1.12213740458015,200.000000000048,0
2019,20,"398*A",1655,-1374,"Ivesia gordonii",0,0.2,-0.2,0,0,0,0,0,0,1,0.5,0,0
2014,20,"399*A",1657,-1378,"Ivesia gordonii",10,NA,NA,4,1,0,NA,1,0,0,2.52336448598131,251.80376,91.86444
2015,20,"399*A",1657,-1378,"Ivesia gordonii",11,10,1,5,4,0,0,1,0,0,3.0530303030303,304.2667703,97.84001
2016,20,"399*A",1657,-1378,"Ivesia gordonii",12,11,1,4,0,0,0,1,0,0,1.30188679245283,303.572495447075,93.3045240041266
2017,20,"399*A",1657,-1378,"Ivesia gordonii",0,12,-12,0,0,0,0,0,0,1,1.28571428571429,0,0
2014,1,"4*A",102,-174,"Ivesia gordonii",9,NA,NA,3,0,0,NA,1,0,0,2.52336448598131,0,95.9182111532594
2015,1,"4*A",102,-174,"Ivesia gordonii",9,9,0,4,4,0,0,1,0,0,3.0530303030303,0,95.9182111532594
2016,1,"4*A",102,-174,"Ivesia gordonii",10,9,1,5.2,8,0,0,1,0,0,1.30188679245283,0,100
2017,1,"4*A",102,-174,"Ivesia gordonii",0,10,-10,0,0,0,0,0,0,1,1.28571428571429,0,0
2014,5,"40*A",1790,-80,"Heterotheca villosa",7,NA,NA,5,1,0,NA,1,0,0,2.52336448598131,270.632624914298,0
2015,5,"40*A",1790,-80,"Heterotheca villosa",12.5,7,5.5,6,6,0,0,1,0,0,3.0530303030303,308.407711780097,0
2016,5,"40*A",1790,-80,"Heterotheca villosa",0,12.5,-12.5,0,0,0,0,0,0,1,1.30188679245283,0,0
2014,20,"400*A",1643,-1396,"Eriogonum umbellatum",28,NA,NA,2,9,0,NA,1,0,0,2.52336448598131,162.977809116586,112.657142028296
2015,20,"400*A",1643,-1396,"Eriogonum umbellatum",28,28,0,3,9,0,0,1,0,0,3.0530303030303,209.652116065,141.70333857
2016,20,"400*A",1643,-1396,"Eriogonum umbellatum",31,28,3,3,24,0,0,1,0,0,1.30188679245283,124.879030299503,137.254142625573
2017,20,"400*A",1643,-1396,"Eriogonum umbellatum",32,31,1,4,24,0,0,1,0,0,1.28571428571429,138.625843068344,151.443908257805
2018,20,"400*A",1643,-1396,"Eriogonum umbellatum",26,32,-6,3,14,0,0,1,0,0,1.12213740458015,54.1849048695044,123.854340364282
2019,20,"400*A",1643,-1396,"Eriogonum umbellatum",26,26,0,4,35,0,0,1,0,0,0.5,97.7673126151485,108.644372043777
2014,20,"401*A",1641,-1399,"Chaenactis douglasii",6,NA,NA,2,0,0,NA,1,0,0,2.52336448598131,200,0
2015,20,"401*A",1641,-1399,"Chaenactis douglasii",10,6,4,4,3,0,0,1,0,0,3.0530303030303,200,0
2016,20,"401*A",1641,-1399,"Chaenactis douglasii",11,10,1,6,16,0,0,1,0,0,1.30188679245283,223.065416380194,0
2017,20,"401*A",1641,-1399,"Chaenactis douglasii",3,11,-8,2,0,0,0,1,0,0,1.28571428571429,199.999999999996,0
2018,20,"401*A",1641,-1399,"Chaenactis douglasii",0,3,-3,0,0,0,0,0,0,1,1.12213740458015,0,0
2014,20,"402*A",1676,-1374,"Arenaria congesta",18,NA,NA,9,83,0,NA,1,0,0,2.52336448598131,289.818323,34.52122
2015,20,"402*A",1676,-1374,"Arenaria congesta",20,18,2,5,29,0,0,1,0,0,3.0530303030303,424.64339,44.20765
2016,20,"402*A",1676,-1374,"Arenaria congesta",21,20,1,2,0,0,0,1,0,0,1.30188679245283,392.28265109979,32.5828549752958
2017,20,"402*A",1676,-1374,"Arenaria congesta",22,21,1,5,39,0,0,1,0,0,1.28571428571429,420.580361077268,48.4392886763051
2018,20,"402*A",1676,-1374,"Arenaria congesta",13.5,22,-8.5,4.5,21,0,0,1,0,0,1.12213740458015,328.00426872291,37.6442673724958
2019,20,"402*A",1676,-1374,"Arenaria congesta",14,13.5,0.5,8,10,0,0,1,0,0,0.5,324.377453338945,36.81890807719
2014,20,"403*A",1672,-1370,"Elymus lanceolatus",7,NA,NA,13,1,0,NA,1,0,0,2.52336448598131,489.071127,0
2015,20,"403*A",1672,-1370,"Elymus lanceolatus",12,7,5,12,1,0,0,1,0,0,3.0530303030303,624.9641,0
2016,20,"403*A",1672,-1370,"Elymus lanceolatus",24,12,12,18,3,0,0,1,0,0,1.30188679245283,472.583660963062,1.86814116478652
2017,20,"403*A",1672,-1370,"Elymus lanceolatus",24,24,0,15,3,0,0,1,0,0,1.28571428571429,521.377217676964,6.89901135186897
2018,20,"403*A",1672,-1370,"Elymus lanceolatus",18,24,-6,17,10,0,0,1,0,0,1.12213740458015,372.571989507404,0
2019,20,"403*A",1672,-1370,"Elymus lanceolatus",25,18,7,24,6,0,0,1,0,0,0.5,292.736490194189,9.42435933488484
2014,20,"404*A",1674,-1368,"Arenaria congesta",11,NA,NA,6,53,0,NA,1,0,0,2.52336448598131,351.158648,92.437
2015,20,"404*A",1674,-1368,"Arenaria congesta",14,11,3,5,17,0,0,1,0,0,3.0530303030303,457.432688,90.2197
2016,20,"404*A",1674,-1368,"Arenaria congesta",12,14,-2,3,0,0,0,1,0,0,1.30188679245283,429.425689685375,99.7849933618408
2017,20,"404*A",1674,-1368,"Arenaria congesta",16,12,4,6,22,0,0,1,0,0,1.28571428571429,475.54662439109,91.5805301536405
2018,20,"404*A",1674,-1368,"Arenaria congesta",10,16,-6,5,18,0,0,1,0,0,1.12213740458015,393.222241076668,68.6066772863725
2019,20,"404*A",1674,-1368,"Arenaria congesta",10,10,0,8,0,0,0,1,0,0,0.5,319.776573723727,72.1650598312898
2014,20,"405*A",1702,-1385,"Arenaria congesta",10,NA,NA,5,64,0,NA,1,0,0,2.52336448598131,135.70212,0
2015,20,"405*A",1702,-1385,"Arenaria congesta",10,10,0,3,1,0,0,1,0,0,3.0530303030303,352.66046,0
2016,20,"405*A",1702,-1385,"Arenaria congesta",9,10,-1,2,1,0,0,1,0,0,1.30188679245283,383.774357748679,0
2017,20,"405*A",1702,-1385,"Arenaria congesta",0,9,-9,0,0,0,0,0,0,1,1.28571428571429,0,0
2014,20,"406*A",1665,-1353,"Senecio crassulus",6,NA,NA,7,0,0,NA,1,0,0,2.52336448598131,500,0
2015,20,"406*A",1665,-1353,"Senecio crassulus",10,6,4,13,2,0,0,1,0,0,3.0530303030303,579.51338,0
2016,20,"406*A",1665,-1353,"Senecio crassulus",15,10,5,10,2,0,0,1,0,0,1.30188679245283,365.104283352894,0
2017,20,"406*A",1665,-1353,"Senecio crassulus",21,15,6,12,12,0,0,1,0,0,1.28571428571429,408.255988007565,0
2018,20,"406*A",1665,-1353,"Senecio crassulus",0,21,-21,0,0,0,0,0,0,1,1.12213740458015,0,0
2014,20,"407*A",1670,-1345,"Heterotheca villosa",3,NA,NA,3,0,0,NA,1,0,0,2.52336448598131,460.46301,0
2015,20,"407*A",1670,-1345,"Heterotheca villosa",8,3,5,2,0,0,0,1,0,0,3.0530303030303,441.134586,0
2016,20,"407*A",1670,-1345,"Heterotheca villosa",6,8,-2,3,2,0,0,1,0,0,1.30188679245283,356.785970885163,0
2017,20,"407*A",1670,-1345,"Heterotheca villosa",6,6,0,2,0,0,0,1,0,0,1.28571428571429,375.993866343493,0
2018,20,"407*A",1670,-1345,"Heterotheca villosa",0,6,-6,0,0,0,0,0,0,1,1.12213740458015,0,0
2014,20,"408*A",1697,-1380,"Elymus lanceolatus",5,NA,NA,8,0,0,NA,1,0,0,2.52336448598131,241.09091,0
2015,20,"408*A",1697,-1380,"Elymus lanceolatus",29,5,24,14,0,0,0,1,0,0,3.0530303030303,313.86271,0
2016,20,"408*A",1697,-1380,"Elymus lanceolatus",28,29,-1,20,11,0,0,1,0,0,1.30188679245283,295.206858807531,1.37251187616972
2017,20,"408*A",1697,-1380,"Elymus lanceolatus",32,28,4,23,4,0,0,1,0,0,1.28571428571429,303.430323975084,3.88069388542664
2018,20,"408*A",1697,-1380,"Elymus lanceolatus",20.5,32,-11.5,19,13,0,0,1,0,0,1.12213740458015,231.101670563009,0
2019,20,"408*A",1697,-1380,"Elymus lanceolatus",33,20.5,12.5,24,8,0,0,1,0,0,0.5,192.901774871512,5.40883800211415
2014,20,"409*A",1692,-1379,"Elymus lanceolatus",4,NA,NA,10,1,0,NA,0,1,0,2.52336448598131,200,0
2014,5,"41*A",1784,-85,"Elymus lanceolatus",9,NA,NA,14,2,0,NA,1,0,0,2.52336448598131,389.165429962193,0
2015,5,"41*A",1784,-85,"Elymus lanceolatus",12,9,3,17.5,2,0,0,1,0,0,3.0530303030303,441.218526932736,0
2016,5,"41*A",1784,-85,"Elymus lanceolatus",27,12,15,26,13,0,0,1,0,0,1.30188679245283,327.177929294889,36.8380634875104
2017,5,"41*A",1784,-85,"Elymus lanceolatus",27,27,0,29,12,0,0,1,0,0,1.28571428571429,103.844184777801,36.8380634875104
2018,5,"41*A",1784,-85,"Elymus lanceolatus",27,27,0,21,25,0,0,1,0,0,1.12213740458015,99.9999999999991,28.7109431998891
2019,5,"41*A",1784,-85,"Elymus lanceolatus",27,27,0,14,0,0,0,1,0,0,0.5,99.9999999999991,45.8482309090287
2014,20,"410*A",1710,-1379,"Elymus lanceolatus",12,NA,NA,12,2,0,NA,0,1,0,2.52336448598131,115.61734,0
2014,20,"411*A",1725,-1300,"Heterotheca villosa",23,NA,NA,5,24,0,NA,1,0,0,2.52336448598131,109.1272699,0
2015,20,"411*A",1725,-1300,"Heterotheca villosa",28,23,5,7,35,0,0,1,0,0,3.0530303030303,186.5283745,0
2016,20,"411*A",1725,-1300,"Heterotheca villosa",34,28,6,8.5,55,0,0,1,0,0,1.30188679245283,215.849792213476,0
2017,20,"411*A",1725,-1300,"Heterotheca villosa",0,34,-34,0,0,0,0,0,0,1,1.28571428571429,0,0
2014,20,"412*A",1730,-1298,"Eriogonum umbellatum",43,NA,NA,3,24,0,NA,1,0,0,2.52336448598131,43.5011290530056,26.9985989806
2015,20,"412*A",1730,-1298,"Eriogonum umbellatum",47,43,4,3,47,0,0,1,0,0,3.0530303030303,65.95701520841,55.4780704
2016,20,"412*A",1730,-1298,"Eriogonum umbellatum",44,47,-3,4,64,0,0,1,0,0,1.30188679245283,68.5425224405725,67.4743894103286
2017,20,"412*A",1730,-1298,"Eriogonum umbellatum",47,44,3,4,58,0,0,1,0,0,1.28571428571429,47.9673734122065,72.0820524350316
2018,20,"412*A",1730,-1298,"Eriogonum umbellatum",44,47,-3,3,10,0,0,1,0,0,1.12213740458015,25.7075658255103,60.0177912845732
2019,20,"412*A",1730,-1298,"Eriogonum umbellatum",40,44,-4,3,8,0,0,1,0,0,0.5,28.7981705542494,59.8099134068874
2014,20,"413*A",1718,-1321,"Elymus lanceolatus",7,NA,NA,11,0,0,NA,1,0,0,2.52336448598131,200,20.26328
2015,20,"413*A",1718,-1321,"Elymus lanceolatus",22,7,15,13,0,0,0,1,0,0,3.0530303030303,300,39.310192
2016,20,"413*A",1718,-1321,"Elymus lanceolatus",30,22,8,22,9,0,0,1,0,0,1.30188679245283,331.14648452586,11.5080535693821
2017,20,"413*A",1718,-1321,"Elymus lanceolatus",37,30,7,24,47,0,0,1,0,0,1.28571428571429,248.519381381948,12.5687114282794
2018,20,"413*A",1718,-1321,"Elymus lanceolatus",38,37,1,26,49,0,0,1,0,0,1.12213740458015,238.646716281026,0
2019,20,"413*A",1718,-1321,"Elymus lanceolatus",36,38,-2,32,57,0,0,1,0,0,0.5,245.349621514351,0
2014,20,"414*A",1725,-1313,"Elymus lanceolatus",3,NA,NA,5,0,0,NA,1,0,0,2.52336448598131,200,85.67932
2015,20,"414*A",1725,-1313,"Elymus lanceolatus",0,3,-3,0,0,0,0,0,0,1,3.0530303030303,0,0
2014,20,"415*A",1725,-1318,"Elymus lanceolatus",11,NA,NA,8,0,0,NA,1,0,0,2.52336448598131,200,14.578635
2015,20,"415*A",1725,-1318,"Elymus lanceolatus",14,11,3,14,1,0,0,0,1,0,3.0530303030303,300,110.85665
2014,20,"416*A",1730,-1310,"Elymus lanceolatus",6,NA,NA,5,0,0,NA,1,0,0,2.52336448598131,200,0
2015,20,"416*A",1730,-1310,"Elymus lanceolatus",15,6,9,8,0,0,0,1,0,0,3.0530303030303,285.07173,42.52066
2016,20,"416*A",1730,-1310,"Elymus lanceolatus",15,15,0,17,1,0,0,1,0,0,1.30188679245283,300.000000000003,46.0322142775297
2017,20,"416*A",1730,-1310,"Elymus lanceolatus",15,15,0,17,1,0,0,1,0,0,1.28571428571429,201.500974645569,76.4736264236225
2018,20,"416*A",1730,-1310,"Elymus lanceolatus",0,15,-15,0,0,0,0,0,0,1,1.12213740458015,0,0
2014,20,"417*A",1735,-1305,"Elymus lanceolatus",4,NA,NA,3,0,0,NA,0,1,0,2.52336448598131,200,0
2014,20,"418*A",1735,-1300,"Elymus lanceolatus",3,NA,NA,5,0,0,NA,0,1,0,2.52336448598131,200,0
2014,20,"419*A",1790,-1255,"Lupinus argenteus",19,NA,NA,10,1,0,NA,1,0,0,2.52336448598131,101.855297,19.33003
2015,20,"419*A",1790,-1255,"Lupinus argenteus",11,19,-8,10,1,0,0,1,0,0,3.0530303030303,100.006392898,15.54512
2016,20,"419*A",1790,-1255,"Lupinus argenteus",0,11,-11,0,0,0,0,0,0,1,1.30188679245283,0,0
2014,20,"420*A",1780,-1230,"Lupinus argenteus",18,NA,NA,13,2,0,NA,1,0,0,2.52336448598131,160.676781477165,126.661134076
2015,20,"420*A",1780,-1230,"Lupinus argenteus",21,18,3,13,5,0,0,1,0,0,3.0530303030303,210.333193,138.6767428
2016,20,"420*A",1780,-1230,"Lupinus argenteus",0,21,-21,0,0,0,0,0,0,1,1.30188679245283,0,0
2014,20,"421*A",1760,-1230,"Lupinus argenteus",2,NA,NA,2,0,0,NA,1,0,0,2.52336448598131,100,100.6914851
2015,20,"421*A",1760,-1230,"Lupinus argenteus",0,2,-2,0,0,0,0,1,0,0,3.0530303030303,0,0
2016,20,"421*A",1760,-1230,"Lupinus argenteus",24,0,24,11,0,0,0,1,0,0,1.30188679245283,188.082086959794,61.8035957406185
2017,20,"421*A",1760,-1230,"Lupinus argenteus",13,24,-11,11,1,0,0,1,0,0,1.28571428571429,248.581726081567,28.2051226462717
2018,20,"421*A",1760,-1230,"Lupinus argenteus",0,13,-13,0,0,0,0,0,0,1,1.12213740458015,0,0
2014,20,"422*A",1780,-1220,"Lupinus argenteus",15,NA,NA,11,0,0,NA,1,0,0,2.52336448598131,163.889609381044,190.6968424
2015,20,"422*A",1780,-1220,"Lupinus argenteus",21,15,6,15,3,0,0,1,0,0,3.0530303030303,206.055697,184.5850741
2016,20,"422*A",1780,-1220,"Lupinus argenteus",0,21,-21,0,0,0,0,0,0,1,1.30188679245283,0,0
2014,20,"423*A",1779,-1222,"Ivesia gordonii",15,NA,NA,8,0,0,NA,1,0,0,2.52336448598131,324.424818446729,0
2015,20,"423*A",1779,-1222,"Ivesia gordonii",20,15,5,8,7,0,0,1,0,0,3.0530303030303,364.473989061,0
2016,20,"423*A",1779,-1222,"Ivesia gordonii",21,20,1,9,17,0,0,1,0,0,1.30188679245283,214.084773668739,0.0603077617057037
2017,20,"423*A",1779,-1222,"Ivesia gordonii",23,21,2,8,20,0,0,1,0,0,1.28571428571429,184.92460566565,0.0533141003221168
2018,20,"423*A",1779,-1222,"Ivesia gordonii",15,23,-8,6,1,0,0,1,0,0,1.12213740458015,132.723225823624,0
2019,20,"423*A",1779,-1222,"Ivesia gordonii",7,15,-8,5.5,0,0,0,1,0,0,0.5,119.342982552499,0
2014,20,"424*A",1755,-1215,"Lupinus argenteus",4,NA,NA,4,0,0,NA,1,0,0,2.52336448598131,100,300
2015,20,"424*A",1755,-1215,"Lupinus argenteus",16,4,12,8,0,0,0,1,0,0,3.0530303030303,140.1427642,201.9363776
2016,20,"424*A",1755,-1215,"Lupinus argenteus",0,16,-16,0,0,0,0,0,0,1,1.30188679245283,0,0
2014,20,"425*A",1750,-1215,"Lupinus argenteus",16,NA,NA,9,0,0,NA,1,0,0,2.52336448598131,83.356514,144.806504408
2015,20,"425*A",1750,-1215,"Lupinus argenteus",0,16,-16,0,0,0,0,0,0,1,3.0530303030303,0,0
2014,20,"426*A",1780,-1202,"Chaenactis douglasii",2,NA,NA,1,0,0,NA,1,0,0,2.52336448598131,200,0
2015,20,"426*A",1780,-1202,"Chaenactis douglasii",5,2,3,2,0,0,0,1,0,0,3.0530303030303,400,0
2016,20,"426*A",1780,-1202,"Chaenactis douglasii",6,5,1,3,0,0,0,1,0,0,1.30188679245283,194.318547469555,0
2017,20,"426*A",1780,-1202,"Chaenactis douglasii",12,6,6,5,10,0,0,1,0,0,1.28571428571429,131.107885384214,0
2018,20,"426*A",1780,-1202,"Chaenactis douglasii",2,12,-10,1,0,0,0,1,0,0,1.12213740458015,20.6398107602704,0
2019,20,"426*A",1780,-1202,"Chaenactis douglasii",0,2,-2,0,0,0,0,0,0,1,0.5,0,0
2014,20,"427*A",1765,-1207,"Lupinus argenteus",26,NA,NA,13,5,0,NA,1,0,0,2.52336448598131,101.87261777618,181.4021913
2015,20,"427*A",1765,-1207,"Lupinus argenteus",25,26,-1,14,0,0,0,1,0,0,3.0530303030303,165.7575273,220.7856234
2016,20,"427*A",1765,-1207,"Lupinus argenteus",6,25,-19,4,0,0,0,1,0,0,1.30188679245283,115.246077119208,153.511614953782
2017,20,"427*A",1765,-1207,"Lupinus argenteus",0,6,-6,0,0,0,0,0,0,1,1.28571428571429,0,0
2014,20,"428*A",1765,-1202,"Lupinus argenteus",24,NA,NA,14,7,0,NA,1,0,0,2.52336448598131,84.7676558,203.900189
2015,20,"428*A",1765,-1202,"Lupinus argenteus",23,24,-1,15,5,0,0,1,0,0,3.0530303030303,154.1756446,247.9397914
2016,20,"428*A",1765,-1202,"Lupinus argenteus",17,23,-6,13,0,0,0,1,0,0,1.30188679245283,132.0004222792,70.475391182312
2017,20,"428*A",1765,-1202,"Lupinus argenteus",6,17,-11,6,0,0,0,1,0,0,1.28571428571429,179.927201094617,0
2018,20,"428*A",1765,-1202,"Lupinus argenteus",0,6,-6,0,0,0,0,0,0,1,1.12213740458015,0,0
2014,20,"429*A",1705,-1202,"Lupinus argenteus",0.5,NA,NA,1,0,1,1,1,0,0,2.52336448598131,0,100
2015,20,"429*A",1705,-1202,"Lupinus argenteus",3,0.5,2.5,3,0,0,0,1,0,0,3.0530303030303,99.21813,100
2016,20,"429*A",1705,-1202,"Lupinus argenteus",0,3,-3,0,0,0,0,0,0,1,1.30188679245283,0,0
2014,6,"43*A",195,-575,"Ivesia gordonii",18,NA,NA,9,21,0,NA,1,0,0,2.52336448598131,0.984772546624547,0
2015,6,"43*A",195,-575,"Ivesia gordonii",21,18,3,6.5,16,0,0,1,0,0,3.0530303030303,17.0491229583883,0.387007647467753
2016,6,"43*A",195,-575,"Ivesia gordonii",23,21,2,10,23,0,0,1,0,0,1.30188679245283,27.8313301838635,1.75543865480955
2017,6,"43*A",195,-575,"Ivesia gordonii",0,23,-23,0,0,0,0,0,0,1,1.28571428571429,0,0
2014,20,"430*A",1710,-1205,"Lupinus argenteus",11,NA,NA,7,0,0,NA,1,0,0,2.52336448598131,45.76841,11.679192
2015,20,"430*A",1710,-1205,"Lupinus argenteus",11,11,0,8,0,0,0,1,0,0,3.0530303030303,99.19216,11.082912
2016,20,"430*A",1710,-1205,"Lupinus argenteus",0,11,-11,0,0,0,0,0,0,1,1.30188679245283,0,0
2014,20,"431*A",1700,-1225,"Lupinus argenteus",15,NA,NA,7,0,0,NA,1,0,0,2.52336448598131,98.66268,4.773621
2015,20,"431*A",1700,-1225,"Lupinus argenteus",2,15,-13,2,0,0,0,1,0,0,3.0530303030303,100,0
2016,20,"431*A",1700,-1225,"Lupinus argenteus",11,2,9,7,0,0,0,1,0,0,1.30188679245283,191.995029372452,0
2017,20,"431*A",1700,-1225,"Lupinus argenteus",10,11,-1,4,0,0,0,1,0,0,1.28571428571429,199.999999999998,0
2018,20,"431*A",1700,-1225,"Lupinus argenteus",0,10,-10,0,0,0,0,0,0,1,1.12213740458015,0,0
2014,20,"432*A",1640,-1219,"Ivesia gordonii",7,NA,NA,3,0,0,NA,1,0,0,2.52336448598131,0,0
2015,20,"432*A",1640,-1219,"Ivesia gordonii",10,7,3,5,2,0,0,1,0,0,3.0530303030303,101.755811,0
2016,20,"432*A",1640,-1219,"Ivesia gordonii",14,10,4,10,6,0,0,1,0,0,1.30188679245283,99.9999999999996,2.62287505418008
2017,20,"432*A",1640,-1219,"Ivesia gordonii",11,14,-3,6,1,0,0,1,0,0,1.28571428571429,99.9999999999974,0
2018,20,"432*A",1640,-1219,"Ivesia gordonii",8.5,11,-2.5,4,0,0,0,1,0,0,1.12213740458015,99.9999999999986,0
2019,20,"432*A",1640,-1219,"Ivesia gordonii",12.5,8.5,4,5,0,0,0,1,0,0,0.5,100,0
2014,20,"433*A",1607,-1233,"Ivesia gordonii",9,NA,NA,5,0,0,NA,1,0,0,2.52336448598131,76.40455,16.779888
2015,20,"433*A",1607,-1233,"Ivesia gordonii",10,9,1,4,6,0,0,1,0,0,3.0530303030303,100,42.165138
2016,20,"433*A",1607,-1233,"Ivesia gordonii",17,10,7,6,13,0,0,1,0,0,1.30188679245283,100,79.757825965724
2017,20,"433*A",1607,-1233,"Ivesia gordonii",16.5,17,-0.5,8,15,0,0,1,0,0,1.28571428571429,99.9999999999996,66.3523155563463
2018,20,"433*A",1607,-1233,"Ivesia gordonii",13,16.5,-3.5,3.5,0,0,0,1,0,0,1.12213740458015,99.9999999999998,50.7747476246688
2019,20,"433*A",1607,-1233,"Ivesia gordonii",12.5,13,-0.5,4.5,0,0,0,1,0,0,0.5,99.9999999999996,67.8160337569721
2014,20,"434*A",1600,-1249,"Ivesia gordonii",7,NA,NA,5,2,0,NA,1,0,0,2.52336448598131,100,104.572479
2015,20,"434*A",1600,-1249,"Ivesia gordonii",8,7,1,5,0,0,0,1,0,0,3.0530303030303,100,119.49993
2016,20,"434*A",1600,-1249,"Ivesia gordonii",12,8,4,7,5,0,0,1,0,0,1.30188679245283,99.9999999999997,166.633259665494
2017,20,"434*A",1600,-1249,"Ivesia gordonii",12.5,12,0.5,6,9,0,0,1,0,0,1.28571428571429,99.9999999999999,161.491330375191
2018,20,"434*A",1600,-1249,"Ivesia gordonii",7.5,12.5,-5,4,0,0,0,1,0,0,1.12213740458015,100.000000000001,142.714344548244
2019,20,"434*A",1600,-1249,"Ivesia gordonii",4,7.5,-3.5,3.5,0,0,0,1,0,0,0.5,99.9999999999977,123.610003523092
2014,20,"435*A",1610,-1253,"Ivesia gordonii",12,NA,NA,6,3,0,NA,1,0,0,2.52336448598131,100,26.253955
2015,20,"435*A",1610,-1253,"Ivesia gordonii",15,12,3,6,8,0,0,1,0,0,3.0530303030303,100,32.72922
2016,20,"435*A",1610,-1253,"Ivesia gordonii",20,15,5,6,17,0,0,1,0,0,1.30188679245283,99.9999999999994,61.8327495462826
2017,20,"435*A",1610,-1253,"Ivesia gordonii",16,20,-4,6,33,0,0,1,0,0,1.28571428571429,100,75.3058626010467
2018,20,"435*A",1610,-1253,"Ivesia gordonii",16,16,0,6,4,0,0,1,0,0,1.12213740458015,100,39.5480346206792
2019,20,"435*A",1610,-1253,"Ivesia gordonii",21,16,5,7.5,16,0,0,1,0,0,0.5,99.9999999999998,27.1770195149803
2014,20,"436*A",1600,-1327,"Eriogonum umbellatum",46,NA,NA,2,89,0,NA,1,0,0,2.52336448598131,81.932812281871,75.8163172204456
2015,20,"436*A",1600,-1327,"Eriogonum umbellatum",63,46,17,3,112,0,0,1,0,0,3.0530303030303,83.0216698952,85.37867719
2016,20,"436*A",1600,-1327,"Eriogonum umbellatum",70,63,7,3,167,0,0,1,0,0,1.30188679245283,77.8944469496638,83.5125022639973
2017,20,"436*A",1600,-1327,"Eriogonum umbellatum",71,70,1,3,181,0,0,1,0,0,1.28571428571429,62.6734459908595,92.0976670854202
2018,20,"436*A",1600,-1327,"Eriogonum umbellatum",68,71,-3,2,140,0,0,1,0,0,1.12213740458015,34.998290314501,76.1035952033189
2019,20,"436*A",1600,-1327,"Eriogonum umbellatum",69,68,1,5,198,0,0,1,0,0,0.5,48.0304462029037,67.2738514615504
2014,20,"437*A",1601,-1315,"Agoseris glauca",7,NA,NA,7,1,0,NA,1,0,0,2.52336448598131,294.34668,0
2015,20,"437*A",1601,-1315,"Agoseris glauca",8,7,1,7,0,0,0,1,0,0,3.0530303030303,294.53231,0
2016,20,"437*A",1601,-1315,"Agoseris glauca",13,8,5,10,1,0,0,1,0,0,1.30188679245283,206.492107230746,0
2017,20,"437*A",1601,-1315,"Agoseris glauca",4,13,-9,4,0,0,0,1,0,0,1.28571428571429,199.999999999981,0
2018,20,"437*A",1601,-1315,"Agoseris glauca",0,4,-4,0,0,0,0,0,0,1,1.12213740458015,0,0
2014,20,"439*A",1605,-1315,"Elymus lanceolatus",10,NA,NA,15,2,0,NA,1,0,0,2.52336448598131,123.95682,1.739372
2015,20,"439*A",1605,-1315,"Elymus lanceolatus",10,10,0,15,2,0,0,0,1,0,3.0530303030303,129.24852,11.131316
2014,6,"44*A",124,-547,"Eriogonum umbellatum",26,NA,NA,4,3,0,NA,1,0,0,2.52336448598131,8.26459235021604,0
2015,6,"44*A",124,-547,"Eriogonum umbellatum",28,26,2,7,7,0,0,1,0,0,3.0530303030303,18.1863773713825,0
2016,6,"44*A",124,-547,"Eriogonum umbellatum",29,28,1,4,5,0,0,1,0,0,1.30188679245283,27.6266034166985,0
2017,6,"44*A",124,-547,"Eriogonum umbellatum",28,29,-1,2,2,0,0,1,0,0,1.28571428571429,16.6989779883621,0
2018,6,"44*A",124,-547,"Eriogonum umbellatum",26,28,-2,3,3,0,0,1,0,0,1.12213740458015,13.4531844292071,0
2019,6,"44*A",124,-547,"Eriogonum umbellatum",32,26,6,3,2,0,0,1,0,0,0.5,22.4522440412367,0
2014,20,"440*A",1613,-1316,"Elymus lanceolatus",6,NA,NA,18,1,0,NA,1,0,0,2.52336448598131,100,4.755957
2015,20,"440*A",1613,-1316,"Elymus lanceolatus",8,6,2,11,2,0,0,0,1,0,3.0530303030303,100,11.54149
2014,20,"441*A",1602,-1394,"Eriogonum umbellatum",0.5,NA,NA,0.5,0,1,1,1,0,0,2.52336448598131,285.618950043962,299.999999999985
2015,20,"441*A",1602,-1394,"Eriogonum umbellatum",0.8,0.5,0.3,0.2,0,0,0,1,0,0,3.0530303030303,300,323.97471
2016,20,"441*A",1602,-1394,"Eriogonum umbellatum",0.5,0.8,-0.3,0.5,0,0,0,1,0,0,1.30188679245283,199.99999999997,287.367080006624
2017,20,"441*A",1602,-1394,"Eriogonum umbellatum",0,0.5,-0.5,0,0,0,0,0,0,1,1.28571428571429,0,0
2014,20,"442*A",1600,-1327,"Achnatherum lettermanii",7,NA,NA,7,1,0,NA,1,0,0,2.52336448598131,148.522151698557,0
2015,20,"442*A",1600,-1327,"Achnatherum lettermanii",8,7,1,9,3,0,0,1,0,0,3.0530303030303,182.09802,0
2016,20,"442*A",1600,-1327,"Achnatherum lettermanii",17,8,9,19,12,0,0,1,0,0,1.30188679245283,200.000000000006,0
2017,20,"442*A",1600,-1327,"Achnatherum lettermanii",19,17,2,15,18,0,0,1,0,0,1.28571428571429,217.074132012738,0
2018,20,"442*A",1600,-1327,"Achnatherum lettermanii",6,19,-13,12,0,0,0,1,0,0,1.12213740458015,296.308775884313,0
2019,20,"442*A",1600,-1327,"Achnatherum lettermanii",14,6,8,11,3,0,0,1,0,0,0.5,300,0
2014,20,"443*A",1600,-1315,"Pseudocymopterus montanus",10,NA,NA,3,6,0,NA,1,0,0,2.52336448598131,279.90033,0
2015,20,"443*A",1600,-1315,"Pseudocymopterus montanus",11,10,1,5,5,0,0,1,0,0,3.0530303030303,281.56852,0
2016,20,"443*A",1600,-1315,"Pseudocymopterus montanus",4,11,-7,2,2,0,0,1,0,0,1.30188679245283,299.999999999951,0
2017,20,"443*A",1600,-1315,"Pseudocymopterus montanus",0,4,-4,0,0,0,0,0,0,1,1.28571428571429,0,0
2014,21,"444*A",73,-1706,"Eriogonum umbellatum",32,NA,NA,4,16,0,NA,1,0,0,2.52336448598131,2.324901269,128.02868806
2015,21,"444*A",73,-1706,"Eriogonum umbellatum",39,32,7,5,17,0,0,1,0,0,3.0530303030303,5.557137572,146.99506065
2016,21,"444*A",73,-1706,"Eriogonum umbellatum",43,39,4,6,28,0,0,1,0,0,1.30188679245283,9.89855746247268,160.356125225645
2017,21,"444*A",73,-1706,"Eriogonum umbellatum",45,43,2,5,17,0,0,1,0,0,1.28571428571429,4.94801737420578,167.009705282025
2018,21,"444*A",73,-1706,"Eriogonum umbellatum",30,45,-15,3,21,0,0,1,0,0,1.12213740458015,0.962132306857833,107.907940953412
2019,21,"444*A",73,-1706,"Eriogonum umbellatum",31.5,30,1.5,4,7,0,0,1,0,0,0.5,0.631943124955711,97.7277583547871
2014,21,"445*A",65,-1715,"Heterotheca villosa",1,NA,NA,2,0,0,NA,1,0,0,2.52336448598131,200,0
2015,21,"445*A",65,-1715,"Heterotheca villosa",4,1,3,2,0,0,0,1,0,0,3.0530303030303,200,0
2016,21,"445*A",65,-1715,"Heterotheca villosa",5,4,1,4,0,0,0,1,0,0,1.30188679245283,200,0
2017,21,"445*A",65,-1715,"Heterotheca villosa",5,5,0,3,0,0,0,1,0,0,1.28571428571429,200,0
2018,21,"445*A",65,-1715,"Heterotheca villosa",0,5,-5,0,0,0,0,0,0,1,1.12213740458015,0,0
2014,21,"446*A",131,-1765,"Eriogonum umbellatum",20,NA,NA,2,3,0,NA,1,0,0,2.52336448598131,1.662771,66.28538
2015,21,"446*A",131,-1765,"Eriogonum umbellatum",23,20,3,2.5,4,0,0,1,0,0,3.0530303030303,6.5316305,144.31971
2016,21,"446*A",131,-1765,"Eriogonum umbellatum",28,23,5,3,8,0,0,1,0,0,1.30188679245283,6.71154603302697,134.089209402999
2017,21,"446*A",131,-1765,"Eriogonum umbellatum",29,28,1,2,8,0,0,1,0,0,1.28571428571429,0,147.19416213495
2018,21,"446*A",131,-1765,"Eriogonum umbellatum",25,29,-4,2.5,5,0,0,1,0,0,1.12213740458015,0,40.0493150633964
2019,21,"446*A",131,-1765,"Eriogonum umbellatum",18,25,-7,2.5,1,0,0,1,0,0,0.5,0,27.4731563041628
2014,21,"447*A",140,-1760,"Elymus lanceolatus",7,NA,NA,18,0,0,NA,1,0,0,2.52336448598131,100,0
2015,21,"447*A",140,-1760,"Elymus lanceolatus",12,7,5,11,0,0,0,1,0,0,3.0530303030303,231.66797,26.50936
2016,21,"447*A",140,-1760,"Elymus lanceolatus",14,12,2,16,1,0,0,1,0,0,1.30188679245283,297.558528667048,45.5414754341602
2017,21,"447*A",140,-1760,"Elymus lanceolatus",0,14,-14,0,0,0,0,0,0,1,1.28571428571429,0,0
2014,21,"448*A",135,-1770,"Elymus lanceolatus",7,NA,NA,13,0,0,NA,1,0,0,2.52336448598131,100,0
2015,21,"448*A",135,-1770,"Elymus lanceolatus",17,7,10,13,1,0,0,1,0,0,3.0530303030303,217.44786,13.20882
2016,21,"448*A",135,-1770,"Elymus lanceolatus",21,17,4,22,12,0,0,1,0,0,1.30188679245283,243.917049868467,20.2406557485157
2017,21,"448*A",135,-1770,"Elymus lanceolatus",0,21,-21,0,0,0,0,0,0,1,1.28571428571429,0,0
2014,21,"449*A",180,-1640,"Ivesia gordonii",2,NA,NA,2,0,0,NA,1,0,0,2.52336448598131,100,0
2015,21,"449*A",180,-1640,"Ivesia gordonii",5,2,3,3,0,0,0,1,0,0,3.0530303030303,203.205081,0
2016,21,"449*A",180,-1640,"Ivesia gordonii",8,5,3,4,2,0,0,1,0,0,1.30188679245283,165.561583132304,0
2017,21,"449*A",180,-1640,"Ivesia gordonii",7.9,8,-0.1,3,3,0,0,1,0,0,1.28571428571429,179.61816276685,0
2018,21,"449*A",180,-1640,"Ivesia gordonii",0,7.9,-7.9,0,0,0,0,0,0,1,1.12213740458015,0,0
2014,6,"45*A",116,-545,"Elymus lanceolatus",11,NA,NA,8,0,0,NA,1,0,0,2.52336448598131,100,54.0095107165796
2015,6,"45*A",116,-545,"Elymus lanceolatus",23,11,12,11,0,0,0,1,0,0,3.0530303030303,99.9999999999999,66.3955625344364
2016,6,"45*A",116,-545,"Elymus lanceolatus",20,23,-3,17,6,0,0,1,0,0,1.30188679245283,100,108.531977579515
2017,6,"45*A",116,-545,"Elymus lanceolatus",24,20,4,18,2,0,0,1,0,0,1.28571428571429,107.31543945298,76.7597870398716
2018,6,"45*A",116,-545,"Elymus lanceolatus",17.5,24,-6.5,18,8,0,0,1,0,0,1.12213740458015,100.003406255165,86.6262853783037
2019,6,"45*A",116,-545,"Elymus lanceolatus",21,17.5,3.5,24.5,9,0,0,1,0,0,0.5,112.700663270681,112.857921131827
2014,21,"450*A",175,-1640,"Eriogonum umbellatum",0.5,NA,NA,0.5,0,1,1,1,0,0,2.52336448598131,0,100
2015,21,"450*A",175,-1640,"Eriogonum umbellatum",0.5,0.5,0,0.5,0,0,0,1,0,0,3.0530303030303,96.75538,200
2016,21,"450*A",175,-1640,"Eriogonum umbellatum",0,0.5,-0.5,0,0,0,0,0,0,1,1.30188679245283,0,0
2014,21,"451*A",150,-1690,"Indet indet",0.5,NA,NA,0.5,0,1,1,1,0,0,2.52336448598131,200,0
2015,21,"451*A",150,-1690,"Indet indet",0,0.5,-0.5,0,0,0,0,0,0,1,3.0530303030303,0,0
2014,21,"452*A",165,-1640,"Eriogonum umbellatum",0.5,NA,NA,0.5,0,1,1,1,0,0,2.52336448598131,0,161.3139
2015,21,"452*A",165,-1640,"Eriogonum umbellatum",0,0.5,-0.5,0,0,0,0,0,0,1,3.0530303030303,0,0
2014,21,"453*A",135,-1670,"Eriogonum umbellatum",0.5,NA,NA,0.5,0,1,1,1,0,0,2.52336448598131,0,200
2015,21,"453*A",135,-1670,"Eriogonum umbellatum",0.8,0.5,0.3,0.4,0,0,0,1,0,0,3.0530303030303,0,300
2016,21,"453*A",135,-1670,"Eriogonum umbellatum",0,0.8,-0.8,0,0,0,0,0,0,1,1.30188679245283,0,0
2014,21,"454*A",130,-1625,"Eriogonum umbellatum",0.5,NA,NA,0.5,0,1,1,1,0,0,2.52336448598131,0,200
2015,21,"454*A",130,-1625,"Eriogonum umbellatum",0,0.5,-0.5,0,0,0,0,0,0,1,3.0530303030303,0,0
2014,21,"455*A",90,-1670,"Eriogonum umbellatum",0.5,NA,NA,0.5,0,1,1,1,0,0,2.52336448598131,0,300
2015,21,"455*A",90,-1670,"Eriogonum umbellatum",1,0.5,0.5,0.5,0,0,0,1,0,0,3.0530303030303,0,300
2016,21,"455*A",90,-1670,"Eriogonum umbellatum",0,1,-1,0,0,0,0,0,0,1,1.30188679245283,0,0
2014,21,"456*A",105,-1620,"Eriogonum umbellatum",0.5,NA,NA,1,0,1,1,1,0,0,2.52336448598131,0,200
2015,21,"456*A",105,-1620,"Eriogonum umbellatum",2,0.5,1.5,0.5,0,0,0,1,0,0,3.0530303030303,0,200
2016,21,"456*A",105,-1620,"Eriogonum umbellatum",0,2,-2,0,0,0,0,0,0,1,1.30188679245283,0,0
2014,21,"457*A",160,-1620,"Eriogonum umbellatum",0.5,NA,NA,0.5,0,1,1,1,0,0,2.52336448598131,0,136.60039
2015,21,"457*A",160,-1620,"Eriogonum umbellatum",0,0.5,-0.5,0,0,0,0,0,0,1,3.0530303030303,0,0
2014,21,"458*A",141,-1603,"Eriogonum umbellatum",43,NA,NA,2,33,0,NA,1,0,0,2.52336448598131,0.145267616,98.77900751
2015,21,"458*A",141,-1603,"Eriogonum umbellatum",49,43,6,2,64,0,0,1,0,0,3.0530303030303,2.185331599,146.52205988
2016,21,"458*A",141,-1603,"Eriogonum umbellatum",52,49,3,2,73,0,0,1,0,0,1.30188679245283,4.42631826037245,149.382499456836
2017,21,"458*A",141,-1603,"Eriogonum umbellatum",55,52,3,2,48,0,0,1,0,0,1.28571428571429,3.90125578125844,157.041977123434
2018,21,"458*A",141,-1603,"Eriogonum umbellatum",28,55,-27,1.5,0,0,0,1,0,0,1.12213740458015,0.388663530941696,43.7679767078899
2019,21,"458*A",141,-1603,"Eriogonum umbellatum",21,28,-7,2,0,0,0,1,0,0,0.5,0.97291314677071,39.9597611490931
2014,21,"459*A",140,-1600,"Eriogonum umbellatum",6,NA,NA,2,0,0,NA,1,0,0,2.52336448598131,0,198.64616
2015,21,"459*A",140,-1600,"Eriogonum umbellatum",7,6,1,2,0,0,0,1,0,0,3.0530303030303,1.260227,200
2016,21,"459*A",140,-1600,"Eriogonum umbellatum",9,7,2,3,0,0,0,1,0,0,1.30188679245283,10.2936112219396,200
2017,21,"459*A",140,-1600,"Eriogonum umbellatum",0,9,-9,0,0,0,0,0,0,1,1.28571428571429,0,0
2014,6,"46*A",124,-550,"Elymus lanceolatus",4,NA,NA,20,0,0,NA,1,0,0,2.52336448598131,100.000000000001,0
2015,6,"46*A",124,-550,"Elymus lanceolatus",14,4,10,14,0,0,0,1,0,0,3.0530303030303,102.383950816768,90.7717638926118
2016,6,"46*A",124,-550,"Elymus lanceolatus",22,14,8,24,6,0,0,1,0,0,1.30188679245283,100,78.2599877716144
2017,6,"46*A",124,-550,"Elymus lanceolatus",16,22,-6,21,1,0,0,1,0,0,1.28571428571429,100.225874532849,99.4994231397348
2018,6,"46*A",124,-550,"Elymus lanceolatus",9,16,-7,26,11,0,0,1,0,0,1.12213740458015,100,104.810702186719
2019,6,"46*A",124,-550,"Elymus lanceolatus",21,9,12,20,5,0,0,1,0,0,0.5,112.378897975951,92.2004080525009
2014,21,"461*A",40,-1640,"Heterotheca villosa",4,NA,NA,3,0,0,NA,1,0,0,2.52336448598131,100.2578256,0
2015,21,"461*A",40,-1640,"Heterotheca villosa",9,4,5,4,0,0,0,1,0,0,3.0530303030303,241.492799,0
2016,21,"461*A",40,-1640,"Heterotheca villosa",9,9,0,5,0,0,0,1,0,0,1.30188679245283,284.295500384964,7.38866933382431
2017,21,"461*A",40,-1640,"Heterotheca villosa",0,9,-9,0,0,0,0,0,0,1,1.28571428571429,0,0
2014,21,"462*A",30,-1660,"Heterotheca villosa",9,NA,NA,5,0,0,NA,1,0,0,2.52336448598131,188.648975,0
2015,21,"462*A",30,-1660,"Heterotheca villosa",5,9,-4,4,0,0,0,1,0,0,3.0530303030303,269.13666,0
2016,21,"462*A",30,-1660,"Heterotheca villosa",12,5,7,7,3,0,0,1,0,0,1.30188679245283,264.903903557129,4.15612650027616
2017,21,"462*A",30,-1660,"Heterotheca villosa",9,12,-3,7,1,0,0,1,0,0,1.28571428571429,271.762312161335,0
2018,21,"462*A",30,-1660,"Heterotheca villosa",0,9,-9,0,0,0,0,0,0,1,1.12213740458015,0,0
2014,21,"463*A",20,-1645,"Achnatherum lettermanii",8,NA,NA,12,13,0,NA,1,0,0,2.52336448598131,100,0
2015,21,"463*A",20,-1645,"Achnatherum lettermanii",18,8,10,11,18,0,0,1,0,0,3.0530303030303,175.3556493,0
2016,21,"463*A",20,-1645,"Achnatherum lettermanii",23,18,5,22,40,0,0,1,0,0,1.30188679245283,225.89653608151,4.7441893028606
2017,21,"463*A",20,-1645,"Achnatherum lettermanii",21,23,-2,12,22,0,0,1,0,0,1.28571428571429,206.502002112858,0.777085176289241
2018,21,"463*A",20,-1645,"Achnatherum lettermanii",11,21,-10,5,0,0,0,1,0,0,1.12213740458015,100,0
2019,21,"463*A",20,-1645,"Achnatherum lettermanii",0,11,-11,0,0,0,0,0,0,1,0.5,0,0
2014,21,"464*A",34,-1656,"Achnatherum lettermanii",6,NA,NA,12,10,0,NA,1,0,0,2.52336448598131,300,0
2015,21,"464*A",34,-1656,"Achnatherum lettermanii",18,6,12,14,19,0,0,1,0,0,3.0530303030303,243.580465,0
2016,21,"464*A",34,-1656,"Achnatherum lettermanii",21,18,3,20,63,0,0,1,0,0,1.30188679245283,315.77807653694,5.69087560365822
2017,21,"464*A",34,-1656,"Achnatherum lettermanii",19,21,-2,9,29,0,0,1,0,0,1.28571428571429,323.861201502872,0.949292417572176
2018,21,"464*A",34,-1656,"Achnatherum lettermanii",2,19,-17,2,0,0,0,1,0,0,1.12213740458015,200,0
2019,21,"464*A",34,-1656,"Achnatherum lettermanii",0,2,-2,0,0,0,0,0,0,1,0.5,0,0
2014,21,"465*A",35,-1672,"Achnatherum lettermanii",3,NA,NA,5,0,0,NA,1,0,0,2.52336448598131,200,0
2015,21,"465*A",35,-1672,"Achnatherum lettermanii",6,3,3,7,2,0,0,1,0,0,3.0530303030303,200,0
2016,21,"465*A",35,-1672,"Achnatherum lettermanii",9,6,3,16,24,0,0,1,0,0,1.30188679245283,272.490888768791,0
2017,21,"465*A",35,-1672,"Achnatherum lettermanii",0,9,-9,0,0,0,0,0,0,1,1.28571428571429,0,0
2014,22,"466*A",463,-1800,"Eriogonum umbellatum",51,NA,NA,4,34,0,NA,1,0,0,2.52336448598131,28.04930609,149.678919
2015,22,"466*A",463,-1800,"Eriogonum umbellatum",54,51,3,2,66,0,0,1,0,0,3.0530303030303,15.29800698,165.596539
2016,22,"466*A",463,-1800,"Eriogonum umbellatum",55,54,1,3,38,0,0,1,0,0,1.30188679245283,26.1983436058486,170.361319968111
2017,22,"466*A",463,-1800,"Eriogonum umbellatum",55,55,0,2,64,0,0,1,0,0,1.28571428571429,25.4170090759605,184.362105856053
2018,22,"466*A",463,-1800,"Eriogonum umbellatum",52,55,-3,3,36,0,0,1,0,0,1.12213740458015,7.36807062593026,192.477830922514
2019,22,"466*A",463,-1800,"Eriogonum umbellatum",52,52,0,3.5,68,0,0,1,0,0,0.5,12.2139508575456,196.306207573095
2014,22,"467*A",449,-1764,"Eriogonum umbellatum",6,NA,NA,1,0,0,NA,1,0,0,2.52336448598131,0,300
2015,22,"467*A",449,-1764,"Eriogonum umbellatum",5.5,6,-0.5,1.5,0,0,0,1,0,0,3.0530303030303,0,300
2016,22,"467*A",449,-1764,"Eriogonum umbellatum",8,5.5,2.5,2,0,0,0,1,0,0,1.30188679245283,0,299.999999999999
2017,22,"467*A",449,-1764,"Eriogonum umbellatum",11.5,8,3.5,2,0,0,0,1,0,0,1.28571428571429,0,300
2018,22,"467*A",449,-1764,"Eriogonum umbellatum",13.5,11.5,2,2.5,2,0,0,1,0,0,1.12213740458015,0,300
2019,22,"467*A",449,-1764,"Eriogonum umbellatum",14.5,13.5,1,2.5,4,0,0,1,0,0,0.5,1.54560838922627,300
2014,22,"468*A",527,-1754,"Eriogonum umbellatum",90,NA,NA,3,114,0,NA,1,0,0,2.52336448598131,11.78060051,62.438285
2015,22,"468*A",527,-1754,"Eriogonum umbellatum",86,90,-4,2.5,172,0,0,1,0,0,3.0530303030303,6.886655667,79.36157
2016,22,"468*A",527,-1754,"Eriogonum umbellatum",93,86,7,3,167,0,0,1,0,0,1.30188679245283,12.6539621597721,83.9268735748965
2017,22,"468*A",527,-1754,"Eriogonum umbellatum",92,93,-1,3,160,0,0,1,0,0,1.28571428571429,11.8596209754352,93.9627677033454
2018,22,"468*A",527,-1754,"Eriogonum umbellatum",92,92,0,2.5,196,0,0,1,0,0,1.12213740458015,3.24868321235233,91.778598798386
2019,22,"468*A",527,-1754,"Eriogonum umbellatum",98,92,6,4.5,223,0,0,1,0,0,0.5,5.06847871163744,94.1198855789311
2014,22,"469*A",520,-1745,"Heterotheca villosa",30,NA,NA,6,48,0,NA,1,0,0,2.52336448598131,203.62362,0
2015,22,"469*A",520,-1745,"Heterotheca villosa",23,30,-7,4,7,0,0,1,0,0,3.0530303030303,221.871651,0
2016,22,"469*A",520,-1745,"Heterotheca villosa",28,23,5,7,34,0,0,1,0,0,1.30188679245283,233.591730349407,0
2017,22,"469*A",520,-1745,"Heterotheca villosa",23,28,-5,8,12,0,0,1,0,0,1.28571428571429,288.188940952664,0
2018,22,"469*A",520,-1745,"Heterotheca villosa",0,23,-23,0,0,0,0,0,0,1,1.12213740458015,0,0
2014,6,"47*A",70,-510,"Ivesia gordonii",13,NA,NA,4,12,0,NA,1,0,0,2.52336448598131,12.6893880153293,73.2266113408578
2015,6,"47*A",70,-510,"Ivesia gordonii",17,13,4,5,14,0,0,1,0,0,3.0530303030303,31.292383832386,64.9298565573816
2016,6,"47*A",70,-510,"Ivesia gordonii",19,17,2,5,15,0,0,1,0,0,1.30188679245283,38.3463198170802,70.7020921891399
2017,6,"47*A",70,-510,"Ivesia gordonii",0,19,-19,0,0,0,0,0,0,1,1.28571428571429,0,0
2014,22,"471*A",425,-1630,"Ivesia gordonii",2,NA,NA,1,0,0,NA,1,0,0,2.52336448598131,100,0
2015,22,"471*A",425,-1630,"Ivesia gordonii",3,2,1,3,0,0,0,1,0,0,3.0530303030303,100,0
2016,22,"471*A",425,-1630,"Ivesia gordonii",8,3,5,5,0,0,0,1,0,0,1.30188679245283,99.9999999999997,0
2017,22,"471*A",425,-1630,"Ivesia gordonii",1,8,-7,1,0,0,0,1,0,0,1.28571428571429,100.000000000004,0
2018,22,"471*A",425,-1630,"Ivesia gordonii",0,1,-1,0,0,0,0,0,0,1,1.12213740458015,0,0
2014,22,"472*A",408,-1747,"Eriogonum umbellatum",33,NA,NA,2,71,0,NA,1,0,0,2.52336448598131,0.8250958,195.315769
2015,22,"472*A",408,-1747,"Eriogonum umbellatum",45,33,12,2.5,97,0,0,1,0,0,3.0530303030303,3.14139389,185.7636
2016,22,"472*A",408,-1747,"Eriogonum umbellatum",47,45,2,3,96,0,0,1,0,0,1.30188679245283,12.5058436510931,188.587700268616
2017,22,"472*A",408,-1747,"Eriogonum umbellatum",53,47,6,3,81,0,0,1,0,0,1.28571428571429,15.1390008564537,187.862834345425
2018,22,"472*A",408,-1747,"Eriogonum umbellatum",53,53,0,2.5,48,0,0,1,0,0,1.12213740458015,5.0439180505002,187.810975834386
2019,22,"472*A",408,-1747,"Eriogonum umbellatum",54,53,1,3.5,119,0,0,1,0,0,0.5,8.17787243240865,188.76235207955
2014,22,"473*A",409,-1737,"Elymus lanceolatus",8,NA,NA,9,0,0,NA,1,0,0,2.52336448598131,300,10.68881
2015,22,"473*A",409,-1737,"Elymus lanceolatus",3.5,8,-4.5,14,0,0,0,1,0,0,3.0530303030303,300,0
2016,22,"473*A",409,-1737,"Elymus lanceolatus",28,3.5,24.5,8,0,0,0,1,0,0,1.30188679245283,306.579141557446,12.1499443524874
2017,22,"473*A",409,-1737,"Elymus lanceolatus",9,28,-19,10,1,0,0,1,0,0,1.28571428571429,299.999999999999,99.9999999999996
2018,22,"473*A",409,-1737,"Elymus lanceolatus",12.5,9,3.5,17.5,9,0,0,1,0,0,1.12213740458015,300,39.8510267398054
2019,22,"473*A",409,-1737,"Elymus lanceolatus",8.5,12.5,-4,12.5,0,0,0,1,0,0,0.5,300,100
2014,22,"474*A",407,-1734,"Elymus lanceolatus",3,NA,NA,9,0,0,NA,1,0,0,2.52336448598131,300,76.00934
2015,22,"474*A",407,-1734,"Elymus lanceolatus",2.5,3,-0.5,9.5,0,0,0,1,0,0,3.0530303030303,300,0
2016,22,"474*A",407,-1734,"Elymus lanceolatus",9,2.5,6.5,12,0,0,0,1,0,0,1.30188679245283,300,99.9999999999999
2017,22,"474*A",407,-1734,"Elymus lanceolatus",29,9,20,18,0,0,0,1,0,0,1.28571428571429,303.379911964857,12.4962075145197
2018,22,"474*A",407,-1734,"Elymus lanceolatus",8.5,29,-20.5,16,1,0,0,1,0,0,1.12213740458015,300,86.183016305808
2019,22,"474*A",407,-1734,"Elymus lanceolatus",22,8.5,13.5,21.5,1,0,0,1,0,0,0.5,304.251925469127,17.6182922544824
2014,23,"475*A",812,-1769,"Eriogonum umbellatum",4,NA,NA,1,0,0,NA,1,0,0,2.52336448598131,0,0
2015,23,"475*A",812,-1769,"Eriogonum umbellatum",7,4,3,1,0,0,0,1,0,0,3.0530303030303,0,0
2016,23,"475*A",812,-1769,"Eriogonum umbellatum",10,7,3,2,0,0,0,1,0,0,1.30188679245283,0,0
2017,23,"475*A",812,-1769,"Eriogonum umbellatum",11,10,1,2,0,0,0,1,0,0,1.28571428571429,0,0
2018,23,"475*A",812,-1769,"Eriogonum umbellatum",12,11,1,1.5,1,0,0,1,0,0,1.12213740458015,0,0
2019,23,"475*A",812,-1769,"Eriogonum umbellatum",13,12,1,2.5,6,0,0,1,0,0,0.5,0,0
2014,23,"476*A",872,-1770,"Heterotheca villosa",21,NA,NA,4,13,0,NA,1,0,0,2.52336448598131,18.347075,0
2015,23,"476*A",872,-1770,"Heterotheca villosa",18.5,21,-2.5,8,13,0,0,1,0,0,3.0530303030303,9.668326,0
2016,23,"476*A",872,-1770,"Heterotheca villosa",26,18.5,7.5,8,17,0,0,1,0,0,1.30188679245283,53.8748576254944,0
2017,23,"476*A",872,-1770,"Heterotheca villosa",23,26,-3,7,16,0,0,1,0,0,1.28571428571429,43.7261532358822,0
2018,23,"476*A",872,-1770,"Heterotheca villosa",0,23,-23,0,0,0,0,0,0,1,1.12213740458015,0,0
2014,23,"477*A",896,-1797,"Ivesia gordonii",13,NA,NA,3,2,0,NA,1,0,0,2.52336448598131,73.01329,0
2015,23,"477*A",896,-1797,"Ivesia gordonii",14,13,1,3,6,0,0,1,0,0,3.0530303030303,57.10449,0
2016,23,"477*A",896,-1797,"Ivesia gordonii",14,14,0,4,11,0,0,1,0,0,1.30188679245283,98.2521683104148,0
2017,23,"477*A",896,-1797,"Ivesia gordonii",11,14,-3,5,2,0,0,1,0,0,1.28571428571429,96.2245040114919,0
2018,23,"477*A",896,-1797,"Ivesia gordonii",10.5,11,-0.5,3,13,0,0,1,0,0,1.12213740458015,62.5108096855407,0
2019,23,"477*A",896,-1797,"Ivesia gordonii",8.5,10.5,-2,8.5,7,0,0,1,0,0,0.5,106.187782707499,89.4912576364186
2014,23,"478*A",875,-1728,"Eriogonum umbellatum",7,NA,NA,2,0,0,NA,1,0,0,2.52336448598131,28.4737,8.902248
2015,23,"478*A",875,-1728,"Eriogonum umbellatum",8,7,1,2,0,0,0,1,0,0,3.0530303030303,18.35301,7.280592
2016,23,"478*A",875,-1728,"Eriogonum umbellatum",11.5,8,3.5,5,2,0,0,1,0,0,1.30188679245283,75.4279356061351,17.3567225145662
2017,23,"478*A",875,-1728,"Eriogonum umbellatum",13,11.5,1.5,4,1,0,0,1,0,0,1.28571428571429,35.5880485856726,33.4974672954512
2018,23,"478*A",875,-1728,"Eriogonum umbellatum",13,13,0,2,2,0,0,1,0,0,1.12213740458015,0,16.2440600542157
2019,23,"478*A",875,-1728,"Eriogonum umbellatum",13,13,0,4.5,6,0,0,1,0,0,0.5,11.6873651917578,12.5020718160066
2014,23,"479*A",913,-1767,"Ivesia gordonii",4,NA,NA,2,0,0,NA,1,0,0,2.52336448598131,100,0
2015,23,"479*A",913,-1767,"Ivesia gordonii",6,4,2,4,0,0,0,1,0,0,3.0530303030303,100,0
2016,23,"479*A",913,-1767,"Ivesia gordonii",12,6,6,6,4,0,0,1,0,0,1.30188679245283,109.902964535577,35.9655123242863
2017,23,"479*A",913,-1767,"Ivesia gordonii",12,12,0,7,5,0,0,1,0,0,1.28571428571429,101.286077034878,0
2018,23,"479*A",913,-1767,"Ivesia gordonii",14,12,2,6.5,5,0,0,1,0,0,1.12213740458015,99.9999999999993,0
2019,23,"479*A",913,-1767,"Ivesia gordonii",32,14,18,11,4,0,0,1,0,0,0.5,89.9873675851681,4.45912939599861
2014,6,"48*A",70,-495,"Ivesia gordonii",19,NA,NA,8,30,0,NA,1,0,0,2.52336448598131,3.32897404492558,34.2806019850552
2015,6,"48*A",70,-495,"Ivesia gordonii",19.5,19,0.5,3,13,0,0,1,0,0,3.0530303030303,11.2186495589122,49.348398540653
2016,6,"48*A",70,-495,"Ivesia gordonii",22,19.5,2.5,7,24,0,0,1,0,0,1.30188679245283,18.3750835736495,52.7344117361148
2017,6,"48*A",70,-495,"Ivesia gordonii",0,22,-22,0,0,0,0,0,0,1,1.28571428571429,0,0
2014,23,"480*A",905,-1730,"Ivesia gordonii",22,NA,NA,4,3,0,NA,1,0,0,2.52336448598131,100.980593,0
2015,23,"480*A",905,-1730,"Ivesia gordonii",19,22,-3,5,35,0,0,1,0,0,3.0530303030303,103.34216,0
2016,23,"480*A",905,-1730,"Ivesia gordonii",30,19,11,9,88,0,0,1,0,0,1.30188679245283,115.511670694911,5.75448197188577
2017,23,"480*A",905,-1730,"Ivesia gordonii",18,30,-12,10,19,0,0,1,0,0,1.28571428571429,136.3729481665,0
2018,23,"480*A",905,-1730,"Ivesia gordonii",0,18,-18,0,0,0,0,0,0,1,1.12213740458015,0,0
2014,23,"481*A",992,-1747,"Eriogonum umbellatum",50,NA,NA,3,76,0,NA,1,0,0,2.52336448598131,48.6887347,0.4011969
2015,23,"481*A",992,-1747,"Eriogonum umbellatum",49,50,-1,4,116,0,0,1,0,0,3.0530303030303,29.4566568,0.4424406
2016,23,"481*A",992,-1747,"Eriogonum umbellatum",49,49,0,3,87,0,0,1,0,0,1.30188679245283,48.9447622611623,2.17957429715392
2017,23,"481*A",992,-1747,"Eriogonum umbellatum",52,49,3,2,75,0,0,1,0,0,1.28571428571429,41.3311194894487,4.89308440961698
2018,23,"481*A",992,-1747,"Eriogonum umbellatum",48,52,-4,3.5,41,0,0,1,0,0,1.12213740458015,14.152392133755,2.69269240882325
2019,23,"481*A",992,-1747,"Eriogonum umbellatum",47,48,-1,11,94,0,0,1,0,0,0.5,31.5586303524615,2.14206248268158
2014,23,"482*A",981,-1747,"Elymus lanceolatus",6,NA,NA,4,0,0,NA,1,0,0,2.52336448598131,208.66865,0
2015,23,"482*A",981,-1747,"Elymus lanceolatus",6,6,0,17,1,0,0,1,0,0,3.0530303030303,112.26186,22.52757
2016,23,"482*A",981,-1747,"Elymus lanceolatus",12,6,6,20,3,0,0,1,0,0,1.30188679245283,123.040774137288,91.8962004236691
2017,23,"482*A",981,-1747,"Elymus lanceolatus",29,12,17,16,4,0,0,1,0,0,1.28571428571429,109.590761915711,62.8650453602117
2018,23,"482*A",981,-1747,"Elymus lanceolatus",22,29,-7,21,13,0,0,1,0,0,1.12213740458015,100,67.7919831758171
2019,23,"482*A",981,-1747,"Elymus lanceolatus",20.5,22,-1.5,20,1,0,0,1,0,0,0.5,100,38.7461070610709
2014,23,"483*A",985,-1750,"Agoseris glauca",10,NA,NA,8,0,0,NA,1,0,0,2.52336448598131,196.65611,0
2015,23,"483*A",985,-1750,"Agoseris glauca",11,10,1,6,0,0,0,1,0,0,3.0530303030303,113.0714,0
2016,23,"483*A",985,-1750,"Agoseris glauca",13,11,2,8,0,0,0,1,0,0,1.30188679245283,244.31377769517,0
2017,23,"483*A",985,-1750,"Agoseris glauca",17,13,4,10,1,0,0,1,0,0,1.28571428571429,277.881432859032,0
2018,23,"483*A",985,-1750,"Agoseris glauca",0,17,-17,0,0,0,0,0,0,1,1.12213740458015,0,0
2014,23,"484*A",994,-1740,"Elymus lanceolatus",10,NA,NA,25,2,0,NA,1,0,0,2.52336448598131,200,0
2015,23,"484*A",994,-1740,"Elymus lanceolatus",8,10,-2,19.5,3,0,0,1,0,0,3.0530303030303,100,0
2016,23,"484*A",994,-1740,"Elymus lanceolatus",24,8,16,24,10,0,0,1,0,0,1.30188679245283,104.4360941541,46.1545779423224
2017,23,"484*A",994,-1740,"Elymus lanceolatus",26,24,2,22,1,0,0,1,0,0,1.28571428571429,108.919026796081,89.2883832345261
2018,23,"484*A",994,-1740,"Elymus lanceolatus",24,26,-2,15,3,0,0,1,0,0,1.12213740458015,100,63.654403061359
2019,23,"484*A",994,-1740,"Elymus lanceolatus",25,24,1,22.5,3,0,0,1,0,0,0.5,99.9999999999996,33.8678584541505
2014,23,"485*A",990,-1720,"Lupinus argenteus",32,NA,NA,17,11,0,NA,1,0,0,2.52336448598131,112.007366,19.144315
2015,23,"485*A",990,-1720,"Lupinus argenteus",0,32,-32,0,0,0,0,0,0,1,3.0530303030303,0,0
2014,23,"486*A",980,-1690,"Lupinus argenteus",16,NA,NA,7,1,0,NA,1,0,0,2.52336448598131,148.53391,60.83274
2015,23,"486*A",980,-1690,"Lupinus argenteus",2,16,-14,2.5,0,0,0,1,0,0,3.0530303030303,200,100
2016,23,"486*A",980,-1690,"Lupinus argenteus",0,2,-2,0,0,0,0,0,0,1,1.30188679245283,0,0
2014,23,"487*A",985,-1688,"Lupinus argenteus",6,NA,NA,3,0,0,NA,1,0,0,2.52336448598131,192.56326,145.69197
2015,23,"487*A",985,-1688,"Lupinus argenteus",9,6,3,5,0,0,0,1,0,0,3.0530303030303,198.23192,4.938272
2016,23,"487*A",985,-1688,"Lupinus argenteus",0,9,-9,0,0,0,0,0,0,1,1.30188679245283,0,0
2014,23,"488*A",990,-1665,"Heterotheca villosa",23,NA,NA,2,2,0,NA,1,0,0,2.52336448598131,130.57094,0
2015,23,"488*A",990,-1665,"Heterotheca villosa",26,23,3,3,2,0,0,1,0,0,3.0530303030303,102.2354035,0
2016,23,"488*A",990,-1665,"Heterotheca villosa",27,26,1,5,0,0,0,1,0,0,1.30188679245283,88.8415402198723,0
2017,23,"488*A",990,-1665,"Heterotheca villosa",26,27,-1,7,3,0,0,1,0,0,1.28571428571429,99.7702910617477,0
2018,23,"488*A",990,-1665,"Heterotheca villosa",0,26,-26,0,0,0,0,0,0,1,1.12213740458015,0,0
2014,23,"489*A",911,-1643,"Ivesia gordonii",5,NA,NA,3,2,0,NA,1,0,0,2.52336448598131,0,0
2015,23,"489*A",911,-1643,"Ivesia gordonii",6,5,1,3,0,0,0,1,0,0,3.0530303030303,0,0
2016,23,"489*A",911,-1643,"Ivesia gordonii",9,6,3,6,2,0,0,1,0,0,1.30188679245283,0,0
2017,23,"489*A",911,-1643,"Ivesia gordonii",10.5,9,1.5,4,6,0,0,1,0,0,1.28571428571429,0,0
2018,23,"489*A",911,-1643,"Ivesia gordonii",17,10.5,6.5,5.5,9,0,0,1,0,0,1.12213740458015,0,0
2019,23,"489*A",911,-1643,"Ivesia gordonii",16,17,-1,3.5,7,0,0,1,0,0,0.5,0,0
2014,6,"49*A",149,-434,"Ivesia gordonii",5,NA,NA,4,2,0,NA,1,0,0,2.52336448598131,0,0
2015,6,"49*A",149,-434,"Ivesia gordonii",8.5,5,3.5,4,0,0,0,1,0,0,3.0530303030303,0,3.58811400101699
2016,6,"49*A",149,-434,"Ivesia gordonii",9,8.5,0.5,6,6,0,0,1,0,0,1.30188679245283,0,17.6323055949576
2017,6,"49*A",149,-434,"Ivesia gordonii",9,9,0,5,0,0,0,1,0,0,1.28571428571429,0,12.2064686282645
2018,6,"49*A",149,-434,"Ivesia gordonii",15.5,9,6.5,6,11,0,0,1,0,0,1.12213740458015,0,0
2019,6,"49*A",149,-434,"Ivesia gordonii",18,15.5,2.5,7,2,0,0,1,0,0,0.5,0,0
2014,23,"490*A",983,-1740,"Elymus lanceolatus",6,NA,NA,18,3,0,NA,1,0,0,2.52336448598131,200,0
2015,23,"490*A",983,-1740,"Elymus lanceolatus",11,6,5,14,0,0,0,1,0,0,3.0530303030303,100,6.702418
2016,23,"490*A",983,-1740,"Elymus lanceolatus",17,11,6,20,7,0,0,1,0,0,1.30188679245283,105.179418531998,87.3489867865465
2017,23,"490*A",983,-1740,"Elymus lanceolatus",15,17,-2,21,2,0,0,1,0,0,1.28571428571429,107.564684418041,168.791923480997
2018,23,"490*A",983,-1740,"Elymus lanceolatus",14.5,15,-0.5,20,5,0,0,1,0,0,1.12213740458015,99.9999999999974,141.208536956968
2019,23,"490*A",983,-1740,"Elymus lanceolatus",3.5,14.5,-11,19,1,0,0,1,0,0,0.5,99.9999999999998,200
2014,24,"491*A",1200,-1772,"Eriogonum umbellatum",4,NA,NA,1,0,0,NA,1,0,0,2.52336448598131,0,0
2015,24,"491*A",1200,-1772,"Eriogonum umbellatum",4,4,0,1,0,0,0,1,0,0,3.0530303030303,0,0
2016,24,"491*A",1200,-1772,"Eriogonum umbellatum",3.5,4,-0.5,1.5,0,0,0,1,0,0,1.30188679245283,0,1.1986601724022
2017,24,"491*A",1200,-1772,"Eriogonum umbellatum",0,3.5,-3.5,0,0,0,0,0,0,1,1.28571428571429,0,0
2014,24,"492*A",1319,-1798,"Eriogonum umbellatum",49,NA,NA,3,48,0,NA,1,0,0,2.52336448598131,8.90685211,70.60654754
2015,24,"492*A",1319,-1798,"Eriogonum umbellatum",50,49,1,4,59,0,0,1,0,0,3.0530303030303,9.942614309,80.3310955
2016,24,"492*A",1319,-1798,"Eriogonum umbellatum",48,50,-2,4,48,0,0,1,0,0,1.30188679245283,8.45706565707828,75.8132755679626
2017,24,"492*A",1319,-1798,"Eriogonum umbellatum",50,48,2,4,58,0,0,1,0,0,1.28571428571429,11.9593927682804,90.5822133568106
2018,24,"492*A",1319,-1798,"Eriogonum umbellatum",45,50,-5,3,30,0,0,1,0,0,1.12213740458015,8.82599330700529,70.13717509219
2019,24,"492*A",1319,-1798,"Eriogonum umbellatum",47.5,45,2.5,6.5,61,0,0,1,0,0,0.5,12.1837841958575,70.3220563958294
2014,24,"493*A",1317,-1800,"Elymus lanceolatus",13,NA,NA,14,0,0,NA,1,0,0,2.52336448598131,100,4.302487
2015,24,"493*A",1317,-1800,"Elymus lanceolatus",14,13,1,13,0,0,0,1,0,0,3.0530303030303,100,6.893611
2016,24,"493*A",1317,-1800,"Elymus lanceolatus",22,14,8,14,7,0,0,1,0,0,1.30188679245283,100,92.8555894969092
2017,24,"493*A",1317,-1800,"Elymus lanceolatus",41,22,19,22,9,0,0,1,0,0,1.28571428571429,100.047423760061,0
2018,24,"493*A",1317,-1800,"Elymus lanceolatus",38,41,-3,25,10,0,0,1,0,0,1.12213740458015,99.9999999999999,13.6961865614919
2019,24,"493*A",1317,-1800,"Elymus lanceolatus",46.5,38,8.5,29,13,0,0,1,0,0,0.5,104.256992440668,7.05283847843682
2014,24,"494*A",1319,-1786.75,"Elymus lanceolatus",8,NA,NA,18,2,0,NA,1,0,0,2.52336448598131,100,60.572782
2015,24,"494*A",1319,-1786.75,"Elymus lanceolatus",9,8,1,14,0,0,0,1,0,0,3.0530303030303,100,145.5124
2016,24,"494*A",1319,-1786.75,"Elymus lanceolatus",28,9,19,24,5,0,0,1,0,0,1.30188679245283,101.518160944841,29.548920975121
2017,24,"494*A",1319,-1786.75,"Elymus lanceolatus",0,28,-28,0,0,0,0,0,0,1,1.28571428571429,0,0
2014,24,"495*A",1318,-1780,"Elymus lanceolatus",7,NA,NA,15,1,0,NA,1,0,0,2.52336448598131,100,17.506147
2015,24,"495*A",1318,-1780,"Elymus lanceolatus",10,7,3,12,0,0,0,0,1,0,3.0530303030303,100,111.12195
2014,24,"496*A",1320,-1782,"Elymus lanceolatus",2,NA,NA,11,0,0,NA,1,0,0,2.52336448598131,100,120.56795
2015,24,"496*A",1320,-1782,"Elymus lanceolatus",13,2,11,12,0,0,0,0,1,0,3.0530303030303,100,99.72985
2014,24,"497*A",1320,-1790,"Elymus lanceolatus",8,NA,NA,17,1,0,NA,1,0,0,2.52336448598131,100,57.631698
2015,24,"497*A",1320,-1790,"Elymus lanceolatus",8,8,0,14,1,0,0,0,1,0,3.0530303030303,100,103.72746
2014,24,"498*A",1347,-1765,"Eriogonum umbellatum",9,NA,NA,1,0,0,NA,1,0,0,2.52336448598131,32.700877,110.08674265
2015,24,"498*A",1347,-1765,"Eriogonum umbellatum",10,9,1,1.5,0,0,0,1,0,0,3.0530303030303,37.8886113,123.534176
2016,24,"498*A",1347,-1765,"Eriogonum umbellatum",10,10,0,2,1,0,0,1,0,0,1.30188679245283,12.6474204629574,113.796077374447
2017,24,"498*A",1347,-1765,"Eriogonum umbellatum",11,10,1,2,0,0,0,1,0,0,1.28571428571429,39.6980787388566,132.328359233121
2018,24,"498*A",1347,-1765,"Eriogonum umbellatum",11,11,0,2.5,1,0,0,1,0,0,1.12213740458015,13.0815462792182,111.329699349211
2019,24,"498*A",1347,-1765,"Eriogonum umbellatum",11,11,0,2,0,0,0,1,0,0,0.5,26.2373634443813,130.169169829635
2014,24,"499*A",1353,-1756,"Elymus lanceolatus",4,NA,NA,7,0,0,NA,1,0,0,2.52336448598131,278.0613687,100
2015,24,"499*A",1353,-1756,"Elymus lanceolatus",3,4,-1,8,0,0,0,1,0,0,3.0530303030303,349.77095,89.36359
2016,24,"499*A",1353,-1756,"Elymus lanceolatus",3,3,0,6,0,0,0,1,0,0,1.30188679245283,200.000000000006,0
2017,24,"499*A",1353,-1756,"Elymus lanceolatus",11,3,8,5,0,0,0,1,0,0,1.28571428571429,377.228688528057,39.1925298487577
2018,24,"499*A",1353,-1756,"Elymus lanceolatus",8,11,-3,9,0,0,0,1,0,0,1.12213740458015,200.127221040058,17.2576343853365
2019,24,"499*A",1353,-1756,"Elymus lanceolatus",12,8,4,7.5,0,0,0,1,0,0,0.5,288.433383101979,58.1597501815395
2014,1,"5*A",153,-192,"Ivesia gordonii",13,NA,NA,5,5,0,NA,1,0,0,2.52336448598131,0,0
2015,1,"5*A",153,-192,"Ivesia gordonii",15,13,2,5,15,0,0,1,0,0,3.0530303030303,0,0
2016,1,"5*A",153,-192,"Ivesia gordonii",16.3,15,1.3,6.9,31,0,0,1,0,0,1.30188679245283,0,0
2017,1,"5*A",153,-192,"Ivesia gordonii",0,16.3,-16.3,0,0,0,0,0,0,1,1.28571428571429,0,0
2014,6,"50*A",154,-442,"Ivesia gordonii",1,NA,NA,1,0,1,1,1,0,0,2.52336448598131,0,0
2015,6,"50*A",154,-442,"Ivesia gordonii",2,1,1,2.5,0,0,0,1,0,0,3.0530303030303,0,64.8103091433697
2016,6,"50*A",154,-442,"Ivesia gordonii",5,2,3,3,0,0,0,1,0,0,1.30188679245283,0,57.1286701276631
2017,6,"50*A",154,-442,"Ivesia gordonii",4,5,-1,3,0,0,0,1,0,0,1.28571428571429,0,61.7952474305894
2018,6,"50*A",154,-442,"Ivesia gordonii",0,4,-4,0,0,0,0,0,0,1,1.12213740458015,0,0
2014,24,"500*A",1354,-1744,"Elymus lanceolatus",28,NA,NA,19,2,0,NA,1,0,0,2.52336448598131,247.8197813,2.040816
2015,24,"500*A",1354,-1744,"Elymus lanceolatus",24,28,-4,19,1,0,0,1,0,0,3.0530303030303,324.155871,1.396306
2016,24,"500*A",1354,-1744,"Elymus lanceolatus",13,24,-11,13,0,0,0,1,0,0,1.30188679245283,270.058803281555,0
2017,24,"500*A",1354,-1744,"Elymus lanceolatus",21,13,8,16,2,0,0,1,0,0,1.28571428571429,339.341874446675,10.7535059222211
2018,24,"500*A",1354,-1744,"Elymus lanceolatus",18,21,-3,15,3,0,0,1,0,0,1.12213740458015,238.452858029312,3.4089154341405
2019,24,"500*A",1354,-1744,"Elymus lanceolatus",24.5,18,6.5,25,7,0,0,1,0,0,0.5,251.376141853524,13.952526490864
2014,24,"501*A",1360,-1750,"Senecio crassulus",17,NA,NA,9,0,0,NA,1,0,0,2.52336448598131,319.994504,0
2015,24,"501*A",1360,-1750,"Senecio crassulus",22,17,5,17,4,0,0,1,0,0,3.0530303030303,324.985465,6.61157
2016,24,"501*A",1360,-1750,"Senecio crassulus",9,22,-13,8,0,0,0,1,0,0,1.30188679245283,311.122793189632,35.4641783718869
2017,24,"501*A",1360,-1750,"Senecio crassulus",12,9,3,17,4,0,0,1,0,0,1.28571428571429,385.798304493054,111.631552601286
2018,24,"501*A",1360,-1750,"Senecio crassulus",0,12,-12,0,0,0,0,0,0,1,1.12213740458015,0,0
2014,24,"502*A",1360,-1750,"Eriogonum umbellatum",0.5,NA,NA,0.5,0,1,1,1,0,0,2.52336448598131,200,225.66814
2015,24,"502*A",1360,-1750,"Eriogonum umbellatum",3,0.5,2.5,1,0,0,0,1,0,0,3.0530303030303,217.11425,263.84673
2016,24,"502*A",1360,-1750,"Eriogonum umbellatum",1,3,-2,1.5,0,0,0,1,0,0,1.30188679245283,145.658947497733,294.839092071745
2017,24,"502*A",1360,-1750,"Eriogonum umbellatum",1.5,1,0.5,2,0,0,0,1,0,0,1.28571428571429,368.343546898696,300.000000000009
2018,24,"502*A",1360,-1750,"Eriogonum umbellatum",0,1.5,-1.5,0,0,0,0,0,0,1,1.12213740458015,0,0
2014,24,"503*A",1380,-1717,"Elymus lanceolatus",14,NA,NA,13,2,0,NA,1,0,0,2.52336448598131,184.1026,0
2015,24,"503*A",1380,-1717,"Elymus lanceolatus",10,14,-4,13,1,0,0,1,0,0,3.0530303030303,200,0
2016,24,"503*A",1380,-1717,"Elymus lanceolatus",14,10,4,16,0,0,0,1,0,0,1.30188679245283,167.678950139169,0
2017,24,"503*A",1380,-1717,"Elymus lanceolatus",21,14,7,14,0,0,0,1,0,0,1.28571428571429,201.243282158174,0
2018,24,"503*A",1380,-1717,"Elymus lanceolatus",22.5,21,1.5,21,6,0,0,1,0,0,1.12213740458015,146.758416996353,5.97530864197533
2019,24,"503*A",1380,-1717,"Elymus lanceolatus",16,22.5,-6.5,23.5,5,0,0,1,0,0,0.5,157.829583065921,13.7259289987753
2014,24,"504*A",1395,-1704,"Eriogonum umbellatum",30,NA,NA,3,22,0,NA,1,0,0,2.52336448598131,18.1557318406,100.32096623
2015,24,"504*A",1395,-1704,"Eriogonum umbellatum",31,30,1,3,18,0,0,1,0,0,3.0530303030303,19.14964602,116.213333
2016,24,"504*A",1395,-1704,"Eriogonum umbellatum",30,31,-1,3,9,0,0,1,0,0,1.30188679245283,26.3141165923042,105.426279373886
2017,24,"504*A",1395,-1704,"Eriogonum umbellatum",33,30,3,3,27,0,0,1,0,0,1.28571428571429,15.4527466741842,121.526228645175
2018,24,"504*A",1395,-1704,"Eriogonum umbellatum",29,33,-4,2.5,15,0,0,1,0,0,1.12213740458015,11.2332050330492,102.518989132056
2019,24,"504*A",1395,-1704,"Eriogonum umbellatum",33,29,4,5.5,34,0,0,1,0,0,0.5,11.4898987138258,94.1665795439037
2014,24,"505*A",1395,-1670,"Lupinus argenteus",10,NA,NA,6,0,0,NA,1,0,0,2.52336448598131,137.85511,0
2015,24,"505*A",1395,-1670,"Lupinus argenteus",12,10,2,7,0,0,0,1,0,0,3.0530303030303,186.1679,0
2016,24,"505*A",1395,-1670,"Lupinus argenteus",27,12,15,14,3,0,0,1,0,0,1.30188679245283,180.206150041809,0
2017,24,"505*A",1395,-1670,"Lupinus argenteus",0,27,-27,0,0,0,0,0,0,1,1.28571428571429,0,0
2014,24,"506*A",1395,-1625,"Elymus lanceolatus",8,NA,NA,7,0,0,NA,1,0,0,2.52336448598131,100,0
2015,24,"506*A",1395,-1625,"Elymus lanceolatus",13,8,5,12,0,0,0,1,0,0,3.0530303030303,100,0
2016,24,"506*A",1395,-1625,"Elymus lanceolatus",7,13,-6,9,0,0,0,1,0,0,1.30188679245283,99.9999999999968,0
2017,24,"506*A",1395,-1625,"Elymus lanceolatus",12,7,5,8,0,0,0,1,0,0,1.28571428571429,99.9999999999996,0
2018,24,"506*A",1395,-1625,"Elymus lanceolatus",17,12,5,18.5,7,0,0,1,0,0,1.12213740458015,100.000000000001,0
2019,24,"506*A",1395,-1625,"Elymus lanceolatus",16,17,-1,20,10,0,0,1,0,0,0.5,54.8233106876114,0
2014,24,"507*A",1266,-1618,"Eriogonum umbellatum",63,NA,NA,3,97,0,NA,1,0,0,2.52336448598131,40.53549329,73.330006
2015,24,"507*A",1266,-1618,"Eriogonum umbellatum",66,63,3,4,154,0,0,1,0,0,3.0530303030303,30.610722001,71.69084
2016,24,"507*A",1266,-1618,"Eriogonum umbellatum",65,66,-1,2,125,0,0,1,0,0,1.30188679245283,29.5602273697895,75.6664690017095
2017,24,"507*A",1266,-1618,"Eriogonum umbellatum",67,65,2,4,108,0,0,1,0,0,1.28571428571429,27.2019454481346,83.7034230355788
2018,24,"507*A",1266,-1618,"Eriogonum umbellatum",67,67,0,4,80,0,0,1,0,0,1.12213740458015,7.58536406458294,68.5529106164177
2019,24,"507*A",1266,-1618,"Eriogonum umbellatum",59.5,67,-7.5,5,153,0,0,1,0,0,0.5,7.18966796179287,74.4138198196058
2014,24,"508*A",1268,-1624,"Senecio crassulus",3,NA,NA,15,2,0,NA,1,0,0,2.52336448598131,200,0
2015,24,"508*A",1268,-1624,"Senecio crassulus",9,3,6,9,2,0,0,1,0,0,3.0530303030303,200.07826037,0
2016,24,"508*A",1268,-1624,"Senecio crassulus",6,9,-3,7,0,0,0,1,0,0,1.30188679245283,205.634233196259,0
2017,24,"508*A",1268,-1624,"Senecio crassulus",9,6,3,10,0,0,0,1,0,0,1.28571428571429,238.716398245508,0
2018,24,"508*A",1268,-1624,"Senecio crassulus",2.5,9,-6.5,5,0,0,0,1,0,0,1.12213740458015,107.72716792082,0
2019,24,"508*A",1268,-1624,"Senecio crassulus",6.5,2.5,4,11,0,0,0,1,0,0,0.5,115.241569458479,0
2014,24,"509*A",1280,-1625,"Heterotheca villosa",53,NA,NA,5,30,0,NA,1,0,0,2.52336448598131,141.2458122,0
2015,24,"509*A",1280,-1625,"Heterotheca villosa",38,53,-15,2,7,0,0,1,0,0,3.0530303030303,132.03646339,0
2016,24,"509*A",1280,-1625,"Heterotheca villosa",38,38,0,6,10,0,0,1,0,0,1.30188679245283,144.578316239459,0
2017,24,"509*A",1280,-1625,"Heterotheca villosa",38,38,0,5,0,0,0,1,0,0,1.28571428571429,149.120366108149,0
2018,24,"509*A",1280,-1625,"Heterotheca villosa",0,38,-38,0,0,0,0,0,0,1,1.12213740458015,0,0
2014,6,"51*A",130,-490,"Ivesia gordonii",10,NA,NA,4,5,0,NA,1,0,0,2.52336448598131,41.5067377747064,0
2015,6,"51*A",130,-490,"Ivesia gordonii",7.5,10,-2.5,3.5,2,0,0,1,0,0,3.0530303030303,70.5506849029961,0
2016,6,"51*A",130,-490,"Ivesia gordonii",13,7.5,5.5,5.5,14,0,0,1,0,0,1.30188679245283,69.1209446923971,0
2017,6,"51*A",130,-490,"Ivesia gordonii",12,13,-1,4,5,0,0,1,0,0,1.28571428571429,61.5134825409467,0
2018,6,"51*A",130,-490,"Ivesia gordonii",0,12,-12,0,0,0,0,0,0,1,1.12213740458015,0,0
2014,24,"510*A",1262,-1611,"Elymus lanceolatus",4,NA,NA,9,1,0,NA,1,0,0,2.52336448598131,200,100
2015,24,"510*A",1262,-1611,"Elymus lanceolatus",9,4,5,15,0,0,0,1,0,0,3.0530303030303,200,122.58018
2016,24,"510*A",1262,-1611,"Elymus lanceolatus",9,9,0,20,1,0,0,1,0,0,1.30188679245283,203.82164796818,133.194188587844
2017,24,"510*A",1262,-1611,"Elymus lanceolatus",15,9,6,15,0,0,0,1,0,0,1.28571428571429,219.305926697638,62.5564005995906
2018,24,"510*A",1262,-1611,"Elymus lanceolatus",24,15,9,14,2,0,0,1,0,0,1.12213740458015,148.033042935181,62.8624688501114
2019,24,"510*A",1262,-1611,"Elymus lanceolatus",14,24,-10,15,1,0,0,1,0,0,0.5,133.692897183565,132.445633207776
2014,24,"511*A",1264,-1611,"Elymus lanceolatus",8,NA,NA,13,2,0,NA,1,0,0,2.52336448598131,202.400271,25
2015,24,"511*A",1264,-1611,"Elymus lanceolatus",15,8,7,14,0,0,0,1,0,0,3.0530303030303,200.03424207,71.41502
2016,24,"511*A",1264,-1611,"Elymus lanceolatus",10,15,-5,12,1,0,0,1,0,0,1.30188679245283,209.170533435628,130.095108360178
2017,24,"511*A",1264,-1611,"Elymus lanceolatus",0,10,-10,0,0,0,0,1,0,0,1.28571428571429,0,0
2018,24,"511*A",1264,-1611,"Elymus lanceolatus",9,0,9,22,2,0,0,1,0,0,1.12213740458015,155.693096082595,191.620119932493
2019,24,"511*A",1264,-1611,"Elymus lanceolatus",15,9,6,16,1,0,0,1,0,0,0.5,136.960740313207,129.020983671222
2014,24,"512*A",1269,-1603,"Elymus lanceolatus",8,NA,NA,12,0,0,NA,1,0,0,2.52336448598131,300,0
2015,24,"512*A",1269,-1603,"Elymus lanceolatus",16,8,8,11,0,0,0,1,0,0,3.0530303030303,200,78.53364
2016,24,"512*A",1269,-1603,"Elymus lanceolatus",20,16,4,23,11,0,0,1,0,0,1.30188679245283,265.108506487574,38.1405845657731
2017,24,"512*A",1269,-1603,"Elymus lanceolatus",24,20,4,16,0,0,0,1,0,0,1.28571428571429,257.035951212421,37.9589338224864
2018,24,"512*A",1269,-1603,"Elymus lanceolatus",24,24,0,16,6,0,0,1,0,0,1.12213740458015,184.422643647651,91.8704087046342
2019,24,"512*A",1269,-1603,"Elymus lanceolatus",19.5,24,-4.5,22.5,4,0,0,1,0,0,0.5,182.493658949188,77.2392142388553
2014,24,"513*A",1285,-1605,"Elymus lanceolatus",7,NA,NA,15,1,0,NA,1,0,0,2.52336448598131,300,0
2015,24,"513*A",1285,-1605,"Elymus lanceolatus",23,7,16,20,6,0,0,0,1,0,3.0530303030303,200,11.51666
2014,24,"514*A",1210,-1690,"Eriogonum umbellatum",34,NA,NA,4,25,0,NA,1,0,0,2.52336448598131,36.842044,109.09985
2015,24,"514*A",1210,-1690,"Eriogonum umbellatum",32,34,-2,5,24,0,0,1,0,0,3.0530303030303,28.6594712,112.83186
2016,24,"514*A",1210,-1690,"Eriogonum umbellatum",35,32,3,5,28,0,0,1,0,0,1.30188679245283,21.6511624713015,109.755995584628
2017,24,"514*A",1210,-1690,"Eriogonum umbellatum",35,35,0,5,18,0,0,1,0,0,1.28571428571429,24.9638763184691,115.632119089969
2018,24,"514*A",1210,-1690,"Eriogonum umbellatum",31,35,-4,3,22,0,0,1,0,0,1.12213740458015,10.4866241962126,103.541773118223
2019,24,"514*A",1210,-1690,"Eriogonum umbellatum",35,31,4,7.5,30,0,0,1,0,0,0.5,8.78492812723847,102.397716972122
2014,24,"515*A",1200,-1695,"Heterotheca villosa",5,NA,NA,2,0,0,NA,1,0,0,2.52336448598131,230.84448,0
2015,24,"515*A",1200,-1695,"Heterotheca villosa",4,5,-1,1.5,1,0,0,1,0,0,3.0530303030303,342.22397,0
2016,24,"515*A",1200,-1695,"Heterotheca villosa",9,4,5,5,0,0,0,1,0,0,1.30188679245283,299.999999999994,0
2017,24,"515*A",1200,-1695,"Heterotheca villosa",11,9,2,6,11,0,0,1,0,0,1.28571428571429,299.999999999999,0
2018,24,"515*A",1200,-1695,"Heterotheca villosa",0,11,-11,0,0,0,0,0,0,1,1.12213740458015,0,0
2014,24,"516*A",1208,-1691,"Elymus lanceolatus",11,NA,NA,17,1,0,NA,1,0,0,2.52336448598131,215.83769,42.58708
2015,24,"516*A",1208,-1691,"Elymus lanceolatus",20,11,9,17,2,0,0,1,0,0,3.0530303030303,210.55768,90.49895
2016,24,"516*A",1208,-1691,"Elymus lanceolatus",32,20,12,24,7,0,0,1,0,0,1.30188679245283,225.213300864495,0
2017,24,"516*A",1208,-1691,"Elymus lanceolatus",38,32,6,26,10,0,0,1,0,0,1.28571428571429,228.214197754783,0
2018,24,"516*A",1208,-1691,"Elymus lanceolatus",35,38,-3,22.5,17,0,0,1,0,0,1.12213740458015,200,0
2019,24,"516*A",1208,-1691,"Elymus lanceolatus",36,35,1,25.5,14,0,0,1,0,0,0.5,200,0
2014,24,"517*A",1220,-1685,"Elymus lanceolatus",24,NA,NA,22,12,0,NA,1,0,0,2.52336448598131,200,8.946245
2015,24,"517*A",1220,-1685,"Elymus lanceolatus",37,24,13,21,3,0,0,0,1,0,3.0530303030303,201.297919,24.3234
2014,25,"518*A",1618,-1787,"Lupinus argenteus",4,NA,NA,3,0,0,NA,1,0,0,2.52336448598131,0,0
2015,25,"518*A",1618,-1787,"Lupinus argenteus",0,4,-4,0,0,0,0,0,0,1,3.0530303030303,0,0
2014,25,"519*A",1668,-1730,"Lupinus argenteus",10,NA,NA,6,0,0,NA,1,0,0,2.52336448598131,0,95.49535
2015,25,"519*A",1668,-1730,"Lupinus argenteus",0,10,-10,0,0,0,0,0,0,1,3.0530303030303,0,0
2014,7,"52*A",535,-520,"Ivesia gordonii",7,NA,NA,2,0,0,NA,1,0,0,2.52336448598131,0,0
2015,7,"52*A",535,-520,"Ivesia gordonii",9.5,7,2.5,2.5,0,0,0,1,0,0,3.0530303030303,0,0
2016,7,"52*A",535,-520,"Ivesia gordonii",9.5,9.5,0,5.5,2,0,0,1,0,0,1.30188679245283,0,0
2017,7,"52*A",535,-520,"Ivesia gordonii",10,9.5,0.5,5,5,0,0,1,0,0,1.28571428571429,0,0
2018,7,"52*A",535,-520,"Ivesia gordonii",11.5,10,1.5,3.5,1,0,0,1,0,0,1.12213740458015,0,0
2019,7,"52*A",535,-520,"Ivesia gordonii",0,11.5,-11.5,0,0,0,0,0,0,1,0.5,0,0
2014,25,"520*A",1670,-1730,"Lupinus argenteus",11,NA,NA,5,0,0,NA,1,0,0,2.52336448598131,0,80.2460298
2015,25,"520*A",1670,-1730,"Lupinus argenteus",7,11,-4,5,0,0,0,1,0,0,3.0530303030303,0,0
2016,25,"520*A",1670,-1730,"Lupinus argenteus",0,7,-7,0,0,0,0,0,0,1,1.30188679245283,0,0
2014,25,"521*A",1685,-1727,"Lupinus argenteus",5,NA,NA,4,0,0,NA,1,0,0,2.52336448598131,0,3.059791
2015,25,"521*A",1685,-1727,"Lupinus argenteus",8,5,3,4,0,0,0,1,0,0,3.0530303030303,0,9.760261
2016,25,"521*A",1685,-1727,"Lupinus argenteus",0,8,-8,0,0,0,0,0,0,1,1.30188679245283,0,0
2014,25,"522*A",1688,-1745,"Lupinus argenteus",13,NA,NA,5,0,0,NA,1,0,0,2.52336448598131,0,0.4954996
2015,25,"522*A",1688,-1745,"Lupinus argenteus",13,13,0,7,2,0,0,1,0,0,3.0530303030303,0,3.696194
2016,25,"522*A",1688,-1745,"Lupinus argenteus",0,13,-13,0,0,0,0,0,0,1,1.30188679245283,0,0
2014,25,"523*A",1745,-1735,"Lupinus argenteus",10,NA,NA,5,0,0,NA,1,0,0,2.52336448598131,0,10.37868
2015,25,"523*A",1745,-1735,"Lupinus argenteus",16,10,6,8,1,0,0,1,0,0,3.0530303030303,0,34.34318
2016,25,"523*A",1745,-1735,"Lupinus argenteus",12,16,-4,7,0,0,0,1,0,0,1.30188679245283,0,17.893753085801
2017,25,"523*A",1745,-1735,"Lupinus argenteus",0,12,-12,0,0,0,0,0,0,1,1.28571428571429,0,0
2014,25,"524*A",1755,-1705,"Lupinus argenteus",25,NA,NA,17,5,0,NA,1,0,0,2.52336448598131,0,115.14898
2015,25,"524*A",1755,-1705,"Lupinus argenteus",25,25,0,15,2,0,0,1,0,0,3.0530303030303,0,168.18751
2016,25,"524*A",1755,-1705,"Lupinus argenteus",9,25,-16,9,0,0,0,1,0,0,1.30188679245283,0,89.6860167274585
2017,25,"524*A",1755,-1705,"Lupinus argenteus",0,9,-9,0,0,0,0,0,0,1,1.28571428571429,0,0
2014,25,"525*A",1765,-1700,"Lupinus argenteus",21,NA,NA,10,1,0,NA,1,0,0,2.52336448598131,0,200.27127
2015,25,"525*A",1765,-1700,"Lupinus argenteus",19,21,-2,10,1,0,0,1,0,0,3.0530303030303,0.6193964,309.50739
2016,25,"525*A",1765,-1700,"Lupinus argenteus",0,19,-19,0,0,0,0,0,0,1,1.30188679245283,0,0
2014,25,"526*A",1765,-1700,"Lupinus argenteus",7,NA,NA,6,0,0,NA,1,0,0,2.52336448598131,0,371.35722
2015,25,"526*A",1765,-1700,"Lupinus argenteus",9,7,2,6,0,0,0,1,0,0,3.0530303030303,0,448.92442
2016,25,"526*A",1765,-1700,"Lupinus argenteus",0,9,-9,0,0,0,0,0,0,1,1.30188679245283,0,0
2014,25,"527*A",1770,-1695,"Lupinus argenteus",9,NA,NA,11,1,0,NA,1,0,0,2.52336448598131,0,408.942222
2015,25,"527*A",1770,-1695,"Lupinus argenteus",11,9,2,7,0,0,0,1,0,0,3.0530303030303,0.07654335,462.74685
2016,25,"527*A",1770,-1695,"Lupinus argenteus",0,11,-11,0,0,0,0,0,0,1,1.30188679245283,0,0
2014,25,"528*A",1775,-1692,"Lupinus argenteus",15,NA,NA,12,1,0,NA,1,0,0,2.52336448598131,0,279.36955
2015,25,"528*A",1775,-1692,"Lupinus argenteus",27,15,12,15,4,0,0,1,0,0,3.0530303030303,0.3108215,226.337521
2016,25,"528*A",1775,-1692,"Lupinus argenteus",0,27,-27,0,0,0,0,0,0,1,1.30188679245283,0,0
2014,25,"529*A",1785,-1700,"Lupinus argenteus",20,NA,NA,12,1,0,NA,1,0,0,2.52336448598131,0,197.094734
2015,25,"529*A",1785,-1700,"Lupinus argenteus",22,20,2,12,0,0,0,1,0,0,3.0530303030303,0.5156598,275.36795
2016,25,"529*A",1785,-1700,"Lupinus argenteus",0,22,-22,0,0,0,0,0,0,1,1.30188679245283,0,0
2014,8,"53*A",815,-520,"Ivesia gordonii",1,NA,NA,1,0,1,1,1,0,0,2.52336448598131,0,0
2015,8,"53*A",815,-520,"Ivesia gordonii",3.4,1,2.4,3.2,0,0,0,1,0,0,3.0530303030303,0,0
2016,8,"53*A",815,-520,"Ivesia gordonii",7.5,3.4,4.1,5.5,3,0,0,1,0,0,1.30188679245283,0,0
2017,8,"53*A",815,-520,"Ivesia gordonii",11,7.5,3.5,6,2,0,0,1,0,0,1.28571428571429,0,0
2018,8,"53*A",815,-520,"Ivesia gordonii",13,11,2,5.5,0,0,0,1,0,0,1.12213740458015,0,0
2019,8,"53*A",815,-520,"Ivesia gordonii",0,13,-13,0,0,0,0,0,0,1,0.5,0,0
2014,25,"530*A",1795,-1697,"Lupinus argenteus",18,NA,NA,12,3,0,NA,1,0,0,2.52336448598131,0,154.550964
2015,25,"530*A",1795,-1697,"Lupinus argenteus",26,18,8,15,6,0,0,1,0,0,3.0530303030303,0.5325922,231.691069
2016,25,"530*A",1795,-1697,"Lupinus argenteus",0,26,-26,0,0,0,0,0,0,1,1.30188679245283,0,0
2014,27,"531*A",486,-2200,"Eriogonum umbellatum",82,NA,NA,4,61,0,NA,1,0,0,2.52336448598131,54.49719393,193.17946612
2015,27,"531*A",486,-2200,"Eriogonum umbellatum",83,82,1,4,67,0,0,1,0,0,3.0530303030303,64.212270357,197.95777
2016,27,"531*A",486,-2200,"Eriogonum umbellatum",83,83,0,4,84,0,0,1,0,0,1.30188679245283,70.413669021551,213.886471761485
2017,27,"531*A",486,-2200,"Eriogonum umbellatum",89,83,6,3,87,0,0,1,0,0,1.28571428571429,68.4470233050331,208.500579737274
2018,27,"531*A",486,-2200,"Eriogonum umbellatum",88,89,-1,2.5,36,0,0,1,0,0,1.12213740458015,5.26687488050966,186.941678054207
2019,27,"531*A",486,-2200,"Eriogonum umbellatum",86.5,88,-1.5,6,79,0,0,1,0,0,0.5,5.09743253417944,197.705448788239
2014,27,"532*A",512,-2195,"Elymus lanceolatus",2,NA,NA,7,0,0,NA,1,0,0,2.52336448598131,300,0
2015,27,"532*A",512,-2195,"Elymus lanceolatus",9,2,7,7,0,0,0,1,0,0,3.0530303030303,340.01681,0
2016,27,"532*A",512,-2195,"Elymus lanceolatus",15,9,6,10,0,0,0,1,0,0,1.30188679245283,369.205116153114,0
2017,27,"532*A",512,-2195,"Elymus lanceolatus",16,15,1,10,0,0,0,1,0,0,1.28571428571429,379.058132787603,0
2018,27,"532*A",512,-2195,"Elymus lanceolatus",18,16,2,13,1,0,0,1,0,0,1.12213740458015,388.029519575349,0
2019,27,"532*A",512,-2195,"Elymus lanceolatus",0,18,-18,0,0,0,0,0,0,1,0.5,0,0
2014,27,"533*A",518,-2145,"Eriogonum umbellatum",19,NA,NA,3,3,0,NA,1,0,0,2.52336448598131,48.037227,342.56687208
2015,27,"533*A",518,-2145,"Eriogonum umbellatum",23,19,4,3,24,0,0,1,0,0,3.0530303030303,53.2909145,337.9159737
2016,27,"533*A",518,-2145,"Eriogonum umbellatum",24,23,1,4,9,0,0,1,0,0,1.30188679245283,60.6080594546483,355.398246882616
2017,27,"533*A",518,-2145,"Eriogonum umbellatum",24.5,24,0.5,3,12,0,0,1,0,0,1.28571428571429,55.90211796035,351.66420411448
2018,27,"533*A",518,-2145,"Eriogonum umbellatum",25,24.5,0.5,3,18,0,0,1,0,0,1.12213740458015,3.17457007629866,315.073504612323
2019,27,"533*A",518,-2145,"Eriogonum umbellatum",23.5,25,-1.5,5.5,25,0,0,1,0,0,0.5,2.42099068636249,335.132380702877
2014,27,"534*A",562,-2175,"Heterotheca villosa",8,NA,NA,2,0,0,NA,1,0,0,2.52336448598131,300,0
2015,27,"534*A",562,-2175,"Heterotheca villosa",8.5,8,0.5,2,1,0,0,1,0,0,3.0530303030303,326.65951,0
2016,27,"534*A",562,-2175,"Heterotheca villosa",12,8.5,3.5,5,3,0,0,1,0,0,1.30188679245283,340.859502432011,0
2017,27,"534*A",562,-2175,"Heterotheca villosa",10,12,-2,3,2,0,0,1,0,0,1.28571428571429,345.651361342838,0
2018,27,"534*A",562,-2175,"Heterotheca villosa",0,10,-10,0,0,0,0,0,0,1,1.12213740458015,0,0
2014,27,"535*A",591,-2135,"Eriogonum umbellatum",57,NA,NA,3,58,0,NA,1,0,0,2.52336448598131,31.35555228,241.61694245
2015,27,"535*A",591,-2135,"Eriogonum umbellatum",53,57,-4,4,122,0,0,1,0,0,3.0530303030303,33.484680631,261.3552981
2016,27,"535*A",591,-2135,"Eriogonum umbellatum",57,53,4,3,93,0,0,1,0,0,1.30188679245283,42.4468082736061,269.914741663283
2017,27,"535*A",591,-2135,"Eriogonum umbellatum",57,57,0,4,83,0,0,1,0,0,1.28571428571429,39.3523225161098,273.699100369952
2018,27,"535*A",591,-2135,"Eriogonum umbellatum",53,57,-4,2.5,93,0,0,1,0,0,1.12213740458015,1.69303443350094,252.983084666067
2019,27,"535*A",591,-2135,"Eriogonum umbellatum",56,53,3,4,130,0,0,1,0,0,0.5,0.952680679307921,253.640140849656
2014,27,"536*A",506,-2103,"Eriogonum umbellatum",21,NA,NA,2,4,0,NA,1,0,0,2.52336448598131,89.922298989,324.25214934
2015,27,"536*A",506,-2103,"Eriogonum umbellatum",22,21,1,2,9,0,0,1,0,0,3.0530303030303,96.74674749,324.4278163
2016,27,"536*A",506,-2103,"Eriogonum umbellatum",26,22,4,2,6,0,0,1,0,0,1.30188679245283,94.000081744049,328.671346880137
2017,27,"536*A",506,-2103,"Eriogonum umbellatum",25,26,-1,2,3,0,0,1,0,0,1.28571428571429,92.2987093185683,332.719873734469
2018,27,"536*A",506,-2103,"Eriogonum umbellatum",15.5,25,-9.5,4,6,0,0,1,0,0,1.12213740458015,0.978472593391789,352.040859806367
2019,27,"536*A",506,-2103,"Eriogonum umbellatum",20,15.5,4.5,4,6,0,0,1,0,0,0.5,4.01309808258917,339.165809062397
2014,27,"537*A",510,-2115,"Heterotheca villosa",6,NA,NA,6,1,0,NA,1,0,0,2.52336448598131,501.391757,100
2015,27,"537*A",510,-2115,"Heterotheca villosa",0,6,-6,0,0,0,0,0,0,1,3.0530303030303,0,0
2014,27,"538*A",515,-2110,"Eriogonum umbellatum",0.5,NA,NA,0.5,0,1,1,1,0,0,2.52336448598131,164.36108,500
2015,27,"538*A",515,-2110,"Eriogonum umbellatum",2,0.5,1.5,1,0,0,0,1,0,0,3.0530303030303,100,500
2016,27,"538*A",515,-2110,"Eriogonum umbellatum",1.5,2,-0.5,1.5,0,0,0,1,0,0,1.30188679245283,99.9999999999994,499.999999999997
2017,27,"538*A",515,-2110,"Eriogonum umbellatum",2.5,1.5,1,3,0,0,0,1,0,0,1.28571428571429,100,500
2018,27,"538*A",515,-2110,"Eriogonum umbellatum",0,2.5,-2.5,0,0,0,0,0,0,1,1.12213740458015,0,0
2014,27,"539*A",495,-2060,"Agoseris glauca",7,NA,NA,4,1,0,NA,1,0,0,2.52336448598131,465.93668,0
2015,27,"539*A",495,-2060,"Agoseris glauca",10,7,3,4,0,0,0,1,0,0,3.0530303030303,400,0
2016,27,"539*A",495,-2060,"Agoseris glauca",10,10,0,5,9,0,0,1,0,0,1.30188679245283,476.609606026283,0
2017,27,"539*A",495,-2060,"Agoseris glauca",10,10,0,5,0,0,0,1,0,0,1.28571428571429,476.609606026283,0
2018,27,"539*A",495,-2060,"Agoseris glauca",0,10,-10,0,0,0,0,0,0,1,1.12213740458015,0,0
2014,8,"54*A",830,-490,"Lupinus argenteus",7,NA,NA,4,0,0,NA,1,0,0,2.52336448598131,0,0
2015,8,"54*A",830,-490,"Lupinus argenteus",5.8,7,-1.2,2.5,0,0,0,1,0,0,3.0530303030303,0,0
2016,8,"54*A",830,-490,"Lupinus argenteus",0,5.8,-5.8,0,0,0,0,0,0,1,1.30188679245283,0,0
2014,27,"540*A",515,-2015,"Heterotheca villosa",16,NA,NA,8,1,0,NA,1,0,0,2.52336448598131,119.2534179,0
2015,27,"540*A",515,-2015,"Heterotheca villosa",16,16,0,6,1,0,0,1,0,0,3.0530303030303,125.27701,6.755092
2016,27,"540*A",515,-2015,"Heterotheca villosa",21,16,5,7,2,0,0,1,0,0,1.30188679245283,142.381713454534,24.8268182579132
2017,27,"540*A",515,-2015,"Heterotheca villosa",24,21,3,6,6,0,0,1,0,0,1.28571428571429,186.081735655603,21.0825323135842
2018,27,"540*A",515,-2015,"Heterotheca villosa",0,24,-24,0,0,0,0,0,0,1,1.12213740458015,0,0
2014,27,"541*A",430,-2020,"Agoseris glauca",6,NA,NA,12,0,0,NA,1,0,0,2.52336448598131,200,0
2015,27,"541*A",430,-2020,"Agoseris glauca",4.5,6,-1.5,7,1,0,0,1,0,0,3.0530303030303,200,0
2016,27,"541*A",430,-2020,"Agoseris glauca",5,4.5,0.5,4,1,0,0,1,0,0,1.30188679245283,269.515639109586,0
2017,27,"541*A",430,-2020,"Agoseris glauca",14,5,9,10,0,0,0,1,0,0,1.28571428571429,317.259023092885,0
2018,27,"541*A",430,-2020,"Agoseris glauca",0,14,-14,0,0,0,0,0,0,1,1.12213740458015,0,0
2014,27,"542*A",424,-2019,"Achnatherum lettermanii",3,NA,NA,5,0,0,NA,1,0,0,2.52336448598131,200,0
2015,27,"542*A",424,-2019,"Achnatherum lettermanii",8,3,5,6,0,0,0,1,0,0,3.0530303030303,200,0
2016,27,"542*A",424,-2019,"Achnatherum lettermanii",7,8,-1,6,0,0,0,1,0,0,1.30188679245283,199.999999999999,0
2017,27,"542*A",424,-2019,"Achnatherum lettermanii",9,7,2,9,0,0,0,1,0,0,1.28571428571429,316.859203180564,0
2018,27,"542*A",424,-2019,"Achnatherum lettermanii",6,9,-3,5.5,0,0,0,1,0,0,1.12213740458015,204.039676030621,0
2019,27,"542*A",424,-2019,"Achnatherum lettermanii",0,6,-6,0,0,0,0,0,0,1,0.5,0,0
2014,27,"543*A",435,-2020,"Heterotheca villosa",12,NA,NA,3,5,0,NA,1,0,0,2.52336448598131,112.04640973,18.13581
2015,27,"543*A",435,-2020,"Heterotheca villosa",16,12,4,4,3,0,0,1,0,0,3.0530303030303,137.18221728918,43.38209
2016,27,"543*A",435,-2020,"Heterotheca villosa",18,16,2,6,18,0,0,1,0,0,1.30188679245283,144.459438716327,55.0550959298283
2017,27,"543*A",435,-2020,"Heterotheca villosa",14.5,18,-3.5,4,6,0,0,1,0,0,1.28571428571429,195.189773555529,43.2224582226774
2018,27,"543*A",435,-2020,"Heterotheca villosa",0,14.5,-14.5,0,0,0,0,0,0,1,1.12213740458015,0,0
2014,27,"544*A",403,-2029,"Ivesia gordonii",10,NA,NA,4,1,0,NA,1,0,0,2.52336448598131,192.8558,0.597281
2015,27,"544*A",403,-2029,"Ivesia gordonii",11.5,10,1.5,4,6,0,0,1,0,0,3.0530303030303,215.2664291145,0
2016,27,"544*A",403,-2029,"Ivesia gordonii",13,11.5,1.5,5,10,0,0,1,0,0,1.30188679245283,270.392207778369,0
2017,27,"544*A",403,-2029,"Ivesia gordonii",10,13,-3,2.5,0,0,0,1,0,0,1.28571428571429,291.95920865668,0
2018,27,"544*A",403,-2029,"Ivesia gordonii",10.5,10,0.5,3.5,0,0,0,1,0,0,1.12213740458015,260.052249769059,0
2019,27,"544*A",403,-2029,"Ivesia gordonii",17.5,10.5,7,6,9,0,0,1,0,0,0.5,250.833063725876,3.12948536350287
2014,27,"545*A",408,-2037,"Eriogonum umbellatum",8,NA,NA,1,0,0,NA,1,0,0,2.52336448598131,88.385106852,142.87611
2015,27,"545*A",408,-2037,"Eriogonum umbellatum",9,8,1,2,0,0,0,1,0,0,3.0530303030303,130.783530974,152.09035
2016,27,"545*A",408,-2037,"Eriogonum umbellatum",9,9,0,2,0,0,0,1,0,0,1.30188679245283,177.08698126428,154.102875774129
2017,27,"545*A",408,-2037,"Eriogonum umbellatum",11,9,2,1.5,2,0,0,1,0,0,1.28571428571429,129.512202730459,185.348372125573
2018,27,"545*A",408,-2037,"Eriogonum umbellatum",12,11,1,1.5,1,0,0,1,0,0,1.12213740458015,26.0186687400039,178.696453241038
2019,27,"545*A",408,-2037,"Eriogonum umbellatum",17.5,12,5.5,2.5,2,0,0,1,0,0,0.5,35.1503141787165,168.739754793145
2014,27,"546*A",405,-2048,"Ivesia gordonii",3,NA,NA,1,0,0,NA,1,0,0,2.52336448598131,405.712889,0
2015,27,"546*A",405,-2048,"Ivesia gordonii",2.5,3,-0.5,2,0,0,0,1,0,0,3.0530303030303,500,0
2016,27,"546*A",405,-2048,"Ivesia gordonii",3,2.5,0.5,3,0,0,0,1,0,0,1.30188679245283,502.067370795437,2.69518885480843
2017,27,"546*A",405,-2048,"Ivesia gordonii",0,3,-3,0,0,0,0,0,0,1,1.28571428571429,0,0
2014,27,"547*A",402,-2050,"Senecio crassulus",17,NA,NA,6,4,0,NA,1,0,0,2.52336448598131,320.79491,0
2015,27,"547*A",402,-2050,"Senecio crassulus",18,17,1,10,0,0,0,1,0,0,3.0530303030303,386.8422603,0
2016,27,"547*A",402,-2050,"Senecio crassulus",27,18,9,19,0,0,0,1,0,0,1.30188679245283,387.684411650732,0
2017,27,"547*A",402,-2050,"Senecio crassulus",26,27,-1,18,16,0,0,1,0,0,1.28571428571429,390.560275922148,0
2018,27,"547*A",402,-2050,"Senecio crassulus",0,26,-26,0,0,0,0,0,0,1,1.12213740458015,0,0
2014,27,"548*A",444,-2090,"Eriogonum umbellatum",80,NA,NA,3,83,0,NA,1,0,0,2.52336448598131,50.899293236,167.361569165
2015,27,"548*A",444,-2090,"Eriogonum umbellatum",85,80,5,4,64,0,0,1,0,0,3.0530303030303,60.7545371034,171.0678169
2016,27,"548*A",444,-2090,"Eriogonum umbellatum",85,85,0,5,57,0,0,1,0,0,1.30188679245283,68.4455651171541,185.89630696528
2017,27,"548*A",444,-2090,"Eriogonum umbellatum",89,85,4,3,82,0,0,1,0,0,1.28571428571429,65.0404716614465,192.800972257663
2018,27,"548*A",444,-2090,"Eriogonum umbellatum",76,89,-13,3,64,0,0,1,0,0,1.12213740458015,5.26750676837147,173.392278246159
2019,27,"548*A",444,-2090,"Eriogonum umbellatum",75.5,76,-0.5,6.5,100,0,0,1,0,0,0.5,5.67372841859066,182.787478486835
2014,27,"549*A",465,-2095,"Heterotheca villosa",60,NA,NA,6,9,0,NA,1,0,0,2.52336448598131,290.375866385,1.7658442
2015,27,"549*A",465,-2095,"Heterotheca villosa",65,60,5,6,10,0,0,1,0,0,3.0530303030303,298.13861605,3.160943768
2016,27,"549*A",465,-2095,"Heterotheca villosa",68,65,3,6,11,0,0,1,0,0,1.30188679245283,315.297955523265,6.17147259930401
2017,27,"549*A",465,-2095,"Heterotheca villosa",65,68,-3,6,1,0,0,1,0,0,1.28571428571429,321.819457282464,4.71880565000941
2018,27,"549*A",465,-2095,"Heterotheca villosa",0,65,-65,0,0,0,0,0,0,1,1.12213740458015,0,0
2014,8,"55*A",832,-465,"Ivesia gordonii",4,NA,NA,2,0,0,NA,1,0,0,2.52336448598131,0,0
2015,8,"55*A",832,-465,"Ivesia gordonii",7.8,4,3.8,3.5,2,0,0,1,0,0,3.0530303030303,0,0
2016,8,"55*A",832,-465,"Ivesia gordonii",11,7.8,3.2,5,15,0,0,1,0,0,1.30188679245283,0,0
2017,8,"55*A",832,-465,"Ivesia gordonii",13,11,2,7,5,0,0,1,0,0,1.28571428571429,0,0
2018,8,"55*A",832,-465,"Ivesia gordonii",14,13,1,6,1,0,0,1,0,0,1.12213740458015,0,0
2019,8,"55*A",832,-465,"Ivesia gordonii",17,14,3,5.5,3,0,0,1,0,0,0.5,0,0
2014,27,"550*A",415,-2079,"Elymus lanceolatus",14,NA,NA,11,1,0,NA,1,0,0,2.52336448598131,300,0
2015,27,"550*A",415,-2079,"Elymus lanceolatus",19,14,5,16,1,0,0,1,0,0,3.0530303030303,300,0
2016,27,"550*A",415,-2079,"Elymus lanceolatus",22,19,3,17,6,0,0,1,0,0,1.30188679245283,300.241350392606,0
2017,27,"550*A",415,-2079,"Elymus lanceolatus",27,22,5,17,5,0,0,1,0,0,1.28571428571429,301.207785663518,0
2018,27,"550*A",415,-2079,"Elymus lanceolatus",24,27,-3,24.5,11,0,0,1,0,0,1.12213740458015,205.070034289135,0
2019,27,"550*A",415,-2079,"Elymus lanceolatus",24.5,24,0.5,27.5,1,0,0,1,0,0,0.5,231.945656610503,0
2014,27,"551*A",430,-2080,"Agoseris glauca",6,NA,NA,5,0,0,NA,1,0,0,2.52336448598131,300,0
2015,27,"551*A",430,-2080,"Agoseris glauca",4.5,6,-1.5,3.5,0,0,0,1,0,0,3.0530303030303,300,0
2016,27,"551*A",430,-2080,"Agoseris glauca",9,4.5,4.5,6,0,0,0,1,0,0,1.30188679245283,300,0
2017,27,"551*A",430,-2080,"Agoseris glauca",8,9,-1,6,0,0,0,1,0,0,1.28571428571429,342.488789952345,0
2018,27,"551*A",430,-2080,"Agoseris glauca",0,8,-8,0,0,0,0,0,0,1,1.12213740458015,0,0
2014,27,"552*A",459,-2108,"Elymus lanceolatus",4,NA,NA,11,0,0,NA,1,0,0,2.52336448598131,394.266033,100
2015,27,"552*A",459,-2108,"Elymus lanceolatus",19,4,15,8,0,0,0,1,0,0,3.0530303030303,381.47774,53.87665
2016,27,"552*A",459,-2108,"Elymus lanceolatus",14,19,-5,16,2,0,0,1,0,0,1.30188679245283,400,29.0940380791381
2017,27,"552*A",459,-2108,"Elymus lanceolatus",12,14,-2,20,1,0,0,1,0,0,1.28571428571429,400,70.5147992126369
2018,27,"552*A",459,-2108,"Elymus lanceolatus",15,12,3,15.5,2,0,0,1,0,0,1.12213740458015,200,0
2019,27,"552*A",459,-2108,"Elymus lanceolatus",15,15,0,7.5,0,0,0,1,0,0,0.5,218.453117141881,0
2014,27,"553*A",440,-2080,"Agoseris glauca",3,NA,NA,6,0,0,NA,1,0,0,2.52336448598131,300,0
2015,27,"553*A",440,-2080,"Agoseris glauca",3.5,3,0.5,3,0,0,0,1,0,0,3.0530303030303,400,0
2016,27,"553*A",440,-2080,"Agoseris glauca",6,3.5,2.5,6,0,0,0,1,0,0,1.30188679245283,299.999999999997,0
2017,27,"553*A",440,-2080,"Agoseris glauca",9,6,3,6,0,0,0,1,0,0,1.28571428571429,363.196367148369,0
2018,27,"553*A",440,-2080,"Agoseris glauca",0,9,-9,0,0,0,0,0,0,1,1.12213740458015,0,0
2014,27,"554*A",447,-2086,"Elymus lanceolatus",4,NA,NA,12,0,0,NA,1,0,0,2.52336448598131,300,3.936003
2015,27,"554*A",447,-2086,"Elymus lanceolatus",19,4,15,13,0,0,0,1,0,0,3.0530303030303,301.2651528,46.071637
2016,27,"554*A",447,-2086,"Elymus lanceolatus",12,19,-7,11,0,0,0,1,0,0,1.30188679245283,305.073155617308,101.08000660452
2017,27,"554*A",447,-2086,"Elymus lanceolatus",18,12,6,12,0,0,0,1,0,0,1.28571428571429,311.931275755515,64.5203506336921
2018,27,"554*A",447,-2086,"Elymus lanceolatus",10.5,18,-7.5,10,0,0,0,1,0,0,1.12213740458015,200,95.0527736176916
2019,27,"554*A",447,-2086,"Elymus lanceolatus",2,10.5,-8.5,8,0,0,0,1,0,0,0.5,199.999999999995,99.9999999999976
2014,27,"555*A",453,-2071,"Elymus lanceolatus",12,NA,NA,11,0,0,NA,1,0,0,2.52336448598131,300,0
2015,27,"555*A",453,-2071,"Elymus lanceolatus",14,12,2,16,0,0,0,1,0,0,3.0530303030303,300.07234644,15.34236
2016,27,"555*A",453,-2071,"Elymus lanceolatus",16,14,2,17,1,0,0,1,0,0,1.30188679245283,312.527421399022,31.94459382041
2017,27,"555*A",453,-2071,"Elymus lanceolatus",20,16,4,10,0,0,0,1,0,0,1.28571428571429,312.29244341389,29.2361059669885
2018,27,"555*A",453,-2071,"Elymus lanceolatus",8,20,-12,16.5,1,0,0,1,0,0,1.12213740458015,200.000000000002,18.6414810947928
2019,27,"555*A",453,-2071,"Elymus lanceolatus",5.5,8,-2.5,7,0,0,0,1,0,0,0.5,199.999999999996,0
2014,27,"556*A",445,-2075,"Ivesia gordonii",0.5,NA,NA,1,0,1,1,1,0,0,2.52336448598131,300,0
2015,27,"556*A",445,-2075,"Ivesia gordonii",1.2,0.5,0.7,1.3,0,0,0,1,0,0,3.0530303030303,319.17367,0
2016,27,"556*A",445,-2075,"Ivesia gordonii",1.5,1.2,0.3,1.5,0,0,0,1,0,0,1.30188679245283,351.903324336136,0
2017,27,"556*A",445,-2075,"Ivesia gordonii",2,1.5,0.5,1.5,0,0,0,1,0,0,1.28571428571429,411.898349475283,0
2018,27,"556*A",445,-2075,"Ivesia gordonii",0,2,-2,0,0,0,0,0,0,1,1.12213740458015,0,0
2014,27,"557*A",454,-2084,"Elymus lanceolatus",10,NA,NA,16,0,0,NA,1,0,0,2.52336448598131,300,0.6297604
2015,27,"557*A",454,-2084,"Elymus lanceolatus",15,10,5,21,1,0,0,1,0,0,3.0530303030303,300.421269,74.829847
2016,27,"557*A",454,-2084,"Elymus lanceolatus",21,15,6,15,0,0,0,1,0,0,1.30188679245283,352.241689411139,51.6908898204318
2017,27,"557*A",454,-2084,"Elymus lanceolatus",16,21,-5,14,0,0,0,1,0,0,1.28571428571429,338.39641161198,89.7087740867265
2018,27,"557*A",454,-2084,"Elymus lanceolatus",20,16,4,14,2,0,0,1,0,0,1.12213740458015,200,29.3028528584914
2019,27,"557*A",454,-2084,"Elymus lanceolatus",17.5,20,-2.5,12.5,0,0,0,1,0,0,0.5,200,1.30612244897961
2014,27,"558*A",455,-2110,"Elymus lanceolatus",14,NA,NA,11,0,0,NA,1,0,0,2.52336448598131,327.1107447,8.163265
2015,27,"558*A",455,-2110,"Elymus lanceolatus",15,14,1,7,0,0,0,1,0,0,3.0530303030303,358.90277,86.44209
2016,27,"558*A",455,-2110,"Elymus lanceolatus",8,15,-7,10,0,0,0,1,0,0,1.30188679245283,400.000000000004,89.1004916173605
2017,27,"558*A",455,-2110,"Elymus lanceolatus",14,8,6,10,0,0,0,1,0,0,1.28571428571429,368.988939659482,51.806791258264
2018,27,"558*A",455,-2110,"Elymus lanceolatus",0,14,-14,0,0,0,0,0,0,1,1.12213740458015,0,0
2014,27,"559*A",450,-2105,"Ivesia gordonii",1,NA,NA,2,0,0,NA,1,0,0,2.52336448598131,380.10645,0
2015,27,"559*A",450,-2105,"Ivesia gordonii",0,1,-1,0,0,0,0,0,0,1,3.0530303030303,0,0
2014,8,"56*A",835,-425,"Lupinus argenteus",12,NA,NA,7,0,0,NA,1,0,0,2.52336448598131,0,1.75954550808943
2015,8,"56*A",835,-425,"Lupinus argenteus",2.5,12,-9.5,2,0,0,0,1,0,0,3.0530303030303,0,0
2016,8,"56*A",835,-425,"Lupinus argenteus",0,2.5,-2.5,0,0,0,0,0,0,1,1.30188679245283,0,0
2014,27,"560*A",460,-2110,"Ivesia gordonii",3,NA,NA,2,0,0,NA,1,0,0,2.52336448598131,453.302066,0
2015,27,"560*A",460,-2110,"Ivesia gordonii",5,3,2,3,0,0,0,1,0,0,3.0530303030303,535.40249,0
2016,27,"560*A",460,-2110,"Ivesia gordonii",0,5,-5,0,0,0,0,0,0,1,1.30188679245283,0,0
2014,27,"561*A",459,-2107,"Arenaria congesta",1,NA,NA,1,0,0,NA,1,0,0,2.52336448598131,583.39892,0
2015,27,"561*A",459,-2107,"Arenaria congesta",0,1,-1,0,0,0,0,0,0,1,3.0530303030303,0,0
2014,27,"562*A",411,-2038,"Ivesia gordonii",1,NA,NA,1,0,1,1,1,0,0,2.52336448598131,200,39.37901
2015,27,"562*A",411,-2038,"Ivesia gordonii",0,1,-1,0,0,0,0,0,0,1,3.0530303030303,0,0
2014,28,"563*A",827,-2168,"Eriogonum umbellatum",76,NA,NA,3,80,0,NA,1,0,0,2.52336448598131,47.16997599,58.10772587
2015,28,"563*A",827,-2168,"Eriogonum umbellatum",81,76,5,4,95,0,0,1,0,0,3.0530303030303,56.84214304,70.18869519
2016,28,"563*A",827,-2168,"Eriogonum umbellatum",84,81,3,5,129,0,0,1,0,0,1.30188679245283,65.105894540395,77.5005988798357
2017,28,"563*A",827,-2168,"Eriogonum umbellatum",90,84,6,6,70,0,0,1,0,0,1.28571428571429,35.321764624188,88.761394862652
2018,28,"563*A",827,-2168,"Eriogonum umbellatum",91,90,1,4,68,0,0,1,0,0,1.12213740458015,9.1056121900217,93.6776584716086
2019,28,"563*A",827,-2168,"Eriogonum umbellatum",93.5,91,2.5,10,80,0,0,1,0,0,0.5,18.8165045793728,114.936142569776
2014,28,"564*A",850,-2175,"Heterotheca villosa",50,NA,NA,13,22,0,NA,1,0,0,2.52336448598131,113.7410674,0
2015,28,"564*A",850,-2175,"Heterotheca villosa",57,50,7,9,27,0,0,1,0,0,3.0530303030303,118.94024709,0
2016,28,"564*A",850,-2175,"Heterotheca villosa",57,57,0,8.5,31,0,0,1,0,0,1.30188679245283,132.917194975573,0
2017,28,"564*A",850,-2175,"Heterotheca villosa",58,57,1,7,7,0,0,1,0,0,1.28571428571429,117.736207067157,0
2018,28,"564*A",850,-2175,"Heterotheca villosa",0,58,-58,0,0,0,0,0,0,1,1.12213740458015,0,0
2014,28,"565*A",801,-2185,"Arnica latifolia",6,NA,NA,3,0,0,NA,1,0,0,2.52336448598131,200,0
2015,28,"565*A",801,-2185,"Arnica latifolia",7,6,1,4,0,0,0,1,0,0,3.0530303030303,200,0
2016,28,"565*A",801,-2185,"Arnica latifolia",0,7,-7,0,0,0,0,0,0,1,1.30188679245283,0,0
2014,28,"566*A",837,-2180,"Elymus lanceolatus",4,NA,NA,9,0,0,NA,1,0,0,2.52336448598131,200,144.06839
2015,28,"566*A",837,-2180,"Elymus lanceolatus",7,4,3,8,0,0,0,0,1,0,3.0530303030303,200,200
2014,28,"567*A",845,-2170,"Elymus lanceolatus",10,NA,NA,16,1,0,NA,1,0,0,2.52336448598131,200,78.38804
2015,28,"567*A",845,-2170,"Elymus lanceolatus",15,10,5,13,0,0,0,0,1,0,3.0530303030303,200,57.168345
2014,28,"568*A",828,-2170,"Elymus lanceolatus",9,NA,NA,14,1,0,NA,1,0,0,2.52336448598131,200,18.01349
2015,28,"568*A",828,-2170,"Elymus lanceolatus",14,9,5,22,1,0,0,0,1,0,3.0530303030303,202.278322,25.792904
2014,28,"569*A",835,-2180,"Elymus lanceolatus",4,NA,NA,7,0,0,NA,1,0,0,2.52336448598131,200,144.06839
2015,28,"569*A",835,-2180,"Elymus lanceolatus",13,4,9,13,0,0,0,1,0,0,3.0530303030303,200.6070101,124.303616
2016,28,"569*A",835,-2180,"Elymus lanceolatus",26,13,13,29,8,0,0,1,0,0,1.30188679245283,201.352277800897,60.2189221969909
2017,28,"569*A",835,-2180,"Elymus lanceolatus",0,26,-26,0,0,0,0,0,0,1,1.28571428571429,0,0
2014,8,"57*A",840,-405,"Lupinus argenteus",10,NA,NA,7,0,0,NA,1,0,0,2.52336448598131,0,3.1551654142975
2015,8,"57*A",840,-405,"Lupinus argenteus",14.5,10,4.5,6.5,0,0,0,1,0,0,3.0530303030303,0,0
2016,8,"57*A",840,-405,"Lupinus argenteus",0,14.5,-14.5,0,0,0,0,0,0,1,1.30188679245283,0,0
2014,28,"570*A",840,-2177,"Elymus lanceolatus",21,NA,NA,17,3,0,NA,1,0,0,2.52336448598131,200,28.339906
2015,28,"570*A",840,-2177,"Elymus lanceolatus",19,21,-2,19,2,0,0,1,0,0,3.0530303030303,201.236984,96.233598
2016,28,"570*A",840,-2177,"Elymus lanceolatus",22,19,3,26,11,0,0,1,0,0,1.30188679245283,201.722114185848,84.1074202586079
2017,28,"570*A",840,-2177,"Elymus lanceolatus",22,22,0,10,0,0,0,1,0,0,1.28571428571429,200,0
2018,28,"570*A",840,-2177,"Elymus lanceolatus",21,22,-1,17,14,0,0,1,0,0,1.12213740458015,100,0
2019,28,"570*A",840,-2177,"Elymus lanceolatus",20.5,21,-0.5,22,5,0,0,1,0,0,0.5,100.192660344752,33.6684956909025
2014,28,"571*A",855,-2155,"Ivesia gordonii",4,NA,NA,3,0,0,NA,1,0,0,2.52336448598131,200,0
2015,28,"571*A",855,-2155,"Ivesia gordonii",7,4,3,5,0,0,0,1,0,0,3.0530303030303,200,0
2016,28,"571*A",855,-2155,"Ivesia gordonii",8,7,1,7,0,0,0,1,0,0,1.30188679245283,235.462869166969,0
2017,28,"571*A",855,-2155,"Ivesia gordonii",4,8,-4,3,3,0,0,1,0,0,1.28571428571429,243.655757794417,0
2018,28,"571*A",855,-2155,"Ivesia gordonii",0,4,-4,0,0,0,0,0,0,1,1.12213740458015,0,0
2014,28,"572*A",815,-2162,"Elymus lanceolatus",8,NA,NA,13,0,0,NA,1,0,0,2.52336448598131,200,72.2902
2015,28,"572*A",815,-2162,"Elymus lanceolatus",7,8,-1,16,0,0,0,1,0,0,3.0530303030303,200,108.81867
2016,28,"572*A",815,-2162,"Elymus lanceolatus",11,7,4,33,6,0,0,1,0,0,1.30188679245283,200,155.6554508961
2017,28,"572*A",815,-2162,"Elymus lanceolatus",11,11,0,14,0,0,0,1,0,0,1.28571428571429,200,99.9999999999999
2018,28,"572*A",815,-2162,"Elymus lanceolatus",0,11,-11,0,0,0,0,0,0,1,1.12213740458015,0,0
2014,28,"573*A",820,-2155,"Elymus lanceolatus",13,NA,NA,19,2,0,NA,1,0,0,2.52336448598131,200,18.453679
2015,28,"573*A",820,-2155,"Elymus lanceolatus",15,13,2,17,1,0,0,1,0,0,3.0530303030303,200.0700784,27.420324
2016,28,"573*A",820,-2155,"Elymus lanceolatus",19,15,4,23,5,0,0,1,0,0,1.30188679245283,204.246355210898,59.6314928866058
2017,28,"573*A",820,-2155,"Elymus lanceolatus",0,19,-19,0,0,0,0,0,0,1,1.28571428571429,0,0
2014,28,"574*A",815,-2146,"Pseudocymopterus montanus",9,NA,NA,5,7,0,NA,1,0,0,2.52336448598131,200,0
2015,28,"574*A",815,-2146,"Pseudocymopterus montanus",8,9,-1,8,3,0,0,1,0,0,3.0530303030303,200.96502,0
2016,28,"574*A",815,-2146,"Pseudocymopterus montanus",11,8,3,7,5,0,0,1,0,0,1.30188679245283,249.623543346064,0
2017,28,"574*A",815,-2146,"Pseudocymopterus montanus",0,11,-11,0,0,0,0,0,0,1,1.28571428571429,0,0
2014,28,"575*A",810,-2150,"Elymus lanceolatus",6,NA,NA,9,0,0,NA,1,0,0,2.52336448598131,200,0
2015,28,"575*A",810,-2150,"Elymus lanceolatus",7,6,1,17,0,0,0,0,1,0,3.0530303030303,200,15.340006
2014,28,"576*A",811,-2159,"Elymus lanceolatus",10,NA,NA,17,1,0,NA,1,0,0,2.52336448598131,200,46.30925
2015,28,"576*A",811,-2159,"Elymus lanceolatus",12,10,2,17,0,0,0,1,0,0,3.0530303030303,200,54.768785
2016,28,"576*A",811,-2159,"Elymus lanceolatus",18,12,6,21,7,0,0,1,0,0,1.30188679245283,199.999999999999,77.709320267575
2017,28,"576*A",811,-2159,"Elymus lanceolatus",35,18,17,25,3,0,0,1,0,0,1.28571428571429,201.334668892952,11.7089876527953
2018,28,"576*A",811,-2159,"Elymus lanceolatus",35,35,0,25,47,0,0,1,0,0,1.12213740458015,100.328158488597,0
2019,28,"576*A",811,-2159,"Elymus lanceolatus",39,35,4,30,22,0,0,1,0,0,0.5,99.9999999999998,0
2014,28,"577*A",825,-2135,"Elymus lanceolatus",6,NA,NA,8,0,0,NA,1,0,0,2.52336448598131,200,0
2015,28,"577*A",825,-2135,"Elymus lanceolatus",6,6,0,17,1,0,0,1,0,0,3.0530303030303,200,0
2016,28,"577*A",825,-2135,"Elymus lanceolatus",11,6,5,16,2,0,0,1,0,0,1.30188679245283,200.000000000002,0
2017,28,"577*A",825,-2135,"Elymus lanceolatus",0,11,-11,0,0,0,0,0,0,1,1.28571428571429,0,0
2014,28,"578*A",945,-2175,"Ivesia gordonii",2,NA,NA,2,0,0,NA,1,0,0,2.52336448598131,200,0
2015,28,"578*A",945,-2175,"Ivesia gordonii",3.5,2,1.5,1,0,0,0,1,0,0,3.0530303030303,200,0
2016,28,"578*A",945,-2175,"Ivesia gordonii",7,3.5,3.5,4,1,0,0,1,0,0,1.30188679245283,140.299612293937,0
2017,28,"578*A",945,-2175,"Ivesia gordonii",0,7,-7,0,0,0,0,0,0,1,1.28571428571429,0,0
2014,28,"579*A",945,-2170,"Lupinus argenteus",13,NA,NA,8,0,0,NA,1,0,0,2.52336448598131,103.29537,0
2015,28,"579*A",945,-2170,"Lupinus argenteus",19,13,6,9,5,0,0,1,0,0,3.0530303030303,104.724542,0
2016,28,"579*A",945,-2170,"Lupinus argenteus",6,19,-13,3,0,0,0,1,0,0,1.30188679245283,176.370438088623,0
2017,28,"579*A",945,-2170,"Lupinus argenteus",0,6,-6,0,0,0,0,0,0,1,1.28571428571429,0,0
2014,8,"58*A",860,-420,"Lupinus argenteus",6,NA,NA,3,0,0,NA,1,0,0,2.52336448598131,0,88.3967748190495
2015,8,"58*A",860,-420,"Lupinus argenteus",6.5,6,0.5,3,0,0,0,1,0,0,3.0530303030303,0,0
2016,8,"58*A",860,-420,"Lupinus argenteus",0,6.5,-6.5,0,0,0,0,0,0,1,1.30188679245283,0,0
2014,28,"580*A",955,-2140,"Ivesia gordonii",4,NA,NA,3,1,0,NA,1,0,0,2.52336448598131,100,0
2015,28,"580*A",955,-2140,"Ivesia gordonii",6,4,2,3,2,0,0,1,0,0,3.0530303030303,102.745866,0
2016,28,"580*A",955,-2140,"Ivesia gordonii",5,6,-1,4,3,0,0,1,0,0,1.30188679245283,101.396411832976,0
2017,28,"580*A",955,-2140,"Ivesia gordonii",0,5,-5,0,0,0,0,0,0,1,1.28571428571429,0,0
2014,28,"581*A",970,-2115,"Eriogonum umbellatum",7,NA,NA,2,0,0,NA,1,0,0,2.52336448598131,24.8614304,281.79509
2015,28,"581*A",970,-2115,"Eriogonum umbellatum",9,7,2,2,0,0,0,1,0,0,3.0530303030303,31.126704,310.140281
2016,28,"581*A",970,-2115,"Eriogonum umbellatum",11,9,2,3,0,0,0,1,0,0,1.30188679245283,64.4760025028287,324.647174024558
2017,28,"581*A",970,-2115,"Eriogonum umbellatum",0,11,-11,0,0,0,0,0,0,1,1.28571428571429,0,0
2014,28,"582*A",960,-2105,"Ivesia gordonii",5,NA,NA,2,0,0,NA,1,0,0,2.52336448598131,456.5198033,36.898841
2015,28,"582*A",960,-2105,"Ivesia gordonii",8,5,3,4,1,0,0,1,0,0,3.0530303030303,567.63266,31.060662
2016,28,"582*A",960,-2105,"Ivesia gordonii",10,8,2,5,2,0,0,1,0,0,1.30188679245283,576.200326881295,87.0963557093697
2017,28,"582*A",960,-2105,"Ivesia gordonii",0,10,-10,0,0,0,0,0,0,1,1.28571428571429,0,0
2014,28,"583*A",965,-2100,"Ivesia gordonii",2,NA,NA,1,0,0,NA,1,0,0,2.52336448598131,448.55358,118.12738
2015,28,"583*A",965,-2100,"Ivesia gordonii",3,2,1,2,0,0,0,1,0,0,3.0530303030303,663.73682,122.72956282
2016,28,"583*A",965,-2100,"Ivesia gordonii",6,3,3,3,2,0,0,1,0,0,1.30188679245283,675.673159845425,222.946535333862
2017,28,"583*A",965,-2100,"Ivesia gordonii",0,6,-6,0,0,0,0,0,0,1,1.28571428571429,0,0
2014,28,"584*A",990,-2095,"Ivesia gordonii",4,NA,NA,2,0,0,NA,1,0,0,2.52336448598131,224.24319,0
2015,28,"584*A",990,-2095,"Ivesia gordonii",6,4,2,3,0,0,0,1,0,0,3.0530303030303,227.6148484,0
2016,28,"584*A",990,-2095,"Ivesia gordonii",3,6,-3,3,0,0,0,1,0,0,1.30188679245283,334.693079763681,0
2017,28,"584*A",990,-2095,"Ivesia gordonii",0,3,-3,0,0,0,0,0,0,1,1.28571428571429,0,0
2014,28,"585*A",970,-2095,"Ivesia gordonii",2,NA,NA,1,0,0,NA,1,0,0,2.52336448598131,406.41704,100
2015,28,"585*A",970,-2095,"Ivesia gordonii",3,2,1,2,0,0,0,1,0,0,3.0530303030303,590.49964,100.06286282
2016,28,"585*A",970,-2095,"Ivesia gordonii",9,3,6,8,4,0,0,1,0,0,1.30188679245283,587.373571336806,140.741306309855
2017,28,"585*A",970,-2095,"Ivesia gordonii",0,9,-9,0,0,0,0,0,0,1,1.28571428571429,0,0
2014,28,"586*A",970,-2095,"Ivesia gordonii",11,NA,NA,3,0,0,NA,1,0,0,2.52336448598131,406.473938,13.636045
2015,28,"586*A",970,-2095,"Ivesia gordonii",5.5,11,-5.5,4,0,0,0,1,0,0,3.0530303030303,569.44085,47.102517
2016,28,"586*A",970,-2095,"Ivesia gordonii",8,5.5,2.5,7,2,0,0,1,0,0,1.30188679245283,599.567450421616,163.301093824678
2017,28,"586*A",970,-2095,"Ivesia gordonii",0,8,-8,0,0,0,0,0,0,1,1.28571428571429,0,0
2014,28,"587*A",962,-2093,"Eriogonum umbellatum",3,NA,NA,1,0,0,NA,1,0,0,2.52336448598131,93.8067039,400
2015,28,"587*A",962,-2093,"Eriogonum umbellatum",4,3,1,1,0,0,0,1,0,0,3.0530303030303,75.830293,511.25541
2016,28,"587*A",962,-2093,"Eriogonum umbellatum",6,4,2,2,0,0,0,1,0,0,1.30188679245283,171.577078219561,514.361526009039
2017,28,"587*A",962,-2093,"Eriogonum umbellatum",9,6,3,1.5,3,0,0,1,0,0,1.28571428571429,20.6015879031611,398.979921703322
2018,28,"587*A",962,-2093,"Eriogonum umbellatum",9,9,0,1,4,0,0,1,0,0,1.12213740458015,37.9706147859191,399.999999999998
2019,28,"587*A",962,-2093,"Eriogonum umbellatum",8.5,9,-0.5,1.5,0,0,0,1,0,0,0.5,33.4265061968373,399.999999999999
2014,28,"588*A",985,-2085,"Arenaria congesta",14,NA,NA,4,86,0,NA,1,0,0,2.52336448598131,289.980209,0
2015,28,"588*A",985,-2085,"Arenaria congesta",13,14,-1,5,6,0,0,1,0,0,3.0530303030303,295.1998763,0
2016,28,"588*A",985,-2085,"Arenaria congesta",16,13,3,7,17,0,0,1,0,0,1.30188679245283,328.692441870327,0
2017,28,"588*A",985,-2085,"Arenaria congesta",0,16,-16,0,0,0,0,0,0,1,1.28571428571429,0,0
2014,28,"589*A",980,-2060,"Eriogonum umbellatum",32,NA,NA,3,12,0,NA,1,0,0,2.52336448598131,39.89661108,194.19934834
2015,28,"589*A",980,-2060,"Eriogonum umbellatum",36,32,4,3,13,0,0,1,0,0,3.0530303030303,52.23262083,213.5962139
2016,28,"589*A",980,-2060,"Eriogonum umbellatum",33,36,-3,2.5,36,0,0,1,0,0,1.30188679245283,73.7094317123733,241.363801792886
2017,28,"589*A",980,-2060,"Eriogonum umbellatum",39,33,6,4,21,0,0,1,0,0,1.28571428571429,9.99856676212154,236.818480418153
2018,28,"589*A",980,-2060,"Eriogonum umbellatum",39,39,0,2.5,34,0,0,1,0,0,1.12213740458015,9.77536781663754,243.044961114779
2019,28,"589*A",980,-2060,"Eriogonum umbellatum",46,39,7,7,56,0,0,1,0,0,0.5,14.248314657245,252.396106525913
2014,8,"59*A",875,-410,"Lupinus argenteus",22,NA,NA,13,0,0,NA,1,0,0,2.52336448598131,0,171.963413075029
2015,8,"59*A",875,-410,"Lupinus argenteus",11,22,-11,7,0,0,0,1,0,0,3.0530303030303,0,62.2147279550687
2016,8,"59*A",875,-410,"Lupinus argenteus",11,11,0,6,0,0,0,1,0,0,1.30188679245283,0,0
2017,8,"59*A",875,-410,"Lupinus argenteus",0,11,-11,0,0,0,0,0,0,1,1.28571428571429,0,0
2014,28,"590*A",980,-2070,"Ivesia gordonii",2,NA,NA,2,0,0,NA,1,0,0,2.52336448598131,300,0
2015,28,"590*A",980,-2070,"Ivesia gordonii",3.5,2,1.5,2.5,0,0,0,1,0,0,3.0530303030303,300,0
2016,28,"590*A",980,-2070,"Ivesia gordonii",3,3.5,-0.5,3,0,0,0,1,0,0,1.30188679245283,345.022207808507,0
2017,28,"590*A",980,-2070,"Ivesia gordonii",4,3,1,4,0,0,0,1,0,0,1.28571428571429,400.000000000004,0
2018,28,"590*A",980,-2070,"Ivesia gordonii",3,4,-1,1.5,0,0,0,1,0,0,1.12213740458015,400,0
2019,28,"590*A",980,-2070,"Ivesia gordonii",3.5,3,0.5,2.5,0,0,0,1,0,0,0.5,400.000000000016,0
2014,28,"591*A",980,-2015,"Ivesia gordonii",16,NA,NA,5,8,0,NA,1,0,0,2.52336448598131,171.50964864,0
2015,28,"591*A",980,-2015,"Ivesia gordonii",16.5,16,0.5,8,22,0,0,1,0,0,3.0530303030303,166.8146653,0
2016,28,"591*A",980,-2015,"Ivesia gordonii",18,16.5,1.5,5,6,0,0,1,0,0,1.30188679245283,178.949907992745,0.0137538025145699
2017,28,"591*A",980,-2015,"Ivesia gordonii",0,18,-18,0,0,0,0,0,0,1,1.28571428571429,0,0
2014,28,"592*A",949,-2076,"Eriogonum umbellatum",23,NA,NA,5,6,0,NA,1,0,0,2.52336448598131,49.86470715,243.72886998
2015,28,"592*A",949,-2076,"Eriogonum umbellatum",23,23,0,4,11,0,0,1,0,0,3.0530303030303,66.98074487,276.4902047
2016,28,"592*A",949,-2076,"Eriogonum umbellatum",27,23,4,4,13,0,0,1,0,0,1.30188679245283,79.9071499456179,260.502286046628
2017,28,"592*A",949,-2076,"Eriogonum umbellatum",24.5,27,-2.5,4,12,0,0,1,0,0,1.28571428571429,14.8606956381466,295.532688088104
2018,28,"592*A",949,-2076,"Eriogonum umbellatum",24,24.5,-0.5,2.5,13,0,0,1,0,0,1.12213740458015,15.0576339696475,306.13545214086
2019,28,"592*A",949,-2076,"Eriogonum umbellatum",29,24,5,8,16,0,0,1,0,0,0.5,16.7964599806615,297.878583949958
2014,28,"593*A",940,-2055,"Ivesia gordonii",9,NA,NA,6,2,0,NA,1,0,0,2.52336448598131,373.7778,0.1464677
2015,28,"593*A",940,-2055,"Ivesia gordonii",13,9,4,6,7,0,0,1,0,0,3.0530303030303,409.249839,17.13584
2016,28,"593*A",940,-2055,"Ivesia gordonii",16,13,3,5,20,0,0,1,0,0,1.30188679245283,414.916491074246,23.102004
2017,28,"593*A",940,-2055,"Ivesia gordonii",0,16,-16,0,0,0,0,0,0,1,1.28571428571429,0,0
2014,28,"594*A",950,-2070,"Agoseris glauca",8,NA,NA,6,0,0,NA,1,0,0,2.52336448598131,510.01963,0
2015,28,"594*A",950,-2070,"Agoseris glauca",6,8,-2,7,1,0,0,1,0,0,3.0530303030303,600,0
2016,28,"594*A",950,-2070,"Agoseris glauca",2,6,-4,4,0,0,0,1,0,0,1.30188679245283,700.00000000003,0
2017,28,"594*A",950,-2070,"Agoseris glauca",0,2,-2,0,0,0,0,0,0,1,1.28571428571429,0,0
2014,28,"595*A",950,-2072,"Elymus lanceolatus",8,NA,NA,10,0,0,NA,1,0,0,2.52336448598131,427.90945,47.95786
2015,28,"595*A",950,-2072,"Elymus lanceolatus",11,8,3,10,0,0,0,1,0,0,3.0530303030303,415.947122,100.5887239
2016,28,"595*A",950,-2072,"Elymus lanceolatus",10,11,-1,13,1,0,0,1,0,0,1.30188679245283,439.598181792707,100.000000000002
2017,28,"595*A",950,-2072,"Elymus lanceolatus",0,10,-10,0,0,0,0,0,0,1,1.28571428571429,0,0
2014,28,"596*A",950,-2077,"Elymus lanceolatus",10,NA,NA,14,1,0,NA,1,0,0,2.52336448598131,401.789712,30.69303
2015,28,"596*A",950,-2077,"Elymus lanceolatus",25,10,15,19,1,0,0,1,0,0,3.0530303030303,426.406073,20.8
2016,28,"596*A",950,-2077,"Elymus lanceolatus",24,25,-1,22,3,0,0,1,0,0,1.30188679245283,471.133874113454,18.8869692296986
2017,28,"596*A",950,-2077,"Elymus lanceolatus",25,24,1,21,6,0,0,1,0,0,1.28571428571429,439.953254774184,11.033533698231
2018,28,"596*A",950,-2077,"Elymus lanceolatus",32,25,7,24,22,0,0,1,0,0,1.12213740458015,456.796735207332,0
2019,28,"596*A",950,-2077,"Elymus lanceolatus",31,32,-1,22.5,5,0,0,1,0,0,0.5,448.552522857278,6.65972944849113
2014,28,"597*A",946,-2066,"Elymus lanceolatus",2,NA,NA,5,0,0,NA,1,0,0,2.52336448598131,400,0
2015,28,"597*A",946,-2066,"Elymus lanceolatus",3,2,1,8,0,0,0,1,0,0,3.0530303030303,500,107.915065
2016,28,"597*A",946,-2066,"Elymus lanceolatus",3,3,0,9,0,0,0,1,0,0,1.30188679245283,499.999999999997,97.6549195896089
2017,28,"597*A",946,-2066,"Elymus lanceolatus",10,3,7,10,0,0,0,1,0,0,1.28571428571429,400.000000000008,68.9595856139477
2018,28,"597*A",946,-2066,"Elymus lanceolatus",0,10,-10,0,0,0,0,1,0,0,1.12213740458015,0,0
2019,28,"597*A",946,-2066,"Elymus lanceolatus",8,0,8,12,0,0,0,1,0,0,0.5,399.99999999998,99.9999999999951
2014,28,"598*A",935,-2080,"Phacelia hastata",2,NA,NA,1,0,1,1,1,0,0,2.52336448598131,400,0
2015,28,"598*A",935,-2080,"Phacelia hastata",4.5,2,2.5,2,0,0,0,1,0,0,3.0530303030303,459.31301,0
2016,28,"598*A",935,-2080,"Phacelia hastata",9,4.5,4.5,5,1,0,0,1,0,0,1.30188679245283,502.967676300946,0
2017,28,"598*A",935,-2080,"Phacelia hastata",0,9,-9,0,0,0,0,0,0,1,1.28571428571429,0,0
2014,28,"599*A",945,-2095,"Senecio crassulus",4,NA,NA,3,0,0,NA,1,0,0,2.52336448598131,500,0
2015,28,"599*A",945,-2095,"Senecio crassulus",8,4,4,5,0,0,0,1,0,0,3.0530303030303,500.8981532,0
2016,28,"599*A",945,-2095,"Senecio crassulus",7.5,8,-0.5,4,0,0,0,1,0,0,1.30188679245283,574.539846805123,0
2017,28,"599*A",945,-2095,"Senecio crassulus",2,7.5,-5.5,2,0,0,0,1,0,0,1.28571428571429,500,0
2018,28,"599*A",945,-2095,"Senecio crassulus",1.5,2,-0.5,4,0,0,0,1,0,0,1.12213740458015,598.741110356986,0
2019,28,"599*A",945,-2095,"Senecio crassulus",0,1.5,-1.5,0,0,0,0,0,0,1,0.5,0,0
2014,1,"6*A",127,-145,"Ivesia gordonii",12,NA,NA,7,2,0,NA,1,0,0,2.52336448598131,0,0
2015,1,"6*A",127,-145,"Ivesia gordonii",13,12,1,5,7,0,0,1,0,0,3.0530303030303,0,0
2016,1,"6*A",127,-145,"Ivesia gordonii",12.5,13,-0.5,6.5,10,0,0,1,0,0,1.30188679245283,0,0
2017,1,"6*A",127,-145,"Ivesia gordonii",0,12.5,-12.5,0,0,0,0,0,0,1,1.28571428571429,0,0
2014,8,"60*A",880,-410,"Lupinus argenteus",7,NA,NA,5,0,0,NA,1,0,0,2.52336448598131,0,231.565877154259
2015,8,"60*A",880,-410,"Lupinus argenteus",8.5,7,1.5,5,0,0,0,1,0,0,3.0530303030303,0,110.060755881251
2016,8,"60*A",880,-410,"Lupinus argenteus",0,8.5,-8.5,0,0,0,0,0,0,1,1.30188679245283,0,0
2014,28,"600*A",930,-2105,"Ivesia gordonii",18,NA,NA,6,9,0,NA,1,0,0,2.52336448598131,336.1563578,14.2068604
2015,28,"600*A",930,-2105,"Ivesia gordonii",21,18,3,9,22,0,0,1,0,0,3.0530303030303,350.8486641,15.4589484
2016,28,"600*A",930,-2105,"Ivesia gordonii",20,21,-1,6,22,0,0,1,0,0,1.30188679245283,354.910305278558,58.3703197375754
2017,28,"600*A",930,-2105,"Ivesia gordonii",0,20,-20,0,0,0,0,0,0,1,1.28571428571429,0,0
2014,28,"601*A",928,-2100,"Ivesia gordonii",2,NA,NA,1,0,1,1,1,0,0,2.52336448598131,400,100
2015,28,"601*A",928,-2100,"Ivesia gordonii",5,2,3,2.5,0,0,0,1,0,0,3.0530303030303,400,100
2016,28,"601*A",928,-2100,"Ivesia gordonii",7,5,2,3,1,0,0,1,0,0,1.30188679245283,389.111829265583,139.550582
2017,28,"601*A",928,-2100,"Ivesia gordonii",11,7,4,6,3,0,0,1,0,0,1.28571428571429,409.480452848906,0
2018,28,"601*A",928,-2100,"Ivesia gordonii",0,11,-11,0,0,0,0,0,0,1,1.12213740458015,0,0
2014,28,"602*A",941,-2088,"Ivesia gordonii",2,NA,NA,2,0,0,NA,1,0,0,2.52336448598131,400,77.74643
2015,28,"602*A",941,-2088,"Ivesia gordonii",0,2,-2,0,0,0,0,1,0,0,3.0530303030303,0,0
2016,28,"602*A",941,-2088,"Ivesia gordonii",8.5,0,8.5,5,0,0,0,1,0,0,1.30188679245283,479.388083983229,67.9953982
2017,28,"602*A",941,-2088,"Ivesia gordonii",0,8.5,-8.5,0,0,0,0,1,0,0,1.28571428571429,0,0
2018,28,"602*A",941,-2088,"Ivesia gordonii",7.5,0,7.5,3.5,2,0,0,1,0,0,1.12213740458015,520.839608698323,0
2019,28,"602*A",941,-2088,"Ivesia gordonii",6.5,7.5,-1,4.5,1,0,0,1,0,0,0.5,500.810286305102,0
2014,28,"603*A",938,-2093,"Eriogonum umbellatum",0.5,NA,NA,0.5,0,1,1,1,0,0,2.52336448598131,100,400
2015,28,"603*A",938,-2093,"Eriogonum umbellatum",0,0.5,-0.5,0,0,0,0,1,0,0,3.0530303030303,0,0
2016,28,"603*A",938,-2093,"Eriogonum umbellatum",1,0,1,1,0,0,0,1,0,0,1.30188679245283,200,400.000000000012
2017,28,"603*A",938,-2093,"Eriogonum umbellatum",2.5,1,1.5,1,0,0,0,1,0,0,1.28571428571429,55.4077634122588,403.174693933371
2018,28,"603*A",938,-2093,"Eriogonum umbellatum",2,2.5,-0.5,1,0,0,0,1,0,0,1.12213740458015,103.280819239738,400.000000000004
2019,28,"603*A",938,-2093,"Eriogonum umbellatum",1.3,2,-0.7,1,0,0,0,1,0,0,0.5,87.2286637843389,400
2014,28,"604*A",910,-2095,"Ivesia gordonii",10,NA,NA,5,7,0,NA,1,0,0,2.52336448598131,286.139894,38.92037
2015,28,"604*A",910,-2095,"Ivesia gordonii",7,10,-3,4,0,0,0,1,0,0,3.0530303030303,336.99983,65.90068
2016,28,"604*A",910,-2095,"Ivesia gordonii",15,7,8,5,10,0,0,1,0,0,1.30188679245283,319.22304554131,65.487643
2017,28,"604*A",910,-2095,"Ivesia gordonii",0,15,-15,0,0,0,0,0,0,1,1.28571428571429,0,0
2014,28,"605*A",926,-2051,"Eriogonum umbellatum",33,NA,NA,2,15,0,NA,1,0,0,2.52336448598131,37.6068572,165.11418725
2015,28,"605*A",926,-2051,"Eriogonum umbellatum",32,33,-1,2,36,0,0,1,0,0,3.0530303030303,47.20885214,189.46935389
2016,28,"605*A",926,-2051,"Eriogonum umbellatum",31,32,-1,2,37,0,0,1,0,0,1.30188679245283,66.1546243014032,205.999210557858
2017,28,"605*A",926,-2051,"Eriogonum umbellatum",34,31,3,2,30,0,0,1,0,0,1.28571428571429,8.52414438903707,213.648062167267
2018,28,"605*A",926,-2051,"Eriogonum umbellatum",37,34,3,3,67,0,0,1,0,0,1.12213740458015,9.61519189306723,206.846063943775
2019,28,"605*A",926,-2051,"Eriogonum umbellatum",39,37,2,3,43,0,0,1,0,0,0.5,25.4722248075778,231.151675860918
2014,28,"606*A",925,-2057,"Ivesia gordonii",4,NA,NA,4,0,0,NA,1,0,0,2.52336448598131,400,1.1908201
2015,28,"606*A",925,-2057,"Ivesia gordonii",8,4,4,4,0,0,0,1,0,0,3.0530303030303,400,61.46897
2016,28,"606*A",925,-2057,"Ivesia gordonii",8.5,8,0.5,6,3,0,0,1,0,0,1.30188679245283,400,98.4359744607891
2017,28,"606*A",925,-2057,"Ivesia gordonii",0,8.5,-8.5,0,0,0,0,0,0,1,1.28571428571429,0,0
2014,28,"607*A",915,-2070,"Ivesia gordonii",10,NA,NA,4,12,0,NA,1,0,0,2.52336448598131,382.16387,0.07189237
2015,28,"607*A",915,-2070,"Ivesia gordonii",10,10,0,5,10,0,0,1,0,0,3.0530303030303,400,10.38058
2016,28,"607*A",915,-2070,"Ivesia gordonii",12,10,2,3,7,0,0,1,0,0,1.30188679245283,372.09588811329,35.2954441932109
2017,28,"607*A",915,-2070,"Ivesia gordonii",0,12,-12,0,0,0,0,0,0,1,1.28571428571429,0,0
2014,28,"608*A",920,-2067,"Phacelia hastata",6,NA,NA,3,1,0,NA,1,0,0,2.52336448598131,500,0
2015,28,"608*A",920,-2067,"Phacelia hastata",0,6,-6,0,0,0,0,0,0,1,3.0530303030303,0,0
2014,28,"609*A",890,-2055,"Eriogonum umbellatum",4,NA,NA,2,0,0,NA,1,0,0,2.52336448598131,2.387115,200
2015,28,"609*A",890,-2055,"Eriogonum umbellatum",0,4,-4,0,0,0,0,0,0,1,3.0530303030303,0,0
2014,8,"61*A",900,-405,"Lupinus argenteus",14,NA,NA,8,0,0,NA,1,0,0,2.52336448598131,0,220.893663248758
2015,8,"61*A",900,-405,"Lupinus argenteus",10.5,14,-3.5,8,0,0,0,1,0,0,3.0530303030303,0,57.2907392846091
2016,8,"61*A",900,-405,"Lupinus argenteus",0,10.5,-10.5,0,0,0,0,0,0,1,1.30188679245283,0,0
2014,28,"610*A",870,-2070,"Phacelia hastata",22,NA,NA,5,13,0,NA,1,0,0,2.52336448598131,189.6129084,0
2015,28,"610*A",870,-2070,"Phacelia hastata",23,22,1,5,13,0,0,1,0,0,3.0530303030303,180.90456,0
2016,28,"610*A",870,-2070,"Phacelia hastata",19,23,-4,3,9,0,0,1,0,0,1.30188679245283,179.57558,0
2017,28,"610*A",870,-2070,"Phacelia hastata",0,19,-19,0,0,0,0,0,0,1,1.28571428571429,0,0
2014,28,"611*A",880,-2115,"Ivesia gordonii",3,NA,NA,3,0,0,NA,1,0,0,2.52336448598131,100,100
2015,28,"611*A",880,-2115,"Ivesia gordonii",0,3,-3,0,0,0,0,0,0,1,3.0530303030303,0,0
2014,28,"612*A",875,-2110,"Ivesia gordonii",9,NA,NA,4,0,0,NA,1,0,0,2.52336448598131,117.039839,11.11111
2015,28,"612*A",875,-2110,"Ivesia gordonii",9,9,0,3,1,0,0,1,0,0,3.0530303030303,154.911538,0
2016,28,"612*A",875,-2110,"Ivesia gordonii",19,9,10,6,17,0,0,1,0,0,1.30188679245283,172.778205876488,1.246929
2017,28,"612*A",875,-2110,"Ivesia gordonii",0,19,-19,0,0,0,0,0,0,1,1.28571428571429,0,0
2014,29,"613*A",1340,-2190,"Lupinus argenteus",7,NA,NA,5,0,0,NA,1,0,0,2.52336448598131,0,8.123839
2015,29,"613*A",1340,-2190,"Lupinus argenteus",0,7,-7,0,0,0,0,0,0,1,3.0530303030303,0,0
2014,29,"614*A",1339,-2195,"Lupinus argenteus",2,NA,NA,1,0,1,1,1,0,0,2.52336448598131,0,99.51703
2015,29,"614*A",1339,-2195,"Lupinus argenteus",0,2,-2,0,0,0,0,0,0,1,3.0530303030303,0,0
2014,29,"615*A",1363,-2170,"Lupinus argenteus",2,NA,NA,2,0,0,NA,1,0,0,2.52336448598131,0,0
2015,29,"615*A",1363,-2170,"Lupinus argenteus",4.5,2,2.5,3.5,0,0,0,1,0,0,3.0530303030303,0,0
2016,29,"615*A",1363,-2170,"Lupinus argenteus",8,4.5,3.5,5,0,0,0,1,0,0,1.30188679245283,0,21.58067
2017,29,"615*A",1363,-2170,"Lupinus argenteus",0,8,-8,0,0,0,0,0,0,1,1.28571428571429,0,0
2014,29,"616*A",1366,-2169,"Lupinus argenteus",0.5,NA,NA,0.5,0,0,NA,1,0,0,2.52336448598131,0,0
2015,29,"616*A",1366,-2169,"Lupinus argenteus",0,0.5,-0.5,0,0,0,0,0,0,1,3.0530303030303,0,0
2014,29,"617*A",1353,-2165,"Lupinus argenteus",4,NA,NA,3,0,0,NA,1,0,0,2.52336448598131,0,74.23038
2015,29,"617*A",1353,-2165,"Lupinus argenteus",0,4,-4,0,0,0,0,0,0,1,3.0530303030303,0,0
2014,29,"618*A",1354,-2160,"Lupinus argenteus",7,NA,NA,4,0,0,NA,1,0,0,2.52336448598131,0,24.26280974
2015,29,"618*A",1354,-2160,"Lupinus argenteus",7,7,0,5,0,0,0,1,0,0,3.0530303030303,0,2.565662
2016,29,"618*A",1354,-2160,"Lupinus argenteus",0,7,-7,0,0,0,0,0,0,1,1.30188679245283,0,0
2014,29,"619*A",1355,-2145,"Lupinus argenteus",8,NA,NA,5,0,0,NA,1,0,0,2.52336448598131,0,18.5858968
2015,29,"619*A",1355,-2145,"Lupinus argenteus",9,8,1,5,0,0,0,1,0,0,3.0530303030303,0.004159917,18.8325
2016,29,"619*A",1355,-2145,"Lupinus argenteus",0,9,-9,0,0,0,0,0,0,1,1.30188679245283,0,0
2014,8,"62*A",875,-440,"Lupinus argenteus",19,NA,NA,12,0,0,NA,1,0,0,2.52336448598131,0,160.986072024052
2015,8,"62*A",875,-440,"Lupinus argenteus",6,19,-13,3.5,0,0,0,1,0,0,3.0530303030303,0,44.036836887139
2016,8,"62*A",875,-440,"Lupinus argenteus",0,6,-6,0,0,0,0,0,0,1,1.30188679245283,0,0
2014,29,"620*A",1395,-2150,"Lupinus argenteus",29,NA,NA,14,3,0,NA,1,0,0,2.52336448598131,0,121.4431152
2015,29,"620*A",1395,-2150,"Lupinus argenteus",8,29,-21,3,0,0,0,1,0,0,3.0530303030303,0,44.30271
2016,29,"620*A",1395,-2150,"Lupinus argenteus",0,8,-8,0,0,0,0,0,0,1,1.30188679245283,0,0
2014,29,"621*A",1375,-2145,"Lupinus argenteus",8,NA,NA,4,0,0,NA,1,0,0,2.52336448598131,0,259.412586
2015,29,"621*A",1375,-2145,"Lupinus argenteus",0,8,-8,0,0,0,0,0,0,1,3.0530303030303,0,0
2014,29,"622*A",1378,-2137,"Lupinus argenteus",6,NA,NA,4,0,0,NA,1,0,0,2.52336448598131,0,465.063867
2015,29,"622*A",1378,-2137,"Lupinus argenteus",4,6,-2,3,0,0,0,1,0,0,3.0530303030303,30.62677,237.32905
2016,29,"622*A",1378,-2137,"Lupinus argenteus",0,4,-4,0,0,0,0,0,0,1,1.30188679245283,0,0
2014,29,"623*A",1380,-2135,"Lupinus argenteus",5,NA,NA,5,0,0,NA,1,0,0,2.52336448598131,0,490.94288
2015,29,"623*A",1380,-2135,"Lupinus argenteus",3,5,-2,2,0,0,0,1,0,0,3.0530303030303,57.0045,266.36276
2016,29,"623*A",1380,-2135,"Lupinus argenteus",0,3,-3,0,0,0,0,0,0,1,1.30188679245283,0,0
2014,29,"624*A",1385,-2130,"Lupinus argenteus",12,NA,NA,7,0,0,NA,1,0,0,2.52336448598131,9.9081104,317.158724
2015,29,"624*A",1385,-2130,"Lupinus argenteus",4,12,-8,3,0,0,0,1,0,0,3.0530303030303,5.721696,215.43498
2016,29,"624*A",1385,-2130,"Lupinus argenteus",0,4,-4,0,0,0,0,0,0,1,1.30188679245283,0,0
2014,29,"625*A",1370,-2130,"Lupinus argenteus",6,NA,NA,4,0,0,NA,1,0,0,2.52336448598131,0,241.651197
2015,29,"625*A",1370,-2130,"Lupinus argenteus",0,6,-6,0,0,0,0,0,0,1,3.0530303030303,0,0
2014,29,"626*A",1370,-2120,"Lupinus argenteus",25,NA,NA,13,3,0,NA,1,0,0,2.52336448598131,16.5855699,171.122504
2015,29,"626*A",1370,-2120,"Lupinus argenteus",23,25,-2,15,6,0,0,1,0,0,3.0530303030303,23.631942,103.015678
2016,29,"626*A",1370,-2120,"Lupinus argenteus",9,23,-14,5,0,0,0,1,0,0,1.30188679245283,35.25551,0
2017,29,"626*A",1370,-2120,"Lupinus argenteus",0,9,-9,0,0,0,0,0,0,1,1.28571428571429,0,0
2014,29,"627*A",1380,-2120,"Lupinus argenteus",6,NA,NA,6,0,0,NA,1,0,0,2.52336448598131,92.73536,272.931732
2015,29,"627*A",1380,-2120,"Lupinus argenteus",9,6,3,8,0,0,0,1,0,0,3.0530303030303,56.725739,203.048884
2016,29,"627*A",1380,-2120,"Lupinus argenteus",0,9,-9,0,0,0,0,0,0,1,1.30188679245283,0,0
2014,29,"628*A",1380,-2118,"Elymus lanceolatus",4,NA,NA,7,0,0,NA,1,0,0,2.52336448598131,323.966251,100
2015,29,"628*A",1380,-2118,"Elymus lanceolatus",5,4,1,9,0,0,0,1,0,0,3.0530303030303,300,100
2016,29,"628*A",1380,-2118,"Elymus lanceolatus",10,5,5,4,0,0,0,1,0,0,1.30188679245283,31.21567,100
2017,29,"628*A",1380,-2118,"Elymus lanceolatus",0,10,-10,0,0,0,0,0,0,1,1.28571428571429,0,0
2014,29,"629*A",1380,-2116,"Elymus lanceolatus",14,NA,NA,10,1,0,NA,1,0,0,2.52336448598131,316.95596,8.163265
2015,29,"629*A",1380,-2116,"Elymus lanceolatus",12,14,-2,15,0,0,0,1,0,0,3.0530303030303,289.72304,17.36111
2016,29,"629*A",1380,-2116,"Elymus lanceolatus",15,12,3,21,7,0,0,1,0,0,1.30188679245283,28.72072,44.44444
2017,29,"629*A",1380,-2116,"Elymus lanceolatus",0,15,-15,0,0,0,0,0,0,1,1.28571428571429,0,0
2014,8,"63*A",890,-430,"Lupinus argenteus",17,NA,NA,11,1,0,NA,1,0,0,2.52336448598131,1.69637536317803,281.900336297003
2015,8,"63*A",890,-430,"Lupinus argenteus",14,17,-3,7.5,0,0,0,1,0,0,3.0530303030303,3.06726691256624,130.781012308364
2016,8,"63*A",890,-430,"Lupinus argenteus",0,14,-14,0,0,0,0,0,0,1,1.30188679245283,0,0
2014,29,"630*A",1382,-2125,"Lupinus argenteus",26,NA,NA,16,4,0,NA,1,0,0,2.52336448598131,10.3743476,190.1443437
2015,29,"630*A",1382,-2125,"Lupinus argenteus",27,26,1,14,6,0,0,1,0,0,3.0530303030303,10.7693043,87.689873
2016,29,"630*A",1382,-2125,"Lupinus argenteus",0,27,-27,0,0,0,0,0,0,1,1.30188679245283,0,0
2014,29,"631*A",1338,-2126,"Elymus lanceolatus",20,NA,NA,20,3,0,NA,1,0,0,2.52336448598131,8.9707,0
2015,29,"631*A",1338,-2126,"Elymus lanceolatus",30,20,10,22,4,0,0,1,0,0,3.0530303030303,27.111066463,0.7519031
2016,29,"631*A",1338,-2126,"Elymus lanceolatus",21,30,-9,30,14,0,0,1,0,0,1.30188679245283,0,0
2017,29,"631*A",1338,-2126,"Elymus lanceolatus",22,21,1,21,2,0,0,1,0,0,1.28571428571429,0,0
2018,29,"631*A",1338,-2126,"Elymus lanceolatus",30,22,8,28,15,0,0,1,0,0,1.12213740458015,0,0
2019,29,"631*A",1338,-2126,"Elymus lanceolatus",28.5,30,-1.5,22.5,26,0,0,1,0,0,0.5,13.2765067932638,0
2014,29,"632*A",1353,-2112,"Elymus lanceolatus",10,NA,NA,9,0,0,NA,1,0,0,2.52336448598131,137.06327,0
2015,29,"632*A",1353,-2112,"Elymus lanceolatus",10,10,0,15,0,0,0,0,1,0,3.0530303030303,96.942213,6.767128
2014,29,"633*A",1370,-2095,"Lupinus argenteus",23,NA,NA,15,4,0,NA,1,0,0,2.52336448598131,7.10910826,69.79856
2015,29,"633*A",1370,-2095,"Lupinus argenteus",0,23,-23,0,0,0,0,0,0,1,3.0530303030303,0,0
2014,29,"634*A",1340,-2095,"Lupinus argenteus",8,NA,NA,5,0,0,NA,1,0,0,2.52336448598131,0,37.602364
2015,29,"634*A",1340,-2095,"Lupinus argenteus",9,8,1,5,0,0,0,1,0,0,3.0530303030303,62.25514,49.58668
2016,29,"634*A",1340,-2095,"Lupinus argenteus",0,9,-9,0,0,0,0,0,0,1,1.30188679245283,0,0
2014,29,"635*A",1315,-2090,"Lupinus argenteus",19,NA,NA,11,1,0,NA,1,0,0,2.52336448598131,44.71016,26.1764655
2015,29,"635*A",1315,-2090,"Lupinus argenteus",7,19,-12,2.5,0,0,0,1,0,0,3.0530303030303,100,0
2016,29,"635*A",1315,-2090,"Lupinus argenteus",0,7,-7,0,0,0,0,0,0,1,1.30188679245283,0,0
2014,29,"636*A",1310,-2085,"Lupinus argenteus",7,NA,NA,5,0,0,NA,1,0,0,2.52336448598131,93.46789,100
2015,29,"636*A",1310,-2085,"Lupinus argenteus",0,7,-7,0,0,0,0,1,0,0,3.0530303030303,0,0
2016,29,"636*A",1310,-2085,"Lupinus argenteus",9,0,9,6,0,0,0,1,0,0,1.30188679245283,100,0
2017,29,"636*A",1310,-2085,"Lupinus argenteus",7,9,-2,6,0,0,0,1,0,0,1.28571428571429,99.9999999999989,0
2018,29,"636*A",1310,-2085,"Lupinus argenteus",0,7,-7,0,0,0,0,0,0,1,1.12213740458015,0,0
2014,29,"637*A",1330,-2080,"Lupinus argenteus",5,NA,NA,3,0,0,NA,1,0,0,2.52336448598131,0,170.51002
2015,29,"637*A",1330,-2080,"Lupinus argenteus",0,5,-5,0,0,0,0,0,0,1,3.0530303030303,0,0
2014,29,"638*A",1334,-2078,"Lupinus argenteus",2,NA,NA,3,0,0,NA,1,0,0,2.52336448598131,0,163.17993
2015,29,"638*A",1334,-2078,"Lupinus argenteus",0,2,-2,0,0,0,0,0,0,1,3.0530303030303,0,0
2014,29,"639*A",1340,-2078,"Lupinus argenteus",15,NA,NA,7,0,0,NA,1,0,0,2.52336448598131,0,39.213651
2015,29,"639*A",1340,-2078,"Lupinus argenteus",0,15,-15,0,0,0,0,0,0,1,3.0530303030303,0,0
2014,8,"64*A",895,-430,"Lupinus argenteus",28,NA,NA,15,8,0,NA,1,0,0,2.52336448598131,9.41236088507859,198.603439750554
2015,8,"64*A",895,-430,"Lupinus argenteus",21,28,-7,9,0,0,0,1,0,0,3.0530303030303,17.7702288081793,93.6633074072427
2016,8,"64*A",895,-430,"Lupinus argenteus",8,21,-13,6,0,0,0,1,0,0,1.30188679245283,50.6061698642203,0
2017,8,"64*A",895,-430,"Lupinus argenteus",0,8,-8,0,0,0,0,0,0,1,1.28571428571429,0,0
2014,29,"640*A",1370,-2050,"Lupinus argenteus",6,NA,NA,7,2,0,NA,1,0,0,2.52336448598131,0,100
2015,29,"640*A",1370,-2050,"Lupinus argenteus",12,6,6,6,0,0,0,1,0,0,3.0530303030303,0,0
2016,29,"640*A",1370,-2050,"Lupinus argenteus",0,12,-12,0,0,0,0,0,0,1,1.30188679245283,0,0
2014,29,"641*A",1365,-2050,"Lupinus argenteus",13,NA,NA,9,1,0,NA,1,0,0,2.52336448598131,0,39.33729
2015,29,"641*A",1365,-2050,"Lupinus argenteus",0,13,-13,0,0,0,0,0,0,1,3.0530303030303,0,0
2014,29,"642*A",1340,-2020,"Lupinus argenteus",18,NA,NA,11,1,0,NA,1,0,0,2.52336448598131,0,55.9779215
2015,29,"642*A",1340,-2020,"Lupinus argenteus",14,18,-4,18,1,0,0,1,0,0,3.0530303030303,63.97825,33.18779652
2016,29,"642*A",1340,-2020,"Lupinus argenteus",10,14,-4,7,0,0,0,1,0,0,1.30188679245283,42.82618,26.05091
2017,29,"642*A",1340,-2020,"Lupinus argenteus",7,10,-3,4,0,0,0,1,0,0,1.28571428571429,0,0
2018,29,"642*A",1340,-2020,"Lupinus argenteus",0,7,-7,0,0,0,0,0,0,1,1.12213740458015,0,0
2014,29,"643*A",1350,-2030,"Lupinus argenteus",19,NA,NA,12,0,0,NA,1,0,0,2.52336448598131,0,58.431846
2015,29,"643*A",1350,-2030,"Lupinus argenteus",5,19,-14,4,0,0,0,1,0,0,3.0530303030303,6.580335,88.40872
2016,29,"643*A",1350,-2030,"Lupinus argenteus",0,5,-5,0,0,0,0,0,0,1,1.30188679245283,0,0
2014,29,"644*A",1355,-2005,"Lupinus argenteus",4,NA,NA,2,0,0,NA,1,0,0,2.52336448598131,0,5.684609
2015,29,"644*A",1355,-2005,"Lupinus argenteus",10,4,6,7,0,0,0,1,0,0,3.0530303030303,0,8.719939
2016,29,"644*A",1355,-2005,"Lupinus argenteus",18,10,8,8,0,0,0,1,0,0,1.30188679245283,0,11.93561
2017,29,"644*A",1355,-2005,"Lupinus argenteus",0,18,-18,0,0,0,0,0,0,1,1.28571428571429,0,0
2014,29,"645*A",1315,-2010,"Lupinus argenteus",3,NA,NA,2,0,0,NA,1,0,0,2.52336448598131,0,0
2015,29,"645*A",1315,-2010,"Lupinus argenteus",22,3,19,11,2,0,0,1,0,0,3.0530303030303,100,12.39775
2016,29,"645*A",1315,-2010,"Lupinus argenteus",7.5,22,-14.5,6,0,0,0,1,0,0,1.30188679245283,100,0
2017,29,"645*A",1315,-2010,"Lupinus argenteus",0,7.5,-7.5,0,0,0,0,0,0,1,1.28571428571429,0,0
2014,29,"646*A",1280,-2010,"Ivesia gordonii",6,NA,NA,6,0,0,NA,1,0,0,2.52336448598131,216.3192,0
2015,29,"646*A",1280,-2010,"Ivesia gordonii",8,6,2,6,1,0,0,1,0,0,3.0530303030303,138.09768,0
2016,29,"646*A",1280,-2010,"Ivesia gordonii",7,8,-1,8,0,0,0,1,0,0,1.30188679245283,100,0
2017,29,"646*A",1280,-2010,"Ivesia gordonii",12,7,5,7,0,0,0,1,0,0,1.28571428571429,99.9999999999999,0
2018,29,"646*A",1280,-2010,"Ivesia gordonii",18,12,6,5,34,0,0,1,0,0,1.12213740458015,99.9999999999999,0
2019,29,"646*A",1280,-2010,"Ivesia gordonii",0,18,-18,0,0,0,0,0,0,1,0.5,0,0
2014,29,"647*A",1265,-2020,"Lupinus argenteus",23,NA,NA,11,1,0,NA,1,0,0,2.52336448598131,108.77959,129.880514
2015,29,"647*A",1265,-2020,"Lupinus argenteus",17,23,-6,7,0,0,0,1,0,0,3.0530303030303,114.360791,46.5906538
2016,29,"647*A",1265,-2020,"Lupinus argenteus",0,17,-17,0,0,0,0,0,0,1,1.30188679245283,0,0
2014,29,"648*A",1270,-2030,"Lupinus argenteus",8,NA,NA,7,0,0,NA,1,0,0,2.52336448598131,100,286.658442
2015,29,"648*A",1270,-2030,"Lupinus argenteus",0,8,-8,0,0,0,0,0,0,1,3.0530303030303,0,0
2014,29,"649*A",1260,-2035,"Lupinus argenteus",4,NA,NA,3,0,0,NA,1,0,0,2.52336448598131,100,304.957609
2015,29,"649*A",1260,-2035,"Lupinus argenteus",0,4,-4,0,0,0,0,0,0,1,3.0530303030303,0,0
2014,8,"65*A",905,-430,"Lupinus argenteus",32,NA,NA,14,2,0,NA,1,0,0,2.52336448598131,7.28206167344835,145.105340960006
2015,8,"65*A",905,-430,"Lupinus argenteus",12.5,32,-19.5,8,0,0,0,1,0,0,3.0530303030303,43.8528829098776,132.74899299449
2016,8,"65*A",905,-430,"Lupinus argenteus",0,12.5,-12.5,0,0,0,0,0,0,1,1.30188679245283,0,0
2014,29,"650*A",1265,-2035,"Lupinus argenteus",13,NA,NA,10,1,0,NA,1,0,0,2.52336448598131,100,209.330726
2015,29,"650*A",1265,-2035,"Lupinus argenteus",10,13,-3,8,0,0,0,1,0,0,3.0530303030303,100,58.818622
2016,29,"650*A",1265,-2035,"Lupinus argenteus",0,10,-10,0,0,0,0,0,0,1,1.30188679245283,0,0
2014,29,"651*A",1250,-2020,"Lupinus argenteus",29,NA,NA,17,3,0,NA,1,0,0,2.52336448598131,103.21344824,98.754202
2015,29,"651*A",1250,-2020,"Lupinus argenteus",12,29,-17,5,0,0,0,1,0,0,3.0530303030303,107.206339,80.6560922
2016,29,"651*A",1250,-2020,"Lupinus argenteus",1,12,-11,1,0,0,0,1,0,0,1.30188679245283,100,41.33761
2017,29,"651*A",1250,-2020,"Lupinus argenteus",8.5,1,7.5,5,0,0,0,1,0,0,1.28571428571429,114.362806748511,0
2018,29,"651*A",1250,-2020,"Lupinus argenteus",0,8.5,-8.5,0,0,0,0,0,0,1,1.12213740458015,0,0
2014,29,"653*A",1240,-2025,"Lupinus argenteus",11,NA,NA,5,0,0,NA,1,0,0,2.52336448598131,100.07405923,132.02752
2015,29,"653*A",1240,-2025,"Lupinus argenteus",9,11,-2,10,1,0,0,1,0,0,3.0530303030303,100,48.6845896
2016,29,"653*A",1240,-2025,"Lupinus argenteus",11,9,2,9,0,0,0,1,0,0,1.30188679245283,129.88270969,0.3416331
2017,29,"653*A",1240,-2025,"Lupinus argenteus",0,11,-11,0,0,0,0,0,0,1,1.28571428571429,0,0
2014,29,"654*A",1205,-2030,"Chaenactis douglasii",7,NA,NA,3,3,0,NA,1,0,0,2.52336448598131,100,0
2015,29,"654*A",1205,-2030,"Chaenactis douglasii",8,7,1,3,3,0,0,1,0,0,3.0530303030303,123.19128,0
2016,29,"654*A",1205,-2030,"Chaenactis douglasii",7,8,-1,3.5,0,0,0,1,0,0,1.30188679245283,225.48727,0
2017,29,"654*A",1205,-2030,"Chaenactis douglasii",6,7,-1,5,4,0,0,1,0,0,1.28571428571429,215.348483609096,0
2018,29,"654*A",1205,-2030,"Chaenactis douglasii",0,6,-6,0,0,0,0,0,0,1,1.12213740458015,0,0
2014,29,"655*A",1221,-2055,"Eriogonum umbellatum",46,NA,NA,4,46,0,NA,1,0,0,2.52336448598131,39.656327492,0
2015,29,"655*A",1221,-2055,"Eriogonum umbellatum",59,46,13,4,63,0,0,1,0,0,3.0530303030303,24.244894779,0.141148
2016,29,"655*A",1221,-2055,"Eriogonum umbellatum",57,59,-2,4,71,0,0,1,0,0,1.30188679245283,15.026461097,0.220748616
2017,29,"655*A",1221,-2055,"Eriogonum umbellatum",49,57,-8,4,84,0,0,1,0,0,1.28571428571429,15.409684854323,0.268935076450239
2018,29,"655*A",1221,-2055,"Eriogonum umbellatum",55,49,6,3,20,0,0,1,0,0,1.12213740458015,12.3540526158016,0
2019,29,"655*A",1221,-2055,"Eriogonum umbellatum",59,55,4,5.5,67,0,0,1,0,0,0.5,10.6951033656688,0
2014,29,"656*A",1215,-2041,"Elymus lanceolatus",12,NA,NA,22,6,0,NA,1,0,0,2.52336448598131,100,6.278983
2015,29,"656*A",1215,-2041,"Elymus lanceolatus",22,12,10,14,1,0,0,1,0,0,3.0530303030303,107.092918,29.4746997
2016,29,"656*A",1215,-2041,"Elymus lanceolatus",14,22,-8,23,4,0,0,1,0,0,1.30188679245283,143.36336,52.6634
2017,29,"656*A",1215,-2041,"Elymus lanceolatus",16,14,2,22,1,0,0,1,0,0,1.28571428571429,111.302083103797,67.9898497239115
2018,29,"656*A",1215,-2041,"Elymus lanceolatus",14,16,-2,21,5,0,0,1,0,0,1.12213740458015,99.9999999999991,78.6261844888445
2019,29,"656*A",1215,-2041,"Elymus lanceolatus",17,14,3,27,2,0,0,1,0,0,0.5,136.245680442433,107.647916682793
2014,29,"657*A",1219,-2033,"Elymus lanceolatus",8,NA,NA,10,0,0,NA,1,0,0,2.52336448598131,100,14.12771
2015,29,"657*A",1219,-2033,"Elymus lanceolatus",13,8,5,12,0,0,0,1,0,0,3.0530303030303,100,76.002265
2016,29,"657*A",1219,-2033,"Elymus lanceolatus",13,13,0,20,5,0,0,1,0,0,1.30188679245283,170.91332,82.3734765
2017,29,"657*A",1219,-2033,"Elymus lanceolatus",21,13,8,22,1,0,0,1,0,0,1.28571428571429,134.714843646971,69.2747194534043
2018,29,"657*A",1219,-2033,"Elymus lanceolatus",18,21,-3,21,5,0,0,1,0,0,1.12213740458015,103.882347754617,96.7638308387777
2019,29,"657*A",1219,-2033,"Elymus lanceolatus",25,18,7,24,8,0,0,1,0,0,0.5,148.570927111603,73.1006359411546
2014,29,"658*A",1215,-2025,"Elymus lanceolatus",3,NA,NA,6,0,0,NA,1,0,0,2.52336448598131,100,0
2015,29,"658*A",1215,-2025,"Elymus lanceolatus",6,3,3,4,0,0,0,1,0,0,3.0530303030303,100,14.43838
2016,29,"658*A",1215,-2025,"Elymus lanceolatus",4,6,-2,7,0,0,0,1,0,0,1.30188679245283,200,3.798086
2017,29,"658*A",1215,-2025,"Elymus lanceolatus",3,4,-1,4,0,0,0,1,0,0,1.28571428571429,199.999999999985,99.9999999999927
2018,29,"658*A",1215,-2025,"Elymus lanceolatus",5,3,2,6,0,0,0,1,0,0,1.12213740458015,99.9999999999988,68.5851536861502
2019,29,"658*A",1215,-2025,"Elymus lanceolatus",0,5,-5,0,0,0,0,0,0,1,0.5,0,0
2014,29,"659*A",1225,-2045,"Elymus lanceolatus",5,NA,NA,10,0,0,NA,1,0,0,2.52336448598131,100,0
2015,29,"659*A",1225,-2045,"Elymus lanceolatus",5,5,0,10,0,0,0,1,0,0,3.0530303030303,100,77.2849
2016,29,"659*A",1225,-2045,"Elymus lanceolatus",12,5,7,20,2,0,0,1,0,0,1.30188679245283,100,69.3890947
2017,29,"659*A",1225,-2045,"Elymus lanceolatus",6,12,-6,13,0,0,0,1,0,0,1.28571428571429,100.000000000005,49.3384209369959
2018,29,"659*A",1225,-2045,"Elymus lanceolatus",3,6,-3,17,0,0,0,1,0,0,1.12213740458015,123.323551369718,99.999999999998
2019,29,"659*A",1225,-2045,"Elymus lanceolatus",8,3,5,14,0,0,0,1,0,0,0.5,200.000000000006,108.561762979428
2014,29,"660*A",1230,-2035,"Elymus lanceolatus",6,NA,NA,8,0,0,NA,1,0,0,2.52336448598131,200.835381,0
2015,29,"660*A",1230,-2035,"Elymus lanceolatus",9,6,3,13,0,0,0,1,0,0,3.0530303030303,100.2297602,7.098212
2016,29,"660*A",1230,-2035,"Elymus lanceolatus",22,9,13,13,1,0,0,1,0,0,1.30188679245283,138.336725,39.471857
2017,29,"660*A",1230,-2035,"Elymus lanceolatus",18,22,-4,15,0,0,0,1,0,0,1.28571428571429,123.15298226672,50.4352359446738
2018,29,"660*A",1230,-2035,"Elymus lanceolatus",26,18,8,16.5,2,0,0,1,0,0,1.12213740458015,137.475407403327,39.6301960121333
2019,29,"660*A",1230,-2035,"Elymus lanceolatus",18,26,-8,21,4,0,0,1,0,0,0.5,199.999999999998,70.489562943466
2014,30,"661*A",1639,-2101,"Elymus lanceolatus",13,NA,NA,22,9,0,NA,1,0,0,2.52336448598131,0,0
2015,30,"661*A",1639,-2101,"Elymus lanceolatus",27,13,14,19,8,0,0,1,0,0,3.0530303030303,0,0
2016,30,"661*A",1639,-2101,"Elymus lanceolatus",26,27,-1,32,12,0,0,1,0,0,1.30188679245283,0,0
2017,30,"661*A",1639,-2101,"Elymus lanceolatus",32,26,6,25,19,0,0,1,0,0,1.28571428571429,0,0
2018,30,"661*A",1639,-2101,"Elymus lanceolatus",21,32,-11,26,19,0,0,1,0,0,1.12213740458015,0,0
2019,30,"661*A",1639,-2101,"Elymus lanceolatus",28,21,7,20,6,0,0,1,0,0,0.5,0,0
2014,31,"662*A",42,-2521,"Phacelia hastata",10,NA,NA,4,3,0,NA,1,0,0,2.52336448598131,101.052612,0
2015,31,"662*A",42,-2521,"Phacelia hastata",13,10,3,3,1,0,0,1,0,0,3.0530303030303,118.13533,0
2016,31,"662*A",42,-2521,"Phacelia hastata",22,13,9,6,6,0,0,1,0,0,1.30188679245283,136.33373,0
2017,31,"662*A",42,-2521,"Phacelia hastata",20,22,-2,8,6,0,0,1,0,0,1.28571428571429,100,0
2018,31,"662*A",42,-2521,"Phacelia hastata",16,20,-4,5,0,0,0,1,0,0,1.12213740458015,100,0
2019,31,"662*A",42,-2521,"Phacelia hastata",0,16,-16,0,0,0,0,0,0,1,0.5,0,0
2014,31,"663*A",115,-2575,"Eriogonum umbellatum",98,NA,NA,3,133,0,NA,1,0,0,2.52336448598131,1.4133945,50.26351
2015,31,"663*A",115,-2575,"Eriogonum umbellatum",112,98,14,5,77,0,0,1,0,0,3.0530303030303,14.326450973,153.532474698
2016,31,"663*A",115,-2575,"Eriogonum umbellatum",112,112,0,6,168,0,0,1,0,0,1.30188679245283,21.225208633,154.07723227
2017,31,"663*A",115,-2575,"Eriogonum umbellatum",99,112,-13,5,94,0,0,1,0,0,1.28571428571429,10.1722048550059,24.7574889990044
2018,31,"663*A",115,-2575,"Eriogonum umbellatum",85,99,-14,4,92,0,0,1,0,0,1.12213740458015,7.62881874313663,2.73447423596471
2019,31,"663*A",115,-2575,"Eriogonum umbellatum",88,85,3,5.5,8,0,0,1,0,0,0.5,5.77269394529285,3.15242729936459
2014,31,"664*A",102,-2576,"Achnatherum lettermanii",9,NA,NA,19,0,0,NA,1,0,0,2.52336448598131,100,0
2015,31,"664*A",102,-2576,"Achnatherum lettermanii",16,9,7,21,0,0,0,1,0,0,3.0530303030303,100,5.142998
2016,31,"664*A",102,-2576,"Achnatherum lettermanii",23,16,7,22,41,0,0,1,0,0,1.30188679245283,100.1619824,18.33666
2017,31,"664*A",102,-2576,"Achnatherum lettermanii",25,23,2,23,27,0,0,1,0,0,1.28571428571429,106.778840638596,12.5236898442144
2018,31,"664*A",102,-2576,"Achnatherum lettermanii",21,25,-4,19.5,11,0,0,1,0,0,1.12213740458015,100.41474460805,11.2264055524326
2019,31,"664*A",102,-2576,"Achnatherum lettermanii",17.5,21,-3.5,13.5,0,0,0,1,0,0,0.5,100.167836156829,2.67324388653349
2014,31,"665*A",102,-2586,"Achnatherum lettermanii",6,NA,NA,9,0,0,NA,1,0,0,2.52336448598131,100,0
2015,31,"665*A",102,-2586,"Achnatherum lettermanii",10,6,4,11,0,0,0,1,0,0,3.0530303030303,100,13.16607
2016,31,"665*A",102,-2586,"Achnatherum lettermanii",14,10,4,13,4,0,0,1,0,0,1.30188679245283,100,49.49027
2017,31,"665*A",102,-2586,"Achnatherum lettermanii",11,14,-3,11,2,0,0,1,0,0,1.28571428571429,100,64.6884806002808
2018,31,"665*A",102,-2586,"Achnatherum lettermanii",11,11,0,11,0,0,0,1,0,0,1.12213740458015,100,40.9160731291135
2019,31,"665*A",102,-2586,"Achnatherum lettermanii",7.5,11,-3.5,7,0,0,0,1,0,0,0.5,100,14.5543278266825
2014,31,"666*A",131,-2570,"Elymus lanceolatus",2,NA,NA,13,0,0,NA,1,0,0,2.52336448598131,100,0
2015,31,"666*A",131,-2570,"Elymus lanceolatus",2,2,0,13,0,0,0,1,0,0,3.0530303030303,100,0
2016,31,"666*A",131,-2570,"Elymus lanceolatus",3,2,1,15,1,0,0,1,0,0,1.30188679245283,100,23.06332
2017,31,"666*A",131,-2570,"Elymus lanceolatus",0,3,-3,0,0,0,0,0,0,1,1.28571428571429,0,0
2014,31,"667*A",115,-2567,"Elymus lanceolatus",2,NA,NA,12,0,0,NA,1,0,0,2.52336448598131,100,0
2015,31,"667*A",115,-2567,"Elymus lanceolatus",8,2,6,13,0,0,0,1,0,0,3.0530303030303,100,78.41852
2016,31,"667*A",115,-2567,"Elymus lanceolatus",8,8,0,14,2,0,0,1,0,0,1.30188679245283,100,184.15011
2017,31,"667*A",115,-2567,"Elymus lanceolatus",10,8,2,16,1,0,0,1,0,0,1.28571428571429,105.179894536734,193.308434885539
2018,31,"667*A",115,-2567,"Elymus lanceolatus",6,10,-4,10,0,0,0,1,0,0,1.12213740458015,100,200
2019,31,"667*A",115,-2567,"Elymus lanceolatus",11,6,5,10,0,0,0,1,0,0,0.5,99.9999999999999,137.149437339064
2014,31,"668*A",115,-2561,"Elymus lanceolatus",2,NA,NA,11,0,0,NA,1,0,0,2.52336448598131,100,0
2015,31,"668*A",115,-2561,"Elymus lanceolatus",7,2,5,13,0,0,0,1,0,0,3.0530303030303,100,67.78613
2016,31,"668*A",115,-2561,"Elymus lanceolatus",16,7,9,33,1,0,0,1,0,0,1.30188679245283,100,90.55425
2017,31,"668*A",115,-2561,"Elymus lanceolatus",19,16,3,14,1,0,0,1,0,0,1.28571428571429,103.97422988297,91.735328118307
2018,31,"668*A",115,-2561,"Elymus lanceolatus",17,19,-2,12,0,0,0,1,0,0,1.12213740458015,100,88.8371553517488
2019,31,"668*A",115,-2561,"Elymus lanceolatus",10,17,-7,25.5,1,0,0,1,0,0,0.5,99.9999999999998,140.51513879852
2014,31,"669*A",135,-2563,"Elymus lanceolatus",2,NA,NA,11,1,0,NA,1,0,0,2.52336448598131,100,0
2015,31,"669*A",135,-2563,"Elymus lanceolatus",4,2,2,13,0,0,0,0,1,0,3.0530303030303,100,0
2014,8,"67*A",970,-405,"Phacelia hastata",14,NA,NA,4,6,0,NA,1,0,0,2.52336448598131,111.629276743294,0
2015,8,"67*A",970,-405,"Phacelia hastata",23,14,9,5,11,0,0,1,0,0,3.0530303030303,193.878049394891,0
2016,8,"67*A",970,-405,"Phacelia hastata",26,23,3,7,48,0,0,1,0,0,1.30188679245283,9.50317079655566,0
2017,8,"67*A",970,-405,"Phacelia hastata",28,26,2,8,18,0,0,1,0,0,1.28571428571429,2.39925505278379,0
2018,8,"67*A",970,-405,"Phacelia hastata",0,28,-28,0,0,0,0,0,0,1,1.12213740458015,0,0
2014,31,"670*A",119,-2565,"Elymus lanceolatus",6,NA,NA,10,0,0,NA,1,0,0,2.52336448598131,100,0
2015,31,"670*A",119,-2565,"Elymus lanceolatus",11,6,5,14,0,0,0,1,0,0,3.0530303030303,100,53.88198
2016,31,"670*A",119,-2565,"Elymus lanceolatus",18,11,7,22,12,0,0,1,0,0,1.30188679245283,100.1877374,74.67988
2017,31,"670*A",119,-2565,"Elymus lanceolatus",19,18,1,14,2,0,0,1,0,0,1.28571428571429,106.57574729634,108.593941427755
2018,31,"670*A",119,-2565,"Elymus lanceolatus",20,19,1,18,4,0,0,1,0,0,1.12213740458015,103.613366654403,90.5254580513062
2019,31,"670*A",119,-2565,"Elymus lanceolatus",22.5,20,2.5,23,14,0,0,1,0,0,0.5,103.263693691648,69.137483591867
2014,31,"671*A",150,-2582,"Elymus lanceolatus",6,NA,NA,13,1,0,NA,1,0,0,2.52336448598131,100,0
2015,31,"671*A",150,-2582,"Elymus lanceolatus",14,6,8,18,1,0,0,0,1,0,3.0530303030303,100,18.795822
2014,31,"672*A",133,-2584,"Elymus lanceolatus",7,NA,NA,17,1,0,NA,1,0,0,2.52336448598131,100,0
2015,31,"672*A",133,-2584,"Elymus lanceolatus",16,7,9,16,2,0,0,1,0,0,3.0530303030303,100,0
2016,31,"672*A",133,-2584,"Elymus lanceolatus",24.5,16,8.5,32,36,0,0,1,0,0,1.30188679245283,100.09504588,0.3458058
2017,31,"672*A",133,-2584,"Elymus lanceolatus",33,24.5,8.5,29,19,0,0,1,0,0,1.28571428571429,103.849588390369,5.09344601732844
2018,31,"672*A",133,-2584,"Elymus lanceolatus",37,33,4,26.5,22,0,0,1,0,0,1.12213740458015,103.517925602593,8.38107507931282
2019,31,"672*A",133,-2584,"Elymus lanceolatus",36,37,-1,25,16,0,0,1,0,0,0.5,102.431601111887,22.4941218389319
2014,31,"673*A",156,-2590,"Elymus lanceolatus",2,NA,NA,9,0,0,NA,1,0,0,2.52336448598131,100,0
2015,31,"673*A",156,-2590,"Elymus lanceolatus",7,2,5,20,1,0,0,0,1,0,3.0530303030303,100,11.85652
2014,31,"674*A",163,-2597,"Elymus lanceolatus",3,NA,NA,16,1,0,NA,1,0,0,2.52336448598131,100,0
2015,31,"674*A",163,-2597,"Elymus lanceolatus",11,3,8,15,0,0,0,1,0,0,3.0530303030303,100,0
2016,31,"674*A",163,-2597,"Elymus lanceolatus",25,11,14,23,4,0,0,1,0,0,1.30188679245283,100,0
2017,31,"674*A",163,-2597,"Elymus lanceolatus",22,25,-3,17,4,0,0,1,0,0,1.28571428571429,100,0
2018,31,"674*A",163,-2597,"Elymus lanceolatus",4,22,-18,11.5,0,0,0,1,0,0,1.12213740458015,99.9999999999997,0
2019,31,"674*A",163,-2597,"Elymus lanceolatus",4.5,4,0.5,8,0,0,0,1,0,0,0.5,100,0
2014,31,"675*A",156,-2575,"Elymus lanceolatus",6,NA,NA,14,1,0,NA,1,0,0,2.52336448598131,100,35.87414
2015,31,"675*A",156,-2575,"Elymus lanceolatus",10,6,4,14,1,0,0,0,1,0,3.0530303030303,100,35.068375
2014,31,"676*A",157,-2579,"Elymus lanceolatus",7,NA,NA,17,1,0,NA,1,0,0,2.52336448598131,100,26.35651
2015,31,"676*A",157,-2579,"Elymus lanceolatus",3,7,-4,9,0,0,0,0,1,0,3.0530303030303,100,145.44205
2014,31,"677*A",50,-2405,"Eriogonum umbellatum",34,NA,NA,3,9,0,NA,1,0,0,2.52336448598131,0.7933485,193.75183
2015,31,"677*A",50,-2405,"Eriogonum umbellatum",36,34,2,3.5,9,0,0,1,0,0,3.0530303030303,1.7286632,194.12234294
2016,31,"677*A",50,-2405,"Eriogonum umbellatum",35,36,-1,2,9,0,0,1,0,0,1.30188679245283,3.3933641,197.0854048
2017,31,"677*A",50,-2405,"Eriogonum umbellatum",37,35,2,2,3,0,0,1,0,0,1.28571428571429,6.73928044374848,105.622202914505
2018,31,"677*A",50,-2405,"Eriogonum umbellatum",12,37,-25,2,0,0,0,1,0,0,1.12213740458015,6.74793835388283,81.3360028321165
2019,31,"677*A",50,-2405,"Eriogonum umbellatum",12,12,0,3.5,1,0,0,1,0,0,0.5,0,95.0039425105043
2014,31,"678*A",38,-2404,"Achnatherum lettermanii",4,NA,NA,4,0,0,NA,1,0,0,2.52336448598131,300,0
2015,31,"678*A",38,-2404,"Achnatherum lettermanii",9,4,5,8,0,0,0,1,0,0,3.0530303030303,300,0
2016,31,"678*A",38,-2404,"Achnatherum lettermanii",9,9,0,12,4,0,0,1,0,0,1.30188679245283,300,0
2017,31,"678*A",38,-2404,"Achnatherum lettermanii",18,9,9,18,23,0,0,1,0,0,1.28571428571429,200,0
2018,31,"678*A",38,-2404,"Achnatherum lettermanii",12,18,-6,9,12,0,0,1,0,0,1.12213740458015,110.892497316969,0
2019,31,"678*A",38,-2404,"Achnatherum lettermanii",0,12,-12,0,0,0,0,0,0,1,0.5,0,0
2014,31,"679*A",30,-2440,"Achnatherum lettermanii",9,NA,NA,8,0,0,NA,1,0,0,2.52336448598131,300,0
2015,31,"679*A",30,-2440,"Achnatherum lettermanii",11,9,2,8,0,0,0,1,0,0,3.0530303030303,300,0
2016,31,"679*A",30,-2440,"Achnatherum lettermanii",18,11,7,17,8,0,0,1,0,0,1.30188679245283,300,0
2017,31,"679*A",30,-2440,"Achnatherum lettermanii",22,18,4,17,17,0,0,1,0,0,1.28571428571429,200,0
2018,31,"679*A",30,-2440,"Achnatherum lettermanii",13,22,-9,6,0,0,0,1,0,0,1.12213740458015,100,0
2019,31,"679*A",30,-2440,"Achnatherum lettermanii",0,13,-13,0,0,0,0,0,0,1,0.5,0,0
2014,8,"68*A",960,-420,"Lupinus argenteus",19,NA,NA,14,0,0,NA,1,0,0,2.52336448598131,16.9307294615169,194.187317621193
2015,8,"68*A",960,-420,"Lupinus argenteus",32,19,13,15,0,0,0,1,0,0,3.0530303030303,26.4442229396324,139.695601973856
2016,8,"68*A",960,-420,"Lupinus argenteus",0,32,-32,0,0,0,0,0,0,1,1.30188679245283,0,0
2014,31,"680*A",55,-2450,"Eriogonum umbellatum",30,NA,NA,4,2,0,NA,1,0,0,2.52336448598131,0.56526973,164.71468
2015,31,"680*A",55,-2450,"Eriogonum umbellatum",31,30,1,3,3,0,0,1,0,0,3.0530303030303,1.7416856,168.05132171
2016,31,"680*A",55,-2450,"Eriogonum umbellatum",32,31,1,2,3,0,0,1,0,0,1.30188679245283,4.9623058,164.4671143
2017,31,"680*A",55,-2450,"Eriogonum umbellatum",6,32,-26,2,0,0,0,1,0,0,1.28571428571429,0,200
2018,31,"680*A",55,-2450,"Eriogonum umbellatum",0,6,-6,0,0,0,0,0,0,1,1.12213740458015,0,0
2014,32,"681*A",423,-2572,"Lupinus argenteus",6,NA,NA,4,0,0,NA,1,0,0,2.52336448598131,0,0
2015,32,"681*A",423,-2572,"Lupinus argenteus",11.5,6,5.5,5,0,0,0,1,0,0,3.0530303030303,4.186778,0
2016,32,"681*A",423,-2572,"Lupinus argenteus",14,11.5,2.5,7,0,0,0,1,0,0,1.30188679245283,3.933766,0
2017,32,"681*A",423,-2572,"Lupinus argenteus",22,14,8,9,0,0,0,1,0,0,1.28571428571429,26.9006168721419,0
2018,32,"681*A",423,-2572,"Lupinus argenteus",4.5,22,-17.5,2.5,0,0,0,1,0,0,1.12213740458015,0,0
2019,32,"681*A",423,-2572,"Lupinus argenteus",0,4.5,-4.5,0,0,0,0,0,0,1,0.5,0,0
2014,32,"682*A",461,-2585,"Ivesia gordonii",8,NA,NA,5,4,0,NA,1,0,0,2.52336448598131,100,0
2015,32,"682*A",461,-2585,"Ivesia gordonii",10.5,8,2.5,6,0,0,0,1,0,0,3.0530303030303,100,0
2016,32,"682*A",461,-2585,"Ivesia gordonii",12,10.5,1.5,5,4,0,0,1,0,0,1.30188679245283,138.8467489,0
2017,32,"682*A",461,-2585,"Ivesia gordonii",0,12,-12,0,0,0,0,0,0,1,1.28571428571429,0,0
2014,32,"683*A",501,-2600,"Eriogonum umbellatum",33,NA,NA,2,14,0,NA,1,0,0,2.52336448598131,6.2372161,55.34464
2015,32,"683*A",501,-2600,"Eriogonum umbellatum",34,33,1,2.5,22,0,0,1,0,0,3.0530303030303,8.05877475,66.18144
2016,32,"683*A",501,-2600,"Eriogonum umbellatum",33,34,-1,2,10,0,0,1,0,0,1.30188679245283,12.43940918,85.09127
2017,32,"683*A",501,-2600,"Eriogonum umbellatum",35,33,2,2,8,0,0,1,0,0,1.28571428571429,10.6154754005185,85.7614172644338
2018,32,"683*A",501,-2600,"Eriogonum umbellatum",28,35,-7,3,1,0,0,1,0,0,1.12213740458015,6.47385305799971,83.4666339689106
2019,32,"683*A",501,-2600,"Eriogonum umbellatum",9.5,28,-18.5,4,2,0,0,1,0,0,0.5,16.9470114040491,99.8672845650753
2014,32,"684*A",487,-2581,"Ivesia gordonii",6,NA,NA,3,1,0,NA,1,0,0,2.52336448598131,133.86004,0
2015,32,"684*A",487,-2581,"Ivesia gordonii",1.5,6,-4.5,1.5,0,0,0,1,0,0,3.0530303030303,200,0
2016,32,"684*A",487,-2581,"Ivesia gordonii",1.5,1.5,0,2,0,0,0,1,0,0,1.30188679245283,200,0
2017,32,"684*A",487,-2581,"Ivesia gordonii",6,1.5,4.5,2,1,0,0,1,0,0,1.28571428571429,200,0
2018,32,"684*A",487,-2581,"Ivesia gordonii",6.5,6,0.5,2,2,0,0,1,0,0,1.12213740458015,200,0
2019,32,"684*A",487,-2581,"Ivesia gordonii",9.5,6.5,3,5,3,0,0,1,0,0,0.5,128.069000083501,0
2014,32,"685*A",537,-2600,"Ivesia gordonii",5,NA,NA,2,0,0,NA,1,0,0,2.52336448598131,100,0
2015,32,"685*A",537,-2600,"Ivesia gordonii",7.5,5,2.5,4,3,0,0,1,0,0,3.0530303030303,121.71447,0
2016,32,"685*A",537,-2600,"Ivesia gordonii",8,7.5,0.5,4,2,0,0,1,0,0,1.30188679245283,200,0
2017,32,"685*A",537,-2600,"Ivesia gordonii",8,8,0,3,1,0,0,1,0,0,1.28571428571429,200,0
2018,32,"685*A",537,-2600,"Ivesia gordonii",7,8,-1,3.5,1,0,0,1,0,0,1.12213740458015,200,0
2019,32,"685*A",537,-2600,"Ivesia gordonii",9.5,7,2.5,5,3,0,0,1,0,0,0.5,99.9999999999995,0
2014,32,"686*A",521,-2529,"Eriogonum umbellatum",28,NA,NA,3,21,0,NA,1,0,0,2.52336448598131,6.6087993,38.4377
2015,32,"686*A",521,-2529,"Eriogonum umbellatum",31,28,3,3,33,0,0,1,0,0,3.0530303030303,6.95392674,39.80528
2016,32,"686*A",521,-2529,"Eriogonum umbellatum",37,31,6,3,34,0,0,1,0,0,1.30188679245283,9.740751161,34.62394
2017,32,"686*A",521,-2529,"Eriogonum umbellatum",38,37,1,2,29,0,0,1,0,0,1.28571428571429,7.02060473655741,37.6293932587349
2018,32,"686*A",521,-2529,"Eriogonum umbellatum",35,38,-3,2.5,45,0,0,1,0,0,1.12213740458015,6.26072407135346,26.9471007725817
2019,32,"686*A",521,-2529,"Eriogonum umbellatum",37.5,35,2.5,9,20,0,0,1,0,0,0.5,7.22122387604145,3.2959141009023
2014,32,"687*A",575,-2515,"Ivesia gordonii",16,NA,NA,4,2,0,NA,1,0,0,2.52336448598131,62.28283,0
2015,32,"687*A",575,-2515,"Ivesia gordonii",15,16,-1,5,23,0,0,1,0,0,3.0530303030303,85.50428,0
2016,32,"687*A",575,-2515,"Ivesia gordonii",11.5,15,-3.5,4,15,0,0,1,0,0,1.30188679245283,100,1.14855034
2017,32,"687*A",575,-2515,"Ivesia gordonii",0,11.5,-11.5,0,0,0,0,0,0,1,1.28571428571429,0,0
2014,32,"688*A",525,-2454,"Ivesia gordonii",10,NA,NA,4,0,0,NA,1,0,0,2.52336448598131,0,10.95728
2015,32,"688*A",525,-2454,"Ivesia gordonii",10,10,0,4,0,0,0,1,0,0,3.0530303030303,9.315151,31.68789
2016,32,"688*A",525,-2454,"Ivesia gordonii",14,10,4,5,3,0,0,1,0,0,1.30188679245283,65.96042,30.55545
2017,32,"688*A",525,-2454,"Ivesia gordonii",7,14,-7,5,1,0,0,1,0,0,1.28571428571429,95.6117473577902,26.3115910280373
2018,32,"688*A",525,-2454,"Ivesia gordonii",11.5,7,4.5,4,1,0,0,1,0,0,1.12213740458015,50.1972917486107,34.2260996991978
2019,32,"688*A",525,-2454,"Ivesia gordonii",13.5,11.5,2,5.5,3,0,0,1,0,0,0.5,70.922123651794,43.095897762385
2014,32,"689*A",520,-2440,"Ivesia gordonii",7,NA,NA,3,0,0,NA,1,0,0,2.52336448598131,0,22.36179
2015,32,"689*A",520,-2440,"Ivesia gordonii",11,7,4,4,2,0,0,1,0,0,3.0530303030303,0,26.18834
2016,32,"689*A",520,-2440,"Ivesia gordonii",11,11,0,4,6,0,0,1,0,0,1.30188679245283,8.812735,49.49478
2017,32,"689*A",520,-2440,"Ivesia gordonii",10.5,11,-0.5,6,1,0,0,1,0,0,1.28571428571429,15.4268919512791,11.6940404569054
2018,32,"689*A",520,-2440,"Ivesia gordonii",11.5,10.5,1,4,0,0,0,1,0,0,1.12213740458015,0.131376254758376,34.2260996991979
2019,32,"689*A",520,-2440,"Ivesia gordonii",13.5,11.5,2,6,6,0,0,1,0,0,0.5,18.1407599850791,43.0958977623848
2014,8,"69*A",980,-425,"Lupinus argenteus",12,NA,NA,9,0,0,NA,1,0,0,2.52336448598131,0.778908768147744,290.197526318404
2015,8,"69*A",980,-425,"Lupinus argenteus",12,12,0,12,0,0,0,1,0,0,3.0530303030303,25.1661017477244,263.557311313133
2016,8,"69*A",980,-425,"Lupinus argenteus",0,12,-12,0,0,0,0,0,0,1,1.30188679245283,0,0
2014,32,"690*A",440,-2460,"Ivesia gordonii",6,NA,NA,3,0,0,NA,1,0,0,2.52336448598131,0,0
2015,32,"690*A",440,-2460,"Ivesia gordonii",8.5,6,2.5,4,1,0,0,1,0,0,3.0530303030303,0,0
2016,32,"690*A",440,-2460,"Ivesia gordonii",9,8.5,0.5,5.5,0,0,0,1,0,0,1.30188679245283,0,0
2017,32,"690*A",440,-2460,"Ivesia gordonii",0,9,-9,0,0,0,0,0,0,1,1.28571428571429,0,0
2014,32,"691*A",425,-2525,"Ivesia gordonii",5,NA,NA,3,0,0,NA,1,0,0,2.52336448598131,0,0
2015,32,"691*A",425,-2525,"Ivesia gordonii",6,5,1,4,0,0,0,1,0,0,3.0530303030303,0,0
2016,32,"691*A",425,-2525,"Ivesia gordonii",10,6,4,5,3,0,0,1,0,0,1.30188679245283,5.010969,0
2017,32,"691*A",425,-2525,"Ivesia gordonii",0,10,-10,0,0,0,0,0,0,1,1.28571428571429,0,0
2014,33,"692*A",821,-2553,"Eriogonum umbellatum",64,NA,NA,4,87,0,NA,1,0,0,2.52336448598131,48.068478062,267.4935587
2015,33,"692*A",821,-2553,"Eriogonum umbellatum",76,64,12,5,78,0,0,1,0,0,3.0530303030303,59.5862406522,268.4201756
2016,33,"692*A",821,-2553,"Eriogonum umbellatum",78,76,2,3,115,0,0,1,0,0,1.30188679245283,61.81150239016,251.006106143
2017,33,"692*A",821,-2553,"Eriogonum umbellatum",78,78,0,3,91,0,0,1,0,0,1.28571428571429,62.1654385811326,246.078985149075
2018,33,"692*A",821,-2553,"Eriogonum umbellatum",70,78,-8,5,138,0,0,1,0,0,1.12213740458015,21.0545540360438,239.881699854486
2019,33,"692*A",821,-2553,"Eriogonum umbellatum",69,70,-1,9,77,0,0,1,0,0,0.5,25.9584047184123,248.29994811543
2014,33,"693*A",805,-2560,"Agoseris glauca",8,NA,NA,8,1,0,NA,1,0,0,2.52336448598131,200,0
2015,33,"693*A",805,-2560,"Agoseris glauca",0,8,-8,0,0,0,0,1,0,0,3.0530303030303,0,0
2016,33,"693*A",805,-2560,"Agoseris glauca",10,0,10,6,0,0,0,1,0,0,1.30188679245283,300,0
2017,33,"693*A",805,-2560,"Agoseris glauca",3,10,-7,4,0,0,0,1,0,0,1.28571428571429,300.000000000012,0
2018,33,"693*A",805,-2560,"Agoseris glauca",0,3,-3,0,0,0,0,0,0,1,1.12213740458015,0,0
2014,33,"694*A",825,-2575,"Ivesia gordonii",2,NA,NA,2,0,0,NA,1,0,0,2.52336448598131,200,0
2015,33,"694*A",825,-2575,"Ivesia gordonii",0,2,-2,0,0,0,0,0,0,1,3.0530303030303,0,0
2014,33,"695*A",825,-2554,"Achnatherum lettermanii",9,NA,NA,13,0,0,NA,1,0,0,2.52336448598131,202.818712,0
2015,33,"695*A",825,-2554,"Achnatherum lettermanii",14,9,5,16,0,0,0,1,0,0,3.0530303030303,300,0
2016,33,"695*A",825,-2554,"Achnatherum lettermanii",12,14,-2,15,14,0,0,1,0,0,1.30188679245283,300,0
2017,33,"695*A",825,-2554,"Achnatherum lettermanii",19,12,7,14,0,0,0,1,0,0,1.28571428571429,300,0
2018,33,"695*A",825,-2554,"Achnatherum lettermanii",18,19,-1,8,2,0,0,1,0,0,1.12213740458015,299.999999999997,0
2019,33,"695*A",825,-2554,"Achnatherum lettermanii",12.5,18,-5.5,9.5,0,0,0,1,0,0,0.5,300.016861813737,0
2014,33,"696*A",853,-2557,"Heterotheca villosa",9,NA,NA,6,0,0,NA,1,0,0,2.52336448598131,293.895286,0
2015,33,"696*A",853,-2557,"Heterotheca villosa",9,9,0,5,2,0,0,1,0,0,3.0530303030303,315.04454,0
2016,33,"696*A",853,-2557,"Heterotheca villosa",7,9,-2,9,2,0,0,1,0,0,1.30188679245283,304.008515,0
2017,33,"696*A",853,-2557,"Heterotheca villosa",11,7,4,7,7,0,0,1,0,0,1.28571428571429,300,0
2018,33,"696*A",853,-2557,"Heterotheca villosa",0,11,-11,0,0,0,0,0,0,1,1.12213740458015,0,0
2014,33,"697*A",858,-2580,"Ivesia gordonii",13,NA,NA,5,9,0,NA,1,0,0,2.52336448598131,206.219548,0
2015,33,"697*A",858,-2580,"Ivesia gordonii",15,13,2,5,10,0,0,1,0,0,3.0530303030303,285.977556,0
2016,33,"697*A",858,-2580,"Ivesia gordonii",14,15,-1,5,8,0,0,1,0,0,1.30188679245283,298.255188,0
2017,33,"697*A",858,-2580,"Ivesia gordonii",0,14,-14,0,0,0,0,0,0,1,1.28571428571429,0,0
2014,33,"698*A",880,-2525,"Ivesia gordonii",10,NA,NA,5,3,0,NA,1,0,0,2.52336448598131,407.105597,0
2015,33,"698*A",880,-2525,"Ivesia gordonii",13,10,3,5,16,0,0,1,0,0,3.0530303030303,300.4351505,0
2016,33,"698*A",880,-2525,"Ivesia gordonii",15,13,2,6,15,0,0,1,0,0,1.30188679245283,364.71399,0
2017,33,"698*A",880,-2525,"Ivesia gordonii",0,15,-15,0,0,0,0,0,0,1,1.28571428571429,0,0
2014,33,"699*A",903,-2570,"Ivesia gordonii",23,NA,NA,4,0,0,NA,1,0,0,2.52336448598131,244.24821,0.0660128
2015,33,"699*A",903,-2570,"Ivesia gordonii",0,23,-23,0,0,0,0,0,0,1,3.0530303030303,0,0
2014,1,"7*A",198,-175,"Ivesia gordonii",9,NA,NA,3,1,0,NA,1,0,0,2.52336448598131,0,0
2015,1,"7*A",198,-175,"Ivesia gordonii",13.5,9,4.5,8,2,0,0,1,0,0,3.0530303030303,0,2.21457310632448
2016,1,"7*A",198,-175,"Ivesia gordonii",13.5,13.5,0,7.9,2,0,0,1,0,0,1.30188679245283,0,17.0317656726605
2017,1,"7*A",198,-175,"Ivesia gordonii",0,13.5,-13.5,0,0,0,0,0,0,1,1.28571428571429,0,0
2014,8,"70*A",970,-430,"Lupinus argenteus",22,NA,NA,14,0,0,NA,1,0,0,2.52336448598131,7.44994964005433,264.713259463786
2015,8,"70*A",970,-430,"Lupinus argenteus",25,22,3,13,0,0,0,1,0,0,3.0530303030303,24.8644430981561,208.09354368371
2016,8,"70*A",970,-430,"Lupinus argenteus",1,25,-24,1,0,0,0,1,0,0,1.30188679245283,39.9620333791876,100.00000000001
2017,8,"70*A",970,-430,"Lupinus argenteus",0,1,-1,0,0,0,0,0,0,1,1.28571428571429,0,0
2014,33,"700*A",930,-2595,"Ivesia gordonii",6,NA,NA,4,0,0,NA,1,0,0,2.52336448598131,197.55686,0
2015,33,"700*A",930,-2595,"Ivesia gordonii",9,6,3,5,3,0,0,1,0,0,3.0530303030303,221.263574,0
2016,33,"700*A",930,-2595,"Ivesia gordonii",11,9,2,5,6,0,0,1,0,0,1.30188679245283,300,0
2017,33,"700*A",930,-2595,"Ivesia gordonii",11,11,0,4,6,0,0,1,0,0,1.28571428571429,283.843161891973,5.53998983979409
2018,33,"700*A",930,-2595,"Ivesia gordonii",0,11,-11,0,0,0,0,0,0,1,1.12213740458015,0,0
2014,33,"701*A",928,-2580,"Eriogonum umbellatum",3,NA,NA,3,0,0,NA,1,0,0,2.52336448598131,50.99619,116.55555
2015,33,"701*A",928,-2580,"Eriogonum umbellatum",3,3,0,2,0,0,0,1,0,0,3.0530303030303,8.052572,300
2016,33,"701*A",928,-2580,"Eriogonum umbellatum",0,3,-3,0,0,0,0,0,0,1,1.30188679245283,0,0
2014,33,"702*A",932,-2595,"Eriogonum umbellatum",4,NA,NA,3,0,0,NA,1,0,0,2.52336448598131,70.97987,100
2015,33,"702*A",932,-2595,"Eriogonum umbellatum",0,4,-4,0,0,0,0,0,0,1,3.0530303030303,0,0
2014,33,"703*A",945,-2565,"Ivesia gordonii",13,NA,NA,4,2,0,NA,1,0,0,2.52336448598131,259.76053,29.3088818
2015,33,"703*A",945,-2565,"Ivesia gordonii",0,13,-13,0,0,0,0,0,0,1,3.0530303030303,0,0
2014,33,"704*A",940,-2555,"Ivesia gordonii",6,NA,NA,4,3,0,NA,1,0,0,2.52336448598131,300,141.90307
2015,33,"704*A",940,-2555,"Ivesia gordonii",8,6,2,6,0,0,0,1,0,0,3.0530303030303,300,39.0625
2016,33,"704*A",940,-2555,"Ivesia gordonii",14,8,6,8,7,0,0,1,0,0,1.30188679245283,305.350405,58.1306602
2017,33,"704*A",940,-2555,"Ivesia gordonii",14,14,0,6.5,3,0,0,0,1,0,1.28571428571429,316.428311078807,79.5959918143855
2014,33,"705*A",942,-2553,"Ivesia gordonii",5,NA,NA,2,1,0,NA,1,0,0,2.52336448598131,300,164.02168
2015,33,"705*A",942,-2553,"Ivesia gordonii",5,5,0,4,3,0,0,1,0,0,3.0530303030303,300,100
2016,33,"705*A",942,-2553,"Ivesia gordonii",10,5,5,5,1,0,0,1,0,0,1.30188679245283,310.11761,110.47582
2017,33,"705*A",942,-2553,"Ivesia gordonii",9,10,-1,5,0,0,0,1,0,0,1.28571428571429,321.150118002896,139.070284719117
2018,33,"705*A",942,-2553,"Ivesia gordonii",15,9,6,7,18,0,0,1,0,0,1.12213740458015,337.197984650006,62.630737982303
2019,33,"705*A",942,-2553,"Ivesia gordonii",17.5,15,2.5,13.5,13,0,0,1,0,0,0.5,350.013968511391,102.043372169879
2014,33,"706*A",960,-2525,"Lupinus argenteus",5,NA,NA,6,0,0,NA,1,0,0,2.52336448598131,368.652519,0.08489004
2015,33,"706*A",960,-2525,"Lupinus argenteus",6,5,1,4.5,0,0,0,1,0,0,3.0530303030303,400,9.857841
2016,33,"706*A",960,-2525,"Lupinus argenteus",0,6,-6,0,0,0,0,0,0,1,1.30188679245283,0,0
2014,33,"707*A",975,-2515,"Lupinus argenteus",13,NA,NA,9,0,0,NA,1,0,0,2.52336448598131,369.29805,160.8076057
2015,33,"707*A",975,-2515,"Lupinus argenteus",14,13,1,8,1,0,0,1,0,0,3.0530303030303,400.006543,109.753098
2016,33,"707*A",975,-2515,"Lupinus argenteus",0,14,-14,0,0,0,0,0,0,1,1.30188679245283,0,0
2014,33,"708*A",965,-2408,"Lupinus argenteus",9,NA,NA,5,0,0,NA,1,0,0,2.52336448598131,300,0
2015,33,"708*A",965,-2408,"Lupinus argenteus",17,9,8,11,1,0,0,1,0,0,3.0530303030303,299.687831,13.370068
2016,33,"708*A",965,-2408,"Lupinus argenteus",14,17,-3,9,0,0,0,1,0,0,1.30188679245283,285.92416,2.425768
2017,33,"708*A",965,-2408,"Lupinus argenteus",0,14,-14,0,0,0,0,0,0,1,1.28571428571429,0,0
2014,33,"709*A",966,-2500,"Lupinus argenteus",9,NA,NA,5,0,0,NA,1,0,0,2.52336448598131,393.77683,333.44665
2015,33,"709*A",966,-2500,"Lupinus argenteus",18,9,9,14,2,0,0,1,0,0,3.0530303030303,347.6742802,149.3015
2016,33,"709*A",966,-2500,"Lupinus argenteus",4,18,-14,2,0,0,0,1,0,0,1.30188679245283,408.687931,100
2017,33,"709*A",966,-2500,"Lupinus argenteus",0.5,4,-3.5,0.5,0,0,0,1,0,0,1.28571428571429,400.000000000044,100.000000000011
2018,33,"709*A",966,-2500,"Lupinus argenteus",0,0.5,-0.5,0,0,0,0,0,0,1,1.12213740458015,0,0
2014,8,"71*A",960,-425,"Lupinus argenteus",6,NA,NA,4,0,0,NA,1,0,0,2.52336448598131,0,379.044267620884
2015,8,"71*A",960,-425,"Lupinus argenteus",0,6,-6,0,0,0,0,0,0,1,3.0530303030303,0,0
2014,33,"710*A",975,-2495,"Lupinus argenteus",11,NA,NA,13,1,0,NA,1,0,0,2.52336448598131,403.98836,293.466114
2015,33,"710*A",975,-2495,"Lupinus argenteus",13,11,2,13,3,0,0,1,0,0,3.0530303030303,314.7909232,258.01767
2016,33,"710*A",975,-2495,"Lupinus argenteus",0,13,-13,0,0,0,0,0,0,1,1.30188679245283,0,0
2014,33,"711*A",970,-2500,"Lupinus argenteus",10,NA,NA,9,0,0,NA,1,0,0,2.52336448598131,422.79394,356.19366
2015,33,"711*A",970,-2500,"Lupinus argenteus",7,10,-3,6,0,0,0,1,0,0,3.0530303030303,402.022907,355.38943
2016,33,"711*A",970,-2500,"Lupinus argenteus",0,7,-7,0,0,0,0,0,0,1,1.30188679245283,0,0
2014,33,"712*A",975,-2500,"Lupinus argenteus",20,NA,NA,13,2,0,NA,1,0,0,2.52336448598131,358.0458406,191.94658
2015,33,"712*A",975,-2500,"Lupinus argenteus",13,20,-7,12,0,0,0,1,0,0,3.0530303030303,346.2938802,279.208
2016,33,"712*A",975,-2500,"Lupinus argenteus",20,13,7,11,2,0,0,1,0,0,1.30188679245283,348.5161096,10.8125
2017,33,"712*A",975,-2500,"Lupinus argenteus",17,20,-3,4,0,0,0,1,0,0,1.28571428571429,368.117121135727,2.19691128236724
2018,33,"712*A",975,-2500,"Lupinus argenteus",0,17,-17,0,0,0,0,0,0,1,1.12213740458015,0,0
2014,33,"713*A",975,-2498,"Ivesia gordonii",8,NA,NA,3,1,0,NA,1,0,0,2.52336448598131,773.65959,0
2015,33,"713*A",975,-2498,"Ivesia gordonii",0,8,-8,0,0,0,0,0,0,1,3.0530303030303,0,0
2014,33,"714*A",985,-2495,"Lupinus argenteus",26,NA,NA,15,1,0,NA,1,0,0,2.52336448598131,338.2057323,131.74741
2015,33,"714*A",985,-2495,"Lupinus argenteus",14,26,-12,12,3,0,0,1,0,0,3.0530303030303,265.6270312,149.418629
2016,33,"714*A",985,-2495,"Lupinus argenteus",5,14,-9,3,0,0,0,1,0,0,1.30188679245283,253.90858,100
2017,33,"714*A",985,-2495,"Lupinus argenteus",0,5,-5,0,0,0,0,0,0,1,1.28571428571429,0,0
2014,33,"715*A",975,-2516,"Eriogonum umbellatum",9,NA,NA,2,1,0,NA,1,0,0,2.52336448598131,210.957985,252.73872
2015,33,"715*A",975,-2516,"Eriogonum umbellatum",11,9,2,2,3,0,0,1,0,0,3.0530303030303,172.1480088,263.734
2016,33,"715*A",975,-2516,"Eriogonum umbellatum",11,11,0,2,3,0,0,1,0,0,1.30188679245283,89.9462404,274.91268
2017,33,"715*A",975,-2516,"Eriogonum umbellatum",12,11,1,2,2,0,0,1,0,0,1.28571428571429,74.6424399454954,272.972244731274
2018,33,"715*A",975,-2516,"Eriogonum umbellatum",13.5,12,1.5,1.5,3,0,0,1,0,0,1.12213740458015,52.4550530305238,238.664145607919
2019,33,"715*A",975,-2516,"Eriogonum umbellatum",15,13.5,1.5,4,5,0,0,1,0,0,0.5,103.944391788261,244.835039186695
2014,33,"716*A",994,-2519,"Eriogonum umbellatum",40,NA,NA,3,19,0,NA,1,0,0,2.52336448598131,91.76798472,208.520348
2015,33,"716*A",994,-2519,"Eriogonum umbellatum",45,40,5,4,37,0,0,1,0,0,3.0530303030303,74.147096841,222.7730917
2016,33,"716*A",994,-2519,"Eriogonum umbellatum",55,45,10,4,31,0,0,1,0,0,1.30188679245283,72.4146283385,217.03860517
2017,33,"716*A",994,-2519,"Eriogonum umbellatum",48,55,-7,3,48,0,0,1,0,0,1.28571428571429,67.7858011104452,217.7262415695
2018,33,"716*A",994,-2519,"Eriogonum umbellatum",41,48,-7,3,13,0,0,1,0,0,1.12213740458015,30.1902729073589,195.962242588542
2019,33,"716*A",994,-2519,"Eriogonum umbellatum",42.5,41,1.5,4.5,79,0,0,1,0,0,0.5,50.2357071625817,206.32731530837
2014,33,"717*A",996,-2524,"Ivesia gordonii",8,NA,NA,4,2,0,NA,1,0,0,2.52336448598131,255.87706,0
2015,33,"717*A",996,-2524,"Ivesia gordonii",15,8,7,4,20,0,0,1,0,0,3.0530303030303,305.1027868,0
2016,33,"717*A",996,-2524,"Ivesia gordonii",18,15,3,6,28,0,0,1,0,0,1.30188679245283,327.34251652,0
2017,33,"717*A",996,-2524,"Ivesia gordonii",19,18,1,8,13,0,0,1,0,0,1.28571428571429,334.076769083929,0
2018,33,"717*A",996,-2524,"Ivesia gordonii",21,19,2,9,28,0,0,1,0,0,1.12213740458015,303.506878871846,0
2019,33,"717*A",996,-2524,"Ivesia gordonii",22,21,1,11,25,0,0,1,0,0,0.5,349.648652703907,0
2014,33,"718*A",945,-2490,"Ivesia gordonii",11,NA,NA,2,1,0,NA,1,0,0,2.52336448598131,453.627485,9.760211
2015,33,"718*A",945,-2490,"Ivesia gordonii",0,11,-11,0,0,0,0,0,0,1,3.0530303030303,0,0
2014,33,"719*A",920,-2500,"Ivesia gordonii",10,NA,NA,4,7,0,NA,1,0,0,2.52336448598131,522.37134,13.4581
2015,33,"719*A",920,-2500,"Ivesia gordonii",0,10,-10,0,0,0,0,0,0,1,3.0530303030303,0,0
2014,8,"72*A",965,-440,"Lupinus argenteus",27,NA,NA,13,0,0,NA,1,0,0,2.52336448598131,1.13045123471038,213.734120678219
2015,8,"72*A",965,-440,"Lupinus argenteus",24,27,-3,12,0,0,0,1,0,0,3.0530303030303,8.53345801217933,209.579317555974
2016,8,"72*A",965,-440,"Lupinus argenteus",0,24,-24,0,0,0,0,0,0,1,1.30188679245283,0,0
2014,33,"720*A",945,-2525,"Ivesia gordonii",0.5,NA,NA,0.5,0,1,1,1,0,0,2.52336448598131,427.98678,0
2015,33,"720*A",945,-2525,"Ivesia gordonii",0,0.5,-0.5,0,0,0,0,1,0,0,3.0530303030303,0,0
2016,33,"720*A",945,-2525,"Ivesia gordonii",4,0,4,3,0,0,0,1,0,0,1.30188679245283,300,0
2017,33,"720*A",945,-2525,"Ivesia gordonii",0,4,-4,0,0,0,0,0,0,1,1.28571428571429,0,0
2014,33,"721*A",925,-2480,"Ivesia gordonii",12,NA,NA,3,1,0,NA,1,0,0,2.52336448598131,572.58045,17.547188
2015,33,"721*A",925,-2480,"Ivesia gordonii",9,12,-3,3,3,0,0,1,0,0,3.0530303030303,600,0
2016,33,"721*A",925,-2480,"Ivesia gordonii",10,9,1,5,1,0,0,1,0,0,1.30188679245283,500.303506167,0
2017,33,"721*A",925,-2480,"Ivesia gordonii",0,10,-10,0,0,0,0,0,0,1,1.28571428571429,0,0
2014,33,"722*A",980,-2460,"Ivesia gordonii",9,NA,NA,4,1,0,NA,1,0,0,2.52336448598131,402.524736,0
2015,33,"722*A",980,-2460,"Ivesia gordonii",10,9,1,5,4,0,0,1,0,0,3.0530303030303,310.78149,0
2016,33,"722*A",980,-2460,"Ivesia gordonii",0,10,-10,0,0,0,0,0,0,1,1.30188679245283,0,0
2014,33,"723*A",975,-2420,"Heterotheca villosa",46,NA,NA,10,45,0,NA,1,0,0,2.52336448598131,284.8987657,20.98083
2015,33,"723*A",975,-2420,"Heterotheca villosa",52,46,6,9,37,0,0,1,0,0,3.0530303030303,312.3234824,31.238743
2016,33,"723*A",975,-2420,"Heterotheca villosa",40,52,-12,7,51,0,0,1,0,0,1.30188679245283,228.1908725408,20.26324
2017,33,"723*A",975,-2420,"Heterotheca villosa",49,40,9,7,68,0,0,1,0,0,1.28571428571429,246.837514291495,23.3840107746952
2018,33,"723*A",975,-2420,"Heterotheca villosa",0,49,-49,0,0,0,0,0,0,1,1.12213740458015,0,0
2014,33,"724*A",927,-2403,"Ivesia gordonii",4,NA,NA,3,0,0,NA,1,0,0,2.52336448598131,398.27815,0
2015,33,"724*A",927,-2403,"Ivesia gordonii",8,4,4,5,1,0,0,1,0,0,3.0530303030303,419.89332,21.26416
2016,33,"724*A",927,-2403,"Ivesia gordonii",10,8,2,5,5,0,0,1,0,0,1.30188679245283,186.358277,53.05171
2017,33,"724*A",927,-2403,"Ivesia gordonii",10,10,0,4,4,0,0,1,0,0,1.28571428571429,330.1556834194,53.0517054005553
2018,33,"724*A",927,-2403,"Ivesia gordonii",9.5,10,-0.5,3,4,0,0,1,0,0,1.12213740458015,162.711056319789,94.509907640468
2019,33,"724*A",927,-2403,"Ivesia gordonii",14,9.5,4.5,5.5,1,0,0,1,0,0,0.5,204.24882997093,86.8148480341211
2014,33,"725*A",917,-2413,"Ivesia gordonii",7,NA,NA,2,0,0,NA,1,0,0,2.52336448598131,359.99725,0
2015,33,"725*A",917,-2413,"Ivesia gordonii",8,7,1,4,5,0,0,1,0,0,3.0530303030303,520.227344,14.8393
2016,33,"725*A",917,-2413,"Ivesia gordonii",11,8,3,5,7,0,0,1,0,0,1.30188679245283,316.4162738,28.9093
2017,33,"725*A",917,-2413,"Ivesia gordonii",11,11,0,4,0,0,0,1,0,0,1.28571428571429,411.603017606749,29.0644639971413
2018,33,"725*A",917,-2413,"Ivesia gordonii",18,11,7,5,13,0,0,1,0,0,1.12213740458015,232.866496624181,20.3815182359938
2019,33,"725*A",917,-2413,"Ivesia gordonii",18,18,0,4.5,4,0,0,1,0,0,0.5,251.952692913309,37.4259985919525
2014,33,"726*A",920,-2435,"Ivesia gordonii",6,NA,NA,2,4,0,NA,1,0,0,2.52336448598131,442.01071,0
2015,33,"726*A",920,-2435,"Ivesia gordonii",8,6,2,2.5,4,0,0,1,0,0,3.0530303030303,624.737594,0
2016,33,"726*A",920,-2435,"Ivesia gordonii",5,8,-3,3,4,0,0,1,0,0,1.30188679245283,508.236613,0
2017,33,"726*A",920,-2435,"Ivesia gordonii",8,5,3,4,4,0,0,1,0,0,1.28571428571429,560.041139903824,0.293312790447854
2018,33,"726*A",920,-2435,"Ivesia gordonii",0,8,-8,0,0,0,0,0,0,1,1.12213740458015,0,0
2014,33,"727*A",930,-2445,"Agoseris glauca",8,NA,NA,6,0,0,NA,1,0,0,2.52336448598131,600,0
2015,33,"727*A",930,-2445,"Agoseris glauca",5,8,-3,4.5,1,0,0,1,0,0,3.0530303030303,719.00939,0
2016,33,"727*A",930,-2445,"Agoseris glauca",9,5,4,7,3,0,0,1,0,0,1.30188679245283,624.83439696,0
2017,33,"727*A",930,-2445,"Agoseris glauca",7,9,-2,8,0,0,0,1,0,0,1.28571428571429,797.188888865245,0
2018,33,"727*A",930,-2445,"Agoseris glauca",0,7,-7,0,0,0,0,0,0,1,1.12213740458015,0,0
2014,33,"728*A",928,-2445,"Poa stenantha",9,NA,NA,7,0,0,NA,1,0,0,2.52336448598131,508.22616,11.65792
2015,33,"728*A",928,-2445,"Poa stenantha",8.5,9,-0.5,9,0,0,0,1,0,0,3.0530303030303,640.738241,21.65881
2016,33,"728*A",928,-2445,"Poa stenantha",16,8.5,7.5,12,1,0,0,1,0,0,1.30188679245283,531.533356,38.76894
2017,33,"728*A",928,-2445,"Poa stenantha",24,16,8,29,7,0,0,0,1,0,1.28571428571429,574.806514139472,53.9529588555102
2014,33,"729*A",925,-2454,"Poa stenantha",12,NA,NA,11,0,0,NA,1,0,0,2.52336448598131,416.138115,6.557582
2015,33,"729*A",925,-2454,"Poa stenantha",14,12,2,15,0,0,0,1,0,0,3.0530303030303,642.76388,8.1281372
2016,33,"729*A",925,-2454,"Poa stenantha",17,14,3,16,2,0,0,1,0,0,1.30188679245283,501.937623,44.3314684
2017,33,"729*A",925,-2454,"Poa stenantha",22,17,5,28,5,0,0,1,0,0,1.28571428571429,541.980609460927,76.0366023821295
2018,33,"729*A",925,-2454,"Poa stenantha",22,22,0,15,10,0,0,1,0,0,1.12213740458015,362.880131105102,0
2019,33,"729*A",925,-2454,"Poa stenantha",6,22,-16,6,0,0,0,1,0,0,0.5,400.852485676434,0
2014,8,"73*A",965,-450,"Lupinus argenteus",13,NA,NA,6,0,0,NA,1,0,0,2.52336448598131,0,253.010060913108
2015,8,"73*A",965,-450,"Lupinus argenteus",16,13,3,7,0,0,0,1,0,0,3.0530303030303,2.20408149146519,219.892006645828
2016,8,"73*A",965,-450,"Lupinus argenteus",7.5,16,-8.5,7,0,0,0,1,0,0,1.30188679245283,0,103.777350163558
2017,8,"73*A",965,-450,"Lupinus argenteus",2.5,7.5,-5,1.5,0,0,0,1,0,0,1.28571428571429,0,0
2018,8,"73*A",965,-450,"Lupinus argenteus",0,2.5,-2.5,0,0,0,0,0,0,1,1.12213740458015,0,0
2014,33,"730*A",915,-2450,"Poa stenantha",2,NA,NA,6,0,0,NA,1,0,0,2.52336448598131,400,0
2015,33,"730*A",915,-2450,"Poa stenantha",6,2,4,7,0,0,0,1,0,0,3.0530303030303,500,0.7851556
2016,33,"730*A",915,-2450,"Poa stenantha",7,6,1,8,0,0,0,1,0,0,1.30188679245283,500,23.5493
2017,33,"730*A",915,-2450,"Poa stenantha",9,7,2,9,0,0,0,1,0,0,1.28571428571429,432.17028218364,98.8819438698332
2018,33,"730*A",915,-2450,"Poa stenantha",0,9,-9,0,0,0,0,0,0,1,1.12213740458015,0,0
2014,33,"731*A",914,-2456,"Heterotheca villosa",33,NA,NA,5,2,0,NA,1,0,0,2.52336448598131,413.79068201,22.32114
2015,33,"731*A",914,-2456,"Heterotheca villosa",32,33,-1,4,2,0,0,1,0,0,3.0530303030303,459.66367847,57.36118
2016,33,"731*A",914,-2456,"Heterotheca villosa",36,32,4,9,19,0,0,1,0,0,1.30188679245283,418.8368189187,20.673826
2017,33,"731*A",914,-2456,"Heterotheca villosa",29,36,-7,6,13,0,0,1,0,0,1.28571428571429,416.338315109906,51.3685809081377
2018,33,"731*A",914,-2456,"Heterotheca villosa",12,29,-17,6.5,2,0,0,1,0,0,1.12213740458015,366.289627261444,0
2019,33,"731*A",914,-2456,"Heterotheca villosa",15,12,3,6,5,0,0,1,0,0,0.5,352.641699642632,0
2014,33,"732*A",905,-2434,"Eriogonum umbellatum",65,NA,NA,4,48,0,NA,1,0,0,2.52336448598131,85.587338672,273.47014248
2015,33,"732*A",905,-2434,"Eriogonum umbellatum",76,65,11,4,83,0,0,1,0,0,3.0530303030303,78.63404652536,252.395917869
2016,33,"732*A",905,-2434,"Eriogonum umbellatum",101,76,25,5,46,0,0,1,0,0,1.30188679245283,68.64096303933,226.748475774
2017,33,"732*A",905,-2434,"Eriogonum umbellatum",96,101,-5,5,107,0,0,1,0,0,1.28571428571429,69.1934420507148,220.64240169417
2018,33,"732*A",905,-2434,"Eriogonum umbellatum",100,96,4,4,99,0,0,1,0,0,1.12213740458015,23.4776687965818,203.87046038594
2019,33,"732*A",905,-2434,"Eriogonum umbellatum",95,100,-5,10,119,0,0,1,0,0,0.5,30.4624729777992,212.065526128374
2014,33,"733*A",935,-2465,"Poa stenantha",5,NA,NA,11,0,0,NA,1,0,0,2.52336448598131,500,0
2015,33,"733*A",935,-2465,"Poa stenantha",9,5,4,13,0,0,0,1,0,0,3.0530303030303,690.00463,0
2016,33,"733*A",935,-2465,"Poa stenantha",11,9,2,11,0,0,0,1,0,0,1.30188679245283,500,1.099414
2017,33,"733*A",935,-2465,"Poa stenantha",13,11,2,14,0,0,0,1,0,0,1.28571428571429,546.354799773752,21.5324691435049
2018,33,"733*A",935,-2465,"Poa stenantha",0,13,-13,0,0,0,0,0,0,1,1.12213740458015,0,0
2014,33,"734*A",900,-2465,"Poa stenantha",4,NA,NA,7,0,0,NA,1,0,0,2.52336448598131,500,0
2015,33,"734*A",900,-2465,"Poa stenantha",11,4,7,10,0,0,0,1,0,0,3.0530303030303,500,0
2016,33,"734*A",900,-2465,"Poa stenantha",9,11,-2,10,0,0,0,1,0,0,1.30188679245283,500,0
2017,33,"734*A",900,-2465,"Poa stenantha",16,9,7,10,0,0,0,1,0,0,1.28571428571429,421.32104886727,0
2018,33,"734*A",900,-2465,"Poa stenantha",11,16,-5,6,0,0,0,1,0,0,1.12213740458015,392.30375890971,0
2019,33,"734*A",900,-2465,"Poa stenantha",0,11,-11,0,0,0,0,0,0,1,0.5,0,0
2014,33,"735*A",890,-2420,"Eriogonum umbellatum",60,NA,NA,3,19,0,NA,1,0,0,2.52336448598131,90.07763442,291.40929019
2015,33,"735*A",890,-2420,"Eriogonum umbellatum",42,60,-18,3,17,0,0,0,1,0,3.0530303030303,116.948285332,325.59541012
2014,33,"736*A",892,-2414,"Elymus lanceolatus",4,NA,NA,8,0,0,NA,1,0,0,2.52336448598131,598.97493,36.19475
2015,33,"736*A",892,-2414,"Elymus lanceolatus",9,4,5,7,0,0,0,1,0,0,3.0530303030303,596.63743,32.93145
2016,33,"736*A",892,-2414,"Elymus lanceolatus",11,9,2,19,4,0,0,1,0,0,1.30188679245283,545.2753,71.41308
2017,33,"736*A",892,-2414,"Elymus lanceolatus",11,11,0,14,1,0,0,1,0,0,1.28571428571429,540.077576258251,13.6138795988179
2018,33,"736*A",892,-2414,"Elymus lanceolatus",8,11,-3,18,2,0,0,1,0,0,1.12213740458015,303.575612973903,46.839992453864
2019,33,"736*A",892,-2414,"Elymus lanceolatus",4.5,8,-3.5,11,0,0,0,1,0,0,0.5,299.999999999997,0
2014,33,"737*A",891,-2410,"Elymus lanceolatus",7,NA,NA,6,0,0,NA,1,0,0,2.52336448598131,587.26945,11.81869
2015,33,"737*A",891,-2410,"Elymus lanceolatus",7,7,0,9,0,0,0,1,0,0,3.0530303030303,600,54.4377
2016,33,"737*A",891,-2410,"Elymus lanceolatus",13,7,6,12,0,0,0,1,0,0,1.30188679245283,526.998563,51.13007
2017,33,"737*A",891,-2410,"Elymus lanceolatus",4,13,-9,12,0,0,0,1,0,0,1.28571428571429,578.145045269095,96.7049644660634
2018,33,"737*A",891,-2410,"Elymus lanceolatus",8.5,4,4.5,13.5,1,0,0,1,0,0,1.12213740458015,300.000000000003,41.4914812048076
2019,33,"737*A",891,-2410,"Elymus lanceolatus",2.5,8.5,-6,8,0,0,0,1,0,0,0.5,299.999999999987,0
2014,33,"738*A",900,-2400,"Eriogonum umbellatum",1,NA,NA,1,0,1,1,1,0,0,2.52336448598131,166.05054,300
2015,33,"738*A",900,-2400,"Eriogonum umbellatum",0.7,1,-0.3,0.9,0,0,0,1,0,0,3.0530303030303,100,300
2016,33,"738*A",900,-2400,"Eriogonum umbellatum",0,0.7,-0.7,0,0,0,0,0,0,1,1.30188679245283,0,0
2014,33,"739*A",870,-2400,"Heterotheca villosa",25,NA,NA,8,18,0,NA,1,0,0,2.52336448598131,536.3170926,0
2015,33,"739*A",870,-2400,"Heterotheca villosa",48,25,23,7,8,0,0,1,0,0,3.0530303030303,491.45519596,30.53475256
2016,33,"739*A",870,-2400,"Heterotheca villosa",32,48,-16,8,22,0,0,1,0,0,1.30188679245283,490.6231134,14.6552925
2017,33,"739*A",870,-2400,"Heterotheca villosa",49,32,17,5,13,0,0,1,0,0,1.28571428571429,427.649604902863,24.4942327346822
2018,33,"739*A",870,-2400,"Heterotheca villosa",0,49,-49,0,0,0,0,0,0,1,1.12213740458015,0,0
2014,8,"74*A",975,-450,"Lupinus argenteus",32,NA,NA,16,0,0,NA,1,0,0,2.52336448598131,1.23283771845001,156.480328016491
2015,8,"74*A",975,-450,"Lupinus argenteus",5.5,32,-26.5,3.5,0,0,0,1,0,0,3.0530303030303,0,327.691101125613
2016,8,"74*A",975,-450,"Lupinus argenteus",0,5.5,-5.5,0,0,0,0,0,0,1,1.30188679245283,0,0
2017,33,"740*A",880,-2410,"Lupinus argenteus",12,NA,NA,9,1,0,1,1,0,0,1.28571428571429,521.840252553145,0
2018,33,"740*A",880,-2410,"Lupinus argenteus",0,12,-12,0,0,0,0,0,0,1,1.12213740458015,0,0
2014,33,"740-old*A",880,-2410,"Lupinus argenteus",24,NA,NA,17,14,0,NA,1,0,0,2.52336448598131,488.8423479,42.80438
2015,33,"740-old*A",880,-2410,"Lupinus argenteus",0,24,-24,0,0,0,0,0,0,1,3.0530303030303,0,0
2014,33,"741*A",865,-2420,"Lupinus argenteus",17,NA,NA,11,2,0,NA,1,0,0,2.52336448598131,522.06889,64.50475
2015,33,"741*A",865,-2420,"Lupinus argenteus",0,17,-17,0,0,0,0,0,0,1,3.0530303030303,0,0
2014,33,"742*A",855,-2530,"Lupinus argenteus",17,NA,NA,12,0,0,NA,1,0,0,2.52336448598131,399.3349365,0
2015,33,"742*A",855,-2530,"Lupinus argenteus",0,17,-17,0,0,0,0,0,0,1,3.0530303030303,0,0
2014,33,"743*A",850,-2440,"Lupinus argenteus",2,NA,NA,2,0,0,NA,1,0,0,2.52336448598131,500,0
2015,33,"743*A",850,-2440,"Lupinus argenteus",13,2,11,5,0,0,0,1,0,0,3.0530303030303,600,2.1611075
2016,33,"743*A",850,-2440,"Lupinus argenteus",7,13,-6,4,0,0,0,1,0,0,1.30188679245283,406.768137,177.0285071
2017,33,"743*A",850,-2440,"Lupinus argenteus",2,7,-5,1,0,0,0,1,0,0,1.28571428571429,500.000000000005,112.765800523045
2018,33,"743*A",850,-2440,"Lupinus argenteus",0,2,-2,0,0,0,0,0,0,1,1.12213740458015,0,0
2014,33,"744*A",860,-2450,"Lupinus argenteus",11,NA,NA,8,0,0,NA,1,0,0,2.52336448598131,500,79.01795
2015,33,"744*A",860,-2450,"Lupinus argenteus",3,11,-8,1,0,0,0,1,0,0,3.0530303030303,600,92.16793
2016,33,"744*A",860,-2450,"Lupinus argenteus",0,3,-3,0,0,0,0,0,0,1,1.30188679245283,0,0
2014,33,"745*A",865,-2450,"Lupinus argenteus",12,NA,NA,12,1,0,NA,1,0,0,2.52336448598131,506.600669,66.39703
2015,33,"745*A",865,-2450,"Lupinus argenteus",6,12,-6,6,0,0,0,1,0,0,3.0530303030303,600,20.231634
2016,33,"745*A",865,-2450,"Lupinus argenteus",0,6,-6,0,0,0,0,0,0,1,1.30188679245283,0,0
2014,33,"746*A",832,-2422,"Eriogonum umbellatum",29,NA,NA,4,8,0,NA,1,0,0,2.52336448598131,73.3800315,373.27303
2015,33,"746*A",832,-2422,"Eriogonum umbellatum",30,29,1,4,17,0,0,1,0,0,3.0530303030303,87.716823986,392.89615
2016,33,"746*A",832,-2422,"Eriogonum umbellatum",34,30,4,3,35,0,0,1,0,0,1.30188679245283,94.602099445,303.8125
2017,33,"746*A",832,-2422,"Eriogonum umbellatum",34,34,0,4,28,0,0,1,0,0,1.28571428571429,99.0299546398448,305.812797965456
2018,33,"746*A",832,-2422,"Eriogonum umbellatum",38,34,4,3,50,0,0,1,0,0,1.12213740458015,26.7651415477737,288.896729209788
2019,33,"746*A",832,-2422,"Eriogonum umbellatum",40,38,2,7.5,44,0,0,1,0,0,0.5,26.6949213792934,285.9232116588
2014,33,"747*A",820,-2476,"Eriogonum umbellatum",62,NA,NA,4,12,0,NA,1,0,0,2.52336448598131,65.921149632,281.20149434
2015,33,"747*A",820,-2476,"Eriogonum umbellatum",58,62,-4,4,33,0,0,1,0,0,3.0530303030303,67.9803879419,290.14552971
2016,33,"747*A",820,-2476,"Eriogonum umbellatum",58,58,0,4,32,0,0,1,0,0,1.30188679245283,68.13238658673,263.811234135
2017,33,"747*A",820,-2476,"Eriogonum umbellatum",60,58,2,5,15,0,0,1,0,0,1.28571428571429,68.5160425388428,254.189715636466
2018,33,"747*A",820,-2476,"Eriogonum umbellatum",60,60,0,5,23,0,0,1,0,0,1.12213740458015,19.8539900895285,242.364505759493
2019,33,"747*A",820,-2476,"Eriogonum umbellatum",63.5,60,3.5,8,5,0,0,1,0,0,0.5,21.3085950153837,245.014605924375
2014,33,"748*A",817,-2471,"Poa stenantha",17,NA,NA,27,8,0,NA,1,0,0,2.52336448598131,516.94381,0
2015,33,"748*A",817,-2471,"Poa stenantha",17,17,0,14,0,0,0,1,0,0,3.0530303030303,544.41599,0
2016,33,"748*A",817,-2471,"Poa stenantha",14,17,-3,9,6,0,0,1,0,0,1.30188679245283,493.29018,0
2017,33,"748*A",817,-2471,"Poa stenantha",17,14,3,18,2,0,0,1,0,0,1.28571428571429,491.625984958622,0
2018,33,"748*A",817,-2471,"Poa stenantha",17,17,0,12.5,1,0,0,1,0,0,1.12213740458015,499.999999999998,0
2019,33,"748*A",817,-2471,"Poa stenantha",11,17,-6,15,0,0,0,1,0,0,0.5,500.000000000005,0
2014,33,"749*A",818,-2463,"Elymus lanceolatus",9,NA,NA,23,3,0,NA,1,0,0,2.52336448598131,560.45383,0
2015,33,"749*A",818,-2463,"Elymus lanceolatus",26,9,17,24,4,0,0,1,0,0,3.0530303030303,514.239,0
2016,33,"749*A",818,-2463,"Elymus lanceolatus",26,26,0,29,16,0,0,1,0,0,1.30188679245283,427.04863,0
2017,33,"749*A",818,-2463,"Elymus lanceolatus",28,26,2,20,5,0,0,1,0,0,1.28571428571429,433.775394965616,0
2018,33,"749*A",818,-2463,"Elymus lanceolatus",33,28,5,26,17,0,0,1,0,0,1.12213740458015,426.546198104407,0
2019,33,"749*A",818,-2463,"Elymus lanceolatus",35.5,33,2.5,26.5,24,0,0,1,0,0,0.5,409.721899596618,0
2014,8,"75*A",980,-475,"Lupinus argenteus",10,NA,NA,6,0,0,NA,1,0,0,2.52336448598131,16.6458355744896,87.2584766380991
2015,8,"75*A",980,-475,"Lupinus argenteus",7.5,10,-2.5,3,0,0,0,1,0,0,3.0530303030303,20.1620540280124,0
2016,8,"75*A",980,-475,"Lupinus argenteus",6.5,7.5,-1,3,0,0,0,1,0,0,1.30188679245283,0.0732712678843796,3.5233669828032
2017,8,"75*A",980,-475,"Lupinus argenteus",4,6.5,-2.5,3.5,0,0,0,1,0,0,1.28571428571429,85.4491295119582,0
2018,8,"75*A",980,-475,"Lupinus argenteus",0,4,-4,0,0,0,0,0,0,1,1.12213740458015,0,0
2014,33,"750*A",814,-2495,"Elymus lanceolatus",10,NA,NA,20,2,0,NA,1,0,0,2.52336448598131,400,0
2015,33,"750*A",814,-2495,"Elymus lanceolatus",19,10,9,18,2,0,0,1,0,0,3.0530303030303,300.05498491,0
2016,33,"750*A",814,-2495,"Elymus lanceolatus",13,19,-6,17,6,0,0,1,0,0,1.30188679245283,333.30402,0
2017,33,"750*A",814,-2495,"Elymus lanceolatus",17,13,4,15,0,0,0,1,0,0,1.28571428571429,336.513044148086,0
2018,33,"750*A",814,-2495,"Elymus lanceolatus",18,17,1,19.5,1,0,0,1,0,0,1.12213740458015,389.790309607234,0
2019,33,"750*A",814,-2495,"Elymus lanceolatus",16,18,-2,18.5,1,0,0,1,0,0,0.5,400.170914175653,0
2014,34,"751*A",1321,-2554,"Eriogonum umbellatum",35,NA,NA,3,48,0,NA,1,0,0,2.52336448598131,3.82368,3.636731
2015,34,"751*A",1321,-2554,"Eriogonum umbellatum",44,35,9,5,44,0,0,1,0,0,3.0530303030303,5.5142594,24.72871
2016,34,"751*A",1321,-2554,"Eriogonum umbellatum",49,44,5,4,55,0,0,1,0,0,1.30188679245283,4.3200709,34.018454
2017,34,"751*A",1321,-2554,"Eriogonum umbellatum",47,49,-2,3,41,0,0,1,0,0,1.28571428571429,4.78700409760164,36.5614819037152
2018,34,"751*A",1321,-2554,"Eriogonum umbellatum",40,47,-7,3,41,0,0,1,0,0,1.12213740458015,8.61596605915569,19.9373903315836
2019,34,"751*A",1321,-2554,"Eriogonum umbellatum",43,40,3,8.5,33,0,0,1,0,0,0.5,18.3651617288883,25.4631249613844
2014,34,"752*A",1317,-2546,"Elymus lanceolatus",25,NA,NA,26,10,0,NA,1,0,0,2.52336448598131,100,0
2015,34,"752*A",1317,-2546,"Elymus lanceolatus",32,25,7,16,4,0,0,1,0,0,3.0530303030303,100,21.97266
2016,34,"752*A",1317,-2546,"Elymus lanceolatus",29,32,-3,28,45,0,0,1,0,0,1.30188679245283,105.07358,28.656356
2017,34,"752*A",1317,-2546,"Elymus lanceolatus",29,29,0,17,1,0,0,1,0,0,1.28571428571429,120.294321933745,20.0951248513673
2018,34,"752*A",1317,-2546,"Elymus lanceolatus",30,29,1,27,30,0,0,1,0,0,1.12213740458015,147.013964007728,44.4444444444444
2019,34,"752*A",1317,-2546,"Elymus lanceolatus",40,30,10,27.5,22,0,0,1,0,0,0.5,202.533429811504,15.0156250000002
2014,34,"753*A",1291,-2403,"Eriogonum umbellatum",3,NA,NA,1,0,0,NA,1,0,0,2.52336448598131,0,100
2015,34,"753*A",1291,-2403,"Eriogonum umbellatum",3,3,0,1.5,0,0,0,1,0,0,3.0530303030303,0,100
2016,34,"753*A",1291,-2403,"Eriogonum umbellatum",2,3,-1,1,0,0,0,1,0,0,1.30188679245283,0,100
2017,34,"753*A",1291,-2403,"Eriogonum umbellatum",4,2,2,2,0,0,0,1,0,0,1.28571428571429,0,181.239228238637
2018,34,"753*A",1291,-2403,"Eriogonum umbellatum",5,4,1,2.5,0,0,0,1,0,0,1.12213740458015,0,99.9999999999997
2019,34,"753*A",1291,-2403,"Eriogonum umbellatum",5.5,5,0.5,2,1,0,0,1,0,0,0.5,0,100
2014,34,"754*A",1284,-2426,"Eriogonum umbellatum",33,NA,NA,2,63,0,NA,1,0,0,2.52336448598131,2.6029552,46.4768348
2015,34,"754*A",1284,-2426,"Eriogonum umbellatum",44,33,11,3,46,0,0,1,0,0,3.0530303030303,0.7255595,59.6989991
2016,34,"754*A",1284,-2426,"Eriogonum umbellatum",46,44,2,2.5,37,0,0,1,0,0,1.30188679245283,1.08903262,77.4147789
2017,34,"754*A",1284,-2426,"Eriogonum umbellatum",47,46,1,3,36,0,0,1,0,0,1.28571428571429,1.14670908872497,81.5701159617634
2018,34,"754*A",1284,-2426,"Eriogonum umbellatum",43,47,-4,2.5,46,0,0,1,0,0,1.12213740458015,1.19219296406873,45.3993118564453
2019,34,"754*A",1284,-2426,"Eriogonum umbellatum",45,43,2,4,60,0,0,1,0,0,0.5,1.09341426104746,57.7045148526895
2014,34,"755*A",1231,-2400,"Elymus lanceolatus",9,NA,NA,10,0,0,NA,1,0,0,2.52336448598131,200,57.85096
2015,34,"755*A",1231,-2400,"Elymus lanceolatus",9.5,9,0.5,9.5,0,0,0,1,0,0,3.0530303030303,200,71.1228695
2016,34,"755*A",1231,-2400,"Elymus lanceolatus",7,9.5,-2.5,22,3,0,0,1,0,0,1.30188679245283,200,171.69535
2017,34,"755*A",1231,-2400,"Elymus lanceolatus",11,7,4,15,0,0,0,1,0,0,1.28571428571429,200.000000000004,176.535753922852
2018,34,"755*A",1231,-2400,"Elymus lanceolatus",5.5,11,-5.5,14,0,0,0,1,0,0,1.12213740458015,199.999999999998,233.03446585401
2019,34,"755*A",1231,-2400,"Elymus lanceolatus",11.5,5.5,6,17.5,1,0,0,1,0,0,0.5,200,138.687574296966
2017,34,"756*A",1228,-2400,"Elymus lanceolatus",10,NA,NA,14,1,0,1,1,0,0,1.28571428571429,199.999999999999,132.393612292307
2018,34,"756*A",1228,-2400,"Elymus lanceolatus",8,10,-2,20,1,0,0,1,0,0,1.12213740458015,200.000000000004,97.933061519417
2019,34,"756*A",1228,-2400,"Elymus lanceolatus",13,8,5,18,2,0,0,1,0,0,0.5,199.999999999998,93.3776821229062
2014,34,"756.old*A",1230,-2405,"Elymus lanceolatus",5,NA,NA,12,1,0,NA,1,0,0,2.52336448598131,200,53.47093
2015,34,"756.old*A",1230,-2405,"Elymus lanceolatus",0,5,-5,0,0,0,0,0,0,1,3.0530303030303,0,0
2014,34,"757*A",1233,-2403,"Elymus lanceolatus",4,NA,NA,6,0,0,NA,1,0,0,2.52336448598131,200,103.36729
2015,34,"757*A",1233,-2403,"Elymus lanceolatus",5,4,1,13,0,0,0,1,0,0,3.0530303030303,200,124.87731
2016,34,"757*A",1233,-2403,"Elymus lanceolatus",9,5,4,14,0,0,0,1,0,0,1.30188679245283,200,122.22136
2017,34,"757*A",1233,-2403,"Elymus lanceolatus",10,9,1,9,0,0,0,1,0,0,1.28571428571429,200,132.277179572836
2018,34,"757*A",1233,-2403,"Elymus lanceolatus",6,10,-4,7,0,0,0,1,0,0,1.12213740458015,199.999999999988,146.102128624211
2019,34,"757*A",1233,-2403,"Elymus lanceolatus",3,6,-3,7,0,0,0,1,0,0,0.5,199.999999999991,293.761572662745
2014,34,"758*A",1240,-2400,"Elymus lanceolatus",5,NA,NA,8,0,0,NA,1,0,0,2.52336448598131,200,0
2015,34,"758*A",1240,-2400,"Elymus lanceolatus",0,5,-5,0,0,0,0,0,0,1,3.0530303030303,0,0
2014,34,"759*A",1200,-2422,"Eriogonum umbellatum",38,NA,NA,3,16,0,NA,1,0,0,2.52336448598131,26.7240271,66.81218
2015,34,"759*A",1200,-2422,"Eriogonum umbellatum",34,38,-4,3,54,0,0,1,0,0,3.0530303030303,2.3016017,96.58139
2016,34,"759*A",1200,-2422,"Eriogonum umbellatum",40,34,6,4,23,0,0,1,0,0,1.30188679245283,2.7703203,103.637046
2017,34,"759*A",1200,-2422,"Eriogonum umbellatum",45,40,5,2,23,0,0,1,0,0,1.28571428571429,2.44112673584917,107.564487478766
2018,34,"759*A",1200,-2422,"Eriogonum umbellatum",28,45,-17,2,6,0,0,1,0,0,1.12213740458015,5.10858840284043,98.1530922343863
2019,34,"759*A",1200,-2422,"Eriogonum umbellatum",33,28,5,8.5,23,0,0,1,0,0,0.5,3.77207473653132,97.9680162525917
2014,8,"76*A",975,-485,"Ivesia gordonii",6,NA,NA,2,1,0,NA,1,0,0,2.52336448598131,56.8616814914779,0
2015,8,"76*A",975,-485,"Ivesia gordonii",7,6,1,2,1,0,0,1,0,0,3.0530303030303,32.3374011278017,0
2016,8,"76*A",975,-485,"Ivesia gordonii",4,7,-3,2.5,2,0,0,1,0,0,1.30188679245283,60.1817950441862,0
2017,8,"76*A",975,-485,"Ivesia gordonii",0,4,-4,0,0,0,0,0,0,1,1.28571428571429,0,0
2014,34,"760*A",1205,-2485,"Ivesia gordonii",30,NA,NA,5,1,0,NA,1,0,0,2.52336448598131,85.883753,0
2015,34,"760*A",1205,-2485,"Ivesia gordonii",0,30,-30,0,0,0,0,0,0,1,3.0530303030303,0,0
2014,35,"761*A",1795,-2565,"Lupinus argenteus",10,NA,NA,5,0,0,NA,1,0,0,2.52336448598131,0,0
2015,35,"761*A",1795,-2565,"Lupinus argenteus",5.5,10,-4.5,3,0,0,0,1,0,0,3.0530303030303,0,0
2016,35,"761*A",1795,-2565,"Lupinus argenteus",0,5.5,-5.5,0,0,0,0,0,0,1,1.30188679245283,0,0
2014,36,"762*A",70,-2990,"Ivesia gordonii",3,NA,NA,2,0,0,NA,1,0,0,2.52336448598131,278.04384,0
2015,36,"762*A",70,-2990,"Ivesia gordonii",5,3,2,2,0,0,0,1,0,0,3.0530303030303,267.23473,0
2016,36,"762*A",70,-2990,"Ivesia gordonii",7.5,5,2.5,4,1,0,0,1,0,0,1.30188679245283,314.095396,0
2017,36,"762*A",70,-2990,"Ivesia gordonii",7,7.5,-0.5,6,2,0,0,1,0,0,1.28571428571429,326.969653352288,0
2018,36,"762*A",70,-2990,"Ivesia gordonii",0,7,-7,0,0,0,0,0,0,1,1.12213740458015,0,0
2014,36,"763*A",74,-2995,"Eriogonum umbellatum",19,NA,NA,2,4,0,NA,1,0,0,2.52336448598131,30.1909108,186.67728
2015,36,"763*A",74,-2995,"Eriogonum umbellatum",21,19,2,3,2,0,0,1,0,0,3.0530303030303,31.3893219,190.15536
2016,36,"763*A",74,-2995,"Eriogonum umbellatum",23,21,2,2,7,0,0,1,0,0,1.30188679245283,15.9067609,227.00092
2017,36,"763*A",74,-2995,"Eriogonum umbellatum",21,23,-2,3,4,0,0,1,0,0,1.28571428571429,24.0924842373086,202.801346549469
2018,36,"763*A",74,-2995,"Eriogonum umbellatum",22,21,1,1.5,3,0,0,1,0,0,1.12213740458015,18.4607160967417,200
2019,36,"763*A",74,-2995,"Eriogonum umbellatum",22,22,0,2.5,5,0,0,1,0,0,0.5,20.4916303357009,198.849011939133
2014,36,"764*A",85,-2980,"Senecio crassulus",12,NA,NA,9,0,0,NA,1,0,0,2.52336448598131,423.68515,44.23085
2015,36,"764*A",85,-2980,"Senecio crassulus",12,12,0,13,2,0,0,1,0,0,3.0530303030303,468.753609,6.25
2016,36,"764*A",85,-2980,"Senecio crassulus",11,12,-1,10,3,0,0,1,0,0,1.30188679245283,421.54373,0
2017,36,"764*A",85,-2980,"Senecio crassulus",0,11,-11,0,0,0,0,0,0,1,1.28571428571429,0,0
2014,36,"765*A",85,-2975,"Senecio crassulus",10,NA,NA,9,0,0,NA,1,0,0,2.52336448598131,504.057507,63.69242
2015,36,"765*A",85,-2975,"Senecio crassulus",3,10,-7,7,0,0,0,1,0,0,3.0530303030303,500,100
2016,36,"765*A",85,-2975,"Senecio crassulus",0,3,-3,0,0,0,0,0,0,1,1.30188679245283,0,0
2014,36,"766*A",85,-2970,"Heterotheca villosa",11,NA,NA,5,0,0,NA,1,0,0,2.52336448598131,411.801739,0
2015,36,"766*A",85,-2970,"Heterotheca villosa",13,11,2,6,4,0,0,1,0,0,3.0530303030303,392.2831697,0
2016,36,"766*A",85,-2970,"Heterotheca villosa",0,13,-13,0,0,0,0,0,0,1,1.30188679245283,0,0
2014,36,"767*A",85,-2970,"Eriogonum umbellatum",5,NA,NA,2,0,0,NA,1,0,0,2.52336448598131,161.931974,300
2015,36,"767*A",85,-2970,"Eriogonum umbellatum",6,5,1,3,0,0,0,1,0,0,3.0530303030303,128.33553158,300
2016,36,"767*A",85,-2970,"Eriogonum umbellatum",9,6,3,2,0,0,0,1,0,0,1.30188679245283,38.418427,300
2017,36,"767*A",85,-2970,"Eriogonum umbellatum",4,9,-5,4,0,0,0,1,0,0,1.28571428571429,71.3783942688594,300
2018,36,"767*A",85,-2970,"Eriogonum umbellatum",0,4,-4,0,0,0,0,0,0,1,1.12213740458015,0,0
2014,36,"768*A",80,-2970,"Elymus lanceolatus",5,NA,NA,4,0,0,NA,1,0,0,2.52336448598131,523.4381,0
2015,36,"768*A",80,-2970,"Elymus lanceolatus",5,5,0,9,0,0,0,1,0,0,3.0530303030303,500,0
2016,36,"768*A",80,-2970,"Elymus lanceolatus",15,5,10,15,2,0,0,0,1,0,1.30188679245283,411.63172,18.84597
2014,36,"769*A",76,-2974,"Elymus lanceolatus",3,NA,NA,6,0,0,NA,1,0,0,2.52336448598131,483.42713,0
2015,36,"769*A",76,-2974,"Elymus lanceolatus",0,3,-3,0,0,0,0,1,0,0,3.0530303030303,0,0
2016,36,"769*A",76,-2974,"Elymus lanceolatus",7,0,7,16,2,0,0,1,0,0,1.30188679245283,400,86.53762
2017,36,"769*A",76,-2974,"Elymus lanceolatus",25,7,18,16,4,0,0,1,0,0,1.28571428571429,341.686620952341,0
2018,36,"769*A",76,-2974,"Elymus lanceolatus",28,25,3,19.5,17,0,0,1,0,0,1.12213740458015,300,0
2019,36,"769*A",76,-2974,"Elymus lanceolatus",29.5,28,1.5,25,9,0,0,1,0,0,0.5,300,0
2014,8,"77*A",945,-500,"Ivesia gordonii",8,NA,NA,3,0,0,NA,1,0,0,2.52336448598131,0,0
2015,8,"77*A",945,-500,"Ivesia gordonii",10.5,8,2.5,4,5,0,0,1,0,0,3.0530303030303,15.7725596143256,0
2016,8,"77*A",945,-500,"Ivesia gordonii",12,10.5,1.5,3,13,0,0,1,0,0,1.30188679245283,41.2045634733072,0
2017,8,"77*A",945,-500,"Ivesia gordonii",7,12,-5,3,0,0,0,1,0,0,1.28571428571429,100.000000000002,0
2018,8,"77*A",945,-500,"Ivesia gordonii",0,7,-7,0,0,0,0,0,0,1,1.12213740458015,0,0
2014,36,"770*A",142,-3000,"Eriogonum umbellatum",72,NA,NA,3,75,0,NA,1,0,0,2.52336448598131,11.45772527,100.17951727
2015,36,"770*A",142,-3000,"Eriogonum umbellatum",75,72,3,5,60,0,0,1,0,0,3.0530303030303,12.357818438,103.072742
2016,36,"770*A",142,-3000,"Eriogonum umbellatum",78,75,3,4,168,0,0,1,0,0,1.30188679245283,16.53121758402,117.0034139
2017,36,"770*A",142,-3000,"Eriogonum umbellatum",70,78,-8,3,80,0,0,1,0,0,1.28571428571429,11.0913170248345,109.815426936867
2018,36,"770*A",142,-3000,"Eriogonum umbellatum",71,70,1,2,81,0,0,1,0,0,1.12213740458015,7.07907123744287,114.050328532581
2019,36,"770*A",142,-3000,"Eriogonum umbellatum",74,71,3,9,107,0,0,1,0,0,0.5,7.76972328983667,110.908771095953
2014,36,"771*A",153,-2979,"Poa stenantha",15,NA,NA,17,2,0,NA,1,0,0,2.52336448598131,183.187124,0
2015,36,"771*A",153,-2979,"Poa stenantha",24,15,9,15,1,0,0,1,0,0,3.0530303030303,180.89698,0
2016,36,"771*A",153,-2979,"Poa stenantha",30,24,6,17,6,0,0,1,0,0,1.30188679245283,212.378138,0
2017,36,"771*A",153,-2979,"Poa stenantha",35,30,5,21,5,0,0,1,0,0,1.28571428571429,195.474912724299,0
2018,36,"771*A",153,-2979,"Poa stenantha",27,35,-8,16.5,13,0,0,1,0,0,1.12213740458015,200,0
2019,36,"771*A",153,-2979,"Poa stenantha",25,27,-2,18.5,1,0,0,1,0,0,0.5,200,0
2014,36,"772*A",160,-2960,"Lupinus argenteus",10,NA,NA,3,0,0,NA,1,0,0,2.52336448598131,220.921895,0
2015,36,"772*A",160,-2960,"Lupinus argenteus",0,10,-10,0,0,0,0,0,0,1,3.0530303030303,0,0
2014,36,"773*A",185,-2960,"Heterotheca villosa",15,NA,NA,6,9,0,NA,1,0,0,2.52336448598131,173.816898,0
2015,36,"773*A",185,-2960,"Heterotheca villosa",8.5,15,-6.5,5,11,0,0,1,0,0,3.0530303030303,191.95437,0
2016,36,"773*A",185,-2960,"Heterotheca villosa",10,8.5,1.5,5,12,0,0,1,0,0,1.30188679245283,207.00624,0
2017,36,"773*A",185,-2960,"Heterotheca villosa",0,10,-10,0,0,0,0,0,0,1,1.28571428571429,0,0
2014,36,"774*A",190,-2966,"Eriogonum umbellatum",1,NA,NA,1,0,1,1,1,0,0,2.52336448598131,100,100
2015,36,"774*A",190,-2966,"Eriogonum umbellatum",2,1,1,1.5,0,0,0,1,0,0,3.0530303030303,82.94742,110.0051
2016,36,"774*A",190,-2966,"Eriogonum umbellatum",1.5,2,-0.5,1,0,0,0,1,0,0,1.30188679245283,100,200
2017,36,"774*A",190,-2966,"Eriogonum umbellatum",3,1.5,1.5,1,0,0,0,1,0,0,1.28571428571429,0,200
2018,36,"774*A",190,-2966,"Eriogonum umbellatum",1.5,3,-1.5,0.6,0,0,0,1,0,0,1.12213740458015,0,200
2019,36,"774*A",190,-2966,"Eriogonum umbellatum",1.4,1.5,-0.1,1.3,0,0,0,1,0,0,0.5,0,200
2014,36,"775*A",185,-2885,"Lupinus argenteus",3,NA,NA,3,0,0,NA,1,0,0,2.52336448598131,200,0
2015,36,"775*A",185,-2885,"Lupinus argenteus",2,3,-1,2.5,0,0,0,1,0,0,3.0530303030303,200,0
2016,36,"775*A",185,-2885,"Lupinus argenteus",5,2,3,4,0,0,0,1,0,0,1.30188679245283,200,0
2017,36,"775*A",185,-2885,"Lupinus argenteus",0,5,-5,0,0,0,0,0,0,1,1.28571428571429,0,0
2014,36,"776*A",175,-2865,"Ivesia gordonii",7,NA,NA,2,3,0,NA,1,0,0,2.52336448598131,200.2374146,0
2015,36,"776*A",175,-2865,"Ivesia gordonii",9,7,2,3,2,0,0,1,0,0,3.0530303030303,223.54673,0
2016,36,"776*A",175,-2865,"Ivesia gordonii",13,9,4,4,5,0,0,1,0,0,1.30188679245283,235.8405,0
2017,36,"776*A",175,-2865,"Ivesia gordonii",9,13,-4,5,7,0,0,1,0,0,1.28571428571429,200,0.308641975308633
2018,36,"776*A",175,-2865,"Ivesia gordonii",7,9,-2,2.5,3,0,0,1,0,0,1.12213740458015,200,0
2019,36,"776*A",175,-2865,"Ivesia gordonii",0,7,-7,0,0,0,0,0,0,1,0.5,0,0
2014,36,"777*A",165,-2855,"Heterotheca villosa",5,NA,NA,2,0,0,NA,1,0,0,2.52336448598131,200.4374235,27.24672
2015,36,"777*A",165,-2855,"Heterotheca villosa",8,5,3,5,4,0,0,1,0,0,3.0530303030303,221.5504322,25
2016,36,"777*A",165,-2855,"Heterotheca villosa",0,8,-8,0,0,0,0,0,0,1,1.30188679245283,0,0
2014,36,"778*A",162,-2852,"Heterotheca villosa",3,NA,NA,1,0,0,NA,1,0,0,2.52336448598131,200,75.68533
2015,36,"778*A",162,-2852,"Heterotheca villosa",4,3,1,2,1,0,0,1,0,0,3.0530303030303,200,100
2016,36,"778*A",162,-2852,"Heterotheca villosa",13.5,4,9.5,4,7,0,0,1,0,0,1.30188679245283,229.1085287,0
2017,36,"778*A",162,-2852,"Heterotheca villosa",0,13.5,-13.5,0,0,0,0,0,0,1,1.28571428571429,0,0
2014,36,"779*A",155,-2820,"Lupinus argenteus",1,NA,NA,1,0,1,1,1,0,0,2.52336448598131,100,0
2015,36,"779*A",155,-2820,"Lupinus argenteus",0,1,-1,0,0,0,0,1,0,0,3.0530303030303,0,0
2016,36,"779*A",155,-2820,"Lupinus argenteus",2,0,2,2,0,0,0,1,0,0,1.30188679245283,100,0
2017,36,"779*A",155,-2820,"Lupinus argenteus",0,2,-2,0,0,0,0,0,0,1,1.28571428571429,0,0
2014,8,"78*A",985,-535,"Eriogonum umbellatum",18,NA,NA,2,4,0,NA,1,0,0,2.52336448598131,27.429542628817,0
2015,8,"78*A",985,-535,"Eriogonum umbellatum",21.5,18,3.5,2.5,5,0,0,1,0,0,3.0530303030303,30.6807028889239,0
2016,8,"78*A",985,-535,"Eriogonum umbellatum",24,21.5,2.5,3,9,0,0,1,0,0,1.30188679245283,30.8996394650645,0
2017,8,"78*A",985,-535,"Eriogonum umbellatum",29,24,5,3,11,0,0,1,0,0,1.28571428571429,21.1261058218186,0
2018,8,"78*A",985,-535,"Eriogonum umbellatum",30,29,1,3,11,0,0,1,0,0,1.12213740458015,20.0852328733291,0
2019,8,"78*A",985,-535,"Eriogonum umbellatum",34,30,4,3,27,0,0,1,0,0,0.5,17.7700494532848,0
2014,36,"780*A",110,-2810,"Lupinus argenteus",9,NA,NA,6,0,0,NA,1,0,0,2.52336448598131,100,0
2015,36,"780*A",110,-2810,"Lupinus argenteus",7.5,9,-1.5,5,0,0,0,1,0,0,3.0530303030303,198.64922,7.981022
2016,36,"780*A",110,-2810,"Lupinus argenteus",9,7.5,1.5,7,0,0,0,1,0,0,1.30188679245283,193.45894,7.434342
2017,36,"780*A",110,-2810,"Lupinus argenteus",6,9,-3,4,0,0,0,1,0,0,1.28571428571429,100,4.36067787694865
2018,36,"780*A",110,-2810,"Lupinus argenteus",0,6,-6,0,0,0,0,0,0,1,1.12213740458015,0,0
2014,36,"781*A",99,-2824,"Arnica latifolia",10,NA,NA,13,1,0,NA,1,0,0,2.52336448598131,100,23.6438
2015,36,"781*A",99,-2824,"Arnica latifolia",12,10,2,8,1,0,0,1,0,0,3.0530303030303,106.477355,17.36111
2016,36,"781*A",99,-2824,"Arnica latifolia",4,12,-8,6,0,0,0,1,0,0,1.30188679245283,100,0.2631836
2017,36,"781*A",99,-2824,"Arnica latifolia",16,4,12,7,1,0,0,1,0,0,1.28571428571429,122.946322224762,40.7127680778502
2018,36,"781*A",99,-2824,"Arnica latifolia",10.5,16,-5.5,11.5,1,0,0,1,0,0,1.12213740458015,100.223769073409,3.62811791383227
2019,36,"781*A",99,-2824,"Arnica latifolia",17,10.5,6.5,13,2,0,0,1,0,0,0.5,123.508401108236,21.0766326281096
2014,36,"782*A",104,-2838,"Elymus lanceolatus",5,NA,NA,24,1,0,NA,1,0,0,2.52336448598131,100,0
2015,36,"782*A",104,-2838,"Elymus lanceolatus",8,5,3,18,1,0,0,1,0,0,3.0530303030303,138.6485362,0
2016,36,"782*A",104,-2838,"Elymus lanceolatus",13,8,5,19,1,0,0,1,0,0,1.30188679245283,254.015138,0
2017,36,"782*A",104,-2838,"Elymus lanceolatus",16,13,3,24,7,0,0,1,0,0,1.28571428571429,286.37802503058,0
2018,36,"782*A",104,-2838,"Elymus lanceolatus",14,16,-2,22,2,0,0,1,0,0,1.12213740458015,174.893751425055,0
2019,36,"782*A",104,-2838,"Elymus lanceolatus",18.5,14,4.5,22,1,0,0,1,0,0,0.5,270.258355432486,0
2014,36,"784*A",110,-2850,"Agoseris glauca",8,NA,NA,4,0,0,NA,1,0,0,2.52336448598131,257.58902,0
2015,36,"784*A",110,-2850,"Agoseris glauca",5.5,8,-2.5,11,2,0,0,1,0,0,3.0530303030303,300,0
2016,36,"784*A",110,-2850,"Agoseris glauca",9,5.5,3.5,3,1,0,0,1,0,0,1.30188679245283,300,0
2017,36,"784*A",110,-2850,"Agoseris glauca",8,9,-1,6.5,0,0,0,1,0,0,1.28571428571429,247.399857701624,0
2018,36,"784*A",110,-2850,"Agoseris glauca",2.5,8,-5.5,4,0,0,0,1,0,0,1.12213740458015,262.043120827615,0
2019,36,"784*A",110,-2850,"Agoseris glauca",3.2,2.5,0.7,4,0,0,0,1,0,0,0.5,300.000000000003,0
2014,36,"785*A",110,-2870,"Heterotheca villosa",5,NA,NA,3,0,0,NA,1,0,0,2.52336448598131,214.89414,0
2015,36,"785*A",110,-2870,"Heterotheca villosa",5,5,0,3,0,0,0,1,0,0,3.0530303030303,227.31433,0
2016,36,"785*A",110,-2870,"Heterotheca villosa",5,5,0,5,0,0,0,1,0,0,1.30188679245283,227.31433,6.478046
2017,36,"785*A",110,-2870,"Heterotheca villosa",0,5,-5,0,0,0,0,0,0,1,1.28571428571429,0,0
2014,36,"786*A",106,-2866,"Achnatherum lettermanii",7,NA,NA,4,0,0,NA,1,0,0,2.52336448598131,253.21105,0
2015,36,"786*A",106,-2866,"Achnatherum lettermanii",10,7,3,9.5,0,0,0,1,0,0,3.0530303030303,247.81597,0
2016,36,"786*A",106,-2866,"Achnatherum lettermanii",10,10,0,10,2,0,0,1,0,0,1.30188679245283,272.89627,0
2017,36,"786*A",106,-2866,"Achnatherum lettermanii",15,10,5,13,3,0,0,1,0,0,1.28571428571429,265.619274119628,0
2018,36,"786*A",106,-2866,"Achnatherum lettermanii",11.5,15,-3.5,13.5,7,0,0,1,0,0,1.12213740458015,200,0
2019,36,"786*A",106,-2866,"Achnatherum lettermanii",15,11.5,3.5,11.5,0,0,0,1,0,0,0.5,227.471209420854,0
2014,36,"787*A",80,-2910,"Lupinus argenteus",4,NA,NA,3,0,0,NA,1,0,0,2.52336448598131,200,0
2015,36,"787*A",80,-2910,"Lupinus argenteus",6.5,4,2.5,5,0,0,0,1,0,0,3.0530303030303,200,0
2016,36,"787*A",80,-2910,"Lupinus argenteus",8,6.5,1.5,5,0,0,0,1,0,0,1.30188679245283,200,0
2017,36,"787*A",80,-2910,"Lupinus argenteus",0,8,-8,0,0,0,0,0,0,1,1.28571428571429,0,0
2014,37,"788*A",430,-2975,"Lupinus argenteus",12,NA,NA,6,0,0,NA,1,0,0,2.52336448598131,0,0
2015,37,"788*A",430,-2975,"Lupinus argenteus",13,12,1,5,0,0,0,1,0,0,3.0530303030303,0,5.325444
2016,37,"788*A",430,-2975,"Lupinus argenteus",6,13,-7,5,0,0,0,1,0,0,1.30188679245283,0,0
2017,37,"788*A",430,-2975,"Lupinus argenteus",13,6,7,8,0,0,0,1,0,0,1.28571428571429,0,0
2018,37,"788*A",430,-2975,"Lupinus argenteus",12.5,13,-0.5,9,0,0,0,1,0,0,1.12213740458015,0,0
2019,37,"788*A",430,-2975,"Lupinus argenteus",0,12.5,-12.5,0,0,0,0,0,0,1,0.5,0,0
2014,37,"789*A",458,-2990,"Eriogonum umbellatum",0.5,NA,NA,0.5,0,1,1,1,0,0,2.52336448598131,0,0
2015,37,"789*A",458,-2990,"Eriogonum umbellatum",0,0.5,-0.5,0,0,0,0,0,0,1,3.0530303030303,0,0
2014,8,"79*A",990,-520,"Ivesia gordonii",16,NA,NA,4,2,0,NA,1,0,0,2.52336448598131,100,0
2015,8,"79*A",990,-520,"Ivesia gordonii",19.5,16,3.5,5,7,0,0,1,0,0,3.0530303030303,100,0
2016,8,"79*A",990,-520,"Ivesia gordonii",20,19.5,0.5,7,25,0,0,1,0,0,1.30188679245283,99.9999999999999,0
2017,8,"79*A",990,-520,"Ivesia gordonii",18.5,20,-1.5,5,4,0,0,1,0,0,1.28571428571429,105.11421223392,0
2018,8,"79*A",990,-520,"Ivesia gordonii",21.5,18.5,3,6.5,7,0,0,1,0,0,1.12213740458015,103.199483311981,0
2019,8,"79*A",990,-520,"Ivesia gordonii",22.5,21.5,1,6.5,10,0,0,1,0,0,0.5,104.487104642191,0
2014,37,"790*A",463,-2987,"Ivesia gordonii",2,NA,NA,1,0,0,NA,1,0,0,2.52336448598131,0,0
2015,37,"790*A",463,-2987,"Ivesia gordonii",5,2,3,3,0,0,0,1,0,0,3.0530303030303,39.75401,0
2016,37,"790*A",463,-2987,"Ivesia gordonii",6,5,1,4,0,0,0,1,0,0,1.30188679245283,4.42465769,0.0829318
2017,37,"790*A",463,-2987,"Ivesia gordonii",8,6,2,2,4,0,0,1,0,0,1.28571428571429,0,3.51562500000019
2018,37,"790*A",463,-2987,"Ivesia gordonii",9,8,1,4,0,0,0,1,0,0,1.12213740458015,0,0
2019,37,"790*A",463,-2987,"Ivesia gordonii",7.5,9,-1.5,4,0,0,0,1,0,0,0.5,0,0
2014,37,"791*A",460,-2977,"Lupinus argenteus",2,NA,NA,2,0,0,NA,1,0,0,2.52336448598131,0,12.18289
2015,37,"791*A",460,-2977,"Lupinus argenteus",10,2,8,5,0,0,0,1,0,0,3.0530303030303,13.83731,58.5205
2016,37,"791*A",460,-2977,"Lupinus argenteus",5,10,-5,4,0,0,0,1,0,0,1.30188679245283,10.233500212,41.71196
2017,37,"791*A",460,-2977,"Lupinus argenteus",0,5,-5,0,0,0,0,0,0,1,1.28571428571429,0,0
2014,37,"792*A",465,-2968,"Lupinus argenteus",9,NA,NA,5,0,0,NA,1,0,0,2.52336448598131,13.03822,26.7393044
2015,37,"792*A",465,-2968,"Lupinus argenteus",13,9,4,8,0,0,0,1,0,0,3.0530303030303,10.5544406,40.907206
2016,37,"792*A",465,-2968,"Lupinus argenteus",10,13,-3,4,0,0,0,1,0,0,1.30188679245283,24.6502462,10.42799
2017,37,"792*A",465,-2968,"Lupinus argenteus",0,10,-10,0,0,0,0,0,0,1,1.28571428571429,0,0
2014,37,"793*A",475,-2956,"Ivesia gordonii",9,NA,NA,3,0,0,NA,1,0,0,2.52336448598131,109.364561,0
2015,37,"793*A",475,-2956,"Ivesia gordonii",7,9,-2,5,1,0,0,1,0,0,3.0530303030303,104.109433,0
2016,37,"793*A",475,-2956,"Ivesia gordonii",10.5,7,3.5,5,3,0,0,1,0,0,1.30188679245283,26.73309,0.03628118
2017,37,"793*A",475,-2956,"Ivesia gordonii",7,10.5,-3.5,5,0,0,0,1,0,0,1.28571428571429,23.0091188035423,0
2018,37,"793*A",475,-2956,"Ivesia gordonii",11,7,4,3.5,1,0,0,1,0,0,1.12213740458015,0,0
2019,37,"793*A",475,-2956,"Ivesia gordonii",11.5,11,0.5,5,0,0,0,1,0,0,0.5,0,0.235787836579377
2014,37,"794*A",475,-2952,"Lupinus argenteus",16,NA,NA,10,3,0,NA,1,0,0,2.52336448598131,44.05304,20.234687
2015,37,"794*A",475,-2952,"Lupinus argenteus",9,16,-7,5,0,0,0,1,0,0,3.0530303030303,64.8848,23.0459228
2016,37,"794*A",475,-2952,"Lupinus argenteus",0,9,-9,0,0,0,0,0,0,1,1.30188679245283,0,0
2014,37,"795*A",455,-2940,"Lupinus argenteus",14,NA,NA,8,0,0,NA,1,0,0,2.52336448598131,26.73018,57.81027
2015,37,"795*A",455,-2940,"Lupinus argenteus",18,14,4,7,2,0,0,1,0,0,3.0530303030303,12.24754911,90.4295137
2016,37,"795*A",455,-2940,"Lupinus argenteus",12,18,-6,5,0,0,0,1,0,0,1.30188679245283,35.95293435,104.793164
2017,37,"795*A",455,-2940,"Lupinus argenteus",1.5,12,-10.5,1.5,0,0,0,1,0,0,1.28571428571429,59.6397228846613,143.172340150023
2018,37,"795*A",455,-2940,"Lupinus argenteus",0,1.5,-1.5,0,0,0,0,0,0,1,1.12213740458015,0,0
2014,37,"796*A",448,-2930,"Lupinus argenteus",8,NA,NA,4,0,0,NA,1,0,0,2.52336448598131,89.43643,76.92136
2015,37,"796*A",448,-2930,"Lupinus argenteus",13,8,5,5,0,0,0,1,0,0,3.0530303030303,36.08919,124.53306
2016,37,"796*A",448,-2930,"Lupinus argenteus",15,13,2,7,0,0,0,1,0,0,1.30188679245283,74.0908573,74.366789
2017,37,"796*A",448,-2930,"Lupinus argenteus",9,15,-6,3,0,0,0,1,0,0,1.28571428571429,57.4602446617772,43.7137749548821
2018,37,"796*A",448,-2930,"Lupinus argenteus",0,9,-9,0,0,0,0,0,0,1,1.12213740458015,0,0
2014,37,"797*A",465,-2925,"Lupinus argenteus",14,NA,NA,7,0,0,NA,1,0,0,2.52336448598131,63.64644,31.80167
2015,37,"797*A",465,-2925,"Lupinus argenteus",20,14,6,9,0,0,0,1,0,0,3.0530303030303,41.856902596,65.02510386
2016,37,"797*A",465,-2925,"Lupinus argenteus",5,20,-15,5,0,0,0,1,0,0,1.30188679245283,80.00482,197.563933
2017,37,"797*A",465,-2925,"Lupinus argenteus",3.5,5,-1.5,3.5,0,0,0,1,0,0,1.28571428571429,6.18253910975862,122.670077327197
2018,37,"797*A",465,-2925,"Lupinus argenteus",0,3.5,-3.5,0,0,0,0,0,0,1,1.12213740458015,0,0
2014,37,"798*A",452,-2920,"Ivesia gordonii",14,NA,NA,4,2,0,NA,1,0,0,2.52336448598131,77.61273,0
2015,37,"798*A",452,-2920,"Ivesia gordonii",9,14,-5,3,1,0,0,1,0,0,3.0530303030303,166.64019,0
2016,37,"798*A",452,-2920,"Ivesia gordonii",14,9,5,6,7,0,0,1,0,0,1.30188679245283,121.010851,0
2017,37,"798*A",452,-2920,"Ivesia gordonii",9.5,14,-4.5,3,0,0,0,1,0,0,1.28571428571429,95.4617906191459,0
2018,37,"798*A",452,-2920,"Ivesia gordonii",10,9.5,0.5,3.5,0,0,0,1,0,0,1.12213740458015,27.9092579543797,0
2019,37,"798*A",452,-2920,"Ivesia gordonii",13.5,10,3.5,6,1,0,0,1,0,0,0.5,11.359946763423,0
2014,37,"799*A",512,-2988,"Lupinus argenteus",15,NA,NA,5,0,0,NA,1,0,0,2.52336448598131,0,0
2015,37,"799*A",512,-2988,"Lupinus argenteus",10.5,15,-4.5,3.5,0,0,0,1,0,0,3.0530303030303,0,0
2016,37,"799*A",512,-2988,"Lupinus argenteus",0,10.5,-10.5,0,0,0,0,0,0,1,1.30188679245283,0,0
2014,1,"8*A",194,-147,"Ivesia gordonii",13,NA,NA,4,6,0,NA,1,0,0,2.52336448598131,0,0
2015,1,"8*A",194,-147,"Ivesia gordonii",11,13,-2,4,3,0,0,1,0,0,3.0530303030303,0,0.822204145829737
2016,1,"8*A",194,-147,"Ivesia gordonii",12.9,11,1.9,5.5,10,0,0,1,0,0,1.30188679245283,6.39637891057472,5.66998056073159
2017,1,"8*A",194,-147,"Ivesia gordonii",0,12.9,-12.9,0,0,0,0,0,0,1,1.28571428571429,0,0
2014,8,"80*A",905,-510,"Lupinus argenteus",23,NA,NA,13,1,0,NA,1,0,0,2.52336448598131,1.05277400761366,0
2015,8,"80*A",905,-510,"Lupinus argenteus",0.7,23,-22.3,1.5,0,0,0,1,0,0,3.0530303030303,0,0
2016,8,"80*A",905,-510,"Lupinus argenteus",0,0.7,-0.7,0,0,0,0,0,0,1,1.30188679245283,0,0
2014,37,"800*A",560,-2970,"Lupinus argenteus",22,NA,NA,12,1,0,NA,1,0,0,2.52336448598131,10.73722,141.705976
2015,37,"800*A",560,-2970,"Lupinus argenteus",5,22,-17,3,0,0,0,1,0,0,3.0530303030303,5.924506,172.88527
2016,37,"800*A",560,-2970,"Lupinus argenteus",0,5,-5,0,0,0,0,0,0,1,1.30188679245283,0,0
2014,37,"801*A",562,-2965,"Lupinus argenteus",9,NA,NA,6,0,0,NA,1,0,0,2.52336448598131,0.1457165,251.21585
2015,37,"801*A",562,-2965,"Lupinus argenteus",1.5,9,-7.5,1.5,0,0,0,1,0,0,3.0530303030303,0,232.22888
2016,37,"801*A",562,-2965,"Lupinus argenteus",0,1.5,-1.5,0,0,0,0,0,0,1,1.30188679245283,0,0
2014,37,"802*A",565,-2965,"Lupinus argenteus",19,NA,NA,11,0,0,NA,1,0,0,2.52336448598131,21.12445,207.046533
2015,37,"802*A",565,-2965,"Lupinus argenteus",12,19,-7,7,0,0,0,1,0,0,3.0530303030303,33.04085,108.8392686
2016,37,"802*A",565,-2965,"Lupinus argenteus",15,12,3,8,0,0,0,1,0,0,1.30188679245283,0,94.097995
2017,37,"802*A",565,-2965,"Lupinus argenteus",0,15,-15,0,0,0,0,0,0,1,1.28571428571429,0,0
2014,37,"803*A",582,-2978,"Lupinus argenteus",11,NA,NA,8,0,0,NA,1,0,0,2.52336448598131,24.02077,138.209022
2015,37,"803*A",582,-2978,"Lupinus argenteus",0,11,-11,0,0,0,0,0,0,1,3.0530303030303,0,0
2014,37,"804*A",580,-2960,"Lupinus argenteus",17,NA,NA,13,2,0,NA,1,0,0,2.52336448598131,67.58961,199.356254
2015,37,"804*A",580,-2960,"Lupinus argenteus",24,17,7,14,3,0,0,1,0,0,3.0530303030303,57.62060181,63.1655129
2016,37,"804*A",580,-2960,"Lupinus argenteus",13,24,-11,10,0,0,0,1,0,0,1.30188679245283,14.5299878,191.108531
2017,37,"804*A",580,-2960,"Lupinus argenteus",0,13,-13,0,0,0,0,0,0,1,1.28571428571429,0,0
2014,37,"805*A",585,-2960,"Heterotheca villosa",12,NA,NA,9,1,0,NA,1,0,0,2.52336448598131,259.47749001,0
2015,37,"805*A",585,-2960,"Heterotheca villosa",15,12,3,8,0,0,0,1,0,0,3.0530303030303,177.135679,0
2016,37,"805*A",585,-2960,"Heterotheca villosa",4,15,-11,3,0,0,0,1,0,0,1.30188679245283,288.70211,0
2017,37,"805*A",585,-2960,"Heterotheca villosa",0.9,4,-3.1,0.5,0,0,0,1,0,0,1.28571428571429,100.000000000004,0
2018,37,"805*A",585,-2960,"Heterotheca villosa",0,0.9,-0.9,0,0,0,0,0,0,1,1.12213740458015,0,0
2014,37,"806*A",585,-2955,"Lupinus argenteus",14,NA,NA,8,0,0,NA,1,0,0,2.52336448598131,81.24709,141.058021
2015,37,"806*A",585,-2955,"Lupinus argenteus",12,14,-2,7,0,0,0,1,0,0,3.0530303030303,100,108.928025
2016,37,"806*A",585,-2955,"Lupinus argenteus",20,12,8,13,1,0,0,1,0,0,1.30188679245283,7.641675,94.9026054
2017,37,"806*A",585,-2955,"Lupinus argenteus",1,20,-19,1,0,0,0,1,0,0,1.28571428571429,0,0
2018,37,"806*A",585,-2955,"Lupinus argenteus",0,1,-1,0,0,0,0,0,0,1,1.12213740458015,0,0
2014,37,"807*A",560,-2950,"Lupinus argenteus",11,NA,NA,7,0,0,NA,1,0,0,2.52336448598131,0,147.76875
2015,37,"807*A",560,-2950,"Lupinus argenteus",1.5,11,-9.5,1,0,0,0,1,0,0,3.0530303030303,0,100
2016,37,"807*A",560,-2950,"Lupinus argenteus",5,1.5,3.5,5,0,0,0,1,0,0,1.30188679245283,0,37.4684
2017,37,"807*A",560,-2950,"Lupinus argenteus",3.5,5,-1.5,4,0,0,0,1,0,0,1.28571428571429,0,0
2018,37,"807*A",560,-2950,"Lupinus argenteus",0,3.5,-3.5,0,0,0,0,0,0,1,1.12213740458015,0,0
2014,37,"808*A",546,-2837,"Ivesia gordonii",14,NA,NA,5,5,0,NA,1,0,0,2.52336448598131,0,0
2015,37,"808*A",546,-2837,"Ivesia gordonii",13,14,-1,4,6,0,0,1,0,0,3.0530303030303,0.8302519,0.2899408
2016,37,"808*A",546,-2837,"Ivesia gordonii",15,13,2,5,14,0,0,1,0,0,1.30188679245283,79.620735,0.2222222
2017,37,"808*A",546,-2837,"Ivesia gordonii",12,15,-3,4,1,0,0,1,0,0,1.28571428571429,19.845713526117,2.60154603522131
2018,37,"808*A",546,-2837,"Ivesia gordonii",12,12,0,5.5,0,0,0,1,0,0,1.12213740458015,0,2.60154603522131
2019,37,"808*A",546,-2837,"Ivesia gordonii",18,12,6,8,4,0,0,1,0,0,0.5,9.99196025360677,19.2927360840834
2014,37,"809*A",517,-2837,"Ivesia gordonii",7,NA,NA,5,0,0,NA,1,0,0,2.52336448598131,40.04554,68.9238
2015,37,"809*A",517,-2837,"Ivesia gordonii",7,7,0,7,1,0,0,1,0,0,3.0530303030303,98.4773967,78.5476363
2016,37,"809*A",517,-2837,"Ivesia gordonii",8,7,1,3,3,0,0,1,0,0,1.30188679245283,207.473845,34.88153866
2017,37,"809*A",517,-2837,"Ivesia gordonii",2.5,8,-5.5,2,0,0,0,1,0,0,1.28571428571429,215.043020597766,54.6956433595046
2018,37,"809*A",517,-2837,"Ivesia gordonii",6,2.5,3.5,3.5,0,0,0,1,0,0,1.12213740458015,127.290187030462,118.346179576466
2019,37,"809*A",517,-2837,"Ivesia gordonii",13,6,7,4,0,0,0,1,0,0,0.5,133.697955189959,137.127613474928
2014,8,"81*A",896,-517,"Ivesia gordonii",2,NA,NA,2,0,0,NA,1,0,0,2.52336448598131,100.000000000003,0
2015,8,"81*A",896,-517,"Ivesia gordonii",5,2,3,3.5,0,0,0,1,0,0,3.0530303030303,0,0
2016,8,"81*A",896,-517,"Ivesia gordonii",7,5,2,5,0,0,0,1,0,0,1.30188679245283,0,0
2017,8,"81*A",896,-517,"Ivesia gordonii",10,7,3,8,4,0,0,1,0,0,1.28571428571429,0,0
2018,8,"81*A",896,-517,"Ivesia gordonii",17,10,7,7.5,0,0,0,1,0,0,1.12213740458015,0,0
2019,8,"81*A",896,-517,"Ivesia gordonii",20,17,3,9,2,0,0,1,0,0,0.5,6.99139983748426,0
2014,37,"810*A",505,-2831,"Ivesia gordonii",14,NA,NA,5,0,0,NA,1,0,0,2.52336448598131,69.61345,17.23095
2015,37,"810*A",505,-2831,"Ivesia gordonii",15,14,1,5,18,0,0,1,0,0,3.0530303030303,125.09393946,17.0228
2016,37,"810*A",505,-2831,"Ivesia gordonii",10,15,-5,7,3,0,0,1,0,0,1.30188679245283,190.497999,22.37620179
2017,37,"810*A",505,-2831,"Ivesia gordonii",11,10,1,6,1,0,0,1,0,0,1.28571428571429,90.9292026343719,12.9420360528955
2018,37,"810*A",505,-2831,"Ivesia gordonii",21,11,10,7,5,0,0,1,0,0,1.12213740458015,62.8613455905842,15.6462585034013
2019,37,"810*A",505,-2831,"Ivesia gordonii",14.5,21,-6.5,9,0,0,0,1,0,0,0.5,71.9792836287306,85.0722945289355
2014,37,"811*A",495,-2825,"Lupinus argenteus",13,NA,NA,8,0,0,NA,1,0,0,2.52336448598131,67.984297,0
2015,37,"811*A",495,-2825,"Lupinus argenteus",22,13,9,11,7,0,0,1,0,0,3.0530303030303,80.514006,2.582644
2016,37,"811*A",495,-2825,"Lupinus argenteus",21,22,-1,13,3,0,0,1,0,0,1.30188679245283,85.57273623,2.53550114
2017,37,"811*A",495,-2825,"Lupinus argenteus",0,21,-21,0,0,0,0,0,0,1,1.28571428571429,0,0
2014,37,"812*A",410,-2800,"Lupinus argenteus",17,NA,NA,9,1,0,NA,1,0,0,2.52336448598131,0,100
2015,37,"812*A",410,-2800,"Lupinus argenteus",12,17,-5,9,0,0,0,1,0,0,3.0530303030303,0,99.991514
2016,37,"812*A",410,-2800,"Lupinus argenteus",20,12,8,12,0,0,0,1,0,0,1.30188679245283,0,66.463901
2017,37,"812*A",410,-2800,"Lupinus argenteus",11,20,-9,6,0,0,0,1,0,0,1.28571428571429,0,28.0484394080751
2018,37,"812*A",410,-2800,"Lupinus argenteus",0,11,-11,0,0,0,0,0,0,1,1.12213740458015,0,0
2014,37,"813*A",400,-2800,"Lupinus argenteus",35,NA,NA,14,5,0,NA,1,0,0,2.52336448598131,0,40.11007
2015,37,"813*A",400,-2800,"Lupinus argenteus",20,35,-15,10,2,0,0,1,0,0,3.0530303030303,0,69.022981
2016,37,"813*A",400,-2800,"Lupinus argenteus",21,20,1,14,1,0,0,1,0,0,1.30188679245283,0,96.37287
2017,37,"813*A",400,-2800,"Lupinus argenteus",8.5,21,-12.5,5,0,0,0,1,0,0,1.28571428571429,0,92.3090958122265
2018,37,"813*A",400,-2800,"Lupinus argenteus",0,8.5,-8.5,0,0,0,0,0,0,1,1.12213740458015,0,0
2014,37,"814*A",462,-2884,"Ivesia gordonii",15,NA,NA,4,0,0,NA,1,0,0,2.52336448598131,48.219622,22.69005
2015,37,"814*A",462,-2884,"Ivesia gordonii",12,15,-3,4,0,0,0,1,0,0,3.0530303030303,51.499002,21.98425
2016,37,"814*A",462,-2884,"Ivesia gordonii",13,12,1,5,7,0,0,1,0,0,1.30188679245283,109.062105,24.97221
2017,37,"814*A",462,-2884,"Ivesia gordonii",10,13,-3,6,1,0,0,1,0,0,1.28571428571429,141.551017054417,14.4924592001087
2018,37,"814*A",462,-2884,"Ivesia gordonii",9.5,10,-0.5,3.5,0,0,0,1,0,0,1.12213740458015,37.6921144461678,11.1230212977542
2019,37,"814*A",462,-2884,"Ivesia gordonii",14.5,9.5,5,3.5,0,0,0,1,0,0,0.5,24.5392668914679,33.7838994025755
2014,37,"815*A",483,-2879,"Ivesia gordonii",10,NA,NA,3,5,0,NA,1,0,0,2.52336448598131,173.68761,77.87388
2015,37,"815*A",483,-2879,"Ivesia gordonii",14,10,4,4,2,0,0,1,0,0,3.0530303030303,138.95741253,36.51996
2016,37,"815*A",483,-2879,"Ivesia gordonii",14.5,14,0.5,5,7,0,0,1,0,0,1.30188679245283,105.377094,32.5220098577
2017,37,"815*A",483,-2879,"Ivesia gordonii",13,14.5,-1.5,4,2,0,0,1,0,0,1.28571428571429,108.554966606276,44.0871105674611
2018,37,"815*A",483,-2879,"Ivesia gordonii",12.5,13,-0.5,3,0,0,0,1,0,0,1.12213740458015,100.324607182801,35.7869164656528
2019,37,"815*A",483,-2879,"Ivesia gordonii",14,12.5,1.5,3.5,2,0,0,1,0,0,0.5,111.89631909108,72.5719201907335
2014,37,"816*A",503,-2872,"Eriogonum umbellatum",17,NA,NA,2,0,0,NA,1,0,0,2.52336448598131,76.74364797,0
2015,37,"816*A",503,-2872,"Eriogonum umbellatum",19,17,2,3,3,0,0,1,0,0,3.0530303030303,75.42428871,0
2016,37,"816*A",503,-2872,"Eriogonum umbellatum",23,19,4,3,6,0,0,1,0,0,1.30188679245283,80.460719779,0.23629488
2017,37,"816*A",503,-2872,"Eriogonum umbellatum",22,23,-1,3,8,0,0,1,0,0,1.28571428571429,78.0191450042421,0.671487603305787
2018,37,"816*A",503,-2872,"Eriogonum umbellatum",19,22,-3,1.5,13,0,0,1,0,0,1.12213740458015,84.6997859419534,0
2019,37,"816*A",503,-2872,"Eriogonum umbellatum",17,19,-2,4.5,2,0,0,1,0,0,0.5,123.166102510086,0
2014,37,"817*A",500,-2865,"Achnatherum lettermanii",10,NA,NA,7,0,0,NA,1,0,0,2.52336448598131,100,0
2015,37,"817*A",500,-2865,"Achnatherum lettermanii",12,10,2,13,7,0,0,1,0,0,3.0530303030303,100.2032915,0
2016,37,"817*A",500,-2865,"Achnatherum lettermanii",19,12,7,18,28,0,0,1,0,0,1.30188679245283,122.666321,0
2017,37,"817*A",500,-2865,"Achnatherum lettermanii",14,19,-5,9,0,0,0,1,0,0,1.28571428571429,102.076126865657,0
2018,37,"817*A",500,-2865,"Achnatherum lettermanii",0,14,-14,0,0,0,0,0,0,1,1.12213740458015,0,0
2014,37,"818*A",503,-2885,"Heterotheca villosa",0.5,NA,NA,0.5,0,1,1,1,0,0,2.52336448598131,200,0
2015,37,"818*A",503,-2885,"Heterotheca villosa",1.5,0.5,1,1,0,0,0,1,0,0,3.0530303030303,100,0
2016,37,"818*A",503,-2885,"Heterotheca villosa",2,1.5,0.5,2,0,0,0,1,0,0,1.30188679245283,149.3548,0
2017,37,"818*A",503,-2885,"Heterotheca villosa",3.5,2,1.5,3,0,0,0,1,0,0,1.28571428571429,145.535017435128,0
2018,37,"818*A",503,-2885,"Heterotheca villosa",5.5,3.5,2,1.5,0,0,0,1,0,0,1.12213740458015,222.98823985992,0
2019,37,"818*A",503,-2885,"Heterotheca villosa",9,5.5,3.5,3.5,0,0,0,1,0,0,0.5,262.685143691289,0
2014,37,"819*A",485,-2890,"Lupinus argenteus",17,NA,NA,10,0,0,NA,1,0,0,2.52336448598131,242.5353431,7.684116
2015,37,"819*A",485,-2890,"Lupinus argenteus",12,17,-5,4,0,0,0,1,0,0,3.0530303030303,248.58505,11.52938
2016,37,"819*A",485,-2890,"Lupinus argenteus",0,12,-12,0,0,0,0,0,0,1,1.30188679245283,0,0
2014,8,"82*A",930,-550,"Lupinus argenteus",21,NA,NA,9,0,0,NA,1,0,0,2.52336448598131,2.52022840781064,0
2015,8,"82*A",930,-550,"Lupinus argenteus",15,21,-6,7,0,0,0,1,0,0,3.0530303030303,8.25839086060906,0
2016,8,"82*A",930,-550,"Lupinus argenteus",0,15,-15,0,0,0,0,0,0,1,1.30188679245283,0,0
2014,37,"820*A",489,-2895,"Ivesia gordonii",16,NA,NA,7,3,0,NA,1,0,0,2.52336448598131,153.387101,68.745863
2015,37,"820*A",489,-2895,"Ivesia gordonii",10,16,-6,5,8,0,0,1,0,0,3.0530303030303,176.658633833,71.9786612
2016,37,"820*A",489,-2895,"Ivesia gordonii",7.5,10,-2.5,3,0,0,0,1,0,0,1.30188679245283,101.88443757,58.3170359
2017,37,"820*A",489,-2895,"Ivesia gordonii",10,7.5,2.5,4,3,0,0,1,0,0,1.28571428571429,106.594307065744,119.418755302935
2018,37,"820*A",489,-2895,"Ivesia gordonii",10.5,10,0.5,5,2,0,0,1,0,0,1.12213740458015,108.101902249067,108.032984430326
2019,37,"820*A",489,-2895,"Ivesia gordonii",15,10.5,4.5,7.5,0,0,0,1,0,0,0.5,112.59036764551,120.781573855666
2014,37,"821*A",473,-2900,"Lupinus argenteus",6,NA,NA,5,0,0,NA,1,0,0,2.52336448598131,107.97297,61.68637
2015,37,"821*A",473,-2900,"Lupinus argenteus",9,6,3,5,0,0,0,1,0,0,3.0530303030303,93.5882783,29.318509
2016,37,"821*A",473,-2900,"Lupinus argenteus",0,9,-9,0,0,0,0,0,0,1,1.30188679245283,0,0
2014,37,"822*A",483,-2917,"Ivesia gordonii",10,NA,NA,3,0,0,NA,1,0,0,2.52336448598131,19.086266,24.903
2015,37,"822*A",483,-2917,"Ivesia gordonii",11,10,1,3.5,7,0,0,1,0,0,3.0530303030303,59.60742967,3.0647032
2016,37,"822*A",483,-2917,"Ivesia gordonii",8,11,-3,3,1,0,0,1,0,0,1.30188679245283,53.64858727,0
2017,37,"822*A",483,-2917,"Ivesia gordonii",8,8,0,2.5,0,0,0,1,0,0,1.28571428571429,50.5460320214457,0
2018,37,"822*A",483,-2917,"Ivesia gordonii",11,8,3,3,1,0,0,1,0,0,1.12213740458015,17.6448966581791,20.8408976973506
2019,37,"822*A",483,-2917,"Ivesia gordonii",10.5,11,-0.5,3,1,0,0,1,0,0,0.5,10.919904874365,23.3432782508168
2014,37,"823*A",503,-2892,"Ivesia gordonii",2,NA,NA,1,0,0,NA,1,0,0,2.52336448598131,122.54311,200
2015,37,"823*A",503,-2892,"Ivesia gordonii",3.5,2,1.5,2.5,0,0,0,1,0,0,3.0530303030303,100,112.44903
2016,37,"823*A",503,-2892,"Ivesia gordonii",6,3.5,2.5,3,0,0,0,1,0,0,1.30188679245283,130.006385,58.5633817
2017,37,"823*A",503,-2892,"Ivesia gordonii",4.5,6,-1.5,3,0,0,0,1,0,0,1.28571428571429,179.359265234965,53.6699578556965
2018,37,"823*A",503,-2892,"Ivesia gordonii",5,4.5,0.5,2,0,0,0,1,0,0,1.12213740458015,137.862134368806,127.537064204816
2019,37,"823*A",503,-2892,"Ivesia gordonii",8,5,3,2.5,1,0,0,1,0,0,0.5,166.323495285584,165.884406616843
2014,37,"824*A",504,-2901,"Ivesia gordonii",11,NA,NA,4,3,0,NA,1,0,0,2.52336448598131,104.25921,59.216885
2015,37,"824*A",504,-2901,"Ivesia gordonii",11,11,0,6,4,0,0,1,0,0,3.0530303030303,106.390596,32.0743993
2016,37,"824*A",504,-2901,"Ivesia gordonii",8,11,-3,3,12,0,0,1,0,0,1.30188679245283,125.81558,30.29418
2017,37,"824*A",504,-2901,"Ivesia gordonii",7,8,-1,4.5,0,0,0,1,0,0,1.28571428571429,155.228784074066,29.5935488434285
2018,37,"824*A",504,-2901,"Ivesia gordonii",17,7,10,3,2,0,0,1,0,0,1.12213740458015,92.4689186927367,44.4577876036257
2019,37,"824*A",504,-2901,"Ivesia gordonii",13.5,17,-3.5,4,1,0,0,1,0,0,0.5,97.566618878451,82.8357164948411
2014,38,"825*A",935,-2880,"Ivesia gordonii",1,NA,NA,1,0,1,1,1,0,0,2.52336448598131,0,0
2015,38,"825*A",935,-2880,"Ivesia gordonii",0.5,1,-0.5,0.7,0,0,0,1,0,0,3.0530303030303,0,0
2016,38,"825*A",935,-2880,"Ivesia gordonii",1,0.5,0.5,0.5,0,0,0,1,0,0,1.30188679245283,0,0
2017,38,"825*A",935,-2880,"Ivesia gordonii",0,1,-1,0,0,0,0,0,0,1,1.28571428571429,0,0
2014,38,"826*A",965,-2900,"Ivesia gordonii",0.5,NA,NA,0.5,0,0,NA,1,0,0,2.52336448598131,0,0
2015,38,"826*A",965,-2900,"Ivesia gordonii",0.7,0.5,0.2,0.7,0,0,0,1,0,0,3.0530303030303,0,0
2016,38,"826*A",965,-2900,"Ivesia gordonii",0.9,0.7,0.2,0.8,0,0,0,1,0,0,1.30188679245283,0,0
2017,38,"826*A",965,-2900,"Ivesia gordonii",0,0.9,-0.9,0,0,0,0,0,0,1,1.28571428571429,0,0
2014,39,"827*A",1251,-2930,"Eriogonum umbellatum",7,NA,NA,1,0,0,NA,1,0,0,2.52336448598131,0,0
2015,39,"827*A",1251,-2930,"Eriogonum umbellatum",10,7,3,2,0,0,0,1,0,0,3.0530303030303,0,0
2016,39,"827*A",1251,-2930,"Eriogonum umbellatum",7,10,-3,2,0,0,0,1,0,0,1.30188679245283,0,0
2017,39,"827*A",1251,-2930,"Eriogonum umbellatum",10.5,7,3.5,2.5,0,0,0,1,0,0,1.28571428571429,0,0
2018,39,"827*A",1251,-2930,"Eriogonum umbellatum",11,10.5,0.5,1.5,0,0,0,1,0,0,1.12213740458015,0,0
2019,39,"827*A",1251,-2930,"Eriogonum umbellatum",11.9,11,0.9,2,1,0,0,1,0,0,0.5,0,0
2014,39,"828*A",1375,-2830,"Lupinus argenteus",9,NA,NA,6,0,0,NA,1,0,0,2.52336448598131,0,0
2015,39,"828*A",1375,-2830,"Lupinus argenteus",6,9,-3,3.5,0,0,0,1,0,0,3.0530303030303,0,0
2016,39,"828*A",1375,-2830,"Lupinus argenteus",7,6,1,4.5,0,0,0,1,0,0,1.30188679245283,0,0
2017,39,"828*A",1375,-2830,"Lupinus argenteus",3,7,-4,2,0,0,0,1,0,0,1.28571428571429,0,0
2018,39,"828*A",1375,-2830,"Lupinus argenteus",0,3,-3,0,0,0,0,0,0,1,1.12213740458015,0,0
2014,40,"829*A",1650,-2985,"Lupinus argenteus",10,NA,NA,8,0,0,NA,1,0,0,2.52336448598131,97.83303,215.84336
2015,40,"829*A",1650,-2985,"Lupinus argenteus",20,10,10,12,4,0,0,1,0,0,3.0530303030303,98.7180326,36.70662
2016,40,"829*A",1650,-2985,"Lupinus argenteus",0,20,-20,0,0,0,0,0,0,1,1.30188679245283,0,0
2014,9,"83*A",1260,-525,"Ivesia gordonii",4,NA,NA,1,0,0,NA,1,0,0,2.52336448598131,0,0
2015,9,"83*A",1260,-525,"Ivesia gordonii",6,4,2,4,0,0,0,1,0,0,3.0530303030303,0,0
2016,9,"83*A",1260,-525,"Ivesia gordonii",7.5,6,1.5,4,0,0,0,1,0,0,1.30188679245283,0,0
2017,9,"83*A",1260,-525,"Ivesia gordonii",8,7.5,0.5,4,1,0,0,1,0,0,1.28571428571429,0,0
2018,9,"83*A",1260,-525,"Ivesia gordonii",0,8,-8,0,0,0,0,0,0,1,1.12213740458015,0,0
2014,40,"830*A",1650,-2982,"Lupinus argenteus",18,NA,NA,10,0,0,NA,1,0,0,2.52336448598131,73.29736,110.78356
2015,40,"830*A",1650,-2982,"Lupinus argenteus",0,18,-18,0,0,0,0,0,0,1,3.0530303030303,0,0
2014,40,"831*A",1650,-2978,"Lupinus argenteus",8,NA,NA,7,0,0,NA,1,0,0,2.52336448598131,95.99983,264.59701
2015,40,"831*A",1650,-2978,"Lupinus argenteus",0,8,-8,0,0,0,0,0,0,1,3.0530303030303,0,0
2014,40,"832*A",1650,-2975,"Lupinus argenteus",15,NA,NA,8,0,0,NA,1,0,0,2.52336448598131,67.94645,148.15938
2015,40,"832*A",1650,-2975,"Lupinus argenteus",12,15,-3,11,0,0,0,1,0,0,3.0530303030303,99.81901,94.43718
2016,40,"832*A",1650,-2975,"Lupinus argenteus",0,12,-12,0,0,0,0,0,0,1,1.30188679245283,0,0
2014,40,"833*A",1660,-3000,"Elymus lanceolatus",2,NA,NA,16,1,0,NA,1,0,0,2.52336448598131,100,24.61495
2015,40,"833*A",1660,-3000,"Elymus lanceolatus",8,2,6,11,0,0,0,1,0,0,3.0530303030303,198.4434,100
2016,40,"833*A",1660,-3000,"Elymus lanceolatus",9,8,1,13,1,0,0,1,0,0,1.30188679245283,100,100
2017,40,"833*A",1660,-3000,"Elymus lanceolatus",5,9,-4,8,0,0,0,1,0,0,1.28571428571429,100.000000000005,100.000000000005
2018,40,"833*A",1660,-3000,"Elymus lanceolatus",19.5,5,14.5,14,1,0,0,1,0,0,1.12213740458015,95.3150096886394,106.598029686912
2019,40,"833*A",1660,-3000,"Elymus lanceolatus",15,19.5,-4.5,25,1,0,0,0,1,0,0.5,81.6511971248077,101.72591847148
2014,40,"834*A",1662,-3000,"Elymus lanceolatus",3,NA,NA,11,0,0,NA,1,0,0,2.52336448598131,100,10.93998
2015,40,"834*A",1662,-3000,"Elymus lanceolatus",12,3,9,17,2,0,0,1,0,0,3.0530303030303,182.88642,44.44444
2016,40,"834*A",1662,-3000,"Elymus lanceolatus",22,12,10,17,5,0,0,1,0,0,1.30188679245283,120.63677,16.73554
2017,40,"834*A",1662,-3000,"Elymus lanceolatus",29,22,7,28,6,0,0,1,0,0,1.28571428571429,132.283433146018,4.36021504444526
2018,40,"834*A",1662,-3000,"Elymus lanceolatus",33,29,4,23.5,31,0,0,1,0,0,1.12213740458015,86.982249636172,55.9067399797839
2019,40,"834*A",1662,-3000,"Elymus lanceolatus",27.5,33,-5.5,29.5,46,0,0,1,0,0,0.5,77.893358615508,50.0793230789971
2014,40,"835*A",1675,-2990,"Eriogonum umbellatum",16,NA,NA,3,0,0,NA,1,0,0,2.52336448598131,75.14747852,0
2015,40,"835*A",1675,-2990,"Eriogonum umbellatum",19,16,3,3,0,0,0,1,0,0,3.0530303030303,57.9219585,0
2016,40,"835*A",1675,-2990,"Eriogonum umbellatum",18,19,-1,2.5,1,0,0,1,0,0,1.30188679245283,26.0191705,0
2017,40,"835*A",1675,-2990,"Eriogonum umbellatum",13.4,18,-4.6,3,0,0,0,1,0,0,1.28571428571429,58.1913442490709,0
2018,40,"835*A",1675,-2990,"Eriogonum umbellatum",11.5,13.4,-1.9,1.5,0,0,0,1,0,0,1.12213740458015,50.944266470092,0
2019,40,"835*A",1675,-2990,"Eriogonum umbellatum",9.5,11.5,-2,7,0,0,0,1,0,0,0.5,40.3799747909823,0
2014,40,"836*A",1680,-2990,"Heterotheca villosa",6,NA,NA,3,0,0,NA,1,0,0,2.52336448598131,100,0
2015,40,"836*A",1680,-2990,"Heterotheca villosa",9,6,3,3,0,0,0,1,0,0,3.0530303030303,100.7830067,0
2016,40,"836*A",1680,-2990,"Heterotheca villosa",11,9,2,5,2,0,0,1,0,0,1.30188679245283,108.977469,0
2017,40,"836*A",1680,-2990,"Heterotheca villosa",12,11,1,7,2,0,0,1,0,0,1.28571428571429,121.773275125079,0
2018,40,"836*A",1680,-2990,"Heterotheca villosa",0,12,-12,0,0,0,0,0,0,1,1.12213740458015,0,0
2014,40,"837*A",1640,-2935,"Lupinus argenteus",12,NA,NA,7,0,0,NA,1,0,0,2.52336448598131,0,0
2015,40,"837*A",1640,-2935,"Lupinus argenteus",13,12,1,6,0,0,0,1,0,0,3.0530303030303,0,0
2016,40,"837*A",1640,-2935,"Lupinus argenteus",0,13,-13,0,0,0,0,0,0,1,1.30188679245283,0,0
2014,41,"838*A",62,-3385,"Ivesia gordonii",10,NA,NA,4,6,0,NA,1,0,0,2.52336448598131,0,0
2015,41,"838*A",62,-3385,"Ivesia gordonii",15.5,10,5.5,6,10,0,0,1,0,0,3.0530303030303,0,0
2016,41,"838*A",62,-3385,"Ivesia gordonii",15,15.5,-0.5,5,32,0,0,1,0,0,1.30188679245283,4.348466,0
2017,41,"838*A",62,-3385,"Ivesia gordonii",0,15,-15,0,0,0,0,0,0,1,1.28571428571429,0,0
2014,41,"839*A",95,-3330,"Ivesia gordonii",13,NA,NA,4,19,0,NA,1,0,0,2.52336448598131,100,0
2015,41,"839*A",95,-3330,"Ivesia gordonii",15,13,2,8,9,0,0,1,0,0,3.0530303030303,106.30056,0.1111111
2016,41,"839*A",95,-3330,"Ivesia gordonii",18,15,3,6,33,0,0,1,0,0,1.30188679245283,100,0
2017,41,"839*A",95,-3330,"Ivesia gordonii",0,18,-18,0,0,0,0,0,0,1,1.28571428571429,0,0
2014,9,"84*A",1265,-440,"Lupinus argenteus",13,NA,NA,8,0,0,NA,1,0,0,2.52336448598131,0,0
2015,9,"84*A",1265,-440,"Lupinus argenteus",0,13,-13,0,0,0,0,0,0,1,3.0530303030303,0,0
2014,41,"840*A",140,-3290,"Lupinus argenteus",28,NA,NA,13,4,0,NA,1,0,0,2.52336448598131,100,28.0376223
2015,41,"840*A",140,-3290,"Lupinus argenteus",0,28,-28,0,0,0,0,0,0,1,3.0530303030303,0,0
2014,41,"841*A",150,-3280,"Lupinus argenteus",8,NA,NA,8,0,0,NA,1,0,0,2.52336448598131,100,173.06779
2015,41,"841*A",150,-3280,"Lupinus argenteus",9.5,8,1.5,4.5,0,0,0,1,0,0,3.0530303030303,100,4.51977158
2016,41,"841*A",150,-3280,"Lupinus argenteus",2,9.5,-7.5,1,0,0,0,1,0,0,1.30188679245283,100,37.45397
2017,41,"841*A",150,-3280,"Lupinus argenteus",0,2,-2,0,0,0,0,0,0,1,1.28571428571429,0,0
2014,41,"842*A",155,-3275,"Lupinus argenteus",11,NA,NA,5,0,0,NA,1,0,0,2.52336448598131,100,151.249211
2015,41,"842*A",155,-3275,"Lupinus argenteus",0,11,-11,0,0,0,0,0,0,1,3.0530303030303,0,0
2014,41,"843*A",160,-3265,"Lupinus argenteus",6,NA,NA,4,0,0,NA,1,0,0,2.52336448598131,100,155.09448
2015,41,"843*A",160,-3265,"Lupinus argenteus",8,6,2,4.5,0,0,0,1,0,0,3.0530303030303,100,84.987472
2016,41,"843*A",160,-3265,"Lupinus argenteus",5.5,8,-2.5,3,0,0,0,1,0,0,1.30188679245283,100,5.537182
2017,41,"843*A",160,-3265,"Lupinus argenteus",0,5.5,-5.5,0,0,0,0,0,0,1,1.28571428571429,0,0
2014,41,"844*A",155,-3255,"Lupinus argenteus",12,NA,NA,8,0,0,NA,1,0,0,2.52336448598131,100,129.9322
2015,41,"844*A",155,-3255,"Lupinus argenteus",16,12,4,7,0,0,0,1,0,0,3.0530303030303,100,70.52614302
2016,41,"844*A",155,-3255,"Lupinus argenteus",7,16,-9,5,0,0,0,1,0,0,1.30188679245283,100,82.146393
2017,41,"844*A",155,-3255,"Lupinus argenteus",0,7,-7,0,0,0,0,0,0,1,1.28571428571429,0,0
2014,41,"845*A",150,-3250,"Lupinus argenteus",18,NA,NA,13,2,0,NA,1,0,0,2.52336448598131,100,118.009637
2015,41,"845*A",150,-3250,"Lupinus argenteus",11,18,-7,4,0,0,0,1,0,0,3.0530303030303,100,93.935283
2016,41,"845*A",150,-3250,"Lupinus argenteus",11,11,0,6,0,0,0,1,0,0,1.30188679245283,102.57698,31.8816
2017,41,"845*A",150,-3250,"Lupinus argenteus",0,11,-11,0,0,0,0,0,0,1,1.28571428571429,0,0
2014,41,"846*A",120,-3240,"Lupinus argenteus",30,NA,NA,15,6,0,NA,1,0,0,2.52336448598131,100,107.808681
2015,41,"846*A",120,-3240,"Lupinus argenteus",9,30,-21,6,1,0,0,1,0,0,3.0530303030303,100.6813925,109.245326
2016,41,"846*A",120,-3240,"Lupinus argenteus",0,9,-9,0,0,0,0,0,0,1,1.30188679245283,0,0
2014,41,"847*A",110,-3235,"Lupinus argenteus",35,NA,NA,16,4,0,NA,1,0,0,2.52336448598131,100,71.6848998
2015,41,"847*A",110,-3235,"Lupinus argenteus",22,35,-13,9,1,0,0,1,0,0,3.0530303030303,100.6734264,20.944528
2016,41,"847*A",110,-3235,"Lupinus argenteus",10,22,-12,7,0,0,0,1,0,0,1.30188679245283,100.4015007,0
2017,41,"847*A",110,-3235,"Lupinus argenteus",0,10,-10,0,0,0,0,0,0,1,1.28571428571429,0,0
2014,41,"848*A",169,-3213,"Eriogonum umbellatum",82,NA,NA,3,73,0,NA,1,0,0,2.52336448598131,39.08199335,4.095926
2015,41,"848*A",169,-3213,"Eriogonum umbellatum",82,82,0,3,69,0,0,1,0,0,3.0530303030303,21.160247346,8.92733336
2016,41,"848*A",169,-3213,"Eriogonum umbellatum",87,82,5,3,93,0,0,1,0,0,1.30188679245283,15.99233519455,10.495022755
2017,41,"848*A",169,-3213,"Eriogonum umbellatum",84,87,-3,3,83,0,0,1,0,0,1.28571428571429,9.18134446035959,10.2750959567599
2018,41,"848*A",169,-3213,"Eriogonum umbellatum",81,84,-3,3,56,0,0,1,0,0,1.12213740458015,8.06836906902741,7.06583974249411
2019,41,"848*A",169,-3213,"Eriogonum umbellatum",82.5,81,1.5,6,52,0,0,1,0,0,0.5,12.0212680264601,2.42903014292359
2014,41,"849*A",170,-3225,"Senecio crassulus",5,NA,NA,7,0,0,NA,1,0,0,2.52336448598131,165.97483,0
2015,41,"849*A",170,-3225,"Senecio crassulus",11,5,6,11,0,0,0,1,0,0,3.0530303030303,200,0
2016,41,"849*A",170,-3225,"Senecio crassulus",19,11,8,20,12,0,0,1,0,0,1.30188679245283,183.78599374,0
2017,41,"849*A",170,-3225,"Senecio crassulus",10,19,-9,8,0,0,0,1,0,0,1.28571428571429,200,0
2018,41,"849*A",170,-3225,"Senecio crassulus",0,10,-10,0,0,0,0,0,0,1,1.12213740458015,0,0
2014,9,"85*A",1335,-425,"Ivesia gordonii",6,NA,NA,3,0,0,NA,1,0,0,2.52336448598131,0,0
2015,9,"85*A",1335,-425,"Ivesia gordonii",6.5,6,0.5,4,4,0,0,1,0,0,3.0530303030303,0,0
2016,9,"85*A",1335,-425,"Ivesia gordonii",0,6.5,-6.5,0,0,0,0,0,0,1,1.30188679245283,0,0
2014,41,"851*A",185,-3210,"Agoseris glauca",7,NA,NA,5,0,0,NA,1,0,0,2.52336448598131,115.86142,0
2015,41,"851*A",185,-3210,"Agoseris glauca",5,7,-2,4,0,0,0,1,0,0,3.0530303030303,110.82804,0
2016,41,"851*A",185,-3210,"Agoseris glauca",5,5,0,4,0,0,0,1,0,0,1.30188679245283,126.69687,0
2017,41,"851*A",185,-3210,"Agoseris glauca",4.5,5,-0.5,4,0,0,0,1,0,0,1.28571428571429,147.521844752197,0
2018,41,"851*A",185,-3210,"Agoseris glauca",0,4.5,-4.5,0,0,0,0,0,0,1,1.12213740458015,0,0
2014,41,"852*A",183,-3211,"Achnatherum lettermanii",3,NA,NA,7,0,0,NA,1,0,0,2.52336448598131,133.95273,0
2015,41,"852*A",183,-3211,"Achnatherum lettermanii",3,3,0,5,0,0,0,1,0,0,3.0530303030303,111.82568,0
2016,41,"852*A",183,-3211,"Achnatherum lettermanii",4,3,1,4,0,0,0,1,0,0,1.30188679245283,116.40059,0
2017,41,"852*A",183,-3211,"Achnatherum lettermanii",5,4,1,6,0,0,0,1,0,0,1.28571428571429,147.830346627306,0
2018,41,"852*A",183,-3211,"Achnatherum lettermanii",3.5,5,-1.5,2,0,0,0,1,0,0,1.12213740458015,99.9999999999995,0
2019,41,"852*A",183,-3211,"Achnatherum lettermanii",0,3.5,-3.5,0,0,0,0,0,0,1,0.5,0,0
2014,41,"853*A",190,-3210,"Achnatherum lettermanii",3,NA,NA,2,0,0,NA,1,0,0,2.52336448598131,100,0
2015,41,"853*A",190,-3210,"Achnatherum lettermanii",3,3,0,3,0,0,0,1,0,0,3.0530303030303,100,0
2016,41,"853*A",190,-3210,"Achnatherum lettermanii",4,3,1,3,0,0,0,1,0,0,1.30188679245283,100,0
2017,41,"853*A",190,-3210,"Achnatherum lettermanii",3,4,-1,2.5,0,0,0,1,0,0,1.28571428571429,99.9999999999998,0
2018,41,"853*A",190,-3210,"Achnatherum lettermanii",0,3,-3,0,0,0,0,0,0,1,1.12213740458015,0,0
2014,41,"854*A",155,-3220,"Arnica latifolia",4,NA,NA,8,1,0,NA,1,0,0,2.52336448598131,100,0
2015,41,"854*A",155,-3220,"Arnica latifolia",8.5,4,4.5,8,0,0,0,1,0,0,3.0530303030303,109.223597,0
2016,41,"854*A",155,-3220,"Arnica latifolia",6,8.5,-2.5,12,3,0,0,1,0,0,1.30188679245283,100,2.777778
2017,41,"854*A",155,-3220,"Arnica latifolia",10,6,4,6,1,0,0,1,0,0,1.28571428571429,123.676342997011,12.2654184425514
2018,41,"854*A",155,-3220,"Arnica latifolia",6,10,-4,4.5,0,0,0,1,0,0,1.12213740458015,100,39.8830039429861
2019,41,"854*A",155,-3220,"Arnica latifolia",0,6,-6,0,0,0,0,0,0,1,0.5,0,0
2014,41,"855*A",150,-3200,"Arnica latifolia",7,NA,NA,11,1,0,NA,1,0,0,2.52336448598131,110.47851,0
2015,41,"855*A",150,-3200,"Arnica latifolia",11,7,4,6,1,0,0,1,0,0,3.0530303030303,110.90611,11.60198
2016,41,"855*A",150,-3200,"Arnica latifolia",10,11,-1,13,7,0,0,1,0,0,1.30188679245283,137.14094,0
2017,41,"855*A",150,-3200,"Arnica latifolia",23,10,13,13,4,0,0,1,0,0,1.28571428571429,119.693065335405,32.8490228819719
2018,41,"855*A",150,-3200,"Arnica latifolia",3,23,-20,5,0,0,0,1,0,0,1.12213740458015,100.000000000001,0
2019,41,"855*A",150,-3200,"Arnica latifolia",0,3,-3,0,0,0,0,0,0,1,0.5,0,0
2014,41,"856*A",156,-3200,"Achnatherum lettermanii",7,NA,NA,5,0,0,NA,1,0,0,2.52336448598131,124.3911,0
2015,41,"856*A",156,-3200,"Achnatherum lettermanii",6,7,-1,7,0,0,0,1,0,0,3.0530303030303,185.3266,0
2016,41,"856*A",156,-3200,"Achnatherum lettermanii",13,6,7,13,2,0,0,1,0,0,1.30188679245283,151.15616,0
2017,41,"856*A",156,-3200,"Achnatherum lettermanii",7,13,-6,6,0,0,0,1,0,0,1.28571428571429,200,0
2018,41,"856*A",156,-3200,"Achnatherum lettermanii",7,7,0,6,0,0,0,1,0,0,1.12213740458015,99.9999999999999,0
2019,41,"856*A",156,-3200,"Achnatherum lettermanii",4,7,-3,5.5,0,0,0,1,0,0,0.5,99.9999999999995,0
2014,41,"857*A",145,-3210,"Arnica latifolia",4,NA,NA,4,0,0,NA,1,0,0,2.52336448598131,100,0
2015,41,"857*A",145,-3210,"Arnica latifolia",8,4,4,5,0,0,0,1,0,0,3.0530303030303,107.406735,10.9675
2016,41,"857*A",145,-3210,"Arnica latifolia",5,8,-3,8,1,0,0,1,0,0,1.30188679245283,100.09888408,0
2017,41,"857*A",145,-3210,"Arnica latifolia",9,5,4,8,1,0,0,1,0,0,1.28571428571429,132.503103218855,93.3583297287206
2018,41,"857*A",145,-3210,"Arnica latifolia",4,9,-5,6.5,1,0,0,1,0,0,1.12213740458015,100,0
2019,41,"857*A",145,-3210,"Arnica latifolia",0,4,-4,0,0,0,0,0,0,1,0.5,0,0
2014,41,"858*A",5,-3217,"Lupinus argenteus",8,NA,NA,4,0,0,NA,1,0,0,2.52336448598131,100,0
2015,41,"858*A",5,-3217,"Lupinus argenteus",13,8,5,5,0,0,0,1,0,0,3.0530303030303,100,0
2016,41,"858*A",5,-3217,"Lupinus argenteus",9,13,-4,4,0,0,0,1,0,0,1.30188679245283,100,0
2017,41,"858*A",5,-3217,"Lupinus argenteus",0,9,-9,0,0,0,0,0,0,1,1.28571428571429,0,0
2014,41,"859*A",25,-3252,"Arenaria congesta",5,NA,NA,3,0,0,NA,1,0,0,2.52336448598131,100,0
2015,41,"859*A",25,-3252,"Arenaria congesta",6,5,1,3,0,0,0,1,0,0,3.0530303030303,100,0
2016,41,"859*A",25,-3252,"Arenaria congesta",8,6,2,4,8,0,0,1,0,0,1.30188679245283,100,0
2017,41,"859*A",25,-3252,"Arenaria congesta",9.5,8,1.5,5,7,0,0,1,0,0,1.28571428571429,100,0
2018,41,"859*A",25,-3252,"Arenaria congesta",10,9.5,0.5,7,14,0,0,1,0,0,1.12213740458015,100,0
2019,41,"859*A",25,-3252,"Arenaria congesta",17.5,10,7.5,9,17,0,0,1,0,0,0.5,100,0
2014,9,"86*A",1386,-460,"Elymus lanceolatus",11,NA,NA,13,1,0,NA,1,0,0,2.52336448598131,0,0
2015,9,"86*A",1386,-460,"Elymus lanceolatus",18.5,11,7.5,12,0,0,0,1,0,0,3.0530303030303,0,0
2016,9,"86*A",1386,-460,"Elymus lanceolatus",25,18.5,6.5,22,7,0,0,1,0,0,1.30188679245283,0,0
2017,9,"86*A",1386,-460,"Elymus lanceolatus",19,25,-6,20,2,0,0,1,0,0,1.28571428571429,0,0
2018,9,"86*A",1386,-460,"Elymus lanceolatus",18,19,-1,23.5,10,0,0,1,0,0,1.12213740458015,0,0
2019,9,"86*A",1386,-460,"Elymus lanceolatus",19.5,18,1.5,15,0,0,0,1,0,0,0.5,0,0
2014,41,"860*A",0,-3288,"Elymus lanceolatus",14,NA,NA,16,5,0,NA,1,0,0,2.52336448598131,100,0
2015,41,"860*A",0,-3288,"Elymus lanceolatus",28,14,14,17,4,0,0,1,0,0,3.0530303030303,146.25155072,0
2016,41,"860*A",0,-3288,"Elymus lanceolatus",29,28,1,25,39,0,0,1,0,0,1.30188679245283,217.10797,0
2017,41,"860*A",0,-3288,"Elymus lanceolatus",16,29,-13,14,0,0,0,1,0,0,1.28571428571429,178.53577647807,0
2018,41,"860*A",0,-3288,"Elymus lanceolatus",26,16,10,19,25,0,0,1,0,0,1.12213740458015,118.424493318904,0
2019,41,"860*A",0,-3288,"Elymus lanceolatus",23.5,26,-2.5,27,20,0,0,1,0,0,0.5,124.375615702052,0
2014,41,"861*A",10,-3305,"Heterotheca villosa",1,NA,NA,1,0,1,1,1,0,0,2.52336448598131,100,0
2015,41,"861*A",10,-3305,"Heterotheca villosa",5.5,1,4.5,3,0,0,0,1,0,0,3.0530303030303,110.160790198,0
2016,41,"861*A",10,-3305,"Heterotheca villosa",9,5.5,3.5,5,0,0,0,1,0,0,1.30188679245283,196.28883,0
2017,41,"861*A",10,-3305,"Heterotheca villosa",12.5,9,3.5,3.5,8,0,0,1,0,0,1.28571428571429,149.703402897455,0
2018,41,"861*A",10,-3305,"Heterotheca villosa",0,12.5,-12.5,0,0,0,0,0,0,1,1.12213740458015,0,0
2014,41,"862*A",3,-3315,"Eriogonum umbellatum",20,NA,NA,2,6,0,NA,1,0,0,2.52336448598131,3.0558753,41.62125
2015,41,"862*A",3,-3315,"Eriogonum umbellatum",26,20,6,2,11,0,0,1,0,0,3.0530303030303,13.57552904,51.329
2016,41,"862*A",3,-3315,"Eriogonum umbellatum",26,26,0,2,16,0,0,1,0,0,1.30188679245283,19.738663,68.41832
2017,41,"862*A",3,-3315,"Eriogonum umbellatum",27,26,1,5,9,0,0,1,0,0,1.28571428571429,22.7842605537569,59.4800566473707
2018,41,"862*A",3,-3315,"Eriogonum umbellatum",25,27,-2,1.5,13,0,0,1,0,0,1.12213740458015,6.58994537755475,45.9103717664582
2019,41,"862*A",3,-3315,"Eriogonum umbellatum",16.5,25,-8.5,3,3,0,0,1,0,0,0.5,10.7636935194948,35.9547443609045
2014,42,"863*A",400,-3360,"Eriogonum umbellatum",13,NA,NA,2,3,0,NA,1,0,0,2.52336448598131,18.76739,100
2015,42,"863*A",400,-3360,"Eriogonum umbellatum",11,13,-2,2,1,0,0,1,0,0,3.0530303030303,65.716629,100
2016,42,"863*A",400,-3360,"Eriogonum umbellatum",0,11,-11,0,0,0,0,0,0,1,1.30188679245283,0,0
2014,42,"864*A",412,-3352,"Lupinus argenteus",7,NA,NA,4,0,0,NA,1,0,0,2.52336448598131,219.47912,0
2015,42,"864*A",412,-3352,"Lupinus argenteus",13,7,6,7,0,0,0,1,0,0,3.0530303030303,206.0078,0.6118839
2016,42,"864*A",412,-3352,"Lupinus argenteus",8,13,-5,6,0,0,0,1,0,0,1.30188679245283,150.921,0
2017,42,"864*A",412,-3352,"Lupinus argenteus",8,8,0,6.5,0,0,0,1,0,0,1.28571428571429,99.9999999999996,0
2018,42,"864*A",412,-3352,"Lupinus argenteus",0,8,-8,0,0,0,0,0,0,1,1.12213740458015,0,0
2014,42,"865*A",400,-3336,"Eriogonum umbellatum",50,NA,NA,3,31,0,NA,1,0,0,2.52336448598131,10.8441571,7.915643
2015,42,"865*A",400,-3336,"Eriogonum umbellatum",45,50,-5,3,23,0,0,1,0,0,3.0530303030303,10.12658374,6.738762
2016,42,"865*A",400,-3336,"Eriogonum umbellatum",38,45,-7,3,41,0,0,1,0,0,1.30188679245283,19.1225322064,0
2017,42,"865*A",400,-3336,"Eriogonum umbellatum",46,38,8,3,33,0,0,1,0,0,1.28571428571429,12.331517946919,0
2018,42,"865*A",400,-3336,"Eriogonum umbellatum",37,46,-9,3,3,0,0,1,0,0,1.12213740458015,2.62181610363458,0
2019,42,"865*A",400,-3336,"Eriogonum umbellatum",39.5,37,2.5,6,16,0,0,1,0,0,0.5,0,0
2014,42,"866*A",410,-3345,"Elymus lanceolatus",9,NA,NA,20,2,0,NA,1,0,0,2.52336448598131,239.54602,0
2015,42,"866*A",410,-3345,"Elymus lanceolatus",10,9,1,10,1,0,0,1,0,0,3.0530303030303,300,0
2016,42,"866*A",410,-3345,"Elymus lanceolatus",16,10,6,22,4,0,0,1,0,0,1.30188679245283,142.72278,0
2017,42,"866*A",410,-3345,"Elymus lanceolatus",0,16,-16,0,0,0,0,0,0,1,1.28571428571429,0,0
2014,42,"867*A",535,-3225,"Lupinus argenteus",12,NA,NA,5,0,0,NA,1,0,0,2.52336448598131,0,0
2015,42,"867*A",535,-3225,"Lupinus argenteus",20,12,8,10,0,0,0,1,0,0,3.0530303030303,0,2.187961
2016,42,"867*A",535,-3225,"Lupinus argenteus",28,20,8,9,1,0,0,1,0,0,1.30188679245283,0,11.542936
2017,42,"867*A",535,-3225,"Lupinus argenteus",0,28,-28,0,0,0,0,0,0,1,1.28571428571429,0,0
2014,42,"868*A",580,-3230,"Lupinus argenteus",15,NA,NA,6,0,0,NA,1,0,0,2.52336448598131,0,0
2015,42,"868*A",580,-3230,"Lupinus argenteus",6.5,15,-8.5,3,0,0,0,1,0,0,3.0530303030303,0,0
2016,42,"868*A",580,-3230,"Lupinus argenteus",0,6.5,-6.5,0,0,0,0,0,0,1,1.30188679245283,0,0
2014,42,"869*A",420,-3210,"Lupinus argenteus",26,NA,NA,13,8,0,NA,1,0,0,2.52336448598131,9.551199,144.88404
2015,42,"869*A",420,-3210,"Lupinus argenteus",13,26,-13,8,0,0,0,1,0,0,3.0530303030303,0.08258217,76.497443
2016,42,"869*A",420,-3210,"Lupinus argenteus",0,13,-13,0,0,0,0,0,0,1,1.30188679245283,0,0
2014,9,"87*A",1389,-524,"Ivesia gordonii",10,NA,NA,5,0,0,NA,1,0,0,2.52336448598131,0,0
2015,9,"87*A",1389,-524,"Ivesia gordonii",13,10,3,6.5,13,0,0,1,0,0,3.0530303030303,1.86415841168357,0
2016,9,"87*A",1389,-524,"Ivesia gordonii",17,13,4,5,6,0,0,1,0,0,1.30188679245283,4.85208958816899,0.0187795238020524
2017,9,"87*A",1389,-524,"Ivesia gordonii",14,17,-3,6.5,8,0,0,1,0,0,1.28571428571429,6.51445118684513,1.09369373761261
2018,9,"87*A",1389,-524,"Ivesia gordonii",10.5,14,-3.5,5,1,0,0,1,0,0,1.12213740458015,33.8427139422806,0
2019,9,"87*A",1389,-524,"Ivesia gordonii",14,10.5,3.5,6.5,1,0,0,1,0,0,0.5,67.6569697995149,1.64534079075999
2014,42,"870*A",415,-3200,"Lupinus argenteus",25,NA,NA,11,5,0,NA,1,0,0,2.52336448598131,0,196.54643
2015,42,"870*A",415,-3200,"Lupinus argenteus",15,25,-10,7,0,0,0,1,0,0,3.0530303030303,0.1159182,99.116281
2016,42,"870*A",415,-3200,"Lupinus argenteus",0,15,-15,0,0,0,0,0,0,1,1.30188679245283,0,0
2014,42,"871*A",410,-3220,"Lupinus argenteus",8,NA,NA,8,0,0,NA,1,0,0,2.52336448598131,0,281.52002
2015,42,"871*A",410,-3220,"Lupinus argenteus",0,8,-8,0,0,0,0,0,0,1,3.0530303030303,0,0
2014,42,"872*A",400,-3235,"Lupinus argenteus",38,NA,NA,9,8,0,NA,1,0,0,2.52336448598131,58.58467,84.826853
2015,42,"872*A",400,-3235,"Lupinus argenteus",20,38,-18,10,3,0,0,1,0,0,3.0530303030303,40.614144,5.73915
2016,42,"872*A",400,-3235,"Lupinus argenteus",31,20,11,13,4,0,0,1,0,0,1.30188679245283,13.6643368,32.4230585
2017,42,"872*A",400,-3235,"Lupinus argenteus",16,31,-15,7,0,0,0,1,0,0,1.28571428571429,41.6426945137878,10.5738494412576
2018,42,"872*A",400,-3235,"Lupinus argenteus",0,16,-16,0,0,0,0,0,0,1,1.12213740458015,0,0
2014,45,"873*A",1601,-3368,"Heterotheca villosa",18,NA,NA,6,6,0,NA,1,0,0,2.52336448598131,26.00133,0
2015,45,"873*A",1601,-3368,"Heterotheca villosa",14,18,-4,4,4,0,0,1,0,0,3.0530303030303,12.9201,0
2016,45,"873*A",1601,-3368,"Heterotheca villosa",0,14,-14,0,0,0,0,0,0,1,1.30188679245283,0,0
2014,45,"874*A",1671,-3347,"Eriogonum umbellatum",28,NA,NA,3,10,0,NA,1,0,0,2.52336448598131,41.447693,0
2015,45,"874*A",1671,-3347,"Eriogonum umbellatum",28,28,0,3.5,34,0,0,1,0,0,3.0530303030303,27.0336781,0
2016,45,"874*A",1671,-3347,"Eriogonum umbellatum",29,28,1,3,36,0,0,1,0,0,1.30188679245283,0.4291695,0
2017,45,"874*A",1671,-3347,"Eriogonum umbellatum",30,29,1,2.5,7,0,0,1,0,0,1.28571428571429,2.09752028821341,0
2018,45,"874*A",1671,-3347,"Eriogonum umbellatum",23,30,-7,1.5,1,0,0,1,0,0,1.12213740458015,0.0852154656241704,0
2019,45,"874*A",1671,-3347,"Eriogonum umbellatum",19.5,23,-3.5,5,0,0,0,1,0,0,0.5,0.355897690203272,0
2014,45,"875*A",1690,-3330,"Heterotheca villosa",31,NA,NA,8,63,0,NA,1,0,0,2.52336448598131,97.97232,0
2015,45,"875*A",1690,-3330,"Heterotheca villosa",25,31,-6,5,26,0,0,1,0,0,3.0530303030303,100.7276819,0
2016,45,"875*A",1690,-3330,"Heterotheca villosa",0,25,-25,0,0,0,0,0,0,1,1.30188679245283,0,0
2014,45,"876*A",1633,-3282,"Ivesia gordonii",6,NA,NA,2,0,0,NA,1,0,0,2.52336448598131,0,0
2015,45,"876*A",1633,-3282,"Ivesia gordonii",8.5,6,2.5,3,0,0,0,1,0,0,3.0530303030303,0,0
2016,45,"876*A",1633,-3282,"Ivesia gordonii",13,8.5,4.5,5,9,0,0,1,0,0,1.30188679245283,3.962468,0
2017,45,"876*A",1633,-3282,"Ivesia gordonii",14,13,1,5,15,0,0,1,0,0,1.28571428571429,11.4160657520791,0
2018,45,"876*A",1633,-3282,"Ivesia gordonii",17,14,3,5.5,4,0,0,1,0,0,1.12213740458015,0,0
2019,45,"876*A",1633,-3282,"Ivesia gordonii",29.5,17,12.5,7,23,0,0,1,0,0,0.5,0.519334303171336,0
2014,46,"877*A",5,-3800,"Eriogonum umbellatum",41,NA,NA,2,10,0,NA,1,0,0,2.52336448598131,213.891121425,272.70546572
2015,46,"877*A",5,-3800,"Eriogonum umbellatum",44,41,3,2,25,0,0,1,0,0,3.0530303030303,220.721286197,251.13161396
2016,46,"877*A",5,-3800,"Eriogonum umbellatum",51,44,7,4,30,0,0,1,0,0,1.30188679245283,219.9761479154,284.40530262
2017,46,"877*A",5,-3800,"Eriogonum umbellatum",58,51,7,3,37,0,0,1,0,0,1.28571428571429,98.0230781311367,357.902841974193
2018,46,"877*A",5,-3800,"Eriogonum umbellatum",79,58,21,2,22,0,0,1,0,0,1.12213740458015,40.8166876410739,336.864644065941
2019,46,"877*A",5,-3800,"Eriogonum umbellatum",75,79,-4,3.5,33,0,0,1,0,0,0.5,46.1886263648468,327.59802008391
2014,46,"878*A",18,-3788,"Carex siccata",8,NA,NA,13,1,0,NA,1,0,0,2.52336448598131,402.962131,0
2015,46,"878*A",18,-3788,"Carex siccata",10,8,2,14,1,0,0,1,0,0,3.0530303030303,372.89835,0
2016,46,"878*A",18,-3788,"Carex siccata",16,10,6,16,2,0,0,1,0,0,1.30188679245283,474.1170704,1.5625
2017,46,"878*A",18,-3788,"Carex siccata",18,16,2,14,0,0,0,1,0,0,1.28571428571429,400,4.9382716049383
2018,46,"878*A",18,-3788,"Carex siccata",0,18,-18,0,0,0,0,0,0,1,1.12213740458015,0,0
2014,46,"879*A",22,-3787,"Arenaria congesta",2,NA,NA,2,0,0,NA,1,0,0,2.52336448598131,419.13716,0
2015,46,"879*A",22,-3787,"Arenaria congesta",8,2,6,6,0,0,0,1,0,0,3.0530303030303,413.064736,0
2016,46,"879*A",22,-3787,"Arenaria congesta",9,8,1,4,0,0,0,1,0,0,1.30188679245283,505.3474838,0
2017,46,"879*A",22,-3787,"Arenaria congesta",0,9,-9,0,0,0,0,0,0,1,1.28571428571429,0,0
2014,9,"88*A",1384,-583,"Heterotheca villosa",1,NA,NA,1,0,1,1,1,0,0,2.52336448598131,0,0
2015,9,"88*A",1384,-583,"Heterotheca villosa",4,1,3,3,0,0,0,1,0,0,3.0530303030303,0,0
2016,9,"88*A",1384,-583,"Heterotheca villosa",7,4,3,3,0,0,0,1,0,0,1.30188679245283,0,0
2017,9,"88*A",1384,-583,"Heterotheca villosa",13.5,7,6.5,6,8,0,0,1,0,0,1.28571428571429,0,0
2018,9,"88*A",1384,-583,"Heterotheca villosa",4.5,13.5,-9,2,0,0,0,1,0,0,1.12213740458015,0,0
2019,9,"88*A",1384,-583,"Heterotheca villosa",10,4.5,5.5,4.5,1,0,0,1,0,0,0.5,0,0
2014,46,"880*A",25,-3785,"Heterotheca villosa",0.5,NA,NA,0.5,0,1,1,1,0,0,2.52336448598131,300,100
2015,46,"880*A",25,-3785,"Heterotheca villosa",1.2,0.5,0.7,1.2,0,0,0,1,0,0,3.0530303030303,400,100
2016,46,"880*A",25,-3785,"Heterotheca villosa",0,1.2,-1.2,0,0,0,0,0,0,1,1.30188679245283,0,0
2014,46,"881*A",60,-3770,"Lupinus argenteus",13,NA,NA,9,0,0,NA,1,0,0,2.52336448598131,633.581295153,284.30501
2015,46,"881*A",60,-3770,"Lupinus argenteus",12,13,-1,7.75,0,0,0,1,0,0,3.0530303030303,655.71860997,208.581748
2016,46,"881*A",60,-3770,"Lupinus argenteus",11,12,-1,6.5,0,0,0,1,0,0,1.30188679245283,641.07360496,187.520123
2017,46,"881*A",60,-3770,"Lupinus argenteus",0,11,-11,0,0,0,0,0,0,1,1.28571428571429,0,0
2014,46,"882*A",35,-3777,"Heterotheca villosa",0.5,NA,NA,0.5,0,1,1,1,0,0,2.52336448598131,439.92679,100
2015,46,"882*A",35,-3777,"Heterotheca villosa",1.5,0.5,1,1.5,0,0,0,1,0,0,3.0530303030303,481.38339,100
2016,46,"882*A",35,-3777,"Heterotheca villosa",2,1.5,0.5,3.5,0,0,0,1,0,0,1.30188679245283,429.5983,100
2017,46,"882*A",35,-3777,"Heterotheca villosa",0,2,-2,0,0,0,0,0,0,1,1.28571428571429,0,0
2014,46,"883*A",36,-3795,"Heterotheca villosa",4,NA,NA,1,0,0,NA,1,0,0,2.52336448598131,408.12077,100
2015,46,"883*A",36,-3795,"Heterotheca villosa",7,4,3,3,0,0,0,1,0,0,3.0530303030303,404.4505612,100
2016,46,"883*A",36,-3795,"Heterotheca villosa",10,7,3,3.5,2,0,0,1,0,0,1.30188679245283,385.7585935,100.332121
2017,46,"883*A",36,-3795,"Heterotheca villosa",0,10,-10,0,0,0,0,0,0,1,1.28571428571429,0,0
2014,46,"884*A",37,-3790,"Lupinus argenteus",7,NA,NA,3,0,0,NA,1,0,0,2.52336448598131,491.1865403,32.168528
2015,46,"884*A",37,-3790,"Lupinus argenteus",8.5,7,1.5,6,0,0,0,1,0,0,3.0530303030303,510.3817075,20.8397687
2016,46,"884*A",37,-3790,"Lupinus argenteus",0,8.5,-8.5,0,0,0,0,0,0,1,1.30188679245283,0,0
2014,46,"885*A",40,-3788,"Arenaria congesta",1,NA,NA,1,0,0,NA,1,0,0,2.52336448598131,673.46689,0
2015,46,"885*A",40,-3788,"Arenaria congesta",3.2,1,2.2,3,0,0,0,1,0,0,3.0530303030303,704.86133,0
2016,46,"885*A",40,-3788,"Arenaria congesta",3.5,3.2,0.3,1,0,0,0,1,0,0,1.30188679245283,628.72548,0
2017,46,"885*A",40,-3788,"Arenaria congesta",7,3.5,3.5,3.5,0,0,0,1,0,0,1.28571428571429,500.798036457243,0
2018,46,"885*A",40,-3788,"Arenaria congesta",8,7,1,5,9,0,0,1,0,0,1.12213740458015,334.373766208067,0.152628747110458
2019,46,"885*A",40,-3788,"Arenaria congesta",0,8,-8,0,0,0,0,0,0,1,0.5,0,0
2014,46,"886*A",53,-3790,"Senecio crassulus",0.5,NA,NA,0.5,0,1,1,1,0,0,2.52336448598131,600,0
2015,46,"886*A",53,-3790,"Senecio crassulus",1.5,0.5,1,1,0,0,0,1,0,0,3.0530303030303,705.600839,0
2016,46,"886*A",53,-3790,"Senecio crassulus",2.5,1.5,1,3,0,0,0,1,0,0,1.30188679245283,622.81747,0.2957535
2017,46,"886*A",53,-3790,"Senecio crassulus",8.5,2.5,6,5,0,0,0,1,0,0,1.28571428571429,636.108713295702,4.19473060973828
2018,46,"886*A",53,-3790,"Senecio crassulus",7,8.5,-1.5,4,1,0,0,1,0,0,1.12213740458015,446.187252768263,0
2019,46,"886*A",53,-3790,"Senecio crassulus",0,7,-7,0,0,0,0,0,0,1,0.5,0,0
2014,46,"887*A",56,-3789,"Eriogonum umbellatum",0.5,NA,NA,0.5,0,1,1,1,0,0,2.52336448598131,200,500
2015,46,"887*A",56,-3789,"Eriogonum umbellatum",1,0.5,0.5,0.5,0,0,0,1,0,0,3.0530303030303,219.37538,519.36574
2016,46,"887*A",56,-3789,"Eriogonum umbellatum",0,1,-1,0,0,0,0,0,0,1,1.30188679245283,0,0
2014,46,"888*A",50,-3780,"Eriogonum umbellatum",0.5,NA,NA,0.5,0,1,1,1,0,0,2.52336448598131,300.1573679,400
2015,46,"888*A",50,-3780,"Eriogonum umbellatum",0.5,0.5,0,0.5,0,0,0,1,0,0,3.0530303030303,238.747795,477.71024
2016,46,"888*A",50,-3780,"Eriogonum umbellatum",0.3,0.5,-0.2,0.5,0,0,0,1,0,0,1.30188679245283,352.4459,400
2017,46,"888*A",50,-3780,"Eriogonum umbellatum",0.5,0.3,0.2,0.5,0,0,0,1,0,0,1.28571428571429,299.999999999999,499.999999999998
2018,46,"888*A",50,-3780,"Eriogonum umbellatum",0,0.5,-0.5,0,0,0,0,0,0,1,1.12213740458015,0,0
2014,46,"889*A",55,-3776,"Heterotheca villosa",0.5,NA,NA,0.5,0,1,1,1,0,0,2.52336448598131,905.143844,100
2015,46,"889*A",55,-3776,"Heterotheca villosa",1.3,0.5,0.8,0.7,0,0,0,1,0,0,3.0530303030303,717.27218,100
2016,46,"889*A",55,-3776,"Heterotheca villosa",0,1.3,-1.3,0,0,0,0,0,0,1,1.30188679245283,0,0
2014,9,"89*A",1315,-575,"Lupinus argenteus",13,NA,NA,8,0,0,NA,1,0,0,2.52336448598131,0,0
2015,9,"89*A",1315,-575,"Lupinus argenteus",0,13,-13,0,0,0,0,0,0,1,3.0530303030303,0,0
2014,46,"890*A",48,-3775,"Lupinus argenteus",13,NA,NA,5,0,0,NA,1,0,0,2.52336448598131,538.37424481,128.922571
2015,46,"890*A",48,-3775,"Lupinus argenteus",15,13,2,5,0,0,0,1,0,0,3.0530303030303,558.91532495,72.6086651
2016,46,"890*A",48,-3775,"Lupinus argenteus",3.5,15,-11.5,4,0,0,0,1,0,0,1.30188679245283,504.71959,68.95189
2017,46,"890*A",48,-3775,"Lupinus argenteus",0,3.5,-3.5,0,0,0,0,0,0,1,1.28571428571429,0,0
2014,46,"891*A",43,-3768,"Heterotheca villosa",1,NA,NA,0.5,0,1,1,1,0,0,2.52336448598131,500,100
2015,46,"891*A",43,-3768,"Heterotheca villosa",1,1,0,1.5,0,0,0,1,0,0,3.0530303030303,500,100
2016,46,"891*A",43,-3768,"Heterotheca villosa",0,1,-1,0,0,0,0,0,0,1,1.30188679245283,0,0
2014,46,"892*A",28,-3773,"Carex siccata",6,NA,NA,16,0,0,NA,1,0,0,2.52336448598131,400,0
2015,46,"892*A",28,-3773,"Carex siccata",17,6,11,13,1,0,0,1,0,0,3.0530303030303,415.137455,0
2016,46,"892*A",28,-3773,"Carex siccata",17,17,0,15,2,0,0,1,0,0,1.30188679245283,421.673573,0
2017,46,"892*A",28,-3773,"Carex siccata",18,17,1,14,1,0,0,1,0,0,1.28571428571429,400,0
2018,46,"892*A",28,-3773,"Carex siccata",22,18,4,11,0,0,0,1,0,0,1.12213740458015,351.187370539928,0
2019,46,"892*A",28,-3773,"Carex siccata",0,22,-22,0,0,0,0,0,0,1,0.5,0,0
2014,46,"893*A",30,-3765,"Heterotheca villosa",36,NA,NA,5,16,0,NA,1,0,0,2.52336448598131,460.744477909,1.64726769
2015,46,"893*A",30,-3765,"Heterotheca villosa",37,36,1,6,15,0,0,1,0,0,3.0530303030303,440.39911279,5.10976214
2016,46,"893*A",30,-3765,"Heterotheca villosa",44,37,7,10,71,0,0,1,0,0,1.30188679245283,474.730484937,7.018657214
2017,46,"893*A",30,-3765,"Heterotheca villosa",33,44,-11,7,0,0,0,1,0,0,1.28571428571429,440.392952582125,0.162590787973334
2018,46,"893*A",30,-3765,"Heterotheca villosa",0,33,-33,0,0,0,0,0,0,1,1.12213740458015,0,0
2014,46,"894*A",33,-3758,"Agoseris glauca",9,NA,NA,6,1,0,NA,1,0,0,2.52336448598131,496.04528,0
2015,46,"894*A",33,-3758,"Agoseris glauca",12,9,3,5,0,0,0,1,0,0,3.0530303030303,450.36192,0
2016,46,"894*A",33,-3758,"Agoseris glauca",9,12,-3,3,3,0,0,1,0,0,1.30188679245283,496.04528,0
2017,46,"894*A",33,-3758,"Agoseris glauca",6.5,9,-2.5,5,0,0,0,1,0,0,1.28571428571429,400,0
2018,46,"894*A",33,-3758,"Agoseris glauca",3.5,6.5,-3,4,1,0,0,1,0,0,1.12213740458015,400,0
2019,46,"894*A",33,-3758,"Agoseris glauca",0,3.5,-3.5,0,0,0,0,0,0,1,0.5,0,0
2014,46,"895*A",12,-3753,"Carex siccata",10,NA,NA,9,0,0,NA,1,0,0,2.52336448598131,349.94927,0
2015,46,"895*A",12,-3753,"Carex siccata",15,10,5,13,0,0,0,1,0,0,3.0530303030303,307.392722,0
2016,46,"895*A",12,-3753,"Carex siccata",19,15,4,13,1,0,0,1,0,0,1.30188679245283,449.50762907,0
2017,46,"895*A",12,-3753,"Carex siccata",20,19,1,12,0,0,0,1,0,0,1.28571428571429,475.207343195314,0
2018,46,"895*A",12,-3753,"Carex siccata",27,20,7,15,1,0,0,1,0,0,1.12213740458015,315.667672326287,3.17907407174176
2019,46,"895*A",12,-3753,"Carex siccata",11,27,-16,11,0,0,0,1,0,0,0.5,281.687541315704,0
2014,46,"896*A",66,-3795,"Lupinus argenteus",27,NA,NA,7,0,0,NA,1,0,0,2.52336448598131,550.17457903,150.89635153
2015,46,"896*A",66,-3795,"Lupinus argenteus",21,27,-6,7,0,0,0,1,0,0,3.0530303030303,551.3870774082,85.04125917
2016,46,"896*A",66,-3795,"Lupinus argenteus",26,21,5,7,1,0,0,1,0,0,1.30188679245283,613.09125068,101.859425
2017,46,"896*A",66,-3795,"Lupinus argenteus",0,26,-26,0,0,0,0,0,0,1,1.28571428571429,0,0
2014,46,"897*A",65,-3795,"Eriogonum umbellatum",0.5,NA,NA,0.5,0,1,1,1,0,0,2.52336448598131,100,500
2015,46,"897*A",65,-3795,"Eriogonum umbellatum",2,0.5,1.5,1,0,0,0,1,0,0,3.0530303030303,136.85711,500
2016,46,"897*A",65,-3795,"Eriogonum umbellatum",1.2,2,-0.8,0.5,0,0,0,1,0,0,1.30188679245283,232.758479,500
2017,46,"897*A",65,-3795,"Eriogonum umbellatum",0,1.2,-1.2,0,0,0,0,0,0,1,1.28571428571429,0,0
2014,46,"898*A",51,-3776,"Eriogonum umbellatum",21,NA,NA,2,3,0,NA,1,0,0,2.52336448598131,275.718293086,337.74627956
2015,46,"898*A",51,-3776,"Eriogonum umbellatum",15,21,-6,2,1,0,0,1,0,0,3.0530303030303,287.055728658,336.86756418
2016,46,"898*A",51,-3776,"Eriogonum umbellatum",21,15,6,3,6,0,0,1,0,0,1.30188679245283,277.951345457,333.61662609
2017,46,"898*A",51,-3776,"Eriogonum umbellatum",24,21,3,2.5,10,0,0,1,0,0,1.28571428571429,139.830315320515,388.556839701804
2018,46,"898*A",51,-3776,"Eriogonum umbellatum",23.4,24,-0.6,2,8,0,0,1,0,0,1.12213740458015,62.7258521573086,341.79411806836
2019,46,"898*A",51,-3776,"Eriogonum umbellatum",17,23.4,-6.4,2.5,6,0,0,1,0,0,0.5,50.2757316493986,353.765876579004
2014,46,"899*A",62,-3770,"Lupinus argenteus",11,NA,NA,5,0,0,NA,1,0,0,2.52336448598131,648.2996379,323.100631
2015,46,"899*A",62,-3770,"Lupinus argenteus",5,11,-6,3.5,0,0,0,1,0,0,3.0530303030303,652.956795,256.67241
2016,46,"899*A",62,-3770,"Lupinus argenteus",0,5,-5,0,0,0,0,1,0,0,1.30188679245283,0,0
2017,46,"899*A",62,-3770,"Lupinus argenteus",5,0,5,5,0,0,0,1,0,0,1.28571428571429,752.782701815807,0
2018,46,"899*A",62,-3770,"Lupinus argenteus",0,5,-5,0,0,0,0,0,0,1,1.12213740458015,0,0
2014,1,"9*A",177,-115,"Ivesia gordonii",12,NA,NA,4,3,0,NA,1,0,0,2.52336448598131,0,15.1324875283341
2015,1,"9*A",177,-115,"Ivesia gordonii",11,12,-1,3.5,6,0,0,1,0,0,3.0530303030303,0,5.21844225793337
2016,1,"9*A",177,-115,"Ivesia gordonii",14.6,11,3.6,8.2,11,0,0,1,0,0,1.30188679245283,0.772216337047088,15.5299439317202
2017,1,"9*A",177,-115,"Ivesia gordonii",0,14.6,-14.6,0,0,0,0,0,0,1,1.28571428571429,0,0
2014,10,"90*A",1640,-570,"Lupinus argenteus",20,NA,NA,8,2,0,NA,1,0,0,2.52336448598131,0,108.34798750317
2015,10,"90*A",1640,-570,"Lupinus argenteus",21.5,20,1.5,12,5,0,0,1,0,0,3.0530303030303,0,91.1584330790598
2016,10,"90*A",1640,-570,"Lupinus argenteus",19,21.5,-2.5,10,2,0,0,1,0,0,1.30188679245283,0,25.9272841542198
2017,10,"90*A",1640,-570,"Lupinus argenteus",0,19,-19,0,0,0,0,0,0,1,1.28571428571429,0,0
2014,46,"900*A",65,-3760,"Lupinus argenteus",3,NA,NA,4,0,0,NA,1,0,0,2.52336448598131,700,505.01846
2015,46,"900*A",65,-3760,"Lupinus argenteus",5,3,2,6,0,0,0,1,0,0,3.0530303030303,700,415.6878
2016,46,"900*A",65,-3760,"Lupinus argenteus",5,5,0,5,0,0,0,1,0,0,1.30188679245283,700,241.290036
2017,46,"900*A",65,-3760,"Lupinus argenteus",0,5,-5,0,0,0,0,0,0,1,1.28571428571429,0,0
2014,46,"901*A",65,-3749,"Lupinus argenteus",13,NA,NA,7,0,0,NA,1,0,0,2.52336448598131,716.2886195,328.970293
2015,46,"901*A",65,-3749,"Lupinus argenteus",17,13,4,7,1,0,0,1,0,0,3.0530303030303,655.18039467,279.8687519
2016,46,"901*A",65,-3749,"Lupinus argenteus",0,17,-17,0,0,0,0,0,0,1,1.30188679245283,0,0
2014,46,"902*A",70,-3748,"Lupinus argenteus",14,NA,NA,8,0,0,NA,1,0,0,2.52336448598131,701.50196,345.603973
2015,46,"902*A",70,-3748,"Lupinus argenteus",22,14,8,7,1,0,0,1,0,0,3.0530303030303,645.85127914,260.438438
2016,46,"902*A",70,-3748,"Lupinus argenteus",3,22,-19,5,3,0,0,1,0,0,1.30188679245283,700,200
2017,46,"902*A",70,-3748,"Lupinus argenteus",0,3,-3,0,0,0,0,0,0,1,1.28571428571429,0,0
2014,46,"903*A",80,-3745,"Lupinus argenteus",25,NA,NA,11,5,0,NA,1,0,0,2.52336448598131,661.03696372,216.85835136
2015,46,"903*A",80,-3745,"Lupinus argenteus",22,25,-3,10,0,0,0,1,0,0,3.0530303030303,662.71324,253.3414249
2016,46,"903*A",80,-3745,"Lupinus argenteus",25,22,3,7,2,0,0,1,0,0,1.30188679245283,748.97738275,127.03388
2017,46,"903*A",80,-3745,"Lupinus argenteus",0,25,-25,0,0,0,0,0,0,1,1.28571428571429,0,0
2014,46,"904*A",75,-3760,"Lupinus argenteus",25,NA,NA,9,4,0,NA,1,0,0,2.52336448598131,669.104888393,263.571421
2015,46,"904*A",75,-3760,"Lupinus argenteus",18,25,-7,8,1,0,0,1,0,0,3.0530303030303,682.23151808,288.9455610001
2016,46,"904*A",75,-3760,"Lupinus argenteus",29,18,11,10,7,0,0,1,0,0,1.30188679245283,735.98701002,148.2967965
2017,46,"904*A",75,-3760,"Lupinus argenteus",8,29,-21,4,0,0,0,1,0,0,1.28571428571429,778.417473123511,0
2018,46,"904*A",75,-3760,"Lupinus argenteus",0,8,-8,0,0,0,0,0,0,1,1.12213740458015,0,0
2014,46,"905*A",87,-3760,"Lupinus argenteus",0.5,NA,NA,0.5,0,1,1,1,0,0,2.52336448598131,700,300
2015,46,"905*A",87,-3760,"Lupinus argenteus",0,0.5,-0.5,0,0,0,0,0,0,1,3.0530303030303,0,0
2014,46,"906*A",73,-3764,"Heterotheca villosa",0.5,NA,NA,0.5,0,1,1,1,0,0,2.52336448598131,900,100
2015,46,"906*A",73,-3764,"Heterotheca villosa",2,0.5,1.5,1,0,0,0,1,0,0,3.0530303030303,1014.517254,99.03288
2016,46,"906*A",73,-3764,"Heterotheca villosa",2,2,0,3,0,0,0,1,0,0,1.30188679245283,900,100
2017,46,"906*A",73,-3764,"Heterotheca villosa",3.5,2,1.5,2,0,0,0,1,0,0,1.28571428571429,794.560378955877,12.9561134190912
2018,46,"906*A",73,-3764,"Heterotheca villosa",2,3.5,-1.5,1.5,0,0,0,1,0,0,1.12213740458015,600,0
2019,46,"906*A",73,-3764,"Heterotheca villosa",4,2,2,3,0,0,0,1,0,0,0.5,584.907805769315,0
2014,46,"907*A",81,-3785,"Lupinus argenteus",10,NA,NA,6,0,0,NA,1,0,0,2.52336448598131,533.80965,245.138732
2015,46,"907*A",81,-3785,"Lupinus argenteus",0,10,-10,0,0,0,0,0,0,1,3.0530303030303,0,0
2014,46,"908*A",82,-3787,"Lupinus argenteus",0.5,NA,NA,0.5,0,1,1,1,0,0,2.52336448598131,500,300.04628579
2015,46,"908*A",82,-3787,"Lupinus argenteus",0,0.5,-0.5,0,0,0,0,0,0,1,3.0530303030303,0,0
2014,46,"909*A",83,-3787,"Lupinus argenteus",0.5,NA,NA,0.5,0,1,1,1,0,0,2.52336448598131,500,300.04628579
2015,46,"909*A",83,-3787,"Lupinus argenteus",0,0.5,-0.5,0,0,0,0,0,0,1,3.0530303030303,0,0
2014,10,"91*A",1648,-563,"Lupinus argenteus",26,NA,NA,9,6,0,NA,1,0,0,2.52336448598131,0,136.200089501858
2015,10,"91*A",1648,-563,"Lupinus argenteus",19,26,-7,9,3,0,0,1,0,0,3.0530303030303,0,140.542861203008
2016,10,"91*A",1648,-563,"Lupinus argenteus",7,19,-12,8,0,0,0,1,0,0,1.30188679245283,0,124.999999999998
2017,10,"91*A",1648,-563,"Lupinus argenteus",0,7,-7,0,0,0,0,1,0,0,1.28571428571429,0,0
2018,10,"91*A",1648,-563,"Lupinus argenteus",15,0,15,10,1,0,0,1,0,0,1.12213740458015,0,0
2019,10,"91*A",1648,-563,"Lupinus argenteus",13,15,-2,9.5,1,0,0,1,0,0,0.5,40.998791433472,0
2014,46,"910*A",92,-3799,"Lupinus argenteus",10,NA,NA,2,0,0,NA,1,0,0,2.52336448598131,410.1320698,167.245784
2015,46,"910*A",92,-3799,"Lupinus argenteus",20,10,10,8,1,0,0,1,0,0,3.0530303030303,424.83049307,120.63605114
2016,46,"910*A",92,-3799,"Lupinus argenteus",0,20,-20,0,0,0,0,0,0,1,1.30188679245283,0,0
2014,46,"911*A",93,-3776,"Lupinus argenteus",25,NA,NA,10,2,0,NA,1,0,0,2.52336448598131,583.83909364,135.47567777
2015,46,"911*A",93,-3776,"Lupinus argenteus",24,25,-1,9,2,0,0,1,0,0,3.0530303030303,599.26977806,117.62193067
2016,46,"911*A",93,-3776,"Lupinus argenteus",28,24,4,9,4,0,0,1,0,0,1.30188679245283,715.10886920838,108.50534479
2017,46,"911*A",93,-3776,"Lupinus argenteus",0,28,-28,0,0,0,0,0,0,1,1.28571428571429,0,0
2014,46,"912*A",95,-3773,"Senecio crassulus",1,NA,NA,1,0,1,1,1,0,0,2.52336448598131,1000,0
2015,46,"912*A",95,-3773,"Senecio crassulus",2,1,1,3.5,0,0,0,1,0,0,3.0530303030303,893.36276,0
2016,46,"912*A",95,-3773,"Senecio crassulus",3.5,2,1.5,7,0,0,0,1,0,0,1.30188679245283,1092.022141,0
2017,46,"912*A",95,-3773,"Senecio crassulus",10,3.5,6.5,11,2,0,0,1,0,0,1.28571428571429,901.358532418899,2.4777595458984
2018,46,"912*A",95,-3773,"Senecio crassulus",0,10,-10,0,0,0,0,0,0,1,1.12213740458015,0,0
2014,46,"913*A",95,-3780,"Viola praemorsa",11,NA,NA,5,2,0,NA,1,0,0,2.52336448598131,667.1690394,0
2015,46,"913*A",95,-3780,"Viola praemorsa",13.5,11,2.5,5,2,0,0,1,0,0,3.0530303030303,662.64025062,0.1975309
2016,46,"913*A",95,-3780,"Viola praemorsa",11,13.5,-2.5,4,5,0,0,1,0,0,1.30188679245283,816.7290768,7.8595456
2017,46,"913*A",95,-3780,"Viola praemorsa",14,11,3,4,0,0,0,1,0,0,1.28571428571429,757.758791277634,0.510204081632652
2018,46,"913*A",95,-3780,"Viola praemorsa",11,14,-3,6,1,0,0,1,0,0,1.12213740458015,662.453065180487,0
2019,46,"913*A",95,-3780,"Viola praemorsa",16,11,5,9.5,15,0,0,1,0,0,0.5,472.498825892309,0.390625
2014,46,"914*A",104,-3725,"Eriogonum umbellatum",75,NA,NA,8,55,0,NA,1,0,0,2.52336448598131,143.0738169368,281.45963204
2015,46,"914*A",104,-3725,"Eriogonum umbellatum",68,75,-7,6,38,0,0,1,0,0,3.0530303030303,162.154806862,285.93655084
2016,46,"914*A",104,-3725,"Eriogonum umbellatum",73,68,5,4,64,0,0,1,0,0,1.30188679245283,204.4996096249,293.298026174
2017,46,"914*A",104,-3725,"Eriogonum umbellatum",87,73,14,5,75,0,0,1,0,0,1.28571428571429,96.0050474130851,323.316902880968
2018,46,"914*A",104,-3725,"Eriogonum umbellatum",67,87,-20,3.5,62,0,0,1,0,0,1.12213740458015,44.0381397802914,309.979365016659
2019,46,"914*A",104,-3725,"Eriogonum umbellatum",69,67,2,4,35,0,0,1,0,0,0.5,51.9966633767256,305.513187030463
2014,46,"915*A",108,-3760,"Heterotheca villosa",2,NA,NA,2,0,0,NA,1,0,0,2.52336448598131,800,0
2015,46,"915*A",108,-3760,"Heterotheca villosa",6,2,4,2.5,0,0,0,1,0,0,3.0530303030303,771.1022355,9.812167
2016,46,"915*A",108,-3760,"Heterotheca villosa",9,6,3,4,0,0,0,1,0,0,1.30188679245283,886.6126513,63.09593
2017,46,"915*A",108,-3760,"Heterotheca villosa",0,9,-9,0,0,0,0,0,0,1,1.28571428571429,0,0
2014,46,"916*A",85,-3740,"Heterotheca villosa",0.5,NA,NA,0.5,0,1,1,1,0,0,2.52336448598131,900,0
2015,46,"916*A",85,-3740,"Heterotheca villosa",2.5,0.5,2,1,0,0,0,1,0,0,3.0530303030303,903.593491,0
2016,46,"916*A",85,-3740,"Heterotheca villosa",3,2.5,0.5,2,0,0,0,1,0,0,1.30188679245283,917.73322,0
2017,46,"916*A",85,-3740,"Heterotheca villosa",0,3,-3,0,0,0,0,0,0,1,1.28571428571429,0,0
2014,46,"917*A",85,-3730,"Lupinus argenteus",28,NA,NA,8,1,0,NA,1,0,0,2.52336448598131,644.11823605,113.216437
2015,46,"917*A",85,-3730,"Lupinus argenteus",26,28,-2,10,2,0,0,1,0,0,3.0530303030303,674.892574462,120.61232894
2016,46,"917*A",85,-3730,"Lupinus argenteus",8,26,-18,5,0,0,0,1,0,0,1.30188679245283,698.1963623,132.698009
2017,46,"917*A",85,-3730,"Lupinus argenteus",0,8,-8,0,0,0,0,0,0,1,1.28571428571429,0,0
2014,46,"918*A",107,-3760,"Ivesia gordonii",13,NA,NA,4,3,0,NA,1,0,0,2.52336448598131,742.51091156,0
2015,46,"918*A",107,-3760,"Ivesia gordonii",17,13,4,4,5,0,0,1,0,0,3.0530303030303,783.0635951447,4.07406097
2016,46,"918*A",107,-3760,"Ivesia gordonii",20,17,3,3,25,0,0,1,0,0,1.30188679245283,861.73598242,32.7053217
2017,46,"918*A",107,-3760,"Ivesia gordonii",0,20,-20,0,0,0,0,0,0,1,1.28571428571429,0,0
2014,46,"919*A",96,-3760,"Heterotheca villosa",1,NA,NA,1,0,1,1,1,0,0,2.52336448598131,1000,0
2015,46,"919*A",96,-3760,"Heterotheca villosa",4.5,1,3.5,4,1,0,0,1,0,0,3.0530303030303,919.9210164,2.711083
2016,46,"919*A",96,-3760,"Heterotheca villosa",8,4.5,3.5,3.5,0,0,0,1,0,0,1.30188679245283,1077.82710814,34.70779
2017,46,"919*A",96,-3760,"Heterotheca villosa",0,8,-8,0,0,0,0,0,0,1,1.28571428571429,0,0
2014,10,"92*A",1628,-531,"Lupinus argenteus",17,NA,NA,7,0,0,NA,1,0,0,2.52336448598131,0,9.25721512572909
2015,10,"92*A",1628,-531,"Lupinus argenteus",8,17,-9,6,0,0,0,1,0,0,3.0530303030303,0,64.4328498163206
2016,10,"92*A",1628,-531,"Lupinus argenteus",8,8,0,5,0,0,0,1,0,0,1.30188679245283,0.981031653571931,54.8746800021294
2017,10,"92*A",1628,-531,"Lupinus argenteus",0,8,-8,0,0,0,0,0,0,1,1.28571428571429,0,0
2014,46,"920*A",117,-3764,"Phacelia hastata",0.5,NA,NA,0.5,0,1,1,1,0,0,2.52336448598131,847.62371,0
2015,46,"920*A",117,-3764,"Phacelia hastata",3,0.5,2.5,1,0,0,0,1,0,0,3.0530303030303,863.21872,0
2016,46,"920*A",117,-3764,"Phacelia hastata",3.5,3,0.5,4,0,0,0,1,0,0,1.30188679245283,1053.415397,0
2017,46,"920*A",117,-3764,"Phacelia hastata",6,3.5,2.5,4,1,0,0,1,0,0,1.28571428571429,665.798697559944,0
2018,46,"920*A",117,-3764,"Phacelia hastata",0,6,-6,0,0,0,0,0,0,1,1.12213740458015,0,0
2014,46,"921*A",110,-3740,"Heterotheca villosa",1,NA,NA,2,0,0,NA,1,0,0,2.52336448598131,700,0
2015,46,"921*A",110,-3740,"Heterotheca villosa",4.5,1,3.5,2,0,0,0,1,0,0,3.0530303030303,725.3017661,27.70007
2016,46,"921*A",110,-3740,"Heterotheca villosa",5.5,4.5,1,3.5,0,0,0,1,0,0,1.30188679245283,785.980804,31.439952
2017,46,"921*A",110,-3740,"Heterotheca villosa",0,5.5,-5.5,0,0,0,0,0,0,1,1.28571428571429,0,0
2014,46,"922*A",107,-3725,"Agoseris glauca",6,NA,NA,5,1,0,NA,1,0,0,2.52336448598131,900,0
2015,46,"922*A",107,-3725,"Agoseris glauca",9,6,3,3.5,0,0,0,1,0,0,3.0530303030303,961.63379,0
2016,46,"922*A",107,-3725,"Agoseris glauca",7,9,-2,4,0,0,0,1,0,0,1.30188679245283,899.59284,0
2017,46,"922*A",107,-3725,"Agoseris glauca",9,7,2,4,0,0,0,1,0,0,1.28571428571429,785.102150510354,0
2018,46,"922*A",107,-3725,"Agoseris glauca",0,9,-9,0,0,0,0,0,0,1,1.12213740458015,0,0
2014,46,"923*A",115,-3735,"Carex siccata",6,NA,NA,13,0,0,NA,1,0,0,2.52336448598131,525.399601,113.40719
2015,46,"923*A",115,-3735,"Carex siccata",11,6,5,14,0,0,0,1,0,0,3.0530303030303,756.696547,197.8593
2016,46,"923*A",115,-3735,"Carex siccata",35,11,24,19,0,0,0,1,0,0,1.30188679245283,704.5302527,81.446187
2017,46,"923*A",115,-3735,"Carex siccata",23,35,-12,18,0,0,0,1,0,0,1.28571428571429,551.788940522864,92.3250766763438
2018,46,"923*A",115,-3735,"Carex siccata",17,23,-6,14.5,0,0,0,1,0,0,1.12213740458015,505.279753253618,83.9397402534249
2019,46,"923*A",115,-3735,"Carex siccata",0,17,-17,0,0,0,0,0,0,1,0.5,0,0
2014,46,"924*A",118,-3735,"Carex siccata",4,NA,NA,12,0,0,NA,1,0,0,2.52336448598131,598.99287,130.16617
2015,46,"924*A",118,-3735,"Carex siccata",17,4,13,18,0,0,0,1,0,0,3.0530303030303,752.4747927,105.8903
2016,46,"924*A",118,-3735,"Carex siccata",8,17,-9,16,0,0,0,1,0,0,1.30188679245283,691.430587,183.82837
2017,46,"924*A",118,-3735,"Carex siccata",9,8,1,15,0,0,0,1,0,0,1.28571428571429,499.999999999997,180.133209376284
2018,46,"924*A",118,-3735,"Carex siccata",0,9,-9,0,0,0,0,0,0,1,1.12213740458015,0,0
2014,46,"925*A",112,-3730,"Agoseris glauca",11,NA,NA,8,2,0,NA,1,0,0,2.52336448598131,781.05075,0
2015,46,"925*A",112,-3730,"Agoseris glauca",14,11,3,4,0,0,0,1,0,0,3.0530303030303,986.72357,0
2016,46,"925*A",112,-3730,"Agoseris glauca",6,14,-8,5,2,0,0,1,0,0,1.30188679245283,900,0
2017,46,"925*A",112,-3730,"Agoseris glauca",0,6,-6,0,0,0,0,1,0,0,1.28571428571429,0,0
2018,46,"925*A",112,-3730,"Agoseris glauca",4,0,4,6,1,0,0,1,0,0,1.12213740458015,699.999999999998,0
2019,46,"925*A",112,-3730,"Agoseris glauca",0,4,-4,0,0,0,0,1,0,0,0.5,0,0
2014,46,"926*A",136,-3737,"Carex siccata",5,NA,NA,13,0,0,NA,1,0,0,2.52336448598131,600,0
2015,46,"926*A",136,-3737,"Carex siccata",8,5,3,9,0,0,0,1,0,0,3.0530303030303,600,0
2016,46,"926*A",136,-3737,"Carex siccata",27,8,19,13,0,0,0,1,0,0,1.30188679245283,616.5228738,15.59582
2017,46,"926*A",136,-3737,"Carex siccata",22,27,-5,17,0,0,0,1,0,0,1.28571428571429,509.126458564567,0
2018,46,"926*A",136,-3737,"Carex siccata",17,22,-5,13,0,0,0,1,0,0,1.12213740458015,499.999999999999,0
2019,46,"926*A",136,-3737,"Carex siccata",30,17,13,12,0,0,0,1,0,0,0.5,524.877367823426,0
2014,46,"927*A",125,-3738,"Heterotheca villosa",0.5,NA,NA,0.5,0,1,1,1,0,0,2.52336448598131,500,100
2015,46,"927*A",125,-3738,"Heterotheca villosa",0,0.5,-0.5,0,0,0,0,0,0,1,3.0530303030303,0,0
2014,46,"928*A",130,-3735,"Agoseris glauca",2,NA,NA,4,0,0,NA,1,0,0,2.52336448598131,600,0
2015,46,"928*A",130,-3735,"Agoseris glauca",7,2,5,3,0,0,0,1,0,0,3.0530303030303,648.00095,0
2016,46,"928*A",130,-3735,"Agoseris glauca",4,7,-3,5,0,0,0,1,0,0,1.30188679245283,775.56062,0
2017,46,"928*A",130,-3735,"Agoseris glauca",10,4,6,5,2,0,0,1,0,0,1.28571428571429,599.999999999997,0
2018,46,"928*A",130,-3735,"Agoseris glauca",0,10,-10,0,0,0,0,0,0,1,1.12213740458015,0,0
2014,46,"929*A",110,-3715,"Carex siccata",9,NA,NA,17,0,0,NA,1,0,0,2.52336448598131,704.85728,0.8384619
2015,46,"929*A",110,-3715,"Carex siccata",22,9,13,12,0,0,0,1,0,0,3.0530303030303,736.0181017,23.93324
2016,46,"929*A",110,-3715,"Carex siccata",17,22,-5,15,0,0,0,1,0,0,1.30188679245283,718.370226,25.285705
2017,46,"929*A",110,-3715,"Carex siccata",17,17,0,14,0,0,0,1,0,0,1.28571428571429,642.716665690749,18.2067616261447
2018,46,"929*A",110,-3715,"Carex siccata",14,17,-3,15,0,0,0,1,0,0,1.12213740458015,599.0967054148,9.68881001632689
2019,46,"929*A",110,-3715,"Carex siccata",0,14,-14,0,0,0,0,0,0,1,0.5,0,0
2014,10,"93*A",1610,-500,"Lupinus argenteus",10,NA,NA,6,0,0,NA,1,0,0,2.52336448598131,0,0
2015,10,"93*A",1610,-500,"Lupinus argenteus",13.5,10,3.5,7.5,1,0,0,1,0,0,3.0530303030303,0,20.2370149419111
2016,10,"93*A",1610,-500,"Lupinus argenteus",2.1,13.5,-11.4,3.9,0,0,0,1,0,0,1.30188679245283,0,0
2017,10,"93*A",1610,-500,"Lupinus argenteus",0,2.1,-2.1,0,0,0,0,0,0,1,1.28571428571429,0,0
2014,46,"930*A",103,-3716,"Senecio crassulus",0.5,NA,NA,0.5,0,1,1,1,0,0,2.52336448598131,900,0
2015,46,"930*A",103,-3716,"Senecio crassulus",1.5,0.5,1,1.5,0,0,0,1,0,0,3.0530303030303,1000,0
2016,46,"930*A",103,-3716,"Senecio crassulus",2,1.5,0.5,5,0,0,0,1,0,0,1.30188679245283,853.76305,0
2017,46,"930*A",103,-3716,"Senecio crassulus",7,2,5,5.5,0,0,0,1,0,0,1.28571428571429,770.375332539543,0
2018,46,"930*A",103,-3716,"Senecio crassulus",5.5,7,-1.5,4,0,0,0,1,0,0,1.12213740458015,669.134660819922,0
2019,46,"930*A",103,-3716,"Senecio crassulus",0,5.5,-5.5,0,0,0,0,0,0,1,0.5,0,0
2014,46,"931*A",115,-3713,"Heterotheca villosa",0.5,NA,NA,0.5,0,1,1,1,0,0,2.52336448598131,515.19774,100
2015,46,"931*A",115,-3713,"Heterotheca villosa",0,0.5,-0.5,0,0,0,0,0,0,1,3.0530303030303,0,0
2014,46,"932*A",103,-3710,"Agoseris glauca",4,NA,NA,6,0,0,NA,1,0,0,2.52336448598131,700,0
2015,46,"932*A",103,-3710,"Agoseris glauca",13,4,9,5,0,0,0,1,0,0,3.0530303030303,711.90066,0
2016,46,"932*A",103,-3710,"Agoseris glauca",10,13,-3,4,2,0,0,1,0,0,1.30188679245283,623.984573,0
2017,46,"932*A",103,-3710,"Agoseris glauca",0,10,-10,0,0,0,0,0,0,1,1.28571428571429,0,0
2014,46,"933*A",100,-3695,"Heterotheca villosa",32,NA,NA,5,17,0,NA,1,0,0,2.52336448598131,557.816397431,52.39871776
2015,46,"933*A",100,-3695,"Heterotheca villosa",35,32,3,6,28,0,0,1,0,0,3.0530303030303,571.116192863,54.25681626
2016,46,"933*A",100,-3695,"Heterotheca villosa",32,35,-3,6,56,0,0,1,0,0,1.30188679245283,602.026146225,81.18677065
2017,46,"933*A",100,-3695,"Heterotheca villosa",20,32,-12,5,0,0,0,1,0,0,1.28571428571429,597.437533245551,48.8512902051936
2018,46,"933*A",100,-3695,"Heterotheca villosa",0,20,-20,0,0,0,0,0,0,1,1.12213740458015,0,0
2014,46,"934*A",100,-3695,"Carex siccata",4,NA,NA,8,0,0,NA,1,0,0,2.52336448598131,700,0
2015,46,"934*A",100,-3695,"Carex siccata",9,4,5,10,0,0,0,1,0,0,3.0530303030303,619.75141,0
2016,46,"934*A",100,-3695,"Carex siccata",9,9,0,9,0,0,0,1,0,0,1.30188679245283,773.4695,0
2017,46,"934*A",100,-3695,"Carex siccata",14,9,5,6,0,0,0,1,0,0,1.28571428571429,732.990121667727,0
2018,46,"934*A",100,-3695,"Carex siccata",12,14,-2,11,0,0,0,1,0,0,1.12213740458015,500,0
2019,46,"934*A",100,-3695,"Carex siccata",0,12,-12,0,0,0,0,0,0,1,0.5,0,0
2014,46,"935*A",120,-3705,"Agoseris glauca",7,NA,NA,7,1,0,NA,1,0,0,2.52336448598131,617.84622,0
2015,46,"935*A",120,-3705,"Agoseris glauca",7,7,0,5,0,0,0,1,0,0,3.0530303030303,600,0
2016,46,"935*A",120,-3705,"Agoseris glauca",8,7,1,4,1,0,0,1,0,0,1.30188679245283,763.22196,0
2017,46,"935*A",120,-3705,"Agoseris glauca",0,8,-8,0,0,0,0,0,0,1,1.28571428571429,0,0
2014,46,"936*A",130,-3758,"Eriogonum umbellatum",46,NA,NA,3,4,0,NA,1,0,0,2.52336448598131,211.818803354,371.23642389
2015,46,"936*A",130,-3758,"Eriogonum umbellatum",45,46,-1,4,0,0,0,1,0,0,3.0530303030303,239.7676187756,375.4854657
2016,46,"936*A",130,-3758,"Eriogonum umbellatum",46,45,1,5,5,0,0,1,0,0,1.30188679245283,280.541333134336,387.632466292
2017,46,"936*A",130,-3758,"Eriogonum umbellatum",44,46,-2,4,14,0,0,1,0,0,1.28571428571429,113.858355440423,421.62472725725
2018,46,"936*A",130,-3758,"Eriogonum umbellatum",24,44,-20,4,2,0,0,1,0,0,1.12213740458015,74.6586696780167,415.364646397991
2019,46,"936*A",130,-3758,"Eriogonum umbellatum",17,24,-7,3.5,1,0,0,1,0,0,0.5,110.752467663049,404.995389498898
2014,46,"937*A",128,-3763,"Heterotheca villosa",4,NA,NA,1,0,0,NA,1,0,0,2.52336448598131,603.890905,100
2015,46,"937*A",128,-3763,"Heterotheca villosa",8,4,4,3,0,0,0,1,0,0,3.0530303030303,668.999764601,100
2016,46,"937*A",128,-3763,"Heterotheca villosa",11,8,3,4,2,0,0,1,0,0,1.30188679245283,705.8636065,106.93466
2017,46,"937*A",128,-3763,"Heterotheca villosa",3,11,-8,2,0,0,0,1,0,0,1.28571428571429,630.025662958328,0
2018,46,"937*A",128,-3763,"Heterotheca villosa",5.5,3,2.5,5,0,0,0,1,0,0,1.12213740458015,766.627134283253,0
2019,46,"937*A",128,-3763,"Heterotheca villosa",12,5.5,6.5,6,2,0,0,1,0,0,0.5,763.624018026825,0
2014,46,"938*A",133,-3775,"Lupinus argenteus",22,NA,NA,10,1,0,NA,1,0,0,2.52336448598131,575.1018228,35.138077
2015,46,"938*A",133,-3775,"Lupinus argenteus",23,22,1,9,4,0,0,1,0,0,3.0530303030303,600.32059901,60.2588543
2016,46,"938*A",133,-3775,"Lupinus argenteus",12,23,-11,6,0,0,0,1,0,0,1.30188679245283,730.37253768,41.7082756
2017,46,"938*A",133,-3775,"Lupinus argenteus",0,12,-12,0,0,0,0,0,0,1,1.28571428571429,0,0
2014,46,"939*A",138,-3785,"Eriogonum umbellatum",2,NA,NA,1,0,0,NA,1,0,0,2.52336448598131,299.18127,400
2015,46,"939*A",138,-3785,"Eriogonum umbellatum",2,2,0,2,0,0,0,1,0,0,3.0530303030303,326.4431272,400
2016,46,"939*A",138,-3785,"Eriogonum umbellatum",2.5,2,0.5,1,0,0,0,1,0,0,1.30188679245283,374.8927506,331.81101
2017,46,"939*A",138,-3785,"Eriogonum umbellatum",0,2.5,-2.5,0,0,0,0,0,0,1,1.28571428571429,0,0
2014,10,"94*A",1620,-485,"Lupinus argenteus",7,NA,NA,5,0,0,NA,1,0,0,2.52336448598131,0,88.2145769581177
2015,10,"94*A",1620,-485,"Lupinus argenteus",12,7,5,9,1,0,0,1,0,0,3.0530303030303,0,43.1121998802112
2016,10,"94*A",1620,-485,"Lupinus argenteus",1,12,-11,1,0,0,0,1,0,0,1.30188679245283,0,0
2017,10,"94*A",1620,-485,"Lupinus argenteus",0,1,-1,0,0,0,0,0,0,1,1.28571428571429,0,0
2014,46,"940*A",132,-3790,"Lupinus argenteus",13,NA,NA,8,0,0,NA,1,0,0,2.52336448598131,426.532395,83.21496
2015,46,"940*A",132,-3790,"Lupinus argenteus",19,13,6,8,2,0,0,1,0,0,3.0530303030303,457.16730798,93.878018
2016,46,"940*A",132,-3790,"Lupinus argenteus",15,19,-4,6,0,0,0,1,0,0,1.30188679245283,460.90439797,36.077957
2017,46,"940*A",132,-3790,"Lupinus argenteus",0,15,-15,0,0,0,0,0,0,1,1.28571428571429,0,0
2014,46,"941*A",150,-3775,"Ivesia gordonii",11,NA,NA,6,5,0,NA,1,0,0,2.52336448598131,642.42705,0
2015,46,"941*A",150,-3775,"Ivesia gordonii",12,11,1,6,8,0,0,1,0,0,3.0530303030303,672.444309863,2.3888888
2016,46,"941*A",150,-3775,"Ivesia gordonii",18,12,6,8,31,0,0,1,0,0,1.30188679245283,667.643829993,6.98456746
2017,46,"941*A",150,-3775,"Ivesia gordonii",0,18,-18,0,0,0,0,0,0,1,1.28571428571429,0,0
2014,46,"942*A",152,-3760,"Elymus lanceolatus",12,NA,NA,9,1,0,NA,1,0,0,2.52336448598131,577.93244,0
2015,46,"942*A",152,-3760,"Elymus lanceolatus",15,12,3,16,0,0,0,1,0,0,3.0530303030303,624.1024175,0
2016,46,"942*A",152,-3760,"Elymus lanceolatus",22,15,7,21,32,0,0,1,0,0,1.30188679245283,670.51031099,0
2017,46,"942*A",152,-3760,"Elymus lanceolatus",0,22,-22,0,0,0,0,0,0,1,1.28571428571429,0,0
2014,46,"943*A",155,-3750,"Heterotheca villosa",34,NA,NA,4,11,0,NA,1,0,0,2.52336448598131,500.735777695,30.8581311
2015,46,"943*A",155,-3750,"Heterotheca villosa",35,34,1,5,10,0,0,1,0,0,3.0530303030303,547.315005626,45.36661416
2016,46,"943*A",155,-3750,"Heterotheca villosa",36,35,1,6,36,0,0,1,0,0,1.30188679245283,581.194364622,76.37832299
2017,46,"943*A",155,-3750,"Heterotheca villosa",0,36,-36,0,0,0,0,0,0,1,1.28571428571429,0,0
2014,46,"944*A",158,-3800,"Eriogonum umbellatum",3,NA,NA,1,0,0,NA,1,0,0,2.52336448598131,100,384.63392
2015,46,"944*A",158,-3800,"Eriogonum umbellatum",5,3,2,1,0,0,0,1,0,0,3.0530303030303,124.07996817,374.59989
2016,46,"944*A",158,-3800,"Eriogonum umbellatum",3,5,-2,1.5,0,0,0,1,0,0,1.30188679245283,131.71408,341.02532
2017,46,"944*A",158,-3800,"Eriogonum umbellatum",0,3,-3,0,0,0,0,0,0,1,1.28571428571429,0,0
2014,46,"945*A",165,-3787,"Heterotheca villosa",16,NA,NA,4,8,0,NA,1,0,0,2.52336448598131,477.9496194,63.3241181
2015,46,"945*A",165,-3787,"Heterotheca villosa",15,16,-1,5,8,0,0,1,0,0,3.0530303030303,503.8902627,71.654739
2016,46,"945*A",165,-3787,"Heterotheca villosa",18,15,3,6,17,0,0,1,0,0,1.30188679245283,494.14564032,112.0958668
2017,46,"945*A",165,-3787,"Heterotheca villosa",0,18,-18,0,0,0,0,0,0,1,1.28571428571429,0,0
2014,46,"946*A",160,-3789,"Eriogonum umbellatum",3,NA,NA,1,0,0,NA,1,0,0,2.52336448598131,180.61289,405.953209
2015,46,"946*A",160,-3789,"Eriogonum umbellatum",3.5,3,0.5,2,0,0,0,1,0,0,3.0530303030303,217.9119082,431.05792
2016,46,"946*A",160,-3789,"Eriogonum umbellatum",4,3.5,0.5,3.5,0,0,0,1,0,0,1.30188679245283,280.660917497,354.11727
2017,46,"946*A",160,-3789,"Eriogonum umbellatum",0,4,-4,0,0,0,0,0,0,1,1.28571428571429,0,0
2014,46,"947*A",167,-3745,"Carex siccata",12,NA,NA,22,2,0,NA,1,0,0,2.52336448598131,500,25
2015,46,"947*A",167,-3745,"Carex siccata",35,12,23,16,0,0,0,1,0,0,3.0530303030303,506.767747,20.962426
2016,46,"947*A",167,-3745,"Carex siccata",40,35,5,22,7,0,0,1,0,0,1.30188679245283,599.52071985,30.176078
2017,46,"947*A",167,-3745,"Carex siccata",50,40,10,23,7,0,0,1,0,0,1.28571428571429,435.162324670333,32.6002398537115
2018,46,"947*A",167,-3745,"Carex siccata",28,50,-22,20,0,0,0,1,0,0,1.12213740458015,446.667096247666,53.5002752397519
2019,46,"947*A",167,-3745,"Carex siccata",8,28,-20,10.5,0,0,0,1,0,0,0.5,308.332494183,0
2014,46,"948*A",167,-3746,"Carex siccata",6,NA,NA,7,0,0,NA,1,0,0,2.52336448598131,500,100
2015,46,"948*A",167,-3746,"Carex siccata",15,6,9,17,0,0,0,1,0,0,3.0530303030303,500,100
2016,46,"948*A",167,-3746,"Carex siccata",18,15,3,18,0,0,0,1,0,0,1.30188679245283,520.368351,100
2017,46,"948*A",167,-3746,"Carex siccata",20,18,2,12,0,0,0,1,0,0,1.28571428571429,462.507085418335,104.551590705459
2018,46,"948*A",167,-3746,"Carex siccata",20,20,0,16,0,0,0,1,0,0,1.12213740458015,448.303304664322,99.9999999999999
2019,46,"948*A",167,-3746,"Carex siccata",0,20,-20,0,0,0,0,1,0,0,0.5,0,0
2014,46,"949*A",170,-3760,"Heterotheca villosa",0.5,NA,NA,0.5,0,1,1,1,0,0,2.52336448598131,400,100
2015,46,"949*A",170,-3760,"Heterotheca villosa",2,0.5,1.5,1.5,0,0,0,1,0,0,3.0530303030303,467.9036,100
2016,46,"949*A",170,-3760,"Heterotheca villosa",2,2,0,2,0,0,0,1,0,0,1.30188679245283,672.63992,200
2017,46,"949*A",170,-3760,"Heterotheca villosa",0,2,-2,0,0,0,0,0,0,1,1.28571428571429,0,0
2014,10,"95*A",1630,-480,"Lupinus argenteus",16,NA,NA,10,2,0,NA,1,0,0,2.52336448598131,0,16.884821370891
2015,10,"95*A",1630,-480,"Lupinus argenteus",0,16,-16,0,0,0,0,0,0,1,3.0530303030303,0,0
2014,46,"950*A",172,-3755,"Carex siccata",7,NA,NA,2,0,0,NA,1,0,0,2.52336448598131,500,10.54532
2015,46,"950*A",172,-3755,"Carex siccata",0,7,-7,0,0,0,0,0,0,1,3.0530303030303,0,0
2014,46,"951*A",178,-3761,"Carex siccata",15,NA,NA,25,0,0,NA,1,0,0,2.52336448598131,524.007099,2.296535
2015,46,"951*A",178,-3761,"Carex siccata",16,15,1,14,0,0,0,1,0,0,3.0530303030303,556.7558927,12.41784
2016,46,"951*A",178,-3761,"Carex siccata",21,16,5,17,2,0,0,1,0,0,1.30188679245283,762.245329,31.9381807
2017,46,"951*A",178,-3761,"Carex siccata",27,21,6,13,0,0,0,1,0,0,1.28571428571429,477.566460333536,60.6230347049201
2018,46,"951*A",178,-3761,"Carex siccata",21,27,-6,10,0,0,0,1,0,0,1.12213740458015,427.971777612311,36.2368849658057
2019,46,"951*A",178,-3761,"Carex siccata",17.5,21,-3.5,15,0,0,0,1,0,0,0.5,329.505378085172,44.1420628997449
2014,46,"952*A",173,-3774,"Eriogonum umbellatum",4,NA,NA,0.5,0,0,NA,1,0,0,2.52336448598131,189.92172,400
2015,46,"952*A",173.2921885,-3774.61299748,"Eriogonum umbellatum",2,4,-2,1,0,0,0,1,0,0,3.0530303030303,223.75825,563.79517
2015,46,"952*B",172.8965852,-3774.41397075,"Eriogonum umbellatum",2,NA,NA,1,0,0,1,1,0,0,3.0530303030303,218.47927,564.47039
2015,46,"952*C",172.0120622,-3776.19052983,"Eriogonum umbellatum",2,NA,NA,1,0,0,1,1,0,0,3.0530303030303,208.1316168,541.32284
2016,46,"952*A",173.2337508,-3774.49039798,"Eriogonum umbellatum",1,2,-1,1,0,0,0,1,0,0,1.30188679245283,302.718747,542.79585
2016,46,"952*B",172.9172682,-3774.3311766,"Eriogonum umbellatum",1,2,-1,1,0,0,0,0,1,0,1.30188679245283,307.872914,543.82433
2016,46,"952*C",172.2096497,-3775.75242386,"Eriogonum umbellatum",1,2,-1,1,0,0,0,0,1,0,1.30188679245283,324.22435,507.49122
2017,46,"952*A",173,-3774,"Eriogonum umbellatum",0,1,-1,0,0,0,0,0,0,1,1.28571428571429,0,0
2014,46,"953*A",183,-3795,"Carex siccata",19,NA,NA,24,2,0,NA,1,0,0,2.52336448598131,476.7687,19.0445
2015,46,"953*A",183,-3795,"Carex siccata",22,19,3,17,2,0,0,1,0,0,3.0530303030303,488.8179617,22.0788370974
2016,46,"953*A",183,-3795,"Carex siccata",32,22,10,22,2,0,0,1,0,0,1.30188679245283,556.1273731,43.803575
2017,46,"953*A",183,-3795,"Carex siccata",15,32,-17,13,0,0,0,1,0,0,1.28571428571429,423.752333766436,36.6033395703572
2018,46,"953*A",183,-3795,"Carex siccata",11,15,-4,17.5,0,0,0,1,0,0,1.12213740458015,304.05337487649,98.371096622887
2019,46,"953*A",183,-3795,"Carex siccata",10,11,-1,11,0,0,0,1,0,0,0.5,299.999999999999,119.99060289672
2014,46,"954*A",190,-3795,"Elymus lanceolatus",7,NA,NA,17,7,0,NA,1,0,0,2.52336448598131,556.69737,6.068403
2015,46,"954*A",190,-3795,"Elymus lanceolatus",9,7,2,10,0,0,0,1,0,0,3.0530303030303,572.571368,36.15729
2016,46,"954*A",190,-3795,"Elymus lanceolatus",11,9,2,13,2,0,0,1,0,0,1.30188679245283,618.560537,26.80034
2017,46,"954*A",190,-3795,"Elymus lanceolatus",0,11,-11,0,0,0,0,1,0,0,1.28571428571429,0,0
2018,46,"954*A",190,-3795,"Elymus lanceolatus",6,0,6,9.5,0,0,0,1,0,0,1.12213740458015,547.493956519602,0
2019,46,"954*A",190,-3795,"Elymus lanceolatus",1.5,6,-4.5,5,0,0,0,1,0,0,0.5,500,0
2014,46,"955*A",191,-3797,"Carex siccata",12,NA,NA,19,0,0,NA,1,0,0,2.52336448598131,452.2712377,48.62258
2015,46,"955*A",191,-3797,"Carex siccata",13,12,1,15,0,0,0,1,0,0,3.0530303030303,467.646904,91.75384
2016,46,"955*A",191,-3797,"Carex siccata",16,13,3,15,3,0,0,1,0,0,1.30188679245283,477.860353,141.78935
2017,46,"955*A",191,-3797,"Carex siccata",17,16,1,13,0,0,0,1,0,0,1.28571428571429,432.650794665606,87.4437827090905
2018,46,"955*A",191,-3797,"Carex siccata",10,17,-7,16,0,0,0,1,0,0,1.12213740458015,351.972032086563,133.655393588322
2019,46,"955*A",191,-3797,"Carex siccata",12,10,2,10,0,0,0,1,0,0,0.5,302.930835277544,106.80016923536
2014,46,"956*A",183,-3782,"Carex siccata",7,NA,NA,16,2,0,NA,1,0,0,2.52336448598131,548.96173,0
2015,46,"956*A",183,-3782,"Carex siccata",0,7,-7,0,0,0,0,1,0,0,3.0530303030303,0,0
2016,46,"956*A",183,-3782,"Carex siccata",6,0,6,17,0,0,0,1,0,0,1.30188679245283,779.1163,71.08111
2017,46,"956*A",183,-3782,"Carex siccata",17,6,11,20,0,0,0,1,0,0,1.28571428571429,426.25597543222,11.8047423603316
2018,46,"956*A",183,-3782,"Carex siccata",13,17,-4,19.5,0,0,0,1,0,0,1.12213740458015,336.046235410574,119.103892758994
2019,46,"956*A",183,-3782,"Carex siccata",25,13,12,18,0,0,0,1,0,0,0.5,323.26772582074,101.953652237195
2014,46,"957*A",190,-3785,"Elymus lanceolatus",13,NA,NA,22,5,0,NA,1,0,0,2.52336448598131,477.3537445,1.759478
2015,46,"957*A",190,-3785,"Elymus lanceolatus",17,13,4,13,0,0,0,1,0,0,3.0530303030303,572.474805,10.13405
2016,46,"957*A",190,-3785,"Elymus lanceolatus",15,17,-2,13,6,0,0,1,0,0,1.30188679245283,658.1469846,13.81336
2017,46,"957*A",190,-3785,"Elymus lanceolatus",5,15,-10,4,0,0,0,1,0,0,1.28571428571429,501.599093690932,0
2018,46,"957*A",190,-3785,"Elymus lanceolatus",0,5,-5,0,0,0,0,0,0,1,1.12213740458015,0,0
2014,46,"958*A",185,-3770,"Heterotheca villosa",0.5,NA,NA,0.5,0,1,1,1,0,0,2.52336448598131,500,200
2015,46,"958*A",185,-3770,"Heterotheca villosa",0,0.5,-0.5,0,0,0,0,0,0,1,3.0530303030303,0,0
2014,46,"959*A",190,-3770,"Heterotheca villosa",10,NA,NA,5,0,0,NA,1,0,0,2.52336448598131,433.3360473,62.7746747
2015,46,"959*A",190,-3770,"Heterotheca villosa",13,10,3,5.5,5,0,0,1,0,0,3.0530303030303,483.629357,74.78238
2016,46,"959*A",190,-3770,"Heterotheca villosa",22,13,9,6,16,0,0,1,0,0,1.30188679245283,542.09946034,107.8926096
2017,46,"959*A",190,-3770,"Heterotheca villosa",0,22,-22,0,0,0,0,0,0,1,1.28571428571429,0,0
2014,10,"96*A",1671,-489,"Lupinus argenteus",9,NA,NA,8,1,0,NA,1,0,0,2.52336448598131,5.07135594544291,0
2015,10,"96*A",1671,-489,"Lupinus argenteus",0,9,-9,0,0,0,0,1,0,0,3.0530303030303,0,0
2016,10,"96*A",1671,-489,"Lupinus argenteus",7.7,0,7.7,6.5,0,0,0,1,0,0,1.30188679245283,0.737889061501063,0
2017,10,"96*A",1671,-489,"Lupinus argenteus",4.5,7.7,-3.2,3,0,0,0,1,0,0,1.28571428571429,0,0
2018,10,"96*A",1671,-489,"Lupinus argenteus",7.5,4.5,3,5.5,1,0,0,1,0,0,1.12213740458015,0,0
2019,10,"96*A",1671,-489,"Lupinus argenteus",6,7.5,-1.5,4,0,0,0,1,0,0,0.5,5.58145422141316,0
2014,46,"960*A",200,-3795,"Carex siccata",9,NA,NA,18,2,0,NA,1,0,0,2.52336448598131,399.83471,0
2015,46,"960*A",200,-3795,"Carex siccata",17,9,8,12,0,0,0,1,0,0,3.0530303030303,390.22242208,30.99135197
2016,46,"960*A",200,-3795,"Carex siccata",21,17,4,21,1,0,0,1,0,0,1.30188679245283,438.9414013,104.26482
2017,46,"960*A",200,-3795,"Carex siccata",23,21,2,22,0,0,0,1,0,0,1.28571428571429,408.179109641188,55.5960685246076
2018,46,"960*A",200,-3795,"Carex siccata",43,23,20,26,0,0,0,1,0,0,1.12213740458015,314.500679790509,105.306808738663
2019,46,"960*A",200,-3795,"Carex siccata",47,43,4,23.5,4,0,0,1,0,0,0.5,303.190809810898,116.89700355673
2014,46,"962*A",200,-3752,"Eriogonum umbellatum",70,NA,NA,2,50,0,NA,1,0,0,2.52336448598131,200.3826871,361.03483123
2015,46,"962*A",200,-3752,"Eriogonum umbellatum",71,70,1,3,41,0,0,1,0,0,3.0530303030303,222.8922634063,364.48561243
2016,46,"962*A",200,-3752,"Eriogonum umbellatum",69,71,-2,4,41,0,0,1,0,0,1.30188679245283,291.7030283486,383.77420676
2017,46,"962*A",200,-3752,"Eriogonum umbellatum",76,69,7,3,49,0,0,1,0,0,1.28571428571429,118.554391681649,391.077737686916
2018,46,"962*A",200,-3752,"Eriogonum umbellatum",70,76,-6,3.5,51,0,0,1,0,0,1.12213740458015,62.0117014184538,360.60078324713
2019,46,"962*A",200,-3752,"Eriogonum umbellatum",75,70,5,3.5,37,0,0,1,0,0,0.5,68.3820586079894,350.73353270205
2014,46,"963*A",187,-3769,"Phacelia hastata",4,NA,NA,2,0,0,NA,1,0,0,2.52336448598131,603.685948,0
2015,46,"963*A",187,-3769,"Phacelia hastata",7,4,3,4,1,0,0,1,0,0,3.0530303030303,601.9983509,0
2016,46,"963*A",187,-3769,"Phacelia hastata",11,7,4,6,4,0,0,1,0,0,1.30188679245283,657.2555878,0
2017,46,"963*A",187,-3769,"Phacelia hastata",12,11,1,5,0,0,0,1,0,0,1.28571428571429,484.033242717992,0
2018,46,"963*A",187,-3769,"Phacelia hastata",16,12,4,5,0,0,0,1,0,0,1.12213740458015,435.370997109214,0
2019,46,"963*A",187,-3769,"Phacelia hastata",13,16,-3,6,3,0,0,1,0,0,0.5,410.815435719596,0
2014,46,"964*A",195,-3762,"Heterotheca villosa",2,NA,NA,2,0,0,NA,1,0,0,2.52336448598131,400,144.54491
2015,46,"964*A",195,-3762,"Heterotheca villosa",2.5,2,0.5,3,0,0,0,1,0,0,3.0530303030303,471.22966,170.66642
2016,46,"964*A",195,-3762,"Heterotheca villosa",1.5,2.5,-1,4,0,0,0,1,0,0,1.30188679245283,487.75048,200
2017,46,"964*A",195,-3762,"Heterotheca villosa",3,1.5,1.5,4,0,0,0,1,0,0,1.28571428571429,494.483405748779,0
2018,46,"964*A",195,-3762,"Heterotheca villosa",0,3,-3,0,0,0,0,0,0,1,1.12213740458015,0,0
2014,46,"966*A",145,-3700,"Heterotheca villosa",1,NA,NA,2,0,1,1,1,0,0,2.52336448598131,500,100
2015,46,"966*A",145,-3700,"Heterotheca villosa",5,1,4,3,0,0,0,1,0,0,3.0530303030303,556.6044075,124.13228
2016,46,"966*A",145,-3700,"Heterotheca villosa",8.5,5,3.5,4,3,0,0,1,0,0,1.30188679245283,644.35604577,193.107952
2017,46,"966*A",145,-3700,"Heterotheca villosa",0,8.5,-8.5,0,0,0,0,0,0,1,1.28571428571429,0,0
2014,46,"967*A",150,-3697,"Eriogonum umbellatum",0.5,NA,NA,0.5,0,1,1,1,0,0,2.52336448598131,100,590.59652
2015,46,"967*A",150,-3697,"Eriogonum umbellatum",1,0.5,0.5,1,0,0,0,1,0,0,3.0530303030303,154.62525,600
2016,46,"967*A",150,-3697,"Eriogonum umbellatum",1.5,1,0.5,2,0,0,0,1,0,0,1.30188679245283,300.4496764,600
2017,46,"967*A",150,-3697,"Eriogonum umbellatum",0,1.5,-1.5,0,0,0,0,0,0,1,1.28571428571429,0,0
2014,46,"968*A",140,-3690,"Eriogonum umbellatum",0.5,NA,NA,0.5,0,1,1,1,0,0,2.52336448598131,400,600
2015,46,"968*A",140,-3690,"Eriogonum umbellatum",2,0.5,1.5,0.5,0,0,0,1,0,0,3.0530303030303,368.39863,600
2016,46,"968*A",140,-3690,"Eriogonum umbellatum",0,2,-2,0,0,0,0,0,0,1,1.30188679245283,0,0
2014,46,"969*A",138,-3688,"Eriogonum umbellatum",0.5,NA,NA,0.5,0,1,1,1,0,0,2.52336448598131,482.17857,600
2015,46,"969*A",138,-3688,"Eriogonum umbellatum",0,0.5,-0.5,0,0,0,0,0,0,1,3.0530303030303,0,0
2014,10,"97*A",1655,-520,"Lupinus argenteus",10,NA,NA,12,0,0,NA,1,0,0,2.52336448598131,0,50.4252750268111
2015,10,"97*A",1655,-520,"Lupinus argenteus",7.5,10,-2.5,6,0,0,0,1,0,0,3.0530303030303,0,155.761396145036
2016,10,"97*A",1655,-520,"Lupinus argenteus",12.3,7.5,4.8,9,0,0,0,1,0,0,1.30188679245283,0,39.0030559068704
2017,10,"97*A",1655,-520,"Lupinus argenteus",8,12.3,-4.3,10,0,0,0,1,0,0,1.28571428571429,0,8.68429147475194
2018,10,"97*A",1655,-520,"Lupinus argenteus",6.5,8,-1.5,4.5,0,0,0,1,0,0,1.12213740458015,0,7.01584811081553
2019,10,"97*A",1655,-520,"Lupinus argenteus",0.6,6.5,-5.9,1,0,0,0,1,0,0,0.5,99.9999999999913,0
2014,46,"970*A",140,-3685,"Viola praemorsa",10,NA,NA,8,0,0,NA,1,0,0,2.52336448598131,951.029099,0
2015,46,"970*A",140,-3685,"Viola praemorsa",0,10,-10,0,0,0,0,0,0,1,3.0530303030303,0,0
2014,46,"971*A",155,-3690,"Eriogonum umbellatum",0.5,NA,NA,0.5,0,0,NA,1,0,0,2.52336448598131,115.88286,600
2015,46,"971*A",155.2921885,-3690.6129975,"Eriogonum umbellatum",1.5,0.5,1,1,0,0,0,1,0,0,3.0530303030303,100,800.22739
2015,46,"971*B",154.8965852,-3690.4139708,"Eriogonum umbellatum",1.5,NA,NA,1,0,0,1,1,0,0,3.0530303030303,100,800.66507
2015,46,"971*C",154.0120622,-3692.1905298,"Eriogonum umbellatum",1.5,NA,NA,1,0,0,1,1,0,0,3.0530303030303,100,738.65151
2015,46,"971*D",156.4510728,-3688.1557338,"Eriogonum umbellatum",1.5,NA,NA,1,0,0,1,0,1,0,3.0530303030303,105.217406,712.28259
2016,46,"971*A",155.2337508,-3690.490398,"Eriogonum umbellatum",1,1.5,-0.5,1,0,0,0,1,0,0,1.30188679245283,228.5003,842.79585
2016,46,"971*B",154.9172682,-3690.3311766,"Eriogonum umbellatum",1,1.5,-0.5,1,0,0,0,0,1,0,1.30188679245283,221.506416,843.82433
2016,46,"971*C",154.2096497,-3691.7524239,"Eriogonum umbellatum",1,1.5,-0.5,1,0,0,0,0,1,0,1.30188679245283,201.491882,803.37591
2017,46,"971*A",155,-3690,"Eriogonum umbellatum",0,1,-1,0,0,0,0,0,0,1,1.28571428571429,0,0
2014,46,"972*A",160,-3685,"Ivesia gordonii",1,NA,NA,0.5,0,1,1,1,0,0,2.52336448598131,700.7366359,0
2015,46,"972*A",160,-3685,"Ivesia gordonii",2,1,1,1.5,0,0,0,1,0,0,3.0530303030303,710.5320386,0
2016,46,"972*A",160,-3685,"Ivesia gordonii",5,2,3,3,0,0,0,1,0,0,1.30188679245283,1086.86332336,0
2017,46,"972*A",160,-3685,"Ivesia gordonii",0,5,-5,0,0,0,0,0,0,1,1.28571428571429,0,0
2014,46,"973*A",135,-3675,"Carex siccata",16,NA,NA,15,0,0,NA,1,0,0,2.52336448598131,893.30962,12.561509
2015,46,"973*A",135,-3675,"Carex siccata",8,16,-8,8,0,0,0,1,0,0,3.0530303030303,960.67459,27.78511
2016,46,"973*A",135,-3675,"Carex siccata",0,8,-8,0,0,0,0,1,0,0,1.30188679245283,0,0
2017,46,"973*A",135,-3675,"Carex siccata",26,0,26,12,0,0,0,1,0,0,1.28571428571429,755.471372751909,42.6334739891813
2018,46,"973*A",135,-3675,"Carex siccata",0,26,-26,0,0,0,0,0,0,1,1.12213740458015,0,0
2014,46,"974*A",176,-3684,"Heterotheca villosa",37,NA,NA,5,34,0,NA,1,0,0,2.52336448598131,502.38447394,73.30238361
2015,46,"974*A",176,-3684,"Heterotheca villosa",37,37,0,5,20,0,0,1,0,0,3.0530303030303,522.706754646,78.20988447
2016,46,"974*A",176,-3684,"Heterotheca villosa",44,37,7,10,61,0,0,1,0,0,1.30188679245283,585.961988399,146.29881073
2017,46,"974*A",176,-3684,"Heterotheca villosa",14.6,44,-29.4,10,25,0,0,1,0,0,1.28571428571429,557.694878535637,77.4482458976349
2018,46,"974*A",176,-3684,"Heterotheca villosa",11,14.6,-3.6,2,0,0,0,1,0,0,1.12213740458015,451.793470021192,12.530728975752
2019,46,"974*A",176,-3684,"Heterotheca villosa",16,11,5,6,3,0,0,1,0,0,0.5,529.729676277314,3.51562500000005
2014,46,"975*A",165,-3680,"Heterotheca villosa",1,NA,NA,0.5,0,1,1,1,0,0,2.52336448598131,700,100
2015,46,"975*A",165,-3680,"Heterotheca villosa",1,1,0,0.5,0,0,0,1,0,0,3.0530303030303,700,107.708027
2016,46,"975*A",165,-3680,"Heterotheca villosa",1,1,0,1,0,0,0,1,0,0,1.30188679245283,785.8696975,300
2017,46,"975*A",165,-3680,"Heterotheca villosa",0,1,-1,0,0,0,0,0,0,1,1.28571428571429,0,0
2014,46,"976*A",130,-3670,"Carex siccata",6,NA,NA,10,0,0,NA,1,0,0,2.52336448598131,752.01329,43.8225
2015,46,"976*A",130,-3670,"Carex siccata",14,6,8,10,0,0,0,1,0,0,3.0530303030303,820.1356524,9.072688
2016,46,"976*A",130,-3670,"Carex siccata",17,14,3,13,0,0,0,1,0,0,1.30188679245283,975.24902,0
2017,46,"976*A",130,-3670,"Carex siccata",20,17,3,13,1,0,0,1,0,0,1.28571428571429,732.148503654617,72.0505710417164
2018,46,"976*A",130,-3670,"Carex siccata",0,20,-20,0,0,0,0,0,0,1,1.12213740458015,0,0
2014,46,"977*A",135,-3668,"Carex siccata",6,NA,NA,13,0,0,NA,1,0,0,2.52336448598131,778.10498,45.50379
2015,46,"977*A",135,-3668,"Carex siccata",0,6,-6,0,0,0,0,0,0,1,3.0530303030303,0,0
2014,46,"978*A",145,-3680,"Eriogonum umbellatum",0.5,NA,NA,1,0,0,NA,1,0,0,2.52336448598131,400,600
2015,46,"978*A",145,-3680,"Eriogonum umbellatum",0,0.5,-0.5,0,0,0,0,0,0,1,3.0530303030303,0,0
2014,46,"979*A",184,-3677,"Heterotheca villosa",13,NA,NA,4,4,0,NA,1,0,0,2.52336448598131,430.85175091,113.255895
2015,46,"979*A",184,-3677,"Heterotheca villosa",15,13,2,4,1,0,0,1,0,0,3.0530303030303,477.22133684,128.4033508
2016,46,"979*A",184,-3677,"Heterotheca villosa",25,15,10,5,2,0,0,1,0,0,1.30188679245283,581.62977024,171.4745451
2017,46,"979*A",184,-3677,"Heterotheca villosa",15,25,-10,4,0,0,0,1,0,0,1.28571428571429,485.750901049534,81.4736595412358
2018,46,"979*A",184,-3677,"Heterotheca villosa",2.5,15,-12.5,3,0,0,0,1,0,0,1.12213740458015,462.887109814632,98.5949129705542
2019,46,"979*A",184,-3677,"Heterotheca villosa",0,2.5,-2.5,0,0,0,0,1,0,0,0.5,0,0
2014,10,"98*A",1655,-530,"Lupinus argenteus",11,NA,NA,6,0,0,NA,1,0,0,2.52336448598131,0,114.92915394834
2015,10,"98*A",1655,-530,"Lupinus argenteus",15,11,4,8,1,0,0,1,0,0,3.0530303030303,0,111.3133349077
2016,10,"98*A",1655,-530,"Lupinus argenteus",6.6,15,-8.4,6.6,0,0,0,1,0,0,1.30188679245283,0,75.7305610308277
2017,10,"98*A",1655,-530,"Lupinus argenteus",5,6.6,-1.6,3,0,0,0,1,0,0,1.28571428571429,0,21.4233492608872
2018,10,"98*A",1655,-530,"Lupinus argenteus",5.5,5,0.5,4,0,0,0,1,0,0,1.12213740458015,0,9.79899446882488
2019,10,"98*A",1655,-530,"Lupinus argenteus",0,5.5,-5.5,0,0,0,0,0,0,1,0.5,0,0
2014,46,"980*A",190,-3675,"Eriogonum umbellatum",0.5,NA,NA,0.5,0,0,NA,1,0,0,2.52336448598131,200,309.133809
2015,46,"980*A",190,-3675,"Eriogonum umbellatum",2,0.5,1.5,0.5,0,0,0,1,0,0,3.0530303030303,256.6008071,400
2016,46,"980*A",190,-3675,"Eriogonum umbellatum",0,2,-2,0,0,0,0,0,0,1,1.30188679245283,0,0
2014,46,"981*A",191,-3679,"Arenaria congesta",1,NA,NA,1,0,1,1,1,0,0,2.52336448598131,518.2059,0
2015,46,"981*A",191,-3679,"Arenaria congesta",5.5,1,4.5,4,0,0,0,1,0,0,3.0530303030303,666.4313684,0
2016,46,"981*A",191,-3679,"Arenaria congesta",7,5.5,1.5,6,8,0,0,1,0,0,1.30188679245283,624.574336,0
2017,46,"981*A",191,-3679,"Arenaria congesta",0,7,-7,0,0,0,0,1,0,0,1.28571428571429,0,0
2018,46,"981*A",191,-3679,"Arenaria congesta",11,0,11,5,9,0,0,1,0,0,1.12213740458015,426.312469367387,0
2019,46,"981*A",191,-3679,"Arenaria congesta",25,11,14,12,23,0,0,1,0,0,0.5,484.420237184829,2.76300122899629
2014,46,"982*A",194,-3675,"Ivesia gordonii",1,NA,NA,1,0,1,1,1,0,0,2.52336448598131,500,0
2015,46,"982*A",194,-3675,"Ivesia gordonii",2.5,1,1.5,5,0,0,0,1,0,0,3.0530303030303,655.43095,0
2016,46,"982*A",194,-3675,"Ivesia gordonii",4.5,2.5,2,3,0,0,0,1,0,0,1.30188679245283,545.04349295376,0
2017,46,"982*A",194,-3675,"Ivesia gordonii",5,4.5,0.5,4,3,0,0,1,0,0,1.28571428571429,424.384186912538,0
2018,46,"982*A",194,-3675,"Ivesia gordonii",7,5,2,4.5,1,0,0,1,0,0,1.12213740458015,384.285156626717,0
2019,46,"982*A",194,-3675,"Ivesia gordonii",6,7,-1,6.5,0,0,0,1,0,0,0.5,473.161019230347,0
2014,46,"983*A",195,-3650,"Carex siccata",7,NA,NA,11,0,0,NA,1,0,0,2.52336448598131,448.138318,30.46408
2015,46,"983*A",195,-3650,"Carex siccata",0,7,-7,0,0,0,0,0,0,1,3.0530303030303,0,0
2014,46,"984*A",200,-3650,"Carex siccata",10,NA,NA,7,0,0,NA,1,0,0,2.52336448598131,399.99653,29.85308
2015,46,"984*A",200,-3650,"Carex siccata",17,10,7,13,0,0,0,1,0,0,3.0530303030303,485.0105652,81.4644
2016,46,"984*A",200,-3650,"Carex siccata",13,17,-4,7,3,0,0,1,0,0,1.30188679245283,564.65769,63.29818
2017,46,"984*A",200,-3650,"Carex siccata",0,13,-13,0,0,0,0,1,0,0,1.28571428571429,0,0
2018,46,"984*A",200,-3650,"Carex siccata",10,0,10,11,1,0,0,1,0,0,1.12213740458015,300,0
2019,46,"984*A",200,-3650,"Carex siccata",14,10,4,12,0,0,0,1,0,0,0.5,307.161094537362,0
2014,46,"985*A",185,-3655,"Heterotheca villosa",9,NA,NA,3,0,0,NA,1,0,0,2.52336448598131,408.365132,132.76948
2015,46,"985*A",185,-3655,"Heterotheca villosa",8,9,-1,5,0,0,0,1,0,0,3.0530303030303,467.37363628,153.23223
2016,46,"985*A",185,-3655,"Heterotheca villosa",14,8,6,5,2,0,0,1,0,0,1.30188679245283,519.6927661,223.623668
2017,46,"985*A",185,-3655,"Heterotheca villosa",6,14,-8,4,0,0,0,1,0,0,1.28571428571429,478.376390883761,40.372410788451
2018,46,"985*A",185,-3655,"Heterotheca villosa",0,6,-6,0,0,0,0,0,0,1,1.12213740458015,0,0
2014,46,"986*A",180,-3660,"Senecio crassulus",6,NA,NA,14,2,0,NA,1,0,0,2.52336448598131,721.89332,0
2015,46,"986*A",180,-3660,"Senecio crassulus",13,6,7,11,0,0,0,1,0,0,3.0530303030303,719.9306651,0.06748081
2016,46,"986*A",180,-3660,"Senecio crassulus",16,13,3,18,4,0,0,1,0,0,1.30188679245283,914.895494,10.742586
2017,46,"986*A",180,-3660,"Senecio crassulus",11,16,-5,10,0,0,0,1,0,0,1.28571428571429,662.173828152281,21.1756233535122
2018,46,"986*A",180,-3660,"Senecio crassulus",0,11,-11,0,0,0,0,0,0,1,1.12213740458015,0,0
2014,46,"987*A",180,-3659,"Heterotheca villosa",4,NA,NA,3,0,0,NA,1,0,0,2.52336448598131,462.538937,215.64772
2015,46,"987*A",180,-3659,"Heterotheca villosa",5,4,1,3,0,0,0,1,0,0,3.0530303030303,540.2034497,228.209324
2016,46,"987*A",180,-3659,"Heterotheca villosa",0,5,-5,0,0,0,0,0,0,1,1.30188679245283,0,0
2014,46,"988*A",180.5,-3654.5,"Agoseris glauca",6,NA,NA,5,0,0,NA,1,0,0,2.52336448598131,659.55377,0
2015,46,"988*A",180.5,-3654.5,"Agoseris glauca",4,6,-2,3,0,0,0,1,0,0,3.0530303030303,800,0
2016,46,"988*A",180.5,-3654.5,"Agoseris glauca",8,4,4,4,1,0,0,1,0,0,1.30188679245283,974.88897,45.55615
2017,46,"988*A",180.5,-3654.5,"Agoseris glauca",3,8,-5,4.5,0,0,0,1,0,0,1.28571428571429,800,0
2018,46,"988*A",180.5,-3654.5,"Agoseris glauca",0,3,-3,0,0,0,0,0,0,1,1.12213740458015,0,0
2014,46,"989*A",175,-3670,"Heterotheca villosa",3,NA,NA,1,0,0,NA,1,0,0,2.52336448598131,473.48316,200
2015,46,"989*A",175,-3670,"Heterotheca villosa",6,3,3,2,0,0,0,1,0,0,3.0530303030303,498.93951,202.285727
2016,46,"989*A",175,-3670,"Heterotheca villosa",6,6,0,3,0,0,0,1,0,0,1.30188679245283,599.9420407,270.11905
2017,46,"989*A",175,-3670,"Heterotheca villosa",5.5,6,-0.5,3,0,0,0,1,0,0,1.28571428571429,535.793851579639,185.843987812136
2018,46,"989*A",175,-3670,"Heterotheca villosa",0,5.5,-5.5,0,0,0,0,0,0,1,1.12213740458015,0,0
2017,10,"99*A",1655,-540,"Lupinus argenteus",4.5,NA,NA,4.5,0,0,1,1,0,0,1.28571428571429,0,0
2018,10,"99*A",1655,-540,"Lupinus argenteus",0,4.5,-4.5,0,0,0,0,0,0,1,1.12213740458015,0,0
2014,10,"99-old*A",1655,-540,"Lupinus argenteus",12,NA,NA,9,1,0,NA,1,0,0,2.52336448598131,0,166.586666032744
2015,10,"99-old*A",1655,-540,"Lupinus argenteus",0,12,-12,0,0,0,0,0,0,1,3.0530303030303,0,0
2014,46,"990*A",160,-3676,"Achnatherum lettermanii",2,NA,NA,2,0,0,NA,1,0,0,2.52336448598131,900,0
2015,46,"990*A",160,-3676,"Achnatherum lettermanii",3,2,1,5.5,0,0,0,1,0,0,3.0530303030303,800,0
2016,46,"990*A",160,-3676,"Achnatherum lettermanii",12,3,9,7,1,0,0,1,0,0,1.30188679245283,1123.5826674,0
2017,46,"990*A",160,-3676,"Achnatherum lettermanii",16,12,4,8,3,0,0,1,0,0,1.28571428571429,847.606482965998,0
2018,46,"990*A",160,-3676,"Achnatherum lettermanii",13,16,-3,10.5,3,0,0,1,0,0,1.12213740458015,591.178347770199,0
2019,46,"990*A",160,-3676,"Achnatherum lettermanii",13,13,0,11,0,0,0,1,0,0,0.5,707.176829629031,0
2014,46,"991*A",147,-3672,"Eriogonum umbellatum",12,NA,NA,2,7,0,NA,1,0,0,2.52336448598131,234.9527214,483.5828471
2015,46,"991*A",147,-3672,"Eriogonum umbellatum",13,12,1,3,4,0,0,1,0,0,3.0530303030303,217.47658317,488.165406
2016,46,"991*A",147,-3672,"Eriogonum umbellatum",20,13,7,3,8,0,0,1,0,0,1.30188679245283,307.15068836,491.26467703
2017,46,"991*A",147,-3672,"Eriogonum umbellatum",18,20,-2,3,7,0,0,1,0,0,1.28571428571429,179.369761188124,472.825748393266
2018,46,"991*A",147,-3672,"Eriogonum umbellatum",15,18,-3,3,8,0,0,1,0,0,1.12213740458015,48.6160809443664,423.62917960256
2019,46,"991*A",147,-3672,"Eriogonum umbellatum",17,15,2,3,3,0,0,1,0,0,0.5,80.1037539202293,442.066549165874
2014,46,"992*A",178,-3649,"Eriogonum umbellatum",70,NA,NA,3,54,0,NA,1,0,0,2.52336448598131,148.9603524456,321.31973127
2015,46,"992*A",178,-3649,"Eriogonum umbellatum",68,70,-2,3,24,0,0,1,0,0,3.0530303030303,169.6118002742,334.50667718
2016,46,"992*A",178,-3649,"Eriogonum umbellatum",65,68,-3,2,9,0,0,1,0,0,1.30188679245283,230.716975463525,348.97428508
2017,46,"992*A",178,-3649,"Eriogonum umbellatum",79,65,14,3,50,0,0,1,0,0,1.28571428571429,97.1133811419832,342.987726779028
2018,46,"992*A",178,-3649,"Eriogonum umbellatum",90,79,11,3,61,0,0,1,0,0,1.12213740458015,44.0688872950477,311.655153213935
2019,46,"992*A",178,-3649,"Eriogonum umbellatum",92,90,2,4,11,0,0,1,0,0,0.5,52.6827897962265,309.194140537624
2014,46,"993*A",190,-3635,"Agoseris glauca",10,NA,NA,7,2,0,NA,1,0,0,2.52336448598131,356.62218,0
2015,46,"993*A",190,-3635,"Agoseris glauca",7,10,-3,4,1,0,0,1,0,0,3.0530303030303,400,0
2016,46,"993*A",190,-3635,"Agoseris glauca",3,7,-4,3,2,0,0,1,0,0,1.30188679245283,458.82485,0
2017,46,"993*A",190,-3635,"Agoseris glauca",4.5,3,1.5,5,0,0,0,1,0,0,1.28571428571429,375.668940456886,0
2018,46,"993*A",190,-3635,"Agoseris glauca",4,4.5,-0.5,4,0,0,0,1,0,0,1.12213740458015,366.393323717539,0
2019,46,"993*A",190,-3635,"Agoseris glauca",4,4,0,6,0,0,0,1,0,0,0.5,411.737935301885,0
2014,46,"994*A",180,-3630,"Ivesia gordonii",2,NA,NA,2,0,0,NA,1,0,0,2.52336448598131,503.650049,0
2015,46,"994*A",180,-3630,"Ivesia gordonii",4,2,2,2,0,0,0,1,0,0,3.0530303030303,518.8739192,0
2016,46,"994*A",180,-3630,"Ivesia gordonii",4,4,0,4,0,0,0,1,0,0,1.30188679245283,826.63064,0
2017,46,"994*A",180,-3630,"Ivesia gordonii",0,4,-4,0,0,0,0,0,0,1,1.28571428571429,0,0
2014,46,"995*A",190,-3625,"Senecio crassulus",8,NA,NA,9,0,0,NA,1,0,0,2.52336448598131,317.4882,0
2015,46,"995*A",190,-3625,"Senecio crassulus",7,8,-1,19,0,0,0,1,0,0,3.0530303030303,399.24264837,0
2016,46,"995*A",190,-3625,"Senecio crassulus",0,7,-7,0,0,0,0,0,0,1,1.30188679245283,0,0
2014,46,"996*A",165,-3640,"Heterotheca villosa",4,NA,NA,3,0,0,NA,1,0,0,2.52336448598131,488.9936972,215.21285
2015,46,"996*A",165,-3640,"Heterotheca villosa",4,4,0,4,0,0,0,1,0,0,3.0530303030303,546.10181,148.4516464
2016,46,"996*A",165,-3640,"Heterotheca villosa",10,4,6,6,3,0,0,1,0,0,1.30188679245283,685.34541398,286.01681
2017,46,"996*A",165,-3640,"Heterotheca villosa",4,10,-6,3,0,0,0,1,0,0,1.28571428571429,557.284422853887,136.716753237154
2018,46,"996*A",165,-3640,"Heterotheca villosa",0,4,-4,0,0,0,0,0,0,1,1.12213740458015,0,0
2014,46,"997*A",155,-3640,"Heterotheca villosa",12,NA,NA,6,1,0,NA,1,0,0,2.52336448598131,455.4652712,134.23305
2015,46,"997*A",155,-3640,"Heterotheca villosa",13,12,1,7,0,0,0,1,0,0,3.0530303030303,493.0768092,107.275416
2016,46,"997*A",155,-3640,"Heterotheca villosa",22,13,9,10,8,0,0,1,0,0,1.30188679245283,602.6372476316,180.36668063
2017,46,"997*A",155,-3640,"Heterotheca villosa",25,22,3,7,11,0,0,1,0,0,1.28571428571429,507.717994085042,65.0432771208058
2018,46,"997*A",155,-3640,"Heterotheca villosa",0,25,-25,0,0,0,0,0,0,1,1.12213740458015,0,0
2014,46,"998*A",155,-3630,"Senecio crassulus",6,NA,NA,14,3,0,NA,1,0,0,2.52336448598131,600,0
2015,46,"998*A",155,-3630,"Senecio crassulus",13,6,7,7,0,0,0,1,0,0,3.0530303030303,555.13267,0
2016,46,"998*A",155,-3630,"Senecio crassulus",12,13,-1,12,8,0,0,1,0,0,1.30188679245283,779.652224,45.36368
2017,46,"998*A",155,-3630,"Senecio crassulus",9,12,-3,4,0,0,0,1,0,0,1.28571428571429,595.382121200294,43.5141528971449
2018,46,"998*A",155,-3630,"Senecio crassulus",0,9,-9,0,0,0,0,0,0,1,1.12213740458015,0,0
2014,46,"999*A",155,-3659,"Elymus lanceolatus",12,NA,NA,26,1,0,NA,1,0,0,2.52336448598131,732.641013,2.092761
2015,46,"999*A",155,-3659,"Elymus lanceolatus",11,12,-1,12,0,0,0,1,0,0,3.0530303030303,720.418589,0
2016,46,"999*A",155,-3659,"Elymus lanceolatus",17,11,6,23,3,0,0,1,0,0,1.30188679245283,868.01044328,23.91321
2017,46,"999*A",155,-3659,"Elymus lanceolatus",19,17,2,25,3,0,0,1,0,0,1.28571428571429,712.828611539581,0
2018,46,"999*A",155,-3659,"Elymus lanceolatus",19,19,0,24,5,0,0,1,0,0,1.12213740458015,501.584757633615,85.2837830960337
2019,46,"999*A",155,-3659,"Elymus lanceolatus",27,19,8,25,3,0,0,1,0,0,0.5,514.016761821614,47.7754878214711
