Year,Plot,Tag,Taxon,X..cm.,Y..cm.,Tag.offset.x,Tag.offset.y,Length..cm.,Height..cm.,X..Capitulescences,Is.seedling,Died.this.census.final,Length..cm..prev,Growth,Survival,Is.recruit
2014,1,1*A,Ivesia gordonii,20,100,-10,-10,1,1,0,1,0,NA,NA,1,1
2015,1,1*A,Ivesia gordonii,20,100,-10,-10,1.4,2,0,0,0,1,0.4,1,0
2016,1,1*A,Ivesia gordonii,20,100,-10,-10,2,4.5,0,0,0,1.4,0.6,1,0
2017,1,1*A,Ivesia gordonii,20,100,-10,-10,0,0,0,0,1,2,-2,0,0
2014,1,10*A,Ivesia gordonii,185,94,-10,0,5,2,0,0,0,NA,NA,1,NA
2015,1,10*A,Ivesia gordonii,185,94,-10,0,0,0,0,0,1,5,-5,0,0
2014,10,100*A,Lupinus argenteus,70,60,-10,-10,8,7,1,0,0,NA,NA,1,NA
2015,10,100*A,Lupinus argenteus,70,60,-10,-10,27.5,12.5,1,0,0,8,19.5,1,0
2016,10,100*A,Lupinus argenteus,70,60,-10,-10,13.5,8,1,0,0,27.5,-14,1,0
2017,10,100*A,Lupinus argenteus,70,60,-10,-10,0,0,0,0,1,13.5,-13.5,0,0
2014,46,1000*A,Agoseris glauca,170,155,-10,-10,2,1,0,0,0,NA,NA,1,NA
2015,46,1000*A,Agoseris glauca,170,155,-10,-10,3,4,0,0,0,2,1,1,0
2016,46,1000*A,Agoseris glauca,170,155,-10,-10,0,0,0,0,1,3,-3,0,0
2014,46,1001*A,Elymus lanceolatus,165,165,0,-5,6,7,0,0,0,NA,NA,1,NA
2015,46,1001*A,Elymus lanceolatus,165,165,0,-5,6,14,0,0,0,6,0,1,0
2016,46,1001*A,Elymus lanceolatus,165,165,0,-5,11,16,1,0,0,6,5,1,0
2017,46,1001*A,Elymus lanceolatus,165,165,0,-5,0,0,0,0,1,11,-11,0,0
2014,46,1002*A,Elymus lanceolatus,160,149,0,-1,7,12,0,0,0,NA,NA,1,NA
2015,46,1002*A,Elymus lanceolatus,160,149,0,-1,6,11,0,0,0,7,-1,1,0
2016,46,1002*A,Elymus lanceolatus,160,149,0,-1,13,20,1,0,0,6,7,1,0
2017,46,1002*A,Elymus lanceolatus,160,149,0,-1,0,0,0,0,0,13,-13,1,0
2018,46,1002*A,Elymus lanceolatus,160,149,0,-1,30,24,4,0,0,0,30,1,0
2019,46,1002*A,Elymus lanceolatus,160,149,0,-1,22,26,3,0,0,30,-8,1,0
2020,46,1002*A,Elymus lanceolatus,160,149,0,-1,12,15.5,0,0,0,22,-10,1,0
2021,46,1002*A,Elymus lanceolatus,160,149,0,-1,8,11,0,0,0,12,-4,1,0
2014,46,1003*A,Carex siccata,170,165,-10,-10,6,18,0,0,0,NA,NA,1,NA
2015,46,1003*A,Carex siccata,170,165,-10,-10,15,13,1,0,0,6,9,1,0
2016,46,1003*A,Carex siccata,170,165,-10,-10,13,9,0,0,0,15,-2,1,0
2017,46,1003*A,Carex siccata,170,165,-10,-10,0,0,0,0,1,13,-13,0,0
2014,46,1004*A,Carex siccata,165,170,-10,-10,4,6,0,0,0,NA,NA,1,NA
2015,46,1004*A,Carex siccata,165,170,-10,-10,8,10,0,0,0,4,4,1,0
2016,46,1004*A,Carex siccata,165,170,-10,-10,11,14,0,0,0,8,3,1,0
2017,46,1004*A,Carex siccata,165,170,-10,-10,0,0,0,0,1,11,-11,0,0
2014,46,1006*A,Carex siccata,180,170,0,0,6,10,0,0,0,NA,NA,1,NA
2015,46,1006*A,Carex siccata,180,170,0,0,9,9,0,0,0,6,3,1,0
2016,46,1006*A,Carex siccata,180,170,0,0,18,12,0,0,0,9,9,1,0
2017,46,1006*A,Carex siccata,180,170,0,0,0,0,0,0,1,18,-18,0,0
2014,46,1007*A,Elymus lanceolatus,170,168,-10,-10,15,21,4,0,0,NA,NA,1,NA
2015,46,1007*A,Elymus lanceolatus,170,168,-10,-10,19,17,0,0,0,15,4,1,0
2016,46,1007*A,Elymus lanceolatus,170,168,-10,-10,24,28,7,0,0,19,5,1,0
2017,46,1007*A,Elymus lanceolatus,170,168,-10,-10,7,8,0,0,0,24,-17,1,0
2018,46,1007*A,Elymus lanceolatus,170,168,-10,-10,21,23,7,0,0,7,14,1,0
2019,46,1007*A,Elymus lanceolatus,170,168,-10,-10,33,25.5,11,0,0,21,12,1,0
2020,46,1007*A,Elymus lanceolatus,170,168,-10,-10,31,19,2,0,0,33,-2,1,0
2021,46,1007*A,Elymus lanceolatus,170,168,-10,-10,29,27,17,0,0,31,-2,1,0
2014,46,1008*A,Carex siccata,185,185,0,2,13,20,2,0,0,NA,NA,1,NA
2015,46,1008*A,Carex siccata,185,185,0,2,16,12,5,0,0,13,3,1,0
2016,46,1008*A,Carex siccata,185,185,0,2,11,17,0,0,0,16,-5,1,0
2017,46,1008*A,Carex siccata,185,185,0,2,14,14,1,0,0,11,3,1,0
2018,46,1008*A,Carex siccata,185,185,0,2,26,18,0,0,0,14,12,1,0
2019,46,1008*A,Carex siccata,185,185,0,2,8,4.5,0,0,0,26,-18,1,0
2020,46,1008*A,Carex siccata,185,185,0,2,0,0,0,0,1,8,-8,0,0
2014,46,1009*A,Carex siccata,180,178,-5,-5,8,14,0,0,0,NA,NA,1,NA
2015,46,1009*A,Carex siccata,180,178,-5,-5,9,17,2,0,0,8,1,1,0
2016,46,1009*A,Carex siccata,180,178,-5,-5,25,16,4,0,0,9,16,1,0
2017,46,1009*A,Carex siccata,180,178,-5,-5,20,8,0,0,0,25,-5,1,0
2018,46,1009*A,Carex siccata,180,178,-5,-5,2,1,0,0,0,20,-18,1,0
2019,46,1009*A,Carex siccata,180,178,-5,-5,5.5,11,0,0,0,2,3.5,1,0
2020,46,1009*A,Carex siccata,180,178,-5,-5,4,9.5,0,0,0,5.5,-1.5,1,0
2021,46,1009*A,Carex siccata,180,178,-5,-5,0,0,0,0,0,4,-4,1,0
2014,10,101*A,Lupinus argenteus,70,45,-10,-10,23,12,7,0,0,NA,NA,1,NA
2015,10,101*A,Lupinus argenteus,70,45,-10,-10,17,11.5,3,0,0,23,-6,1,0
2016,10,101*A,Lupinus argenteus,70,45,-10,-10,15.5,12.5,2,0,0,17,-1.5,1,0
2017,10,101*A,Lupinus argenteus,70,45,-10,-10,0,0,0,0,1,15.5,-15.5,0,0
2014,46,1010*A,Carex siccata,160,180,-10,-10,12,14,1,0,0,NA,NA,1,NA
2015,46,1010*A,Carex siccata,160,180,-10,-10,12,21,0,0,0,12,0,1,0
2016,46,1010*A,Carex siccata,160,180,-10,-10,11,12,0,0,0,12,-1,1,0
2017,46,1010*A,Carex siccata,160,180,-10,-10,9,7,0,0,0,11,-2,1,0
2018,46,1010*A,Carex siccata,160,180,-10,-10,0,0,0,0,1,9,-9,0,0
2014,46,1011*A,Carex siccata,150,185,0,-5,16,11,0,0,0,NA,NA,1,NA
2015,46,1011*A,Carex siccata,150,185,0,-5,17,20,0,0,0,16,1,1,0
2016,46,1011*A,Carex siccata,150,185,0,-5,8,10,0,0,0,17,-9,1,0
2017,46,1011*A,Carex siccata,150,185,0,-5,13,6,0,0,0,8,5,1,0
2018,46,1011*A,Carex siccata,150,185,0,-5,5.5,9,0,0,0,13,-7.5,1,0
2019,46,1011*A,Carex siccata,150,185,0,-5,0,0,0,0,1,5.5,-5.5,0,0
2014,46,1012*A,Ivesia gordonii,155,190,-10,-10,5,4,0,0,0,NA,NA,1,NA
2015,46,1012*A,Ivesia gordonii,155,190,-10,-10,9,6,0,0,0,5,4,1,0
2016,46,1012*A,Ivesia gordonii,155,190,-10,-10,16,7,24,0,0,9,7,1,0
2017,46,1012*A,Ivesia gordonii,155,190,-10,-10,0,0,0,0,1,16,-16,0,0
2014,46,1014*A,Eriogonum umbellatum,100,175,-10,-10,10,1,0,0,0,NA,NA,1,NA
2015,46,1014*A,Eriogonum umbellatum,100,175,-10,-10,10,2,2,0,0,10,0,1,0
2016,46,1014*A,Eriogonum umbellatum,100,175,-10,-10,11,3,2,0,0,10,1,1,0
2017,46,1014*A,Eriogonum umbellatum,100,175,-10,-10,10,2,4,0,0,11,-1,1,0
2018,46,1014*A,Eriogonum umbellatum,100,175,-10,-10,10,1.5,3,0,0,10,0,1,0
2019,46,1014*A,Eriogonum umbellatum,100,175,-10,-10,10,1.5,0,0,0,10,0,1,0
2020,46,1014*A,Eriogonum umbellatum,100,175,-10,-10,9,2.5,3,0,0,10,-1,1,0
2021,46,1014*A,Eriogonum umbellatum,100,175,-10,-10,8.5,1.5,0,0,0,9,-0.5,1,0
2014,46,1015*A,Eriogonum umbellatum,80,175,-10,-10,3,1,0,0,0,NA,NA,1,NA
2015,46,1015*A,Eriogonum umbellatum,80,175,-10,-10,3,2,0,0,0,3,0,1,0
2016,46,1015*A,Eriogonum umbellatum,80,175,-10,-10,3,1.5,0,0,0,3,0,1,0
2017,46,1015*A,Eriogonum umbellatum,80,175,-10,-10,1.5,1.5,0,0,0,3,-1.5,1,0
2018,46,1015*A,Eriogonum umbellatum,80,175,-10,-10,0,0,0,0,1,1.5,-1.5,0,0
2014,46,1017*A,Heterotheca villosa,120,145,-2,-10,40,7,23,0,0,NA,NA,1,NA
2015,46,1017*A,Heterotheca villosa,120,145,-2,-10,35,8,13,0,0,40,-5,1,0
2016,46,1017*A,Heterotheca villosa,120,145,-2,-10,45,8,79,0,0,35,10,1,0
2017,46,1017*A,Heterotheca villosa,120,145,-2,-10,38,6,44,0,0,45,-7,1,0
2018,46,1017*A,Heterotheca villosa,120,145,-2,-10,0,0,0,0,1,38,-38,0,0
2014,46,1018*A,Eriogonum umbellatum,130,135,-10,-2,0.5,0.5,0,0,0,NA,NA,1,NA
2015,46,1018*A,Eriogonum umbellatum,130,135,-10,-2,1,0.5,0,0,0,0.5,0.5,1,0
2016,46,1018*A,Eriogonum umbellatum,130,135,-10,-2,7,2,0,0,0,1,6,1,0
2017,46,1018*A,Eriogonum umbellatum,130,135,-10,-2,1.5,2,0,0,0,7,-5.5,1,0
2018,46,1018*A,Eriogonum umbellatum,130,135,-10,-2,0,0,0,0,1,1.5,-1.5,0,0
2014,46,1019*A,Eriogonum umbellatum,133,143,-10,-10,2,1,0,0,0,NA,NA,1,NA
2015,46,1019*A,Eriogonum umbellatum,133,143,-10,-10,3,1.5,0,0,0,2,1,1,0
2016,46,1019*A,Eriogonum umbellatum,133,143,-10,-10,1.5,1,0,0,0,3,-1.5,1,0
2017,46,1019*A,Eriogonum umbellatum,133,143,-10,-10,2,1,0,0,0,1.5,0.5,1,0
2018,46,1019*A,Eriogonum umbellatum,133,143,-10,-10,2.5,1,0,0,0,2,0.5,1,0
2019,46,1019*A,Eriogonum umbellatum,133,143,-10,-10,0,0,0,0,0,2.5,-2.5,1,0
2020,46,1019*A,Eriogonum umbellatum,133,143,-10,-10,1.8,2,0,0,0,0,1.8,1,0
2021,46,1019*A,Eriogonum umbellatum,133,143,-10,-10,1.8,0.5,0,0,0,1.8,0,1,0
2014,10,102*A,Lupinus argenteus,60,40,-10,-10,8,5,0,0,0,NA,NA,1,NA
2015,10,102*A,Lupinus argenteus,60,40,-10,-10,5,7,0,0,0,8,-3,1,0
2016,10,102*A,Lupinus argenteus,60,40,-10,-10,0,0,0,0,1,5,-5,0,0
2014,46,1020*A,Carex siccata,27,127,-10,-10,14,11,0,0,0,NA,NA,1,NA
2015,46,1020*A,Carex siccata,27,127,-10,-10,15,15,1,0,0,14,1,1,0
2016,46,1020*A,Carex siccata,27,127,-10,-10,10,12,0,0,0,15,-5,1,0
2017,46,1020*A,Carex siccata,27,127,-10,-10,17,8,0,0,0,10,7,1,0
2018,46,1020*A,Carex siccata,27,127,-10,-10,14,12,0,0,0,17,-3,1,0
2019,46,1020*A,Carex siccata,27,127,-10,-10,15,14,0,0,0,14,1,1,0
2020,46,1020*A,Carex siccata,27,127,-10,-10,8.5,7.5,0,0,0,15,-6.5,1,0
2021,46,1020*A,Carex siccata,27,127,-10,-10,11.5,11.5,0,0,0,8.5,3,1,0
2014,46,1021*A,Carex siccata,35,120,-10,-10,11,12,0,0,0,NA,NA,1,NA
2015,46,1021*A,Carex siccata,35,120,-10,-10,10,8,1,0,0,11,-1,1,0
2016,46,1021*A,Carex siccata,35,120,-10,-10,5,7,0,0,0,10,-5,1,0
2017,46,1021*A,Carex siccata,35,120,-10,-10,0,0,0,0,1,5,-5,0,0
2014,46,1022*A,Carex siccata,34,113,-3,-2,17,12,0,0,0,NA,NA,1,NA
2015,46,1022*A,Carex siccata,34,113,-3,-2,16,12,1,0,0,17,-1,1,0
2016,46,1022*A,Carex siccata,34,113,-3,-2,8,12,0,0,0,16,-8,1,0
2017,46,1022*A,Carex siccata,34,113,-3,-2,13,13,0,0,0,8,5,1,0
2018,46,1022*A,Carex siccata,34,113,-3,-2,15,12,0,0,0,13,2,1,0
2019,46,1022*A,Carex siccata,34,113,-3,-2,5,5.5,0,0,0,15,-10,1,0
2020,46,1022*A,Carex siccata,34,113,-3,-2,1.5,4.5,0,0,0,5,-3.5,1,0
2021,46,1022*A,Carex siccata,34,113,-3,-2,0,0,0,0,0,1.5,-1.5,1,0
2014,47,1023*A,Lupinus argenteus,95,55,-10,-10,4,2,0,0,0,NA,NA,1,NA
2015,47,1023*A,Lupinus argenteus,95,55,-10,-10,5.5,3,0,0,0,4,1.5,1,0
2016,47,1023*A,Lupinus argenteus,95,55,-10,-10,0,0,0,0,1,5.5,-5.5,0,0
2014,49,1024*A,Lupinus argenteus,35,108,-10,-10,9,5,0,0,0,NA,NA,1,NA
2015,49,1024*A,Lupinus argenteus,35,108,-10,-10,9,6,0,0,0,9,0,1,0
2016,49,1024*A,Lupinus argenteus,35,108,-10,-10,0,0,0,0,1,9,-9,0,0
2014,49,1025*A,Lupinus argenteus,45,90,-10,-10,11,11,1,0,0,NA,NA,1,NA
2015,49,1025*A,Lupinus argenteus,45,90,-10,-10,7,4,0,0,0,11,-4,1,0
2016,49,1025*A,Lupinus argenteus,45,90,-10,-10,0,0,0,0,1,7,-7,0,0
2014,49,1026*A,Lupinus argenteus,50,95,-10,-10,9,7,0,0,0,NA,NA,1,NA
2015,49,1026*A,Lupinus argenteus,50,95,-10,-10,0,0,0,0,1,9,-9,0,0
2014,49,1027*A,Lupinus argenteus,80,85,-10,-10,11,5,0,0,0,NA,NA,1,NA
2015,49,1027*A,Lupinus argenteus,80,85,-10,-10,0,0,0,0,1,11,-11,0,0
2014,49,1028*A,Lupinus argenteus,95,5,-10,-10,2,2,0,0,0,NA,NA,1,NA
2015,49,1028*A,Lupinus argenteus,95,5,-10,-10,0,0,0,0,1,2,-2,0,0
2014,49,1029*A,Lupinus argenteus,0,108,0,10,14,6,0,0,0,NA,NA,1,NA
2015,49,1029*A,Lupinus argenteus,0,108,0,10,11,8,0,0,0,14,-3,1,0
2016,49,1029*A,Lupinus argenteus,0,108,0,10,0,0,0,0,1,11,-11,0,0
2014,10,103*A,Lupinus argenteus,80,60,-10,-10,8,7,0,0,0,NA,NA,1,NA
2015,10,103*A,Lupinus argenteus,80,60,-10,-10,0,0,0,0,0,8,-8,1,0
2016,10,103*A,Lupinus argenteus,80,60,-10,-10,2.7,6,0,0,0,0,2.7,1,0
2017,10,103*A,Lupinus argenteus,80,60,-10,-10,0,0,0,0,1,2.7,-2.7,0,0
2014,49,1030*A,Lupinus argenteus,160,35,-10,-10,15,5,0,0,0,NA,NA,1,NA
2015,49,1030*A,Lupinus argenteus,160,35,-10,-10,1,1,0,0,0,15,-14,1,0
2016,49,1030*A,Lupinus argenteus,160,35,-10,-10,0,0,0,0,1,1,-1,0,0
2014,49,1031*A,Eriogonum umbellatum,76,151,-10,-10,36,2,29,0,0,NA,NA,1,NA
2015,49,1031*A,Eriogonum umbellatum,76,151,-10,-10,41,2,34,0,0,36,5,1,0
2016,49,1031*A,Eriogonum umbellatum,76,151,-10,-10,37,2,29,0,0,41,-4,1,0
2017,49,1031*A,Eriogonum umbellatum,76,151,-10,-10,37,3,17,0,0,37,0,1,0
2018,49,1031*A,Eriogonum umbellatum,76,151,-10,-10,16,3,2,0,0,37,-21,1,0
2019,49,1031*A,Eriogonum umbellatum,76,151,-10,-10,19,4.9,23,0,0,16,3,1,0
2020,49,1031*A,Eriogonum umbellatum,76,151,-10,-10,22,3,5,0,0,19,3,1,0
2021,49,1031*A,Eriogonum umbellatum,76,151,-10,-10,23.5,2,20,0,0,22,1.5,1,0
2014,49,1032*A,Heterotheca villosa,55,195,-10,-10,28,8,15,0,0,NA,NA,1,NA
2015,49,1032*A,Heterotheca villosa,55,195,-10,-10,29,7,12,0,0,28,1,1,0
2016,49,1032*A,Heterotheca villosa,55,195,-10,-10,12,2,0,0,0,29,-17,1,0
2017,49,1032*A,Heterotheca villosa,55,195,-10,-10,13,6.5,2,0,0,12,1,1,0
2018,49,1032*A,Heterotheca villosa,55,195,-10,-10,0,0,0,0,1,13,-13,0,0
2014,50,1033*A,Ivesia gordonii,5,5,0,-10,16,5,0,0,0,NA,NA,1,NA
2015,50,1033*A,Ivesia gordonii,5,5,0,-10,18,5,31,0,0,16,2,1,0
2016,50,1033*A,Ivesia gordonii,5,5,0,-10,18,6,26,0,0,18,0,1,0
2017,50,1033*A,Ivesia gordonii,5,5,0,-10,0,0,0,0,1,18,-18,0,0
2014,50,1034*A,Ivesia gordonii,10,15,10,0,12,3,0,0,0,NA,NA,1,NA
2015,50,1034*A,Ivesia gordonii,10,15,10,0,15,3,11,0,0,12,3,1,0
2016,50,1034*A,Ivesia gordonii,10,15,10,0,14,5,29,0,0,15,-1,1,0
2017,50,1034*A,Ivesia gordonii,10,15,10,0,9,3,0,0,0,14,-5,1,0
2018,50,1034*A,Ivesia gordonii,10,15,10,0,0,0,0,0,1,9,-9,0,0
2014,50,1035*A,Eriogonum umbellatum,15,3,-10,-10,7,1,0,0,0,NA,NA,1,NA
2015,50,1035*A,Eriogonum umbellatum,15,3,-10,-10,9,2,2,0,0,7,2,1,0
2016,50,1035*A,Eriogonum umbellatum,15,3,-10,-10,12,3,1,0,0,9,3,1,0
2017,50,1035*A,Eriogonum umbellatum,15,3,-10,-10,11,2,2,0,0,12,-1,1,0
2018,50,1035*A,Eriogonum umbellatum,15,3,-10,-10,10,1,0,0,0,11,-1,1,0
2019,50,1035*A,Eriogonum umbellatum,15,3,-10,-10,4.3,2.5,0,0,0,10,-5.7,1,0
2020,50,1035*A,Eriogonum umbellatum,15,3,-10,-10,7,2,0,0,0,4.3,2.7,1,0
2021,50,1035*A,Eriogonum umbellatum,15,3,-10,-10,9,1.5,0,0,0,7,2,1,0
2014,50,1036*A,Heterotheca villosa,21,2,0,10,6,5,1,0,0,NA,NA,1,NA
2015,50,1036*A,Heterotheca villosa,21,2,0,10,4,1.5,0,0,0,6,-2,1,0
2016,50,1036*A,Heterotheca villosa,21,2,0,10,0,0,0,0,1,4,-4,0,0
2014,50,1037*A,Ivesia gordonii,23,1,0,10,7,3,0,0,0,NA,NA,1,NA
2015,50,1037*A,Ivesia gordonii,23,1,0,10,9,4,1,0,0,7,2,1,0
2016,50,1037*A,Ivesia gordonii,23,1,0,10,14,5,7,0,0,9,5,1,0
2017,50,1037*A,Ivesia gordonii,23,1,0,10,9,4,11,0,0,14,-5,1,0
2018,50,1037*A,Ivesia gordonii,23,1,0,10,0,0,0,0,1,9,-9,0,0
2014,50,1038*A,Ivesia gordonii,27,3,0,10,3,3,0,0,0,NA,NA,1,NA
2015,50,1038*A,Ivesia gordonii,27,3,0,10,9,5,1,0,0,3,6,1,0
2016,50,1038*A,Ivesia gordonii,27,3,0,10,13,5.5,22,0,0,9,4,1,0
2017,50,1038*A,Ivesia gordonii,27,3,0,10,10,4,0,0,0,13,-3,1,0
2018,50,1038*A,Ivesia gordonii,27,3,0,10,0,0,0,0,1,10,-10,0,0
2014,50,1039*A,Ivesia gordonii,52,15,-10,-10,20,4,0,0,0,NA,NA,1,NA
2015,50,1039*A,Ivesia gordonii,52,15,-10,-10,22,6,6,0,0,20,2,1,0
2016,50,1039*A,Ivesia gordonii,52,15,-10,-10,24,9,15,0,0,22,2,1,0
2017,50,1039*A,Ivesia gordonii,52,15,-10,-10,19,7,26,0,0,24,-5,1,0
2018,50,1039*A,Ivesia gordonii,52,15,-10,-10,0,0,0,0,1,19,-19,0,0
2014,10,104*A,Lupinus argenteus,95,50,-10,-10,11,10,2,0,0,NA,NA,1,NA
2015,10,104*A,Lupinus argenteus,95,50,-10,-10,14,8.5,2,0,0,11,3,1,0
2016,10,104*A,Lupinus argenteus,95,50,-10,-10,15.5,10,2,0,0,14,1.5,1,0
2017,10,104*A,Lupinus argenteus,95,50,-10,-10,0,0,0,0,1,15.5,-15.5,0,0
2014,50,1040*A,Heterotheca villosa,57,8,-10,-10,1,1,0,0,0,NA,NA,1,NA
2015,50,1040*A,Heterotheca villosa,57,8,-10,-10,4,2,0,0,0,1,3,1,0
2016,50,1040*A,Heterotheca villosa,57,8,-10,-10,9,3,2,0,0,4,5,1,0
2017,50,1040*A,Heterotheca villosa,57,8,-10,-10,11,4,7,0,0,9,2,1,0
2018,50,1040*A,Heterotheca villosa,57,8,-10,-10,0,0,0,0,1,11,-11,0,0
2014,50,1041*A,Ivesia gordonii,60,25,0,-10,10,4,1,0,0,NA,NA,1,NA
2015,50,1041*A,Ivesia gordonii,60,25,0,-10,12,4,2,0,0,10,2,1,0
2016,50,1041*A,Ivesia gordonii,60,25,0,-10,16,6,14,0,0,12,4,1,0
2017,50,1041*A,Ivesia gordonii,60,25,0,-10,11,5,10,0,0,16,-5,1,0
2018,50,1041*A,Ivesia gordonii,60,25,0,-10,0,0,0,0,1,11,-11,0,0
2014,50,1042*A,Eriogonum umbellatum,50,50,-10,-10,15,2,1,0,0,NA,NA,1,NA
2015,50,1042*A,Eriogonum umbellatum,50,50,-10,-10,11,2,1,0,0,15,-4,1,0
2016,50,1042*A,Eriogonum umbellatum,50,50,-10,-10,2.5,2,0,0,0,11,-8.5,1,0
2017,50,1042*A,Eriogonum umbellatum,50,50,-10,-10,0,0,0,0,1,2.5,-2.5,0,0
2014,50,1043*A,Ivesia gordonii,98,5,0,10,12,3,1,0,0,NA,NA,1,NA
2015,50,1043*A,Ivesia gordonii,98,5,0,10,17,5,13,0,0,12,5,1,0
2016,50,1043*A,Ivesia gordonii,98,5,0,10,12,10,0,0,0,17,-5,1,0
2017,50,1043*A,Ivesia gordonii,98,5,0,10,10.5,5,0,0,0,12,-1.5,1,0
2018,50,1043*A,Ivesia gordonii,98,5,0,10,0,0,0,0,1,10.5,-10.5,0,0
2014,50,1044*A,Ivesia gordonii,100,8,0,10,6,2,0,0,0,NA,NA,1,NA
2015,50,1044*A,Ivesia gordonii,100,8,0,10,8,5,1,0,0,6,2,1,0
2016,50,1044*A,Ivesia gordonii,100,8,0,10,0,0,0,0,1,8,-8,0,0
2014,50,1045*A,Ivesia gordonii,110,5,0,10,12,5,0,0,0,NA,NA,1,NA
2015,50,1045*A,Ivesia gordonii,110,5,0,10,9,3,7,0,0,12,-3,1,0
2016,50,1045*A,Ivesia gordonii,110,5,0,10,0,0,0,0,1,9,-9,0,0
2014,50,1046*A,Heterotheca villosa,165,40,-10,-10,10,4,2,0,0,NA,NA,1,NA
2015,50,1046*A,Heterotheca villosa,165,40,-10,-10,18,4,2,0,0,10,8,1,0
2016,50,1046*A,Heterotheca villosa,165,40,-10,-10,20,6,11,0,0,18,2,1,0
2017,50,1046*A,Heterotheca villosa,165,40,-10,-10,0,0,0,0,1,20,-20,0,0
2014,50,1047*A,Eriogonum umbellatum,163,57,-5,-5,37,2,3,0,0,NA,NA,1,NA
2015,50,1047*A,Eriogonum umbellatum,163,57,-5,-5,36,2,0,0,0,37,-1,1,0
2016,50,1047*A,Eriogonum umbellatum,163,57,-5,-5,27,4,4,0,0,36,-9,1,0
2017,50,1047*A,Eriogonum umbellatum,163,57,-5,-5,22.5,2.5,2,0,0,27,-4.5,1,0
2018,50,1047*A,Eriogonum umbellatum,163,57,-5,-5,8.5,1.5,0,0,0,22.5,-14,1,0
2019,50,1047*A,Eriogonum umbellatum,163,57,-5,-5,6,5.5,0,0,0,8.5,-2.5,1,0
2020,50,1047*A,Eriogonum umbellatum,163,57,-5,-5,3.5,3.5,0,0,0,6,-2.5,1,0
2021,50,1047*A,Eriogonum umbellatum,163,57,-5,-5,4,4,0,0,0,3.5,0.5,1,0
2014,50,1048*A,Elymus lanceolatus,167,82,-10,-10,12,18,7,0,0,NA,NA,1,NA
2015,50,1048*A,Elymus lanceolatus,167,82,-10,-10,20,12,2,0,0,12,8,1,0
2016,50,1048*A,Elymus lanceolatus,167,82,-10,-10,20,20,9,0,0,20,0,1,0
2017,50,1048*A,Elymus lanceolatus,167,82,-10,-10,20,13,3,0,0,20,0,1,0
2018,50,1048*A,Elymus lanceolatus,167,82,-10,-10,16,13.5,7,0,0,20,-4,1,0
2019,50,1048*A,Elymus lanceolatus,167,82,-10,-10,23,17.5,5,0,0,16,7,1,0
2020,50,1048*A,Elymus lanceolatus,167,82,-10,-10,0,0,0,0,1,23,-23,0,0
2014,50,1049*A,Eriogonum umbellatum,10,185,-10,-10,38,2,9,0,0,NA,NA,1,NA
2015,50,1049*A,Eriogonum umbellatum,10,185,-10,-10,38,3,51,0,0,38,0,1,0
2016,50,1049*A,Eriogonum umbellatum,10,185,-10,-10,40,3,13,0,0,38,2,1,0
2017,50,1049*A,Eriogonum umbellatum,10,185,-10,-10,35.5,2,6,0,0,40,-4.5,1,0
2018,50,1049*A,Eriogonum umbellatum,10,185,-10,-10,31,1.5,0,0,0,35.5,-4.5,1,0
2019,50,1049*A,Eriogonum umbellatum,10,185,-10,-10,0,0,0,0,1,31,-31,0,0
2014,10,105*A,Lupinus argenteus,80,45,-10,-10,13,13,2,0,0,NA,NA,1,NA
2015,10,105*A,Lupinus argenteus,80,45,-10,-10,11.5,9.5,1,0,0,13,-1.5,1,0
2016,10,105*A,Lupinus argenteus,80,45,-10,-10,0,0,0,0,0,11.5,-11.5,1,0
2017,10,105*A,Lupinus argenteus,80,45,-10,-10,8,6,0,0,0,0,8,1,0
2018,10,105*A,Lupinus argenteus,80,45,-10,-10,0,0,0,0,1,8,-8,0,0
2015,1,1050*A,Lupinus argenteus,53,175,-10,-10,2.1,2.5,0,1,0,NA,NA,1,1
2016,1,1050*A,Lupinus argenteus,53,175,-10,-10,4.5,3.7,0,0,0,2.1,2.4,1,0
2017,1,1050*A,Lupinus argenteus,53,175,-10,-10,11,5,0,0,0,4.5,6.5,1,0
2018,1,1050*A,Lupinus argenteus,53,175,-10,-10,24,8,3,0,0,11,13,1,0
2019,1,1050*A,Lupinus argenteus,53,175,-10,-10,15.5,6.5,0,0,0,24,-8.5,1,0
2020,1,1050*A,Lupinus argenteus,53,175,-10,-10,0,0,0,0,1,15.5,-15.5,0,0
2015,1,1051*A,Senecio crassulus,15,180,-10,-10,0.5,1.4,0,1,0,NA,NA,1,1
2016,1,1051*A,Senecio crassulus,15,180,-10,-10,0,0,0,0,1,0.5,-0.5,0,0
2015,1,1052*A,Ivesia gordonii,190,25,-10,-10,0.5,0.5,0,1,0,NA,NA,1,1
2016,1,1052*A,Ivesia gordonii,190,25,-10,-10,1.9,0.8,0,0,0,0.5,1.4,1,0
2017,1,1052*A,Ivesia gordonii,190,25,-10,-10,0,0,0,0,1,1.9,-1.9,0,0
2015,1,1053*A,Ivesia gordonii,195,25,-10,-10,0.5,0.5,0,1,0,NA,NA,1,1
2016,1,1053*A,Ivesia gordonii,195,25,-10,-10,1.8,1.2,0,0,0,0.5,1.3,1,0
2017,1,1053*A,Ivesia gordonii,195,25,-10,-10,1.8,1.2,0,0,0,1.8,0,1,0
2018,1,1053*A,Ivesia gordonii,195,25,-10,-10,0,0,0,0,1,1.8,-1.8,0,0
2015,1,1054*A,Ivesia gordonii,190,36,-10,-10,0.6,0.5,0,1,0,NA,NA,1,1
2016,1,1054*A,Ivesia gordonii,190,36,-10,-10,0.7,1,0,0,0,0.6,0.1,1,0
2017,1,1054*A,Ivesia gordonii,190,36,-10,-10,0,0,0,0,1,0.7,-0.7,0,0
2015,1,1055*A,Ivesia gordonii,200,33,-10,-10,0.6,0.7,0,1,0,NA,NA,1,1
2016,1,1055*A,Ivesia gordonii,200,33,-10,-10,2.4,1.5,0,0,0,0.6,1.8,1,0
2017,1,1055*A,Ivesia gordonii,200,33,-10,-10,0,0,0,0,1,2.4,-2.4,0,0
2015,1,1056*A,Ivesia gordonii,195,24,10,0,0.4,0.5,0,1,0,NA,NA,1,1
2016,1,1056*A,Ivesia gordonii,195,24,10,0,0.5,0.5,0,0,0,0.4,0.1,1,0
2017,1,1056*A,Ivesia gordonii,195,24,10,0,2,1,0,0,0,0.5,1.5,1,0
2018,1,1056*A,Ivesia gordonii,195,24,10,0,0,0,0,0,1,2,-2,0,0
2015,1,1057*A,Ivesia gordonii,186,21,-10,-10,0.6,0.8,0,1,0,NA,NA,1,1
2016,1,1057*A,Ivesia gordonii,186,21,-10,-10,0.5,0.5,0,0,0,0.6,-0.1,1,0
2017,1,1057*A,Ivesia gordonii,186,21,-10,-10,0.8,0.3,0,0,0,0.5,0.3,1,0
2018,1,1057*A,Ivesia gordonii,186,21,-10,-10,0,0,0,0,1,0.8,-0.8,0,0
2015,1,1058*A,Ivesia gordonii,183,45,-10,-10,0.4,0.4,0,1,0,NA,NA,1,1
2016,1,1058*A,Ivesia gordonii,183,45,-10,-10,1.2,1,0,0,0,0.4,0.8,1,0
2017,1,1058*A,Ivesia gordonii,183,45,-10,-10,0,0,0,0,1,1.2,-1.2,0,0
2015,1,1059*A,Heterotheca villosa,180,46,-10,-10,1.3,2,0,1,0,NA,NA,1,1
2016,1,1059*A,Heterotheca villosa,180,46,-10,-10,4.2,3.7,0,0,0,1.3,2.9,1,0
2017,1,1059*A,Heterotheca villosa,180,46,-10,-10,0,0,0,0,1,4.2,-4.2,0,0
2014,10,106*A,Lupinus argenteus,85,40,10,0,19,12,0,0,0,NA,NA,1,NA
2015,10,106*A,Lupinus argenteus,85,40,10,0,22,14.5,2,0,0,19,3,1,0
2016,10,106*A,Lupinus argenteus,85,40,10,0,16,15.5,0,0,0,22,-6,1,0
2017,10,106*A,Lupinus argenteus,85,40,10,0,0,0,0,0,0,16,-16,1,0
2018,10,106*A,Lupinus argenteus,85,40,10,0,6,3.5,0,0,0,0,6,1,0
2019,10,106*A,Lupinus argenteus,85,40,10,0,0,0,0,0,1,6,-6,0,0
2015,1,1060*A,Ivesia gordonii,172,61,-5,-5,0.4,0.4,0,1,0,NA,NA,1,1
2016,1,1060*A,Ivesia gordonii,172,61,-5,-5,0.8,0.9,0,0,0,0.4,0.4,1,0
2017,1,1060*A,Ivesia gordonii,172,61,-5,-5,1.5,1,0,0,0,0.8,0.7,1,0
2018,1,1060*A,Ivesia gordonii,172,61,-5,-5,5,4,0,0,0,1.5,3.5,1,0
2019,1,1060*A,Ivesia gordonii,172,61,-5,-5,9.5,5,3,0,0,5,4.5,1,0
2020,1,1060*A,Ivesia gordonii,172,61,-5,-5,6.5,4.5,2,0,0,9.5,-3,1,0
2021,1,1060*A,Ivesia gordonii,172,61,-5,-5,13.5,3.5,2,0,0,6.5,7,1,0
2015,1,1061*A,Ivesia gordonii,171,65,-5,-5,0.4,0.3,0,1,0,NA,NA,1,1
2016,1,1061*A,Ivesia gordonii,171,65,-5,-5,1.5,1.3,0,0,0,0.4,1.1,1,0
2017,1,1061*A,Ivesia gordonii,171,65,-5,-5,4,2,0,0,0,1.5,2.5,1,0
2018,1,1061*A,Ivesia gordonii,171,65,-5,-5,6,3.5,1,0,0,4,2,1,0
2019,1,1061*A,Ivesia gordonii,171,65,-5,-5,9.5,5.5,1,0,0,6,3.5,1,0
2020,1,1061*A,Ivesia gordonii,171,65,-5,-5,15.5,5,2,0,0,9.5,6,1,0
2021,1,1061*A,Ivesia gordonii,171,65,-5,-5,15,4.5,3,0,0,15.5,-0.5,1,0
2015,1,1062*A,Ivesia gordonii,180,80,5,0,0,0,0,1,1,NA,NA,0,1
2015,1,1063*A,Lupinus argenteus,195,100,-10,-10,1.4,2.5,0,1,0,NA,NA,1,1
2016,1,1063*A,Lupinus argenteus,195,100,-10,-10,7.5,6.9,0,0,0,1.4,6.1,1,0
2017,1,1063*A,Lupinus argenteus,195,100,-10,-10,0,0,0,0,0,7.5,-7.5,1,0
2018,1,1063*A,Lupinus argenteus,195,100,-10,-10,8,4,0,0,0,0,8,1,0
2019,1,1063*A,Lupinus argenteus,195,100,-10,-10,0,0,0,0,1,8,-8,0,0
2015,1,1064*A,Ivesia gordonii,195,95,-10,-10,0.5,1.4,0,1,0,NA,NA,1,1
2016,1,1064*A,Ivesia gordonii,195,95,-10,-10,0.5,0.6,0,0,0,0.5,0,1,0
2017,1,1064*A,Ivesia gordonii,195,95,-10,-10,0,0,0,0,1,0.5,-0.5,0,0
2015,1,1065*A,Ivesia gordonii,180.1168754,139.754801,-10,-10,0.5,0.5,0,1,0,NA,NA,1,1
2015,1,1065*B,Ivesia gordonii,179.9586341,139.8344117,-10,-10,0.5,0.5,0,1,0,NA,NA,1,1
2015,1,1065*C,Ivesia gordonii,179.6048249,139.1237881,-10,-10,0.5,0.5,0,1,0,NA,NA,1,1
2016,1,1065*A,Ivesia gordonii,180.151938,139.6812413,-10,-10,1,1.5,0,0,0,0.5,0.5,1,0
2016,1,1065*B,Ivesia gordonii,179.9462243,139.7847352,-10,-10,1,1.5,0,0,1,0.5,0.5,0,0
2016,1,1065*C,Ivesia gordonii,179.4862723,138.8609245,-10,-10,1,1.5,0,0,1,0.5,0.5,0,0
2017,1,1065*A,Ivesia gordonii,180,140,-10,-10,0,0,0,0,1,1,-1,0,0
2015,1,1066*A,Ivesia gordonii,180,150,-10,-10,0.5,0.5,0,1,0,NA,NA,1,1
2016,1,1066*A,Ivesia gordonii,180,150,-10,-10,0.5,0.5,0,0,0,0.5,0,1,0
2017,1,1066*A,Ivesia gordonii,180,150,-10,-10,0,0,0,0,1,0.5,-0.5,0,0
2015,1,1067*A,Ivesia gordonii,200,180,-10,-10,2,2,0,0,0,NA,NA,1,1
2016,1,1067*A,Ivesia gordonii,200.0584377,179.8774005,-10,-10,0.5,0.5,0,0,0,2,-1.5,1,0
2016,1,1067*B,Ivesia gordonii,199.979317,179.9172058,-10,-10,0.5,0.5,0,0,1,NA,NA,0,1
2017,1,1067*A,Ivesia gordonii,200,180,-10,-10,0,0,0,0,1,0.5,-0.5,0,0
2015,1,1068*A,Ivesia gordonii,199,155,-10,-10,0.5,0.7,0,1,0,NA,NA,1,1
2016,1,1068*A,Ivesia gordonii,199,155,-10,-10,0,0,0,0,1,0.5,-0.5,0,0
2015,1,1069*A,Ivesia gordonii,196,146,10,0,0.5,0.4,0,1,0,NA,NA,1,1
2016,1,1069*A,Ivesia gordonii,196,146,10,0,1.9,1,0,0,0,0.5,1.4,1,0
2017,1,1069*A,Ivesia gordonii,196,146,10,0,1.5,1,0,0,0,1.9,-0.4,1,0
2018,1,1069*A,Ivesia gordonii,196,146,10,0,2,2.5,0,0,0,1.5,0.5,1,0
2019,1,1069*A,Ivesia gordonii,196,146,10,0,5.5,3.5,0,0,0,2,3.5,1,0
2020,1,1069*A,Ivesia gordonii,196,146,10,0,6,3,0,0,0,5.5,0.5,1,0
2021,1,1069*A,Ivesia gordonii,196,146,10,0,8.5,3,0,0,0,6,2.5,1,0
2014,10,107*A,Lupinus argenteus,80,35,-10,-10,16,10,1,0,0,NA,NA,1,NA
2015,10,107*A,Lupinus argenteus,80,35,-10,-10,15.5,11,0,0,0,16,-0.5,1,0
2016,10,107*A,Lupinus argenteus,80,35,-10,-10,10,6.3,0,0,0,15.5,-5.5,1,0
2017,10,107*A,Lupinus argenteus,80,35,-10,-10,0,0,0,0,1,10,-10,0,0
2015,1,1070*A,Ivesia gordonii,200,155,10,0,0.5,0.5,0,1,0,NA,NA,1,1
2016,1,1070*A,Ivesia gordonii,200,155,10,0,0,0,0,0,1,0.5,-0.5,0,0
2014,1,1071*A,Senecio crassulus,197,187,-5,0,6,5.5,0,0,0,NA,NA,1,NA
2015,1,1071*A,Senecio crassulus,197,187,-5,0,6,5.5,0,0,0,6,0,1,0
2016,1,1071*A,Senecio crassulus,197,187,-5,0,6.9,5.6,0,0,0,6,0.9,1,0
2017,1,1071*A,Senecio crassulus,197,187,-5,0,6.5,7,0,0,0,6.9,-0.4,1,0
2018,1,1071*A,Senecio crassulus,197,187,-5,0,2.8,2,0,0,0,6.5,-3.7,1,0
2019,1,1071*A,Senecio crassulus,197,187,-5,0,5.5,6,0,0,0,2.8,2.7,1,0
2020,1,1071*A,Senecio crassulus,197,187,-5,0,5,5,0,0,0,5.5,-0.5,1,0
2021,1,1071*A,Senecio crassulus,197,187,-5,0,0,0,0,0,0,5,-5,1,0
2015,5,1072*A,Lupinus argenteus,25,125,-10,-10,21,8,0,0,0,NA,NA,1,1
2016,5,1072*A,Lupinus argenteus,25,125,-10,-10,6,4.4,0,0,0,21,-15,1,0
2017,5,1072*A,Lupinus argenteus,25,125,-10,-10,4.9,2.5,0,0,0,6,-1.1,1,0
2018,5,1072*A,Lupinus argenteus,25,125,-10,-10,0,0,0,0,1,4.9,-4.9,0,0
2015,5,1073*A,Lupinus argenteus,50,80,-10,-10,7,5,0,0,0,NA,NA,1,1
2016,5,1073*A,Lupinus argenteus,50,80,-10,-10,8.9,5.6,0,0,0,7,1.9,1,0
2017,5,1073*A,Lupinus argenteus,50,80,-10,-10,0,0,0,0,1,8.9,-8.9,0,0
2015,5,1074*A,Lupinus argenteus,50,85,-10,-10,9,6,0,0,0,NA,NA,1,1
2016,5,1074*A,Lupinus argenteus,50,85,-10,-10,0,0,0,0,1,9,-9,0,0
2015,5,1075*A,Lupinus argenteus,35,155,-10,-10,0,0,0,1,1,NA,NA,0,1
2015,5,1076*A,Lupinus argenteus,42,150,-10,-10,6.5,3.5,0,0,0,NA,NA,1,1
2016,5,1076*A,Lupinus argenteus,42,150,-10,-10,0,0,0,0,1,6.5,-6.5,0,0
2015,5,1077*A,Lupinus argenteus,67,135,-10,-10,6,4,0,0,0,NA,NA,1,1
2016,5,1077*A,Lupinus argenteus,67,135,-10,-10,0,0,0,0,1,6,-6,0,0
2015,5,1078*A,Lupinus argenteus,67,140,-10,-10,9.5,4,0,0,0,NA,NA,1,1
2016,5,1078*A,Lupinus argenteus,67,140,-10,-10,0,0,0,0,1,9.5,-9.5,0,0
2015,5,1079*A,Lupinus argenteus,73,145,-10,-10,9,3.5,0,0,0,NA,NA,1,1
2016,5,1079*A,Lupinus argenteus,73,145,-10,-10,7.4,4.3,0,0,0,9,-1.6,1,0
2017,5,1079*A,Lupinus argenteus,73,145,-10,-10,3.5,3,0,0,0,7.4,-3.9,1,0
2018,5,1079*A,Lupinus argenteus,73,145,-10,-10,0,0,0,0,1,3.5,-3.5,0,0
2014,10,108*A,Elymus lanceolatus,101,52,-10,-10,11,16,1,0,0,NA,NA,1,NA
2015,10,108*A,Elymus lanceolatus,101,52,-10,-10,10,17.5,0,0,0,11,-1,1,0
2016,10,108*A,Elymus lanceolatus,101,52,-10,-10,20,32,17,0,0,10,10,1,0
2017,10,108*A,Elymus lanceolatus,101,52,-10,-10,36,20,2,0,0,20,16,1,0
2018,10,108*A,Elymus lanceolatus,101,52,-10,-10,25,23,27,0,0,36,-11,1,0
2019,10,108*A,Elymus lanceolatus,101,52,-10,-10,30,18,0,0,0,25,5,1,0
2020,10,108*A,Elymus lanceolatus,101,52,-10,-10,25,21,2,0,0,30,-5,1,0
2021,10,108*A,Elymus lanceolatus,101,52,-10,-10,22,22,2,0,0,25,-3,1,0
2015,5,1080*A,Lupinus argenteus,80,193,-10,-10,4.5,4,0,0,0,NA,NA,1,1
2016,5,1080*A,Lupinus argenteus,80,193,-10,-10,11,9,0,0,0,4.5,6.5,1,0
2017,5,1080*A,Lupinus argenteus,80,193,-10,-10,4.5,2,0,0,0,11,-6.5,1,0
2018,5,1080*A,Lupinus argenteus,80,193,-10,-10,0,0,0,0,1,4.5,-4.5,0,0
2015,5,1081*A,Lupinus argenteus,45,181,-10,-10,6,5.5,0,0,0,NA,NA,1,1
2016,5,1081*A,Lupinus argenteus,45,181,-10,-10,11.2,10,0,0,0,6,5.2,1,0
2017,5,1081*A,Lupinus argenteus,45,181,-10,-10,0,0,0,0,1,11.2,-11.2,0,0
2015,6,1082*A,Ivesia gordonii,178,8,-10,-10,0.3,0.5,0,1,0,NA,NA,1,1
2016,6,1082*A,Ivesia gordonii,178,8,-10,-10,0,0,0,0,1,0.3,-0.3,0,0
2015,6,1083*A,Ivesia gordonii,170,12,-10,-10,0.4,0.5,0,1,0,NA,NA,1,1
2016,6,1083*A,Ivesia gordonii,170,12,-10,-10,2,3,0,0,0,0.4,1.6,1,0
2017,6,1083*A,Ivesia gordonii,170,12,-10,-10,0,0,0,0,1,2,-2,0,0
2015,6,1084*A,Ivesia gordonii,170,14,-10,-10,0.5,0.5,0,1,0,NA,NA,1,1
2016,6,1084*A,Ivesia gordonii,170,14,-10,-10,1,1,0,0,0,0.5,0.5,1,0
2017,6,1084*A,Ivesia gordonii,170,14,-10,-10,0,0,0,0,1,1,-1,0,0
2015,6,1085*A,Ivesia gordonii,170,18,-10,-2,0.5,0.4,0,1,0,NA,NA,1,1
2016,6,1085*A,Ivesia gordonii,170,18,-10,-2,1.5,2.5,0,0,0,0.5,1,1,0
2017,6,1085*A,Ivesia gordonii,170,18,-10,-2,0,0,0,0,1,1.5,-1.5,0,0
2015,6,1086*A,Ivesia gordonii,182,8,-10,-10,0.8,0.5,0,1,0,NA,NA,1,1
2016,6,1086*A,Ivesia gordonii,182,8,-10,-10,1,2,0,0,0,0.8,0.2,1,0
2017,6,1086*A,Ivesia gordonii,182,8,-10,-10,3,2.5,0,0,0,1,2,1,0
2018,6,1086*A,Ivesia gordonii,182,8,-10,-10,7,5,2,0,0,3,4,1,0
2019,6,1086*A,Ivesia gordonii,182,8,-10,-10,13,6.5,5,0,0,7,6,1,0
2020,6,1086*A,Ivesia gordonii,182,8,-10,-10,0,0,0,0,1,13,-13,0,0
2015,6,1087*A,Ivesia gordonii,182,8,-10,-10,0.5,0.4,0,1,0,NA,NA,1,1
2016,6,1087*A,Ivesia gordonii,182,8,-10,-10,1,2,0,0,0,0.5,0.5,1,0
2017,6,1087*A,Ivesia gordonii,182,8,-10,-10,0,0,0,0,1,1,-1,0,0
2015,6,1088*A,Ivesia gordonii,184,3.5,0,-10,0.3,0.3,0,1,0,NA,NA,1,1
2016,6,1088*A,Ivesia gordonii,184,3.5,0,-10,0,0,0,0,1,0.3,-0.3,0,0
2015,6,1089*A,Ivesia gordonii,112,40,-10,-10,0.5,0.5,0,1,0,NA,NA,1,1
2016,6,1089*A,Ivesia gordonii,112,40,-10,-10,2,2.5,0,0,0,0.5,1.5,1,0
2017,6,1089*A,Ivesia gordonii,112,40,-10,-10,6,3,1,0,0,2,4,1,0
2018,6,1089*A,Ivesia gordonii,112,40,-10,-10,5,3.5,0,0,0,6,-1,1,0
2019,6,1089*A,Ivesia gordonii,112,40,-10,-10,8,5.5,3,0,0,5,3,1,0
2020,6,1089*A,Ivesia gordonii,112,40,-10,-10,7.5,4.5,0,0,0,8,-0.5,1,0
2021,6,1089*A,Ivesia gordonii,112,40,-10,-10,11.5,3.5,11,0,0,7.5,4,1,0
2014,10,109*A,Lupinus argenteus,90,60,-10,-10,11,8,2,0,0,NA,NA,1,NA
2015,10,109*A,Lupinus argenteus,90,60,-10,-10,8.5,4.5,0,0,0,11,-2.5,1,0
2016,10,109*A,Lupinus argenteus,90,60,-10,-10,5.5,6,0,0,0,8.5,-3,1,0
2017,10,109*A,Lupinus argenteus,90,60,-10,-10,0,0,0,0,1,5.5,-5.5,0,0
2014,7,1090*A,Ivesia gordonii,47,150,-10,-10,1.8,1,0,0,0,NA,NA,1,NA
2015,7,1090*A,Ivesia gordonii,47,150,-10,-10,1.8,1,0,0,0,1.8,0,1,0
2016,7,1090*A,Ivesia gordonii,47,150,-10,-10,2.5,3,0,0,0,1.8,0.7,1,0
2017,7,1090*A,Ivesia gordonii,47,150,-10,-10,2,1.5,0,0,0,2.5,-0.5,1,0
2018,7,1090*A,Ivesia gordonii,47,150,-10,-10,0,0,0,0,1,2,-2,0,0
2015,8,1091*A,Lupinus argenteus,92,195,-10,-10,6.5,4,0,0,0,NA,NA,1,1
2016,8,1091*A,Lupinus argenteus,92,195,-10,-10,1.5,1.5,0,0,0,6.5,-5,1,0
2017,8,1091*A,Lupinus argenteus,92,195,-10,-10,2,1.5,0,0,0,1.5,0.5,1,0
2018,8,1091*A,Lupinus argenteus,92,195,-10,-10,0,0,0,0,1,2,-2,0,0
2015,8,1092*A,Senecio crassulus,180,138,-10,-10,1,1.5,0,1,0,NA,NA,1,1
2016,8,1092*A,Senecio crassulus,180,138,-10,-10,0,0,0,0,1,1,-1,0,0
2015,9,1093*A,Ivesia gordonii,40,12,-10,-10,2,1.5,0,1,0,NA,NA,1,1
2016,9,1093*A,Ivesia gordonii,40,12,-10,-10,2.5,2.5,0,0,0,2,0.5,1,0
2017,9,1093*A,Ivesia gordonii,40,12,-10,-10,4,4,0,0,0,2.5,1.5,1,0
2018,9,1093*A,Ivesia gordonii,40,12,-10,-10,8,4,0,0,0,4,4,1,0
2019,9,1093*A,Ivesia gordonii,40,12,-10,-10,9,6,0,0,0,8,1,1,0
2020,9,1093*A,Ivesia gordonii,40,12,-10,-10,11,3.5,0,0,0,9,2,1,0
2021,9,1093*A,Ivesia gordonii,40,12,-10,-10,12,4,0,0,0,11,1,1,0
2015,9,1094*A,Lupinus argenteus,192,68,-10,-10,2,1.5,0,1,0,NA,NA,1,1
2016,9,1094*A,Lupinus argenteus,192,68,-10,-10,4,3.5,0,0,0,2,2,1,0
2017,9,1094*A,Lupinus argenteus,192,68,-10,-10,3,3,0,0,0,4,-1,1,0
2018,9,1094*A,Lupinus argenteus,192,68,-10,-10,7,5.5,0,0,0,3,4,1,0
2019,9,1094*A,Lupinus argenteus,192,68,-10,-10,12.5,8,0,0,0,7,5.5,1,0
2020,9,1094*A,Lupinus argenteus,192,68,-10,-10,22,9.5,2,0,0,12.5,9.5,1,0
2021,9,1094*A,Lupinus argenteus,192,68,-10,-10,30,10.5,10,0,0,22,8,1,0
2015,10,1095*A,Lupinus argenteus,8,0,-10,-10,0,0,0,1,1,NA,NA,1,1
2016,10,1095*A,Lupinus argenteus,8,0,-10,-10,9,6,0,0,0,0,9,1,0
2017,10,1095*A,Lupinus argenteus,8,0,-10,-10,0,0,0,0,1,9,-9,0,0
2015,10,1096*A,Lupinus argenteus,13,13,-10,-10,5,3.5,0,0,0,NA,NA,1,1
2016,10,1096*A,Lupinus argenteus,13,13,-10,-10,4,3.5,0,0,0,5,-1,1,0
2017,10,1096*A,Lupinus argenteus,13,13,-10,-10,0,0,0,0,1,4,-4,0,0
2015,10,1097*A,Lupinus argenteus,25,23,-10,-10,8.5,6.5,0,0,0,NA,NA,1,1
2016,10,1097*A,Lupinus argenteus,25,23,-10,-10,0,0,0,0,1,8.5,-8.5,0,0
2015,10,1098*A,Lupinus argenteus,22,33,-10,-10,5,4.5,0,0,0,NA,NA,1,1
2016,10,1098*A,Lupinus argenteus,22,33,-10,-10,0,0,0,0,1,5,-5,0,0
2015,10,1099*A,Lupinus argenteus,16,42,-10,-10,2.5,4,0,1,0,NA,NA,1,1
2016,10,1099*A,Lupinus argenteus,16,42,-10,-10,1.5,2,0,0,0,2.5,-1,1,0
2017,10,1099*A,Lupinus argenteus,16,42,-10,-10,0,0,0,0,1,1.5,-1.5,0,0
2014,1,11*A,Ivesia gordonii,195,93,-10,-10,7,3,1,0,0,NA,NA,1,NA
2015,1,11*A,Ivesia gordonii,195,93,-10,-10,8.5,4,0,0,0,7,1.5,1,0
2016,1,11*A,Ivesia gordonii,195,93,-10,-10,10.3,6,1,0,0,8.5,1.8,1,0
2017,1,11*A,Ivesia gordonii,195,93,-10,-10,0,0,0,0,1,10.3,-10.3,0,0
2014,10,110*A,Lupinus argenteus,100,10,-10,-10,13,9,2,0,0,NA,NA,1,NA
2015,10,110*A,Lupinus argenteus,100,10,-10,-10,9.5,5,0,0,0,13,-3.5,1,0
2016,10,110*A,Lupinus argenteus,100,10,-10,-10,13.7,8.2,1,0,0,9.5,4.2,1,0
2017,10,110*A,Lupinus argenteus,100,10,-10,-10,5,1,0,0,0,13.7,-8.7,1,0
2018,10,110*A,Lupinus argenteus,100,10,-10,-10,0,0,0,0,1,5,-5,0,0
2015,10,1100*A,Lupinus argenteus,33,66,-10,-10,9,5.5,0,0,0,NA,NA,1,1
2016,10,1100*A,Lupinus argenteus,33,66,-10,-10,8,3.5,0,0,0,9,-1,1,0
2017,10,1100*A,Lupinus argenteus,33,66,-10,-10,0,0,0,0,1,8,-8,0,0
2015,10,1101*A,Lupinus argenteus,16,66,-10,-10,3,2.5,0,1,0,NA,NA,1,1
2016,10,1101*A,Lupinus argenteus,16,66,-10,-10,0,0,0,0,1,3,-3,0,0
2015,10,1102*A,Chaenactis douglasii,66,52,-10,-10,1,1,0,1,0,NA,NA,1,1
2016,10,1102*A,Chaenactis douglasii,66,52,-10,-10,7,3.9,0,0,0,1,6,1,0
2017,10,1102*A,Chaenactis douglasii,66,52,-10,-10,0,0,0,0,1,7,-7,0,0
2015,10,1103*A,Lupinus argenteus,157,15,-10,-10,2,2,0,1,0,NA,NA,1,1
2016,10,1103*A,Lupinus argenteus,157,15,-10,-10,1.7,1.7,0,0,0,2,-0.3,1,0
2017,10,1103*A,Lupinus argenteus,157,15,-10,-10,0,0,0,0,1,1.7,-1.7,0,0
2015,10,1104*A,Lupinus argenteus,188,43,-10,-10,1.5,2.5,0,1,0,NA,NA,1,1
2016,10,1104*A,Lupinus argenteus,188,43,-10,-10,0,0,0,0,1,1.5,-1.5,0,0
2015,10,1105*A,Lupinus argenteus,150,81,-10,-10,2.5,2,0,1,0,NA,NA,1,1
2016,10,1105*A,Lupinus argenteus,150,81,-10,-10,1.7,2.3,0,0,0,2.5,-0.8,1,0
2017,10,1105*A,Lupinus argenteus,150,81,-10,-10,0,0,0,0,1,1.7,-1.7,0,0
2015,10,1106*A,Lupinus argenteus,105,83,-10,-10,10,5.5,0,0,0,NA,NA,1,1
2016,10,1106*A,Lupinus argenteus,105,83,-10,-10,11.8,6,0,0,0,10,1.8,1,0
2017,10,1106*A,Lupinus argenteus,105,83,-10,-10,5.5,3,0,0,0,11.8,-6.3,1,0
2018,10,1106*A,Lupinus argenteus,105,83,-10,-10,6,5.5,0,0,0,5.5,0.5,1,0
2019,10,1106*A,Lupinus argenteus,105,83,-10,-10,0,0,0,0,1,6,-6,0,0
2015,10,1107*A,Lupinus argenteus,140,122,-10,-10,2,1.5,0,1,0,NA,NA,1,1
2016,10,1107*A,Lupinus argenteus,140,122,-10,-10,1.7,1.3,0,0,0,2,-0.3,1,0
2017,10,1107*A,Lupinus argenteus,140,122,-10,-10,0,0,0,0,1,1.7,-1.7,0,0
2015,10,1108*A,Lupinus argenteus,85,95,-10,-10,10,5,0,0,0,NA,NA,1,1
2016,10,1108*A,Lupinus argenteus,85,95,-10,-10,10.7,6.8,0,0,0,10,0.7,1,0
2017,10,1108*A,Lupinus argenteus,85,95,-10,-10,7,6,0,0,0,10.7,-3.7,1,0
2018,10,1108*A,Lupinus argenteus,85,95,-10,-10,0,0,0,0,0,7,-7,1,0
2019,10,1108*A,Lupinus argenteus,85,95,-10,-10,4,4,0,0,0,0,4,1,0
2020,10,1108*A,Lupinus argenteus,85,95,-10,-10,0,0,0,0,1,4,-4,0,0
2015,10,1109*A,Lupinus argenteus,42,88,-10,-10,7.5,4.5,0,0,0,NA,NA,1,1
2016,10,1109*A,Lupinus argenteus,42,88,-10,-10,0,0,0,0,1,7.5,-7.5,0,0
2014,10,111*A,Ivesia gordonii,140,65,-10,-10,12,6,6,0,0,NA,NA,1,NA
2015,10,111*A,Ivesia gordonii,140,65,-10,-10,12.5,5.5,1,0,0,12,0.5,1,0
2016,10,111*A,Ivesia gordonii,140,65,-10,-10,12.4,6.2,5,0,0,12.5,-0.1,1,0
2017,10,111*A,Ivesia gordonii,140,65,-10,-10,17,7,26,0,0,12.4,4.6,1,0
2018,10,111*A,Ivesia gordonii,140,65,-10,-10,0,0,0,0,1,17,-17,0,0
2015,10,1110*A,Lupinus argenteus,22,132,-10,-10,13,7,0,0,0,NA,NA,1,1
2016,10,1110*A,Lupinus argenteus,22,132,-10,-10,0,0,0,0,1,13,-13,0,0
2015,10,1111*A,Lupinus argenteus,5,138,-10,-10,8.5,6.5,0,0,0,NA,NA,1,1
2016,10,1111*A,Lupinus argenteus,5,138,-10,-10,7,8,0,0,0,8.5,-1.5,1,0
2017,10,1111*A,Lupinus argenteus,5,138,-10,-10,0,0,0,0,1,7,-7,0,0
2015,10,1112*A,Lupinus argenteus,14,146,-10,-10,10,4.5,0,0,0,NA,NA,1,1
2016,10,1112*A,Lupinus argenteus,14,146,-10,-10,8,4,0,0,0,10,-2,1,0
2017,10,1112*A,Lupinus argenteus,14,146,-10,-10,0,0,0,0,1,8,-8,0,0
2015,10,1113*A,Lupinus argenteus,48,170,-10,-10,2.5,3,0,1,0,NA,NA,1,1
2016,10,1113*A,Lupinus argenteus,48,170,-10,-10,1,1.5,0,0,0,2.5,-1.5,1,0
2017,10,1113*A,Lupinus argenteus,48,170,-10,-10,0,0,0,0,1,1,-1,0,0
2015,10,1114*A,Lupinus argenteus,105,133,-10,-10,2,3,0,1,0,NA,NA,1,1
2016,10,1114*A,Lupinus argenteus,105,133,-10,-10,2.7,3.7,0,0,0,2,0.7,1,0
2017,10,1114*A,Lupinus argenteus,105,133,-10,-10,0,0,0,0,1,2.7,-2.7,0,0
2015,10,1115*A,Lupinus argenteus,143,190,-10,-10,2.5,3,0,1,0,NA,NA,1,1
2016,10,1115*A,Lupinus argenteus,143,190,-10,-10,2.5,2,0,0,0,2.5,0,1,0
2017,10,1115*A,Lupinus argenteus,143,190,-10,-10,3,3,0,0,0,2.5,0.5,1,0
2018,10,1115*A,Lupinus argenteus,143,190,-10,-10,2.5,2,0,0,0,3,-0.5,1,0
2019,10,1115*A,Lupinus argenteus,143,190,-10,-10,0,0,0,0,1,2.5,-2.5,0,0
2015,11,1116*A,Lupinus argenteus,111,51,-10,-10,6.5,3.5,0,0,0,NA,NA,1,1
2016,11,1116*A,Lupinus argenteus,111,51,-10,-10,4.5,3.5,2,0,0,6.5,-2,1,0
2017,11,1116*A,Lupinus argenteus,111,51,-10,-10,5.5,3,0,0,0,4.5,1,1,0
2018,11,1116*A,Lupinus argenteus,111,51,-10,-10,14.5,8.5,0,0,0,5.5,9,1,0
2019,11,1116*A,Lupinus argenteus,111,51,-10,-10,0,0,0,0,1,14.5,-14.5,0,0
2015,11,1117*A,Lupinus argenteus,101,58,-10,-10,9,5,0,0,0,NA,NA,1,1
2016,11,1117*A,Lupinus argenteus,101,58,-10,-10,8.4,7,0,0,0,9,-0.6,1,0
2017,11,1117*A,Lupinus argenteus,101,58,-10,-10,8,2.5,0,0,0,8.4,-0.4,1,0
2018,11,1117*A,Lupinus argenteus,101,58,-10,-10,12,5.5,0,0,0,8,4,1,0
2019,11,1117*A,Lupinus argenteus,101,58,-10,-10,0,0,0,0,1,12,-12,0,0
2015,12,1118*A,Agoseris glauca,145,65,-10,-10,1,2.5,0,1,0,NA,NA,1,1
2016,12,1118*A,Agoseris glauca,145,65,-10,-10,1,2.5,0,0,0,1,0,1,0
2017,12,1118*A,Agoseris glauca,145,65,-10,-10,2.5,5,0,0,0,1,1.5,1,0
2018,12,1118*A,Agoseris glauca,145,65,-10,-10,0,0,0,0,1,2.5,-2.5,0,0
2014,12,1119*A,Eriogonum umbellatum,141,89,-10,-10,2,1.5,0,0,0,NA,NA,1,NA
2015,12,1119*A,Eriogonum umbellatum,141,89,-10,-10,2,1.5,0,0,0,2,0,1,0
2016,12,1119*A,Eriogonum umbellatum,141,89,-10,-10,1.9,1.5,0,0,0,2,-0.1,1,0
2017,12,1119*A,Eriogonum umbellatum,141,89,-10,-10,2.5,2.5,0,0,0,1.9,0.6,1,0
2018,12,1119*A,Eriogonum umbellatum,141,89,-10,-10,1.7,1.9,0,0,0,2.5,-0.8,1,0
2019,12,1119*A,Eriogonum umbellatum,141,89,-10,-10,2,2,0,0,0,1.7,0.3,1,0
2020,12,1119*A,Eriogonum umbellatum,141,89,-10,-10,3,3.5,0,0,0,2,1,1,0
2021,12,1119*A,Eriogonum umbellatum,141,89,-10,-10,5,2,0,0,0,3,2,1,0
2014,10,112*A,Ivesia gordonii,119,89,-10,-10,3,2,0,0,0,NA,NA,1,NA
2015,10,112*A,Ivesia gordonii,119,89,-10,-10,4.5,4,0,0,0,3,1.5,1,0
2016,10,112*A,Ivesia gordonii,119,89,-10,-10,5.7,4,1,0,0,4.5,1.2,1,0
2017,10,112*A,Ivesia gordonii,119,89,-10,-10,7.5,4,4,0,0,5.7,1.8,1,0
2018,10,112*A,Ivesia gordonii,119,89,-10,-10,9.5,3.5,2,0,0,7.5,2,1,0
2019,10,112*A,Ivesia gordonii,119,89,-10,-10,13,7,4,0,0,9.5,3.5,1,0
2020,10,112*A,Ivesia gordonii,119,89,-10,-10,10.5,6.5,2,0,0,13,-2.5,1,0
2021,10,112*A,Ivesia gordonii,119,89,-10,-10,16,5.5,0,0,0,10.5,5.5,1,0
2015,13,1120*A,Eriogonum umbellatum,10,28,-10,-10,3.5,2,0,0,0,NA,NA,1,1
2016,13,1120*A,Eriogonum umbellatum,10,28,-10,-10,4,1.9,0,0,0,3.5,0.5,1,0
2017,13,1120*A,Eriogonum umbellatum,10,28,-10,-10,4.5,2.5,0,0,0,4,0.5,1,0
2018,13,1120*A,Eriogonum umbellatum,10,28,-10,-10,5.5,2.3,0,0,0,4.5,1,1,0
2019,13,1120*A,Eriogonum umbellatum,10,28,-10,-10,6,3,0,0,0,5.5,0.5,1,0
2020,13,1120*A,Eriogonum umbellatum,10,28,-10,-10,7.5,3.5,0,0,0,6,1.5,1,0
2021,13,1120*A,Eriogonum umbellatum,10,28,-10,-10,7.5,2,0,0,0,7.5,0,1,0
2015,13,1121*A,Eriogonum umbellatum,3,30,-10,-10,1,1.4,0,1,0,NA,NA,1,1
2016,13,1121*A,Eriogonum umbellatum,3,30,-10,-10,1.8,1,0,0,0,1,0.8,1,0
2017,13,1121*A,Eriogonum umbellatum,3,30,-10,-10,2.5,2,0,0,0,1.8,0.7,1,0
2018,13,1121*A,Eriogonum umbellatum,3,30,-10,-10,1.6,1.2,0,0,0,2.5,-0.9,1,0
2019,13,1121*A,Eriogonum umbellatum,3,30,-10,-10,2,1.5,0,0,0,1.6,0.4,1,0
2020,13,1121*A,Eriogonum umbellatum,3,30,-10,-10,0,0,0,0,1,2,-2,0,0
2014,13,1122*A,Eriogonum umbellatum,36,14,-10,-10,3.5,2,0,0,0,NA,NA,1,NA
2015,13,1122*A,Eriogonum umbellatum,36,14,-10,-10,3.5,2,0,0,0,3.5,0,1,0
2016,13,1122*A,Eriogonum umbellatum,36,14,-10,-10,5,3.8,0,0,0,3.5,1.5,1,0
2017,13,1122*A,Eriogonum umbellatum,36,14,-10,-10,10,3,1,0,0,5,5,1,0
2018,13,1122*A,Eriogonum umbellatum,36,14,-10,-10,13,3,3,0,0,10,3,1,0
2019,13,1122*A,Eriogonum umbellatum,36,14,-10,-10,16.5,3.5,1,0,0,13,3.5,1,0
2020,13,1122*A,Eriogonum umbellatum,36,14,-10,-10,19,3.5,4,0,0,16.5,2.5,1,0
2021,13,1122*A,Eriogonum umbellatum,36,14,-10,-10,22,2.5,11,0,0,19,3,1,0
2015,14,1123*A,Lupinus argenteus,1,13,-10,-10,2.5,2,0,1,0,NA,NA,1,1
2016,14,1123*A,Lupinus argenteus,1,13,-10,-10,0,0,0,0,1,2.5,-2.5,0,0
2015,14,1124*A,Eriogonum umbellatum,64,16,-10,-10,1.5,1,0,1,0,NA,NA,1,1
2016,14,1124*A,Eriogonum umbellatum,64,16,-10,-10,1.8,1.7,0,0,0,1.5,0.3,1,0
2017,14,1124*A,Eriogonum umbellatum,64,16,-10,-10,2.7,2,0,0,0,1.8,0.9,1,0
2018,14,1124*A,Eriogonum umbellatum,64,16,-10,-10,5,1.5,0,0,0,2.7,2.3,1,0
2019,14,1124*A,Eriogonum umbellatum,64,16,-10,-10,12.5,2.5,0,0,0,5,7.5,1,0
2020,14,1124*A,Eriogonum umbellatum,64,16,-10,-10,10.5,2.5,0,0,0,12.5,-2,1,0
2021,14,1124*A,Eriogonum umbellatum,64,16,-10,-10,11,2,0,0,0,10.5,0.5,1,0
2015,14,1125*A,Ivesia gordonii,60,82,-10,-10,1,1.5,0,1,0,NA,NA,1,1
2016,14,1125*A,Ivesia gordonii,60,82,-10,-10,1.9,1.9,0,0,0,1,0.9,1,0
2017,14,1125*A,Ivesia gordonii,60,82,-10,-10,1.5,1.5,0,0,0,1.9,-0.4,1,0
2018,14,1125*A,Ivesia gordonii,60,82,-10,-10,2,1.5,0,0,0,1.5,0.5,1,0
2019,14,1125*A,Ivesia gordonii,60,82,-10,-10,2.5,4,0,0,0,2,0.5,1,0
2020,14,1125*A,Ivesia gordonii,60,82,-10,-10,4.5,3,0,0,0,2.5,2,1,0
2021,14,1125*A,Ivesia gordonii,60,82,-10,-10,6,3,2,0,0,4.5,1.5,1,0
2015,14,1126*A,Heterotheca villosa,187,48,-10,-10,1,1,0,1,0,NA,NA,1,1
2016,14,1126*A,Heterotheca villosa,187,48,-10,-10,2.7,2.5,0,0,0,1,1.7,1,0
2017,14,1126*A,Heterotheca villosa,187,48,-10,-10,7,3,2,0,0,2.7,4.3,1,0
2018,14,1126*A,Heterotheca villosa,187,48,-10,-10,8.5,3,2,0,0,7,1.5,1,0
2019,14,1126*A,Heterotheca villosa,187,48,-10,-10,18.5,4.5,9,0,0,8.5,10,1,0
2020,14,1126*A,Heterotheca villosa,187,48,-10,-10,13.5,6.5,3,0,0,18.5,-5,1,0
2021,14,1126*A,Heterotheca villosa,187,48,-10,-10,26,8.5,41,0,0,13.5,12.5,1,0
2015,15,1127*A,Lupinus argenteus,82,6,-10,-10,12,9,0,0,0,NA,NA,1,1
2016,15,1127*A,Lupinus argenteus,82,6,-10,-10,11,5.5,0,0,0,12,-1,1,0
2017,15,1127*A,Lupinus argenteus,82,6,-10,-10,0,0,0,0,1,11,-11,0,0
2015,15,1128*A,Lupinus argenteus,110,19,-10,-10,9,5.5,0,0,0,NA,NA,1,1
2016,15,1128*A,Lupinus argenteus,110,19,-10,-10,6,5,0,0,0,9,-3,1,0
2017,15,1128*A,Lupinus argenteus,110,19,-10,-10,0,0,0,0,1,6,-6,0,0
2015,15,1129*A,Lupinus argenteus,135,15,-10,-10,1.5,1.5,0,1,0,NA,NA,1,1
2016,15,1129*A,Lupinus argenteus,135,15,-10,-10,10,8.5,0,0,0,1.5,8.5,1,0
2017,15,1129*A,Lupinus argenteus,135,15,-10,-10,6,5,0,0,0,10,-4,1,0
2018,15,1129*A,Lupinus argenteus,135,15,-10,-10,3.5,3,0,0,0,6,-2.5,1,0
2019,15,1129*A,Lupinus argenteus,135,15,-10,-10,0,0,0,0,1,3.5,-3.5,0,0
2014,10,113*A,Ivesia gordonii,115,95,-10,-10,6,4,1,0,0,NA,NA,1,NA
2015,10,113*A,Ivesia gordonii,115,95,-10,-10,8.5,4.5,2,0,0,6,2.5,1,0
2016,10,113*A,Ivesia gordonii,115,95,-10,-10,6,3.9,3,0,0,8.5,-2.5,1,0
2017,10,113*A,Ivesia gordonii,115,95,-10,-10,9,5,1,0,0,6,3,1,0
2018,10,113*A,Ivesia gordonii,115,95,-10,-10,0,0,0,0,1,9,-9,0,0
2015,15,1130*A,Lupinus argenteus,100,81,-10,-10,3.5,2.5,0,1,0,NA,NA,1,1
2016,15,1130*A,Lupinus argenteus,100,81,-10,-10,0,0,0,0,1,3.5,-3.5,0,0
2015,15,1131*A,Lupinus argenteus,120,84,-10,-10,2,2.5,0,1,0,NA,NA,1,1
2016,15,1131*A,Lupinus argenteus,120,84,-10,-10,1,1,0,0,0,2,-1,1,0
2017,15,1131*A,Lupinus argenteus,120,84,-10,-10,0,0,0,0,1,1,-1,0,0
2015,15,1132*A,Lupinus argenteus,120,79,-10,-10,2.5,3,0,0,0,NA,NA,1,1
2016,15,1132*A,Lupinus argenteus,120,79,-10,-10,0,0,0,0,1,2.5,-2.5,0,0
2015,15,1133*A,Lupinus argenteus,95,80,-10,-10,14,6.5,0,0,0,NA,NA,1,1
2016,15,1133*A,Lupinus argenteus,95,80,-10,-10,0,0,0,0,1,14,-14,0,0
2015,15,1134*A,Lupinus argenteus,107,105,-10,-10,9,6.5,0,0,0,NA,NA,1,1
2016,15,1134*A,Lupinus argenteus,107,105,-10,-10,8.5,5,0,0,0,9,-0.5,1,0
2017,15,1134*A,Lupinus argenteus,107,105,-10,-10,0,0,0,0,1,8.5,-8.5,0,0
2015,15,1135*A,Lupinus argenteus,77,91,-10,-10,11.5,4,0,0,0,NA,NA,1,1
2016,15,1135*A,Lupinus argenteus,77,91,-10,-10,13,7,0,0,0,11.5,1.5,1,0
2017,15,1135*A,Lupinus argenteus,77,91,-10,-10,6,5,0,0,0,13,-7,1,0
2018,15,1135*A,Lupinus argenteus,77,91,-10,-10,5,4,0,0,0,6,-1,1,0
2019,15,1135*A,Lupinus argenteus,77,91,-10,-10,0,0,0,0,1,5,-5,0,0
2014,15,1136*A,Lupinus argenteus,85,90,-10,-10,11,6,0,0,0,NA,NA,1,NA
2015,15,1136*A,Lupinus argenteus,85,90,-10,-10,8,6,0,0,0,11,-3,1,0
2016,15,1136*A,Lupinus argenteus,85,90,-10,-10,6,4,0,0,0,8,-2,1,0
2017,15,1136*A,Lupinus argenteus,85,90,-10,-10,0,0,0,0,1,6,-6,0,0
2015,15,1137*A,Lupinus argenteus,86,98,-10,-10,7,5,0,0,0,NA,NA,1,1
2016,15,1137*A,Lupinus argenteus,86,98,-10,-10,0,0,0,0,1,7,-7,0,0
2015,15,1138*A,Lupinus argenteus,42,89,-10,-10,1.5,0.5,0,1,0,NA,NA,1,1
2016,15,1138*A,Lupinus argenteus,42,89,-10,-10,3,3,0,0,0,1.5,1.5,1,0
2017,15,1138*A,Lupinus argenteus,42,89,-10,-10,0,0,0,0,1,3,-3,0,0
2015,15,1139*A,Lupinus argenteus,180,9,-10,-10,2,2.5,0,1,0,NA,NA,1,1
2016,15,1139*A,Lupinus argenteus,180,9,-10,-10,1.4,1.5,0,0,0,2,-0.6,1,0
2017,15,1139*A,Lupinus argenteus,180,9,-10,-10,0,0,0,0,1,1.4,-1.4,0,0
2014,10,114*A,Eriogonum umbellatum,101,103,-10,-10,2,1,0,0,0,NA,NA,1,NA
2015,10,114*A,Eriogonum umbellatum,101,103,-10,-10,4.5,2,0,0,0,2,2.5,1,0
2016,10,114*A,Eriogonum umbellatum,101,103,-10,-10,6.5,2,0,0,0,4.5,2,1,0
2017,10,114*A,Eriogonum umbellatum,101,103,-10,-10,8.5,2,0,0,0,6.5,2,1,0
2018,10,114*A,Eriogonum umbellatum,101,103,-10,-10,8,2.75,0,0,0,8.5,-0.5,1,0
2019,10,114*A,Eriogonum umbellatum,101,103,-10,-10,11,3,0,0,0,8,3,1,0
2020,10,114*A,Eriogonum umbellatum,101,103,-10,-10,12.5,3,0,0,0,11,1.5,1,0
2021,10,114*A,Eriogonum umbellatum,101,103,-10,-10,14,2.5,4,0,0,12.5,1.5,1,0
2015,15,1140*A,Eriogonum umbellatum,152,30,-5,-5,1.2,0.5,0,1,0,NA,NA,1,1
2016,15,1140*A,Eriogonum umbellatum,152,30,-5,-5,2.1,2,0,0,0,1.2,0.9,1,0
2017,15,1140*A,Eriogonum umbellatum,152,30,-5,-5,7,2,0,0,0,2.1,4.9,1,0
2018,15,1140*A,Eriogonum umbellatum,152,30,-5,-5,10,2,0,0,0,7,3,1,0
2019,15,1140*A,Eriogonum umbellatum,152,30,-5,-5,14.5,3.5,0,0,0,10,4.5,1,0
2020,15,1140*A,Eriogonum umbellatum,152,30,-5,-5,16.5,3.5,2,0,0,14.5,2,1,0
2021,15,1140*A,Eriogonum umbellatum,152,30,-5,-5,19,2.5,5,0,0,16.5,2.5,1,0
2015,15,1141*A,Lupinus argenteus,177,105,-10,-10,5,3,0,0,0,NA,NA,1,1
2016,15,1141*A,Lupinus argenteus,177,105,-10,-10,0,0,0,0,1,5,-5,0,0
2015,15,1142*A,Lupinus argenteus,175,113,-10,-10,6.5,5,0,0,0,NA,NA,1,1
2016,15,1142*A,Lupinus argenteus,175,113,-10,-10,8.5,7,0,0,0,6.5,2,1,0
2017,15,1142*A,Lupinus argenteus,175,113,-10,-10,0,0,0,0,1,8.5,-8.5,0,0
2015,15,1143*A,Lupinus argenteus,200,199,-10,-10,0,0,0,1,1,NA,NA,1,1
2016,15,1143*A,Lupinus argenteus,200,199,-10,-10,15.5,9.5,0,0,0,0,15.5,1,0
2017,15,1143*A,Lupinus argenteus,200,199,-10,-10,0,0,0,0,1,15.5,-15.5,0,0
2015,15,1144*A,Lupinus argenteus,65,200,0,10,8,4,0,0,0,NA,NA,1,1
2016,15,1144*A,Lupinus argenteus,65,200,0,10,11,9,0,0,0,8,3,1,0
2017,15,1144*A,Lupinus argenteus,65,200,0,10,11,7,0,0,0,11,0,1,0
2018,15,1144*A,Lupinus argenteus,65,200,0,10,0,0,0,0,1,11,-11,0,0
2015,15,1145*A,Lupinus argenteus,80,184,0,10,0,0,0,1,1,NA,NA,0,1
2015,15,1146*A,Lupinus argenteus,60,160,-10,-10,16.5,6.5,0,0,0,NA,NA,1,1
2016,15,1146*A,Lupinus argenteus,60,160,-10,-10,13,6,0,0,0,16.5,-3.5,1,0
2017,15,1146*A,Lupinus argenteus,60,160,-10,-10,0,0,0,0,1,13,-13,0,0
2015,16,1147*A,Agoseris glauca,37,40,-10,-10,1,0.8,0,1,0,NA,NA,1,1
2016,16,1147*A,Agoseris glauca,37,40,-10,-10,1.5,1,0,0,0,1,0.5,1,0
2017,16,1147*A,Agoseris glauca,37,40,-10,-10,0,0,0,0,1,1.5,-1.5,0,0
2015,16,1148*A,Agoseris glauca,37,48,-10,-10,0.6,1,0,1,0,NA,NA,1,1
2016,16,1148*A,Agoseris glauca,37,48,-10,-10,1,1.5,0,0,0,0.6,0.4,1,0
2017,16,1148*A,Agoseris glauca,37,48,-10,-10,0,0,0,0,1,1,-1,0,0
2015,16,1149*A,Ivesia gordonii,38,33,-5,-5,0.7,0.7,0,1,0,NA,NA,1,1
2016,16,1149*A,Ivesia gordonii,38,33,-5,-5,0.5,0.5,0,0,0,0.7,-0.2,1,0
2017,16,1149*A,Ivesia gordonii,38,33,-5,-5,1.7,1.5,0,0,0,0.5,1.2,1,0
2018,16,1149*A,Ivesia gordonii,38,33,-5,-5,2.5,2.5,0,0,0,1.7,0.8,1,0
2019,16,1149*A,Ivesia gordonii,38,33,-5,-5,5.5,5.5,0,0,0,2.5,3,1,0
2020,16,1149*A,Ivesia gordonii,38,33,-5,-5,6.5,4,0,0,0,5.5,1,1,0
2021,16,1149*A,Ivesia gordonii,38,33,-5,-5,10.5,4.5,5,0,0,6.5,4,1,0
2014,10,115*A,Ivesia gordonii,97,110,-10,-10,16,7,6,0,0,NA,NA,1,NA
2015,10,115*A,Ivesia gordonii,97,110,-10,-10,14,5.5,19,0,0,16,-2,1,0
2016,10,115*A,Ivesia gordonii,97,110,-10,-10,15.8,5.5,9,0,0,14,1.8,1,0
2017,10,115*A,Ivesia gordonii,97,110,-10,-10,17,5,23,0,0,15.8,1.2,1,0
2018,10,115*A,Ivesia gordonii,97,110,-10,-10,14.5,5.5,12,0,0,17,-2.5,1,0
2019,10,115*A,Ivesia gordonii,97,110,-10,-10,18,7.5,19,0,0,14.5,3.5,1,0
2020,10,115*A,Ivesia gordonii,97,110,-10,-10,19,7.5,7,0,0,18,1,1,0
2021,10,115*A,Ivesia gordonii,97,110,-10,-10,20,6.5,5,0,0,19,1,1,0
2015,16,1150*A,Agoseris glauca,32,55,-10,-10,0.5,2,0,1,0,NA,NA,1,1
2016,16,1150*A,Agoseris glauca,32,55,-10,-10,0.5,1.5,0,0,0,0.5,0,1,0
2017,16,1150*A,Agoseris glauca,32,55,-10,-10,0,0,0,0,1,0.5,-0.5,0,0
2015,16,1151*A,Eriogonum umbellatum,28,62,-10,-10,1.5,0.5,0,1,0,NA,NA,1,1
2016,16,1151*A,Eriogonum umbellatum,28,62,-10,-10,0,0,0,0,0,1.5,-1.5,1,0
2017,16,1151*A,Eriogonum umbellatum,28,62,-10,-10,1.5,0.5,0,0,0,0,1.5,1,0
2018,16,1151*A,Eriogonum umbellatum,28,62,-10,-10,0,0,0,0,1,1.5,-1.5,0,0
2015,16,1152*A,Lupinus argenteus,25,86,-10,-10,3,2.5,0,1,0,NA,NA,1,1
2016,16,1152*A,Lupinus argenteus,25,86,-10,-10,0,0,0,0,1,3,-3,0,0
2015,16,1153*A,Ivesia gordonii,25,81,-10,-10,0.7,0.5,0,1,0,NA,NA,1,1
2016,16,1153*A,Ivesia gordonii,25,81,-10,-10,0,0,0,0,1,0.7,-0.7,0,0
2015,16,1154*A,Senecio crassulus,34,80,-10,-10,1.5,2.5,0,1,0,NA,NA,1,1
2016,16,1154*A,Senecio crassulus,34,80,-10,-10,1.5,1,0,0,0,1.5,0,1,0
2017,16,1154*A,Senecio crassulus,34,80,-10,-10,0,0,0,0,1,1.5,-1.5,0,0
2015,16,1155*A,Senecio crassulus,28,87,-10,-10,1,1.5,0,1,0,NA,NA,1,1
2016,16,1155*A,Senecio crassulus,28,87,-10,-10,1,1,0,0,0,1,0,1,0
2017,16,1155*A,Senecio crassulus,28,87,-10,-10,0,0,0,0,1,1,-1,0,0
2015,16,1156*A,Eriogonum umbellatum,35,78,-10,-10,1.2,0.5,0,1,0,NA,NA,1,1
2016,16,1156*A,Eriogonum umbellatum,35,78,-10,-10,0,0,0,0,1,1.2,-1.2,0,0
2015,16,1157*A,Senecio crassulus,40,43,-10,-10,0.7,0.7,0,1,0,NA,NA,1,1
2016,16,1157*A,Senecio crassulus,40,43,-10,-10,0.5,0.5,0,0,0,0.7,-0.2,1,0
2017,16,1157*A,Senecio crassulus,40,43,-10,-10,0,0,0,0,1,0.5,-0.5,0,0
2015,16,1158*A,Lupinus argenteus,160,54,-10,-10,1.2,1.5,0,1,0,NA,NA,1,1
2016,16,1158*A,Lupinus argenteus,160,54,-10,-10,0,0,0,0,1,1.2,-1.2,0,0
2015,16,1159*A,Chaenactis douglasii,165,55,-10,-10,1,1,0,1,0,NA,NA,1,1
2016,16,1159*A,Chaenactis douglasii,165,55,-10,-10,0,0,0,0,1,1,-1,0,0
2014,11,116*A,Ivesia gordonii,74,148,-10,-10,3,2,0,0,0,NA,NA,1,NA
2015,11,116*A,Ivesia gordonii,74,148,-10,-10,5.5,4,0,0,0,3,2.5,1,0
2016,11,116*A,Ivesia gordonii,74,148,-10,-10,6.3,4.9,0,0,0,5.5,0.8,1,0
2017,11,116*A,Ivesia gordonii,74,148,-10,-10,9.5,6.5,4,0,0,6.3,3.2,1,0
2018,11,116*A,Ivesia gordonii,74,148,-10,-10,9.5,7,1,0,0,9.5,0,1,0
2019,11,116*A,Ivesia gordonii,74,148,-10,-10,15,8.5,2,0,0,9.5,5.5,1,0
2020,11,116*A,Ivesia gordonii,74,148,-10,-10,12,7,4,0,0,15,-3,1,0
2021,11,116*A,Ivesia gordonii,74,148,-10,-10,12,6,2,0,0,12,0,1,0
2015,16,1160*A,Eriogonum umbellatum,130,50,-10,-10,1,1,0,1,0,NA,NA,1,1
2016,16,1160*A,Eriogonum umbellatum,130,50,-10,-10,3,2,0,0,0,1,2,1,0
2017,16,1160*A,Eriogonum umbellatum,130,50,-10,-10,7,4,0,0,0,3,4,1,0
2018,16,1160*A,Eriogonum umbellatum,130,50,-10,-10,0,0,0,0,1,7,-7,0,0
2015,16,1161*A,Eriogonum umbellatum,121,45,-10,-10,1,1,0,1,0,NA,NA,1,1
2016,16,1161*A,Eriogonum umbellatum,121,45,-10,-10,2,2,0,0,0,1,1,1,0
2017,16,1161*A,Eriogonum umbellatum,121,45,-10,-10,4,2.5,0,0,0,2,2,1,0
2018,16,1161*A,Eriogonum umbellatum,121,45,-10,-10,13,3,1,0,0,4,9,1,0
2019,16,1161*A,Eriogonum umbellatum,121,45,-10,-10,19,5,8,0,0,13,6,1,0
2020,16,1161*A,Eriogonum umbellatum,121,45,-10,-10,23,5,6,0,0,19,4,1,0
2021,16,1161*A,Eriogonum umbellatum,121,45,-10,-10,25,2,16,0,0,23,2,1,0
2015,16,1162*A,Ivesia gordonii,110,52,-10,-10,0.5,0.5,0,1,0,NA,NA,1,1
2016,16,1162*A,Ivesia gordonii,110,52,-10,-10,1,0.5,0,0,0,0.5,0.5,1,0
2017,16,1162*A,Ivesia gordonii,110,52,-10,-10,4,3,0,0,0,1,3,1,0
2018,16,1162*A,Ivesia gordonii,110,52,-10,-10,5.5,4,1,0,0,4,1.5,1,0
2019,16,1162*A,Ivesia gordonii,110,52,-10,-10,14,7.5,6,0,0,5.5,8.5,1,0
2020,16,1162*A,Ivesia gordonii,110,52,-10,-10,13,6,4,0,0,14,-1,1,0
2021,16,1162*A,Ivesia gordonii,110,52,-10,-10,18.5,7.5,2,0,0,13,5.5,1,0
2015,17,1163*A,Lupinus argenteus,37,35,-10,-10,7,3,0,0,0,NA,NA,1,1
2016,17,1163*A,Lupinus argenteus,37,35,-10,-10,4,3,0,0,0,7,-3,1,0
2017,17,1163*A,Lupinus argenteus,37,35,-10,-10,0,0,0,0,1,4,-4,0,0
2015,17,1164*A,Lupinus argenteus,92,77,-10,-10,0.5,0.5,0,0,0,NA,NA,1,1
2016,17,1164*A,Lupinus argenteus,92,77,-10,-10,0,0,0,0,1,0.5,-0.5,0,0
2015,17,1165*A,Lupinus argenteus,102,75,-10,-10,1,1,0,1,0,NA,NA,1,1
2016,17,1165*A,Lupinus argenteus,102,75,-10,-10,0,0,0,0,1,1,-1,0,0
2015,18,1166*A,Lupinus argenteus,123,75,-10,-10,2,1,0,1,0,NA,NA,1,1
2016,18,1166*A,Lupinus argenteus,123,75,-10,-10,6,4,0,0,0,2,4,1,0
2017,18,1166*A,Lupinus argenteus,123,75,-10,-10,0,0,0,0,1,6,-6,0,0
2015,19,1167*A,Senecio crassulus,176,35,-10,-10,1,0.5,0,1,0,NA,NA,1,1
2016,19,1167*A,Senecio crassulus,176,35,-10,-10,0.5,1,0,0,0,1,-0.5,1,0
2017,19,1167*A,Senecio crassulus,176,35,-10,-10,1.5,1,0,0,0,0.5,1,1,0
2018,19,1167*A,Senecio crassulus,176,35,-10,-10,0,0,0,0,1,1.5,-1.5,0,0
2015,19,1168*A,Lupinus argenteus,198,110,-10,-10,1,3,0,1,0,NA,NA,1,1
2016,19,1168*A,Lupinus argenteus,198,110,-10,-10,1,1.5,0,0,0,1,0,1,0
2017,19,1168*A,Lupinus argenteus,198,110,-10,-10,0,0,0,0,1,1,-1,0,0
2015,19,1169*A,Ivesia gordonii,103,5,-10,-10,2,2.5,0,1,0,NA,NA,1,1
2016,19,1169*A,Ivesia gordonii,103,5,-10,-10,0,0,0,0,1,2,-2,0,0
2014,11,117*A,Lupinus argenteus,80,30,-10,-10,37,14,1,0,0,NA,NA,1,NA
2015,11,117*A,Lupinus argenteus,80,30,-10,-10,33,12,4,0,0,37,-4,1,0
2016,11,117*A,Lupinus argenteus,80,30,-10,-10,38,18.5,4,0,0,33,5,1,0
2017,11,117*A,Lupinus argenteus,80,30,-10,-10,0.4,0.6,0,0,0,38,-37.6,1,0
2018,11,117*A,Lupinus argenteus,80,30,-10,-10,0,0,0,0,1,0.4,-0.4,0,0
2015,19,1170*A,Eriogonum umbellatum,148,30,-10,-10,1,0.2,0,1,0,NA,NA,1,1
2016,19,1170*A,Eriogonum umbellatum,148,30,-10,-10,1,0.5,0,0,0,1,0,1,0
2017,19,1170*A,Eriogonum umbellatum,148,30,-10,-10,0,0,0,0,1,1,-1,0,0
2015,19,1171*A,Ivesia gordonii,190,10,-10,-10,1.5,2,0,1,0,NA,NA,1,1
2016,19,1171*A,Ivesia gordonii,190,10,-10,-10,2,2.5,0,0,0,1.5,0.5,1,0
2017,19,1171*A,Ivesia gordonii,190,10,-10,-10,3,2,0,0,0,2,1,1,0
2018,19,1171*A,Ivesia gordonii,190,10,-10,-10,3,3.5,0,0,0,3,0,1,0
2019,19,1171*A,Ivesia gordonii,190,10,-10,-10,4,3,2,0,0,3,1,1,0
2020,19,1171*A,Ivesia gordonii,190,10,-10,-10,5,3.5,0,0,0,4,1,1,0
2021,19,1171*A,Ivesia gordonii,190,10,-10,-10,6,3.5,0,0,0,5,1,1,0
2015,19,1172*A,Ivesia gordonii,156,109,-10,-10,0.5,0.2,0,1,0,NA,NA,1,1
2016,19,1172*A,Ivesia gordonii,156,109,-10,-10,0.5,0.5,0,0,0,0.5,0,1,0
2017,19,1172*A,Ivesia gordonii,156,109,-10,-10,0.5,0.5,0,0,0,0.5,0,1,0
2018,19,1172*A,Ivesia gordonii,156,109,-10,-10,0.5,1.1,0,0,0,0.5,0,1,0
2019,19,1172*A,Ivesia gordonii,156,109,-10,-10,0.9,1,0,0,0,0.5,0.4,1,0
2020,19,1172*A,Ivesia gordonii,156,109,-10,-10,1.2,0.7,0,0,0,0.9,0.3,1,0
2021,19,1172*A,Ivesia gordonii,156,109,-10,-10,1.5,2,0,0,0,1.2,0.3,1,0
2015,19,1173*A,Lupinus argenteus,21,17,-10,-10,1.5,2.5,0,1,0,NA,NA,1,1
2016,19,1173*A,Lupinus argenteus,21,17,-10,-10,4,5,0,0,0,1.5,2.5,1,0
2017,19,1173*A,Lupinus argenteus,21,17,-10,-10,9,5,0,0,0,4,5,1,0
2018,19,1173*A,Lupinus argenteus,21,17,-10,-10,5.5,5,0,0,0,9,-3.5,1,0
2019,19,1173*A,Lupinus argenteus,21,17,-10,-10,4.5,5,0,0,0,5.5,-1,1,0
2020,19,1173*A,Lupinus argenteus,21,17,-10,-10,5.5,4,0,0,0,4.5,1,1,0
2021,19,1173*A,Lupinus argenteus,21,17,-10,-10,5,4,0,0,0,5.5,-0.5,1,0
2015,20,1175*A,Eriogonum umbellatum,9,7,0,-10,1.4,0.9,0,0,0,NA,NA,1,1
2016,20,1175*A,Eriogonum umbellatum,9,7,0,-10,2,1,0,0,0,1.4,0.6,1,0
2017,20,1175*A,Eriogonum umbellatum,9,7,0,-10,1.5,1,0,0,0,2,-0.5,1,0
2018,20,1175*A,Eriogonum umbellatum,9,7,0,-10,1,1,0,0,0,1.5,-0.5,1,0
2019,20,1175*A,Eriogonum umbellatum,9,7,0,-10,0,0,0,0,1,1,-1,0,0
2015,20,1176*A,Eriogonum umbellatum,3,5,0,-10,0.5,0.8,0,1,0,NA,NA,1,1
2016,20,1176*A,Eriogonum umbellatum,3,5,0,-10,1,1,0,0,0,0.5,0.5,1,0
2017,20,1176*A,Eriogonum umbellatum,3,5,0,-10,1,1,0,0,0,1,0,1,0
2018,20,1176*A,Eriogonum umbellatum,3,5,0,-10,0.9,1,0,0,0,1,-0.1,1,0
2019,20,1176*A,Eriogonum umbellatum,3,5,0,-10,0,0,0,0,1,0.9,-0.9,0,0
2015,20,1177*A,Eriogonum umbellatum,8,16,0,-10,1.2,0.5,0,1,0,NA,NA,1,1
2016,20,1177*A,Eriogonum umbellatum,8,16,0,-10,0,0,0,0,1,1.2,-1.2,0,0
2015,20,1178*A,Ivesia gordonii,22,28,-10,-10,1.5,2,0,0,0,NA,NA,1,1
2016,20,1178*A,Ivesia gordonii,22,28,-10,-10,0,0,0,0,1,1.5,-1.5,0,0
2015,20,1179*A,Arenaria congesta,18.99344082,20.91580858,-10,-10,0.5,0.5,0,1,0,NA,NA,1,1
2015,20,1179*B,Arenaria congesta,17.64838971,21.59249944,-10,-10,0.5,0.5,0,1,0,NA,NA,1,1
2015,20,1179*C,Arenaria congesta,14.64101136,15.55219859,-10,-10,0.5,0.5,0,1,0,NA,NA,1,1
2015,20,1179*D,Arenaria congesta,22.93364756,29.27050518,-10,-10,0.5,0.5,0,1,0,NA,NA,1,1
2015,20,1179*E,Arenaria congesta,12.30474454,26.52254235,-10,-10,0.5,0.5,0,1,0,NA,NA,1,1
2015,20,1179*F,Arenaria congesta,12.49301282,27.45368273,-10,-10,0.5,0.5,0,1,0,NA,NA,1,1
2015,20,1179*G,Arenaria congesta,20.11680292,28.11397428,-10,-10,0.5,0.5,0,1,0,NA,NA,1,1
2015,20,1179*H,Arenaria congesta,12.28070981,20.98334368,-10,-10,0.5,0.5,0,1,0,NA,NA,1,1
2015,20,1179*I,Arenaria congesta,21.80227502,17.26456385,-10,-10,0.5,0.5,0,1,0,NA,NA,1,1
2015,20,1179*J,Arenaria congesta,18.34649116,27.91204429,-10,-10,0.5,0.5,0,1,0,NA,NA,1,1
2015,20,1179*K,Arenaria congesta,20.28724296,30.95018561,-10,-10,0.5,0.5,0,1,0,NA,NA,1,1
2015,20,1179*L,Arenaria congesta,15.90515493,26.12560599,-10,-10,0.5,0.5,0,1,0,NA,NA,1,1
2015,20,1179*M,Arenaria congesta,23.96793806,17.3098689,-10,-10,0.5,0.5,0,1,0,NA,NA,1,1
2016,20,1179*A,Arenaria congesta,19.2271916,20.4254106,-10,-10,2,2,1,0,0,0.5,1.5,1,0
2016,20,1179*B,Arenaria congesta,17.56565788,21.26132284,-10,-10,2,2,1,0,0,0.5,1.5,1,0
2016,20,1179*C,Arenaria congesta,13.85066109,13.79977473,-10,-10,2,2,0,0,0,0.5,1.5,1,0
2016,20,1179*D,Arenaria congesta,24.09450581,30.74591817,-10,-10,2,2,0,0,0,0.5,1.5,1,0
2016,20,1179*E,Arenaria congesta,10.96468443,27.35137584,-10,-10,2,2,0,0,0,0.5,1.5,1,0
2016,20,1179*F,Arenaria congesta,11.19725113,28.50160807,-10,-10,2,2,0,0,0,0.5,1.5,1,0
2016,20,1179*G,Arenaria congesta,20.61487419,29.31726234,-10,-10,2,2,0,0,0,0.5,1.5,1,0
2016,20,1179*H,Arenaria congesta,10.93499447,20.50883631,-10,-10,2,2,0,0,0,0.5,1.5,1,0
2016,20,1179*I,Arenaria congesta,22.69692797,15.91504946,-10,-10,2,2,0,0,0,0.5,1.5,1,0
2016,20,1179*J,Arenaria congesta,18.42801849,29.06781942,-10,-10,2,2,0,0,0,0.5,1.5,1,0
2016,20,1179*K,Arenaria congesta,20.82541778,32.82081752,-10,-10,2,2,0,0,0,0.5,1.5,1,0
2016,20,1179*L,Arenaria congesta,15.41225021,26.8610427,-10,-10,2,2,0,0,0,0.5,1.5,1,0
2016,20,1179*M,Arenaria congesta,25.37215878,15.97101452,-10,-10,2,2,0,0,0,0.5,1.5,1,0
2016,20,1179*N,Arenaria congesta,27.82713582,24.40315673,-10,-10,2,2,0,0,0,NA,NA,1,1
2016,20,1179*O,Arenaria congesta,17.43574394,31.51464113,-10,-10,2,2,0,0,0,NA,NA,1,1
2016,20,1179*P,Arenaria congesta,23.35384394,23.60260667,-10,-10,2,2,0,0,0,NA,NA,1,1
2016,20,1179*Q,Arenaria congesta,8.304594756,20.97337346,-10,-10,2,2,0,0,0,NA,NA,1,1
2016,20,1179*R,Arenaria congesta,21.34673016,15.12934828,-10,-10,2,2,0,0,0,NA,NA,1,1
2016,20,1179*S,Arenaria congesta,11.38720417,25.08210175,-10,-10,2,2,0,0,0,NA,NA,1,1
2016,20,1179*T,Arenaria congesta,15.36991451,18.29344675,-10,-10,2,2,0,0,0,NA,NA,1,1
2016,20,1179*U,Arenaria congesta,15.91080247,13.86786906,-10,-10,2,2,0,0,0,NA,NA,1,1
2016,20,1179*V,Arenaria congesta,20.97951613,12.96788692,-10,-10,2,2,0,0,0,NA,NA,1,1
2016,20,1179*W,Arenaria congesta,25.35074081,22.08683974,-10,-10,2,2,0,0,0,NA,NA,1,1
2017,20,1179*A,Arenaria congesta,19.51938008,19.81241313,-10,-10,5,3,1,0,0,2,3,1,0
2017,20,1179*B,Arenaria congesta,17.46224309,20.84735209,-10,-10,5,3,1,0,0,2,3,1,0
2017,20,1179*C,Arenaria congesta,12.86272325,11.6092449,-10,-10,5,3,1,0,0,2,3,1,0
2017,20,1179*D,Arenaria congesta,25.54557862,32.5901844,-10,-10,5,3,1,0,0,2,3,1,0
2017,20,1179*E,Arenaria congesta,9.289609293,28.38741771,-10,-10,5,3,1,0,0,2,3,1,0
2017,20,1179*F,Arenaria congesta,9.577549015,29.81151476,-10,-10,5,3,1,0,0,2,3,1,0
2017,20,1179*G,Arenaria congesta,21.23746328,30.82137243,-10,-10,5,3,1,0,0,2,3,1,0
2017,20,1179*H,Arenaria congesta,9.252850294,19.9157021,-10,-10,5,3,1,0,0,2,3,1,0
2017,20,1179*I,Arenaria congesta,23.81524415,14.22815648,-10,-10,5,3,1,0,0,2,3,1,0
2017,20,1179*J,Arenaria congesta,18.52992766,30.51253832,-10,-10,5,3,1,0,0,2,3,1,0
2017,20,1179*K,Arenaria congesta,21.4981363,35.15910741,-10,-10,5,3,1,0,0,2,3,1,0
2017,20,1179*L,Arenaria congesta,14.79611931,27.78033858,-10,-10,5,3,1,0,0,2,3,1,0
2017,20,1179*M,Arenaria congesta,27.12743468,14.29744655,-10,-10,5,3,1,0,0,2,3,1,0
2017,20,1179*N,Arenaria congesta,30.16693006,24.73724167,-10,-10,5,3,1,0,0,2,3,1,0
2017,20,1179*O,Arenaria congesta,17.30139725,33.54193664,-10,-10,5,3,1,0,0,2,3,1,0
2017,20,1179*P,Arenaria congesta,24.62856868,23.74608445,-10,-10,5,3,1,0,0,2,3,1,0
2017,20,1179*Q,Arenaria congesta,5.996164936,20.49084334,-10,-10,5,3,1,0,0,2,3,1,0
2017,20,1179*R,Arenaria congesta,22.14357068,13.25538358,-10,-10,5,3,1,0,0,2,3,1,0
2017,20,1179*S,Arenaria congesta,9.812728971,25.57784026,-10,-10,5,3,1,0,1,2,3,0,0
2017,20,1179*T,Arenaria congesta,14.74370368,17.17283884,-10,-10,5,3,1,0,1,2,3,0,0
2017,20,1179*U,Arenaria congesta,15.41337449,11.69355217,-10,-10,5,3,1,0,1,2,3,0,0
2017,20,1179*V,Arenaria congesta,21.68892474,10.57928857,-10,-10,5,3,1,0,1,2,3,0,0
2017,20,1179*W,Arenaria congesta,27.1009172,21.86942063,-10,-10,5,3,1,0,1,2,3,0,0
2017,20,1179*X,Arenaria congesta,16.49387496,23.28786973,-10,-10,5,3,1,0,1,NA,NA,0,1
2018,20,1179*A,Arenaria congesta,19.11031621,20.67060959,-10,-10,1.5,1.5,2,0,0,5,-3.5,1,0
2018,20,1179*B,Arenaria congesta,17.6070238,21.42691114,-10,-10,1.5,1.5,2,0,0,5,-3.5,1,0
2018,20,1179*C,Arenaria congesta,14.24583622,14.67598666,-10,-10,1.5,1.5,2,0,0,5,-3.5,1,0
2018,20,1179*D,Arenaria congesta,23.51407668,30.00821168,-10,-10,1.5,1.5,2,0,0,5,-3.5,1,0
2018,20,1179*E,Arenaria congesta,11.63471448,26.9369591,-10,-10,1.5,1.5,1,0,0,5,-3.5,1,0
2018,20,1179*F,Arenaria congesta,11.84513197,27.9776454,-10,-10,1.5,1.5,1,0,0,5,-3.5,1,0
2018,20,1179*G,Arenaria congesta,20.36583855,28.71561831,-10,-10,1.5,1.5,1,0,0,5,-3.5,1,0
2018,20,1179*H,Arenaria congesta,11.60785214,20.74608999,-10,-10,1.5,1.5,1,0,0,5,-3.5,1,0
2018,20,1179*I,Arenaria congesta,22.24960149,16.58980666,-10,-10,1.5,1.5,1,0,1,5,-3.5,0,0
2018,20,1179*J,Arenaria congesta,18.38725483,28.48993185,-10,-10,1.5,1.5,1,0,1,5,-3.5,0,0
2018,20,1179*K,Arenaria congesta,20.55633037,31.88550157,-10,-10,1.5,1.5,1,0,1,5,-3.5,0,0
2018,20,1179*L,Arenaria congesta,15.65870257,26.49332435,-10,-10,1.5,1.5,1,0,1,5,-3.5,0,0
2018,20,1179*M,Arenaria congesta,24.67004842,16.64044171,-10,-10,1.5,1.5,1,0,1,5,-3.5,0,0
2018,20,1179*N,Arenaria congesta,26.89121812,24.26952276,-10,-10,1.5,1.5,1,0,1,5,-3.5,0,0
2018,20,1179*O,Arenaria congesta,17.48948261,30.70372293,-10,-10,1.5,1.5,1,0,1,5,-3.5,0,0
2018,20,1179*P,Arenaria congesta,22.84395404,23.54521556,-10,-10,1.5,1.5,1,0,1,5,-3.5,0,0
2018,20,1179*Q,Arenaria congesta,9.227966684,21.16638552,-10,-10,1.5,1.5,1,0,1,5,-3.5,0,0
2018,20,1179*R,Arenaria congesta,21.02799396,15.87893416,-10,-10,1.5,1.5,1,0,1,5,-3.5,0,0
2019,20,1179*A,Arenaria congesta,19.75313086,19.32201515,-10,-10,7,6,2,0,0,1.5,5.5,1,0
2019,20,1179*B,Arenaria congesta,17.37951126,20.51617549,-10,-10,7,6,2,0,0,1.5,5.5,1,0
2019,20,1179*C,Arenaria congesta,12.07237298,9.85682104,-10,-10,7,6,1,0,0,1.5,5.5,1,0
2019,20,1179*D,Arenaria congesta,26.70643687,34.06559738,-10,-10,7,6,1,0,0,1.5,5.5,1,0
2019,20,1179*E,Arenaria congesta,7.949549184,29.2162512,-10,-10,7,6,1,0,0,1.5,5.5,1,0
2019,20,1179*F,Arenaria congesta,8.281787325,30.85944011,-10,-10,7,6,1,0,1,1.5,5.5,0,0
2019,20,1179*G,Arenaria congesta,21.73553456,32.02466049,-10,-10,7,6,1,0,1,1.5,5.5,0,0
2019,20,1179*H,Arenaria congesta,7.907134955,19.44119473,-10,-10,7,6,1,0,1,1.5,5.5,0,0
2020,20,1179*A,Arenaria congesta,19.40250469,20.05761212,-10,-10,4,7,4,0,0,7,-3,1,0
2020,20,1179*B,Arenaria congesta,17.503609,21.01294039,-10,-10,4,7,3,0,0,7,-3,1,0
2020,20,1179*C,Arenaria congesta,13.25789839,12.48545683,-10,-10,4,7,3,0,0,7,-3,1,0
2020,20,1179*D,Arenaria congesta,24.9651495,31.85247791,-10,-10,4,7,3,0,0,7,-3,1,0
2020,20,1179*E,Arenaria congesta,9.959639347,27.97300096,-10,-10,4,7,3,0,1,7,-3,0,0
2021,20,1179*A,Arenaria congesta,19.51938008,19.81241313,-10,-10,7,5,15,0,0,4,3,1,0
2021,20,1179*B,Arenaria congesta,17.46224309,20.84735209,-10,-10,7,5,15,0,0,4,3,1,0
2021,20,1179*C,Arenaria congesta,12.86272325,11.6092449,-10,-10,7,5,14,0,0,4,3,1,0
2021,20,1179*D,Arenaria congesta,25.54557862,32.5901844,-10,-10,7,5,14,0,0,4,3,1,0
2014,11,118*A,Ivesia gordonii,85,20,-10,-10,3,2,0,0,0,NA,NA,1,NA
2015,11,118*A,Ivesia gordonii,85,20,-10,-10,6,4,0,0,0,3,3,1,0
2016,11,118*A,Ivesia gordonii,85,20,-10,-10,12.5,5,2,0,0,6,6.5,1,0
2017,11,118*A,Ivesia gordonii,85,20,-10,-10,0,0,0,0,1,12.5,-12.5,0,0
2015,20,1180*A,Eriogonum umbellatum,10,25,-10,-10,2,1.3,0,1,0,NA,NA,1,1
2016,20,1180*A,Eriogonum umbellatum,10,25,-10,-10,1,1,0,0,0,2,-1,1,0
2017,20,1180*A,Eriogonum umbellatum,10,25,-10,-10,0.5,0.5,0,0,0,1,-0.5,1,0
2018,20,1180*A,Eriogonum umbellatum,10,25,-10,-10,0,0,0,0,1,0.5,-0.5,0,0
2015,20,1181*A,Arenaria congesta,4,28,-5,-5,1,1.2,0,1,0,NA,NA,1,1
2016,20,1181*A,Arenaria congesta,4.993440822,25.91580858,-5,-5,2,3,0,0,0,1,1,1,0
2016,20,1181*B,Arenaria congesta,3.648389712,26.59249944,-5,-5,2,3,0,0,0,NA,NA,1,1
2016,20,1181*C,Arenaria congesta,0.641011357,20.55219859,-5,-5,2,3,0,0,0,NA,NA,1,1
2016,20,1181*D,Arenaria congesta,8.93364756,34.27050518,-5,-5,2,3,0,0,0,NA,NA,1,1
2016,20,1181*E,Arenaria congesta,-1.695255462,31.52254235,-5,-5,2,3,0,0,0,NA,NA,1,1
2016,20,1181*F,Arenaria congesta,-1.506987183,32.45368273,-5,-5,2,3,0,0,0,NA,NA,1,1
2016,20,1181*G,Arenaria congesta,6.116802915,33.11397428,-5,-5,2,3,0,0,1,NA,NA,0,1
2016,20,1181*H,Arenaria congesta,-1.719290192,25.98334368,-5,-5,2,3,0,0,1,NA,NA,0,1
2016,20,1181*I,Arenaria congesta,7.80227502,22.26456385,-5,-5,2,3,0,0,1,NA,NA,0,1
2016,20,1181*J,Arenaria congesta,4.346491161,32.91204429,-5,-5,2,3,0,0,1,NA,NA,0,1
2016,20,1181*K,Arenaria congesta,6.287242963,35.95018561,-5,-5,2,3,0,0,1,NA,NA,0,1
2016,20,1181*L,Arenaria congesta,1.905154934,31.12560599,-5,-5,2,3,0,0,1,NA,NA,0,1
2017,20,1181*A,Arenaria congesta,5.110316213,25.67060959,-5,-5,2,3,0,0,0,2,0,1,0
2017,20,1181*B,Arenaria congesta,3.607023796,26.42691114,-5,-5,2,3,0,0,1,2,0,0,0
2017,20,1181*C,Arenaria congesta,0.245836223,19.67598666,-5,-5,2,3,0,0,1,2,0,0,0
2017,20,1181*D,Arenaria congesta,9.514076685,35.00821168,-5,-5,2,3,0,0,1,2,0,0,0
2017,20,1181*E,Arenaria congesta,-2.365285517,31.9369591,-5,-5,2,3,0,0,1,2,0,0,0
2017,20,1181*F,Arenaria congesta,-2.154868028,32.9776454,-5,-5,2,3,0,0,1,2,0,0,0
2018,20,1181*A,Arenaria congesta,4,28,-5,-5,1,2,0,0,0,2,-1,1,0
2019,20,1181*A,Arenaria congesta,4,28,-5,-5,2,2,0,0,0,1,1,1,0
2020,20,1181*A,Arenaria congesta,4,28,-5,-5,5.5,5,1,0,0,2,3.5,1,0
2021,20,1181*A,Arenaria congesta,4,28,-5,-5,5.5,3.5,3,0,0,5.5,0,1,0
2015,20,1182*A,Eriogonum umbellatum,23,44,-10,-10,1.5,1.5,0,1,0,NA,NA,1,1
2016,20,1182*A,Eriogonum umbellatum,23,44,-10,-10,1,1,0,0,0,1.5,-0.5,1,0
2017,20,1182*A,Eriogonum umbellatum,23,44,-10,-10,1,1.5,0,0,0,1,0,1,0
2018,20,1182*A,Eriogonum umbellatum,23,44,-10,-10,0,0,0,0,1,1,-1,0,0
2015,20,1183*A,Arenaria congesta,49.16875391,32.5480101,-10,-10,0.5,0.5,0,1,0,NA,NA,1,1
2015,20,1183*B,Arenaria congesta,47.58634084,33.34411699,-10,-10,0.5,0.5,0,1,0,NA,NA,1,1
2015,20,1183*C,Arenaria congesta,44.04824866,26.23788069,-10,-10,0.5,0.5,0,1,0,NA,NA,1,1
2015,20,1183*D,Arenaria congesta,53.80429125,42.37706492,-10,-10,0.5,0.5,0,1,0,NA,NA,1,1
2015,20,1183*E,Arenaria congesta,41.29969946,39.14416747,-10,-10,0.5,0.5,0,1,0,NA,NA,1,1
2015,20,1183*F,Arenaria congesta,41.52119155,40.23962674,-10,-10,0.5,0.5,0,1,0,NA,NA,1,1
2015,20,1183*G,Arenaria congesta,50.49035637,41.01644033,-10,-10,0.5,0.5,0,1,0,NA,NA,1,1
2015,20,1183*H,Arenaria congesta,41.2714233,32.62746315,-10,-10,0.5,0.5,0,1,0,NA,NA,1,1
2015,20,1183*I,Arenaria congesta,52.47326473,28.25242806,-10,-10,0.5,0.5,0,1,0,NA,NA,1,1
2015,20,1183*J,Arenaria congesta,48.40763666,40.77887563,-10,-10,0.5,0.5,0,1,0,NA,NA,1,1
2015,20,1183*K,Arenaria congesta,50.69087407,44.35315954,-10,-10,0.5,0.5,0,1,0,NA,NA,1,1
2015,20,1183*L,Arenaria congesta,45.53547639,38.67718352,-10,-10,0.5,0.5,0,1,0,NA,NA,1,1
2015,20,1183*M,Arenaria congesta,55.0211036,28.30572811,-10,-10,0.5,0.5,0,1,0,NA,NA,1,1
2015,20,1183*N,Arenaria congesta,57.35917697,36.33633974,-10,-10,0.5,0.5,0,1,0,NA,NA,1,1
2015,20,1183*O,Arenaria congesta,47.46261327,43.10918203,-10,-10,0.5,0.5,0,1,0,NA,NA,1,1
2015,20,1183*P,Arenaria congesta,53.09889899,35.57391112,-10,-10,0.5,0.5,0,1,1,NA,NA,0,1
2015,20,1183*Q,Arenaria congesta,38.76628072,33.06987949,-10,-10,0.5,0.5,0,1,1,NA,NA,0,1
2015,20,1183*R,Arenaria congesta,51.18736206,27.50414122,-10,-10,0.5,0.5,0,1,1,NA,NA,0,1
2015,20,1183*S,Arenaria congesta,41.70209921,36.98295404,-10,-10,0.5,0.5,0,1,1,NA,NA,0,1
2015,20,1183*T,Arenaria congesta,45.49515668,30.51756834,-10,-10,0.5,0.5,0,1,1,NA,NA,0,1
2015,20,1183*U,Arenaria congesta,46.01028807,26.30273244,-10,-10,0.5,0.5,0,1,1,NA,NA,0,1
2016,20,1183*A,Arenaria congesta,48.87656543,33.16100757,-10,-10,1,1,0,0,0,0.5,0.5,1,0
2016,20,1183*B,Arenaria congesta,47.68975563,33.75808775,-10,-10,1,1,0,0,0,0.5,0.5,1,0
2016,20,1183*C,Arenaria congesta,45.03618649,28.42841052,-10,-10,1,1,0,0,0,0.5,0.5,1,0
2016,20,1183*D,Arenaria congesta,52.35321844,40.53279869,-10,-10,1,1,0,0,0,0.5,0.5,1,0
2016,20,1183*E,Arenaria congesta,42.97477459,38.1081256,-10,-10,1,1,0,0,0,0.5,0.5,1,0
2016,20,1183*F,Arenaria congesta,43.14089366,38.92972005,-10,-10,1,1,0,0,0,0.5,0.5,1,0
2016,20,1183*G,Arenaria congesta,49.86776728,39.51233025,-10,-10,1,1,0,0,0,0.5,0.5,1,0
2016,20,1183*H,Arenaria congesta,42.95356748,33.22059736,-10,-10,1,1,0,0,0,0.5,0.5,1,0
2016,20,1183*I,Arenaria congesta,51.35494855,29.93932105,-10,-10,1,1,0,0,0,0.5,0.5,1,0
2016,20,1183*J,Arenaria congesta,48.3057275,39.33415673,-10,-10,1,1,0,0,0,0.5,0.5,1,0
2016,20,1183*K,Arenaria congesta,50.01815556,42.01486966,-10,-10,1,1,0,0,1,0.5,0.5,0,0
2016,20,1183*L,Arenaria congesta,46.15160729,37.75788764,-10,-10,1,1,0,0,1,0.5,0.5,0,0
2016,20,1183*M,Arenaria congesta,53.2658277,29.97929609,-10,-10,1,1,0,0,1,0.5,0.5,0,0
2016,20,1183*N,Arenaria congesta,55.01938273,36.00225481,-10,-10,1,1,0,0,1,0.5,0.5,0,0
2016,20,1183*O,Arenaria congesta,47.59695995,41.08188652,-10,-10,1,1,0,0,1,0.5,0.5,0,0
2017,20,1183*A,Arenaria congesta,48.99344082,32.91580858,-10,-10,2,2,0,0,0,1,1,1,0
2017,20,1183*B,Arenaria congesta,47.64838971,33.59249944,-10,-10,2,2,0,0,0,1,1,1,0
2017,20,1183*C,Arenaria congesta,44.64101136,27.55219859,-10,-10,2,2,0,0,0,1,1,1,0
2017,20,1183*D,Arenaria congesta,52.93364756,41.27050518,-10,-10,2,2,0,0,0,1,1,1,0
2017,20,1183*E,Arenaria congesta,42.30474454,38.52254235,-10,-10,2,2,0,0,0,1,1,1,0
2017,20,1183*F,Arenaria congesta,42.49301282,39.45368273,-10,-10,2,2,0,0,0,1,1,1,0
2017,20,1183*G,Arenaria congesta,50.11680292,40.11397428,-10,-10,2,2,0,0,0,1,1,1,0
2017,20,1183*H,Arenaria congesta,42.28070981,32.98334368,-10,-10,2,2,0,0,0,1,1,1,0
2017,20,1183*I,Arenaria congesta,51.80227502,29.26456385,-10,-10,2,2,0,0,0,1,1,1,0
2017,20,1183*J,Arenaria congesta,48.34649116,39.91204429,-10,-10,2,2,0,0,1,1,1,0,0
2018,20,1183*A,Arenaria congesta,48.81812774,33.28360707,-10,-10,4,4,1,0,0,2,2,1,0
2018,20,1183*B,Arenaria congesta,47.71043859,33.8408819,-10,-10,4,4,1,0,0,2,2,1,0
2018,20,1183*C,Arenaria congesta,45.23377406,28.86651649,-10,-10,4,4,0,0,0,2,2,1,0
2018,20,1183*D,Arenaria congesta,52.06300387,40.16394544,-10,-10,4,4,0,0,0,2,2,1,0
2019,20,1183*A,Arenaria congesta,48.96422197,32.97710833,-10,-10,1.5,4,0,0,0,4,-2.5,1,0
2019,20,1183*B,Arenaria congesta,47.65873119,33.63389652,-10,-10,1.5,4,0,0,0,4,-2.5,1,0
2019,20,1183*C,Arenaria congesta,44.73980514,27.77125157,-10,-10,1.5,4,0,0,0,4,-2.5,1,0
2019,20,1183*D,Arenaria congesta,52.78854028,41.08607856,-10,-10,1.5,4,0,0,0,4,-2.5,1,0
2018,20,1183*E,Arenaria congesta,42.47225205,38.41893816,-10,-10,0,0,0,0,0,2,-2,1,0
2019,20,1183*E,Arenaria congesta,42.47225205,38.41893816,-10,-10,1.5,4,0,0,0,0,1.5,1,0
2018,20,1183*F,Arenaria congesta,42.65498303,39.32269206,-10,-10,0,0,0,0,0,2,-2,1,0
2019,20,1183*F,Arenaria congesta,42.65498303,39.32269206,-10,-10,1.5,4,0,0,0,0,1.5,1,0
2018,20,1183*G,Arenaria congesta,50.05454401,39.96356327,-10,-10,0,0,0,0,0,2,-2,1,0
2019,20,1183*G,Arenaria congesta,50.05454401,39.96356327,-10,-10,1.5,4,0,0,0,0,1.5,1,0
2018,20,1183*H,Arenaria congesta,42.44892423,33.0426571,-10,-10,0,0,0,0,0,2,-2,1,0
2019,20,1183*H,Arenaria congesta,42.44892423,33.0426571,-10,-10,1.5,4,0,0,0,0,1.5,1,0
2018,20,1183*I,Arenaria congesta,51.6904434,29.43325315,-10,-10,0,0,0,0,0,2,-2,1,0
2019,20,1183*I,Arenaria congesta,51.6904434,29.43325315,-10,-10,1.5,4,0,0,0,0,1.5,1,0
2020,20,1183*A,Arenaria congesta,48.93500313,33.03840808,-10,-10,1,5,1,0,0,1.5,-0.5,1,0
2020,20,1183*B,Arenaria congesta,47.66907267,33.67529359,-10,-10,1,5,1,0,0,1.5,-0.5,1,0
2020,20,1183*C,Arenaria congesta,44.83859892,27.99030455,-10,-10,1,5,1,0,0,1.5,-0.5,1,0
2020,20,1183*D,Arenaria congesta,52.643433,40.90165194,-10,-10,1,5,1,0,0,1.5,-0.5,1,0
2020,20,1183*E,Arenaria congesta,42.63975956,38.31533397,-10,-10,1,5,1,0,0,1.5,-0.5,1,0
2020,20,1183*F,Arenaria congesta,42.81695324,39.19170139,-10,-10,1,5,1,0,0,1.5,-0.5,1,0
2020,20,1183*G,Arenaria congesta,49.9922851,39.81315226,-10,-10,1,5,1,0,1,1.5,-0.5,0,0
2020,20,1183*H,Arenaria congesta,42.61713864,33.10197052,-10,-10,1,5,1,0,1,1.5,-0.5,0,0
2020,20,1183*I,Arenaria congesta,51.57861178,29.60194245,-10,-10,1,5,1,0,1,1.5,-0.5,0,0
2021,20,1183*A,Arenaria congesta,49.02265967,32.85450884,-10,-10,5,4.5,3,0,0,1,4,1,0
2021,20,1183*B,Arenaria congesta,47.63804823,33.55110237,-10,-10,5,4.5,3,0,0,1,4,1,0
2021,20,1183*C,Arenaria congesta,44.54221757,27.33314561,-10,-10,5,4.5,3,0,0,1,4,1,0
2021,20,1183*D,Arenaria congesta,53.07875484,41.45493181,-10,-10,5,4.5,2,0,0,1,4,1,0
2021,20,1183*E,Arenaria congesta,42.13723702,38.62614654,-10,-10,5,4.5,2,0,0,1,4,1,0
2021,20,1183*F,Arenaria congesta,42.33104261,39.5846734,-10,-10,5,4.5,2,0,0,1,4,1,0
2015,20,1184*A,Lupinus argenteus,38,28,-10,-10,4,2,0,0,0,NA,NA,1,1
2016,20,1184*A,Lupinus argenteus,38,28,-10,-10,0,0,0,0,1,4,-4,0,0
2015,20,1185*A,Senecio crassulus,33,27,-10,-10,0.4,1,0,1,0,NA,NA,1,1
2016,20,1185*A,Senecio crassulus,33,27,-10,-10,0,0,0,0,1,0.4,-0.4,0,0
2015,20,1186*A,Eriogonum umbellatum,33,25,-10,-10,0,0,0,1,1,NA,NA,0,1
2015,20,1187*A,Lupinus argenteus,54,45,0,-10,10,5,0,0,0,NA,NA,1,1
2016,20,1187*A,Lupinus argenteus,54,45,0,-10,0,0,0,0,1,10,-10,0,0
2015,20,1188*A,Lupinus argenteus,85,19,-10,-10,9,5,0,0,0,NA,NA,1,1
2016,20,1188*A,Lupinus argenteus,85,19,-10,-10,0,0,0,0,1,9,-9,0,0
2015,20,1189*A,Lupinus argenteus,93,54,-10,-10,2.5,3,0,1,0,NA,NA,1,1
2016,20,1189*A,Lupinus argenteus,93,54,-10,-10,0,0,0,0,1,2.5,-2.5,0,0
2014,11,119*A,Lupinus argenteus,90,15,-10,-10,14,7,0,0,0,NA,NA,1,NA
2015,11,119*A,Lupinus argenteus,90,15,-10,-10,16,9,0,0,0,14,2,1,0
2016,11,119*A,Lupinus argenteus,90,15,-10,-10,5,8,0,0,0,16,-11,1,0
2017,11,119*A,Lupinus argenteus,90,15,-10,-10,5,2,0,0,0,5,0,1,0
2018,11,119*A,Lupinus argenteus,90,15,-10,-10,0,0,0,0,1,5,-5,0,0
2015,20,1190*A,Lupinus argenteus,117,26,-10,-10,2.5,4,0,1,0,NA,NA,1,1
2016,20,1190*A,Lupinus argenteus,117,26,-10,-10,1,1,0,0,0,2.5,-1.5,1,0
2017,20,1190*A,Lupinus argenteus,117,26,-10,-10,0,0,0,0,1,1,-1,0,0
2015,20,1191*A,Lupinus argenteus,195,15,-10,-10,3.5,3,0,1,0,NA,NA,1,1
2016,20,1191*A,Lupinus argenteus,195,15,-10,-10,3,3,0,0,0,3.5,-0.5,1,0
2017,20,1191*A,Lupinus argenteus,195,15,-10,-10,5,2,0,0,0,3,2,1,0
2018,20,1191*A,Lupinus argenteus,195,15,-10,-10,0,0,0,0,1,5,-5,0,0
2015,20,1192*A,Chaenactis douglasii,195,85,-10,-10,1,0.5,0,1,0,NA,NA,1,1
2016,20,1192*A,Chaenactis douglasii,195,85,-10,-10,0,0,0,0,1,1,-1,0,0
2015,20,1193*A,Lupinus argenteus,134,186,-10,-10,2.5,2,0,1,0,NA,NA,1,1
2016,20,1193*A,Lupinus argenteus,134,186,-10,-10,3,4,0,0,0,2.5,0.5,1,0
2017,20,1193*A,Lupinus argenteus,134,186,-10,-10,1.5,1,0,0,0,3,-1.5,1,0
2018,20,1193*A,Lupinus argenteus,134,186,-10,-10,0,0,0,0,1,1.5,-1.5,0,0
2015,20,1194*A,Lupinus argenteus,185,192,-10,-10,2,2.5,0,1,0,NA,NA,1,1
2016,20,1194*A,Lupinus argenteus,185,192,-10,-10,0,0,0,0,1,2,-2,0,0
2015,20,1195*A,Lupinus argenteus,187,193,-10,-10,2,2.5,0,1,0,NA,NA,1,1
2016,20,1195*A,Lupinus argenteus,187,193,-10,-10,0,0,0,0,1,2,-2,0,0
2015,20,1196*A,Lupinus argenteus,186,188,-10,-10,2,2.5,0,1,0,NA,NA,1,1
2016,20,1196*A,Lupinus argenteus,186,188,-10,-10,0,0,0,0,1,2,-2,0,0
2015,20,1197*A,Eriogonum umbellatum,162,170,-10,-10,1.5,0.5,0,1,0,NA,NA,1,1
2016,20,1197*A,Eriogonum umbellatum,162,170,-10,-10,1.5,0.5,0,0,0,1.5,0,1,0
2017,20,1197*A,Eriogonum umbellatum,162,170,-10,-10,0,0,0,0,1,1.5,-1.5,0,0
2015,20,1198*A,Lupinus argenteus,155,167,-10,-10,2.5,2,0,1,0,NA,NA,1,1
2016,20,1198*A,Lupinus argenteus,155,167,-10,-10,5,3,0,0,0,2.5,2.5,1,0
2017,20,1198*A,Lupinus argenteus,155,167,-10,-10,5.5,5,0,0,0,5,0.5,1,0
2018,20,1198*A,Lupinus argenteus,155,167,-10,-10,0,0,0,0,1,5.5,-5.5,0,0
2015,20,1199*A,Lupinus argenteus,155,162,-10,-10,2.5,2.5,0,1,0,NA,NA,1,1
2016,20,1199*A,Lupinus argenteus,155,162,-10,-10,0,0,0,0,1,2.5,-2.5,0,0
2014,1,12*A,Ivesia gordonii,195,122,-10,-10,14,5,2,0,0,NA,NA,1,NA
2015,1,12*A,Ivesia gordonii,195,122,-10,-10,12,6,5,0,0,14,-2,1,0
2016,1,12*A,Ivesia gordonii,195,122,-10,-10,13,6.2,8,0,0,12,1,1,0
2017,1,12*A,Ivesia gordonii,195,122,-10,-10,0,0,0,0,1,13,-13,0,0
2014,11,120*A,Lupinus argenteus,95,10,-10,-10,10,6,0,0,0,NA,NA,1,NA
2015,11,120*A,Lupinus argenteus,95,10,-10,-10,10,7,0,0,0,10,0,1,0
2016,11,120*A,Lupinus argenteus,95,10,-10,-10,0,0,0,0,1,10,-10,0,0
2015,20,1200*A,Lupinus argenteus,153,162,-10,-10,3,3,0,1,0,NA,NA,1,1
2016,20,1200*A,Lupinus argenteus,153,162,-10,-10,0,0,0,0,1,3,-3,0,0
2015,20,1201*A,Lupinus argenteus,140,187,-10,-10,1.5,1,0,1,0,NA,NA,1,1
2016,20,1201*A,Lupinus argenteus,140,187,-10,-10,0,0,0,0,1,1.5,-1.5,0,0
2015,20,1202*A,Lupinus argenteus,95,115,-10,-10,2.5,2,0,1,0,NA,NA,1,1
2016,20,1202*A,Lupinus argenteus,95,115,-10,-10,3,3.5,0,0,0,2.5,0.5,1,0
2017,20,1202*A,Lupinus argenteus,95,115,-10,-10,0,0,0,0,1,3,-3,0,0
2015,20,1203*A,Lupinus argenteus,75,178,-10,-10,0,0,0,1,1,NA,NA,0,1
2015,20,1204*A,Lupinus argenteus,130,120,-10,-10,2.5,1.5,0,1,0,NA,NA,1,1
2016,20,1204*A,Lupinus argenteus,130,120,-10,-10,0,0,0,0,1,2.5,-2.5,0,0
2015,20,1205*A,Lupinus argenteus,50,188,-10,-10,2.5,2,0,1,0,NA,NA,1,1
2016,20,1205*A,Lupinus argenteus,50,188,-10,-10,0,0,0,0,1,2.5,-2.5,0,0
2015,20,1206*A,Lupinus argenteus,55,182,-10,-10,2,2,0,1,0,NA,NA,1,1
2016,20,1206*A,Lupinus argenteus,55,182,-10,-10,0,0,0,0,1,2,-2,0,0
2015,20,1207*A,Senecio crassulus,159,160,-10,-10,0.9,0.5,0,1,0,NA,NA,1,1
2016,20,1207*A,Senecio crassulus,159,160,-10,-10,0,0,0,0,1,0.9,-0.9,0,0
2015,21,1208*A,Ivesia gordonii,15,160,-10,-10,0.7,1,0,1,0,NA,NA,1,1
2016,21,1208*A,Ivesia gordonii,15,160,-10,-10,0,0,0,0,1,0.7,-0.7,0,0
2015,21,1209*A,Eriogonum umbellatum,120,125,-10,-10,1.1,0.6,0,1,0,NA,NA,1,1
2016,21,1209*A,Eriogonum umbellatum,120,125,-10,-10,0,0,0,0,1,1.1,-1.1,0,0
2014,11,121*A,Eriogonum umbellatum,90,36,0,10,22,2,1,0,0,NA,NA,1,NA
2015,11,121*A,Eriogonum umbellatum,90,36,0,10,22,2,1,0,0,22,0,1,0
2016,11,121*A,Eriogonum umbellatum,90,36,0,10,23.7,4.8,0,0,0,22,1.7,1,0
2017,11,121*A,Eriogonum umbellatum,90,36,0,10,27,2.5,0,0,0,23.7,3.3,1,0
2018,11,121*A,Eriogonum umbellatum,90,36,0,10,18,3,3,0,0,27,-9,1,0
2019,11,121*A,Eriogonum umbellatum,90,36,0,10,19.5,3,15,0,0,18,1.5,1,0
2020,11,121*A,Eriogonum umbellatum,90,36,0,10,21,2.5,5,0,0,19.5,1.5,1,0
2021,11,121*A,Eriogonum umbellatum,90,36,0,10,23.5,3,30,0,0,21,2.5,1,0
2015,21,1210*A,Lupinus argenteus,107,145,-10,-10,4.5,2,0,1,0,NA,NA,1,1
2016,21,1210*A,Lupinus argenteus,107,145,-10,-10,3,3,0,0,0,4.5,-1.5,1,0
2017,21,1210*A,Lupinus argenteus,107,145,-10,-10,5,3.5,0,0,0,3,2,1,0
2018,21,1210*A,Lupinus argenteus,107,145,-10,-10,0,0,0,0,1,5,-5,0,0
2014,22,1211*A,Phacelia hastata,137,47,-10,-10,7,2.5,0,0,0,NA,NA,1,NA
2015,22,1211*A,Phacelia hastata,137,47,-10,-10,7,2.5,0,0,0,7,0,1,0
2016,22,1211*A,Phacelia hastata,137,47,-10,-10,7,3,1,0,0,7,0,1,0
2017,22,1211*A,Phacelia hastata,137,47,-10,-10,13,3,1,0,0,7,6,1,0
2018,22,1211*A,Phacelia hastata,137,47,-10,-10,6.5,3,0,0,0,13,-6.5,1,0
2019,22,1211*A,Phacelia hastata,137,47,-10,-10,6,4,0,0,0,6.5,-0.5,1,0
2020,22,1211*A,Phacelia hastata,137,47,-10,-10,0,0,0,0,1,6,-6,0,0
2015,22,1212*A,Agoseris glauca,162,55,-10,-10,5,7,0,0,0,NA,NA,1,1
2016,22,1212*A,Agoseris glauca,162,55,-10,-10,9,7,1,0,0,5,4,1,0
2017,22,1212*A,Agoseris glauca,162,55,-10,-10,13,8,3,0,0,9,4,1,0
2018,22,1212*A,Agoseris glauca,162,55,-10,-10,0,0,0,0,1,13,-13,0,0
2015,22,1213*A,Lupinus argenteus,200,10,-10,-10,1,1.5,0,1,0,NA,NA,1,1
2016,22,1213*A,Lupinus argenteus,200,10,-10,-10,3,3,0,0,0,1,2,1,0
2017,22,1213*A,Lupinus argenteus,200,10,-10,-10,7.5,5,0,0,0,3,4.5,1,0
2018,22,1213*A,Lupinus argenteus,200,10,-10,-10,7,5,0,0,0,7.5,-0.5,1,0
2019,22,1213*A,Lupinus argenteus,200,10,-10,-10,0,0,0,0,1,7,-7,0,0
2015,23,1214*A,Lupinus argenteus,50,50,-10,-10,2,1,0,1,0,NA,NA,1,1
2016,23,1214*A,Lupinus argenteus,50,50,-10,-10,2.5,3,0,0,0,2,0.5,1,0
2017,23,1214*A,Lupinus argenteus,50,50,-10,-10,4,3,0,0,0,2.5,1.5,1,0
2018,23,1214*A,Lupinus argenteus,50,50,-10,-10,0,0,0,0,1,4,-4,0,0
2015,23,1215*A,Lupinus argenteus,50,172,-10,-10,2.5,2,0,1,0,NA,NA,1,1
2016,23,1215*A,Lupinus argenteus,50,172,-10,-10,1.5,1.5,0,0,0,2.5,-1,1,0
2017,23,1215*A,Lupinus argenteus,50,172,-10,-10,0,0,0,0,1,1.5,-1.5,0,0
2015,24,1216*A,Pseudocymopterus montanus,80,175,-10,-10,3,3,0,0,0,NA,NA,1,1
2016,24,1216*A,Pseudocymopterus montanus,80,175,-10,-10,3.5,6,0,0,0,3,0.5,1,0
2017,24,1216*A,Pseudocymopterus montanus,80,175,-10,-10,8,7,0,0,0,3.5,4.5,1,0
2018,24,1216*A,Pseudocymopterus montanus,80,175,-10,-10,0,0,0,0,1,8,-8,0,0
2014,12,122*A,Ivesia gordonii,142,169,10,10,14,4,0,0,0,NA,NA,1,NA
2015,12,122*A,Ivesia gordonii,142,169,10,10,12,3,6,0,0,14,-2,1,0
2016,12,122*A,Ivesia gordonii,142,169,10,10,16.7,7.5,5,0,0,12,4.7,1,0
2017,12,122*A,Ivesia gordonii,142,169,10,10,7,4,0,0,0,16.7,-9.7,1,0
2018,12,122*A,Ivesia gordonii,142,169,10,10,9,3,0,0,0,7,2,1,0
2019,12,122*A,Ivesia gordonii,142,169,10,10,14.5,4.5,6,0,0,9,5.5,1,0
2020,12,122*A,Ivesia gordonii,142,169,10,10,12.5,5.5,0,0,0,14.5,-2,1,0
2021,12,122*A,Ivesia gordonii,142,169,10,10,15,6,0,0,0,12.5,2.5,1,0
2017,25,1220*A,Lupinus argenteus,155,75,-10,-10,7.5,7,0,0,0,NA,NA,1,1
2018,25,1220*A,Lupinus argenteus,155,75,-10,-10,0,0,0,0,1,7.5,-7.5,0,0
2015,25,1220-old*A,Lupinus argenteus,155,75,-10,-10,0,0,0,1,1,NA,NA,0,1
2015,25,1221*A,Lupinus argenteus,167,135,-10,-10,13,6,0,0,0,NA,NA,1,1
2016,25,1221*A,Lupinus argenteus,167,135,-10,-10,0,0,0,0,1,13,-13,0,0
2015,25,1222*A,Lupinus argenteus,175,180,-10,-10,13,5,0,0,0,NA,NA,1,1
2016,25,1222*A,Lupinus argenteus,175,180,-10,-10,0,0,0,0,1,13,-13,0,0
2015,25,1223*A,Lupinus argenteus,155,140,-10,-10,8,4,0,0,0,NA,NA,1,1
2016,25,1223*A,Lupinus argenteus,155,140,-10,-10,0,0,0,0,1,8,-8,0,0
2014,27,1224*A,Elymus lanceolatus,85,0,-10,-10,11,9,0,0,0,NA,NA,1,NA
2015,27,1224*A,Elymus lanceolatus,85,0,-10,-10,11,9,0,0,0,11,0,1,0
2016,27,1224*A,Elymus lanceolatus,85,0,-10,-10,16,11,0,0,0,11,5,1,0
2017,27,1224*A,Elymus lanceolatus,85,0,-10,-10,13,11,0,0,0,16,-3,1,0
2018,27,1224*A,Elymus lanceolatus,85,0,-10,-10,0,0,0,0,1,13,-13,0,0
2015,27,1225*A,Heterotheca villosa,2,150,-10,-10,0.5,0.5,0,1,0,NA,NA,1,1
2016,27,1225*A,Heterotheca villosa,2,150,-10,-10,0,0,0,0,1,0.5,-0.5,0,0
2015,27,1226*A,Ivesia gordonii,0,146,-10,-10,2,1.5,0,1,0,NA,NA,1,1
2016,27,1226*A,Ivesia gordonii,0,146,-10,-10,1,2,0,0,0,2,-1,1,0
2017,27,1226*A,Ivesia gordonii,0,146,-10,-10,2,1.5,0,0,0,1,1,1,0
2018,27,1226*A,Ivesia gordonii,0,146,-10,-10,2.5,2,0,0,0,2,0.5,1,0
2019,27,1226*A,Ivesia gordonii,0,146,-10,-10,2.5,2,0,0,0,2.5,0,1,0
2020,27,1226*A,Ivesia gordonii,0,146,-10,-10,4.5,3.5,0,0,0,2.5,2,1,0
2021,27,1226*A,Ivesia gordonii,0,146,-10,-10,6.5,3.5,0,0,0,4.5,2,1,0
2015,27,1227*A,Agoseris glauca,4,182,-10,-10,0.5,0.5,0,1,0,NA,NA,1,1
2016,27,1227*A,Agoseris glauca,4,182,-10,-10,1,1,0,0,0,0.5,0.5,1,0
2017,27,1227*A,Agoseris glauca,4,182,-10,-10,1,2,0,0,0,1,0,1,0
2018,27,1227*A,Agoseris glauca,4,182,-10,-10,0,0,0,0,1,1,-1,0,0
2015,27,1228*A,Eriogonum umbellatum,18,136,-10,-10,0,0,0,1,1,NA,NA,0,1
2015,27,1229*A,Arenaria congesta,100,64,-10,-10,3,2,0,0,0,NA,NA,1,1
2016,27,1229*A,Arenaria congesta,100,64,-10,-10,3,4,0,0,0,3,0,1,0
2017,27,1229*A,Arenaria congesta,100,64,-10,-10,8,5,4,0,0,3,5,1,0
2018,27,1229*A,Arenaria congesta,100,64,-10,-10,7,4,8,0,0,8,-1,1,0
2019,27,1229*A,Arenaria congesta,100,64,-10,-10,11.5,11,11,0,0,7,4.5,1,0
2020,27,1229*A,Arenaria congesta,100,64,-10,-10,11,8,12,0,0,11.5,-0.5,1,0
2021,27,1229*A,Arenaria congesta,100,64,-10,-10,11,7,24,0,0,11,0,1,0
2014,12,123*A,Ivesia gordonii,135,172,-10,-10,24,6,2,0,0,NA,NA,1,NA
2015,12,123*A,Ivesia gordonii,135,172,-10,-10,21,6,10,0,0,24,-3,1,0
2016,12,123*A,Ivesia gordonii,135,172,-10,-10,18.2,5.8,7,0,0,21,-2.8,1,0
2017,12,123*A,Ivesia gordonii,135,172,-10,-10,17.5,5,6,0,0,18.2,-0.7,1,0
2018,12,123*A,Ivesia gordonii,135,172,-10,-10,18,3.5,0,0,0,17.5,0.5,1,0
2019,12,123*A,Ivesia gordonii,135,172,-10,-10,19,5.5,11,0,0,18,1,1,0
2020,12,123*A,Ivesia gordonii,135,172,-10,-10,17.5,7,1,0,0,19,-1.5,1,0
2021,12,123*A,Ivesia gordonii,135,172,-10,-10,14.5,6,12,0,0,17.5,-3,1,0
2015,28,1230*A,Lupinus argenteus,174,183,-10,-10,2.5,1.5,0,1,0,NA,NA,1,1
2016,28,1230*A,Lupinus argenteus,174,183,-10,-10,0,0,0,0,1,2.5,-2.5,0,0
2015,28,1231*A,Lupinus argenteus,163,154,-10,-10,0,0,0,1,1,NA,NA,0,1
2015,28,1232*A,Lupinus argenteus,176,182,-10,-10,1,1.5,0,1,0,NA,NA,1,1
2016,28,1232*A,Lupinus argenteus,176,182,-10,-10,0,0,0,0,1,1,-1,0,0
2015,29,1233*A,Lupinus argenteus,147,110,-10,-10,10,5,0,0,0,NA,NA,1,1
2016,29,1233*A,Lupinus argenteus,147,110,-10,-10,10,6,0,0,0,10,0,1,0
2017,29,1233*A,Lupinus argenteus,147,110,-10,-10,0,0,0,0,1,10,-10,0,0
2015,29,1234*A,Lupinus argenteus,157,166,-10,-10,8,4,0,0,0,NA,NA,1,1
2016,29,1234*A,Lupinus argenteus,157,166,-10,-10,0,0,0,0,1,8,-8,0,0
2015,29,1235*A,Lupinus argenteus,198,165,-10,-10,7.5,4,0,0,0,NA,NA,1,1
2016,29,1235*A,Lupinus argenteus,198,165,-10,-10,12,6,0,0,0,7.5,4.5,1,0
2017,29,1235*A,Lupinus argenteus,198,165,-10,-10,0,0,0,0,1,12,-12,0,0
2015,29,1236*A,Lupinus argenteus,24,188,-10,-10,11,5,0,0,0,NA,NA,1,1
2016,29,1236*A,Lupinus argenteus,24,188,-10,-10,0,0,0,0,1,11,-11,0,0
2015,31,1237*A,Lupinus argenteus,8,182,-10,-10,2.5,2,0,1,0,NA,NA,1,1
2016,31,1237*A,Lupinus argenteus,8,182,-10,-10,2.5,2.5,0,0,0,2.5,0,1,0
2017,31,1237*A,Lupinus argenteus,8,182,-10,-10,6.5,4,0,0,0,2.5,4,1,0
2018,31,1237*A,Lupinus argenteus,8,182,-10,-10,0,0,0,0,1,6.5,-6.5,0,0
2015,31,1238*A,Lupinus argenteus,133,58,-10,-10,0,0,0,1,1,NA,NA,0,1
2015,32,1239*A,Lupinus argenteus,26,63,-10,-10,2,1.5,0,1,0,NA,NA,1,1
2016,32,1239*A,Lupinus argenteus,26,63,-10,-10,4,4,0,0,0,2,2,1,0
2017,32,1239*A,Lupinus argenteus,26,63,-10,-10,4,4,0,0,0,4,0,1,0
2018,32,1239*A,Lupinus argenteus,26,63,-10,-10,0,0,0,0,1,4,-4,0,0
2014,12,124*A,Elymus lanceolatus,141,93,-10,-10,16,20,2,0,0,NA,NA,1,NA
2015,12,124*A,Elymus lanceolatus,141,93,-10,-10,24,17,1,0,0,16,8,1,0
2016,12,124*A,Elymus lanceolatus,141,93,-10,-10,18,26,14,0,0,24,-6,1,0
2017,12,124*A,Elymus lanceolatus,141,93,-10,-10,19,18,1,0,0,18,1,1,0
2018,12,124*A,Elymus lanceolatus,141,93,-10,-10,19.5,14,3,0,0,19,0.5,1,0
2019,12,124*A,Elymus lanceolatus,141,93,-10,-10,23,9,0,0,0,19.5,3.5,1,0
2020,12,124*A,Elymus lanceolatus,141,93,-10,-10,11,4.5,0,0,0,23,-12,1,0
2021,12,124*A,Elymus lanceolatus,141,93,-10,-10,3.5,5.5,0,0,0,11,-7.5,1,0
2015,32,1240*A,Lupinus argenteus,75,11,-10,-10,2,2.5,0,1,0,NA,NA,1,1
2016,32,1240*A,Lupinus argenteus,75,11,-10,-10,1.5,2,0,0,0,2,-0.5,1,0
2017,32,1240*A,Lupinus argenteus,75,11,-10,-10,1.5,1.5,0,0,0,1.5,0,1,0
2018,32,1240*A,Lupinus argenteus,75,11,-10,-10,0,0,0,0,1,1.5,-1.5,0,0
2015,32,1241*A,Lupinus argenteus,113,22,-10,-10,1.5,1.5,0,1,0,NA,NA,1,1
2016,32,1241*A,Lupinus argenteus,113,22,-10,-10,3,3,0,0,0,1.5,1.5,1,0
2017,32,1241*A,Lupinus argenteus,113,22,-10,-10,5.5,4,0,0,0,3,2.5,1,0
2018,32,1241*A,Lupinus argenteus,113,22,-10,-10,4.5,4.5,0,0,0,5.5,-1,1,0
2019,32,1241*A,Lupinus argenteus,113,22,-10,-10,0,0,0,0,1,4.5,-4.5,0,0
2015,32,1242*A,Lupinus argenteus,125,59,-5,-5,2.5,2.5,0,1,0,NA,NA,1,1
2016,32,1242*A,Lupinus argenteus,125,59,-5,-5,4.5,4,0,0,0,2.5,2,1,0
2017,32,1242*A,Lupinus argenteus,125,59,-5,-5,3.5,3,0,0,0,4.5,-1,1,0
2018,32,1242*A,Lupinus argenteus,125,59,-5,-5,4.5,3.5,0,0,0,3.5,1,1,0
2019,32,1242*A,Lupinus argenteus,125,59,-5,-5,0,0,0,0,1,4.5,-4.5,0,0
2015,32,1243*A,Lupinus argenteus,132,94,-10,-10,2.5,2.5,0,1,0,NA,NA,1,1
2016,32,1243*A,Lupinus argenteus,132,94,-10,-10,4,4,0,0,0,2.5,1.5,1,0
2017,32,1243*A,Lupinus argenteus,132,94,-10,-10,10,4,0,0,0,4,6,1,0
2018,32,1243*A,Lupinus argenteus,132,94,-10,-10,11,4.5,0,0,0,10,1,1,0
2019,32,1243*A,Lupinus argenteus,132,94,-10,-10,4,4.5,0,0,0,11,-7,1,0
2020,32,1243*A,Lupinus argenteus,132,94,-10,-10,7,5.5,0,0,0,4,3,1,0
2021,32,1243*A,Lupinus argenteus,132,94,-10,-10,6,4.5,0,0,0,7,-1,1,0
2015,32,1244*A,Lupinus argenteus,194,125,-10,-10,1.5,2,0,1,0,NA,NA,1,1
2016,32,1244*A,Lupinus argenteus,194,125,-10,-10,2,2,0,0,0,1.5,0.5,1,0
2017,32,1244*A,Lupinus argenteus,194,125,-10,-10,6.5,4.5,0,0,0,2,4.5,1,0
2018,32,1244*A,Lupinus argenteus,194,125,-10,-10,3.5,2.5,0,0,0,6.5,-3,1,0
2019,32,1244*A,Lupinus argenteus,194,125,-10,-10,0,0,0,0,1,3.5,-3.5,0,0
2015,33,1245*A,Lupinus argenteus,168,127,-10,-10,2,1.5,0,1,0,NA,NA,1,1
2016,33,1245*A,Lupinus argenteus,168,127,-10,-10,2,1.5,0,0,0,2,0,1,0
2017,33,1245*A,Lupinus argenteus,168,127,-10,-10,3.5,2,0,0,0,2,1.5,1,0
2018,33,1245*A,Lupinus argenteus,168,127,-10,-10,0,0,0,0,1,3.5,-3.5,0,0
2015,32,1246*A,Lupinus argenteus,199,77,-10,-10,3,3,0,1,0,NA,NA,1,1
2016,32,1246*A,Lupinus argenteus,199,77,-10,-10,6,4,0,0,0,3,3,1,0
2017,32,1246*A,Lupinus argenteus,199,77,-10,-10,13,6,0,0,0,6,7,1,0
2018,32,1246*A,Lupinus argenteus,199,77,-10,-10,0,0,0,0,1,13,-13,0,0
2015,32,1247*A,Lupinus argenteus,164,148,-10,-10,0,0,0,1,1,NA,NA,0,1
2015,33,1248*A,Lupinus argenteus,9,20,-10,-10,3,2,0,1,0,NA,NA,1,1
2016,33,1248*A,Lupinus argenteus,9,20,-10,-10,8,5,0,0,0,3,5,1,0
2017,33,1248*A,Lupinus argenteus,9,20,-10,-10,7.5,4,0,0,0,8,-0.5,1,0
2018,33,1248*A,Lupinus argenteus,9,20,-10,-10,10,7.5,0,0,0,7.5,2.5,1,0
2019,33,1248*A,Lupinus argenteus,9,20,-10,-10,11,7,0,0,0,10,1,1,0
2020,33,1248*A,Lupinus argenteus,9,20,-10,-10,8,6,0,0,0,11,-3,1,0
2021,33,1248*A,Lupinus argenteus,9,20,-10,-10,0,0,0,0,0,8,-8,1,0
2015,33,1249*A,Agoseris glauca,0,78,-10,-10,0.5,1.5,0,1,0,NA,NA,1,1
2016,33,1249*A,Agoseris glauca,0,78,-10,-10,1.5,2,0,0,0,0.5,1,1,0
2017,33,1249*A,Agoseris glauca,0,78,-10,-10,4,5,0,0,0,1.5,2.5,1,0
2018,33,1249*A,Agoseris glauca,0,78,-10,-10,0,0,0,0,1,4,-4,0,0
2014,12,125*A,Phacelia hastata,150,100,-5,10,3,2,0,0,0,NA,NA,1,NA
2015,12,125*A,Phacelia hastata,150,100,-5,10,7,2.5,1,0,0,3,4,1,0
2016,12,125*A,Phacelia hastata,150,100,-5,10,0,0,0,0,1,7,-7,0,0
2015,33,1250*A,Ivesia gordonii,148,54,-5,0,0.5,0.5,0,1,0,NA,NA,1,1
2016,33,1250*A,Ivesia gordonii,148,54,-5,0,3.5,3,0,0,0,0.5,3,1,0
2017,33,1250*A,Ivesia gordonii,148,54,-5,0,8,4,0,0,0,3.5,4.5,1,0
2018,33,1250*A,Ivesia gordonii,148,54,-5,0,12,7,2,0,0,8,4,1,0
2019,33,1250*A,Ivesia gordonii,148,54,-5,0,19,8,4,0,0,12,7,1,0
2020,33,1250*A,Ivesia gordonii,148,54,-5,0,12,5,0,0,0,19,-7,1,0
2021,33,1250*A,Ivesia gordonii,148,54,-5,0,11,4,2,0,0,12,-1,1,0
2015,33,1251*A,Lupinus argenteus,143,102,-10,-10,2,2,0,1,0,NA,NA,1,1
2016,33,1251*A,Lupinus argenteus,143,102,-10,-10,4,4,0,0,0,2,2,1,0
2017,33,1251*A,Lupinus argenteus,143,102,-10,-10,6,5,0,0,0,4,2,1,0
2018,33,1251*A,Lupinus argenteus,143,102,-10,-10,0,0,0,0,1,6,-6,0,0
2015,33,1252*A,Phacelia hastata,157,200,-10,-10,5,3,0,0,0,NA,NA,1,1
2016,33,1252*A,Phacelia hastata,157,200,-10,-10,6,3,1,0,0,5,1,1,0
2017,33,1252*A,Phacelia hastata,157,200,-10,-10,5.5,2,0,0,0,6,-0.5,1,0
2018,33,1252*A,Phacelia hastata,157,200,-10,-10,0,0,0,0,1,5.5,-5.5,0,0
2015,33,1253*A,Lupinus argenteus,158,182,-10,-10,2,2,0,1,0,NA,NA,1,1
2016,33,1253*A,Lupinus argenteus,158,182,-10,-10,0,0,0,0,1,2,-2,0,0
2015,33,1254*A,Lupinus argenteus,169,187,-10,-10,2.5,2,0,1,0,NA,NA,1,1
2016,33,1254*A,Lupinus argenteus,169,187,-10,-10,0,0,0,0,1,2.5,-2.5,0,0
2015,33,1256*A,Lupinus argenteus,170,186,-10,-10,2.5,2.5,0,1,0,NA,NA,1,1
2016,33,1256*A,Lupinus argenteus,170,186,-10,-10,2,2,0,0,0,2.5,-0.5,1,0
2017,33,1256*A,Lupinus argenteus,170,186,-10,-10,6.5,3,0,0,0,2,4.5,1,0
2018,33,1256*A,Lupinus argenteus,170,186,-10,-10,0,0,0,0,1,6.5,-6.5,0,0
2015,33,1257*A,Lupinus argenteus,169,194,-10,-10,3,2,0,1,0,NA,NA,1,1
2016,33,1257*A,Lupinus argenteus,169,194,-10,-10,0,0,0,0,1,3,-3,0,0
2015,33,1258*A,Lupinus argenteus,142,169,-10,-10,1.5,2,0,1,0,NA,NA,1,1
2016,33,1258*A,Lupinus argenteus,142,169,-10,-10,0,0,0,0,1,1.5,-1.5,0,0
2015,33,1259*A,Lupinus argenteus,140,185,-10,-10,11,5,0,0,0,NA,NA,1,1
2016,33,1259*A,Lupinus argenteus,140,185,-10,-10,0,0,0,0,0,11,-11,1,0
2017,33,1259*A,Lupinus argenteus,140,185,-10,-10,9.5,6,0,0,0,0,9.5,1,0
2018,33,1259*A,Lupinus argenteus,140,185,-10,-10,0,0,0,0,1,9.5,-9.5,0,0
2014,12,126*A,Phacelia hastata,155,100,0,-10,9,2,0,0,1,NA,NA,0,NA
2015,33,1260*A,Lupinus argenteus,133,186,-10,-10,8,3,0,0,0,NA,NA,1,1
2016,33,1260*A,Lupinus argenteus,133,186,-10,-10,0,0,0,0,1,8,-8,0,0
2015,33,1261*A,Ivesia gordonii,93,169,-10,-10,2.5,3,0,1,0,NA,NA,1,1
2016,33,1261*A,Ivesia gordonii,93,169,-10,-10,3.5,3,0,0,0,2.5,1,1,0
2017,33,1261*A,Ivesia gordonii,93,169,-10,-10,4,5,0,0,0,3.5,0.5,1,0
2018,33,1261*A,Ivesia gordonii,93,169,-10,-10,3.5,4.5,0,0,0,4,-0.5,1,0
2019,33,1261*A,Ivesia gordonii,93,169,-10,-10,0,0,0,0,1,3.5,-3.5,0,0
2015,33,1262*A,Elymus lanceolatus,61,196,-10,-10,5,7,0,0,0,NA,NA,1,1
2016,33,1262*A,Elymus lanceolatus,61,196,-10,-10,8.5,8,0,0,0,5,3.5,1,0
2017,33,1262*A,Elymus lanceolatus,61,196,-10,-10,5,8,0,0,0,8.5,-3.5,1,0
2018,33,1262*A,Elymus lanceolatus,61,196,-10,-10,11,15,0,0,0,5,6,1,0
2019,33,1262*A,Elymus lanceolatus,61,196,-10,-10,8,13,0,0,0,11,-3,1,0
2020,33,1262*A,Elymus lanceolatus,61,196,-10,-10,12,9.5,0,0,0,8,4,1,0
2021,33,1262*A,Elymus lanceolatus,61,196,-10,-10,19,15,0,0,0,12,7,1,0
2015,33,1263*A,Elymus lanceolatus,108,174,-10,-10,6,9,0,0,0,NA,NA,1,1
2016,33,1263*A,Elymus lanceolatus,108,174,-10,-10,7,11,0,0,0,6,1,1,0
2017,33,1263*A,Elymus lanceolatus,108,174,-10,-10,0,0,0,0,1,7,-7,0,0
2015,34,1264*A,Elymus lanceolatus,36,198,-5,-5,6,7,0,0,0,NA,NA,1,1
2016,34,1264*A,Elymus lanceolatus,36,198,-5,-5,13,12,2,0,0,6,7,1,0
2017,34,1264*A,Elymus lanceolatus,36,198,-5,-5,7,14,0,0,0,13,-6,1,0
2018,34,1264*A,Elymus lanceolatus,36,198,-5,-5,14,13,1,0,0,7,7,1,0
2019,34,1264*A,Elymus lanceolatus,36,198,-5,-5,9,18,1,0,0,14,-5,1,0
2020,34,1264*A,Elymus lanceolatus,36,198,-5,-5,0,0,0,0,1,9,-9,0,0
2015,34,1265*A,Elymus lanceolatus,41,200,-10,-10,9,10,0,0,0,NA,NA,1,1
2016,34,1265*A,Elymus lanceolatus,41,200,-10,-10,6,10,0,0,0,9,-3,1,0
2017,34,1265*A,Elymus lanceolatus,41,200,-10,-10,5,12,0,0,0,6,-1,1,0
2018,34,1265*A,Elymus lanceolatus,41,200,-10,-10,5,8,0,0,0,5,0,1,0
2019,34,1265*A,Elymus lanceolatus,41,200,-10,-10,0,0,0,0,1,5,-5,0,0
2015,36,1266*A,Lupinus argenteus,13,57,-10,-10,2.5,2,0,1,0,NA,NA,1,1
2016,36,1266*A,Lupinus argenteus,13,57,-10,-10,0,0,0,0,1,2.5,-2.5,0,0
2015,36,1267*A,Lupinus argenteus,99,35,-10,-10,2,2,0,1,0,NA,NA,1,1
2016,36,1267*A,Lupinus argenteus,99,35,-10,-10,0,0,0,0,1,2,-2,0,0
2015,36,1268*A,Lupinus argenteus,95,56,-10,-10,2,2,0,1,0,NA,NA,1,1
2016,36,1268*A,Lupinus argenteus,95,56,-10,-10,3,3,0,0,0,2,1,1,0
2017,36,1268*A,Lupinus argenteus,95,56,-10,-10,0,0,0,0,1,3,-3,0,0
2015,36,1269*A,Lupinus argenteus,135,39,-10,-10,1,2,0,1,0,NA,NA,1,1
2016,36,1269*A,Lupinus argenteus,135,39,-10,-10,0,0,0,0,1,1,-1,0,0
2014,13,127*A,Heterotheca villosa,12,22,-10,-10,58,9,34,0,0,NA,NA,1,NA
2015,13,127*A,Heterotheca villosa,12,22,-10,-10,55,5,11,0,0,58,-3,1,0
2016,13,127*A,Heterotheca villosa,12,22,-10,-10,57,9,15,0,0,55,2,1,0
2017,13,127*A,Heterotheca villosa,12,22,-10,-10,56,8,0,0,0,57,-1,1,0
2018,13,127*A,Heterotheca villosa,12,22,-10,-10,38,5.5,2,0,0,56,-18,1,0
2019,13,127*A,Heterotheca villosa,12,22,-10,-10,39,5.5,2,0,0,38,1,1,0
2020,13,127*A,Heterotheca villosa,12,22,-10,-10,17.5,6,2,0,0,39,-21.5,1,0
2021,13,127*A,Heterotheca villosa,12,22,-10,-10,19,5,12,0,0,17.5,1.5,1,0
2015,36,1270*A,Lupinus argenteus,134,50,-10,-10,3,2.5,0,1,0,NA,NA,1,1
2016,36,1270*A,Lupinus argenteus,134,50,-10,-10,0,0,0,0,1,3,-3,0,0
2015,36,1271*A,Lupinus argenteus,183,22,-10,-10,2,1,0,1,0,NA,NA,1,1
2016,36,1271*A,Lupinus argenteus,183,22,-10,-10,2,2,0,0,0,2,0,1,0
2017,36,1271*A,Lupinus argenteus,183,22,-10,-10,0,0,0,0,1,2,-2,0,0
2015,36,1272*A,Lupinus argenteus,167,57,-10,-10,2.5,2.5,0,1,0,NA,NA,1,1
2016,36,1272*A,Lupinus argenteus,167,57,-10,-10,0,0,0,0,1,2.5,-2.5,0,0
2015,36,1273*A,Lupinus argenteus,176,52,-10,-10,3,2,0,1,0,NA,NA,1,1
2016,36,1273*A,Lupinus argenteus,176,52,-10,-10,0,0,0,0,1,3,-3,0,0
2015,36,1274*A,Lupinus argenteus,132,85,-10,-10,3,2.5,0,1,0,NA,NA,1,1
2016,36,1274*A,Lupinus argenteus,132,85,-10,-10,3,3.5,0,0,0,3,0,1,0
2017,36,1274*A,Lupinus argenteus,132,85,-10,-10,0,0,0,0,1,3,-3,0,0
2015,36,1275*A,Lupinus argenteus,127,90,-10,-10,2,2,0,1,0,NA,NA,1,1
2016,36,1275*A,Lupinus argenteus,127,90,-10,-10,0,0,0,0,1,2,-2,0,0
2015,36,1276*A,Lupinus argenteus,160,110,-10,-10,3,2,0,1,0,NA,NA,1,1
2016,36,1276*A,Lupinus argenteus,160,110,-10,-10,5,3,0,0,0,3,2,1,0
2017,36,1276*A,Lupinus argenteus,160,110,-10,-10,0,0,0,0,1,5,-5,0,0
2015,36,1277*A,Arnica latifolia,158,143,-10,-10,0.5,0.5,0,1,0,NA,NA,1,1
2016,36,1277*A,Arnica latifolia,158,143,-10,-10,1,1,0,0,0,0.5,0.5,1,0
2017,36,1277*A,Arnica latifolia,158,143,-10,-10,1.5,1,0,0,0,1,0.5,1,0
2018,36,1277*A,Arnica latifolia,158,143,-10,-10,0,0,0,0,1,1.5,-1.5,0,0
2015,36,1278*A,Lupinus argenteus,185,168,-10,-10,2,2,0,1,0,NA,NA,1,1
2016,36,1278*A,Lupinus argenteus,185,168,-10,-10,3,2,0,0,0,2,1,1,0
2017,36,1278*A,Lupinus argenteus,185,168,-10,-10,0,0,0,0,1,3,-3,0,0
2015,36,1279*A,Lupinus argenteus,200,177,-10,-10,2,2,0,1,0,NA,NA,1,1
2016,36,1279*A,Lupinus argenteus,200,177,-10,-10,3,2,0,0,0,2,1,1,0
2017,36,1279*A,Lupinus argenteus,200,177,-10,-10,2,2,0,0,0,3,-1,1,0
2018,36,1279*A,Lupinus argenteus,200,177,-10,-10,0,0,0,0,1,2,-2,0,0
2014,13,128*A,Elymus lanceolatus,7,36,-10,-10,4,6,0,0,0,NA,NA,1,NA
2015,13,128*A,Elymus lanceolatus,7,36,-10,-10,14,11,0,0,0,4,10,1,0
2016,13,128*A,Elymus lanceolatus,7,36,-10,-10,23.5,24,9,0,0,14,9.5,1,0
2017,13,128*A,Elymus lanceolatus,7,36,-10,-10,35,25,13,0,0,23.5,11.5,1,0
2018,13,128*A,Elymus lanceolatus,7,36,-10,-10,25,24,19,0,0,35,-10,1,0
2019,13,128*A,Elymus lanceolatus,7,36,-10,-10,42,34,15,0,0,25,17,1,0
2020,13,128*A,Elymus lanceolatus,7,36,-10,-10,21,22.5,3,0,0,42,-21,1,0
2021,13,128*A,Elymus lanceolatus,7,36,-10,-10,16,27.5,4,0,0,21,-5,1,0
2014,36,1280*A,Arnica latifolia,103,175,-10,-10,5,4,0,0,0,NA,NA,1,NA
2015,36,1280*A,Arnica latifolia,103,175,-10,-10,5,4,0,0,0,5,0,1,0
2016,36,1280*A,Arnica latifolia,103,175,-10,-10,2,5,0,0,0,5,-3,1,0
2017,36,1280*A,Arnica latifolia,103,175,-10,-10,9,7,0,0,0,2,7,1,0
2018,36,1280*A,Arnica latifolia,103,175,-10,-10,2,1.5,0,0,0,9,-7,1,0
2019,36,1280*A,Arnica latifolia,103,175,-10,-10,0,0,0,0,1,2,-2,0,0
2015,36,1282*A,Lupinus argenteus,105,183,-10,-10,3,2,0,1,0,NA,NA,1,1
2016,36,1282*A,Lupinus argenteus,105,183,-10,-10,3,3,0,0,0,3,0,1,0
2017,36,1282*A,Lupinus argenteus,105,183,-10,-10,4,3,1,0,0,3,1,1,0
2018,36,1282*A,Lupinus argenteus,105,183,-10,-10,0,0,0,0,1,4,-4,0,0
2015,36,1283*A,Lupinus argenteus,110,186,-10,-10,1.5,2,0,1,0,NA,NA,1,1
2016,36,1283*A,Lupinus argenteus,110,186,-10,-10,1,2,0,0,0,1.5,-0.5,1,0
2017,36,1283*A,Lupinus argenteus,110,186,-10,-10,0,0,0,0,1,1,-1,0,0
2015,36,1284*A,Lupinus argenteus,37,175,-10,-10,3,2.5,0,1,0,NA,NA,1,1
2016,36,1284*A,Lupinus argenteus,37,175,-10,-10,3,3.5,0,0,0,3,0,1,0
2017,36,1284*A,Lupinus argenteus,37,175,-10,-10,0,0,0,0,1,3,-3,0,0
2015,36,1285*A,Lupinus argenteus,13,166,-10,-10,3,2.5,0,1,0,NA,NA,1,1
2016,36,1285*A,Lupinus argenteus,13,166,-10,-10,5,4,0,0,0,3,2,1,0
2017,36,1285*A,Lupinus argenteus,13,166,-10,-10,4.5,3,0,0,0,5,-0.5,1,0
2018,36,1285*A,Lupinus argenteus,13,166,-10,-10,0,0,0,0,1,4.5,-4.5,0,0
2015,37,1286*A,Lupinus argenteus,31,15,-10,-10,3,3,0,1,0,NA,NA,1,1
2016,37,1286*A,Lupinus argenteus,31,15,-10,-10,0,0,0,0,1,3,-3,0,0
2015,37,1287*A,Ivesia gordonii,54,36,-10,-10,0.5,0.5,0,1,0,NA,NA,1,1
2016,37,1287*A,Ivesia gordonii,54,36,-10,-10,1,1,0,0,0,0.5,0.5,1,0
2017,37,1287*A,Ivesia gordonii,54,36,-10,-10,3,3,0,0,0,1,2,1,0
2018,37,1287*A,Ivesia gordonii,54,36,-10,-10,2.5,1,0,0,0,3,-0.5,1,0
2019,37,1287*A,Ivesia gordonii,54,36,-10,-10,2.9,1.5,0,0,0,2.5,0.4,1,0
2020,37,1287*A,Ivesia gordonii,54,36,-10,-10,5,3,0,0,0,2.9,2.1,1,0
2021,37,1287*A,Ivesia gordonii,54,36,-10,-10,0,0,0,0,0,5,-5,1,0
2015,37,1288*A,Eriogonum umbellatum,50,49,-10,-10,0.7,0.5,0,1,0,NA,NA,1,1
2016,37,1288*A,Eriogonum umbellatum,50,49,-10,-10,0.7,1,0,0,0,0.7,0,1,0
2017,37,1288*A,Eriogonum umbellatum,50,49,-10,-10,1,1,0,0,0,0.7,0.3,1,0
2018,37,1288*A,Eriogonum umbellatum,50,49,-10,-10,1,0.5,0,0,0,1,0,1,0
2019,37,1288*A,Eriogonum umbellatum,50,49,-10,-10,0.9,0.6,0,0,0,1,-0.1,1,0
2020,37,1288*A,Eriogonum umbellatum,50,49,-10,-10,0.5,0.5,0,0,0,0.9,-0.4,1,0
2021,37,1288*A,Eriogonum umbellatum,50,49,-10,-10,0,0,0,0,0,0.5,-0.5,1,0
2015,37,1289*A,Agoseris glauca,62,60,-10,-10,1,1,0,1,0,NA,NA,1,1
2016,37,1289*A,Agoseris glauca,62,60,-10,-10,2.5,3,0,0,0,1,1.5,1,0
2017,37,1289*A,Agoseris glauca,62,60,-10,-10,10,5,1,0,0,2.5,7.5,1,0
2018,37,1289*A,Agoseris glauca,62,60,-10,-10,0,0,0,0,1,10,-10,0,0
2014,13,129*A,Eriogonum umbellatum,17,14,-10,-10,1,1,0,1,0,NA,NA,1,1
2015,13,129*A,Eriogonum umbellatum,17,14,-10,-10,4,1.7,0,0,0,1,3,1,0
2016,13,129*A,Eriogonum umbellatum,17,14,-10,-10,3,1.7,0,0,0,4,-1,1,0
2017,13,129*A,Eriogonum umbellatum,17,14,-10,-10,4.6,2,0,0,0,3,1.6,1,0
2018,13,129*A,Eriogonum umbellatum,17,14,-10,-10,6.5,2.5,0,0,0,4.6,1.9,1,0
2019,13,129*A,Eriogonum umbellatum,17,14,-10,-10,9.5,3,1,0,0,6.5,3,1,0
2020,13,129*A,Eriogonum umbellatum,17,14,-10,-10,12,3,3,0,0,9.5,2.5,1,0
2021,13,129*A,Eriogonum umbellatum,17,14,-10,-10,12.5,2.5,1,0,0,12,0.5,1,0
2015,37,1290*A,Lupinus argenteus,69,60,-10,-10,3,2.5,0,1,0,NA,NA,1,1
2016,37,1290*A,Lupinus argenteus,69,60,-10,-10,10,9,0,0,0,3,7,1,0
2017,37,1290*A,Lupinus argenteus,69,60,-10,-10,14,9,0,0,0,10,4,1,0
2018,37,1290*A,Lupinus argenteus,69,60,-10,-10,0,0,0,0,1,14,-14,0,0
2015,37,1291*A,Ivesia gordonii,62,62,-10,-10,0.5,0.5,0,1,0,NA,NA,1,1
2016,37,1291*A,Ivesia gordonii,62,62,-10,-10,1.5,1,0,0,0,0.5,1,1,0
2017,37,1291*A,Ivesia gordonii,62,62,-10,-10,3,3,0,0,0,1.5,1.5,1,0
2018,37,1291*A,Ivesia gordonii,62,62,-10,-10,0,0,0,0,1,3,-3,0,0
2015,37,1292*A,Lupinus argenteus,105,35,-10,-10,2.5,2.5,0,1,0,NA,NA,1,1
2016,37,1292*A,Lupinus argenteus,105,35,-10,-10,5,5,0,0,0,2.5,2.5,1,0
2017,37,1292*A,Lupinus argenteus,105,35,-10,-10,4.5,5,0,0,0,5,-0.5,1,0
2018,37,1292*A,Lupinus argenteus,105,35,-10,-10,0,0,0,0,1,4.5,-4.5,0,0
2015,37,1293*A,Lupinus argenteus,112,25,-10,-10,2,2,0,1,0,NA,NA,1,1
2016,37,1293*A,Lupinus argenteus,112,25,-10,-10,0,0,0,0,1,2,-2,0,0
2015,37,1294*A,Heterotheca villosa,157,30,-10,-10,1,0.3,0,1,0,NA,NA,1,1
2016,37,1294*A,Heterotheca villosa,157,30,-10,-10,0,0,0,0,1,1,-1,0,0
2014,37,1295*A,Lupinus argenteus,183,30,-10,-10,7,4,0,0,0,NA,NA,1,NA
2015,37,1295*A,Lupinus argenteus,183,30,-10,-10,7,4,0,0,0,7,0,1,0
2016,37,1295*A,Lupinus argenteus,183,30,-10,-10,0,0,0,0,1,7,-7,0,0
2015,37,1296*A,Lupinus argenteus,189,29,-10,-10,2.5,2.5,0,1,0,NA,NA,1,1
2016,37,1296*A,Lupinus argenteus,189,29,-10,-10,1,1.5,0,0,0,2.5,-1.5,1,0
2017,37,1296*A,Lupinus argenteus,189,29,-10,-10,0,0,0,0,1,1,-1,0,0
2015,37,1297*A,Lupinus argenteus,195,58,-10,-10,1.5,1.5,0,1,0,NA,NA,1,1
2016,37,1297*A,Lupinus argenteus,195,58,-10,-10,1,1,0,0,0,1.5,-0.5,1,0
2017,37,1297*A,Lupinus argenteus,195,58,-10,-10,1,1,0,0,0,1,0,1,0
2018,37,1297*A,Lupinus argenteus,195,58,-10,-10,0,0,0,0,1,1,-1,0,0
2015,37,1298*A,Lupinus argenteus,181,135,-10,-10,2,2,0,1,0,NA,NA,1,1
2016,37,1298*A,Lupinus argenteus,181,135,-10,-10,2,2,0,0,0,2,0,1,0
2017,37,1298*A,Lupinus argenteus,181,135,-10,-10,0,0,0,0,1,2,-2,0,0
2015,37,1299*A,Lupinus argenteus,115,105,-10,-10,3,2,0,1,0,NA,NA,1,1
2016,37,1299*A,Lupinus argenteus,115,105,-10,-10,10,8,0,0,0,3,7,1,0
2017,37,1299*A,Lupinus argenteus,115,105,-10,-10,14,7,0,0,0,10,4,1,0
2018,37,1299*A,Lupinus argenteus,115,105,-10,-10,0,0,0,0,1,14,-14,0,0
2014,1,13*A,Ivesia gordonii,192,126,-10,-10,9,5,2,0,0,NA,NA,1,NA
2015,1,13*A,Ivesia gordonii,192,126,-10,-10,9.5,5,0,0,0,9,0.5,1,0
2016,1,13*A,Ivesia gordonii,192,126,-10,-10,8.5,7.2,1,0,0,9.5,-1,1,0
2017,1,13*A,Ivesia gordonii,192,126,-10,-10,0,0,0,0,1,8.5,-8.5,0,0
2014,13,130*A,Elymus lanceolatus,15,43,0,10,1,1,0,1,0,NA,NA,1,1
2015,13,130*A,Elymus lanceolatus,15,43,0,10,14.5,9.5,0,0,0,1,13.5,1,0
2016,13,130*A,Elymus lanceolatus,15,43,0,10,22,26,10,0,0,14.5,7.5,1,0
2017,13,130*A,Elymus lanceolatus,15,43,0,10,30,27,16,0,0,22,8,1,0
2018,13,130*A,Elymus lanceolatus,15,43,0,10,32,24.5,36,0,0,30,2,1,0
2019,13,130*A,Elymus lanceolatus,15,43,0,10,24,32.5,8,0,0,32,-8,1,0
2020,13,130*A,Elymus lanceolatus,15,43,0,10,27,20,1,0,0,24,3,1,0
2021,13,130*A,Elymus lanceolatus,15,43,0,10,22,23,11,0,0,27,-5,1,0
2015,37,1300*A,Ivesia gordonii,97.11687539,109.754801,-10,-10,0.5,0.5,0,1,0,NA,NA,1,1
2015,37,1300*B,Ivesia gordonii,96.95863408,109.8344117,-10,-10,0.5,0.5,0,1,0,NA,NA,1,1
2015,37,1300*C,Ivesia gordonii,96.60482487,109.1237881,-10,-10,0.5,0.5,0,1,0,NA,NA,1,1
2016,37,1300*A,Ivesia gordonii,97.23375078,109.509602,-10,-10,1,1,0,0,0,0.5,0.5,1,0
2016,37,1300*B,Ivesia gordonii,96.91726817,109.6688234,-10,-10,1,1,0,0,1,0.5,0.5,0,0
2016,37,1300*C,Ivesia gordonii,96.20964973,108.2475761,-10,-10,1,1,0,0,1,0.5,0.5,0,0
2017,37,1300*A,Ivesia gordonii,97,110,-10,-10,0.5,0.5,0,0,0,1,-0.5,1,0
2018,37,1300*A,Ivesia gordonii,97,110,-10,-10,1,1,0,0,0,0.5,0.5,1,0
2019,37,1300*A,Ivesia gordonii,97,110,-10,-10,1.4,1.3,0,0,0,1,0.4,1,0
2020,37,1300*A,Ivesia gordonii,97,110,-10,-10,2,1.5,0,0,0,1.4,0.6,1,0
2021,37,1300*A,Ivesia gordonii,97,110,-10,-10,4.8,2,0,0,0,2,2.8,1,0
2015,37,1301*A,Ivesia gordonii,85,115,-10,-10,0,0,0,1,1,NA,NA,0,1
2015,37,1302*A,Lupinus argenteus,58,123,-10,-10,3,2.5,0,1,0,NA,NA,1,1
2016,37,1302*A,Lupinus argenteus,58,123,-10,-10,9,4,0,0,0,3,6,1,0
2017,37,1302*A,Lupinus argenteus,58,123,-10,-10,13,7,0,0,0,9,4,1,0
2018,37,1302*A,Lupinus argenteus,58,123,-10,-10,0,0,0,0,1,13,-13,0,0
2015,37,1303*A,Lupinus argenteus,95,148,-10,-10,0,0,0,1,1,NA,NA,0,1
2015,37,1304*A,Lupinus argenteus,94,158,-10,-10,2.5,2,0,1,0,NA,NA,1,1
2016,37,1304*A,Lupinus argenteus,94,158,-10,-10,0,0,0,0,1,2.5,-2.5,0,0
2015,37,1305*A,Lupinus argenteus,146,140,-10,-10,1.5,3,0,1,0,NA,NA,1,1
2016,37,1305*A,Lupinus argenteus,146,140,-10,-10,5,5,0,0,0,1.5,3.5,1,0
2017,37,1305*A,Lupinus argenteus,146,140,-10,-10,11,5,0,0,0,5,6,1,0
2018,37,1305*A,Lupinus argenteus,146,140,-10,-10,0,0,0,0,1,11,-11,0,0
2015,37,1306*A,Lupinus argenteus,144,143,-10,-10,3,2,0,1,0,NA,NA,1,1
2016,37,1306*A,Lupinus argenteus,144,143,-10,-10,0,0,0,0,1,3,-3,0,0
2015,37,1307*A,Lupinus argenteus,43,132,-10,-10,3.5,2,0,1,0,NA,NA,1,1
2016,37,1307*A,Lupinus argenteus,43,132,-10,-10,4.5,4,0,0,0,3.5,1,1,0
2017,37,1307*A,Lupinus argenteus,43,132,-10,-10,8,5,0,0,0,4.5,3.5,1,0
2018,37,1307*A,Lupinus argenteus,43,132,-10,-10,0,0,0,0,1,8,-8,0,0
2015,37,1308*A,Lupinus argenteus,42,141,-10,-10,1.5,1,0,1,0,NA,NA,1,1
2016,37,1308*A,Lupinus argenteus,42,141,-10,-10,0,0,0,0,1,1.5,-1.5,0,0
2015,37,1309*A,Lupinus argenteus,80,175,-10,-10,2.5,1.5,0,1,0,NA,NA,1,1
2016,37,1309*A,Lupinus argenteus,80,175,-10,-10,3,2,0,0,0,2.5,0.5,1,0
2017,37,1309*A,Lupinus argenteus,80,175,-10,-10,0,0,0,0,1,3,-3,0,0
2014,13,131*A,Eriogonum umbellatum,30,50,-4,-3,2,1,0,0,0,NA,NA,1,NA
2015,13,131*A,Eriogonum umbellatum,30,50,-4,-3,3,2.5,0,0,0,2,1,1,0
2016,13,131*A,Eriogonum umbellatum,30,50,-4,-3,5,2.9,0,0,0,3,2,1,0
2017,13,131*A,Eriogonum umbellatum,30,50,-4,-3,10,4,1,0,0,5,5,1,0
2018,13,131*A,Eriogonum umbellatum,30,50,-4,-3,10.5,2,3,0,0,10,0.5,1,0
2019,13,131*A,Eriogonum umbellatum,30,50,-4,-3,10.5,3,5,0,0,10.5,0,1,0
2020,13,131*A,Eriogonum umbellatum,30,50,-4,-3,12.5,2,1,0,0,10.5,2,1,0
2021,13,131*A,Eriogonum umbellatum,30,50,-4,-3,12.5,2,8,0,0,12.5,0,1,0
2015,37,1310*A,Lupinus argenteus,5,196,-10,-10,2,2.5,0,1,0,NA,NA,1,1
2016,37,1310*A,Lupinus argenteus,5,196,-10,-10,0,0,0,0,1,2,-2,0,0
2015,37,1311*A,Lupinus argenteus,28,200,-10,-10,2,2.5,0,1,0,NA,NA,1,1
2016,37,1311*A,Lupinus argenteus,28,200,-10,-10,1,2,0,0,0,2,-1,1,0
2017,37,1311*A,Lupinus argenteus,28,200,-10,-10,0,0,0,0,1,1,-1,0,0
2015,37,1312*A,Lupinus argenteus,52,200,-10,-10,2,2,0,1,0,NA,NA,1,1
2016,37,1312*A,Lupinus argenteus,52,200,-10,-10,7,5,0,0,0,2,5,1,0
2017,37,1312*A,Lupinus argenteus,52,200,-10,-10,2.5,1.5,0,0,0,7,-4.5,1,0
2018,37,1312*A,Lupinus argenteus,52,200,-10,-10,5,4.5,0,0,0,2.5,2.5,1,0
2019,37,1312*A,Lupinus argenteus,52,200,-10,-10,4.7,1.2,0,0,0,5,-0.3,1,0
2020,37,1312*A,Lupinus argenteus,52,200,-10,-10,0,0,0,0,1,4.7,-4.7,0,0
2015,37,1313*A,Lupinus argenteus,60,195,-10,-10,3,2.5,0,1,0,NA,NA,1,1
2016,37,1313*A,Lupinus argenteus,60,195,-10,-10,4,2,0,0,0,3,1,1,0
2017,37,1313*A,Lupinus argenteus,60,195,-10,-10,0,0,0,0,1,4,-4,0,0
2015,37,1314*A,Lupinus argenteus,144,200,-10,-10,2,2,0,1,0,NA,NA,1,1
2016,37,1314*A,Lupinus argenteus,144,200,-10,-10,8,5,0,0,0,2,6,1,0
2017,37,1314*A,Lupinus argenteus,144,200,-10,-10,11,6,0,0,0,8,3,1,0
2018,37,1314*A,Lupinus argenteus,144,200,-10,-10,9.5,6.5,0,0,0,11,-1.5,1,0
2019,37,1314*A,Lupinus argenteus,144,200,-10,-10,0,0,0,0,1,9.5,-9.5,0,0
2015,37,1315*A,Lupinus argenteus,163,200,-10,-10,3,2,0,1,0,NA,NA,1,1
2016,37,1315*A,Lupinus argenteus,163,200,-10,-10,4,4,0,0,0,3,1,1,0
2017,37,1315*A,Lupinus argenteus,163,200,-10,-10,0,0,0,0,1,4,-4,0,0
2015,37,1316*A,Ivesia gordonii,132,159,-10,-10,0.7,0.6,0,1,0,NA,NA,1,1
2016,37,1316*A,Ivesia gordonii,132,159,-10,-10,0.5,1,0,0,0,0.7,-0.2,1,0
2017,37,1316*A,Ivesia gordonii,132,159,-10,-10,3,2,0,0,0,0.5,2.5,1,0
2018,37,1316*A,Ivesia gordonii,132,159,-10,-10,3,2.5,0,0,0,3,0,1,0
2019,37,1316*A,Ivesia gordonii,132,159,-10,-10,6,3,0,0,0,3,3,1,0
2020,37,1316*A,Ivesia gordonii,132,159,-10,-10,5.5,4.5,1,0,0,6,-0.5,1,0
2021,37,1316*A,Ivesia gordonii,132,159,-10,-10,9.7,4,1,0,0,5.5,4.2,1,0
2015,38,1317*A,Lupinus argenteus,24,140,-10,-10,3.5,2.5,0,1,0,NA,NA,1,1
2016,38,1317*A,Lupinus argenteus,24,140,-10,-10,13,6,0,0,0,3.5,9.5,1,0
2017,38,1317*A,Lupinus argenteus,24,140,-10,-10,0,0,0,0,1,13,-13,0,0
2015,39,1318*A,Lupinus argenteus,124,184,-10,-10,3,2,0,1,0,NA,NA,1,1
2016,39,1318*A,Lupinus argenteus,124,184,-10,-10,5,3,0,0,0,3,2,1,0
2017,39,1318*A,Lupinus argenteus,124,184,-10,-10,8,7,0,0,0,5,3,1,0
2018,39,1318*A,Lupinus argenteus,124,184,-10,-10,0,0,0,0,1,8,-8,0,0
2015,40,1319*A,Lupinus argenteus,187,0,-10,-10,2.5,2,0,1,0,NA,NA,1,1
2016,40,1319*A,Lupinus argenteus,187,0,-10,-10,0,0,0,0,1,2.5,-2.5,0,0
2014,13,132*A,Heterotheca villosa,88,114,-10,-10,23,7,32,0,0,NA,NA,1,NA
2015,13,132*A,Heterotheca villosa,88,114,-10,-10,23,4,13,0,0,23,0,1,0
2016,13,132*A,Heterotheca villosa,88,114,-10,-10,24,7.5,25,0,0,23,1,1,0
2017,13,132*A,Heterotheca villosa,88,114,-10,-10,28,6,71,0,0,24,4,1,0
2018,13,132*A,Heterotheca villosa,88,114,-10,-10,13,8,16,0,0,28,-15,1,0
2019,13,132*A,Heterotheca villosa,88,114,-10,-10,22,9,35,0,0,13,9,1,0
2020,13,132*A,Heterotheca villosa,88,114,-10,-10,19.5,9,46,0,0,22,-2.5,1,0
2021,13,132*A,Heterotheca villosa,88,114,-10,-10,29,8.5,83,0,0,19.5,9.5,1,0
2015,40,1320*A,Lupinus argenteus,198,196,-10,-10,8,4,0,0,0,NA,NA,1,1
2016,40,1320*A,Lupinus argenteus,198,196,-10,-10,9.5,6,0,0,0,8,1.5,1,0
2017,40,1320*A,Lupinus argenteus,198,196,-10,-10,0,0,0,0,1,9.5,-9.5,0,0
2014,40,1321*A,Eriogonum umbellatum,0,11,-10,-10,7.5,2.5,0,0,0,NA,NA,1,NA
2015,40,1321*A,Eriogonum umbellatum,0,11,-10,-10,7.5,2.5,0,0,0,7.5,0,1,0
2016,40,1321*A,Eriogonum umbellatum,0,11,-10,-10,6.5,2,0,0,0,7.5,-1,1,0
2017,40,1321*A,Eriogonum umbellatum,0,11,-10,-10,6.5,2,0,0,0,6.5,0,1,0
2018,40,1321*A,Eriogonum umbellatum,0,11,-10,-10,2.5,1.5,0,0,0,6.5,-4,1,0
2019,40,1321*A,Eriogonum umbellatum,0,11,-10,-10,4,2.6,0,0,0,2.5,1.5,1,0
2020,40,1321*A,Eriogonum umbellatum,0,11,-10,-10,5,1.5,0,0,0,4,1,1,0
2021,40,1321*A,Eriogonum umbellatum,0,11,-10,-10,5,1.7,0,0,0,5,0,1,0
2015,41,1322*A,Lupinus argenteus,35,1,-10,-10,3.5,2,0,1,0,NA,NA,1,1
2016,41,1322*A,Lupinus argenteus,35,1,-10,-10,3,2,0,0,0,3.5,-0.5,1,0
2017,41,1322*A,Lupinus argenteus,35,1,-10,-10,0,0,0,0,1,3,-3,0,0
2015,41,1323*A,Lupinus argenteus,30,9,-10,-10,2.5,2,0,1,0,NA,NA,1,1
2016,41,1323*A,Lupinus argenteus,30,9,-10,-10,0,0,0,0,1,2.5,-2.5,0,0
2015,41,1324*A,Lupinus argenteus,4,24,-10,-10,2.5,1.5,0,1,0,NA,NA,1,1
2016,41,1324*A,Lupinus argenteus,4,24,-10,-10,2.5,3,0,0,0,2.5,0,1,0
2017,41,1324*A,Lupinus argenteus,4,24,-10,-10,3.5,3,0,0,0,2.5,1,1,0
2018,41,1324*A,Lupinus argenteus,4,24,-10,-10,0,0,0,0,1,3.5,-3.5,0,0
2015,41,1325*A,Lupinus argenteus,13,32,-10,-10,5.5,3,0,0,0,NA,NA,1,1
2016,41,1325*A,Lupinus argenteus,13,32,-10,-10,12,6,0,0,0,5.5,6.5,1,0
2017,41,1325*A,Lupinus argenteus,13,32,-10,-10,16.5,8,0,0,0,12,4.5,1,0
2018,41,1325*A,Lupinus argenteus,13,32,-10,-10,0,0,0,0,1,16.5,-16.5,0,0
2015,41,1326*A,Lupinus argenteus,34,31,-10,-10,3.5,2,0,1,0,NA,NA,1,1
2016,41,1326*A,Lupinus argenteus,34,31,-10,-10,2,2,0,0,0,3.5,-1.5,1,0
2017,41,1326*A,Lupinus argenteus,34,31,-10,-10,0,0,0,0,1,2,-2,0,0
2015,41,1327*A,Lupinus argenteus,67,40,-10,-10,3.5,2,0,1,0,NA,NA,1,1
2016,41,1327*A,Lupinus argenteus,67,40,-10,-10,6,5,4,0,0,3.5,2.5,1,0
2017,41,1327*A,Lupinus argenteus,67,40,-10,-10,7,4.5,0,0,0,6,1,1,0
2018,41,1327*A,Lupinus argenteus,67,40,-10,-10,0,0,0,0,1,7,-7,0,0
2015,41,1328*A,Lupinus argenteus,71,52,-10,-10,3,2,0,1,0,NA,NA,1,1
2016,41,1328*A,Lupinus argenteus,71,52,-10,-10,2.5,3.5,0,0,0,3,-0.5,1,0
2017,41,1328*A,Lupinus argenteus,71,52,-10,-10,4.5,3,0,0,0,2.5,2,1,0
2018,41,1328*A,Lupinus argenteus,71,52,-10,-10,0,0,0,0,1,4.5,-4.5,0,0
2015,41,1329*A,Lupinus argenteus,12,70,-10,-10,3,3,0,1,0,NA,NA,1,1
2016,41,1329*A,Lupinus argenteus,12,70,-10,-10,0,0,0,0,1,3,-3,0,0
2014,13,133*A,Elymus lanceolatus,105,117,-10,-10,5,19,3,0,0,NA,NA,1,NA
2015,13,133*A,Elymus lanceolatus,105,117,-10,-10,16,17,1,0,0,5,11,1,0
2016,13,133*A,Elymus lanceolatus,105,117,-10,-10,18,22,2,0,0,16,2,1,0
2017,13,133*A,Elymus lanceolatus,105,117,-10,-10,17,16,0,0,0,18,-1,1,0
2018,13,133*A,Elymus lanceolatus,105,117,-10,-10,19,14,1,0,0,17,2,1,0
2019,13,133*A,Elymus lanceolatus,105,117,-10,-10,20,20.5,3,0,0,19,1,1,0
2020,13,133*A,Elymus lanceolatus,105,117,-10,-10,25,17,0,0,0,20,5,1,0
2021,13,133*A,Elymus lanceolatus,105,117,-10,-10,16.5,18,7,0,0,25,-8.5,1,0
2015,41,1330*A,Arenaria congesta,14,78,-10,-10,0.3,0.3,0,1,0,NA,NA,1,1
2016,41,1330*A,Arenaria congesta,14,78,-10,-10,0,0,0,0,1,0.3,-0.3,0,0
2015,41,1331*A,Lupinus argenteus,149,19,-10,-10,0,0,0,1,1,NA,NA,0,1
2015,41,1332*A,Lupinus argenteus,151,21,-10,-10,0,0,0,1,1,NA,NA,0,1
2015,41,1333*A,Lupinus argenteus,45,115,-10,-10,3,2,0,1,0,NA,NA,1,1
2016,41,1333*A,Lupinus argenteus,45,115,-10,-10,0,0,0,0,1,3,-3,0,0
2015,41,1334*A,Lupinus argenteus,45,125,-10,-10,2.5,2,0,1,0,NA,NA,1,1
2016,41,1334*A,Lupinus argenteus,45,125,-10,-10,0,0,0,0,1,2.5,-2.5,0,0
2015,41,1335*A,Lupinus argenteus,58,147,-10,-10,2.5,2,0,1,0,NA,NA,1,1
2016,41,1335*A,Lupinus argenteus,58,147,-10,-10,0,0,0,0,1,2.5,-2.5,0,0
2015,41,1336*A,Lupinus argenteus,66,144,-10,-10,3.5,2.5,0,1,0,NA,NA,1,1
2016,41,1336*A,Lupinus argenteus,66,144,-10,-10,0,0,0,0,1,3.5,-3.5,0,0
2015,41,1337*A,Lupinus argenteus,73,125,-10,-10,0,0,0,1,1,NA,NA,0,1
2015,41,1338*A,Lupinus argenteus,68,151,-10,-10,3,2.5,0,1,0,NA,NA,1,1
2016,41,1338*A,Lupinus argenteus,68,151,-10,-10,2.5,2,0,0,0,3,-0.5,1,0
2017,41,1338*A,Lupinus argenteus,68,151,-10,-10,0,0,0,0,1,2.5,-2.5,0,0
2015,41,1339*A,Lupinus argenteus,107,80,-10,-10,2,2,0,1,0,NA,NA,1,1
2016,41,1339*A,Lupinus argenteus,107,80,-10,-10,0,0,0,0,1,2,-2,0,0
2014,13,134*A,Elymus lanceolatus,100,130,-10,0,4,15,0,0,1,NA,NA,0,NA
2015,41,1340*A,Lupinus argenteus,91,62,-10,-10,0,0,0,1,1,NA,NA,0,1
2015,41,1341*A,Lupinus argenteus,102,87,-10,-10,3,2,0,1,0,NA,NA,1,1
2016,41,1341*A,Lupinus argenteus,102,87,-10,-10,0,0,0,0,1,3,-3,0,0
2015,41,1342*A,Lupinus argenteus,105,79,-10,-10,2.5,2,0,1,0,NA,NA,1,1
2016,41,1342*A,Lupinus argenteus,105,79,-10,-10,0,0,0,0,1,2.5,-2.5,0,0
2015,41,1343*A,Lupinus argenteus,105,60,-10,-10,2.5,1.5,0,1,0,NA,NA,1,1
2016,41,1343*A,Lupinus argenteus,105,60,-10,-10,0,0,0,0,1,2.5,-2.5,0,0
2015,41,1344*A,Lupinus argenteus,135,38,-10,-10,3.5,2,0,1,0,NA,NA,1,1
2016,41,1344*A,Lupinus argenteus,135,38,-10,-10,0,0,0,0,1,3.5,-3.5,0,0
2015,41,1345*A,Lupinus argenteus,133,36,-10,-10,3,2.5,0,1,0,NA,NA,1,1
2016,41,1345*A,Lupinus argenteus,133,36,-10,-10,3,2,0,0,0,3,0,1,0
2017,41,1345*A,Lupinus argenteus,133,36,-10,-10,0,0,0,0,1,3,-3,0,0
2015,41,1346*A,Lupinus argenteus,137,55,-10,-10,4,3,0,1,0,NA,NA,1,1
2016,41,1346*A,Lupinus argenteus,137,55,-10,-10,3,1,0,0,0,4,-1,1,0
2017,41,1346*A,Lupinus argenteus,137,55,-10,-10,0,0,0,0,1,3,-3,0,0
2015,41,1347*A,Lupinus argenteus,133,69,-10,-10,0,0,0,1,1,NA,NA,0,1
2015,41,1348*A,Lupinus argenteus,10,198,-10,-10,2,1.5,0,1,0,NA,NA,1,1
2016,41,1348*A,Lupinus argenteus,10,198,-10,-10,2,3,0,0,0,2,0,1,0
2017,41,1348*A,Lupinus argenteus,10,198,-10,-10,0,0,0,0,1,2,-2,0,0
2015,41,1349*A,Lupinus argenteus,6,135,-10,-10,4,3,0,1,0,NA,NA,1,1
2016,41,1349*A,Lupinus argenteus,6,135,-10,-10,0,0,0,0,1,4,-4,0,0
2014,13,135*A,Elymus lanceolatus,107,123,10,10,8,9,0,0,0,NA,NA,1,NA
2015,13,135*A,Elymus lanceolatus,107,123,10,10,8,16,0,0,0,8,0,1,0
2016,13,135*A,Elymus lanceolatus,107,123,10,10,6,19.5,4,0,0,8,-2,1,0
2017,13,135*A,Elymus lanceolatus,107,123,10,10,9,12,0,0,0,6,3,1,0
2018,13,135*A,Elymus lanceolatus,107,123,10,10,7.5,17,4,0,0,9,-1.5,1,0
2019,13,135*A,Elymus lanceolatus,107,123,10,10,8.5,20.5,1,0,0,7.5,1,1,0
2020,13,135*A,Elymus lanceolatus,107,123,10,10,12.5,12,0,0,0,8.5,4,1,0
2021,13,135*A,Elymus lanceolatus,107,123,10,10,6,10.5,0,0,0,12.5,-6.5,1,0
2015,41,1350*A,Lupinus argenteus,92,144,-10,-10,3.5,3,0,1,0,NA,NA,1,1
2016,41,1350*A,Lupinus argenteus,92,144,-10,-10,6,5,0,0,0,3.5,2.5,1,0
2017,41,1350*A,Lupinus argenteus,92,144,-10,-10,6.4,5,0,0,0,6,0.4,1,0
2018,41,1350*A,Lupinus argenteus,92,144,-10,-10,0,0,0,0,1,6.4,-6.4,0,0
2015,41,1351A*A,Lupinus argenteus,107,192,-10,-10,0,0,0,1,1,NA,NA,0,1
2015,41,1352*A,Lupinus argenteus,130,165,-10,-10,3.5,3,0,1,0,NA,NA,1,1
2016,41,1352*A,Lupinus argenteus,130,165,-10,-10,3,3.5,0,0,0,3.5,-0.5,1,0
2017,41,1352*A,Lupinus argenteus,130,165,-10,-10,0,0,0,0,1,3,-3,0,0
2015,41,1353*A,Lupinus argenteus,134,129,-10,-10,2.5,2,0,1,0,NA,NA,1,1
2016,41,1353*A,Lupinus argenteus,134,129,-10,-10,2.5,2.5,0,0,0,2.5,0,1,0
2017,41,1353*A,Lupinus argenteus,134,129,-10,-10,3.5,3.5,0,0,0,2.5,1,1,0
2018,41,1353*A,Lupinus argenteus,134,129,-10,-10,0.5,0.4,0,0,0,3.5,-3,1,0
2019,41,1353*A,Lupinus argenteus,134,129,-10,-10,0,0,0,0,1,0.5,-0.5,0,0
2015,41,1354*A,Lupinus argenteus,154,116,-10,-10,2,2.5,0,1,0,NA,NA,1,1
2016,41,1354*A,Lupinus argenteus,154,116,-10,-10,0.1,0.2,0,0,0,2,-1.9,1,0
2017,41,1354*A,Lupinus argenteus,154,116,-10,-10,0,0,0,0,1,0.1,-0.1,0,0
2015,41,1355*A,Lupinus argenteus,147,136,-10,-10,3,2.5,0,1,0,NA,NA,1,1
2016,41,1355*A,Lupinus argenteus,147,136,-10,-10,0,0,0,0,1,3,-3,0,0
2015,41,1356*A,Eriogonum umbellatum,139,136,-10,-10,1,0.5,0,1,0,NA,NA,1,1
2016,41,1356*A,Eriogonum umbellatum,139,136,-10,-10,0,0,0,0,1,1,-1,0,0
2015,41,1357*A,Eriogonum umbellatum,139,134,-10,-10,1.5,1,0,1,0,NA,NA,1,1
2016,41,1357*A,Eriogonum umbellatum,139,134,-10,-10,0.4,0.5,0,0,0,1.5,-1.1,1,0
2017,41,1357*A,Eriogonum umbellatum,139,134,-10,-10,0,0,0,0,1,0.4,-0.4,0,0
2015,41,1358*A,Lupinus argenteus,195,168,-10,-10,1.5,1,0,1,0,NA,NA,1,1
2016,41,1358*A,Lupinus argenteus,195,168,-10,-10,0,0,0,0,1,1.5,-1.5,0,0
2015,41,1359*A,Lupinus argenteus,163,156,-10,-10,2.5,3,0,1,0,NA,NA,1,1
2016,41,1359*A,Lupinus argenteus,163,156,-10,-10,3,4,0,0,0,2.5,0.5,1,0
2017,41,1359*A,Lupinus argenteus,163,156,-10,-10,0,0,0,0,1,3,-3,0,0
2014,13,136*A,Elymus lanceolatus,132,115,-10,-10,6,13,0,0,0,NA,NA,1,NA
2015,13,136*A,Elymus lanceolatus,132,115,-10,-10,10,11.5,0,0,0,6,4,1,0
2016,13,136*A,Elymus lanceolatus,132,115,-10,-10,16,14.5,3,0,0,10,6,1,0
2017,13,136*A,Elymus lanceolatus,132,115,-10,-10,14,7,0,0,0,16,-2,1,0
2018,13,136*A,Elymus lanceolatus,132,115,-10,-10,12.5,12.5,2,0,0,14,-1.5,1,0
2019,13,136*A,Elymus lanceolatus,132,115,-10,-10,5,7.5,0,0,0,12.5,-7.5,1,0
2020,13,136*A,Elymus lanceolatus,132,115,-10,-10,0,0,0,0,1,5,-5,0,0
2015,41,1360*A,Lupinus argenteus,163,163,-10,-10,2.5,2.5,0,1,0,NA,NA,1,1
2016,41,1360*A,Lupinus argenteus,163,163,-10,-10,2.5,4,0,0,0,2.5,0,1,0
2017,41,1360*A,Lupinus argenteus,163,163,-10,-10,0,0,0,0,1,2.5,-2.5,0,0
2015,41,1361*A,Phacelia hastata,184,174,0,-10,2.5,1.5,0,0,0,NA,NA,1,1
2016,41,1361*A,Phacelia hastata,184,174,0,-10,5,2,0,0,0,2.5,2.5,1,0
2017,41,1361*A,Phacelia hastata,184,174,0,-10,7,4.5,1,0,0,5,2,1,0
2018,41,1361*A,Phacelia hastata,184,174,0,-10,4,1,0,0,0,7,-3,1,0
2019,41,1361*A,Phacelia hastata,184,174,0,-10,0,0,0,0,1,4,-4,0,0
2015,41,1362*A,Senecio crassulus,185,175,-10,-10,0.7,1,0,1,0,NA,NA,1,1
2016,41,1362*A,Senecio crassulus,185,175,-10,-10,1,1.5,0,0,0,0.7,0.3,1,0
2017,41,1362*A,Senecio crassulus,185,175,-10,-10,0,0,0,0,1,1,-1,0,0
2015,41,1363*A,Lupinus argenteus,126,165,-10,-10,1.5,1.5,0,1,0,NA,NA,1,1
2016,41,1363*A,Lupinus argenteus,126,165,-10,-10,0,0,0,0,1,1.5,-1.5,0,0
2015,41,1364*A,Lupinus argenteus,181,167,-10,-10,4,2,0,1,0,NA,NA,1,1
2016,41,1364*A,Lupinus argenteus,181,167,-10,-10,4,3,0,0,0,4,0,1,0
2017,41,1364*A,Lupinus argenteus,181,167,-10,-10,5,3,0,0,0,4,1,1,0
2018,41,1364*A,Lupinus argenteus,181,167,-10,-10,0,0,0,0,1,5,-5,0,0
2015,41,1365*A,Lupinus argenteus,150,184,-10,-10,3,2.5,0,1,0,NA,NA,1,1
2016,41,1365*A,Lupinus argenteus,150,184,-10,-10,1,2,0,0,0,3,-2,1,0
2017,41,1365*A,Lupinus argenteus,150,184,-10,-10,4,2.5,0,0,0,1,3,1,0
2018,41,1365*A,Lupinus argenteus,150,184,-10,-10,0,0,0,0,1,4,-4,0,0
2015,41,1366*A,Eriogonum umbellatum,135.1168754,181.754801,-10,-10,1,0.5,0,1,0,NA,NA,1,1
2015,41,1366*B,Eriogonum umbellatum,134.9586341,181.8344117,-10,-10,1,0.5,0,1,1,NA,NA,0,1
2015,41,1366*C,Eriogonum umbellatum,134.6048249,181.1237881,-10,-10,1,0.5,0,1,1,NA,NA,0,1
2016,41,1366*A,Eriogonum umbellatum,135,182,-10,-10,0.6,1,0,0,0,1,-0.4,1,0
2017,41,1366*A,Eriogonum umbellatum,135,182,-10,-10,1,1,0,0,0,0.6,0.4,1,0
2018,41,1366*A,Eriogonum umbellatum,135,182,-10,-10,0,0,0,0,1,1,-1,0,0
2015,41,1367*A,Eriogonum umbellatum,198.3506262,177.264403,-10,-10,1,0.5,0,1,0,NA,NA,1,1
2015,41,1367*B,Eriogonum umbellatum,197.8759023,177.5032351,-10,-10,1,0.5,0,1,0,NA,NA,1,1
2016,41,1367*A,Eriogonum umbellatum,198.3506262,177.264403,-10,-10,1,1,0,0,0,1,0,1,0
2016,41,1367*B,Eriogonum umbellatum,197.8759023,177.5032351,-10,-10,1,1,0,0,0,1,0,1,0
2017,41,1367*A,Eriogonum umbellatum,198.3506262,177.264403,-10,-10,1,1,0,0,0,1,0,1,0
2017,41,1367*B,Eriogonum umbellatum,197.8759023,177.5032351,-10,-10,1,1,0,0,1,1,0,0,0
2018,41,1367*A,Eriogonum umbellatum,198,178,-10,-10,0,0,0,0,1,1,-1,0,0
2015,41,1368*A,Eriogonum umbellatum,181,197,-10,-10,1,1,0,1,0,NA,NA,1,1
2016,41,1368*A,Eriogonum umbellatum,181.1168754,196.754801,-10,-10,0.5,1,1,0,0,1,-0.5,1,0
2016,41,1368*B,Eriogonum umbellatum,180.9586341,196.8344117,-10,-10,0.5,1,0,0,1,NA,NA,0,1
2016,41,1368*C,Eriogonum umbellatum,180.6048249,196.1237881,-10,-10,0.5,1,0,0,1,NA,NA,0,1
2017,41,1368*A,Eriogonum umbellatum,181,197,-10,-10,0,0,0,0,1,0.5,-0.5,0,0
2015,41,1369*A,Eriogonum umbellatum,190.584377,180.774005,-10,-10,1,0.5,0,1,0,NA,NA,1,1
2015,41,1369*B,Eriogonum umbellatum,189.7931704,181.1720585,-10,-10,1,0.5,0,1,1,NA,NA,0,1
2015,41,1369*C,Eriogonum umbellatum,188.0241243,177.6189403,-10,-10,1,0.5,0,1,1,NA,NA,0,1
2016,41,1369*A,Eriogonum umbellatum,190,182,-10,-10,1,1,0,0,0,1,0,1,0
2017,41,1369*A,Eriogonum umbellatum,190,182,-10,-10,0,0,0,0,1,1,-1,0,0
2014,13,137*A,Elymus lanceolatus,135,111,-10,-10,16,8,0,0,0,NA,NA,1,NA
2015,13,137*A,Elymus lanceolatus,135,111,-10,-10,12,15,1,0,0,16,-4,1,0
2016,13,137*A,Elymus lanceolatus,135,111,-10,-10,13,21,3,0,0,12,1,1,0
2017,13,137*A,Elymus lanceolatus,135,111,-10,-10,10,13,0,0,0,13,-3,1,0
2018,13,137*A,Elymus lanceolatus,135,111,-10,-10,11.5,14.5,6,0,0,10,1.5,1,0
2019,13,137*A,Elymus lanceolatus,135,111,-10,-10,11,16,1,0,0,11.5,-0.5,1,0
2020,13,137*A,Elymus lanceolatus,135,111,-10,-10,0,0,0,0,1,11,-11,0,0
2015,41,1370*A,Lupinus argenteus,114,106,-10,-10,1.5,2,0,1,0,NA,NA,1,1
2016,41,1370*A,Lupinus argenteus,114,106,-10,-10,0,0,0,0,1,1.5,-1.5,0,0
2015,41,1371*A,Lupinus argenteus,113,109,-10,-10,2.5,2.3,0,1,0,NA,NA,1,1
2016,41,1371*A,Lupinus argenteus,113,109,-10,-10,0,0,0,0,1,2.5,-2.5,0,0
2015,41,1372*A,Lupinus argenteus,200,92,-10,-10,2,2,0,1,0,NA,NA,1,1
2016,41,1372*A,Lupinus argenteus,200,92,-10,-10,3.5,3.5,0,0,0,2,1.5,1,0
2017,41,1372*A,Lupinus argenteus,200,92,-10,-10,0,0,0,0,1,3.5,-3.5,0,0
2015,41,1373*A,Lupinus argenteus,168,77,-10,-10,1.5,2,0,1,0,NA,NA,1,1
2016,41,1373*A,Lupinus argenteus,168,77,-10,-10,0,0,0,0,1,1.5,-1.5,0,0
2015,41,1374*A,Lupinus argenteus,190,58,-10,-10,1.8,2,0,1,0,NA,NA,1,1
2016,41,1374*A,Lupinus argenteus,190,58,-10,-10,4.5,3,0,0,0,1.8,2.7,1,0
2017,41,1374*A,Lupinus argenteus,190,58,-10,-10,4.5,5,0,0,0,4.5,0,1,0
2018,41,1374*A,Lupinus argenteus,190,58,-10,-10,0,0,0,0,1,4.5,-4.5,0,0
2015,41,1375*A,Lupinus argenteus,190,50,-10,-10,2,1.5,0,1,0,NA,NA,1,1
2016,41,1375*A,Lupinus argenteus,190,50,-10,-10,0,0,0,0,1,2,-2,0,0
2015,41,1376*A,Lupinus argenteus,197,4,-10,-10,3,2,0,1,0,NA,NA,1,1
2016,41,1376*A,Lupinus argenteus,197,4,-10,-10,3,2,0,0,0,3,0,1,0
2017,41,1376*A,Lupinus argenteus,197,4,-10,-10,0,0,0,0,1,3,-3,0,0
2015,41,1377*A,Lupinus argenteus,123,119,-10,-10,0,0,0,1,1,NA,NA,0,1
2015,41,1378*A,Lupinus argenteus,127,154,-10,-10,3,3,0,1,0,NA,NA,1,1
2016,41,1378*A,Lupinus argenteus,127,154,-10,-10,0,0,0,0,1,3,-3,0,0
2015,42,1379*A,Lupinus argenteus,21,15,-10,-10,1.5,2.5,0,1,0,NA,NA,1,1
2016,42,1379*A,Lupinus argenteus,21,15,-10,-10,0,0,0,0,1,1.5,-1.5,0,0
2015,42,1380*A,Lupinus argenteus,31,28,-10,-10,3.5,3.5,0,1,0,NA,NA,1,1
2016,42,1380*A,Lupinus argenteus,31,28,-10,-10,7,4.5,0,0,0,3.5,3.5,1,0
2017,42,1380*A,Lupinus argenteus,31,28,-10,-10,12,6,0,0,0,7,5,1,0
2018,42,1380*A,Lupinus argenteus,31,28,-10,-10,0,0,0,0,1,12,-12,0,0
2015,42,1381*A,Lupinus argenteus,29,58,-10,-10,3,3,0,1,0,NA,NA,1,1
2016,42,1381*A,Lupinus argenteus,29,58,-10,-10,0,0,0,0,1,3,-3,0,0
2015,42,1382*A,Lupinus argenteus,25,85,-10,-10,3.5,3,0,1,0,NA,NA,1,1
2016,42,1382*A,Lupinus argenteus,25,85,-10,-10,4,5,0,0,0,3.5,0.5,1,0
2017,42,1382*A,Lupinus argenteus,25,85,-10,-10,5,5,0,0,0,4,1,1,0
2018,42,1382*A,Lupinus argenteus,25,85,-10,-10,0,0,0,0,1,5,-5,0,0
2015,42,1383*A,Lupinus argenteus,24,37,-10,-10,3,1.5,0,1,0,NA,NA,1,1
2016,42,1383*A,Lupinus argenteus,24,37,-10,-10,6.5,3,0,0,0,3,3.5,1,0
2017,42,1383*A,Lupinus argenteus,24,37,-10,-10,4,3.5,0,0,0,6.5,-2.5,1,0
2018,42,1383*A,Lupinus argenteus,24,37,-10,-10,0,0,0,0,1,4,-4,0,0
2015,42,1384*A,Lupinus argenteus,28,42,-10,-10,2.5,2,0,1,0,NA,NA,1,1
2016,42,1384*A,Lupinus argenteus,28,42,-10,-10,0,0,0,0,1,2.5,-2.5,0,0
2015,42,1385*A,Lupinus argenteus,38,77,-10,-10,2.5,2,0,1,0,NA,NA,1,1
2016,42,1385*A,Lupinus argenteus,38,77,-10,-10,6,4,0,0,0,2.5,3.5,1,0
2017,42,1385*A,Lupinus argenteus,38,77,-10,-10,8.5,5.5,0,0,0,6,2.5,1,0
2018,42,1385*A,Lupinus argenteus,38,77,-10,-10,6,3.5,0,0,0,8.5,-2.5,1,0
2019,42,1385*A,Lupinus argenteus,38,77,-10,-10,0,0,0,0,1,6,-6,0,0
2015,42,1386*A,Lupinus argenteus,33,88,-10,-10,3.5,3,0,1,0,NA,NA,1,1
2016,42,1386*A,Lupinus argenteus,33,88,-10,-10,6,4,0,0,0,3.5,2.5,1,0
2017,42,1386*A,Lupinus argenteus,33,88,-10,-10,5.5,4.5,0,0,0,6,-0.5,1,0
2018,42,1386*A,Lupinus argenteus,33,88,-10,-10,6.5,4.5,0,0,0,5.5,1,1,0
2019,42,1386*A,Lupinus argenteus,33,88,-10,-10,0,0,0,0,1,6.5,-6.5,0,0
2015,42,1387*A,Lupinus argenteus,15,100,-10,-10,4,2.5,0,1,0,NA,NA,1,1
2016,42,1387*A,Lupinus argenteus,15,100,-10,-10,7,6,0,0,0,4,3,1,0
2017,42,1387*A,Lupinus argenteus,15,100,-10,-10,3,5,0,0,0,7,-4,1,0
2018,42,1387*A,Lupinus argenteus,15,100,-10,-10,0,0,0,0,1,3,-3,0,0
2015,42,1388*A,Lupinus argenteus,0,90,-10,-10,2,2.5,0,1,0,NA,NA,1,1
2016,42,1388*A,Lupinus argenteus,0,90,-10,-10,5,6,0,0,0,2,3,1,0
2017,42,1388*A,Lupinus argenteus,0,90,-10,-10,0,0,0,0,1,5,-5,0,0
2015,42,1389*A,Lupinus argenteus,8,120,-10,-10,2,2,0,1,0,NA,NA,1,1
2016,42,1389*A,Lupinus argenteus,8,120,-10,-10,6,6,0,0,0,2,4,1,0
2017,42,1389*A,Lupinus argenteus,8,120,-10,-10,10,6.5,0,0,0,6,4,1,0
2018,42,1389*A,Lupinus argenteus,8,120,-10,-10,0.5,0.2,0,0,0,10,-9.5,1,0
2019,42,1389*A,Lupinus argenteus,8,120,-10,-10,0,0,0,0,1,0.5,-0.5,0,0
2014,13,139*A,Eriogonum umbellatum,144,49,-10,-10,41,4,44,0,0,NA,NA,1,NA
2015,13,139*A,Eriogonum umbellatum,144,49,-10,-10,46,4,66,0,0,41,5,1,0
2016,13,139*A,Eriogonum umbellatum,144,49,-10,-10,49,4,57,0,0,46,3,1,0
2017,13,139*A,Eriogonum umbellatum,144,49,-10,-10,50,4,77,0,0,49,1,1,0
2018,13,139*A,Eriogonum umbellatum,144,49,-10,-10,48,3,59,0,0,50,-2,1,0
2019,13,139*A,Eriogonum umbellatum,144,49,-10,-10,46,4,145,0,0,48,-2,1,0
2020,13,139*A,Eriogonum umbellatum,144,49,-10,-10,52,4,35,0,0,46,6,1,0
2021,13,139*A,Eriogonum umbellatum,144,49,-10,-10,51,3,126,0,0,52,-1,1,0
2015,42,1390*A,Lupinus argenteus,5,130,-10,-10,2.5,2,0,1,0,NA,NA,1,1
2016,42,1390*A,Lupinus argenteus,5,130,-10,-10,5.5,6,0,0,0,2.5,3,1,0
2017,42,1390*A,Lupinus argenteus,5,130,-10,-10,3.5,2.5,0,0,0,5.5,-2,1,0
2018,42,1390*A,Lupinus argenteus,5,130,-10,-10,0,0,0,0,1,3.5,-3.5,0,0
2015,42,1391*A,Lupinus argenteus,62,119,-10,-10,3,2,0,1,0,NA,NA,1,1
2016,42,1391*A,Lupinus argenteus,62,119,-10,-10,7,4,0,0,0,3,4,1,0
2017,42,1391*A,Lupinus argenteus,62,119,-10,-10,0,0,0,0,1,7,-7,0,0
2015,42,1392*A,Eriogonum umbellatum,1.350626173,167.264403,-10,-10,1,1,0,1,0,NA,NA,1,1
2015,42,1392*B,Eriogonum umbellatum,0.875902251,167.5032351,-10,-10,1,1,0,1,1,NA,NA,0,1
2015,42,1392*C,Eriogonum umbellatum,-0.185525403,165.3713642,-10,-10,1,1,0,1,1,NA,NA,0,1
2016,42,1392*A,Eriogonum umbellatum,1,168,-10,-10,0.5,1,0,0,0,1,-0.5,1,0
2017,42,1392*A,Eriogonum umbellatum,1,168,-10,-10,0,0,0,0,1,0.5,-0.5,0,0
2015,42,1393*A,Lupinus argenteus,10,160,-10,-10,2.5,2.5,0,1,0,NA,NA,1,1
2016,42,1393*A,Lupinus argenteus,10,160,-10,-10,3,4,0,0,0,2.5,0.5,1,0
2017,42,1393*A,Lupinus argenteus,10,160,-10,-10,2,2.5,0,0,0,3,-1,1,0
2018,42,1393*A,Lupinus argenteus,10,160,-10,-10,0,0,0,0,1,2,-2,0,0
2015,42,1394*A,Lupinus argenteus,19,184,-10,-10,3,3,0,1,0,NA,NA,1,1
2016,42,1394*A,Lupinus argenteus,19,184,-10,-10,8,5,0,0,0,3,5,1,0
2017,42,1394*A,Lupinus argenteus,19,184,-10,-10,14,7,0,0,0,8,6,1,0
2018,42,1394*A,Lupinus argenteus,19,184,-10,-10,0,0,0,0,1,14,-14,0,0
2015,42,1395*A,Lupinus argenteus,24,195,-10,-10,3,2,0,1,0,NA,NA,1,1
2016,42,1395*A,Lupinus argenteus,24,195,-10,-10,3,2,0,0,0,3,0,1,0
2017,42,1395*A,Lupinus argenteus,24,195,-10,-10,0,0,0,0,1,3,-3,0,0
2015,42,1396*A,Lupinus argenteus,24,197,-10,-10,3,2,0,1,0,NA,NA,1,1
2016,42,1396*A,Lupinus argenteus,24,197,-10,-10,4.5,4,0,0,0,3,1.5,1,0
2017,42,1396*A,Lupinus argenteus,24,197,-10,-10,0,0,0,0,1,4.5,-4.5,0,0
2015,42,1397*A,Lupinus argenteus,23,184,-10,-10,0,0,0,1,1,NA,NA,1,1
2016,42,1397*A,Lupinus argenteus,23,184,-10,-10,5,3,0,0,0,0,5,1,0
2017,42,1397*A,Lupinus argenteus,23,184,-10,-10,0,0,0,0,1,5,-5,0,0
2015,42,1398*A,Lupinus argenteus,26,196,0,-5,2,2,0,1,0,NA,NA,1,1
2016,42,1398*A,Lupinus argenteus,26,196,0,-5,0,0,0,0,0,2,-2,1,0
2017,42,1398*A,Lupinus argenteus,26,196,0,-5,4,4,0,0,0,0,4,1,0
2018,42,1398*A,Lupinus argenteus,26,196,0,-5,0,0,0,0,1,4,-4,0,0
2015,42,1399*A,Lupinus argenteus,63,195,-10,-10,2,2,0,1,0,NA,NA,1,1
2016,42,1399*A,Lupinus argenteus,63,195,-10,-10,7,4,0,0,0,2,5,1,0
2017,42,1399*A,Lupinus argenteus,63,195,-10,-10,14,10.5,0,0,0,7,7,1,0
2018,42,1399*A,Lupinus argenteus,63,195,-10,-10,0,0,0,0,1,14,-14,0,0
2014,1,14*A,Lupinus argenteus,200,130,10,0,34,13,6,0,0,NA,NA,1,NA
2015,1,14*A,Lupinus argenteus,200,130,10,0,29,12,0,0,0,34,-5,1,0
2016,1,14*A,Lupinus argenteus,200,130,10,0,26,15,0,0,0,29,-3,1,0
2017,1,14*A,Lupinus argenteus,200,130,10,0,0,0,0,0,1,26,-26,0,0
2014,13,140*A,Elymus lanceolatus,138,57,0,-5,2,4,0,0,0,NA,NA,1,NA
2015,13,140*A,Elymus lanceolatus,138,57,0,-5,6,10,0,0,0,2,4,1,0
2016,13,140*A,Elymus lanceolatus,138,57,0,-5,13,15.5,1,0,0,6,7,1,0
2017,13,140*A,Elymus lanceolatus,138,57,0,-5,19,22,2,0,1,13,6,0,0
2015,42,1400*A,Lupinus argenteus,43,147,-10,-10,3.5,2.5,0,1,0,NA,NA,1,1
2016,42,1400*A,Lupinus argenteus,43,147,-10,-10,6,7,0,0,0,3.5,2.5,1,0
2017,42,1400*A,Lupinus argenteus,43,147,-10,-10,0,0,0,0,1,6,-6,0,0
2015,42,1401*A,Lupinus argenteus,84,167,-10,-10,3,2,0,1,0,NA,NA,1,1
2016,42,1401*A,Lupinus argenteus,84,167,-10,-10,0,0,0,0,1,3,-3,0,0
2015,42,1402*A,Lupinus argenteus,118,171,-10,-10,3,2,0,1,0,NA,NA,1,1
2016,42,1402*A,Lupinus argenteus,118,171,-10,-10,8,4,0,0,0,3,5,1,0
2017,42,1402*A,Lupinus argenteus,118,171,-10,-10,10,5,0,0,0,8,2,1,0
2018,42,1402*A,Lupinus argenteus,118,171,-10,-10,0,0,0,0,1,10,-10,0,0
2015,42,1403*A,Lupinus argenteus,142,67,-10,-10,2,2.5,0,1,0,NA,NA,1,1
2016,42,1403*A,Lupinus argenteus,142,67,-10,-10,7,5.5,0,0,0,2,5,1,0
2017,42,1403*A,Lupinus argenteus,142,67,-10,-10,8,6,0,0,0,7,1,1,0
2018,42,1403*A,Lupinus argenteus,142,67,-10,-10,12.5,6.5,0,0,0,8,4.5,1,0
2019,42,1403*A,Lupinus argenteus,142,67,-10,-10,0,0,0,0,1,12.5,-12.5,0,0
2015,42,1404*A,Lupinus argenteus,140,41,-10,-10,0,0,0,1,1,NA,NA,0,1
2015,42,1405*A,Lupinus argenteus,172,33,-10,-10,2.5,2,0,1,0,NA,NA,1,1
2016,42,1405*A,Lupinus argenteus,172,33,-10,-10,8,4.5,0,0,0,2.5,5.5,1,0
2017,42,1405*A,Lupinus argenteus,172,33,-10,-10,0,0,0,0,1,8,-8,0,0
2015,42,1406*A,Lupinus argenteus,123,85,-10,-10,2,1.5,0,1,0,NA,NA,1,1
2016,42,1406*A,Lupinus argenteus,123,85,-10,-10,0,0,0,0,1,2,-2,0,0
2015,42,1407*A,Lupinus argenteus,102,9,-10,-10,2,1.5,0,1,0,NA,NA,1,1
2016,42,1407*A,Lupinus argenteus,102,9,-10,-10,1.5,1,0,0,0,2,-0.5,1,0
2017,42,1407*A,Lupinus argenteus,102,9,-10,-10,0,0,0,0,1,1.5,-1.5,0,0
2015,42,1408*A,Lupinus argenteus,154,3,-10,-10,2.5,2,0,1,0,NA,NA,1,1
2016,42,1408*A,Lupinus argenteus,154,3,-10,-10,4,2.5,0,0,0,2.5,1.5,1,0
2017,42,1408*A,Lupinus argenteus,154,3,-10,-10,0,0,0,0,1,4,-4,0,0
2015,42,1409*A,Lupinus argenteus,51,135,-10,-10,2.5,2.5,0,1,0,NA,NA,1,1
2016,42,1409*A,Lupinus argenteus,51,135,-10,-10,9,5,0,0,0,2.5,6.5,1,0
2017,42,1409*A,Lupinus argenteus,51,135,-10,-10,0,0,0,0,1,9,-9,0,0
2014,13,141*A,Chaenactis douglasii,150,60,-10,-10,7,9,6,0,0,NA,NA,1,NA
2015,13,141*A,Chaenactis douglasii,150,60,-10,-10,1.5,0.8,0,0,0,7,-5.5,1,0
2016,13,141*A,Chaenactis douglasii,150,60,-10,-10,0.5,0.5,0,0,0,1.5,-1,1,0
2017,13,141*A,Chaenactis douglasii,150,60,-10,-10,0,0,0,0,1,0.5,-0.5,0,0
2015,42,1410*A,Lupinus argenteus,42,197,-3,-5,2.5,2.5,0,1,0,NA,NA,1,1
2016,42,1410*A,Lupinus argenteus,42,197,-3,-5,5,4,0,0,0,2.5,2.5,1,0
2017,42,1410*A,Lupinus argenteus,42,197,-3,-5,0,0,0,0,1,5,-5,0,0
2015,47,1411*A,Lupinus argenteus,63,0,-10,-10,3.5,3,0,1,0,NA,NA,1,1
2016,47,1411*A,Lupinus argenteus,63,0,-10,-10,6,4,0,0,0,3.5,2.5,1,0
2017,47,1411*A,Lupinus argenteus,63,0,-10,-10,0,0,0,0,1,6,-6,0,0
2015,47,1412*A,Lupinus argenteus,26,15,-10,-10,2,2,0,1,0,NA,NA,1,1
2016,47,1412*A,Lupinus argenteus,26,15,-10,-10,6,3,0,0,0,2,4,1,0
2017,47,1412*A,Lupinus argenteus,26.29218848,14.38700252,-10,-10,1,1,0,0,0,6,-5,1,0
2017,47,1412*B,Lupinus argenteus,25.89658521,14.58602925,-10,-10,1,1,0,0,1,NA,NA,0,1
2017,47,1412*C,Lupinus argenteus,25.01206216,12.80947017,-10,-10,1,1,0,0,1,NA,NA,0,1
2018,47,1412*A,Lupinus argenteus,26,15,-10,-10,0,0,0,0,1,1,-1,0,0
2015,47,1413*A,Carex siccata,7,3,-10,-10,42,19,2,0,0,NA,NA,1,1
2016,47,1413*A,Carex siccata,7,3,-10,-10,37,17,8,0,0,42,-5,1,0
2017,47,1413*A,Carex siccata,7,3,-10,-10,9,6,0,0,0,37,-28,1,0
2018,47,1413*A,Carex siccata,7,3,-10,-10,0,0,0,0,1,9,-9,0,0
2015,47,1414*A,Lupinus argenteus,74,47,-10,-10,2.5,2.5,0,1,0,NA,NA,1,1
2016,47,1414*A,Lupinus argenteus,74,47,-10,-10,2,2,0,0,0,2.5,-0.5,1,0
2017,47,1414*A,Lupinus argenteus,74,47,-10,-10,0,0,0,0,1,2,-2,0,0
2015,47,1415*A,Lupinus argenteus,46,101,-10,-10,2,1.5,0,1,0,NA,NA,1,1
2016,47,1415*A,Lupinus argenteus,46,101,-10,-10,1,1,0,0,0,2,-1,1,0
2017,47,1415*A,Lupinus argenteus,46,101,-10,-10,0,0,0,0,1,1,-1,0,0
2015,47,1416*A,Lupinus argenteus,13,147,-10,-10,1,1,0,1,0,NA,NA,1,1
2016,47,1416*A,Lupinus argenteus,13,147,-10,-10,0,0,0,0,1,1,-1,0,0
2015,47,1417*A,Lupinus argenteus,29,171,-10,-10,0,0,0,1,1,NA,NA,0,1
2015,47,1418*A,Lupinus argenteus,34,175,-10,-10,0,0,0,1,1,NA,NA,0,1
2015,47,1419*A,Lupinus argenteus,44,182,-10,-10,3,2.5,0,1,0,NA,NA,1,1
2016,47,1419*A,Lupinus argenteus,44,182,-10,-10,5,3,0,0,0,3,2,1,0
2017,47,1419*A,Lupinus argenteus,44,182,-10,-10,0,0,0,0,1,5,-5,0,0
2014,13,142*A,Elymus lanceolatus,146,52,0,-10,9,23,1,0,0,NA,NA,1,NA
2015,13,142*A,Elymus lanceolatus,146,52,0,-10,7,11,0,0,0,9,-2,1,0
2016,13,142*A,Elymus lanceolatus,146,52,0,-10,9,23,2,0,0,7,2,1,0
2017,13,142*A,Elymus lanceolatus,146,52,0,-10,9,15,0,0,0,9,0,1,0
2018,13,142*A,Elymus lanceolatus,146,52,0,-10,5,11,2,0,0,9,-4,1,0
2019,13,142*A,Elymus lanceolatus,146,52,0,-10,11,11,0,0,0,5,6,1,0
2020,13,142*A,Elymus lanceolatus,146,52,0,-10,8,12,0,0,0,11,-3,1,0
2021,13,142*A,Elymus lanceolatus,146,52,0,-10,8.5,14,0,0,0,8,0.5,1,0
2015,47,1420*A,Lupinus argenteus,1,197,-10,-10,1.5,1.5,0,1,0,NA,NA,1,1
2016,47,1420*A,Lupinus argenteus,1,197,-10,-10,6,4,0,0,0,1.5,4.5,1,0
2017,47,1420*A,Lupinus argenteus,1,197,-10,-10,7,6,0,0,0,6,1,1,0
2018,47,1420*A,Lupinus argenteus,1,197,-10,-10,0,0,0,0,1,7,-7,0,0
2015,47,1421*A,Lupinus argenteus,72,171,-10,-10,3.5,2,0,1,0,NA,NA,1,1
2016,47,1421*A,Lupinus argenteus,72,171,-10,-10,0,0,0,0,1,3.5,-3.5,0,0
2015,47,1422*A,Lupinus argenteus,118,159,-10,-10,1.5,2.5,0,1,0,NA,NA,1,1
2016,47,1422*A,Lupinus argenteus,118,159,-10,-10,3.5,2,0,0,0,1.5,2,1,0
2017,47,1422*A,Lupinus argenteus,118,159,-10,-10,6,4,0,0,0,3.5,2.5,1,0
2018,47,1422*A,Lupinus argenteus,118,159,-10,-10,0,0,0,0,1,6,-6,0,0
2015,47,1423*A,Lupinus argenteus,126,148,-10,-10,2.5,2.5,0,1,0,NA,NA,1,1
2016,47,1423*A,Lupinus argenteus,126,148,-10,-10,0.5,1,0,0,0,2.5,-2,1,0
2017,47,1423*A,Lupinus argenteus,126,148,-10,-10,0,0,0,0,1,0.5,-0.5,0,0
2015,47,1424*A,Lupinus argenteus,126,147,-10,-10,3,2.5,0,1,0,NA,NA,1,1
2016,47,1424*A,Lupinus argenteus,126,147,-10,-10,4.5,3,0,0,0,3,1.5,1,0
2017,47,1424*A,Lupinus argenteus,126,147,-10,-10,0,0,0,0,1,4.5,-4.5,0,0
2015,47,1425*A,Lupinus argenteus,151,155,-5,-5,2.5,2.5,0,1,0,NA,NA,1,1
2016,47,1425*A,Lupinus argenteus,151,155,-5,-5,9,5,0,0,0,2.5,6.5,1,0
2017,47,1425*A,Lupinus argenteus,151,155,-5,-5,1,1,0,0,0,9,-8,1,0
2018,47,1425*A,Lupinus argenteus,151,155,-5,-5,10.5,6.5,0,0,0,1,9.5,1,0
2019,47,1425*A,Lupinus argenteus,151,155,-5,-5,12.2,7,0,0,0,10.5,1.7,1,0
2020,47,1425*A,Lupinus argenteus,151,155,-5,-5,16,10,0,0,0,12.2,3.8,1,0
2021,47,1425*A,Lupinus argenteus,151,155,-5,-5,31.5,15,7,0,0,16,15.5,1,0
2015,47,1426*A,Lupinus argenteus,150,148,-10,-10,3,2,0,1,0,NA,NA,1,1
2016,47,1426*A,Lupinus argenteus,150,148,-10,-10,0,0,0,0,1,3,-3,0,0
2015,47,1427*A,Lupinus argenteus,73,195,-10,-10,2.5,2,0,1,0,NA,NA,1,1
2016,47,1427*A,Lupinus argenteus,73,195,-10,-10,4,4,0,0,0,2.5,1.5,1,0
2017,47,1427*A,Lupinus argenteus,73,195,-10,-10,0,0,0,0,1,4,-4,0,0
2015,47,1428*A,Lupinus argenteus,75,182,-10,-10,2,2,0,1,0,NA,NA,1,1
2016,47,1428*A,Lupinus argenteus,75,182,-10,-10,1.5,2,0,0,0,2,-0.5,1,0
2017,47,1428*A,Lupinus argenteus,75,182,-10,-10,0,0,0,0,1,1.5,-1.5,0,0
2015,47,1429*A,Lupinus argenteus,200,125,-10,-10,3,3,0,1,0,NA,NA,1,1
2016,47,1429*A,Lupinus argenteus,200,125,-10,-10,9,5,0,0,0,3,6,1,0
2017,47,1429*A,Lupinus argenteus,200,125,-10,-10,0,0,0,0,1,9,-9,0,0
2014,13,143*A,Elymus lanceolatus,148,56,0,10,9,18,2,0,0,NA,NA,1,NA
2015,13,143*A,Elymus lanceolatus,148,56,0,10,24,21,2,0,0,9,15,1,0
2016,13,143*A,Elymus lanceolatus,148,56,0,10,18.5,21,6,0,0,24,-5.5,1,0
2017,13,143*A,Elymus lanceolatus,148,56,0,10,32,16,3,0,0,18.5,13.5,1,0
2018,13,143*A,Elymus lanceolatus,148,56,0,10,38,23,14,0,0,32,6,1,0
2019,13,143*A,Elymus lanceolatus,148,56,0,10,28,26,9,0,0,38,-10,1,0
2020,13,143*A,Elymus lanceolatus,148,56,0,10,26,21.5,4,0,0,28,-2,1,0
2021,13,143*A,Elymus lanceolatus,148,56,0,10,36,22,9,0,0,26,10,1,0
2015,47,1430*A,Lupinus argenteus,195,107,-10,-10,2.5,2,0,1,0,NA,NA,1,1
2016,47,1430*A,Lupinus argenteus,195,107,-10,-10,2.5,2,0,0,0,2.5,0,1,0
2017,47,1430*A,Lupinus argenteus,195,107,-10,-10,0,0,0,0,1,2.5,-2.5,0,0
2015,47,1431*A,Lupinus argenteus,171,132,-10,-10,0,0,0,1,1,NA,NA,0,1
2015,47,1432*A,Lupinus argenteus,173,60,-10,-10,2.5,2,0,1,0,NA,NA,1,1
2016,47,1432*A,Lupinus argenteus,173,60,-10,-10,7.5,4,0,0,0,2.5,5,1,0
2017,47,1432*A,Lupinus argenteus,173,60,-10,-10,13.5,7,0,0,0,7.5,6,1,0
2018,47,1432*A,Lupinus argenteus,173,60,-10,-10,0,0,0,0,1,13.5,-13.5,0,0
2015,47,1433*A,Lupinus argenteus,174,111,-10,-10,2,1.5,0,1,0,NA,NA,1,1
2016,47,1433*A,Lupinus argenteus,174,111,-10,-10,3,2,0,0,0,2,1,1,0
2017,47,1433*A,Lupinus argenteus,174,111,-10,-10,0,0,0,0,1,3,-3,0,0
2015,47,1434*A,Lupinus argenteus,102,98,-10,-10,3,2,0,1,0,NA,NA,1,1
2016,47,1434*A,Lupinus argenteus,102,98,-10,-10,0,0,0,0,1,3,-3,0,0
2015,49,1435*A,Lupinus argenteus,54,40,-10,-10,2.5,2,0,1,0,NA,NA,1,1
2016,49,1435*A,Lupinus argenteus,54,40,-10,-10,3,2,0,0,0,2.5,0.5,1,0
2017,49,1435*A,Lupinus argenteus,54,40,-10,-10,0,0,0,0,1,3,-3,0,0
2015,49,1436*A,Lupinus argenteus,15,107,-10,-10,3,2,0,1,0,NA,NA,1,1
2016,49,1436*A,Lupinus argenteus,15,107,-10,-10,5.5,3.5,0,0,0,3,2.5,1,0
2017,49,1436*A,Lupinus argenteus,15,107,-10,-10,7.5,5,0,0,0,5.5,2,1,0
2018,49,1436*A,Lupinus argenteus,15,107,-10,-10,0,0,0,0,1,7.5,-7.5,0,0
2015,49,1437*A,Agoseris glauca,59,186,-10,-10,1,1,0,1,0,NA,NA,1,1
2016,49,1437*A,Agoseris glauca,59,186,-10,-10,0,0,0,0,1,1,-1,0,0
2015,49,1438*A,Agoseris glauca,59,186,-10,-10,1,1,0,1,0,NA,NA,1,1
2016,49,1438*A,Agoseris glauca,59,186,-10,-10,0,0,0,0,1,1,-1,0,0
2015,50,1439*A,Lupinus argenteus,82,153,-10,-10,3,2,0,1,0,NA,NA,1,1
2016,50,1439*A,Lupinus argenteus,82,153,-10,-10,4,3.5,0,0,0,3,1,1,0
2017,50,1439*A,Lupinus argenteus,82,153,-10,-10,2,1.5,0,0,0,4,-2,1,0
2018,50,1439*A,Lupinus argenteus,82,153,-10,-10,0,0,0,0,1,2,-2,0,0
2014,13,144*A,Elymus lanceolatus,160,65,10,0,5,25,1,0,0,NA,NA,1,NA
2015,13,144*A,Elymus lanceolatus,160,65,10,0,11,16,0,0,0,5,6,1,0
2016,13,144*A,Elymus lanceolatus,160,65,10,0,16,20,1,0,0,11,5,1,0
2017,13,144*A,Elymus lanceolatus,160,65,10,0,13,24,1,0,0,16,-3,1,0
2018,13,144*A,Elymus lanceolatus,160,65,10,0,10,25,6,0,0,13,-3,1,0
2019,13,144*A,Elymus lanceolatus,160,65,10,0,0,0,0,0,1,10,-10,0,0
2015,46,1440*A,Lupinus argenteus,10,5,-10,-10,3.5,3,0,1,0,NA,NA,1,1
2016,46,1440*A,Lupinus argenteus,10,5,-10,-10,3,3,0,0,0,3.5,-0.5,1,0
2017,46,1440*A,Lupinus argenteus,10,5,-10,-10,0,0,0,0,1,3,-3,0,0
2015,46,1441*A,Heterotheca villosa,20,18,-10,-10,1.2,1.2,0,1,0,NA,NA,1,1
2016,46,1441*A,Heterotheca villosa,20,18,-10,-10,3.5,2,0,0,0,1.2,2.3,1,0
2017,46,1441*A,Heterotheca villosa,20,18,-10,-10,0,0,0,0,1,3.5,-3.5,0,0
2015,46,1442*A,Senecio crassulus,29,17,-10,-10,0.7,1,0,1,0,NA,NA,1,1
2016,46,1442*A,Senecio crassulus,29,17,-10,-10,1.5,2,0,0,0,0.7,0.8,1,0
2017,46,1442*A,Senecio crassulus,29,17,-10,-10,0,0,0,0,1,1.5,-1.5,0,0
2015,46,1443*A,Senecio crassulus,33,14,-10,-10,0.8,0.5,0,1,0,NA,NA,1,1
2016,46,1443*A,Senecio crassulus,33,14,-10,-10,1.5,2.5,0,0,0,0.8,0.7,1,0
2017,46,1443*A,Senecio crassulus,33,14,-10,-10,0,0,0,0,1,1.5,-1.5,0,0
2015,46,1444*A,Viola praemorsa,35,13,-10,-10,0.7,0.5,0,1,0,NA,NA,1,1
2016,46,1444*A,Viola praemorsa,35,13,-10,-10,1,1.2,0,0,0,0.7,0.3,1,0
2017,46,1444*A,Viola praemorsa,35,13,-10,-10,0,0,0,0,1,1,-1,0,0
2015,46,1445*A,Eriogonum umbellatum,46,17,-10,-10,0.6,0.5,0,1,0,NA,NA,1,1
2016,46,1445*A,Eriogonum umbellatum,46,17,-10,-10,0,0,0,0,1,0.6,-0.6,0,0
2015,46,1446*A,Agoseris glauca,51,8,-10,-10,1.5,1.5,0,1,0,NA,NA,1,1
2016,46,1446*A,Agoseris glauca,51,8,-10,-10,2,3,1,0,0,1.5,0.5,1,0
2017,46,1446*A,Agoseris glauca,51,8,-10,-10,9,4,1,0,0,2,7,1,0
2018,46,1446*A,Agoseris glauca,51,8,-10,-10,3,2.5,1,0,0,9,-6,1,0
2019,46,1446*A,Agoseris glauca,51,8,-10,-10,7,4,2,0,0,3,4,1,0
2020,46,1446*A,Agoseris glauca,51,8,-10,-10,7,2,2,0,0,7,0,1,0
2021,46,1446*A,Agoseris glauca,51,8,-10,-10,8.8,4.5,1,0,0,7,1.8,1,0
2015,46,1447*A,Senecio crassulus,56.26296963,32.44830227,-10,-10,1,2,0,1,0,NA,NA,1,1
2015,46,1447*B,Senecio crassulus,55.90692669,32.62742632,-10,-10,1,2,0,1,1,NA,NA,0,1
2016,46,1447*A,Senecio crassulus,56,33,-10,-10,0,0,0,0,1,1,-1,0,0
2015,46,1448*A,Senecio crassulus,63,34,-10,-10,1,1.5,0,1,0,NA,NA,1,1
2016,46,1448*A,Senecio crassulus,63,34,-10,-10,0,0,0,0,1,1,-1,0,0
2015,46,1449*A,Senecio crassulus,67.23375078,22.50960202,-5,-5,1,2,0,1,0,NA,NA,1,1
2015,46,1449*B,Senecio crassulus,66.91726817,22.6688234,-5,-5,1,2,0,1,0,NA,NA,1,1
2015,46,1449*C,Senecio crassulus,66.20964973,21.24757614,-5,-5,1,2,0,1,1,NA,NA,0,1
2016,46,1449*A,Senecio crassulus,67.17531309,22.63220151,-5,-5,2,4,0,0,0,1,1,1,0
2016,46,1449*B,Senecio crassulus,66.93795113,22.75161755,-5,-5,2,4,0,0,1,1,1,0,0
2017,46,1449*A,Senecio crassulus,67,23,-5,-5,7,5,0,0,0,2,5,1,0
2018,46,1449*A,Senecio crassulus,67,23,-5,-5,0,0,0,0,1,7,-7,0,0
2014,13,145*A,Heterotheca villosa,101,21,-5,-5,28,8,26,0,0,NA,NA,1,NA
2015,13,145*A,Heterotheca villosa,101,21,-5,-5,30,6,26,0,0,28,2,1,0
2016,13,145*A,Heterotheca villosa,101,21,-5,-5,35,8,35,0,0,30,5,1,0
2017,13,145*A,Heterotheca villosa,101,21,-5,-5,32,7,117,0,0,35,-3,1,0
2018,13,145*A,Heterotheca villosa,101,21,-5,-5,20.5,5.5,1,0,0,32,-11.5,1,0
2019,13,145*A,Heterotheca villosa,101,21,-5,-5,10,6,5,0,0,20.5,-10.5,1,0
2020,13,145*A,Heterotheca villosa,101,21,-5,-5,2.2,2,0,0,0,10,-7.8,1,0
2021,13,145*A,Heterotheca villosa,101,21,-5,-5,4.5,4,0,0,0,2.2,2.3,1,0
2015,46,1450*A,Heterotheca villosa,80,22,-10,-10,0.8,1.5,0,1,0,NA,NA,1,1
2016,46,1450*A,Heterotheca villosa,80,22,-10,-10,1,0.5,0,0,0,0.8,0.2,1,0
2017,46,1450*A,Heterotheca villosa,80,22,-10,-10,0,0,0,0,1,1,-1,0,0
2015,46,1451*A,Lupinus argenteus,83,13,-10,-10,2.5,3,0,1,0,NA,NA,1,1
2016,46,1451*A,Lupinus argenteus,83,13,-10,-10,0,0,0,0,1,2.5,-2.5,0,0
2015,46,1452*A,Arenaria congesta,73,7,-10,-10,1,1,0,1,0,NA,NA,1,1
2016,46,1452*A,Arenaria congesta,73,7,-10,-10,3,2.5,0,0,0,1,2,1,0
2017,46,1452*A,Arenaria congesta,73,7,-10,-10,5,1.5,0,0,0,3,2,1,0
2018,46,1452*A,Arenaria congesta,73,7,-10,-10,3,1,0,0,0,5,-2,1,0
2019,46,1452*A,Arenaria congesta,73,7,-10,-10,7,5,0,0,0,3,4,1,0
2020,46,1452*A,Arenaria congesta,73,7,-10,-10,9,10,7,0,0,7,2,1,0
2021,46,1452*A,Arenaria congesta,73,7,-10,-10,0,0,0,0,0,9,-9,1,0
2015,46,1453*A,Senecio crassulus,79,16,-10,-10,0.6,1.5,0,1,0,NA,NA,1,1
2016,46,1453*A,Senecio crassulus,79,16,-10,-10,3,4,0,0,0,0.6,2.4,1,0
2017,46,1453*A,Senecio crassulus,79,16,-10,-10,7,9,1,0,0,3,4,1,0
2018,46,1453*A,Senecio crassulus,79,16,-10,-10,4,4,0,0,0,7,-3,1,0
2019,46,1453*A,Senecio crassulus,79,16,-10,-10,3,4.5,0,0,0,4,-1,1,0
2020,46,1453*A,Senecio crassulus,79,16,-10,-10,1.5,2.2,0,0,0,3,-1.5,1,0
2021,46,1453*A,Senecio crassulus,79,16,-10,-10,0.7,1.3,0,0,0,1.5,-0.8,1,0
2015,46,1454*A,Senecio crassulus,85,15.5,-10,-10,1,1.5,0,1,0,NA,NA,1,1
2016,46,1454*A,Senecio crassulus,85,15.5,-10,-10,3,5,0,0,0,1,2,1,0
2017,46,1454*A,Senecio crassulus,85,15.5,-10,-10,8,11,1,0,0,3,5,1,0
2018,46,1454*A,Senecio crassulus,85,15.5,-10,-10,12.5,10.5,1,0,0,8,4.5,1,0
2019,46,1454*A,Senecio crassulus,85,15.5,-10,-10,7,5,0,0,0,12.5,-5.5,1,0
2020,46,1454*A,Senecio crassulus,85,15.5,-10,-10,6.5,4,0,0,0,7,-0.5,1,0
2021,46,1454*A,Senecio crassulus,85,15.5,-10,-10,0,0,0,0,0,6.5,-6.5,1,0
2015,46,1455*A,Viola praemorsa,96,16,-10,-10,0.6,0.8,0,1,0,NA,NA,1,1
2016,46,1455*A,Viola praemorsa,96,16,-10,-10,0.7,0.8,0,0,0,0.6,0.1,1,0
2017,46,1455*A,Viola praemorsa,96,16,-10,-10,1,1,0,0,0,0.7,0.3,1,0
2018,46,1455*A,Viola praemorsa,96,16,-10,-10,0,0,0,0,1,1,-1,0,0
2015,46,1456*A,Viola praemorsa,101,15,-10,-10,0,0,0,1,1,NA,NA,1,1
2016,46,1456*A,Viola praemorsa,101,15,-10,-10,2.5,2.5,0,0,0,0,2.5,1,0
2017,46,1456*A,Viola praemorsa,101,15,-10,-10,0,0,0,0,1,2.5,-2.5,0,0
2015,46,1457*A,Ivesia gordonii,108,14,-10,-10,0.8,0.8,0,1,0,NA,NA,1,1
2016,46,1457*A,Ivesia gordonii,108,14,-10,-10,3,1.5,0,0,0,0.8,2.2,1,0
2017,46,1457*A,Ivesia gordonii,108,14,-10,-10,0,0,0,0,1,3,-3,0,0
2015,46,1458*A,Heterotheca villosa,111.1460942,9.693501262,-10,-10,1,1,0,1,0,NA,NA,1,1
2015,46,1458*B,Heterotheca villosa,110.9482926,9.793014624,-10,-10,1,1,0,1,1,NA,NA,0,1
2016,46,1458*A,Heterotheca villosa,111,10,-10,-10,0,0,0,0,1,1,-1,0,0
2015,46,1459*A,Phacelia hastata,104,35,-10,-10,1,0.5,0,1,0,NA,NA,1,1
2016,46,1459*A,Phacelia hastata,104,35,-10,-10,1.2,2,0,0,0,1,0.2,1,0
2017,46,1459*A,Phacelia hastata,104,35,-10,-10,0,0,0,0,1,1.2,-1.2,0,0
2014,14,146*A,Lupinus argenteus,65,10,-10,-10,10,6,0,0,0,NA,NA,1,NA
2015,14,146*A,Lupinus argenteus,65,10,-10,-10,4,3.5,0,0,0,10,-6,1,0
2016,14,146*A,Lupinus argenteus,65,10,-10,-10,5.4,3.5,0,0,0,4,1.4,1,0
2017,14,146*A,Lupinus argenteus,65,10,-10,-10,0,0,0,0,1,5.4,-5.4,0,0
2015,46,1460*A,Senecio crassulus,54,48,-10,-10,1.1,1.5,0,1,0,NA,NA,1,1
2016,46,1460*A,Senecio crassulus,54,48,-10,-10,1.5,3.5,0,0,0,1.1,0.4,1,0
2017,46,1460*A,Senecio crassulus,54,48,-10,-10,0,0,0,0,1,1.5,-1.5,0,0
2015,46,1461*A,Eriogonum umbellatum,77,54,-10,-10,0.5,0.5,0,1,0,NA,NA,1,1
2016,46,1461*A,Eriogonum umbellatum,77,54,-10,-10,1.5,1,0,0,0,0.5,1,1,0
2017,46,1461*A,Eriogonum umbellatum,77,54,-10,-10,0,0,0,0,1,1.5,-1.5,0,0
2015,46,1462*A,Senecio crassulus,76,50,-10,-10,1,1,0,1,0,NA,NA,1,1
2016,46,1462*A,Senecio crassulus,76,50,-10,-10,1.5,2.5,0,0,0,1,0.5,1,0
2017,46,1462*A,Senecio crassulus,76,50,-10,-10,9,6,0,0,0,1.5,7.5,1,0
2018,46,1462*A,Senecio crassulus,76,50,-10,-10,9,6,0,0,0,9,0,1,0
2019,46,1462*A,Senecio crassulus,76,50,-10,-10,9,9,0,0,0,9,0,1,0
2020,46,1462*A,Senecio crassulus,76,50,-10,-10,14,9.5,0,0,0,9,5,1,0
2021,46,1462*A,Senecio crassulus,76,50,-10,-10,0,0,0,0,0,14,-14,1,0
2015,46,1463*A,Lupinus argenteus,120,16,-10,-10,3,2,0,1,0,NA,NA,1,1
2016,46,1463*A,Lupinus argenteus,120,16,-10,-10,2,2.5,0,0,0,3,-1,1,0
2017,46,1463*A,Lupinus argenteus,120,16,-10,-10,0,0,0,0,1,2,-2,0,0
2015,46,1464*A,Lupinus argenteus,117,22,-10,-10,3.5,4,0,1,0,NA,NA,1,1
2016,46,1464*A,Lupinus argenteus,117,22,-10,-10,3,4.5,0,0,0,3.5,-0.5,1,0
2017,46,1464*A,Lupinus argenteus,117,22,-10,-10,0,0,0,0,1,3,-3,0,0
2015,46,1465*A,Ivesia gordonii,119.1687539,23.5480101,-10,-10,1,1,0,1,0,NA,NA,1,1
2015,46,1465*B,Ivesia gordonii,117.5863408,24.34411699,-10,-10,1,1,0,1,0,NA,NA,1,1
2015,46,1465*C,Ivesia gordonii,114.0482487,17.23788069,-10,-10,1,1,0,1,0,NA,NA,1,1
2015,46,1465*D,Ivesia gordonii,123.8042912,33.37706492,-10,-10,1,1,0,1,0,NA,NA,1,1
2015,46,1465*E,Ivesia gordonii,111.2996995,30.14416747,-10,-10,1,1,0,1,0,NA,NA,1,1
2015,46,1465*F,Ivesia gordonii,111.5211915,31.23962674,-10,-10,1,1,0,1,0,NA,NA,1,1
2015,46,1465*G,Ivesia gordonii,120.4903564,32.01644033,-10,-10,1,1,0,1,0,NA,NA,1,1
2015,46,1465*H,Ivesia gordonii,111.2714233,23.62746315,-10,-10,1,1,0,1,0,NA,NA,1,1
2015,46,1465*I,Ivesia gordonii,122.4732647,19.25242806,-10,-10,1,1,0,1,0,NA,NA,1,1
2015,46,1465*J,Ivesia gordonii,118.4076367,31.77887563,-10,-10,1,1,0,1,0,NA,NA,1,1
2015,46,1465*K,Ivesia gordonii,120.6908741,35.35315954,-10,-10,1,1,0,1,0,NA,NA,1,1
2015,46,1465*L,Ivesia gordonii,115.5354764,29.67718352,-10,-10,1,1,0,1,0,NA,NA,1,1
2015,46,1465*M,Ivesia gordonii,125.0211036,19.30572811,-10,-10,1,1,0,1,0,NA,NA,1,1
2016,46,1465*A,Ivesia gordonii,119.0518785,23.79320909,-10,-10,3,3,0,0,0,1,2,1,0
2016,46,1465*B,Ivesia gordonii,117.6277068,24.50970529,-10,-10,3,3,0,0,1,1,2,0,0
2016,46,1465*C,Ivesia gordonii,114.4434238,18.11409262,-10,-10,3,3,0,0,1,1,2,0,0
2016,46,1465*D,Ivesia gordonii,123.2238621,32.63935843,-10,-10,3,3,0,0,1,1,2,0,0
2016,46,1465*E,Ivesia gordonii,111.9697295,29.72975072,-10,-10,3,3,0,0,1,1,2,0,0
2016,46,1465*F,Ivesia gordonii,112.1690724,30.71566406,-10,-10,3,3,0,0,1,1,2,0,0
2016,46,1465*G,Ivesia gordonii,120.2413207,31.41479629,-10,-10,3,3,0,0,1,1,2,0,0
2016,46,1465*H,Ivesia gordonii,111.944281,23.86471684,-10,-10,3,3,0,0,1,1,2,0,0
2016,46,1465*I,Ivesia gordonii,122.0259383,19.92718525,-10,-10,3,3,0,0,1,1,2,0,0
2016,46,1465*J,Ivesia gordonii,118.366873,31.20098807,-10,-10,3,3,0,0,1,1,2,0,0
2016,46,1465*K,Ivesia gordonii,120.4217867,34.41784359,-10,-10,3,3,0,0,1,1,2,0,0
2016,46,1465*L,Ivesia gordonii,115.7819288,29.30946517,-10,-10,3,3,0,0,1,1,2,0,0
2016,46,1465*M,Ivesia gordonii,124.3189932,19.9751553,-10,-10,3,3,0,0,1,1,2,0,0
2017,46,1465*A,Ivesia gordonii,118,26,-10,-10,0,0,0,0,1,3,-3,0,0
2015,46,1466*A,Lupinus argenteus,109,30,-10,-10,2.5,2.5,0,1,0,NA,NA,1,1
2016,46,1466*A,Lupinus argenteus,109,30,-10,-10,2,3,0,0,0,2.5,-0.5,1,0
2017,46,1466*A,Lupinus argenteus,109,30,-10,-10,0,0,0,0,1,2,-2,0,0
2015,46,1467*A,Lupinus argenteus,98,52,-10,-10,4,3,0,1,0,NA,NA,1,1
2016,46,1467*A,Lupinus argenteus,98,52,-10,-10,1,2.5,0,0,0,4,-3,1,0
2017,46,1467*A,Lupinus argenteus,98,52,-10,-10,0,0,0,0,1,1,-1,0,0
2015,46,1468*A,Lupinus argenteus,98,49,-10,-10,3,3.5,0,1,0,NA,NA,1,1
2016,46,1468*A,Lupinus argenteus,98,49,-10,-10,1,2,0,0,0,3,-2,1,0
2017,46,1468*A,Lupinus argenteus,98,49,-10,-10,0,0,0,0,1,1,-1,0,0
2015,46,1469*A,Lupinus argenteus,102,49,-10,-10,3,3,0,1,0,NA,NA,1,1
2016,46,1469*A,Lupinus argenteus,102,49,-10,-10,0,0,0,0,1,3,-3,0,0
2014,14,147*A,Lupinus argenteus,80,10,-10,-10,5,4,0,0,0,NA,NA,1,NA
2015,14,147*A,Lupinus argenteus,80,10,-10,-10,7,5.5,0,0,0,5,2,1,0
2016,14,147*A,Lupinus argenteus,80,10,-10,-10,4,4,0,0,0,7,-3,1,0
2017,14,147*A,Lupinus argenteus,80,10,-10,-10,0,0,0,0,1,4,-4,0,0
2015,46,1470*A,Lupinus argenteus,97,42,-10,-10,4,3.5,0,1,0,NA,NA,1,1
2016,46,1470*A,Lupinus argenteus,97,42,-10,-10,3,3.5,0,0,0,4,-1,1,0
2017,46,1470*A,Lupinus argenteus,97,42,-10,-10,0,0,0,0,1,3,-3,0,0
2015,46,1471*A,Senecio crassulus,128,40,-10,-10,1,2,0,1,0,NA,NA,1,1
2016,46,1471*A,Senecio crassulus,128,40,-10,-10,2.5,3.5,0,0,0,1,1.5,1,0
2017,46,1471*A,Senecio crassulus,128,40,-10,-10,8,6,0,0,0,2.5,5.5,1,0
2018,46,1471*A,Senecio crassulus,128,40,-10,-10,2,4,0,0,0,8,-6,1,0
2019,46,1471*A,Senecio crassulus,128,40,-10,-10,0,0,0,0,1,2,-2,0,0
2015,46,1472*A,Heterotheca villosa,78,49,-10,-10,0.2,0.2,0,1,0,NA,NA,1,1
2016,46,1472*A,Heterotheca villosa,78,49,-10,-10,0,0,0,0,1,0.2,-0.2,0,0
2015,46,1473*A,Arenaria congesta,88,32,-10,-10,0.6,1.5,0,1,0,NA,NA,1,1
2016,46,1473*A,Arenaria congesta,88,32,-10,-10,2.5,2.5,0,0,0,0.6,1.9,1,0
2017,46,1473*A,Arenaria congesta,88,32,-10,-10,4,2,0,0,0,2.5,1.5,1,0
2018,46,1473*A,Arenaria congesta,88,32,-10,-10,4,3.5,4,0,0,4,0,1,0
2019,46,1473*A,Arenaria congesta,88,32,-10,-10,3,4,0,0,0,4,-1,1,0
2020,46,1473*A,Arenaria congesta,88,32,-10,-10,4.5,3.5,0,0,0,3,1.5,1,0
2021,46,1473*A,Arenaria congesta,88,32,-10,-10,0,0,0,0,0,4.5,-4.5,1,0
2014,46,1474*A,Lupinus argenteus,103,0,-10,-10,4,4,0,0,0,NA,NA,1,NA
2015,46,1474*A,Lupinus argenteus,103,0,-10,-10,4,4,0,0,0,4,0,1,0
2016,46,1474*A,Lupinus argenteus,103,0,-10,-10,0,0,0,0,1,4,-4,0,0
2015,46,1475*A,Eriogonum umbellatum,67.11687539,22.75480101,-10,-10,1,0.5,0,1,0,NA,NA,1,1
2015,46,1475*B,Eriogonum umbellatum,66.95863408,22.8344117,-10,-10,1,0.5,0,1,1,NA,NA,0,1
2015,46,1475*C,Eriogonum umbellatum,66.60482487,22.12378807,-10,-10,1,0.5,0,1,1,NA,NA,0,1
2016,46,1475*A,Eriogonum umbellatum,67,23,-10,-10,1,1,0,0,0,1,0,1,0
2017,46,1475*A,Eriogonum umbellatum,67,23,-10,-10,1,1,0,0,0,1,0,1,0
2018,46,1475*A,Eriogonum umbellatum,67,23,-10,-10,0,0,0,0,1,1,-1,0,0
2015,46,1476*A,Eriogonum umbellatum,54,12.5,-10,-10,0.8,0.6,0,1,0,NA,NA,1,1
2016,46,1476*A,Eriogonum umbellatum,54,12.5,-10,-10,1,1,0,0,0,0.8,0.2,1,0
2017,46,1476*A,Eriogonum umbellatum,54,12.5,-10,-10,0,0,0,0,1,1,-1,0,0
2014,46,1477*A,Phacelia hastata,125,46,-10,-10,7,3,0,0,0,NA,NA,1,NA
2015,46,1477*A,Phacelia hastata,125,46,-10,-10,7,3,0,0,0,7,0,1,0
2016,46,1477*A,Phacelia hastata,125,46,-10,-10,8,5,3,0,0,7,1,1,0
2017,46,1477*A,Phacelia hastata,125,46,-10,-10,9,4,2,0,0,8,1,1,0
2018,46,1477*A,Phacelia hastata,125,46,-10,-10,3.5,3.5,0,0,0,9,-5.5,1,0
2019,46,1477*A,Phacelia hastata,125,46,-10,-10,7,4.5,1,0,0,3.5,3.5,1,0
2020,46,1477*A,Phacelia hastata,125,46,-10,-10,10,6,2,0,0,7,3,1,0
2021,46,1477*A,Phacelia hastata,125,46,-10,-10,0,0,0,0,0,10,-10,1,0
2015,46,1478*A,Ivesia gordonii,125.5259393,30.89660454,-2,-5,1,1,0,1,0,NA,NA,1,1
2015,46,1478*B,Ivesia gordonii,124.8138534,31.25485265,-2,-5,1,1,0,1,0,NA,NA,1,1
2015,46,1478*C,Ivesia gordonii,123.2217119,28.05704631,-2,-5,1,1,0,1,0,NA,NA,1,1
2015,46,1478*D,Ivesia gordonii,127.6119311,35.31967921,-2,-5,1,1,0,1,0,NA,NA,1,1
2015,46,1478*E,Ivesia gordonii,121.9848648,33.86487536,-2,-5,1,1,0,1,0,NA,NA,1,1
2016,46,1478*A,Ivesia gordonii,125.3506262,31.26440303,-2,-5,2,2,0,0,0,1,1,1,0
2016,46,1478*B,Ivesia gordonii,124.8759023,31.5032351,-2,-5,2,2,0,0,0,1,1,1,0
2016,46,1478*C,Ivesia gordonii,123.8144746,29.37136421,-2,-5,2,2,0,0,1,1,1,0,0
2016,46,1478*D,Ivesia gordonii,126.7412874,34.21311948,-2,-5,2,2,0,0,1,1,1,0,0
2016,46,1478*E,Ivesia gordonii,122.9899098,33.24325024,-2,-5,2,2,0,0,1,1,1,0,0
2017,46,1478*A,Ivesia gordonii,125,32,-2,-5,5,2,0,0,0,2,3,1,0
2018,46,1478*A,Ivesia gordonii,125.6428146,30.65140555,-2,-5,10,5,2,0,0,5,5,1,0
2017,46,1478*B,Ivesia gordonii,124.7724875,31.08926435,-2,-5,0,0,0,0,0,2,-2,1,0
2018,46,1478*B,Ivesia gordonii,124.7724875,31.08926435,-2,-5,10,5,1,0,0,0,10,1,0
2019,46,1478*A,Ivesia gordonii,125.964222,29.97710833,-2,-5,14,6.5,0,0,0,10,4,1,0
2019,46,1478*B,Ivesia gordonii,124.6587312,30.63389652,-2,-5,14,6.5,0,0,1,10,4,0,0
2020,46,1478*A,Ivesia gordonii,125,32,-2,-5,17,5.5,4,0,0,14,3,1,0
2021,46,1478*A,Ivesia gordonii,125,32,-2,-5,0,0,0,0,0,17,-17,1,0
2015,46,1479*A,Arenaria congesta,147,5,-10,-10,1,1,0,1,0,NA,NA,1,1
2016,46,1479*A,Arenaria congesta,147,5,-10,-10,1.5,1,0,0,0,1,0.5,1,0
2017,46,1479*A,Arenaria congesta,147,5,-10,-10,2,1,0,0,0,1.5,0.5,1,0
2018,46,1479*A,Arenaria congesta,147,5,-10,-10,1,0.5,0,0,0,2,-1,1,0
2019,46,1479*A,Arenaria congesta,147,5,-10,-10,0,0,0,0,1,1,-1,0,0
2014,14,148*A,Heterotheca villosa,85,75,-10,-10,60,10,50,0,0,NA,NA,1,NA
2015,14,148*A,Heterotheca villosa,85,75,-10,-10,59,4,18,0,0,60,-1,1,0
2016,14,148*A,Heterotheca villosa,85,75,-10,-10,55.7,5,0,0,0,59,-3.3,1,0
2017,14,148*A,Heterotheca villosa,85,75,-10,-10,54,4,0,0,0,55.7,-1.7,1,0
2018,14,148*A,Heterotheca villosa,85,75,-10,-10,0,0,0,0,1,54,-54,0,0
2015,46,1480*A,Ivesia gordonii,136,19,-10,-10,0.6,0.8,0,1,0,NA,NA,1,1
2016,46,1480*A,Ivesia gordonii,136,19,-10,-10,2.5,3,0,0,0,0.6,1.9,1,0
2017,46,1480*A,Ivesia gordonii,136,19,-10,-10,0,0,0,0,1,2.5,-2.5,0,0
2015,46,1481*A,Senecio crassulus,129,19,-10,-10,0.6,2.5,0,1,0,NA,NA,1,1
2016,46,1481*A,Senecio crassulus,129,19,-10,-10,3,4,0,0,0,0.6,2.4,1,0
2017,46,1481*A,Senecio crassulus,129,19,-10,-10,4,7,0,0,0,3,1,1,0
2018,46,1481*A,Senecio crassulus,129,19,-10,-10,8,8.5,0,0,0,4,4,1,0
2019,46,1481*A,Senecio crassulus,129,19,-10,-10,12,11,0,0,0,8,4,1,0
2020,46,1481*A,Senecio crassulus,129,19,-10,-10,17.5,13,0,0,0,12,5.5,1,0
2021,46,1481*A,Senecio crassulus,129,19,-10,-10,19,11,0,0,0,17.5,1.5,1,0
2015,46,1482*A,Ivesia gordonii,153,13,-10,-10,1,1,0,1,0,NA,NA,1,1
2016,46,1482*A,Ivesia gordonii,153,13,-10,-10,2.5,2,0,0,0,1,1.5,1,0
2017,46,1482*A,Ivesia gordonii,153,13,-10,-10,2,2,0,0,0,2.5,-0.5,1,0
2018,46,1482*A,Ivesia gordonii,153,13,-10,-10,0,0,0,0,1,2,-2,0,0
2015,46,1483*A,Agoseris glauca,145,11,-10,-10,1,1,0,1,0,NA,NA,1,1
2016,46,1483*A,Agoseris glauca,145,11,-10,-10,3.5,5.5,0,0,0,1,2.5,1,0
2017,46,1483*A,Agoseris glauca,145,11,-10,-10,16,7,5,0,0,3.5,12.5,1,0
2018,46,1483*A,Agoseris glauca,145,11,-10,-10,11,5.5,8,0,0,16,-5,1,0
2019,46,1483*A,Agoseris glauca,145,11,-10,-10,17.5,5.5,7,0,0,11,6.5,1,0
2020,46,1483*A,Agoseris glauca,145,11,-10,-10,10.5,4,3,0,0,17.5,-7,1,0
2021,46,1483*A,Agoseris glauca,145,11,-10,-10,0,0,0,0,0,10.5,-10.5,1,0
2015,46,1484*A,Arenaria congesta,160.584377,5.77400505,-10,-10,1,1,0,1,0,NA,NA,1,1
2015,46,1484*B,Arenaria congesta,159.7931704,6.172058497,-10,-10,1,1,0,1,0,NA,NA,1,1
2015,46,1484*C,Arenaria congesta,158.0241243,2.618940347,-10,-10,1,1,0,1,0,NA,NA,1,1
2015,46,1484*D,Arenaria congesta,162.9021456,10.68853246,-10,-10,1,1,0,1,0,NA,NA,1,1
2015,46,1484*E,Arenaria congesta,156.6498497,9.072083734,-10,-10,1,1,0,1,1,NA,NA,0,1
2015,46,1484*F,Arenaria congesta,156.7605958,9.619813369,-10,-10,1,1,0,1,1,NA,NA,0,1
2016,46,1484*A,Arenaria congesta,160.5259393,5.896604545,-10,-10,2,3,0,0,0,1,1,1,0
2016,46,1484*B,Arenaria congesta,159.8138534,6.254852647,-10,-10,2,3,0,0,1,1,1,0,0
2016,46,1484*C,Arenaria congesta,158.2217119,3.057046312,-10,-10,2,3,0,0,1,1,1,0,0
2016,46,1484*D,Arenaria congesta,162.6119311,10.31967921,-10,-10,2,3,0,0,1,1,1,0,0
2017,46,1484*A,Arenaria congesta,160,7,-10,-10,0,0,0,0,1,2,-2,0,0
2015,46,1485*A,Ivesia gordonii,172,8,-10,-10,0.8,0.8,0,1,0,NA,NA,1,1
2016,46,1485*A,Ivesia gordonii,172,8,-10,-10,2.5,2,0,0,0,0.8,1.7,1,0
2017,46,1485*A,Ivesia gordonii,172,8,-10,-10,0,0,0,0,1,2.5,-2.5,0,0
2015,46,1486*A,Lupinus argenteus,165.2337508,17.50960202,-10,-10,3,2,0,1,0,NA,NA,1,1
2015,46,1486*B,Lupinus argenteus,164.9172682,17.6688234,-10,-10,3,2,0,1,1,NA,NA,0,1
2016,46,1486*A,Lupinus argenteus,165,18,-10,-10,0,0,0,0,1,3,-3,0,0
2015,46,1487*A,Ivesia gordonii,148,33,-10,-10,1.2,0.6,0,1,0,NA,NA,1,1
2016,46,1487*A,Ivesia gordonii,148,33,-10,-10,3,4,0,0,0,1.2,1.8,1,0
2017,46,1487*A,Ivesia gordonii,148,33,-10,-10,0,0,0,0,1,3,-3,0,0
2015,46,1488*A,Arenaria congesta,150,34,-10,-10,1,1.1,0,1,0,NA,NA,1,1
2016,46,1488*A,Arenaria congesta,150,34,-10,-10,3,3,0,0,0,1,2,1,0
2017,46,1488*A,Arenaria congesta,150,34,-10,-10,0,0,0,0,1,3,-3,0,0
2015,46,1489*A,Senecio crassulus,142,45,-10,-10,0.8,0.3,0,1,0,NA,NA,1,1
2016,46,1489*A,Senecio crassulus,142,45,-10,-10,2,4,0,0,0,0.8,1.2,1,0
2017,46,1489*A,Senecio crassulus,142,45,-10,-10,8,4,0,0,0,2,6,1,0
2018,46,1489*A,Senecio crassulus,142,45,-10,-10,0,0,0,0,1,8,-8,0,0
2014,14,149*A,Eriogonum umbellatum,82,55,-10,-10,22,3,1,0,0,NA,NA,1,NA
2015,14,149*A,Eriogonum umbellatum,82,55,-10,-10,21.5,3.5,5,0,0,22,-0.5,1,0
2016,14,149*A,Eriogonum umbellatum,82,55,-10,-10,23,4,3,0,0,21.5,1.5,1,0
2017,14,149*A,Eriogonum umbellatum,82,55,-10,-10,23,2,9,0,0,23,0,1,0
2018,14,149*A,Eriogonum umbellatum,82,55,-10,-10,24,3.5,9,0,0,23,1,1,0
2019,14,149*A,Eriogonum umbellatum,82,55,-10,-10,27,2,21,0,0,24,3,1,0
2020,14,149*A,Eriogonum umbellatum,82,55,-10,-10,26.5,3,11,0,0,27,-0.5,1,0
2021,14,149*A,Eriogonum umbellatum,82,55,-10,-10,29.5,3.5,10,0,0,26.5,3,1,0
2015,46,1490*A,Senecio crassulus,147.1753131,44.63220151,-10,-10,1,1,0,1,0,NA,NA,1,1
2015,46,1490*B,Senecio crassulus,146.9379511,44.75161755,-10,-10,1,1,0,1,1,NA,NA,0,1
2016,46,1490*A,Senecio crassulus,147,45,-10,-10,1.5,3,0,0,0,1,0.5,1,0
2017,46,1490*A,Senecio crassulus,147,45,-10,-10,1,1,0,0,0,1.5,-0.5,1,0
2018,46,1490*A,Senecio crassulus,147,45,-10,-10,0,0,0,0,1,1,-1,0,0
2015,46,1491*A,Eriogonum umbellatum,159,42,-10,-10,1.5,1,0,1,0,NA,NA,1,1
2016,46,1491*A,Eriogonum umbellatum,159,42,-10,-10,1.5,1.5,0,0,0,1.5,0,1,0
2017,46,1491*A,Eriogonum umbellatum,159,42,-10,-10,1.5,1,0,0,0,1.5,0,1,0
2018,46,1491*A,Eriogonum umbellatum,159,42,-10,-10,0,0,0,0,1,1.5,-1.5,0,0
2015,46,1492*A,Eriogonum umbellatum,163,41,-10,-10,1,1,0,1,0,NA,NA,1,1
2016,46,1492*A,Eriogonum umbellatum,163,41,-10,-10,1,1,0,0,0,1,0,1,0
2017,46,1492*A,Eriogonum umbellatum,163,41,-10,-10,1,0.5,0,0,0,1,0,1,0
2018,46,1492*A,Eriogonum umbellatum,163,41,-10,-10,0,0,0,0,1,1,-1,0,0
2015,46,1493*A,Ivesia gordonii,177,23,-10,-10,0.9,0.9,0,1,0,NA,NA,1,1
2016,46,1493*A,Ivesia gordonii,177,23,-10,-10,0,0,0,0,1,0.9,-0.9,0,0
2015,46,1494*A,Ivesia gordonii,166,23,-10,-10,0.6,0.6,0,1,0,NA,NA,1,1
2016,46,1494*A,Ivesia gordonii,166,23,-10,-10,0,0,0,0,1,0.6,-0.6,0,0
2015,46,1495*A,Eriogonum umbellatum,191.1103162,7.670609594,-10,-10,1,1,0,1,0,NA,NA,1,1
2015,46,1495*B,Eriogonum umbellatum,189.6070238,8.426911144,-10,-10,1,1,0,1,0,NA,NA,1,1
2015,46,1495*C,Eriogonum umbellatum,186.2458362,1.675986659,-10,-10,1,1,0,1,0,NA,NA,1,1
2015,46,1495*D,Eriogonum umbellatum,195.5140767,17.00821168,-10,-10,1,1,0,1,1,NA,NA,0,1
2015,46,1495*E,Eriogonum umbellatum,183.6347145,13.9369591,-10,-10,1,1,0,1,1,NA,NA,0,1
2015,46,1495*F,Eriogonum umbellatum,183.845132,14.9776454,-10,-10,1,1,0,1,1,NA,NA,0,1
2015,46,1495*G,Eriogonum umbellatum,192.3658386,15.71561831,-10,-10,1,1,0,1,1,NA,NA,0,1
2016,46,1495*A,Eriogonum umbellatum,190.4675016,9.01920404,-10,-10,0.5,0.5,0,0,0,1,-0.5,1,0
2016,46,1495*B,Eriogonum umbellatum,189.8345363,9.337646797,-10,-10,0.5,0.5,0,0,1,1,-0.5,0,0
2016,46,1495*C,Eriogonum umbellatum,188.4192995,6.495152277,-10,-10,0.5,0.5,0,0,1,1,-0.5,0,0
2017,46,1495*A,Eriogonum umbellatum,190,10,-10,-10,0,0,0,0,1,0.5,-0.5,0,0
2015,46,1496*A,Lupinus argenteus,175,1,-10,-10,2,1,0,1,0,NA,NA,1,1
2016,46,1496*A,Lupinus argenteus,175,1,-10,-10,1.5,1,0,0,0,2,-0.5,1,0
2017,46,1496*A,Lupinus argenteus,175,1,-10,-10,0,0,0,0,1,1.5,-1.5,0,0
2015,46,1497*A,Lupinus argenteus,193,68,-10,-10,4,3,0,1,0,NA,NA,1,1
2016,46,1497*A,Lupinus argenteus,193,68,-10,-10,0.3,0.5,0,0,0,4,-3.7,1,0
2017,46,1497*A,Lupinus argenteus,193,68,-10,-10,0,0,0,0,1,0.3,-0.3,0,0
2015,46,1498*A,Ivesia gordonii,186,15,-10,-10,1,0.5,0,1,0,NA,NA,1,1
2016,46,1498*A,Ivesia gordonii,186,15,-10,-10,0,0,0,0,1,1,-1,0,0
2015,46,1499*A,Lupinus argenteus,138,77,-10,-10,4.5,4,0,1,0,NA,NA,1,1
2016,46,1499*A,Lupinus argenteus,138,77,-10,-10,5,5,0,0,0,4.5,0.5,1,0
2017,46,1499*A,Lupinus argenteus,138,77,-10,-10,0,0,0,0,1,5,-5,0,0
2014,1,15*A,Ivesia gordonii,195,144,-10,-10,18,4,3,0,0,NA,NA,1,NA
2015,1,15*A,Ivesia gordonii,195,144,-10,-10,18,6,23,0,0,18,0,1,0
2016,1,15*A,Ivesia gordonii,195,144,-10,-10,18.4,6.4,21,0,0,18,0.4,1,0
2017,1,15*A,Ivesia gordonii,195,144,-10,-10,0,0,0,0,1,18.4,-18.4,0,0
2014,14,150*A,Elymus lanceolatus,70,50,-10,-10,6,6,0,0,0,NA,NA,1,NA
2015,14,150*A,Elymus lanceolatus,70,50,-10,-10,4.5,12.5,0,0,0,6,-1.5,1,0
2016,14,150*A,Elymus lanceolatus,70,50,-10,-10,10.5,15,0,0,0,4.5,6,1,0
2017,14,150*A,Elymus lanceolatus,70,50,-10,-10,15,13,0,0,0,10.5,4.5,1,0
2018,14,150*A,Elymus lanceolatus,70,50,-10,-10,12,15.5,3,0,0,15,-3,1,0
2019,14,150*A,Elymus lanceolatus,70,50,-10,-10,12.5,17,2,0,0,12,0.5,1,0
2020,14,150*A,Elymus lanceolatus,70,50,-10,-10,14,12,0,0,0,12.5,1.5,1,0
2021,14,150*A,Elymus lanceolatus,70,50,-10,-10,14,19,2,0,0,14,0,1,0
2015,46,1500*A,Lupinus argenteus,75,43,-10,-10,3,3,0,1,0,NA,NA,1,1
2016,46,1500*A,Lupinus argenteus,75,43,-10,-10,1,2,0,0,0,3,-2,1,0
2017,46,1500*A,Lupinus argenteus,75,43,-10,-10,0,0,0,0,1,1,-1,0,0
2015,46,1501*A,Lupinus argenteus,140,77,-10,-10,4.5,3,0,1,0,NA,NA,1,1
2016,46,1501*A,Lupinus argenteus,140,77,-10,-10,0,0,0,0,1,4.5,-4.5,0,0
2015,46,1502*A,Lupinus argenteus,163,90,-10,-10,2.5,2.5,0,1,0,NA,NA,1,1
2016,46,1502*A,Lupinus argenteus,163,90,-10,-10,4,4,0,0,0,2.5,1.5,1,0
2017,46,1502*A,Lupinus argenteus,163,90,-10,-10,0,0,0,0,1,4,-4,0,0
2015,46,1503*A,Senecio crassulus,172,79,-10,-10,0.7,1.5,0,1,0,NA,NA,1,1
2016,46,1503*A,Senecio crassulus,172,79,-10,-10,1.5,2.5,0,0,0,0.7,0.8,1,0
2017,46,1503*A,Senecio crassulus,172,79,-10,-10,0,0,0,0,1,1.5,-1.5,0,0
2014,46,1504*A,Carex siccata,173,85,-10,-10,28,19,2,0,0,NA,NA,1,NA
2015,46,1504*A,Carex siccata,173,85,-10,-10,28,19,2,0,0,28,0,1,0
2016,46,1504*A,Carex siccata,173,85,-10,-10,34,20,0,0,0,28,6,1,0
2017,46,1504*A,Carex siccata,173,85,-10,-10,1.5,0.5,0,0,0,34,-32.5,1,0
2018,46,1504*A,Carex siccata,173,85,-10,-10,0,0,0,0,1,1.5,-1.5,0,0
2015,46,1505*A,Arenaria congesta,192,97,-5,-5,0.5,0.5,0,1,0,NA,NA,1,1
2016,46,1505*A,Arenaria congesta,192,97,-5,-5,2,2.5,0,0,0,0.5,1.5,1,0
2017,46,1505*A,Arenaria congesta,192,97,-5,-5,9,3,0,0,0,2,7,1,0
2018,46,1505*A,Arenaria congesta,192,97,-5,-5,5.6,3.5,0,0,0,9,-3.4,1,0
2019,46,1505*A,Arenaria congesta,192,97,-5,-5,14,10.5,18,0,1,5.6,8.4,0,0
2015,46,1506*A,Lupinus argenteus,193,100,-10,-10,3,3,0,1,0,NA,NA,1,1
2016,46,1506*A,Lupinus argenteus,193,100,-10,-10,7,6,0,0,0,3,4,1,0
2017,46,1506*A,Lupinus argenteus,193,100,-10,-10,9,6,0,0,0,7,2,1,0
2018,46,1506*A,Lupinus argenteus,193,100,-10,-10,0,0,0,0,1,9,-9,0,0
2015,46,1507*A,Arenaria congesta,183,92,-5,0,0.6,0.6,0,1,0,NA,NA,1,1
2016,46,1507*A,Arenaria congesta,183,92,-5,0,2,2,0,0,0,0.6,1.4,1,0
2017,46,1507*A,Arenaria congesta,183,92,-5,0,7,4,0,0,0,2,5,1,0
2018,46,1507*A,Arenaria congesta,183,92,-5,0,5.5,2,0,0,0,7,-1.5,1,0
2019,46,1507*A,Arenaria congesta,183,92,-5,0,14.5,8,7,0,0,5.5,9,1,0
2020,46,1507*A,Arenaria congesta,183,92,-5,0,13,10,10,0,0,14.5,-1.5,1,0
2021,46,1507*A,Arenaria congesta,183,92,-5,0,14.5,6.5,5,0,0,13,1.5,1,0
2015,46,1508*A,Chaenactis douglasii,180,100,-10,-10,0.7,1,0,1,0,NA,NA,1,1
2016,46,1508*A,Chaenactis douglasii,180,100,-10,-10,0,0,0,0,1,0.7,-0.7,0,0
2015,46,1509*A,Phacelia hastata,170,110,-10,-10,0.6,0.5,0,1,0,NA,NA,1,1
2016,46,1509*A,Phacelia hastata,170,110,-10,-10,0,0,0,0,1,0.6,-0.6,0,0
2014,14,151*A,Elymus lanceolatus,80,65,-10,-10,3,6,0,0,0,NA,NA,1,NA
2015,14,151*A,Elymus lanceolatus,80,65,-10,-10,4.5,9,0,0,0,3,1.5,1,0
2016,14,151*A,Elymus lanceolatus,80,65,-10,-10,2,5.5,0,0,0,4.5,-2.5,1,0
2017,14,151*A,Elymus lanceolatus,80,65,-10,-10,4,8,0,0,0,2,2,1,0
2018,14,151*A,Elymus lanceolatus,80,65,-10,-10,1.5,7.5,0,0,0,4,-2.5,1,0
2019,14,151*A,Elymus lanceolatus,80,65,-10,-10,0,0,0,0,1,1.5,-1.5,0,0
2015,46,1510*A,Eriogonum umbellatum,165.2337508,111.509602,-10,-10,1,1,0,1,0,NA,NA,1,1
2015,46,1510*B,Eriogonum umbellatum,164.9172682,111.6688234,-10,-10,1,1,0,1,0,NA,NA,1,1
2015,46,1510*C,Eriogonum umbellatum,164.2096497,110.2475761,-10,-10,1,1,0,1,0,NA,NA,1,1
2016,46,1510*A,Eriogonum umbellatum,165.3506262,111.264403,-10,-10,1,1,0,0,0,1,0,1,0
2016,46,1510*B,Eriogonum umbellatum,164.8759023,111.5032351,-10,-10,1,1,0,0,1,1,0,0,0
2016,46,1510*C,Eriogonum umbellatum,163.8144746,109.3713642,-10,-10,1,1,0,0,1,1,0,0,0
2017,46,1510*A,Eriogonum umbellatum,165,112,-10,-10,0,0,0,0,1,1,-1,0,0
2015,46,1511*A,Lupinus argenteus,126,81,-10,-10,3,3,0,1,0,NA,NA,1,1
2016,46,1511*A,Lupinus argenteus,126,81,-10,-10,5,5,0,0,0,3,2,1,0
2017,46,1511*A,Lupinus argenteus,126,81,-10,-10,0,0,0,0,1,5,-5,0,0
2015,46,1512*A,Lupinus argenteus,125,88,-10,-10,3,3,0,1,0,NA,NA,1,1
2016,46,1512*A,Lupinus argenteus,125,88,-10,-10,2,4,0,0,0,3,-1,1,0
2017,46,1512*A,Lupinus argenteus,125,88,-10,-10,0,0,0,0,1,2,-2,0,0
2015,46,1513*A,Eriogonum umbellatum,126,98,-10,-10,1,0.5,0,1,0,NA,NA,1,1
2016,46,1513*A,Eriogonum umbellatum,126,98,-10,-10,2,1,0,0,0,1,1,1,0
2017,46,1513*A,Eriogonum umbellatum,126,98,-10,-10,3,1,0,0,0,2,1,1,0
2018,46,1513*A,Eriogonum umbellatum,126,98,-10,-10,3.5,1,0,0,0,3,0.5,1,0
2019,46,1513*A,Eriogonum umbellatum,126,98,-10,-10,13,1,0,0,0,3.5,9.5,1,0
2020,46,1513*A,Eriogonum umbellatum,126,98,-10,-10,4,1,0,0,0,13,-9,1,0
2021,46,1513*A,Eriogonum umbellatum,126,98,-10,-10,4.6,0.7,0,0,0,4,0.6,1,0
2015,46,1514*A,Phacelia hastata,120,91,-10,-10,1.3,0.5,0,1,0,NA,NA,1,1
2016,46,1514*A,Phacelia hastata,120,91,-10,-10,0,0,0,0,1,1.3,-1.3,0,0
2015,46,1515*A,Lupinus argenteus,68,100,-10,-10,3,2,0,1,0,NA,NA,1,1
2016,46,1515*A,Lupinus argenteus,68,100,-10,-10,7,4,0,0,0,3,4,1,0
2017,46,1515*A,Lupinus argenteus,68,100,-10,-10,0,0,0,0,1,7,-7,0,0
2015,46,1516*A,Lupinus argenteus,97,90,-10,-10,4,4,0,1,0,NA,NA,1,1
2016,46,1516*A,Lupinus argenteus,97,90,-10,-10,3,4,0,0,0,4,-1,1,0
2017,46,1516*A,Lupinus argenteus,97,90,-10,-10,0,0,0,0,1,3,-3,0,0
2015,46,1517*A,Lupinus argenteus,60,125,-10,-10,2.5,2,0,1,0,NA,NA,1,1
2016,46,1517*A,Lupinus argenteus,60,125,-10,-10,0,0,0,0,1,2.5,-2.5,0,0
2015,46,1518*A,Lupinus argenteus,37,165,-10,-10,3.5,2,0,1,0,NA,NA,1,1
2016,46,1518*A,Lupinus argenteus,37,165,-10,-10,0,0,0,0,1,3.5,-3.5,0,0
2015,46,1519*A,Lupinus argenteus,52,186,-10,-10,3,2,0,1,0,NA,NA,1,1
2016,46,1519*A,Lupinus argenteus,52,186,-10,-10,0,0,0,0,1,3,-3,0,0
2014,14,152*A,Elymus lanceolatus,78,68,-10,-10,4,10,0,0,0,NA,NA,1,NA
2015,14,152*A,Elymus lanceolatus,78,68,-10,-10,15.5,12,0,0,0,4,11.5,1,0
2016,14,152*A,Elymus lanceolatus,78,68,-10,-10,11,12,0,0,0,15.5,-4.5,1,0
2017,14,152*A,Elymus lanceolatus,78,68,-10,-10,16,10,0,0,0,11,5,1,0
2018,14,152*A,Elymus lanceolatus,78,68,-10,-10,9,12.5,1,0,0,16,-7,1,0
2019,14,152*A,Elymus lanceolatus,78,68,-10,-10,4,11,0,0,0,9,-5,1,0
2020,14,152*A,Elymus lanceolatus,78,68,-10,-10,4.5,6.5,0,0,0,4,0.5,1,0
2021,14,152*A,Elymus lanceolatus,78,68,-10,-10,0,0,0,0,0,4.5,-4.5,1,0
2015,46,1520*A,Lupinus argenteus,84,160,-10,-10,3,2,0,1,0,NA,NA,1,1
2016,46,1520*A,Lupinus argenteus,84,160,-10,-10,5,5,0,0,0,3,2,1,0
2017,46,1520*A,Lupinus argenteus,84,160,-10,-10,8.5,5,0,0,0,5,3.5,1,0
2018,46,1520*A,Lupinus argenteus,84,160,-10,-10,0,0,0,0,1,8.5,-8.5,0,0
2015,46,1521*A,Lupinus argenteus,103,179,-10,-10,3.5,2,0,1,0,NA,NA,1,1
2016,46,1521*A,Lupinus argenteus,103,179,-10,-10,4,4,0,0,0,3.5,0.5,1,0
2017,46,1521*A,Lupinus argenteus,103,179,-10,-10,9,5,0,0,0,4,5,1,0
2018,46,1521*A,Lupinus argenteus,103,179,-10,-10,0,0,0,0,1,9,-9,0,0
2015,46,1522*A,Lupinus argenteus,107,155,-10,-10,3.5,3,0,1,0,NA,NA,1,1
2016,46,1522*A,Lupinus argenteus,107,155,-10,-10,2,2.5,0,0,0,3.5,-1.5,1,0
2017,46,1522*A,Lupinus argenteus,107,155,-10,-10,0,0,0,0,1,2,-2,0,0
2015,46,1523*A,Lupinus argenteus,91,175,-10,-10,0,0,0,1,1,NA,NA,0,1
2015,46,1524*A,Lupinus argenteus,116,160,-10,-10,3,3,0,1,0,NA,NA,1,1
2016,46,1524*A,Lupinus argenteus,116,160,-10,-10,0,0,0,0,1,3,-3,0,0
2015,46,1525*A,Lupinus argenteus,120,115,-2,-2,4.5,3,0,1,0,NA,NA,1,1
2016,46,1525*A,Lupinus argenteus,120,115,-2,-2,5,5,0,0,0,4.5,0.5,1,0
2017,46,1525*A,Lupinus argenteus,120,115,-2,-2,1,1,0,0,0,5,-4,1,0
2018,46,1525*A,Lupinus argenteus,120,115,-2,-2,0,0,0,0,1,1,-1,0,0
2015,46,1526*A,Eriogonum umbellatum,115,135,-10,-10,1,1,0,1,0,NA,NA,1,1
2016,46,1526*A,Eriogonum umbellatum,115,135,-10,-10,0,0,0,0,1,1,-1,0,0
2015,46,1527*A,Eriogonum umbellatum,180.0584377,114.8774005,-10,-10,0.5,1,0,1,0,NA,NA,1,1
2015,46,1527*B,Eriogonum umbellatum,179.979317,114.9172058,-10,-10,0.5,1,0,1,0,NA,NA,1,1
2016,46,1527*A,Eriogonum umbellatum,180.2045319,114.5709018,-10,-10,1,1,0,0,0,0.5,0.5,1,0
2016,46,1527*B,Eriogonum umbellatum,179.9276096,114.7102205,-10,-10,1,1,0,0,1,0.5,0.5,0,0
2017,46,1527*A,Eriogonum umbellatum,180,115,-10,-10,0,0,0,0,1,1,-1,0,0
2015,46,1528*A,Senecio crassulus,181,110,-10,-10,0.7,1,0,1,0,NA,NA,1,1
2016,46,1528*A,Senecio crassulus,181,110,-10,-10,0,0,0,0,1,0.7,-0.7,0,0
2015,46,1529*A,Agoseris glauca,195,155,-10,-2,4,8,0,1,0,NA,NA,1,1
2016,46,1529*A,Agoseris glauca,195,155,-10,-2,11,7,1,0,0,4,7,1,0
2017,46,1529*A,Agoseris glauca,195,155,-10,-2,3,3,0,0,0,11,-8,1,0
2018,46,1529*A,Agoseris glauca,195,155,-10,-2,4,4.5,0,0,0,3,1,1,0
2019,46,1529*A,Agoseris glauca,195,155,-10,-2,5.5,9,1,0,0,4,1.5,1,0
2020,46,1529*A,Agoseris glauca,195,155,-10,-2,6.5,6,1,0,0,5.5,1,1,0
2021,46,1529*A,Agoseris glauca,195,155,-10,-2,2.5,2,0,0,0,6.5,-4,1,0
2014,14,153*A,Elymus lanceolatus,85,87,0,-2,17,14,1,0,0,NA,NA,1,NA
2015,14,153*A,Elymus lanceolatus,85,87,0,-2,18,21.5,5,0,0,17,1,1,0
2016,14,153*A,Elymus lanceolatus,85,87,0,-2,22,26,6,0,0,18,4,1,0
2017,14,153*A,Elymus lanceolatus,85,87,0,-2,35,21,5,0,0,22,13,1,0
2018,14,153*A,Elymus lanceolatus,85,87,0,-2,23,25,25,0,0,35,-12,1,0
2019,14,153*A,Elymus lanceolatus,85,87,0,-2,30,26,10,0,0,23,7,1,0
2020,14,153*A,Elymus lanceolatus,85,87,0,-2,31,22.5,4,0,0,30,1,1,0
2021,14,153*A,Elymus lanceolatus,85,87,0,-2,30,21,10,0,0,31,-1,1,0
2015,46,1530*A,Lupinus argenteus,179,185,-10,-10,2.5,3,0,1,0,NA,NA,1,1
2016,46,1530*A,Lupinus argenteus,179,185,-10,-10,5,5,0,0,0,2.5,2.5,1,0
2017,46,1530*A,Lupinus argenteus,179,185,-10,-10,5,5,0,0,0,5,0,1,0
2018,46,1530*A,Lupinus argenteus,179,185,-10,-10,0,0,0,0,1,5,-5,0,0
2015,46,1531*A,Senecio crassulus,186,123,-10,-10,0.6,0.6,0,1,0,NA,NA,1,1
2016,46,1531*A,Senecio crassulus,186,123,-10,-10,3,2.5,0,0,0,0.6,2.4,1,0
2017,46,1531*A,Senecio crassulus,186,123,-10,-10,4.5,2.5,0,0,0,3,1.5,1,0
2018,46,1531*A,Senecio crassulus,186,123,-10,-10,0,0,0,0,1,4.5,-4.5,0,0
2015,46,1532*A,Senecio crassulus,190,118,-10,-10,0.5,1,0,1,0,NA,NA,1,1
2016,46,1532*A,Senecio crassulus,190,118,-10,-10,1,2,0,0,0,0.5,0.5,1,0
2017,46,1532*A,Senecio crassulus,190,118,-10,-10,0,0,0,0,1,1,-1,0,0
2015,46,1533*A,Heterotheca villosa,178.1168754,117.754801,2,-1,0.5,0.2,0,1,0,NA,NA,1,1
2015,46,1533*B,Heterotheca villosa,177.9586341,117.8344117,2,-1,0.5,0.2,0,1,0,NA,NA,1,1
2016,46,1533*A,Heterotheca villosa,178.2337508,117.509602,2,-1,1,2,0,0,0,0.5,0.5,1,0
2016,46,1533*B,Heterotheca villosa,177.9172682,117.6688234,2,-1,1,2,0,0,1,0.5,0.5,0,0
2017,46,1533*A,Heterotheca villosa,178,118,2,-1,0,0,0,0,0,1,-1,1,0
2018,46,1533*A,Heterotheca villosa,178,118,2,-1,3,2.5,0,0,0,0,3,1,0
2019,46,1533*A,Heterotheca villosa,178,118,2,-1,3,3,0,0,0,3,0,1,0
2020,46,1533*A,Heterotheca villosa,178,118,2,-1,4,3,0,0,0,3,1,1,0
2021,46,1533*A,Heterotheca villosa,178,118,2,-1,10.5,6,1,0,0,4,6.5,1,0
2015,46,1534*A,Carex siccata,199,151,-10,-10,14,13,0,0,0,NA,NA,1,1
2016,46,1534*A,Carex siccata,199,151,-10,-10,9,14,1,0,0,14,-5,1,0
2017,46,1534*A,Carex siccata,199,151,-10,-10,3,3,0,0,0,9,-6,1,0
2018,46,1534*A,Carex siccata,199,151,-10,-10,0,0,0,0,1,3,-3,0,0
2015,46,1535*A,Lupinus argenteus,15,190,-10,-10,1.5,1.5,0,1,0,NA,NA,1,1
2016,46,1535*A,Lupinus argenteus,15,190,-10,-10,0,0,0,0,1,1.5,-1.5,0,0
2015,46,1536*A,Senecio crassulus,85,85,-5,-5,0.8,0.5,0,1,0,NA,NA,1,1
2016,46,1536*A,Senecio crassulus,85,85,-5,-5,0.3,0.5,0,0,0,0.8,-0.5,1,0
2017,46,1536*A,Senecio crassulus,85,85,-5,-5,3,5,0,0,0,0.3,2.7,1,0
2018,46,1536*A,Senecio crassulus,85,85,-5,-5,2,3,0,0,0,3,-1,1,0
2019,46,1536*A,Senecio crassulus,85,85,-5,-5,0,0,0,0,1,2,-2,0,0
2015,46,1537*A,Senecio crassulus,73.58437695,101.774005,-10,-10,1,1,0,1,0,NA,NA,1,1
2015,46,1537*B,Senecio crassulus,72.79317042,102.1720585,-10,-10,1,1,0,1,1,NA,NA,0,1
2016,46,1537*A,Senecio crassulus,73,103,-10,-10,6,6,1,0,0,1,5,1,0
2017,46,1537*A,Senecio crassulus,73,103,-10,-10,0,0,0,0,1,6,-6,0,0
2015,46,1538*A,Phacelia hastata,113,80,-10,-10,1.5,0.5,0,1,0,NA,NA,1,1
2016,46,1538*A,Phacelia hastata,113,80,-10,-10,2,2,0,0,0,1.5,0.5,1,0
2017,46,1538*A,Phacelia hastata,113,80,-10,-10,0,0,0,0,1,2,-2,0,0
2015,46,1539*A,Agoseris glauca,120,67,-10,-10,6,2,0,0,0,NA,NA,1,1
2016,46,1539*A,Agoseris glauca,120,67,-10,-10,2,2,1,0,0,6,-4,1,0
2017,46,1539*A,Agoseris glauca,120,67,-10,-10,0,0,0,0,1,2,-2,0,0
2014,14,154*A,Elymus lanceolatus,80,85,-10,10,10,14,1,0,0,NA,NA,1,NA
2015,14,154*A,Elymus lanceolatus,80,85,-10,10,18.5,23,5,0,0,10,8.5,1,0
2016,14,154*A,Elymus lanceolatus,80,85,-10,10,18.5,24,4,0,1,18.5,0,0,0
2014,14,155*A,Elymus lanceolatus,85,90,0,10,11,21,1,0,1,NA,NA,0,NA
2015,1,1551*A,Senecio crassulus,179,152,-10,-10,1,1.8,0,1,0,NA,NA,1,1
2016,1,1551*A,Senecio crassulus,179,152,-10,-10,3,3.3,0,0,0,1,2,1,0
2017,1,1551*A,Senecio crassulus,179,152,-10,-10,0,0,0,0,1,3,-3,0,0
2015,5,1552*A,Lupinus argenteus,60,86,-10,-10,3.5,2,0,0,0,NA,NA,1,1
2016,5,1552*A,Lupinus argenteus,60,86,-10,-10,0,0,0,0,0,3.5,-3.5,1,0
2017,5,1552*A,Lupinus argenteus,60,86,-10,-10,2.5,1.4,0,0,0,0,2.5,1,0
2018,5,1552*A,Lupinus argenteus,60,86,-10,-10,0,0,0,0,1,2.5,-2.5,0,0
2015,5,1553*A,Lupinus argenteus,70,83,-10,-10,6,4,0,0,0,NA,NA,1,1
2016,5,1553*A,Lupinus argenteus,70,83,-10,-10,5.7,4,0,0,0,6,-0.3,1,0
2017,5,1553*A,Lupinus argenteus,70,83,-10,-10,0,0,0,0,1,5.7,-5.7,0,0
2014,5,1554*A,Chaenactis douglasii,112,37,-10,-10,2.5,2,0,0,0,NA,NA,1,NA
2015,5,1554*A,Chaenactis douglasii,112,37,-10,-10,2.5,2,0,0,0,2.5,0,1,0
2016,5,1554*A,Chaenactis douglasii,112,37,-10,-10,6,4.2,0,0,0,2.5,3.5,1,0
2017,5,1554*A,Chaenactis douglasii,112,37,-10,-10,0,0,0,0,1,6,-6,0,0
2014,5,1555*A,Chaenactis douglasii,170,130,-10,-10,2,1,0,0,0,NA,NA,1,NA
2015,5,1555*A,Chaenactis douglasii,170,130,-10,-10,2,1,0,0,0,2,0,1,0
2016,5,1555*A,Chaenactis douglasii,170,130,-10,-10,3.3,2.5,0,0,0,2,1.3,1,0
2017,5,1555*A,Chaenactis douglasii,170,130,-10,-10,0,0,0,0,1,3.3,-3.3,0,0
2014,5,1556*A,Chaenactis douglasii,179,125,10,10,3,3.5,0,0,0,NA,NA,1,NA
2015,5,1556*A,Chaenactis douglasii,179,125,10,10,3,3.5,0,0,0,3,0,1,0
2016,5,1556*A,Chaenactis douglasii,179,125,10,10,1.3,2.3,0,0,0,3,-1.7,1,0
2017,5,1556*A,Chaenactis douglasii,179,125,10,10,0,0,0,0,1,1.3,-1.3,0,0
2015,5,1557*A,Lupinus argenteus,77,199,-10,-10,2.5,2.5,0,0,0,NA,NA,1,1
2016,5,1557*A,Lupinus argenteus,77,199,-10,-10,8.7,6.9,0,0,0,2.5,6.2,1,0
2017,5,1557*A,Lupinus argenteus,77,199,-10,-10,11,6,0,0,0,8.7,2.3,1,0
2018,5,1557*A,Lupinus argenteus,77,199,-10,-10,0,0,0,0,1,11,-11,0,0
2014,6,1558*A,Elymus lanceolatus,121,63,-10,-10,19,12,0,0,0,NA,NA,1,NA
2015,6,1558*A,Elymus lanceolatus,121,63,-10,-10,19,12,0,0,0,19,0,1,0
2016,6,1558*A,Elymus lanceolatus,121,63,-10,-10,22,21,10,0,0,19,3,1,0
2017,6,1558*A,Elymus lanceolatus,121,63,-10,-10,21,19,1,0,0,22,-1,1,0
2018,6,1558*A,Elymus lanceolatus,121,63,-10,-10,26,19.5,12,0,0,21,5,1,0
2019,6,1558*A,Elymus lanceolatus,121,63,-10,-10,25,24,8,0,0,26,-1,1,0
2020,6,1558*A,Elymus lanceolatus,121,63,-10,-10,23.5,23,1,0,0,25,-1.5,1,0
2021,6,1558*A,Elymus lanceolatus,121,63,-10,-10,21,20,4,0,0,23.5,-2.5,1,0
2015,8,1559*A,Lupinus argenteus,44,155,-10,-10,4.5,3,0,0,0,NA,NA,1,1
2016,8,1559*A,Lupinus argenteus,44,155,-10,-10,0,0,0,0,1,4.5,-4.5,0,0
2014,14,156*A,Eriogonum umbellatum,148,102,-10,-10,73,2,142,0,0,NA,NA,1,NA
2015,14,156*A,Eriogonum umbellatum,148,102,-10,-10,75,2.5,218,0,0,73,2,1,0
2016,14,156*A,Eriogonum umbellatum,148,102,-10,-10,74,3.8,176,0,0,75,-1,1,0
2017,14,156*A,Eriogonum umbellatum,148,102,-10,-10,78,3,211,0,0,74,4,1,0
2018,14,156*A,Eriogonum umbellatum,148,102,-10,-10,77,2,228,0,0,78,-1,1,0
2019,14,156*A,Eriogonum umbellatum,148,102,-10,-10,78,3,243,0,0,77,1,1,0
2020,14,156*A,Eriogonum umbellatum,148,102,-10,-10,80,5.5,138,0,0,78,2,1,0
2021,14,156*A,Eriogonum umbellatum,148,102,-10,-10,79,2,93,0,0,80,-1,1,0
2015,8,1560*A,Lupinus argenteus,181,177,-10,-10,2.5,2.5,0,0,0,NA,NA,1,1
2016,8,1560*A,Lupinus argenteus,181,177,-10,-10,0,0,0,0,1,2.5,-2.5,0,0
2015,8,1561*A,Lupinus argenteus,194,130,-10,-10,5.5,3.5,0,0,0,NA,NA,1,1
2016,8,1561*A,Lupinus argenteus,194,130,-10,-10,0,0,0,0,1,5.5,-5.5,0,0
2015,10,1562*A,Lupinus argenteus,8,105,-10,-10,2,2,0,1,0,NA,NA,1,1
2016,10,1562*A,Lupinus argenteus,8,105,-10,-10,0,0,0,0,0,2,-2,1,0
2017,10,1562*A,Lupinus argenteus,8,105,-10,-10,3.5,2.5,0,0,0,0,3.5,1,0
2018,10,1562*A,Lupinus argenteus,8,105,-10,-10,0,0,0,0,1,3.5,-3.5,0,0
2015,11,1563*A,Eriogonum umbellatum,65,15,-10,-10,0.6,1.5,0,1,0,NA,NA,1,1
2016,11,1563*A,Eriogonum umbellatum,65,15,-10,-10,0,0,0,0,1,0.6,-0.6,0,0
2015,11,1564*A,Lupinus argenteus,69,15,-10,-10,4,3.5,0,0,0,NA,NA,1,1
2016,11,1564*A,Lupinus argenteus,69,15,-10,-10,19.8,11,0,0,0,4,15.8,1,0
2017,11,1564*A,Lupinus argenteus,69,15,-10,-10,0,0,0,0,1,19.8,-19.8,0,0
2015,11,1565*A,Senecio crassulus,75,24,-10,-10,1.5,0.5,0,1,0,NA,NA,1,1
2016,11,1565*A,Senecio crassulus,75,24,-10,-10,1,3.2,0,0,0,1.5,-0.5,1,0
2017,11,1565*A,Senecio crassulus,75,24,-10,-10,0,0,0,0,1,1,-1,0,0
2014,13,1566*A,Eriogonum umbellatum,15,51,-5,5,1.5,1.5,0,0,0,NA,NA,1,NA
2015,13,1566*A,Eriogonum umbellatum,15,51,-5,5,1.5,1.5,0,0,0,1.5,0,1,0
2016,13,1566*A,Eriogonum umbellatum,15,51,-5,5,2.3,2.4,0,0,0,1.5,0.8,1,0
2017,13,1566*A,Eriogonum umbellatum,15,51,-5,5,4,3,0,0,0,2.3,1.7,1,0
2018,13,1566*A,Eriogonum umbellatum,15,51,-5,5,4.5,2.5,0,0,0,4,0.5,1,0
2019,13,1566*A,Eriogonum umbellatum,15,51,-5,5,5.5,3,0,0,0,4.5,1,1,0
2020,13,1566*A,Eriogonum umbellatum,15,51,-5,5,5,3,0,0,0,5.5,-0.5,1,0
2021,13,1566*A,Eriogonum umbellatum,15,51,-5,5,6,3,0,0,0,5,1,1,0
2015,13,1567*A,Chaenactis douglasii,148.5259393,58.89660454,10,10,0.5,0.5,0,1,0,NA,NA,1,1
2015,13,1567*B,Chaenactis douglasii,147.8138534,59.25485265,10,10,0.5,0.5,0,1,1,NA,NA,0,1
2015,13,1567*C,Chaenactis douglasii,146.2217119,56.05704631,10,10,0.5,0.5,0,1,1,NA,NA,0,1
2015,13,1567*D,Chaenactis douglasii,150.6119311,63.31967921,10,10,0.5,0.5,0,1,1,NA,NA,0,1
2015,13,1567*E,Chaenactis douglasii,144.9848648,61.86487536,10,10,0.5,0.5,0,1,1,NA,NA,0,1
2016,13,1567*A,Chaenactis douglasii,148,60,10,10,0,0,0,0,1,0.5,-0.5,0,0
2015,15,1568*A,Eriogonum umbellatum,165,14,-10,-10,0.7,1,0,1,0,NA,NA,1,1
2016,15,1568*A,Eriogonum umbellatum,165,14,-10,-10,1.4,1,0,0,0,0.7,0.7,1,0
2017,15,1568*A,Eriogonum umbellatum,165,14,-10,-10,3,1.5,0,0,0,1.4,1.6,1,0
2018,15,1568*A,Eriogonum umbellatum,165,14,-10,-10,2,1.5,0,0,0,3,-1,1,0
2019,15,1568*A,Eriogonum umbellatum,165,14,-10,-10,3.5,1,0,0,0,2,1.5,1,0
2020,15,1568*A,Eriogonum umbellatum,165,14,-10,-10,3.2,2,0,0,0,3.5,-0.3,1,0
2021,15,1568*A,Eriogonum umbellatum,165,14,-10,-10,2.6,2,0,0,0,3.2,-0.6,1,0
2015,15,1569*A,Lupinus argenteus,27,2,-10,-10,7,2.5,0,0,0,NA,NA,1,1
2016,15,1569*A,Lupinus argenteus,27,2,-10,-10,6,5,0,0,0,7,-1,1,0
2017,15,1569*A,Lupinus argenteus,27,2,-10,-10,0,0,0,0,1,6,-6,0,0
2014,14,157*A,Elymus lanceolatus,135,105,-10,-10,13,22,3,0,0,NA,NA,1,NA
2015,14,157*A,Elymus lanceolatus,135,105,-10,-10,13,17.5,2,0,0,13,0,1,0
2016,14,157*A,Elymus lanceolatus,135,105,-10,-10,21.5,17.5,2,0,0,13,8.5,1,0
2017,14,157*A,Elymus lanceolatus,135,105,-10,-10,18,20,2,0,0,21.5,-3.5,1,0
2018,14,157*A,Elymus lanceolatus,135,105,-10,-10,12,21.5,2,0,0,18,-6,1,0
2019,14,157*A,Elymus lanceolatus,135,105,-10,-10,14,20,2,0,0,12,2,1,0
2020,14,157*A,Elymus lanceolatus,135,105,-10,-10,21,11.5,0,0,0,14,7,1,0
2021,14,157*A,Elymus lanceolatus,135,105,-10,-10,9.5,11.5,0,0,0,21,-11.5,1,0
2015,15,1570*A,Lupinus argenteus,26,116,-10,-10,3,2,0,0,0,NA,NA,1,1
2016,15,1570*A,Lupinus argenteus,26,116,-10,-10,0,0,0,0,1,3,-3,0,0
2014,15,1571*A,Eriogonum umbellatum,71,164,-10,-10,5.5,2.5,0,0,0,NA,NA,1,NA
2015,15,1571*A,Eriogonum umbellatum,71,164,-10,-10,5.5,2.5,0,0,0,5.5,0,1,0
2016,15,1571*A,Eriogonum umbellatum,71,164,-10,-10,9,3,4,0,0,5.5,3.5,1,0
2017,15,1571*A,Eriogonum umbellatum,71,164,-10,-10,12,2.5,3,0,0,9,3,1,0
2018,15,1571*A,Eriogonum umbellatum,71,164,-10,-10,13,3,12,0,0,12,1,1,0
2019,15,1571*A,Eriogonum umbellatum,71,164,-10,-10,18,4,13,0,0,13,5,1,0
2020,15,1571*A,Eriogonum umbellatum,71,164,-10,-10,19,4,16,0,0,18,1,1,0
2021,15,1571*A,Eriogonum umbellatum,71,164,-10,-10,23.5,3,7,0,0,19,4.5,1,0
2015,15,1572*A,Senecio crassulus,168,103,-10,-10,1,1.5,0,1,0,NA,NA,1,1
2016,15,1572*A,Senecio crassulus,168,103,-10,-10,0,0,0,0,1,1,-1,0,0
2015,15,1573*A,Lupinus argenteus,178,106,0,-10,3,2.5,0,1,0,NA,NA,1,1
2016,15,1573*A,Lupinus argenteus,178,106,0,-10,0,0,0,0,1,3,-3,0,0
2015,15,1574*A,Lupinus argenteus,176,73,-10,-10,5.5,4,0,0,0,NA,NA,1,1
2016,15,1574*A,Lupinus argenteus,176,73,-10,-10,8,5,0,0,0,5.5,2.5,1,0
2017,15,1574*A,Lupinus argenteus,176,73,-10,-10,0,0,0,0,1,8,-8,0,0
2015,15,1575*A,Lupinus argenteus,145,68,-10,-10,12.5,7,0,0,0,NA,NA,1,1
2016,15,1575*A,Lupinus argenteus,145,68,-10,-10,8,5,0,0,0,12.5,-4.5,1,0
2017,15,1575*A,Lupinus argenteus,145,68,-10,-10,0,0,0,0,1,8,-8,0,0
2015,15,1576*A,Lupinus argenteus,160,76,-10,-10,13,7,0,0,0,NA,NA,1,1
2016,15,1576*A,Lupinus argenteus,160,76,-10,-10,0,0,0,0,1,13,-13,0,0
2015,16,1577*A,Agoseris glauca,57,11,-10,-10,1.5,2.1,0,1,0,NA,NA,1,1
2016,16,1577*A,Agoseris glauca,57,11,-10,-10,1,2,0,0,0,1.5,-0.5,1,0
2017,16,1577*A,Agoseris glauca,57,11,-10,-10,0,0,0,0,1,1,-1,0,0
2015,16,1578*A,Heterotheca villosa,62,3,-10,-10,1,0.6,0,1,0,NA,NA,1,1
2016,16,1578*A,Heterotheca villosa,62,3,-10,-10,0,0,0,0,1,1,-1,0,0
2015,16,1579*A,Arnica latifolia,43,30.5,-10,-10,1.4,1,0,1,0,NA,NA,1,1
2016,16,1579*A,Arnica latifolia,43,30.5,-10,-10,1.4,1,0,0,0,1.4,0,1,0
2017,16,1579*A,Arnica latifolia,43,30.5,-10,-10,2.6,5.5,0,0,0,1.4,1.2,1,0
2018,16,1579*A,Arnica latifolia,43,30.5,-10,-10,4,3,0,0,0,2.6,1.4,1,0
2019,16,1579*A,Arnica latifolia,43,30.5,-10,-10,8,6.5,0,0,0,4,4,1,0
2020,16,1579*A,Arnica latifolia,43,30.5,-10,-10,10,10.5,1,0,0,8,2,1,0
2021,16,1579*A,Arnica latifolia,43,30.5,-10,-10,16,6,1,0,0,10,6,1,0
2014,14,158*A,Elymus lanceolatus,137,111,0,0,8,14,1,0,0,NA,NA,1,NA
2015,14,158*A,Elymus lanceolatus,137,111,0,0,17,20,3,0,0,8,9,1,0
2016,14,158*A,Elymus lanceolatus,137,111,0,0,15,18,2,0,0,17,-2,1,0
2017,14,158*A,Elymus lanceolatus,137,111,0,0,18,25,1,0,0,15,3,1,0
2018,14,158*A,Elymus lanceolatus,137,111,0,0,16,17,1,0,0,18,-2,1,0
2019,14,158*A,Elymus lanceolatus,137,111,0,0,18,26,3,0,0,16,2,1,0
2020,14,158*A,Elymus lanceolatus,137,111,0,0,14,17.5,1,0,0,18,-4,1,0
2021,14,158*A,Elymus lanceolatus,137,111,0,0,18,18,2,0,0,14,4,1,0
2015,16,1580*A,Ivesia gordonii,29,55,-10,-10,0.6,0.5,0,1,0,NA,NA,1,1
2016,16,1580*A,Ivesia gordonii,29,55,-10,-10,0.5,0.5,0,0,0,0.6,-0.1,1,0
2017,16,1580*A,Ivesia gordonii,29,55,-10,-10,0,0,0,0,1,0.5,-0.5,0,0
2015,16,1581*A,Agoseris glauca,29,51,-10,-10,1.5,2,0,1,0,NA,NA,1,1
2016,16,1581*A,Agoseris glauca,29,51,-10,-10,0.5,1.5,0,0,0,1.5,-1,1,0
2017,16,1581*A,Agoseris glauca,29,51,-10,-10,0,0,0,0,1,0.5,-0.5,0,0
2015,16,1582*A,Eriogonum umbellatum,52,45,-5,-5,1.5,0.7,0,1,0,NA,NA,1,1
2016,16,1582*A,Eriogonum umbellatum,52,45,-5,-5,2,1.5,0,0,0,1.5,0.5,1,0
2017,16,1582*A,Eriogonum umbellatum,52,45,-5,-5,3,2.5,0,0,0,2,1,1,0
2018,16,1582*A,Eriogonum umbellatum,52,45,-5,-5,4.5,1,0,0,0,3,1.5,1,0
2019,16,1582*A,Eriogonum umbellatum,52,45,-5,-5,6,3.5,0,0,0,4.5,1.5,1,0
2020,16,1582*A,Eriogonum umbellatum,52,45,-5,-5,9.5,4,3,0,0,6,3.5,1,0
2021,16,1582*A,Eriogonum umbellatum,52,45,-5,-5,14.5,3,9,0,0,9.5,5,1,0
2015,16,1583*A,Lupinus argenteus,22,86,-10,-10,3,2.5,0,1,0,NA,NA,1,1
2016,16,1583*A,Lupinus argenteus,22,86,-10,-10,0,0,0,0,1,3,-3,0,0
2015,16,1584*A,Agoseris glauca,19,95,-10,-10,1.5,2,0,1,0,NA,NA,1,1
2016,16,1584*A,Agoseris glauca,19,95,-10,-10,0,0,0,0,0,1.5,-1.5,1,0
2017,16,1584*A,Agoseris glauca,19,95,-10,-10,3,4,0,0,0,0,3,1,0
2018,16,1584*A,Agoseris glauca,19,95,-10,-10,0,0,0,0,1,3,-3,0,0
2015,16,1585*A,Chaenactis douglasii,20,95,-10,-10,0.7,0.5,0,1,0,NA,NA,1,1
2016,16,1585*A,Chaenactis douglasii,20,95,-10,-10,0,0,0,0,1,0.7,-0.7,0,0
2015,16,1586*A,Lupinus argenteus,140,115,-10,-10,6,4,0,0,0,NA,NA,1,1
2016,16,1586*A,Lupinus argenteus,140,115,-10,-10,0,0,0,0,1,6,-6,0,0
2015,16,1587*A,Lupinus argenteus,140,123,-10,-10,5.5,4,0,0,0,NA,NA,1,1
2016,16,1587*A,Lupinus argenteus,140,123,-10,-10,8,5,0,0,0,5.5,2.5,1,0
2017,16,1587*A,Lupinus argenteus,140,123,-10,-10,0,0,0,0,1,8,-8,0,0
2015,16,1588*A,Chaenactis douglasii,138,62,10,0,1,1.2,0,1,0,NA,NA,1,1
2016,16,1588*A,Chaenactis douglasii,138,62,10,0,0,0,0,0,1,1,-1,0,0
2014,16,1589*A,Lupinus argenteus,145,57,10,0,11,8,0,0,0,NA,NA,1,NA
2015,16,1589*A,Lupinus argenteus,145,57,10,0,11,8,0,0,0,11,0,1,0
2016,16,1589*A,Lupinus argenteus,145,57,10,0,2,2,0,0,0,11,-9,1,0
2017,16,1589*A,Lupinus argenteus,145,57,10,0,0,0,0,0,1,2,-2,0,0
2015,16,1590*A,Lupinus argenteus,150,45,-10,-10,10,8,0,0,0,NA,NA,1,1
2016,16,1590*A,Lupinus argenteus,150,45,-10,-10,0,0,0,0,1,10,-10,0,0
2015,17,1591*A,Elymus lanceolatus,31,78,-10,-10,3,9,0,0,0,NA,NA,1,1
2016,17,1591*A,Elymus lanceolatus,31,78,-10,-10,3,12,0,0,0,3,0,1,0
2017,17,1591*A,Elymus lanceolatus,31,78,-10,-10,7,9,0,0,0,3,4,1,0
2018,17,1591*A,Elymus lanceolatus,31,78,-10,-10,4.5,6,0,0,0,7,-2.5,1,0
2019,17,1591*A,Elymus lanceolatus,31,78,-10,-10,0,0,0,0,1,4.5,-4.5,0,0
2015,17,1592*A,Lupinus argenteus,34,175,-10,-10,2,2,0,0,0,NA,NA,1,1
2016,17,1592*A,Lupinus argenteus,34,175,-10,-10,0,0,0,0,1,2,-2,0,0
2015,17,1593*A,Lupinus argenteus,64,65,-10,-10,5,4,0,0,0,NA,NA,1,1
2016,17,1593*A,Lupinus argenteus,64,65,-10,-10,25,3,0,0,0,5,20,1,0
2017,17,1593*A,Lupinus argenteus,64,65,-10,-10,0,0,0,0,1,25,-25,0,0
2015,17,1594*A,Lupinus argenteus,100,85,-10,0,1.5,2,0,0,0,NA,NA,1,1
2016,17,1594*A,Lupinus argenteus,100,85,-10,0,0,0,0,0,1,1.5,-1.5,0,0
2015,17,1595*A,Lupinus argenteus,100,90,0,10,3,2,0,0,0,NA,NA,1,1
2016,17,1595*A,Lupinus argenteus,100,90,0,10,0,0,0,0,1,3,-3,0,0
2015,17,1596*A,Lupinus argenteus,108,88,10,0,3,3,0,0,0,NA,NA,1,1
2016,17,1596*A,Lupinus argenteus,108,88,10,0,0,0,0,0,0,3,-3,1,0
2017,17,1596*A,Lupinus argenteus,108,88,10,0,3.5,2.5,0,0,0,0,3.5,1,0
2018,17,1596*A,Lupinus argenteus,108,88,10,0,0,0,0,0,1,3.5,-3.5,0,0
2014,19,1597*A,Eriogonum umbellatum,194,65,5,-5,1.5,2.5,0,0,0,NA,NA,1,NA
2015,19,1597*A,Eriogonum umbellatum,194,65,5,-5,1.5,2.5,0,0,0,1.5,0,1,0
2016,19,1597*A,Eriogonum umbellatum,194,65,5,-5,7,1,0,0,0,1.5,5.5,1,0
2017,19,1597*A,Eriogonum umbellatum,194,65,5,-5,3,1,0,0,0,7,-4,1,0
2018,19,1597*A,Eriogonum umbellatum,194,65,5,-5,0,0,0,0,1,3,-3,0,0
2014,19,1598*A,Eriogonum umbellatum,186,63,0,5,1,1.5,0,0,0,NA,NA,1,NA
2015,19,1598*A,Eriogonum umbellatum,186,63,0,5,1,1.5,0,0,0,1,0,1,0
2016,19,1598*A,Eriogonum umbellatum,186,63,0,5,0,0,0,0,1,1,-1,0,0
2014,19,1599*A,Eriogonum umbellatum,184,59,-10,10,1,1.5,0,0,0,NA,NA,1,NA
2015,19,1599*A,Eriogonum umbellatum,184,59,-10,10,1,1.5,0,0,0,1,0,1,0
2016,19,1599*A,Eriogonum umbellatum,184,59,-10,10,0,0,0,0,1,1,-1,0,0
2014,1,16*A,Ivesia gordonii,198,165,-10,-10,18,4,6,0,0,NA,NA,1,NA
2015,1,16*A,Ivesia gordonii,198,165,-10,-10,21,4,17,0,0,18,3,1,0
2016,1,16*A,Ivesia gordonii,198,165,-10,-10,19,6.3,10,0,0,21,-2,1,0
2017,1,16*A,Ivesia gordonii,198,165,-10,-10,0,0,0,0,1,19,-19,0,0
2014,14,160*A,Elymus lanceolatus,156,103,0,-1,7,17,1,0,0,NA,NA,1,NA
2015,14,160*A,Elymus lanceolatus,156,103,0,-1,13,16.5,1,0,0,7,6,1,0
2016,14,160*A,Elymus lanceolatus,156,103,0,-1,8.5,18,0,0,0,13,-4.5,1,0
2017,14,160*A,Elymus lanceolatus,156,103,0,-1,11,16,1,0,0,8.5,2.5,1,0
2018,14,160*A,Elymus lanceolatus,156,103,0,-1,12,18.5,1,0,0,11,1,1,0
2019,14,160*A,Elymus lanceolatus,156,103,0,-1,12,16,1,0,0,12,0,1,0
2020,14,160*A,Elymus lanceolatus,156,103,0,-1,7,13,0,0,0,12,-5,1,0
2021,14,160*A,Elymus lanceolatus,156,103,0,-1,7,10,0,0,0,7,0,1,0
2014,19,1600*A,Eriogonum umbellatum,171,122,-10,-10,1.5,1.5,0,0,0,NA,NA,1,NA
2015,19,1600*A,Eriogonum umbellatum,171,122,-10,-10,1.5,1.5,0,0,0,1.5,0,1,0
2016,19,1600*A,Eriogonum umbellatum,171,122,-10,-10,1.5,1.5,0,0,0,1.5,0,1,0
2017,19,1600*A,Eriogonum umbellatum,171,122,-10,-10,0,0,0,0,0,1.5,-1.5,1,0
2018,19,1600*A,Eriogonum umbellatum,171,122,-10,-10,1,0.3,0,0,0,0,1,1,0
2019,19,1600*A,Eriogonum umbellatum,171,122,-10,-10,0,0,0,0,1,1,-1,0,0
2015,19,1601*A,Eriogonum umbellatum,165,135,-10,0,2,1,0,0,0,NA,NA,1,1
2016,19,1601*A,Eriogonum umbellatum,165,135,-10,0,1.5,1.5,0,0,0,2,-0.5,1,0
2017,19,1601*A,Eriogonum umbellatum,165,135,-10,0,0,0,0,0,1,1.5,-1.5,0,0
2015,19,1602*A,Ivesia gordonii,139,110,-10,0,0.5,0.5,0,1,0,NA,NA,1,1
2016,19,1602*A,Ivesia gordonii,139,110,-10,0,1,1,0,0,0,0.5,0.5,1,0
2017,19,1602*A,Ivesia gordonii,139,110,-10,0,1,1,0,0,0,1,0,1,0
2018,19,1602*A,Ivesia gordonii,139,110,-10,0,1.5,1.5,0,0,0,1,0.5,1,0
2019,19,1602*A,Ivesia gordonii,139,110,-10,0,3,2,0,0,0,1.5,1.5,1,0
2020,19,1602*A,Ivesia gordonii,139,110,-10,0,2.5,1.5,0,0,0,3,-0.5,1,0
2021,19,1602*A,Ivesia gordonii,139,110,-10,0,5,2.5,0,0,0,2.5,2.5,1,0
2015,19,1603*A,Ivesia gordonii,95,112,-10,-10,0.5,0.5,0,1,0,NA,NA,1,1
2016,19,1603*A,Ivesia gordonii,95,112,-10,-10,1.5,1.5,0,0,0,0.5,1,1,0
2017,19,1603*A,Ivesia gordonii,95,112,-10,-10,2,2,0,0,0,1.5,0.5,1,0
2018,19,1603*A,Ivesia gordonii,95,112,-10,-10,3.5,2.5,0,0,0,2,1.5,1,0
2019,19,1603*A,Ivesia gordonii,95,112,-10,-10,5,4,0,0,0,3.5,1.5,1,0
2020,19,1603*A,Ivesia gordonii,95,112,-10,-10,5.5,2.5,0,0,0,5,0.5,1,0
2021,19,1603*A,Ivesia gordonii,95,112,-10,-10,8,4.5,1,0,0,5.5,2.5,1,0
2015,19,1604*A,Ivesia gordonii,91,101,-10,-10,0.5,0.5,0,1,0,NA,NA,1,1
2016,19,1604*A,Ivesia gordonii,91,101,-10,-10,1,0.5,0,0,0,0.5,0.5,1,0
2017,19,1604*A,Ivesia gordonii,91,101,-10,-10,1.5,0.5,0,0,0,1,0.5,1,0
2018,19,1604*A,Ivesia gordonii,91,101,-10,-10,2,1.5,0,0,0,1.5,0.5,1,0
2019,19,1604*A,Ivesia gordonii,91,101,-10,-10,4,3,0,0,0,2,2,1,0
2020,19,1604*A,Ivesia gordonii,91,101,-10,-10,8,3.5,0,0,0,4,4,1,0
2021,19,1604*A,Ivesia gordonii,91,101,-10,-10,7.5,3,1,0,0,8,-0.5,1,0
2015,19,1605*A,Ivesia gordonii,92,76,-10,-10,0.5,0.5,0,1,0,NA,NA,1,1
2016,19,1605*A,Ivesia gordonii,92,76,-10,-10,0.5,0.3,0,0,0,0.5,0,1,0
2017,19,1605*A,Ivesia gordonii,92,76,-10,-10,1,1,0,0,0,0.5,0.5,1,0
2018,19,1605*A,Ivesia gordonii,92,76,-10,-10,2,1.5,0,0,0,1,1,1,0
2019,19,1605*A,Ivesia gordonii,92,76,-10,-10,3,3,0,0,0,2,1,1,0
2020,19,1605*A,Ivesia gordonii,92,76,-10,-10,5.5,3,0,0,0,3,2.5,1,0
2021,19,1605*A,Ivesia gordonii,92,76,-10,-10,7,3.5,1,0,0,5.5,1.5,1,0
2015,19,1606*A,Ivesia gordonii,103,89,-10,-10,1,1.5,0,0,0,NA,NA,1,1
2016,19,1606*A,Ivesia gordonii,103,89,-10,-10,0.5,0.5,0,0,0,1,-0.5,1,0
2017,19,1606*A,Ivesia gordonii,103,89,-10,-10,1.5,0.5,0,0,0,0.5,1,1,0
2018,19,1606*A,Ivesia gordonii,103,89,-10,-10,2,1.5,0,0,0,1.5,0.5,1,0
2019,19,1606*A,Ivesia gordonii,103,89,-10,-10,3.5,3,0,0,0,2,1.5,1,0
2020,19,1606*A,Ivesia gordonii,103,89,-10,-10,4.5,3,0,0,0,3.5,1,1,0
2021,19,1606*A,Ivesia gordonii,103,89,-10,-10,6.5,3.5,0,0,0,4.5,2,1,0
2015,20,1607*A,Chaenactis douglasii,39,12,-10,-10,0.7,1,0,1,0,NA,NA,1,1
2016,20,1607*A,Chaenactis douglasii,39,12,-10,-10,0,0,0,0,1,0.7,-0.7,0,0
2015,20,1608*A,Senecio crassulus,32,25,-10,-10,0.4,2,0,1,0,NA,NA,1,1
2016,20,1608*A,Senecio crassulus,32,25,-10,-10,0,0,0,0,1,0.4,-0.4,0,0
2015,20,1609*A,Eriogonum umbellatum,45,35,-10,-10,0.5,1,0,1,0,NA,NA,1,1
2016,20,1609*A,Eriogonum umbellatum,45,35,-10,-10,1,0.5,0,0,0,0.5,0.5,1,0
2017,20,1609*A,Eriogonum umbellatum,45,35,-10,-10,0.5,0.5,0,0,0,1,-0.5,1,0
2018,20,1609*A,Eriogonum umbellatum,45,35,-10,-10,0,0,0,0,1,0.5,-0.5,0,0
2014,14,161*A,Elymus lanceolatus,145,112,1,-3,7,14,0,0,0,NA,NA,1,NA
2015,14,161*A,Elymus lanceolatus,145,112,1,-3,7,21,1,0,0,7,0,1,0
2016,14,161*A,Elymus lanceolatus,145,112,1,-3,4,12.5,0,0,0,7,-3,1,0
2017,14,161*A,Elymus lanceolatus,145,112,1,-3,15,15,0,0,0,4,11,1,0
2018,14,161*A,Elymus lanceolatus,145,112,1,-3,6,17,1,0,0,15,-9,1,0
2019,14,161*A,Elymus lanceolatus,145,112,1,-3,13.5,26,1,0,0,6,7.5,1,0
2020,14,161*A,Elymus lanceolatus,145,112,1,-3,2,10,0,0,0,13.5,-11.5,1,0
2021,14,161*A,Elymus lanceolatus,145,112,1,-3,6,10.5,0,0,0,2,4,1,0
2014,20,1610*A,Senecio crassulus,0,73,0,-33,2.5,4,0,0,0,NA,NA,1,NA
2015,20,1610*A,Senecio crassulus,0,73,0,-33,2.5,4,0,0,0,2.5,0,1,0
2016,20,1610*A,Senecio crassulus,0,73,0,-33,0,0,0,0,0,2.5,-2.5,1,0
2017,20,1610*A,Senecio crassulus,0,73,0,-33,6,9,0,0,0,0,6,1,0
2018,20,1610*A,Senecio crassulus,0,73,0,-33,4.5,9.5,0,0,0,6,-1.5,1,0
2019,20,1610*A,Senecio crassulus,0,73,0,-33,13,10,0,0,0,4.5,8.5,1,0
2020,20,1610*A,Senecio crassulus,0,73,0,-33,6.5,5.5,0,0,0,13,-6.5,1,0
2021,20,1610*A,Senecio crassulus,0,73,0,-33,0,0,0,0,0,6.5,-6.5,1,0
2015,20,1611*A,Lupinus argenteus,44,65,-10,-10,10,7,0,0,0,NA,NA,1,1
2016,20,1611*A,Lupinus argenteus,44,65,-10,-10,0,0,0,0,1,10,-10,0,0
2015,20,1612*A,Lupinus argenteus,51,58,-10,-10,5.5,2,0,0,0,NA,NA,1,1
2016,20,1612*A,Lupinus argenteus,51,58,-10,-10,0,0,0,0,1,5.5,-5.5,0,0
2015,20,1613*A,Lupinus argenteus,56,68,-10,-10,5,2.5,0,0,0,NA,NA,1,1
2016,20,1613*A,Lupinus argenteus,56,68,-10,-10,0,0,0,0,1,5,-5,0,0
2015,20,1614*A,Lupinus argenteus,65,85,-10,-10,9,8,0,0,0,NA,NA,1,1
2016,20,1614*A,Lupinus argenteus,65,85,-10,-10,7,6,0,0,0,9,-2,1,0
2017,20,1614*A,Lupinus argenteus,65,85,-10,-10,0,0,0,0,1,7,-7,0,0
2015,20,1615*A,Eriogonum umbellatum,47.87656543,56.16100757,-10,-5,0.5,0.5,0,1,0,NA,NA,1,1
2015,20,1615*B,Eriogonum umbellatum,46.68975563,56.75808775,-10,-5,0.5,0.5,0,1,1,NA,NA,0,1
2015,20,1615*C,Eriogonum umbellatum,44.03618649,51.42841052,-10,-5,0.5,0.5,0,1,1,NA,NA,0,1
2015,20,1615*D,Eriogonum umbellatum,51.35321844,63.53279869,-10,-5,0.5,0.5,0,1,1,NA,NA,0,1
2015,20,1615*E,Eriogonum umbellatum,41.97477459,61.1081256,-10,-5,0.5,0.5,0,1,1,NA,NA,0,1
2016,20,1615*A,Eriogonum umbellatum,47,58,-10,-5,1,1,0,0,0,0.5,0.5,1,0
2017,20,1615*A,Eriogonum umbellatum,47,58,-10,-5,1,2,0,0,0,1,0,1,0
2018,20,1615*A,Eriogonum umbellatum,47,58,-10,-5,0,0,0,0,1,1,-1,0,0
2015,20,1616*A,Lupinus argenteus,99,198,-10,-10,2.5,3,0,0,0,NA,NA,1,1
2016,20,1616*A,Lupinus argenteus,99,198,-10,-10,0,0,0,0,1,2.5,-2.5,0,0
2015,20,1617*A,Lupinus argenteus,122,157,-10,-10,1.5,1.5,0,0,0,NA,NA,1,1
2016,20,1617*A,Lupinus argenteus,122,157,-10,-10,14,10,0,0,0,1.5,12.5,1,0
2017,20,1617*A,Lupinus argenteus,122,157,-10,-10,0,0,0,0,1,14,-14,0,0
2015,20,1618*A,Lupinus argenteus,159,155,-10,-10,2,2,0,1,0,NA,NA,1,1
2016,20,1618*A,Lupinus argenteus,159,155,-10,-10,6,9,0,0,0,2,4,1,0
2017,20,1618*A,Lupinus argenteus,159,155,-10,-10,0,0,0,0,1,6,-6,0,0
2015,20,1619*A,Arenaria congesta,105,150,-10,-10,1,1,0,1,0,NA,NA,1,1
2016,20,1619*A,Arenaria congesta,105,150,-10,-10,0,0,0,0,1,1,-1,0,0
2014,14,162*A,Elymus lanceolatus,153,112,5,-5,8,14,1,0,0,NA,NA,1,NA
2015,14,162*A,Elymus lanceolatus,153,112,5,-5,11,14,0,0,0,8,3,1,0
2016,14,162*A,Elymus lanceolatus,153,112,5,-5,8.5,14,0,0,0,11,-2.5,1,0
2017,14,162*A,Elymus lanceolatus,153,112,5,-5,9,11,1,0,0,8.5,0.5,1,0
2018,14,162*A,Elymus lanceolatus,153,112,5,-5,5,18.5,1,0,0,9,-4,1,0
2019,14,162*A,Elymus lanceolatus,153,112,5,-5,4.5,5.5,0,0,0,5,-0.5,1,0
2020,14,162*A,Elymus lanceolatus,153,112,5,-5,11,12.5,0,0,0,4.5,6.5,1,0
2021,14,162*A,Elymus lanceolatus,153,112,5,-5,5,21,1,0,0,11,-6,1,0
2015,21,1621*A,Senecio crassulus,15,121,-10,-10,0.5,0.7,0,1,0,NA,NA,1,1
2016,21,1621*A,Senecio crassulus,15,121,-10,-10,1,1,0,0,0,0.5,0.5,1,0
2017,21,1621*A,Senecio crassulus,15,121,-10,-10,0,0,0,0,1,1,-1,0,0
2015,21,1622*A,Poa stenantha,149,188,-10,-10,3,4,0,1,0,NA,NA,1,1
2016,21,1622*A,Poa stenantha,149,188,-10,-10,8,5,0,0,0,3,5,1,0
2017,21,1622*A,Poa stenantha,149,188,-10,-10,6,9.5,0,0,0,8,-2,1,0
2018,21,1622*A,Poa stenantha,149,188,-10,-10,5,8.5,0,0,0,6,-1,1,0
2019,21,1622*A,Poa stenantha,149,188,-10,-10,6,9.5,0,0,0,5,1,1,0
2020,21,1622*A,Poa stenantha,149,188,-10,-10,6,4,0,0,0,6,0,1,0
2021,21,1622*A,Poa stenantha,149,188,-10,-10,7,7,0,0,0,6,1,1,0
2015,21,1623*A,Phacelia hastata,106,165,-10,-10,0.5,0.5,0,1,0,NA,NA,1,1
2016,21,1623*A,Phacelia hastata,106,165,-10,-10,0,0,0,0,1,0.5,-0.5,0,0
2015,27,1624*A,Elymus lanceolatus,48,110,-10,-10,3,7,0,0,0,NA,NA,1,1
2016,27,1624*A,Elymus lanceolatus,48,110,-10,-10,5,8,0,0,0,3,2,1,0
2017,27,1624*A,Elymus lanceolatus,48,110,-10,-10,4,7,0,0,0,5,-1,1,0
2018,27,1624*A,Elymus lanceolatus,48,110,-10,-10,3.5,9,0,0,0,4,-0.5,1,0
2019,27,1624*A,Elymus lanceolatus,48,110,-10,-10,0,0,0,0,1,3.5,-3.5,0,0
2014,22,1625*A,Phacelia hastata,155,30,-10,-10,5,2,1,0,0,NA,NA,1,NA
2015,22,1625*A,Phacelia hastata,155,30,-10,-10,5,2,1,0,0,5,0,1,0
2016,22,1625*A,Phacelia hastata,155,30,-10,-10,5,2,0,0,0,5,0,1,0
2017,22,1625*A,Phacelia hastata,155,30,-10,-10,0,0,0,0,1,5,-5,0,0
2015,25,1626*A,Lupinus argenteus,80,86,-10,-10,2.5,2,0,0,0,NA,NA,1,1
2016,25,1626*A,Lupinus argenteus,80,86,-10,-10,0,0,0,0,1,2.5,-2.5,0,0
2015,25,1627*A,Lupinus argenteus,132,67,-10,-10,7,5,0,0,0,NA,NA,1,1
2016,25,1627*A,Lupinus argenteus,132,67,-10,-10,0,0,0,0,1,7,-7,0,0
2015,25,1628*A,Heterotheca villosa,182,105,-10,-10,1,0.5,0,1,0,NA,NA,1,1
2016,25,1628*A,Heterotheca villosa,182,105,-10,-10,0,0,0,0,1,1,-1,0,0
2015,25,1629*A,Chaenactis douglasii,182,106,-10,-10,1,0.5,0,1,0,NA,NA,1,1
2016,25,1629*A,Chaenactis douglasii,182,106,-10,-10,0,0,0,0,1,1,-1,0,0
2014,14,163*A,Elymus lanceolatus,159,123,5,5,6,23,1,0,0,NA,NA,1,NA
2015,14,163*A,Elymus lanceolatus,159,123,5,5,6.5,20.5,2,0,0,6,0.5,1,0
2016,14,163*A,Elymus lanceolatus,159,123,5,5,10.5,11,0,0,0,6.5,4,1,0
2017,14,163*A,Elymus lanceolatus,159,123,5,5,6,12,0,0,0,10.5,-4.5,1,0
2018,14,163*A,Elymus lanceolatus,159,123,5,5,3.5,15,1,0,0,6,-2.5,1,0
2019,14,163*A,Elymus lanceolatus,159,123,5,5,7,15,0,0,0,3.5,3.5,1,0
2020,14,163*A,Elymus lanceolatus,159,123,5,5,10,14,0,0,0,7,3,1,0
2021,14,163*A,Elymus lanceolatus,159,123,5,5,7.5,11,0,0,0,10,-2.5,1,0
2015,28,1630*A,Ivesia gordonii,130,81,-10,-10,1,0.5,0,1,0,NA,NA,1,1
2016,28,1630*A,Ivesia gordonii,130,81,-10,-10,4,4,0,0,0,1,3,1,0
2017,28,1630*A,Ivesia gordonii,130,81,-10,-10,0,0,0,0,1,4,-4,0,0
2015,28,1631*A,Phacelia hastata,68,94,-10,-10,2,1,0,1,0,NA,NA,1,1
2016,28,1631*A,Phacelia hastata,68,94,-10,-10,8,5,2,0,0,2,6,1,0
2017,28,1631*A,Phacelia hastata,68,94,-10,-10,0,0,0,0,1,8,-8,0,0
2015,28,1632*A,Heterotheca villosa,155,116,-10,-10,1.5,0.5,0,1,0,NA,NA,1,1
2016,28,1632*A,Heterotheca villosa,155,116,-10,-10,2,2.5,0,0,0,1.5,0.5,1,0
2017,28,1632*A,Heterotheca villosa,155,116,-10,-10,0,0,0,0,1,2,-2,0,0
2015,28,1633*A,Phacelia hastata,170,136,-10,-10,1,0.5,0,1,0,NA,NA,1,1
2016,28,1633*A,Phacelia hastata,170,136,-10,-10,2.5,1,0,0,0,1,1.5,1,0
2017,28,1633*A,Phacelia hastata,170,136,-10,-10,0,0,0,0,1,2.5,-2.5,0,0
2015,29,1634*A,Phacelia hastata,39,190,-10,-10,0.6,0.5,0,1,0,NA,NA,1,1
2016,29,1634*A,Phacelia hastata,39,190,-10,-10,0,0,0,0,1,0.6,-0.6,0,0
2015,29,1635*A,Lupinus argenteus,65,165,-10,-10,1,0.5,0,0,0,NA,NA,1,1
2016,29,1635*A,Lupinus argenteus,65,165,-10,-10,5,3,0,0,0,1,4,1,0
2017,29,1635*A,Lupinus argenteus,65,165,-10,-10,0,0,0,0,1,5,-5,0,0
2015,31,1636*A,Senecio crassulus,135,30,-10,-10,1,6,0,1,0,NA,NA,1,1
2016,31,1636*A,Senecio crassulus,135,30,-10,-10,0,0,0,0,1,1,-1,0,0
2015,31,1637*A,Eriogonum umbellatum,55,181,-10,-10,0.5,0.5,0,1,0,NA,NA,1,1
2016,31,1637*A,Eriogonum umbellatum,55,181,-10,-10,1.5,1.5,0,0,0,0.5,1,1,0
2017,31,1637*A,Eriogonum umbellatum,55,181,-10,-10,0,0,0,0,1,1.5,-1.5,0,0
2015,31,1638*A,Eriogonum umbellatum,54.5,181.5,-10,-10,0.5,0.5,0,1,0,NA,NA,1,1
2016,31,1638*A,Eriogonum umbellatum,54.5,181.5,-10,-10,1.5,1.5,0,0,0,0.5,1,1,0
2017,31,1638*A,Eriogonum umbellatum,54.5,181.5,-10,-10,0,0,0,0,1,1.5,-1.5,0,0
2015,31,1639*A,Eriogonum umbellatum,54,182,-10,-10,0.5,0.5,0,1,0,NA,NA,1,1
2016,31,1639*A,Eriogonum umbellatum,54,182,-10,-10,1.5,1.5,0,0,0,0.5,1,1,0
2017,31,1639*A,Eriogonum umbellatum,54,182,-10,-10,0,0,0,0,1,1.5,-1.5,0,0
2014,14,164*A,Elymus lanceolatus,166,120,-10,-10,9,13,0,0,0,NA,NA,1,NA
2015,14,164*A,Elymus lanceolatus,166,120,-10,-10,11.5,12.5,0,0,0,9,2.5,1,0
2016,14,164*A,Elymus lanceolatus,166,120,-10,-10,7,11.5,0,0,0,11.5,-4.5,1,0
2017,14,164*A,Elymus lanceolatus,166,120,-10,-10,17,13,0,0,0,7,10,1,0
2018,14,164*A,Elymus lanceolatus,166,120,-10,-10,9.5,19.5,1,0,0,17,-7.5,1,0
2019,14,164*A,Elymus lanceolatus,166,120,-10,-10,11,20.5,2,0,0,9.5,1.5,1,0
2020,14,164*A,Elymus lanceolatus,166,120,-10,-10,14.5,12,0,0,0,11,3.5,1,0
2021,14,164*A,Elymus lanceolatus,166,120,-10,-10,18,18,2,0,0,14.5,3.5,1,0
2015,32,1640*A,Lupinus argenteus,108,36,-5,-5,1,1.5,0,1,0,NA,NA,1,1
2016,32,1640*A,Lupinus argenteus,108,36,-5,-5,5,4,0,0,0,1,4,1,0
2017,32,1640*A,Lupinus argenteus,108,36,-5,-5,5.5,3,0,0,0,5,0.5,1,0
2018,32,1640*A,Lupinus argenteus,108,36,-5,-5,1.5,1,0,0,0,5.5,-4,1,0
2019,32,1640*A,Lupinus argenteus,108,36,-5,-5,0,0,0,0,1,1.5,-1.5,0,0
2015,33,1641*A,Ivesia gordonii,132,27,-10,-10,0.8,1,0,1,0,NA,NA,1,1
2016,33,1641*A,Ivesia gordonii,132,27,-10,-10,4,3,0,0,0,0.8,3.2,1,0
2017,33,1641*A,Ivesia gordonii,132,27,-10,-10,10,3,0,0,0,4,6,1,0
2018,33,1641*A,Ivesia gordonii,132,27,-10,-10,11,4,0,0,0,10,1,1,0
2019,33,1641*A,Ivesia gordonii,132,27,-10,-10,14,7.5,4,0,0,11,3,1,0
2020,33,1641*A,Ivesia gordonii,132,27,-10,-10,14,7,5,0,0,14,0,1,0
2021,33,1641*A,Ivesia gordonii,132,27,-10,-10,17,5,1,0,0,14,3,1,0
2015,33,1642*A,Lupinus argenteus,29,164,-10,-10,2,2,0,1,0,NA,NA,1,1
2016,33,1642*A,Lupinus argenteus,29,164,-10,-10,1.5,1.5,0,0,0,2,-0.5,1,0
2017,33,1642*A,Lupinus argenteus,29,164,-10,-10,0,0,0,0,1,1.5,-1.5,0,0
2015,33,1643*A,Lupinus argenteus,27,190,-10,-10,2.5,3,0,1,0,NA,NA,1,1
2016,33,1643*A,Lupinus argenteus,27,190,-10,-10,0,0,0,0,1,2.5,-2.5,0,0
2015,33,1644*A,Lupinus argenteus,23,196,-10,-10,3,3,0,1,0,NA,NA,1,1
2016,33,1644*A,Lupinus argenteus,23,196,-10,-10,5.5,5,0,0,0,3,2.5,1,0
2017,33,1644*A,Lupinus argenteus,23,196,-10,-10,9,4,0,0,0,5.5,3.5,1,0
2018,33,1644*A,Lupinus argenteus,23,196,-10,-10,0,0,0,0,1,9,-9,0,0
2015,33,1645*A,Phacelia hastata,20,200,-10,-10,1,1.5,0,1,0,NA,NA,1,1
2016,33,1645*A,Phacelia hastata,20,200,-10,-10,3.5,2,0,0,0,1,2.5,1,0
2017,33,1645*A,Phacelia hastata,20,200,-10,-10,9,4,1,0,0,3.5,5.5,1,0
2018,33,1645*A,Phacelia hastata,20,200,-10,-10,8,4.5,0,0,0,9,-1,1,0
2019,33,1645*A,Phacelia hastata,20,200,-10,-10,10.5,5,4,0,0,8,2.5,1,0
2020,33,1645*A,Phacelia hastata,20,200,-10,-10,12.5,4,3,0,0,10.5,2,1,0
2021,33,1645*A,Phacelia hastata,20,200,-10,-10,10.5,5,0,0,0,12.5,-2,1,0
2015,33,1646*A,Heterotheca villosa,70,144,-10,-10,1,0.2,0,1,0,NA,NA,1,1
2016,33,1646*A,Heterotheca villosa,70,144,-10,-10,0,0,0,0,1,1,-1,0,0
2015,33,1647*A,Lupinus argenteus,78,148,-10,-10,1,2,0,1,0,NA,NA,1,1
2016,33,1647*A,Lupinus argenteus,78,148,-10,-10,1.5,1.5,0,0,0,1,0.5,1,0
2017,33,1647*A,Lupinus argenteus,78,148,-10,-10,2,3,0,0,0,1.5,0.5,1,0
2018,33,1647*A,Lupinus argenteus,78,148,-10,-10,0,0,0,0,1,2,-2,0,0
2015,33,1648*A,Heterotheca villosa,170,101,-10,-10,1,0.2,0,1,0,NA,NA,1,1
2016,33,1648*A,Heterotheca villosa,170,101,-10,-10,1.5,1,0,0,0,1,0.5,1,0
2017,33,1648*A,Heterotheca villosa,170,101,-10,-10,0,0,0,0,0,1.5,-1.5,1,0
2018,33,1648*A,Heterotheca villosa,170,101,-10,-10,1.5,1,0,0,0,0,1.5,1,0
2019,33,1648*A,Heterotheca villosa,170,101,-10,-10,6.5,6,0,0,0,1.5,5,1,0
2020,33,1648*A,Heterotheca villosa,170,101,-10,-10,7,4,0,0,0,6.5,0.5,1,0
2021,33,1648*A,Heterotheca villosa,170,101,-10,-10,13.5,5,3,0,0,7,6.5,1,0
2015,34,1649*A,Elymus lanceolatus,120,51,0,0,15,13,0,0,0,NA,NA,1,1
2016,34,1649*A,Elymus lanceolatus,120,51,0,0,13,22,3,0,0,15,-2,1,0
2017,34,1649*A,Elymus lanceolatus,120,51,0,0,0,0,0,0,1,13,-13,0,0
2014,15,165*A,Ivesia gordonii,64,57,-10,-10,13,5,0,0,0,NA,NA,1,NA
2015,15,165*A,Ivesia gordonii,64,57,-10,-10,15.5,4,15,0,0,13,2.5,1,0
2016,15,165*A,Ivesia gordonii,64,57,-10,-10,17,7,7,0,0,15.5,1.5,1,0
2017,15,165*A,Ivesia gordonii,64,57,-10,-10,14,8,20,0,0,17,-3,1,0
2018,15,165*A,Ivesia gordonii,64,57,-10,-10,12.5,3.5,0,0,0,14,-1.5,1,0
2019,15,165*A,Ivesia gordonii,64,57,-10,-10,0,0,0,0,1,12.5,-12.5,0,0
2014,36,1650*A,Eriogonum umbellatum,165,28,0,10,3.5,2,4,0,0,NA,NA,1,NA
2015,36,1650*A,Eriogonum umbellatum,165,28,0,10,3.5,2,4,0,0,3.5,0,1,0
2016,36,1650*A,Eriogonum umbellatum,165,28,0,10,3,3,0,0,0,3.5,-0.5,1,0
2017,36,1650*A,Eriogonum umbellatum,165,28,0,10,0,0,0,0,1,3,-3,0,0
2015,36,1651*A,Lupinus argenteus,104,158,-10,-10,2,3.5,0,1,0,NA,NA,1,1
2016,36,1651*A,Lupinus argenteus,104,158,-10,-10,2,4,0,0,0,2,0,1,0
2017,36,1651*A,Lupinus argenteus,104,158,-10,-10,5,6,0,0,0,2,3,1,0
2018,36,1651*A,Lupinus argenteus,104,158,-10,-10,0,0,0,0,1,5,-5,0,0
2015,37,1652*A,Lupinus argenteus,176,9,-10,-10,3.5,3,0,0,0,NA,NA,1,1
2016,37,1652*A,Lupinus argenteus,176,9,-10,-10,14,10,0,0,0,3.5,10.5,1,0
2017,37,1652*A,Lupinus argenteus,176,9,-10,-10,13,8,0,0,0,14,-1,1,0
2018,37,1652*A,Lupinus argenteus,176,9,-10,-10,0,0,0,0,1,13,-13,0,0
2015,37,1653*A,Lupinus argenteus,180,11,-10,-10,0.5,2,0,0,0,NA,NA,1,1
2016,37,1653*A,Lupinus argenteus,180,11,-10,-10,0,0,0,0,1,0.5,-0.5,0,0
2015,37,1654*A,Lupinus argenteus,184,9,-10,-10,2.5,2,0,0,0,NA,NA,1,1
2016,37,1654*A,Lupinus argenteus,184,9,-10,-10,0,0,0,0,1,2.5,-2.5,0,0
2015,37,1655*A,Lupinus argenteus,8,73,-10,-10,2.5,2.5,0,1,0,NA,NA,1,1
2016,37,1655*A,Lupinus argenteus,8,73,-10,-10,1.5,1,0,0,0,2.5,-1,1,0
2017,37,1655*A,Lupinus argenteus,8,73,-10,-10,0,0,0,0,1,1.5,-1.5,0,0
2015,37,1656*A,Lupinus argenteus,198,120,-10,-10,7,4,0,0,0,NA,NA,1,1
2016,37,1656*A,Lupinus argenteus,198,120,-10,-10,0,0,0,0,1,7,-7,0,0
2015,37,1657*A,Senecio crassulus,84,94,-10,-10,0.5,0.5,0,1,0,NA,NA,1,1
2016,37,1657*A,Senecio crassulus,84,94,-10,-10,0,0,0,0,1,0.5,-0.5,0,0
2015,37,1658*A,Heterotheca villosa,83,96,-10,-10,0.5,0.5,0,1,0,NA,NA,1,1
2016,37,1658*A,Heterotheca villosa,83,96,-10,-10,0.5,1,0,0,0,0.5,0,1,0
2017,37,1658*A,Heterotheca villosa,83,96,-10,-10,0,0,0,0,1,0.5,-0.5,0,0
2015,37,1659*A,Heterotheca villosa,78,91,-10,-10,0.5,0.5,0,1,0,NA,NA,1,1
2016,37,1659*A,Heterotheca villosa,78,91,-10,-10,0.3,0.3,0,0,0,0.5,-0.2,1,0
2017,37,1659*A,Heterotheca villosa,78,91,-10,-10,2,1,0,0,0,0.3,1.7,1,0
2018,37,1659*A,Heterotheca villosa,78,91,-10,-10,1.1,0.7,0,0,0,2,-0.9,1,0
2019,37,1659*A,Heterotheca villosa,78,91,-10,-10,2.5,3,0,0,0,1.1,1.4,1,0
2020,37,1659*A,Heterotheca villosa,78,91,-10,-10,4,4,0,0,0,2.5,1.5,1,0
2021,37,1659*A,Heterotheca villosa,78,91,-10,-10,9,3,0,0,0,4,5,1,0
2014,15,166*A,Lupinus argenteus,70,50,-10,-10,1,1,0,1,0,NA,NA,1,1
2015,15,166*A,Lupinus argenteus,70,50,-10,-10,0,0,0,0,1,1,-1,0,0
2015,37,1660*A,Ivesia gordonii,84,88,-10,-10,0.5,1,0,1,0,NA,NA,1,1
2016,37,1660*A,Ivesia gordonii,84,88,-10,-10,0,0,0,0,1,0.5,-0.5,0,0
2015,37,1661*A,Ivesia gordonii,81,79,-10,-10,0.5,0.5,0,1,0,NA,NA,1,1
2016,37,1661*A,Ivesia gordonii,81,79,-10,-10,0,0,0,0,1,0.5,-0.5,0,0
2015,37,1662*A,Ivesia gordonii,72,99,-10,-10,0.5,0.5,0,1,0,NA,NA,1,1
2016,37,1662*A,Ivesia gordonii,72,99,-10,-10,1.5,1.5,0,0,0,0.5,1,1,0
2017,37,1662*A,Ivesia gordonii,72,99,-10,-10,2,2.5,0,0,0,1.5,0.5,1,0
2018,37,1662*A,Ivesia gordonii,72,99,-10,-10,0,0,0,0,1,2,-2,0,0
2015,37,1663*A,Heterotheca villosa,118,172,0,10,0.2,0.1,0,1,0,NA,NA,1,1
2016,37,1663*A,Heterotheca villosa,118,172,0,10,1,1,0,0,0,0.2,0.8,1,0
2017,37,1663*A,Heterotheca villosa,118,172,0,10,2.5,1,0,0,0,1,1.5,1,0
2018,37,1663*A,Heterotheca villosa,118,172,0,10,4.5,2,0,0,0,2.5,2,1,0
2019,37,1663*A,Heterotheca villosa,118,172,0,10,10,4.5,0,0,0,4.5,5.5,1,0
2020,37,1663*A,Heterotheca villosa,118,172,0,10,10.5,4,0,0,0,10,0.5,1,0
2021,37,1663*A,Heterotheca villosa,118,172,0,10,0,0,0,0,0,10.5,-10.5,1,0
2015,37,1664*A,Heterotheca villosa,116,156,-10,-10,0.5,0.1,0,1,0,NA,NA,1,1
2016,37,1664*A,Heterotheca villosa,116,156,-10,-10,1,1,0,0,0,0.5,0.5,1,0
2017,37,1664*A,Heterotheca villosa,116,156,-10,-10,2.5,2,0,0,0,1,1.5,1,0
2018,37,1664*A,Heterotheca villosa,116,156,-10,-10,2,1,0,0,0,2.5,-0.5,1,0
2019,37,1664*A,Heterotheca villosa,116,156,-10,-10,4.5,4,0,0,0,2,2.5,1,0
2020,37,1664*A,Heterotheca villosa,116,156,-10,-10,7.5,3,0,0,0,4.5,3,1,0
2021,37,1664*A,Heterotheca villosa,116,156,-10,-10,0,0,0,0,0,7.5,-7.5,1,0
2015,37,1665*A,Ivesia gordonii,121,156,-5,-5,0.5,0.5,0,1,0,NA,NA,1,1
2016,37,1665*A,Ivesia gordonii,121,156,-5,-5,0.5,1,0,0,0,0.5,0,1,0
2017,37,1665*A,Ivesia gordonii,121,156,-5,-5,2.5,2,0,0,0,0.5,2,1,0
2018,37,1665*A,Ivesia gordonii,121,156,-5,-5,3,2,0,0,0,2.5,0.5,1,0
2019,37,1665*A,Ivesia gordonii,121,156,-5,-5,0,0,0,0,1,3,-3,0,0
2015,41,1666*A,Lupinus argenteus,0,70,-10,-10,1.5,1.5,0,1,0,NA,NA,1,1
2016,41,1666*A,Lupinus argenteus,0,70,-10,-10,0,0,0,0,1,1.5,-1.5,0,0
2015,41,1667*A,Arenaria congesta,1,71,-10,-10,0.5,0.3,0,1,0,NA,NA,1,1
2016,41,1667*A,Arenaria congesta,1,71,-10,-10,0,0,0,0,1,0.5,-0.5,0,0
2015,41,1668*A,Lupinus argenteus,3,101,-10,-10,2.5,1.5,0,1,0,NA,NA,1,1
2016,41,1668*A,Lupinus argenteus,3,101,-10,-10,0,0,0,0,1,2.5,-2.5,0,0
2015,41,1669*A,Ivesia gordonii,83,68,-10,-10,0.5,0.5,0,1,0,NA,NA,1,1
2016,41,1669*A,Ivesia gordonii,83,68,-10,-10,0,0,0,0,1,0.5,-0.5,0,0
2014,15,167*A,Eriogonum umbellatum,54,83,-10,-10,8,2,2,0,0,NA,NA,1,NA
2015,15,167*A,Eriogonum umbellatum,54,83,-10,-10,11,2,1,0,0,8,3,1,0
2016,15,167*A,Eriogonum umbellatum,54,83,-10,-10,13,2,17,0,0,11,2,1,0
2017,15,167*A,Eriogonum umbellatum,54,83,-10,-10,14.5,2.5,9,0,0,13,1.5,1,0
2018,15,167*A,Eriogonum umbellatum,54,83,-10,-10,16.5,2,13,0,0,14.5,2,1,0
2019,15,167*A,Eriogonum umbellatum,54,83,-10,-10,18,3,8,0,0,16.5,1.5,1,0
2020,15,167*A,Eriogonum umbellatum,54,83,-10,-10,17,2,9,0,0,18,-1,1,0
2021,15,167*A,Eriogonum umbellatum,54,83,-10,-10,19.5,2.5,17,0,0,17,2.5,1,0
2015,41,1670*A,Arenaria congesta,5,114,-10,-10,0.5,0.5,0,1,0,NA,NA,1,1
2016,41,1670*A,Arenaria congesta,5,114,-10,-10,0,0,0,0,1,0.5,-0.5,0,0
2015,41,1671*A,Senecio crassulus,144,182,-10,-10,1,1,0,1,0,NA,NA,1,1
2016,41,1671*A,Senecio crassulus,144,182,-10,-10,1,2,0,0,0,1,0,1,0
2017,41,1671*A,Senecio crassulus,144,182,-10,-10,2.5,1.5,0,0,0,1,1.5,1,0
2018,41,1671*A,Senecio crassulus,144,182,-10,-10,0,0,0,0,1,2.5,-2.5,0,0
2015,41,1672*A,Phacelia hastata,184,177,-10,-10,1,0.3,0,1,0,NA,NA,1,1
2016,41,1672*A,Phacelia hastata,184,177,-10,-10,1.5,1,0,0,0,1,0.5,1,0
2017,41,1672*A,Phacelia hastata,184,177,-10,-10,1.5,1.5,0,0,0,1.5,0,1,0
2018,41,1672*A,Phacelia hastata,184,177,-10,-10,0.9,0.4,0,0,0,1.5,-0.6,1,0
2019,41,1672*A,Phacelia hastata,184,177,-10,-10,0,0,0,0,1,0.9,-0.9,0,0
2015,41,1673*A,Phacelia hastata,105,199,-10,-10,0.8,0.3,0,1,0,NA,NA,1,1
2016,41,1673*A,Phacelia hastata,105,199,-10,-10,0,0,0,0,1,0.8,-0.8,0,0
2015,41,1674*A,Phacelia hastata,95,199,-10,-10,0.9,0.4,0,1,0,NA,NA,1,1
2016,41,1674*A,Phacelia hastata,95,199,-10,-10,4,2.5,1,0,0,0.9,3.1,1,0
2017,41,1674*A,Phacelia hastata,95,199,-10,-10,0,0,0,0,1,4,-4,0,0
2015,42,1675*A,Lupinus argenteus,0,40,-10,-10,2.5,2,0,1,0,NA,NA,1,1
2016,42,1675*A,Lupinus argenteus,0,40,-10,-10,0.2,0.5,0,0,0,2.5,-2.3,1,0
2017,42,1675*A,Lupinus argenteus,0,40,-10,-10,0,0,0,0,1,0.2,-0.2,0,0
2015,42,1676*A,Lupinus argenteus,1,142,-10,-10,5.5,3,0,0,0,NA,NA,1,1
2016,42,1676*A,Lupinus argenteus,1,142,-10,-10,13,7,0,0,0,5.5,7.5,1,0
2017,42,1676*A,Lupinus argenteus,1,142,-10,-10,2.5,2,0,0,0,13,-10.5,1,0
2018,42,1676*A,Lupinus argenteus,1,142,-10,-10,0,0,0,0,1,2.5,-2.5,0,0
2015,42,1677*A,Senecio crassulus,14,198,-10,-10,0.6,2.5,0,1,0,NA,NA,1,1
2016,42,1677*A,Senecio crassulus,14,198,-10,-10,2.5,4,0,0,0,0.6,1.9,1,0
2017,42,1677*A,Senecio crassulus,14,198,-10,-10,7,9,0,0,0,2.5,4.5,1,0
2018,42,1677*A,Senecio crassulus,14,198,-10,-10,0,0,0,0,1,7,-7,0,0
2015,49,1678*A,Lupinus argenteus,32,85,-10,-10,8,4,0,0,0,NA,NA,1,1
2016,49,1678*A,Lupinus argenteus,32,85,-10,-10,0,0,0,0,1,8,-8,0,0
2015,49,1679*A,Eriogonum umbellatum,32,90,-10,-10,1,1,0,1,0,NA,NA,1,1
2016,49,1679*A,Eriogonum umbellatum,32,90,-10,-10,0,0,0,0,1,1,-1,0,0
2014,50,1680*A,Eriogonum umbellatum,5,4,-10,-10,2,1,0,0,0,NA,NA,1,NA
2015,50,1680*A,Eriogonum umbellatum,5,4,-10,-10,2,1,0,0,0,2,0,1,0
2016,50,1680*A,Eriogonum umbellatum,5,4,-10,-10,1.5,2,0,0,0,2,-0.5,1,0
2017,50,1680*A,Eriogonum umbellatum,5,4,-10,-10,2.5,2,0,0,0,1.5,1,1,0
2018,50,1680*A,Eriogonum umbellatum,5,4,-10,-10,0,0,0,0,1,2.5,-2.5,0,0
2015,46,1681*A,Senecio crassulus,43,25,-10,-10,1,2,0,1,0,NA,NA,1,1
2016,46,1681*A,Senecio crassulus,43,25,-10,-10,0,0,0,0,1,1,-1,0,0
2015,46,1682*A,Heterotheca villosa,43,24,-10,-10,1,1,0,1,0,NA,NA,1,1
2016,46,1682*A,Heterotheca villosa,43,24,-10,-10,0.5,1,0,0,0,1,-0.5,1,0
2017,46,1682*A,Heterotheca villosa,43,24,-10,-10,0,0,0,0,1,0.5,-0.5,0,0
2015,46,1683*A,Heterotheca villosa,50,26,-10,-10,1.5,1,0,1,0,NA,NA,1,1
2016,46,1683*A,Heterotheca villosa,50,26,-10,-10,0,0,0,0,1,1.5,-1.5,0,0
2015,46,1684*A,Ivesia gordonii,52,28,-10,-10,1,0.8,0,1,0,NA,NA,1,1
2016,46,1684*A,Ivesia gordonii,52,28,-10,-10,2,2,0,0,0,1,1,1,0
2017,46,1684*A,Ivesia gordonii,52,28,-10,-10,2.5,2.5,0,0,0,2,0.5,1,0
2018,46,1684*A,Ivesia gordonii,52,28,-10,-10,3,5,0,0,0,2.5,0.5,1,0
2019,46,1684*A,Ivesia gordonii,52,28,-10,-10,7.5,6.5,0,0,0,3,4.5,1,0
2020,46,1684*A,Ivesia gordonii,52,28,-10,-10,10,6,3,0,0,7.5,2.5,1,0
2021,46,1684*A,Ivesia gordonii,52,28,-10,-10,16,4.5,1,0,0,10,6,1,0
2015,46,1685*A,Senecio crassulus,50,19,-5,-5,1.5,2.5,0,1,0,NA,NA,1,1
2016,46,1685*A,Senecio crassulus,50,19,-5,-5,3,7,0,0,0,1.5,1.5,1,0
2017,46,1685*A,Senecio crassulus,50,19,-5,-5,9,9,0,0,0,3,6,1,0
2018,46,1685*A,Senecio crassulus,50,19,-5,-5,7,6,0,0,0,9,-2,1,0
2019,46,1685*A,Senecio crassulus,50,19,-5,-5,4.5,8,0,0,0,7,-2.5,1,0
2020,46,1685*A,Senecio crassulus,50,19,-5,-5,9,11.5,0,0,0,4.5,4.5,1,0
2021,46,1685*A,Senecio crassulus,50,19,-5,-5,0,0,0,0,0,9,-9,1,0
2015,46,1686*A,Senecio crassulus,31,68,-10,-10,0.8,1.2,0,1,0,NA,NA,1,1
2016,46,1686*A,Senecio crassulus,31,68,-10,-10,2,2,0,0,0,0.8,1.2,1,0
2017,46,1686*A,Senecio crassulus,31,68,-10,-10,5,3.5,0,0,0,2,3,1,0
2018,46,1686*A,Senecio crassulus,31,68,-10,-10,6.5,3,0,0,0,5,1.5,1,0
2019,46,1686*A,Senecio crassulus,31,68,-10,-10,8.5,7,0,0,0,6.5,2,1,0
2020,46,1686*A,Senecio crassulus,31,68,-10,-10,15.5,7.5,0,0,0,8.5,7,1,0
2021,46,1686*A,Senecio crassulus,31,68,-10,-10,21,16,9,0,0,15.5,5.5,1,0
2015,46,1687*A,Heterotheca villosa,31,67,-10,-10,0.7,0.2,0,1,0,NA,NA,1,1
2016,46,1687*A,Heterotheca villosa,31,67,-10,-10,0.6,1,0,0,0,0.7,-0.1,1,0
2017,46,1687*A,Heterotheca villosa,31,67,-10,-10,0,0,0,0,1,0.6,-0.6,0,0
2015,46,1688*A,Senecio crassulus,30,113,-10,-10,0.8,1,0,1,0,NA,NA,1,1
2016,46,1688*A,Senecio crassulus,30,113,-10,-10,1,2,0,0,0,0.8,0.2,1,0
2017,46,1688*A,Senecio crassulus,30,113,-10,-10,0,0,0,0,1,1,-1,0,0
2015,46,1689*A,Carex siccata,34,132,-10,-10,11,9,0,0,0,NA,NA,1,1
2016,46,1689*A,Carex siccata,34,132,-10,-10,15,12,0,0,0,11,4,1,0
2017,46,1689*A,Carex siccata,34,132,-10,-10,12,8,0,0,0,15,-3,1,0
2018,46,1689*A,Carex siccata,34,132,-10,-10,13.5,16.5,0,0,0,12,1.5,1,0
2019,46,1689*A,Carex siccata,34,132,-10,-10,13.5,13,0,0,0,13.5,0,1,0
2020,46,1689*A,Carex siccata,34,132,-10,-10,7.5,10,0,0,0,13.5,-6,1,0
2021,46,1689*A,Carex siccata,34,132,-10,-10,0,0,0,0,0,7.5,-7.5,1,0
2014,15,169*A,Lupinus argenteus,55,105,-10,-10,15,9,0,0,0,NA,NA,1,NA
2015,15,169*A,Lupinus argenteus,55,105,-10,-10,3.5,1.5,0,0,0,15,-11.5,1,0
2016,15,169*A,Lupinus argenteus,55,105,-10,-10,11,5.5,0,0,0,3.5,7.5,1,0
2017,15,169*A,Lupinus argenteus,55,105,-10,-10,7,6,0,0,0,11,-4,1,0
2018,15,169*A,Lupinus argenteus,55,105,-10,-10,0,0,0,0,1,7,-7,0,0
2015,46,1690*A,Carex siccata,36,127,0,10,12,15,0,0,0,NA,NA,1,1
2016,46,1690*A,Carex siccata,36,127,0,10,0,0,0,0,1,12,-12,0,0
2015,46,1691*A,Carex siccata,32,130,0,10,8,11,0,0,0,NA,NA,1,1
2016,46,1691*A,Carex siccata,32,130,0,10,14,16,0,0,0,8,6,1,0
2017,46,1691*A,Carex siccata,32,130,0,10,3,3,0,0,0,14,-11,1,0
2018,46,1691*A,Carex siccata,32,130,0,10,8,10,0,0,0,3,5,1,0
2019,46,1691*A,Carex siccata,32,130,0,10,0.5,1,0,0,0,8,-7.5,1,0
2020,46,1691*A,Carex siccata,32,130,0,10,0,0,0,0,1,0.5,-0.5,0,0
2015,46,1692*A,Heterotheca villosa,28,48,-10,-10,0.8,0.3,0,1,0,NA,NA,1,1
2016,46,1692*A,Heterotheca villosa,28,48,-10,-10,0.2,0.3,0,0,0,0.8,-0.6,1,0
2017,46,1692*A,Heterotheca villosa,28,48,-10,-10,0,0,0,0,1,0.2,-0.2,0,0
2015,46,1693*A,Agoseris glauca,29.08765654,48.81610076,-10,-10,1,1.5,0,1,0,NA,NA,1,1
2015,46,1693*B,Agoseris glauca,28.96897556,48.87580877,-10,-10,1,1.5,0,1,0,NA,NA,1,1
2016,46,1693*A,Agoseris glauca,29.17531309,48.63220151,-10,-10,3,3,0,0,0,1,2,1,0
2016,46,1693*B,Agoseris glauca,28.93795113,48.75161755,-10,-10,3,3,0,0,1,1,2,0,0
2017,46,1693*A,Agoseris glauca,29,49,-10,-10,0,0,0,0,1,3,-3,0,0
2015,46,1694*A,Eriogonum umbellatum,30,50,-10,-10,1,1.5,0,1,0,NA,NA,1,1
2016,46,1694*A,Eriogonum umbellatum,30,50,-10,-10,0,0,0,0,1,1,-1,0,0
2015,46,1695*A,Ivesia gordonii,92,23,-10,-10,1,1,0,1,0,NA,NA,1,1
2016,46,1695*A,Ivesia gordonii,92,23,-10,-10,3,2,0,0,0,1,2,1,0
2017,46,1695*A,Ivesia gordonii,92,23,-10,-10,0,0,0,0,1,3,-3,0,0
2015,46,1696*A,Lupinus argenteus,105,21,-10,-10,4,3,0,1,0,NA,NA,1,1
2016,46,1696*A,Lupinus argenteus,105,21,-10,-10,3,3.5,0,0,0,4,-1,1,0
2017,46,1696*A,Lupinus argenteus,105,21,-10,-10,4,3,0,0,0,3,1,1,0
2018,46,1696*A,Lupinus argenteus,105,21,-10,-10,0,0,0,0,1,4,-4,0,0
2015,46,1697*A,Lupinus argenteus,130,7,-10,-10,4,4,0,1,0,NA,NA,1,1
2016,46,1697*A,Lupinus argenteus,130,7,-10,-10,2,2,0,0,0,4,-2,1,0
2017,46,1697*A,Lupinus argenteus,130,7,-10,-10,0,0,0,0,1,2,-2,0,0
2015,46,1698*A,Arenaria congesta,129,1,-10,-10,1,1,0,1,0,NA,NA,1,1
2016,46,1698*A,Arenaria congesta,129,1,-10,-10,2,2,0,0,0,1,1,1,0
2017,46,1698*A,Arenaria congesta,129,1,-10,-10,0,0,0,0,1,2,-2,0,0
2015,46,1699*A,Chaenactis douglasii,82,36,-10,-10,1.5,1.5,0,1,0,NA,NA,1,1
2016,46,1699*A,Chaenactis douglasii,82,36,-10,-10,2,2,0,0,0,1.5,0.5,1,0
2017,46,1699*A,Chaenactis douglasii,82,36,-10,-10,0,0,0,0,1,2,-2,0,0
2014,2,17*A,Ivesia gordonii,101,171,-5,-5,1,1,0,1,0,NA,NA,1,1
2015,2,17*A,Ivesia gordonii,101,171,-5,-5,1.9,2,0,0,0,1,0.9,1,0
2016,2,17*A,Ivesia gordonii,101,171,-5,-5,5.1,5.6,0,0,0,1.9,3.2,1,0
2017,2,17*A,Ivesia gordonii,101,171,-5,-5,10,6,0,0,0,5.1,4.9,1,0
2018,2,17*A,Ivesia gordonii,101,171,-5,-5,6.5,5,2,0,0,10,-3.5,1,0
2019,2,17*A,Ivesia gordonii,101,171,-5,-5,9,6.5,5,0,0,6.5,2.5,1,0
2020,2,17*A,Ivesia gordonii,101,171,-5,-5,11.5,6,7,0,0,9,2.5,1,0
2021,2,17*A,Ivesia gordonii,101,171,-5,-5,13,5,7,0,0,11.5,1.5,1,0
2014,15,170*A,Lupinus argenteus,55,115,-10,-10,10,6,0,0,0,NA,NA,1,NA
2015,15,170*A,Lupinus argenteus,55,115,-10,-10,16,7.5,0,0,0,10,6,1,0
2016,15,170*A,Lupinus argenteus,55,115,-10,-10,7,4,0,0,0,16,-9,1,0
2017,15,170*A,Lupinus argenteus,55,115,-10,-10,7,3,0,0,0,7,0,1,0
2018,15,170*A,Lupinus argenteus,55,115,-10,-10,0,0,0,0,1,7,-7,0,0
2015,46,1700*A,Heterotheca villosa,155,11,-5,-10,0.6,0.2,0,1,0,NA,NA,1,1
2016,46,1700*A,Heterotheca villosa,155,11,-5,-10,1,1,0,0,0,0.6,0.4,1,0
2017,46,1700*A,Heterotheca villosa,155,11,-5,-10,0,0,0,0,1,1,-1,0,0
2015,46,1701*A,Agoseris glauca,200,4,-10,-10,0.6,0.3,0,1,0,NA,NA,1,1
2016,46,1701*A,Agoseris glauca,200,4,-10,-10,2,6,0,0,0,0.6,1.4,1,0
2017,46,1701*A,Agoseris glauca,200,4,-10,-10,0,0,0,0,1,2,-2,0,0
2014,46,1702*A,Agoseris glauca,198,14,-10,-10,2,4.5,0,0,0,NA,NA,1,NA
2015,46,1702*A,Agoseris glauca,198,14,-10,-10,2,4.5,0,0,0,2,0,1,0
2016,46,1702*A,Agoseris glauca,198,14,-10,-10,4,6,0,0,0,2,2,1,0
2017,46,1702*A,Agoseris glauca,198,14,-10,-10,4,3,0,0,0,4,0,1,0
2018,46,1702*A,Agoseris glauca,198,14,-10,-10,0,0,0,0,1,4,-4,0,0
2014,46,1703*A,Agoseris glauca,192,33,-10,-10,2,6,0,0,0,NA,NA,1,NA
2015,46,1703*A,Agoseris glauca,192,33,-10,-10,2,6,0,0,0,2,0,1,0
2016,46,1703*A,Agoseris glauca,192,33,-10,-10,5,2,1,0,0,2,3,1,0
2017,46,1703*A,Agoseris glauca,192,33,-10,-10,17,10,0,0,0,5,12,1,0
2018,46,1703*A,Agoseris glauca,192,33,-10,-10,8.9,5.5,1,0,0,17,-8.1,1,0
2019,46,1703*A,Agoseris glauca,192,33,-10,-10,5.5,7.5,0,0,0,8.9,-3.4,1,0
2020,46,1703*A,Agoseris glauca,192,33,-10,-10,0,0,0,0,1,5.5,-5.5,0,0
2015,46,1704*A,Senecio crassulus,174,19,-10,-10,1,2,0,1,0,NA,NA,1,1
2016,46,1704*A,Senecio crassulus,174,19,-10,-10,2.5,5,0,0,0,1,1.5,1,0
2017,46,1704*A,Senecio crassulus,174,19,-10,-10,7,8,0,0,0,2.5,4.5,1,0
2018,46,1704*A,Senecio crassulus,174,19,-10,-10,0,0,0,0,1,7,-7,0,0
2015,46,1705*A,Agoseris glauca,152,37,-10,-10,1,3,0,1,0,NA,NA,1,1
2016,46,1705*A,Agoseris glauca,152,37,-10,-10,5,7,1,0,0,1,4,1,0
2017,46,1705*A,Agoseris glauca,152,37,-10,-10,0,0,0,0,1,5,-5,0,0
2015,46,1706*A,Senecio crassulus,101,43,-10,-10,1,2,0,1,0,NA,NA,1,1
2016,46,1706*A,Senecio crassulus,101,43,-10,-10,2.5,4.5,0,0,0,1,1.5,1,0
2017,46,1706*A,Senecio crassulus,101,43,-10,-10,9,11,1,0,0,2.5,6.5,1,0
2018,46,1706*A,Senecio crassulus,101,43,-10,-10,5.5,5,0,0,0,9,-3.5,1,0
2019,46,1706*A,Senecio crassulus,101,43,-10,-10,5,4.5,0,0,0,5.5,-0.5,1,0
2020,46,1706*A,Senecio crassulus,101,43,-10,-10,0,0,0,0,1,5,-5,0,0
2015,46,1707*A,Lupinus argenteus,84,42,-10,-10,2.5,2.5,0,1,0,NA,NA,1,1
2016,46,1707*A,Lupinus argenteus,84,42,-10,-10,1,1,0,0,0,2.5,-1.5,1,0
2017,46,1707*A,Lupinus argenteus,84,42,-10,-10,0,0,0,0,1,1,-1,0,0
2015,46,1708*A,Senecio crassulus,91,53,0,-10,0.8,1.5,0,1,0,NA,NA,1,1
2016,46,1708*A,Senecio crassulus,91,53,0,-10,1.5,3,0,0,0,0.8,0.7,1,0
2017,46,1708*A,Senecio crassulus,91,53,0,-10,3,2.5,0,0,0,1.5,1.5,1,0
2018,46,1708*A,Senecio crassulus,91,53,0,-10,2,2.5,0,0,0,3,-1,1,0
2019,46,1708*A,Senecio crassulus,91,53,0,-10,5,4,0,0,0,2,3,1,0
2020,46,1708*A,Senecio crassulus,91,53,0,-10,0,0,0,0,1,5,-5,0,0
2015,46,1709*A,Heterotheca villosa,78,99,-10,-10,0.6,0.2,0,1,0,NA,NA,1,1
2016,46,1709*A,Heterotheca villosa,78,99,-10,-10,1.5,1.5,0,0,0,0.6,0.9,1,0
2017,46,1709*A,Heterotheca villosa,78,99,-10,-10,0,0,0,0,1,1.5,-1.5,0,0
2014,15,171*A,Lupinus argenteus,65,120,-10,-10,10,5,0,0,0,NA,NA,1,NA
2015,15,171*A,Lupinus argenteus,65,120,-10,-10,15.5,8.5,0,0,0,10,5.5,1,0
2016,15,171*A,Lupinus argenteus,65,120,-10,-10,0,0,0,0,1,15.5,-15.5,0,0
2015,46,1710*A,Senecio crassulus,78,99.5,-10,-10,0.9,2,0,1,0,NA,NA,1,1
2016,46,1710*A,Senecio crassulus,78,99.5,-10,-10,4,6,0,0,0,0.9,3.1,1,0
2017,46,1710*A,Senecio crassulus,78,99.5,-10,-10,0,0,0,0,1,4,-4,0,0
2015,46,1711*A,Agoseris glauca,83,108,-10,-10,1.5,2,0,1,0,NA,NA,1,1
2016,46,1711*A,Agoseris glauca,83,108,-10,-10,6,7,0,0,0,1.5,4.5,1,0
2017,46,1711*A,Agoseris glauca,83,108,-10,-10,0,0,0,0,1,6,-6,0,0
2014,46,1712*A,Eriogonum umbellatum,84,109,-10,-10,2.5,0.5,0,0,0,NA,NA,1,NA
2015,46,1712*A,Eriogonum umbellatum,84,109,-10,-10,2.5,0.5,0,0,0,2.5,0,1,0
2016,46,1712*A,Eriogonum umbellatum,84,109,-10,-10,0.5,0.5,0,0,0,2.5,-2,1,0
2017,46,1712*A,Eriogonum umbellatum,84,109,-10,-10,0,0,0,0,1,0.5,-0.5,0,0
2015,46,1713*A,Senecio crassulus,114.1168754,94.75480101,-10,-10,1,1,0,1,0,NA,NA,1,1
2015,46,1713*B,Senecio crassulus,113.9586341,94.8344117,-10,-10,1,1,0,1,1,NA,NA,0,1
2016,46,1713*A,Senecio crassulus,114,95,-10,-10,0,0,0,0,1,1,-1,0,0
2015,46,1714*A,Arnica latifolia,107,128,-10,-10,2.5,1.5,0,1,0,NA,NA,1,1
2016,46,1714*A,Arnica latifolia,107,128,-10,-10,3,4,0,0,0,2.5,0.5,1,0
2017,46,1714*A,Arnica latifolia,107,128,-10,-10,4,2,0,0,0,3,1,1,0
2018,46,1714*A,Arnica latifolia,107,128,-10,-10,8.5,4,0,0,0,4,4.5,1,0
2019,46,1714*A,Arnica latifolia,107,128,-10,-10,12,7,0,0,0,8.5,3.5,1,0
2020,46,1714*A,Arnica latifolia,107,128,-10,-10,16.5,13,0,0,0,12,4.5,1,0
2021,46,1714*A,Arnica latifolia,107,128,-10,-10,0,0,0,0,0,16.5,-16.5,1,0
2014,46,1715*A,Senecio crassulus,137,115,-10,-10,19,12,0,0,0,NA,NA,1,NA
2015,46,1715*A,Senecio crassulus,137,115,-10,-10,19,12,0,0,0,19,0,1,0
2016,46,1715*A,Senecio crassulus,137,115,-10,-10,23,16,4,0,0,19,4,1,0
2017,46,1715*A,Senecio crassulus,137,115,-10,-10,17,9,0,0,0,23,-6,1,0
2018,46,1715*A,Senecio crassulus,137,115,-10,-10,0,0,0,0,1,17,-17,0,0
2015,46,1716*A,Phacelia hastata,140,102,-10,-10,0.6,0.3,0,1,0,NA,NA,1,1
2016,46,1716*A,Phacelia hastata,140,102,-10,-10,0,0,0,0,1,0.6,-0.6,0,0
2015,46,1717*A,Senecio crassulus,184,129,-10,-10,1,1.5,0,1,0,NA,NA,1,1
2016,46,1717*A,Senecio crassulus,184,129,-10,-10,1.5,1.5,0,0,0,1,0.5,1,0
2017,46,1717*A,Senecio crassulus,184,129,-10,-10,3,3,0,0,0,1.5,1.5,1,0
2018,46,1717*A,Senecio crassulus,184,129,-10,-10,1.2,3.5,0,0,0,3,-1.8,1,0
2019,46,1717*A,Senecio crassulus,184,129,-10,-10,2,5.5,0,0,0,1.2,0.8,1,0
2020,46,1717*A,Senecio crassulus,184,129,-10,-10,7,7,0,0,0,2,5,1,0
2021,46,1717*A,Senecio crassulus,184,129,-10,-10,4.5,7.5,0,0,0,7,-2.5,1,0
2015,46,1718*A,Senecio crassulus,191,138,-10,-10,1,2,0,1,0,NA,NA,1,1
2016,46,1718*A,Senecio crassulus,191,138,-10,-10,2,4,0,0,0,1,1,1,0
2017,46,1718*A,Senecio crassulus,191,138,-10,-10,0,0,0,0,1,2,-2,0,0
2015,46,1719*A,Viola praemorsa,177,141,-5,-5,3.5,4,0,0,0,NA,NA,1,1
2016,46,1719*A,Viola praemorsa,177,141,-5,-5,5,4,0,0,0,3.5,1.5,1,0
2017,46,1719*A,Viola praemorsa,177,141,-5,-5,4.5,4.5,0,0,0,5,-0.5,1,0
2018,46,1719*A,Viola praemorsa,177,141,-5,-5,4,4,0,0,0,4.5,-0.5,1,0
2019,46,1719*A,Viola praemorsa,177,141,-5,-5,8,7,0,0,0,4,4,1,0
2020,46,1719*A,Viola praemorsa,177,141,-5,-5,10,6,0,0,0,8,2,1,0
2021,46,1719*A,Viola praemorsa,177,141,-5,-5,4,4.5,0,0,0,10,-6,1,0
2014,15,172*A,Lupinus argenteus,35,130,-10,-10,21,9,0,0,0,NA,NA,1,NA
2015,15,172*A,Lupinus argenteus,35,130,-10,-10,15,6.5,0,0,0,21,-6,1,0
2016,15,172*A,Lupinus argenteus,35,130,-10,-10,9,6,0,0,0,15,-6,1,0
2017,15,172*A,Lupinus argenteus,35,130,-10,-10,7.2,3.5,0,0,0,9,-1.8,1,0
2018,15,172*A,Lupinus argenteus,35,130,-10,-10,0,0,0,0,1,7.2,-7.2,0,0
2015,46,1720*A,Heterotheca villosa,200,158,-10,-10,1,1,0,1,0,NA,NA,1,1
2016,46,1720*A,Heterotheca villosa,200,158,-10,-10,0,0,0,0,1,1,-1,0,0
2015,46,1721*A,Heterotheca villosa,195,104,-10,-10,0.8,0.3,0,1,0,NA,NA,1,1
2016,46,1721*A,Heterotheca villosa,195,104,-10,-10,0,0,0,0,1,0.8,-0.8,0,0
2014,46,1722*A,Eriogonum umbellatum,163,122,0,-10,2.5,0.8,0,0,0,NA,NA,1,NA
2015,46,1722*A,Eriogonum umbellatum,163,122,0,-10,2.5,0.8,0,0,0,2.5,0,1,0
2016,46,1722*A,Eriogonum umbellatum,163,122,0,-10,1,0.5,0,0,0,2.5,-1.5,1,0
2017,46,1722*A,Eriogonum umbellatum,163,122,0,-10,0,0,0,0,1,1,-1,0,0
2014,46,1723*A,Heterotheca villosa,155,132,-10,-10,1,1.5,0,0,0,NA,NA,1,NA
2015,46,1723*A,Heterotheca villosa,155,132,-10,-10,1,1.5,0,0,0,1,0,1,0
2016,46,1723*A,Heterotheca villosa,155,132,-10,-10,1.5,1.5,0,0,0,1,0.5,1,0
2017,46,1723*A,Heterotheca villosa,155,132,-10,-10,0,0,0,0,1,1.5,-1.5,0,0
2015,46,1724*A,Eriogonum umbellatum,154,128,-10,-10,0.5,1,0,1,0,NA,NA,1,1
2016,46,1724*A,Eriogonum umbellatum,154,128,-10,-10,1,1,0,0,0,0.5,0.5,1,0
2017,46,1724*A,Eriogonum umbellatum,154,128,-10,-10,0,0,0,0,1,1,-1,0,0
2015,46,1725*A,Senecio crassulus,170,137,-10,-10,0.8,1.5,0,1,0,NA,NA,1,1
2016,46,1725*A,Senecio crassulus,170,137,-10,-10,0,0,0,0,0,0.8,-0.8,1,0
2017,46,1725*A,Senecio crassulus,170,137,-10,-10,6,3,0,0,0,0,6,1,0
2018,46,1725*A,Senecio crassulus,170,137,-10,-10,0,0,0,0,1,6,-6,0,0
2015,46,1726*A,Senecio crassulus,158.1460942,131.6935013,-10,-10,1,2,0,1,0,NA,NA,1,1
2015,46,1726*B,Senecio crassulus,157.9482926,131.7930146,-10,-10,1,2,0,1,1,NA,NA,0,1
2016,46,1726*A,Senecio crassulus,158,132,-10,-10,3,2,0,0,0,1,2,1,0
2017,46,1726*A,Senecio crassulus,158,132,-10,-10,2.5,3,0,0,0,3,-0.5,1,0
2018,46,1726*A,Senecio crassulus,158,132,-10,-10,0,0,0,0,0,2.5,-2.5,1,0
2019,46,1726*A,Senecio crassulus,158,132,-10,-10,2,2,0,0,0,0,2,1,0
2020,46,1726*A,Senecio crassulus,158,132,-10,-10,2.5,4,0,0,0,2,0.5,1,0
2021,46,1726*A,Senecio crassulus,158,132,-10,-10,3.7,6,0,0,0,2.5,1.2,1,0
2015,46,1727*A,Senecio crassulus,135.0584377,132.8774005,-10,-10,0.5,0.3,0,1,0,NA,NA,1,1
2015,46,1727*B,Senecio crassulus,134.979317,132.9172058,-10,-10,0.5,0.3,0,1,1,NA,NA,0,1
2016,46,1727*A,Senecio crassulus,135,133,-10,-10,4,3,0,0,0,0.5,3.5,1,0
2017,46,1727*A,Senecio crassulus,135,133,-10,-10,6,5.5,0,0,0,4,2,1,0
2018,46,1727*A,Senecio crassulus,135,133,-10,-10,1.5,3,0,0,0,6,-4.5,1,0
2019,46,1727*A,Senecio crassulus,135,133,-10,-10,0,0,0,0,1,1.5,-1.5,0,0
2015,46,1728*A,Agoseris glauca,178,142,-10,-10,1.5,3,0,1,0,NA,NA,1,1
2016,46,1728*A,Agoseris glauca,178,142,-10,-10,15,7,1,0,0,1.5,13.5,1,0
2017,46,1728*A,Agoseris glauca,178,142,-10,-10,3,6.5,0,0,0,15,-12,1,0
2018,46,1728*A,Agoseris glauca,178,142,-10,-10,0,0,0,0,1,3,-3,0,0
2015,46,1729*A,Viola praemorsa,185.0876565,141.8161008,-10,-10,1,1,0,1,0,NA,NA,1,1
2015,46,1729*B,Viola praemorsa,184.9689756,141.8758088,-10,-10,1,1,0,1,1,NA,NA,0,1
2016,46,1729*A,Viola praemorsa,185,142,-10,-10,0,0,0,0,1,1,-1,0,0
2014,15,173*A,Ivesia gordonii,39,188,-10,-10,11,5,2,0,0,NA,NA,1,NA
2015,15,173*A,Ivesia gordonii,39,188,-10,-10,12,6,5,0,0,11,1,1,0
2016,15,173*A,Ivesia gordonii,39,188,-10,-10,11,6,7,0,0,12,-1,1,0
2017,15,173*A,Ivesia gordonii,39,188,-10,-10,15,7.5,15,0,0,11,4,1,0
2018,15,173*A,Ivesia gordonii,39,188,-10,-10,12.5,8,2,0,0,15,-2.5,1,0
2019,15,173*A,Ivesia gordonii,39,188,-10,-10,18,10.5,13,0,0,12.5,5.5,1,0
2020,15,173*A,Ivesia gordonii,39,188,-10,-10,18.5,7.5,4,0,0,18,0.5,1,0
2021,15,173*A,Ivesia gordonii,39,188,-10,-10,19,7,1,0,0,18.5,0.5,1,0
2015,46,1730*A,Senecio crassulus,188,145,-10,-10,1,1,0,1,0,NA,NA,1,1
2016,46,1730*A,Senecio crassulus,188,145,-10,-10,3,4,0,0,0,1,2,1,0
2017,46,1730*A,Senecio crassulus,188,145,-10,-10,2,3,0,0,0,3,-1,1,0
2018,46,1730*A,Senecio crassulus,188,145,-10,-10,0,0,0,0,1,2,-2,0,0
2015,46,1731*A,Senecio crassulus,189,147,10,0,1,1.5,0,1,0,NA,NA,1,1
2016,46,1731*A,Senecio crassulus,189,147,10,0,1.3,2,0,0,0,1,0.3,1,0
2017,46,1731*A,Senecio crassulus,189,147,10,0,4.5,6,0,0,0,1.3,3.2,1,0
2018,46,1731*A,Senecio crassulus,189,147,10,0,0,0,0,0,1,4.5,-4.5,0,0
2015,46,1733*A,Carex siccata,184,151,-10,-10,4,8,0,0,0,NA,NA,1,1
2016,46,1733*A,Carex siccata,184,151,-10,-10,8,9,0,0,0,4,4,1,0
2017,46,1733*A,Carex siccata,184,151,-10,-10,0,0,0,0,0,8,-8,1,0
2018,46,1733*A,Carex siccata,184,151,-10,-10,4,12,0,0,0,0,4,1,0
2019,46,1733*A,Carex siccata,184,151,-10,-10,0,0,0,0,0,4,-4,1,0
2020,46,1733*A,Carex siccata,184,151,-10,-10,21,18,0,0,0,0,21,1,0
2021,46,1733*A,Carex siccata,184,151,-10,-10,19,21,0,0,0,21,-2,1,0
2015,46,1734*A,Elymus lanceolatus,175,148,-5,0,8,12,0,0,0,NA,NA,1,1
2016,46,1734*A,Elymus lanceolatus,175,148,-5,0,12,11,0,0,0,8,4,1,0
2017,46,1734*A,Elymus lanceolatus,175,148,-5,0,1,4,0,0,0,12,-11,1,0
2018,46,1734*A,Elymus lanceolatus,175,148,-5,0,0,0,0,0,1,1,-1,0,0
2015,46,1735*A,Senecio crassulus,174,147,-5,-5,2.5,3,0,1,0,NA,NA,1,1
2016,46,1735*A,Senecio crassulus,174,147,-5,-5,6.5,5,1,0,0,2.5,4,1,0
2017,46,1735*A,Senecio crassulus,174,147,-5,-5,0,0,0,0,1,6.5,-6.5,0,0
2014,46,1736*A,Agoseris glauca,181,149,-5,-5,6,2,0,0,0,NA,NA,1,NA
2015,46,1736*A,Agoseris glauca,181,149,-5,-5,6,2,0,0,1,6,0,0,0
2015,46,1737*A,Agoseris glauca,171,170,-5,-5,5,3.5,0,0,0,NA,NA,1,1
2016,46,1737*A,Agoseris glauca,171,170,-5,-5,8,4,1,0,0,5,3,1,0
2017,46,1737*A,Agoseris glauca,171,170,-5,-5,12,5.5,0,0,0,8,4,1,0
2018,46,1737*A,Agoseris glauca,171,170,-5,-5,0,0,0,0,1,12,-12,0,0
2015,46,1738*A,Agoseris glauca,172,167,-5,-5,0.5,1,0,1,0,NA,NA,1,1
2016,46,1738*A,Agoseris glauca,172,167,-5,-5,4,4.5,0,0,0,0.5,3.5,1,0
2017,46,1738*A,Agoseris glauca,172,167,-5,-5,0,0,0,0,1,4,-4,0,0
2015,46,1739*A,Senecio crassulus,173,166,-5,-5,0.5,2,0,1,0,NA,NA,1,1
2016,46,1739*A,Senecio crassulus,173,166,-5,-5,0,0,0,0,1,0.5,-0.5,0,0
2014,15,174*A,Lupinus argenteus,55,180,-10,-10,17,7,0,0,0,NA,NA,1,NA
2015,15,174*A,Lupinus argenteus,55,180,-10,-10,10.5,5,0,0,0,17,-6.5,1,0
2016,15,174*A,Lupinus argenteus,55,180,-10,-10,12,5,0,0,0,10.5,1.5,1,0
2017,15,174*A,Lupinus argenteus,55,180,-10,-10,0.9,1,0,0,0,12,-11.1,1,0
2018,15,174*A,Lupinus argenteus,55,180,-10,-10,0,0,0,0,1,0.9,-0.9,0,0
2015,46,1740*A,Carex siccata,175,165,-5,-5,1,5,0,0,0,NA,NA,1,1
2016,46,1740*A,Carex siccata,175,165,-5,-5,13,12,0,0,0,1,12,1,0
2017,46,1740*A,Carex siccata,175,165,-5,-5,0,0,0,0,1,13,-13,0,0
2015,6,1741*A,Ivesia gordonii,130,50,-10,-10,1,1,0,1,0,NA,NA,1,1
2016,6,1741*A,Ivesia gordonii,130,50,-10,-10,0,0,0,0,1,1,-1,0,0
2016,1,1742*A,Ivesia gordonii,3,171,-10,-10,0.5,0.5,0,1,0,NA,NA,1,1
2017,1,1742*A,Ivesia gordonii,3,171,-10,-10,0,0,0,0,0,0.5,-0.5,1,0
2018,1,1742*A,Ivesia gordonii,3,171,-10,-10,13,4,0,0,0,0,13,1,0
2019,1,1742*A,Ivesia gordonii,3,171,-10,-10,11,5,0,0,0,13,-2,1,0
2020,1,1742*A,Ivesia gordonii,3,171,-10,-10,11.5,5.5,3,0,0,11,0.5,1,0
2021,1,1742*A,Ivesia gordonii,3,171,-10,-10,12,3,0,0,0,11.5,0.5,1,0
2016,1,1743*A,Ivesia gordonii,182,36,-5,-5,0.4,0.4,0,1,0,NA,NA,1,1
2017,1,1743*A,Ivesia gordonii,182,36,-5,-5,0,0,0,0,1,0.4,-0.4,0,0
2016,1,1744*A,Ivesia gordonii,194,32,5,0,1.3,1.3,0,1,0,NA,NA,1,1
2017,1,1744*A,Ivesia gordonii,194,32,5,0,3.5,2.5,0,0,0,1.3,2.2,1,0
2018,1,1744*A,Ivesia gordonii,194,32,5,0,9,4,2,0,0,3.5,5.5,1,0
2019,1,1744*A,Ivesia gordonii,194,32,5,0,11.5,7,6,0,0,9,2.5,1,0
2020,1,1744*A,Ivesia gordonii,194,32,5,0,12.5,7.5,4,0,0,11.5,1,1,0
2021,1,1744*A,Ivesia gordonii,194,32,5,0,15,4,3,0,0,12.5,2.5,1,0
2016,1,1745*A,Senecio crassulus,198,90,-10,0,1.8,2.3,0,1,0,NA,NA,1,1
2017,1,1745*A,Senecio crassulus,198,90,-10,0,0,0,0,0,1,1.8,-1.8,0,0
2016,1,1746*A,Senecio crassulus,198,146,-5,5,2.2,2.4,0,1,0,NA,NA,1,1
2017,1,1746*A,Senecio crassulus,198,146,-5,5,0,0,0,0,1,2.2,-2.2,0,0
2016,1,1747*A,Senecio crassulus,198,144,10,0,1.4,1.9,0,1,0,NA,NA,1,1
2017,1,1747*A,Senecio crassulus,198,144,10,0,0,0,0,0,1,1.4,-1.4,0,0
2016,1,1748*A,Lupinus argenteus,198,167,-5,5,1.3,1.3,0,1,0,NA,NA,1,1
2017,1,1748*A,Lupinus argenteus,198,167,-5,5,0,0,0,0,1,1.3,-1.3,0,0
2016,1,1749*A,Eriogonum umbellatum,198.1402505,169.7057612,-5,5,1.1,1.2,0,1,0,NA,NA,1,1
2016,1,1749*B,Eriogonum umbellatum,197.9503609,169.801294,-5,5,1.1,1.2,0,1,1,NA,NA,0,1
2017,1,1749*A,Eriogonum umbellatum,198,170,-5,5,0,0,0,0,1,1.1,-1.1,0,0
2014,15,175*A,Ivesia gordonii,60,181,-10,-10,12,5,7,0,0,NA,NA,1,NA
2015,15,175*A,Ivesia gordonii,60,181,-10,-10,14,5.5,10,0,0,12,2,1,0
2016,15,175*A,Ivesia gordonii,60,181,-10,-10,22,6,24,0,0,14,8,1,0
2017,15,175*A,Ivesia gordonii,60,181,-10,-10,17,7,26,0,0,22,-5,1,0
2018,15,175*A,Ivesia gordonii,60,181,-10,-10,16.5,5,3,0,0,17,-0.5,1,0
2019,15,175*A,Ivesia gordonii,60,181,-10,-10,14,4,11,0,0,16.5,-2.5,1,0
2020,15,175*A,Ivesia gordonii,60,181,-10,-10,13,4.5,4,0,0,14,-1,1,0
2021,15,175*A,Ivesia gordonii,60,181,-10,-10,17,4,0,0,0,13,4,1,0
2016,5,1750*A,Lupinus argenteus,35,28,-10,-10,12.6,7,0,0,0,NA,NA,1,1
2017,5,1750*A,Lupinus argenteus,35,28,-10,-10,0,0,0,0,1,12.6,-12.6,0,0
2016,5,1751*A,Agoseris glauca,115,39,10,-10,3,4.3,0,1,0,NA,NA,1,1
2017,5,1751*A,Agoseris glauca,115,39,10,-10,9,7,2,0,0,3,6,1,0
2018,5,1751*A,Agoseris glauca,115,39,10,-10,8.5,6.5,2,0,0,9,-0.5,1,0
2019,5,1751*A,Agoseris glauca,115,39,10,-10,9.5,6,3,0,0,8.5,1,1,0
2020,5,1751*A,Agoseris glauca,115,39,10,-10,10,7.5,7,0,0,9.5,0.5,1,0
2021,5,1751*A,Agoseris glauca,115,39,10,-10,0,0,0,0,0,10,-10,1,0
2016,5,1752*A,Lupinus argenteus,85,51,-10,-10,4,3.7,0,0,0,NA,NA,1,1
2017,5,1752*A,Lupinus argenteus,85,51,-10,-10,0,0,0,0,1,4,-4,0,0
2016,5,1753*A,Lupinus argenteus,130,85,-10,-10,4,3.6,0,0,0,NA,NA,1,1
2017,5,1753*A,Lupinus argenteus,130,85,-10,-10,0,0,0,0,1,4,-4,0,0
2016,6,1754*A,Ivesia gordonii,170,2,-10,-10,1,1,0,1,0,NA,NA,1,1
2017,6,1754*A,Ivesia gordonii,170,2,-10,-10,2.5,1,0,0,0,1,1.5,1,0
2018,6,1754*A,Ivesia gordonii,170,2,-10,-10,4,3,0,0,0,2.5,1.5,1,0
2019,6,1754*A,Ivesia gordonii,170,2,-10,-10,7,4.5,1,0,0,4,3,1,0
2020,6,1754*A,Ivesia gordonii,170,2,-10,-10,8,3.5,0,0,0,7,1,1,0
2021,6,1754*A,Ivesia gordonii,170,2,-10,-10,10,4.5,1,0,0,8,2,1,0
2015,6,1755*A,Ivesia gordonii,71,50.5,-10,-10,2.5,2,0,0,0,NA,NA,1,1
2016,6,1755*A,Ivesia gordonii,71,50.5,-10,-10,2.5,2,0,0,0,2.5,0,1,0
2017,6,1755*A,Ivesia gordonii,71,50.5,-10,-10,5,3.5,0,0,0,2.5,2.5,1,0
2018,6,1755*A,Ivesia gordonii,71,50.5,-10,-10,8,4.5,2,0,0,5,3,1,0
2019,6,1755*A,Ivesia gordonii,71,50.5,-10,-10,14,7,2,0,0,8,6,1,0
2020,6,1755*A,Ivesia gordonii,71,50.5,-10,-10,14,7,3,0,0,14,0,1,0
2021,6,1755*A,Ivesia gordonii,71,50.5,-10,-10,15,5,4,0,0,14,1,1,0
2015,6,1756*A,Ivesia gordonii,14,165,-10,-10,2,2,0,0,0,NA,NA,1,1
2016,6,1756*A,Ivesia gordonii,14,165,-10,-10,2,2,0,0,0,2,0,1,0
2017,6,1756*A,Ivesia gordonii,14,165,-10,-10,1.7,1,0,0,0,2,-0.3,1,0
2018,6,1756*A,Ivesia gordonii,14,165,-10,-10,9.5,4,0,0,0,1.7,7.8,1,0
2019,6,1756*A,Ivesia gordonii,14,165,-10,-10,16.5,10.5,1,0,0,9.5,7,1,0
2020,6,1756*A,Ivesia gordonii,14,165,-10,-10,21.5,8.5,6,0,0,16.5,5,1,0
2021,6,1756*A,Ivesia gordonii,14,165,-10,-10,20,6,2,0,0,21.5,-1.5,1,0
2016,6,1757*A,Senecio crassulus,17,134,-10,-10,2,2,0,1,0,NA,NA,1,1
2017,6,1757*A,Senecio crassulus,17,134,-10,-10,6.3,4.5,0,0,0,2,4.3,1,0
2018,6,1757*A,Senecio crassulus,17,134,-10,-10,4.5,6.5,0,0,0,6.3,-1.8,1,0
2019,6,1757*A,Senecio crassulus,17,134,-10,-10,12,12.5,6,0,0,4.5,7.5,1,0
2020,6,1757*A,Senecio crassulus,17,134,-10,-10,5,3.5,0,0,0,12,-7,1,0
2021,6,1757*A,Senecio crassulus,17,134,-10,-10,0,0,0,0,0,5,-5,1,0
2016,8,1758*A,Lupinus argenteus,164,172,-10,-10,1,1.5,0,0,0,NA,NA,1,1
2017,8,1758*A,Lupinus argenteus,164,172,-10,-10,0,0,0,0,1,1,-1,0,0
2016,8,1759*A,Senecio crassulus,156,172,-10,-10,0.5,1,0,1,0,NA,NA,1,1
2017,8,1759*A,Senecio crassulus,156,172,-10,-10,0,0,0,0,1,0.5,-0.5,0,0
2014,15,176*A,Ivesia gordonii,67,173,-10,-10,6,3,0,0,0,NA,NA,1,NA
2015,15,176*A,Ivesia gordonii,67,173,-10,-10,4,2.5,0,0,0,6,-2,1,0
2016,15,176*A,Ivesia gordonii,67,173,-10,-10,6,4,0,0,0,4,2,1,0
2017,15,176*A,Ivesia gordonii,67,173,-10,-10,11,5,1,0,0,6,5,1,0
2018,15,176*A,Ivesia gordonii,67,173,-10,-10,10,3,2,0,0,11,-1,1,0
2019,15,176*A,Ivesia gordonii,67,173,-10,-10,15.5,6,4,0,0,10,5.5,1,0
2020,15,176*A,Ivesia gordonii,67,173,-10,-10,13.5,5.5,1,0,0,15.5,-2,1,0
2021,15,176*A,Ivesia gordonii,67,173,-10,-10,14,5,0,0,0,13.5,0.5,1,0
2016,8,1760*A,Senecio crassulus,168,168,-10,-10,0.3,0.5,0,1,0,NA,NA,1,1
2017,8,1760*A,Senecio crassulus,168,168,-10,-10,0,0,0,0,0,0.3,-0.3,1,0
2018,8,1760*A,Senecio crassulus,168,168,-10,-10,1.5,2.5,0,0,0,0,1.5,1,0
2019,8,1760*A,Senecio crassulus,168,168,-10,-10,0,0,0,0,1,1.5,-1.5,0,0
2015,8,1761*A,Chaenactis douglasii,166,165,0,-10,2.5,2,0,0,0,NA,NA,1,1
2016,8,1761*A,Chaenactis douglasii,166,165,0,-10,2.5,2,0,0,0,2.5,0,1,0
2017,8,1761*A,Chaenactis douglasii,166,165,0,-10,8,5,1,0,0,2.5,5.5,1,0
2018,8,1761*A,Chaenactis douglasii,166,165,0,-10,11,4,4,0,0,8,3,1,0
2019,8,1761*A,Chaenactis douglasii,166,165,0,-10,16,9.5,23,0,0,11,5,1,0
2020,8,1761*A,Chaenactis douglasii,166,165,0,-10,0,0,0,0,1,16,-16,0,0
2015,8,1762*A,Chaenactis douglasii,169,167,0,-10,3.5,2,0,0,0,NA,NA,1,1
2016,8,1762*A,Chaenactis douglasii,169,167,0,-10,3.5,2,0,0,0,3.5,0,1,0
2017,8,1762*A,Chaenactis douglasii,169,167,0,-10,10,6,4,0,0,3.5,6.5,1,0
2018,8,1762*A,Chaenactis douglasii,169,167,0,-10,6,4,4,0,1,10,-4,0,0
2016,8,1763*A,Lupinus argenteus,185,147,-10,-10,14,7,0,0,0,NA,NA,1,1
2017,8,1763*A,Lupinus argenteus,185,147,-10,-10,0,0,0,0,1,14,-14,0,0
2016,8,1764*A,Lupinus argenteus,174,155,-10,-10,25,9,0,0,0,NA,NA,1,1
2017,8,1764*A,Lupinus argenteus,174,155,-10,-10,4.5,3,0,0,0,25,-20.5,1,0
2018,8,1764*A,Lupinus argenteus,174,155,-10,-10,0,0,0,0,1,4.5,-4.5,0,0
2016,8,1765*A,Lupinus argenteus,200,118,-10,-10,14,8,0,0,0,NA,NA,1,1
2017,8,1765*A,Lupinus argenteus,200,118,-10,-10,11.5,8,0,0,0,14,-2.5,1,0
2018,8,1765*A,Lupinus argenteus,200,118,-10,-10,9.5,7,0,0,0,11.5,-2,1,0
2019,8,1765*A,Lupinus argenteus,200,118,-10,-10,0,0,0,0,1,9.5,-9.5,0,0
2016,9,1766*A,Chaenactis douglasii,193,76,-10,-10,0.5,0.5,0,1,0,NA,NA,1,1
2017,9,1766*A,Chaenactis douglasii,193,76,-10,-10,3,2,0,0,0,0.5,2.5,1,0
2018,9,1766*A,Chaenactis douglasii,193,76,-10,-10,4,3.5,0,0,0,3,1,1,0
2019,9,1766*A,Chaenactis douglasii,193,76,-10,-10,8,4.5,3,0,0,4,4,1,0
2020,9,1766*A,Chaenactis douglasii,193,76,-10,-10,6.5,3.5,0,0,0,8,-1.5,1,0
2021,9,1766*A,Chaenactis douglasii,193,76,-10,-10,0,0,0,0,0,6.5,-6.5,1,0
2016,9,1767*A,Ivesia gordonii,200,65,-10,-10,0.3,0.5,0,1,0,NA,NA,1,1
2017,9,1767*A,Ivesia gordonii,200,65,-10,-10,2,1,0,0,0,0.3,1.7,1,0
2018,9,1767*A,Ivesia gordonii,200,65,-10,-10,2.3,2,0,0,0,2,0.3,1,0
2019,9,1767*A,Ivesia gordonii,200,65,-10,-10,2.5,3,0,0,0,2.3,0.2,1,0
2020,9,1767*A,Ivesia gordonii,200,65,-10,-10,3,2.5,0,0,0,2.5,0.5,1,0
2021,9,1767*A,Ivesia gordonii,200,65,-10,-10,7.5,3.5,1,0,0,3,4.5,1,0
2016,10,1768*A,Lupinus argenteus,50,35,-10,-10,3.5,5.5,0,0,0,NA,NA,1,1
2017,10,1768*A,Lupinus argenteus,50,35,-10,-10,0,0,0,0,1,3.5,-3.5,0,0
2016,10,1769*A,Lupinus argenteus,43,25,-10,-10,5.5,5,0,0,0,NA,NA,1,1
2017,10,1769*A,Lupinus argenteus,43,25,-10,-10,0,0,0,0,1,5.5,-5.5,0,0
2014,15,177*A,Ivesia gordonii,85,170,-10,-10,13,5,6,0,0,NA,NA,1,NA
2015,15,177*A,Ivesia gordonii,85,170,-10,-10,9,5,5,0,0,13,-4,1,0
2016,15,177*A,Ivesia gordonii,85,170,-10,-10,8,6,4,0,0,9,-1,1,0
2017,15,177*A,Ivesia gordonii,85,170,-10,-10,5,2.5,3,0,0,8,-3,1,0
2018,15,177*A,Ivesia gordonii,85,170,-10,-10,6.5,3,0,0,0,5,1.5,1,0
2019,15,177*A,Ivesia gordonii,85,170,-10,-10,0,0,0,0,1,6.5,-6.5,0,0
2016,10,1770*A,Lupinus argenteus,50,1,-10,-10,5,4,0,0,0,NA,NA,1,1
2017,10,1770*A,Lupinus argenteus,50,1,-10,-10,0,0,0,0,1,5,-5,0,0
2016,10,1772*A,Lupinus argenteus,8,113,-10,-10,4.5,4,0,0,0,NA,NA,1,1
2017,10,1772*A,Lupinus argenteus,8,113,-10,-10,0,0,0,0,1,4.5,-4.5,0,0
2015,10,1773*A,Chaenactis douglasii,29,182,-10,-10,3,2,0,0,0,NA,NA,1,1
2016,10,1773*A,Chaenactis douglasii,29,182,-10,-10,3,2,0,0,0,3,0,1,0
2017,10,1773*A,Chaenactis douglasii,29,182,-10,-10,3.5,2.5,0,0,0,3,0.5,1,0
2018,10,1773*A,Chaenactis douglasii,29,182,-10,-10,0,0,0,0,1,3.5,-3.5,0,0
2016,10,1774*A,Lupinus argenteus,146,128,-10,-10,3.7,3.9,0,0,0,NA,NA,1,1
2017,10,1774*A,Lupinus argenteus,146,128,-10,-10,4.5,2.5,0,0,0,3.7,0.8,1,0
2018,10,1774*A,Lupinus argenteus,146,128,-10,-10,0,0,0,0,1,4.5,-4.5,0,0
2015,10,1775*A,Lupinus argenteus,123,123,-5,-5,7.7,5.7,0,0,0,NA,NA,1,1
2016,10,1775*A,Lupinus argenteus,123,123,-5,-5,7.7,5.7,0,0,0,7.7,0,1,0
2017,10,1775*A,Lupinus argenteus,123,123,-5,-5,0,0,0,0,1,7.7,-7.7,0,0
2016,10,1776*A,Lupinus argenteus,63,88,-10,0,6.3,7.3,0,0,0,NA,NA,1,1
2017,10,1776*A,Lupinus argenteus,63,88,-10,0,0,0,0,0,1,6.3,-6.3,0,0
2016,10,1777*A,Lupinus argenteus,68,87,-10,0,5.7,5.8,0,0,0,NA,NA,1,1
2017,10,1777*A,Lupinus argenteus,68,87,-10,0,7,5.5,0,0,0,5.7,1.3,1,0
2018,10,1777*A,Lupinus argenteus,68,87,-10,0,0,0,0,0,1,7,-7,0,0
2016,10,1778*A,Lupinus argenteus,68,97,-10,0,5.7,5.4,0,0,0,NA,NA,1,1
2017,10,1778*A,Lupinus argenteus,68,97,-10,0,0,0,0,0,1,5.7,-5.7,0,0
2015,10,1779*A,Lupinus argenteus,75,90,0,-5,6,5.8,0,0,0,NA,NA,1,1
2016,10,1779*A,Lupinus argenteus,75,90,0,-5,6,5.8,0,0,0,6,0,1,0
2017,10,1779*A,Lupinus argenteus,75,90,0,-5,6.5,6,0,0,0,6,0.5,1,0
2018,10,1779*A,Lupinus argenteus,75,90,0,-5,0,0,0,0,1,6.5,-6.5,0,0
2014,15,178*A,Ivesia gordonii,90,165,-10,-10,5,5,0,0,0,NA,NA,1,NA
2015,15,178*A,Ivesia gordonii,90,165,-10,-10,5.5,4,2,0,0,5,0.5,1,0
2016,15,178*A,Ivesia gordonii,90,165,-10,-10,5,5,3,0,0,5.5,-0.5,1,0
2017,15,178*A,Ivesia gordonii,90,165,-10,-10,6,7,6,0,0,5,1,1,0
2018,15,178*A,Ivesia gordonii,90,165,-10,-10,4.5,3.5,0,0,0,6,-1.5,1,0
2019,15,178*A,Ivesia gordonii,90,165,-10,-10,0,0,0,0,1,4.5,-4.5,0,0
2016,10,1780*A,Lupinus argenteus,75,72,-10,-10,3.6,4.9,0,0,0,NA,NA,1,1
2017,10,1780*A,Lupinus argenteus,75,72,-10,-10,0,0,0,0,1,3.6,-3.6,0,0
2016,10,1781*A,Lupinus argenteus,82,62,-10,0,7.5,7,0,0,0,NA,NA,1,1
2017,10,1781*A,Lupinus argenteus,82,62,-10,0,0,0,0,0,1,7.5,-7.5,0,0
2016,10,1782*A,Elymus lanceolatus,76,33,-10,-10,10,15,0,0,0,NA,NA,1,1
2017,10,1782*A,Elymus lanceolatus,76,33,-10,-10,19,16,4,0,0,10,9,1,0
2018,10,1782*A,Elymus lanceolatus,76,33,-10,-10,19,24,25,0,0,19,0,1,0
2019,10,1782*A,Elymus lanceolatus,76,33,-10,-10,30,29,0,0,0,19,11,1,0
2020,10,1782*A,Elymus lanceolatus,76,33,-10,-10,22,23.5,7,0,0,30,-8,1,0
2021,10,1782*A,Elymus lanceolatus,76,33,-10,-10,28,31.5,13,0,0,22,6,1,0
2016,10,1783*A,Lupinus argenteus,92,20,-10,-10,4,4.9,0,0,0,NA,NA,1,1
2017,10,1783*A,Lupinus argenteus,92,20,-10,-10,0,0,0,0,0,4,-4,1,0
2018,10,1783*A,Lupinus argenteus,92,20,-10,-10,2,3,0,0,0,0,2,1,0
2019,10,1783*A,Lupinus argenteus,92,20,-10,-10,4,3,0,0,0,2,2,1,0
2020,10,1783*A,Lupinus argenteus,92,20,-10,-10,1,0.7,0,0,0,4,-3,1,0
2021,10,1783*A,Lupinus argenteus,92,20,-10,-10,0,0,0,0,0,1,-1,1,0
2016,11,1784*A,Lupinus argenteus,110,66,0,-10,1.9,2.2,0,0,0,NA,NA,1,1
2017,11,1784*A,Lupinus argenteus,110,66,0,-10,7,2,0,0,0,1.9,5.1,1,0
2018,11,1784*A,Lupinus argenteus,110,66,0,-10,0,0,0,0,1,7,-7,0,0
2016,11,1785*A,Lupinus argenteus,100,46,10,-10,11,7,0,0,0,NA,NA,1,1
2017,11,1785*A,Lupinus argenteus,100,46,10,-10,6.5,4,0,0,0,11,-4.5,1,0
2018,11,1785*A,Lupinus argenteus,100,46,10,-10,0,0,0,0,1,6.5,-6.5,0,0
2016,11,1786*A,Ivesia gordonii,26,15,-10,-10,0.5,0.5,0,1,0,NA,NA,1,1
2017,11,1786*A,Ivesia gordonii,26,15,-10,-10,0,0,0,0,1,0.5,-0.5,0,0
2016,11,1787*A,Ivesia gordonii,35,187,-10,-10,0.5,0.5,0,1,0,NA,NA,1,1
2017,11,1787*A,Ivesia gordonii,35,187,-10,-10,2.5,0.5,0,0,0,0.5,2,1,0
2018,11,1787*A,Ivesia gordonii,35,187,-10,-10,0,0,0,0,1,2.5,-2.5,0,0
2016,11,1788*A,Ivesia gordonii,60,63,-10,-10,0.9,1.1,0,1,0,NA,NA,1,1
2017,11,1788*A,Ivesia gordonii,60,63,-10,-10,2.5,2.5,0,0,0,0.9,1.6,1,0
2018,11,1788*A,Ivesia gordonii,60,63,-10,-10,4.5,3,1,0,0,2.5,2,1,0
2019,11,1788*A,Ivesia gordonii,60,63,-10,-10,11,6,5,0,0,4.5,6.5,1,0
2020,11,1788*A,Ivesia gordonii,60,63,-10,-10,8,5,1,0,0,11,-3,1,0
2021,11,1788*A,Ivesia gordonii,60,63,-10,-10,12.5,5,4,0,0,8,4.5,1,0
2016,11,1789*A,Lupinus argenteus,57,61,-10,-10,0.8,0.5,0,1,0,NA,NA,1,1
2017,11,1789*A,Lupinus argenteus,57,61,-10,-10,0,0,0,0,1,0.8,-0.8,0,0
2014,15,179*A,Ivesia gordonii,95,165,-10,-10,11,6,2,0,0,NA,NA,1,NA
2015,15,179*A,Ivesia gordonii,95,165,-10,-10,12,5,9,0,0,11,1,1,0
2016,15,179*A,Ivesia gordonii,95,165,-10,-10,14,6,34,0,0,12,2,1,0
2017,15,179*A,Ivesia gordonii,95,165,-10,-10,12,5.5,13,0,0,14,-2,1,0
2018,15,179*A,Ivesia gordonii,95,165,-10,-10,11.5,4,7,0,0,12,-0.5,1,0
2019,15,179*A,Ivesia gordonii,95,165,-10,-10,0,0,0,0,1,11.5,-11.5,0,0
2016,11,1790*A,Ivesia gordonii,122,148,-10,-10,1.8,2.3,0,1,0,NA,NA,1,1
2017,11,1790*A,Ivesia gordonii,122,148,-10,-10,5,4,0,0,0,1.8,3.2,1,0
2018,11,1790*A,Ivesia gordonii,122,148,-10,-10,7,5,1,0,0,5,2,1,0
2019,11,1790*A,Ivesia gordonii,122,148,-10,-10,19.5,9,10,0,0,7,12.5,1,0
2020,11,1790*A,Ivesia gordonii,122,148,-10,-10,9,6.5,2,0,0,19.5,-10.5,1,0
2021,11,1790*A,Ivesia gordonii,122,148,-10,-10,10,5,5,0,0,9,1,1,0
2016,11,1791*A,Ivesia gordonii,112,176,-10,-10,0.5,0.5,0,1,0,NA,NA,1,1
2017,11,1791*A,Ivesia gordonii,112,176,-10,-10,1.8,1,0,0,0,0.5,1.3,1,0
2018,11,1791*A,Ivesia gordonii,112,176,-10,-10,1.6,1.9,0,0,0,1.8,-0.2,1,0
2019,11,1791*A,Ivesia gordonii,112,176,-10,-10,4.5,2.5,0,0,0,1.6,2.9,1,0
2020,11,1791*A,Ivesia gordonii,112,176,-10,-10,4.5,4,0,0,0,4.5,0,1,0
2021,11,1791*A,Ivesia gordonii,112,176,-10,-10,5,4,1,0,0,4.5,0.5,1,0
2016,12,1792*A,Ivesia gordonii,10,101,-10,-10,1.2,1.1,0,1,0,NA,NA,1,1
2017,12,1792*A,Ivesia gordonii,10,101,-10,-10,2,2.5,0,0,0,1.2,0.8,1,0
2018,12,1792*A,Ivesia gordonii,10,101,-10,-10,2.5,2.2,0,0,0,2,0.5,1,0
2019,12,1792*A,Ivesia gordonii,10,101,-10,-10,5,3.5,0,0,0,2.5,2.5,1,0
2020,12,1792*A,Ivesia gordonii,10,101,-10,-10,7,3.5,0,0,0,5,2,1,0
2021,12,1792*A,Ivesia gordonii,10,101,-10,-10,8.5,2.5,0,0,0,7,1.5,1,0
2016,12,1793*A,Ivesia gordonii,35,137,-10,-10,1,1.8,0,0,0,NA,NA,1,1
2017,12,1793*A,Ivesia gordonii,35,137,-10,-10,3.5,3.5,0,0,0,1,2.5,1,0
2018,12,1793*A,Ivesia gordonii,35,137,-10,-10,3.5,4,0,0,0,3.5,0,1,0
2019,12,1793*A,Ivesia gordonii,35,137,-10,-10,6.5,4.5,3,0,0,3.5,3,1,0
2020,12,1793*A,Ivesia gordonii,35,137,-10,-10,8,5,0,0,0,6.5,1.5,1,0
2021,12,1793*A,Ivesia gordonii,35,137,-10,-10,10,3.5,0,0,0,8,2,1,0
2016,14,1794*A,Chaenactis douglasii,64,5,-10,-10,0.5,1,0,1,0,NA,NA,1,1
2017,14,1794*A,Chaenactis douglasii,64,5,-10,-10,0,0,0,0,1,0.5,-0.5,0,0
2015,15,1795*A,Eriogonum umbellatum,165,165,-10,-10,2,1,0,0,0,NA,NA,1,1
2016,15,1795*A,Eriogonum umbellatum,165,165,-10,-10,2,1,0,0,0,2,0,1,0
2017,15,1795*A,Eriogonum umbellatum,165,165,-10,-10,4.5,2,0,0,0,2,2.5,1,0
2018,15,1795*A,Eriogonum umbellatum,165,165,-10,-10,9,2,0,0,0,4.5,4.5,1,0
2019,15,1795*A,Eriogonum umbellatum,165,165,-10,-10,15,3,6,0,0,9,6,1,0
2020,15,1795*A,Eriogonum umbellatum,165,165,-10,-10,16,2,1,0,0,15,1,1,0
2021,15,1795*A,Eriogonum umbellatum,165,165,-10,-10,19.5,1.5,9,0,0,16,3.5,1,0
2016,15,1796*A,Lupinus argenteus,195,190,-10,-10,7,5,0,0,0,NA,NA,1,1
2017,15,1796*A,Lupinus argenteus,195,190,-10,-10,0,0,0,0,1,7,-7,0,0
2016,15,1797*A,Ivesia gordonii,172,96,-10,-10,0.5,0.5,0,1,0,NA,NA,1,1
2017,15,1797*A,Ivesia gordonii,172,96,-10,-10,4,3,0,0,0,0.5,3.5,1,0
2018,15,1797*A,Ivesia gordonii,172,96,-10,-10,5.5,5,0,0,0,4,1.5,1,0
2019,15,1797*A,Ivesia gordonii,172,96,-10,-10,12.5,5.5,2,0,0,5.5,7,1,0
2020,15,1797*A,Ivesia gordonii,172,96,-10,-10,12,5,0,0,0,12.5,-0.5,1,0
2021,15,1797*A,Ivesia gordonii,172,96,-10,-10,14.5,5,0,0,0,12,2.5,1,0
2016,15,1798*A,Lupinus argenteus,175,10,10,-10,8.5,7,0,0,0,NA,NA,1,1
2017,15,1798*A,Lupinus argenteus,175,10,10,-10,0,0,0,0,1,8.5,-8.5,0,0
2016,15,1799*A,Lupinus argenteus,75,65,-10,-10,11,7,0,0,0,NA,NA,1,1
2017,15,1799*A,Lupinus argenteus,75,65,-10,-10,9,7,0,0,0,11,-2,1,0
2018,15,1799*A,Lupinus argenteus,75,65,-10,-10,0,0,0,0,1,9,-9,0,0
2014,15,180*A,Lupinus argenteus,85,175,0,-10,25,15,2,0,0,NA,NA,1,NA
2015,15,180*A,Lupinus argenteus,85,175,0,-10,17,5,1,0,0,25,-8,1,0
2016,15,180*A,Lupinus argenteus,85,175,0,-10,0,0,0,0,1,17,-17,0,0
2016,15,1800*A,Lupinus argenteus,9,98,-10,-10,7,5,0,0,0,NA,NA,1,1
2017,15,1800*A,Lupinus argenteus,9,98,-10,-10,2.5,2,0,0,0,7,-4.5,1,0
2018,15,1800*A,Lupinus argenteus,9,98,-10,-10,2.5,1,0,0,0,2.5,0,1,0
2019,15,1800*A,Lupinus argenteus,9,98,-10,-10,0,0,0,0,1,2.5,-2.5,0,0
2016,15,1801*A,Lupinus argenteus,55,170,-10,-10,8,4,0,0,0,NA,NA,1,1
2017,15,1801*A,Lupinus argenteus,55,170,-10,-10,9,5,0,0,0,8,1,1,0
2018,15,1801*A,Lupinus argenteus,55,170,-10,-10,3.5,3,0,0,0,9,-5.5,1,0
2019,15,1801*A,Lupinus argenteus,55,170,-10,-10,0,0,0,0,1,3.5,-3.5,0,0
2016,15,1802*A,Lupinus argenteus,52,166,-10,-10,12,6,0,0,0,NA,NA,1,1
2017,15,1802*A,Lupinus argenteus,52,166,-10,-10,16,8,0,0,0,12,4,1,0
2018,15,1802*A,Lupinus argenteus,52,166,-10,-10,0,0,0,0,1,16,-16,0,0
2016,15,1803*A,Lupinus argenteus,113,179,-10,-10,2,2,0,0,0,NA,NA,1,1
2017,15,1803*A,Lupinus argenteus,113,179,-10,-10,0,0,0,0,1,2,-2,0,0
2016,15,1804*A,Lupinus argenteus,175,179,-10,-10,10,5,0,0,0,NA,NA,1,1
2017,15,1804*A,Lupinus argenteus,175,179,-10,-10,0,0,0,0,1,10,-10,0,0
2016,15,1805*A,Lupinus argenteus,117,102,0,10,9,4,0,0,0,NA,NA,1,1
2017,15,1805*A,Lupinus argenteus,117,102,0,10,0,0,0,0,1,9,-9,0,0
2016,15,1806*A,Lupinus argenteus,120,60,-10,-10,5.5,5,0,0,0,NA,NA,1,1
2017,15,1806*A,Lupinus argenteus,120,60,-10,-10,2.5,2.5,0,0,0,5.5,-3,1,0
2018,15,1806*A,Lupinus argenteus,120,60,-10,-10,0,0,0,0,1,2.5,-2.5,0,0
2016,16,1807*A,Eriogonum umbellatum,11,13,-10,-10,1.5,1,0,1,0,NA,NA,1,1
2017,16,1807*A,Eriogonum umbellatum,11,13,-10,-10,1.3,0.1,0,0,0,1.5,-0.2,1,0
2018,16,1807*A,Eriogonum umbellatum,11,13,-10,-10,0,0,0,0,1,1.3,-1.3,0,0
2015,16,1808*A,Senecio crassulus,28,61,-10,-10,1,3,0,0,0,NA,NA,1,1
2016,16,1808*A,Senecio crassulus,28,61,-10,-10,1,3,0,0,0,1,0,1,0
2017,16,1808*A,Senecio crassulus,28,61,-10,-10,2.8,5,0,0,0,1,1.8,1,0
2018,16,1808*A,Senecio crassulus,28,61,-10,-10,0,0,0,0,1,2.8,-2.8,0,0
2014,16,1809*A,Eriogonum umbellatum,32,44,-10,-10,2,2,0,0,0,NA,NA,1,NA
2015,16,1809*A,Eriogonum umbellatum,32,44,-10,-10,2,2,0,0,0,2,0,1,0
2016,16,1809*A,Eriogonum umbellatum,32,44,-10,-10,2,2,0,0,0,2,0,1,0
2017,16,1809*A,Eriogonum umbellatum,32,44,-10,-10,0,0,0,0,1,2,-2,0,0
2014,15,181*A,Lupinus argenteus,100,180,0,-10,25,13,3,0,0,NA,NA,1,NA
2015,15,181*A,Lupinus argenteus,100,180,0,-10,19,12.5,2,0,0,25,-6,1,0
2016,15,181*A,Lupinus argenteus,100,180,0,-10,0,0,0,0,1,19,-19,0,0
2016,16,1810*A,Eriogonum umbellatum,42,47,-10,-10,1,1,0,1,0,NA,NA,1,1
2017,16,1810*A,Eriogonum umbellatum,42,47,-10,-10,1.7,1,0,0,0,1,0.7,1,0
2018,16,1810*A,Eriogonum umbellatum,42,47,-10,-10,2.5,1,0,0,0,1.7,0.8,1,0
2019,16,1810*A,Eriogonum umbellatum,42,47,-10,-10,0,0,0,0,1,2.5,-2.5,0,0
2016,16,1811*A,Agoseris glauca,52,60,-10,-10,0.5,0.5,0,1,0,NA,NA,1,1
2017,16,1811*A,Agoseris glauca,52,60,-10,-10,1.8,1,0,0,0,0.5,1.3,1,0
2018,16,1811*A,Agoseris glauca,52,60,-10,-10,0,0,0,0,1,1.8,-1.8,0,0
2016,16,1812*A,Phacelia hastata,56,63,10,-10,1,1.5,0,1,0,NA,NA,1,1
2017,16,1812*A,Phacelia hastata,56,63,10,-10,0,0,0,0,1,1,-1,0,0
2016,16,1813*A,Lupinus argenteus,64,36,-10,-10,9,8,0,0,0,NA,NA,1,1
2017,16,1813*A,Lupinus argenteus,64,36,-10,-10,1.5,1.5,0,0,0,9,-7.5,1,0
2018,16,1813*A,Lupinus argenteus,64,36,-10,-10,0,0,0,0,1,1.5,-1.5,0,0
2015,17,1814*A,Heterotheca villosa,19,53,-10,-10,1.5,2,0,0,0,NA,NA,1,1
2016,17,1814*A,Heterotheca villosa,19,53,-10,-10,1.5,2,0,0,0,1.5,0,1,0
2017,17,1814*A,Heterotheca villosa,19,53,-10,-10,0,0,0,0,1,1.5,-1.5,0,0
2016,16,1815*A,Senecio crassulus,42,96,-10,-10,1,0.5,0,1,0,NA,NA,1,1
2017,16,1815*A,Senecio crassulus,42,96,-10,-10,0,0,0,0,1,1,-1,0,0
2016,16,1816*A,Eriogonum umbellatum,46,93,-10,-10,0.5,0.5,0,1,0,NA,NA,1,1
2017,16,1816*A,Eriogonum umbellatum,46,93,-10,-10,1,1.5,0,0,0,0.5,0.5,1,0
2018,16,1816*A,Eriogonum umbellatum,46,93,-10,-10,0,0,0,0,1,1,-1,0,0
2016,16,1817*A,Lupinus argenteus,3,189,-10,-10,5,3,0,0,0,NA,NA,1,1
2017,16,1817*A,Lupinus argenteus,3,189,-10,-10,2.5,3,0,0,0,5,-2.5,1,0
2018,16,1817*A,Lupinus argenteus,3,189,-10,-10,0,0,0,0,1,2.5,-2.5,0,0
2016,16,1818*A,Lupinus argenteus,93,70,-10,-10,4.5,4,0,0,0,NA,NA,1,1
2017,16,1818*A,Lupinus argenteus,93,70,-10,-10,0,0,0,0,1,4.5,-4.5,0,0
2014,15,182*A,Lupinus argenteus,105,165,0,-10,16,11,1,0,0,NA,NA,1,NA
2015,15,182*A,Lupinus argenteus,105,165,0,-10,0,0,0,0,1,16,-16,0,0
2016,16,1820*A,Senecio crassulus,127,65,-10,-10,1,3,0,1,0,NA,NA,1,1
2017,16,1820*A,Senecio crassulus,127,65,-10,-10,5,7,0,0,0,1,4,1,0
2018,16,1820*A,Senecio crassulus,127,65,-10,-10,0,0,0,0,1,5,-5,0,0
2016,16,1821*A,Eriogonum umbellatum,127,65,-10,-10,1,1,0,1,0,NA,NA,1,1
2017,16,1821*A,Eriogonum umbellatum,127,65,-10,-10,2.8,1.5,0,0,0,1,1.8,1,0
2018,16,1821*A,Eriogonum umbellatum,127,65,-10,-10,1.5,1.5,0,0,0,2.8,-1.3,1,0
2019,16,1821*A,Eriogonum umbellatum,127,65,-10,-10,0,0,0,0,1,1.5,-1.5,0,0
2016,16,1822*A,Lupinus argenteus,134,36,-10,-10,2,3,0,0,0,NA,NA,1,1
2017,16,1822*A,Lupinus argenteus,134,36,-10,-10,0,0,0,0,1,2,-2,0,0
2016,16,1823*A,Lupinus argenteus,150,160,-10,-10,9,6,0,0,0,NA,NA,1,1
2017,16,1823*A,Lupinus argenteus,150,160,-10,-10,0,0,0,0,1,9,-9,0,0
2016,16,1824*A,Lupinus argenteus,194,84,-10,-10,4,3,0,0,0,NA,NA,1,1
2017,16,1824*A,Lupinus argenteus,194,84,-10,-10,0,0,0,0,1,4,-4,0,0
2016,17,1825*A,Agoseris glauca,104,76,-10,-10,1.1,1,0,1,0,NA,NA,1,1
2017,17,1825*A,Agoseris glauca,104,76,-10,-10,1,1,0,0,0,1.1,-0.1,1,0
2018,17,1825*A,Agoseris glauca,104,76,-10,-10,2.5,3,0,0,0,1,1.5,1,0
2019,17,1825*A,Agoseris glauca,104,76,-10,-10,6,7.5,1,0,0,2.5,3.5,1,0
2020,17,1825*A,Agoseris glauca,104,76,-10,-10,1,6.5,3,0,0,6,-5,1,0
2021,17,1825*A,Agoseris glauca,104,76,-10,-10,10,8,4,0,0,1,9,1,0
2016,17,1826*A,Lupinus argenteus,90,85,-10,-10,8,6,0,0,0,NA,NA,1,1
2017,17,1826*A,Lupinus argenteus,90,85,-10,-10,0,0,0,0,0,8,-8,1,0
2018,17,1826*A,Lupinus argenteus,90,85,-10,-10,3.5,4,0,0,0,0,3.5,1,0
2019,17,1826*A,Lupinus argenteus,90,85,-10,-10,0,0,0,0,1,3.5,-3.5,0,0
2016,17,1827*A,Lupinus argenteus,153,92,-10,-10,9,5,0,0,0,NA,NA,1,1
2017,17,1827*A,Lupinus argenteus,153,92,-10,-10,7,5,0,0,0,9,-2,1,0
2018,17,1827*A,Lupinus argenteus,153,92,-10,-10,3,3,0,0,0,7,-4,1,0
2019,17,1827*A,Lupinus argenteus,153,92,-10,-10,0,0,0,0,1,3,-3,0,0
2016,17,1828*A,Lupinus argenteus,171,181,-10,-10,12,7,0,0,0,NA,NA,1,1
2017,17,1828*A,Lupinus argenteus,171,181,-10,-10,10,11,1,0,0,12,-2,1,0
2018,17,1828*A,Lupinus argenteus,171,181,-10,-10,9.5,5.5,0,0,0,10,-0.5,1,0
2019,17,1828*A,Lupinus argenteus,171,181,-10,-10,4,3,0,0,0,9.5,-5.5,1,0
2020,17,1828*A,Lupinus argenteus,171,181,-10,-10,10,5.5,0,0,0,4,6,1,0
2021,17,1828*A,Lupinus argenteus,171,181,-10,-10,12.5,6,2,0,0,10,2.5,1,0
2016,17,1829*A,Lupinus argenteus,159,155,-10,-10,6,5,0,0,0,NA,NA,1,1
2017,17,1829*A,Lupinus argenteus,159,155,-10,-10,2,3,0,0,0,6,-4,1,0
2018,17,1829*A,Lupinus argenteus,159,155,-10,-10,0,0,0,0,1,2,-2,0,0
2014,15,183*A,Lupinus argenteus,120,170,-10,-10,15,6,0,0,0,NA,NA,1,NA
2015,15,183*A,Lupinus argenteus,120,170,-10,-10,0,0,0,0,1,15,-15,0,0
2016,19,1830*A,Lupinus argenteus,69,28,-10,-10,10,6,0,0,0,NA,NA,1,1
2017,19,1830*A,Lupinus argenteus,69,28,-10,-10,0,0,0,0,0,10,-10,1,0
2018,19,1830*A,Lupinus argenteus,69,28,-10,-10,8,6,0,0,0,0,8,1,0
2019,19,1830*A,Lupinus argenteus,69,28,-10,-10,12,8,0,0,0,8,4,1,0
2020,19,1830*A,Lupinus argenteus,69,28,-10,-10,14.5,8,2,0,0,12,2.5,1,0
2021,19,1830*A,Lupinus argenteus,69,28,-10,-10,22.5,11.5,1,0,0,14.5,8,1,0
2016,19,1831*A,Ivesia gordonii,102,88,-10,-10,0.5,0.5,0,1,0,NA,NA,1,1
2017,19,1831*A,Ivesia gordonii,102,88,-10,-10,0.5,0.5,0,0,0,0.5,0,1,0
2018,19,1831*A,Ivesia gordonii,102,88,-10,-10,1,0.5,0,0,0,0.5,0.5,1,0
2019,19,1831*A,Ivesia gordonii,102,88,-10,-10,2,1.5,0,0,0,1,1,1,0
2020,19,1831*A,Ivesia gordonii,102,88,-10,-10,2.5,2.5,0,0,0,2,0.5,1,0
2021,19,1831*A,Ivesia gordonii,102,88,-10,-10,2,1.5,0,0,0,2.5,-0.5,1,0
2016,19,1832*A,Heterotheca villosa,110,89,-10,-10,0.5,0.5,0,1,0,NA,NA,1,1
2017,19,1832*A,Heterotheca villosa,110,89,-10,-10,0,0,0,0,1,0.5,-0.5,0,0
2015,19,1833*A,Ivesia gordonii,160,120,-10,-10,2,2,0,0,0,NA,NA,1,1
2016,19,1833*A,Ivesia gordonii,160,120,-10,-10,2,2,0,0,0,2,0,1,0
2017,19,1833*A,Ivesia gordonii,160,120,-10,-10,0.5,0.5,0,0,0,2,-1.5,1,0
2018,19,1833*A,Ivesia gordonii,160,120,-10,-10,0,0,0,0,1,0.5,-0.5,0,0
2016,19,1834*A,Heterotheca villosa,154,116,-10,-10,0.5,0.5,0,1,0,NA,NA,1,1
2017,19,1834*A,Heterotheca villosa,154,116,-10,-10,0,0,0,0,1,0.5,-0.5,0,0
2016,19,1835*A,Eriogonum umbellatum,180,46,-10,-10,1,0.5,0,1,0,NA,NA,1,1
2017,19,1835*A,Eriogonum umbellatum,180,46,-10,-10,1,0.5,0,0,0,1,0,1,0
2018,19,1835*A,Eriogonum umbellatum,180,46,-10,-10,0.5,0.5,0,0,0,1,-0.5,1,0
2019,19,1835*A,Eriogonum umbellatum,180,46,-10,-10,0,0,0,0,1,0.5,-0.5,0,0
2016,19,1836*A,Ivesia gordonii,174,39,-10,-10,0.5,0.5,0,1,0,NA,NA,1,1
2017,19,1836*A,Ivesia gordonii,174,39,-10,-10,1,1,0,0,0,0.5,0.5,1,0
2018,19,1836*A,Ivesia gordonii,174,39,-10,-10,2.5,2.5,0,0,0,1,1.5,1,0
2019,19,1836*A,Ivesia gordonii,174,39,-10,-10,7,4,0,0,0,2.5,4.5,1,0
2020,19,1836*A,Ivesia gordonii,174,39,-10,-10,6,4,0,0,0,7,-1,1,0
2021,19,1836*A,Ivesia gordonii,174,39,-10,-10,9,2,0,0,0,6,3,1,0
2016,19,1837*A,Eriogonum umbellatum,174,40,-10,-10,2,1,0,1,0,NA,NA,1,1
2017,19,1837*A,Eriogonum umbellatum,174,40,-10,-10,1,1,0,0,0,2,-1,1,0
2018,19,1837*A,Eriogonum umbellatum,174,40,-10,-10,1,1,0,0,0,1,0,1,0
2019,19,1837*A,Eriogonum umbellatum,174,40,-10,-10,1.5,1,0,0,0,1,0.5,1,0
2020,19,1837*A,Eriogonum umbellatum,174,40,-10,-10,2,1,0,0,0,1.5,0.5,1,0
2021,19,1837*A,Eriogonum umbellatum,174,40,-10,-10,2.1,2.2,0,0,0,2,0.1,1,0
2016,19,1838*A,Senecio crassulus,178,44,-10,-10,0.5,1,0,1,0,NA,NA,1,1
2017,19,1838*A,Senecio crassulus,178,44,-10,-10,0,0,0,0,1,0.5,-0.5,0,0
2014,19,1839*A,Ivesia gordonii,130,64,-10,-10,7,4,0,0,0,NA,NA,1,NA
2015,19,1839*A,Ivesia gordonii,130,64,-10,-10,7,4,0,0,0,7,0,1,0
2016,19,1839*A,Ivesia gordonii,130,64,-10,-10,7,4,0,0,0,7,0,1,0
2017,19,1839*A,Ivesia gordonii,130,64,-10,-10,5,4,0,0,0,7,-2,1,0
2018,19,1839*A,Ivesia gordonii,130,64,-10,-10,4.5,4,0,0,0,5,-0.5,1,0
2019,19,1839*A,Ivesia gordonii,130,64,-10,-10,7.5,3.5,1,0,0,4.5,3,1,0
2020,19,1839*A,Ivesia gordonii,130,64,-10,-10,5.5,2,0,0,0,7.5,-2,1,0
2021,19,1839*A,Ivesia gordonii,130,64,-10,-10,6,1.5,0,0,0,5.5,0.5,1,0
2014,15,184*A,Lupinus argenteus,130,180,-10,-10,17,9,0,0,0,NA,NA,1,NA
2015,15,184*A,Lupinus argenteus,130,180,-10,-10,0,0,0,0,1,17,-17,0,0
2016,20,1840*A,Ivesia gordonii,37,192,0,10,2,3,0,0,0,NA,NA,1,1
2017,20,1840*A,Ivesia gordonii,37,192,0,10,0,0,0,0,1,2,-2,0,0
2016,20,1841*A,Lupinus argenteus,189,115,-10,-10,11,7,0,0,0,NA,NA,1,1
2017,20,1841*A,Lupinus argenteus,189,115,-10,-10,15,8,2,0,0,11,4,1,0
2018,20,1841*A,Lupinus argenteus,189,115,-10,-10,13,8.5,1,0,0,15,-2,1,0
2019,20,1841*A,Lupinus argenteus,189,115,-10,-10,10,5.5,0,0,0,13,-3,1,0
2020,20,1841*A,Lupinus argenteus,189,115,-10,-10,0,0,0,0,1,10,-10,0,0
2016,20,1842*A,Heterotheca villosa,143,147,-10,-10,3,3,1,0,0,NA,NA,1,1
2017,20,1842*A,Heterotheca villosa,143,147,-10,-10,4,5,0,0,0,3,1,1,0
2018,20,1842*A,Heterotheca villosa,143,147,-10,-10,5.5,1.5,0,0,0,4,1.5,1,0
2019,20,1842*A,Heterotheca villosa,143,147,-10,-10,16.5,8,8,0,0,5.5,11,1,0
2020,20,1842*A,Heterotheca villosa,143,147,-10,-10,20,6.5,33,0,0,16.5,3.5,1,0
2021,20,1842*A,Heterotheca villosa,143,147,-10,-10,25,12.5,66,0,0,20,5,1,0
2016,20,1843*A,Eriogonum umbellatum,135.3506262,182.264403,-10,-10,0.5,0.5,0,1,0,NA,NA,1,1
2016,20,1843*B,Eriogonum umbellatum,134.8759023,182.5032351,-10,-10,0.5,0.5,0,1,0,NA,NA,1,1
2016,20,1843*C,Eriogonum umbellatum,133.8144746,180.3713642,-10,-10,0.5,0.5,0,1,1,NA,NA,0,1
2017,20,1843*A,Eriogonum umbellatum,135.1168754,182.754801,-10,-10,0.5,0.5,0,0,0,0.5,0,1,0
2017,20,1843*B,Eriogonum umbellatum,134.9586341,182.8344117,-10,-10,0.5,0.5,0,0,1,0.5,0,0,0
2018,20,1843*A,Eriogonum umbellatum,135,183,-10,-10,0,0,0,0,1,0.5,-0.5,0,0
2016,20,1844*A,Ivesia gordonii,149,188,-10,0,0.5,0.5,0,1,0,NA,NA,1,1
2017,20,1844*A,Ivesia gordonii,149,188,-10,0,2,1,0,0,0,0.5,1.5,1,0
2018,20,1844*A,Ivesia gordonii,149,188,-10,0,0,0,0,0,1,2,-2,0,0
2016,20,1845*A,Eriogonum umbellatum,159,182,-10,-10,1,1.5,0,1,0,NA,NA,1,1
2017,20,1845*A,Eriogonum umbellatum,159,182,-10,-10,1,1,0,0,0,1,0,1,0
2018,20,1845*A,Eriogonum umbellatum,159,182,-10,-10,0,0,0,0,1,1,-1,0,0
2015,20,1846*A,Heterotheca villosa,159,196,0,10,1,1,0,0,0,NA,NA,1,1
2016,20,1846*A,Heterotheca villosa,159,196,0,10,1,1,0,0,0,1,0,1,0
2017,20,1846*A,Heterotheca villosa,159,196,0,10,3,2,0,0,0,1,2,1,0
2018,20,1846*A,Heterotheca villosa,159,196,0,10,0,0,0,0,1,3,-3,0,0
2016,20,1847*A,Ivesia gordonii,155,178,-10,-10,0.5,0.3,0,1,0,NA,NA,1,1
2017,20,1847*A,Ivesia gordonii,155,178,-10,-10,0,0,0,0,1,0.5,-0.5,0,0
2016,20,1848*A,Eriogonum umbellatum,182,196,10,0,1,0.5,0,1,0,NA,NA,1,1
2017,20,1848*A,Eriogonum umbellatum,182,196,10,0,0,0,0,0,0,1,-1,1,0
2018,20,1848*A,Eriogonum umbellatum,182,196,10,0,1,0.5,0,0,0,0,1,1,0
2019,20,1848*A,Eriogonum umbellatum,182,196,10,0,1,0.5,0,0,0,1,0,1,0
2020,20,1848*A,Eriogonum umbellatum,182,196,10,0,0,0,0,0,1,1,-1,0,0
2016,20,1849*A,Lupinus argenteus,155,160,-10,-10,14,12,1,0,0,NA,NA,1,1
2017,20,1849*A,Lupinus argenteus,155,160,-10,-10,5,5,0,0,0,14,-9,1,0
2018,20,1849*A,Lupinus argenteus,155,160,-10,-10,0,0,0,0,1,5,-5,0,0
2014,15,185*A,Lupinus argenteus,175,175,-10,-10,13,8,0,0,0,NA,NA,1,NA
2015,15,185*A,Lupinus argenteus,175,175,-10,-10,0,0,0,0,1,13,-13,0,0
2016,20,1850*A,Poa stenantha,164,146,-10,-10,2,5,0,0,0,NA,NA,1,1
2017,20,1850*A,Poa stenantha,164,146,-10,-10,10,10,0,0,0,2,8,1,0
2018,20,1850*A,Poa stenantha,164,146,-10,-10,25,11.5,0,0,0,10,15,1,0
2019,20,1850*A,Poa stenantha,164,146,-10,-10,13.5,13.5,0,0,0,25,-11.5,1,0
2020,20,1850*A,Poa stenantha,164,146,-10,-10,0,0,0,0,1,13.5,-13.5,0,0
2016,20,1851*A,Lupinus argenteus,188,153,-10,-10,10,8,0,0,0,NA,NA,1,1
2017,20,1851*A,Lupinus argenteus,188,153,-10,-10,0,0,0,0,1,10,-10,0,0
2016,20,1852*A,Eriogonum umbellatum,182.2337508,154.509602,-10,-10,0.5,0.5,0,1,0,NA,NA,1,1
2016,20,1852*B,Eriogonum umbellatum,181.9172682,154.6688234,-10,-10,0.5,0.5,0,1,1,NA,NA,0,1
2017,20,1852*A,Eriogonum umbellatum,182,155,-10,-10,1,2,0,0,0,0.5,0.5,1,0
2018,20,1852*A,Eriogonum umbellatum,182,155,-10,-10,0,0,0,0,1,1,-1,0,0
2016,20,1853*A,Lupinus argenteus,125,135,-10,-10,6,5,0,0,0,NA,NA,1,1
2017,20,1853*A,Lupinus argenteus,125,135,-10,-10,8,5,0,0,0,6,2,1,0
2018,20,1853*A,Lupinus argenteus,125,135,-10,-10,0,0,0,0,1,8,-8,0,0
2016,20,1854*A,Lupinus argenteus,95,86,-10,-10,8,6,0,0,0,NA,NA,1,1
2017,20,1854*A,Lupinus argenteus,95,86,-10,-10,10,7,0,0,0,8,2,1,0
2018,20,1854*A,Lupinus argenteus,95,86,-10,-10,0,0,0,0,1,10,-10,0,0
2016,20,1855*A,Lupinus argenteus,125,66,-10,-10,13,7,0,0,0,NA,NA,1,1
2017,20,1855*A,Lupinus argenteus,125,66,-10,-10,17,11,2,0,0,13,4,1,0
2018,20,1855*A,Lupinus argenteus,125,66,-10,-10,16,7.5,0,0,0,17,-1,1,0
2019,20,1855*A,Lupinus argenteus,125,66,-10,-10,17.5,12.5,0,0,0,16,1.5,1,0
2020,20,1855*A,Lupinus argenteus,125,66,-10,-10,13,8.5,0,0,0,17.5,-4.5,1,0
2021,20,1855*A,Lupinus argenteus,125,66,-10,-10,16,10,0,0,0,13,3,1,0
2016,20,1856*A,Agoseris glauca,22,56,-10,-10,1.5,2,0,0,0,NA,NA,1,1
2017,20,1856*A,Agoseris glauca,22,56,-10,-10,0,0,0,0,1,1.5,-1.5,0,0
2016,20,1857*A,Lupinus argenteus,28,52,-10,-10,9,6,0,0,0,NA,NA,1,1
2017,20,1857*A,Lupinus argenteus,28,52,-10,-10,0,0,0,0,1,9,-9,0,0
2015,20,1858*A,Eriogonum umbellatum,52,65,-5,-5,1,1,0,0,0,NA,NA,1,1
2016,20,1858*A,Eriogonum umbellatum,52,65,-5,-5,1,1,0,0,0,1,0,1,0
2017,20,1858*A,Eriogonum umbellatum,52,65,-5,-5,2,1.5,0,0,0,1,1,1,0
2018,20,1858*A,Eriogonum umbellatum,52,65,-5,-5,0,0,0,0,1,2,-2,0,0
2016,20,1859*A,Lupinus argenteus,66,66,-10,-10,2,2,0,0,0,NA,NA,1,1
2017,20,1859*A,Lupinus argenteus,66,66,-10,-10,0,0,0,0,1,2,-2,0,0
2014,15,186*A,Lupinus argenteus,180,170,-10,-10,14,7,0,0,0,NA,NA,1,NA
2015,15,186*A,Lupinus argenteus,180,170,-10,-10,16,6.5,2,0,0,14,2,1,0
2016,15,186*A,Lupinus argenteus,180,170,-10,-10,0,0,0,0,1,16,-16,0,0
2016,20,1860*A,Lupinus argenteus,66,70,-10,-10,4,2,0,0,0,NA,NA,1,1
2017,20,1860*A,Lupinus argenteus,66,70,-10,-10,0,0,0,0,1,4,-4,0,0
2016,20,1861*A,Eriogonum umbellatum,69,31,-10,-10,1,0.5,0,0,0,NA,NA,1,1
2017,20,1861*A,Eriogonum umbellatum,69,31,-10,-10,1.5,0.5,0,0,0,1,0.5,1,0
2018,20,1861*A,Eriogonum umbellatum,69,31,-10,-10,0,0,0,0,1,1.5,-1.5,0,0
2015,20,1862*A,Phacelia hastata,56,17,-10,-10,1.5,2,0,0,0,NA,NA,1,1
2016,20,1862*A,Phacelia hastata,56,17,-10,-10,1.5,2,0,0,0,1.5,0,1,0
2017,20,1862*A,Phacelia hastata,56,17,-10,-10,5,2,0,0,0,1.5,3.5,1,0
2018,20,1862*A,Phacelia hastata,56,17,-10,-10,1.5,1,0,0,0,5,-3.5,1,0
2019,20,1862*A,Phacelia hastata,56,17,-10,-10,0,0,0,0,1,1.5,-1.5,0,0
2016,20,1863*A,Lupinus argenteus,64,33,-10,-10,4,3,0,0,0,NA,NA,1,1
2017,20,1863*A,Lupinus argenteus,64,33,-10,-10,0,0,0,0,1,4,-4,0,0
2016,20,1864*A,Lupinus argenteus,64,37,-10,-10,3,3,0,0,0,NA,NA,1,1
2017,20,1864*A,Lupinus argenteus,64,37,-10,-10,0,0,0,0,1,3,-3,0,0
2016,20,1865*A,Arenaria congesta,64,43,-10,-10,1,1,0,0,0,NA,NA,1,1
2017,20,1865*A,Arenaria congesta,64,43,-10,-10,1.5,1.5,0,0,0,1,0.5,1,0
2018,20,1865*A,Arenaria congesta,64,43,-10,-10,1,1,0,0,0,1.5,-0.5,1,0
2019,20,1865*A,Arenaria congesta,64,43,-10,-10,1.5,2.5,0,0,0,1,0.5,1,0
2020,20,1865*A,Arenaria congesta,64,43,-10,-10,1.1,1.2,0,0,0,1.5,-0.4,1,0
2021,20,1865*A,Arenaria congesta,64,43,-10,-10,2.5,3.5,0,0,0,1.1,1.4,1,0
2016,20,1866*A,Arenaria congesta,49.75969004,27.40620656,-11,-6,1,1,0,0,0,NA,NA,1,1
2016,20,1866*B,Arenaria congesta,48.73112154,27.92367605,-11,-6,1,1,0,0,0,NA,NA,1,1
2016,20,1866*C,Arenaria congesta,46.43136163,23.30462245,-11,-6,1,1,0,0,0,NA,NA,1,1
2016,20,1866*D,Arenaria congesta,52.77278931,33.7950922,-11,-6,1,1,0,0,0,NA,NA,1,1
2016,20,1866*E,Arenaria congesta,44.64480465,31.69370885,-11,-6,1,1,0,0,0,NA,NA,1,1
2016,20,1866*F,Arenaria congesta,44.78877451,32.40575738,-11,-6,1,1,0,0,0,NA,NA,1,1
2016,20,1866-old*G,Arenaria congesta,50.61873164,32.91068621,-11,-6,1,1,0,0,1,NA,NA,0,1
2017,20,1866*A,Arenaria congesta,49.87656543,27.16100757,-11,-6,2,2,0,0,0,1,1,1,0
2017,20,1866*B,Arenaria congesta,48.68975563,27.75808775,-11,-6,2,2,0,0,0,1,1,1,0
2017,20,1866*C,Arenaria congesta,46.03618649,22.42841052,-11,-6,2,2,0,0,0,1,1,1,0
2017,20,1866*D,Arenaria congesta,53.35321844,34.53279869,-11,-6,2,2,0,0,0,1,1,1,0
2017,20,1866*E,Arenaria congesta,43.97477459,32.1081256,-11,-6,2,2,0,0,0,1,1,1,0
2017,20,1866*F,Arenaria congesta,44.14089366,32.92972005,-11,-6,2,2,0,0,0,1,1,1,0
2018,20,1866*A,Arenaria congesta,49.81812774,27.28360707,-11,-6,1,1,1,0,0,2,-1,1,0
2018,20,1866*B,Arenaria congesta,48.71043859,27.8408819,-11,-6,1,1,0,0,0,2,-1,1,0
2018,20,1866*C,Arenaria congesta,46.23377406,22.86651649,-11,-6,1,1,0,0,0,2,-1,1,0
2018,20,1866*D,Arenaria congesta,53.06300387,34.16394544,-11,-6,1,1,0,0,0,2,-1,1,0
2018,20,1866*E,Arenaria congesta,44.30978962,31.90091723,-11,-6,1,1,0,0,0,2,-1,1,0
2018,20,1866*F,Arenaria congesta,44.46483408,32.66773872,-11,-6,1,1,0,0,0,2,-1,1,0
2019,20,1866*A,Arenaria congesta,50.46094239,25.93501262,-11,-6,3.5,6,1,0,0,1,2.5,1,0
2019,20,1866*B,Arenaria congesta,48.48292605,26.93014624,-11,-6,3.5,6,1,0,0,1,2.5,1,0
2019,20,1866*C,Arenaria congesta,44.06031082,18.04735087,-11,-6,3.5,6,1,0,0,1,2.5,1,0
2019,20,1866*D,Arenaria congesta,56.25536406,38.22133115,-11,-6,3.5,6,1,0,0,1,2.5,1,0
2019,20,1866*E,Arenaria congesta,40.62462432,34.18020934,-11,-6,3.5,6,1,0,0,1,2.5,1,0
2019,20,1866*F,Arenaria congesta,40.90148944,35.54953342,-11,-6,3.5,6,0,0,1,1,2.5,0,0
2019,20,1866*G,Arenaria congesta,52.11294546,36.52055041,-11,-6,3.5,6,0,0,1,NA,NA,0,1
2019,20,1866*H,Arenaria congesta,40.58927913,26.03432894,-11,-6,3.5,6,0,0,1,NA,NA,0,1
2019,20,1866*I,Arenaria congesta,54.59158091,20.56553508,-11,-6,3.5,6,0,0,1,NA,NA,0,1
2019,20,1866*J,Arenaria congesta,49.50954583,36.22359454,-11,-6,3.5,6,0,0,1,NA,NA,0,1
2019,20,1866*K,Arenaria congesta,52.36359259,40.69144943,-11,-6,3.5,6,0,0,1,NA,NA,0,1
2020,20,1866*A,Arenaria congesta,49.93500313,27.03840808,-11,-6,3.5,6.5,2,0,0,3.5,0,1,0
2020,20,1866*B,Arenaria congesta,48.66907267,27.67529359,-11,-6,3.5,6.5,2,0,0,3.5,0,1,0
2020,20,1866*C,Arenaria congesta,45.83859892,21.99030455,-11,-6,3.5,6.5,2,0,0,3.5,0,1,0
2020,20,1866*D,Arenaria congesta,53.643433,34.90165194,-11,-6,3.5,6.5,2,0,1,3.5,0,0,0
2020,20,1866*E,Arenaria congesta,43.63975956,32.31533397,-11,-6,3.5,6.5,2,0,1,3.5,0,0,0
2021,20,1866*A,Arenaria congesta,49.93500313,27.03840808,-11,-6,10,5,6,0,0,3.5,6.5,1,0
2021,20,1866*B,Arenaria congesta,48.66907267,27.67529359,-11,-6,10,5,6,0,0,3.5,6.5,1,0
2021,20,1866*C,Arenaria congesta,45.83859892,21.99030455,-11,-6,10,5,6,0,0,3.5,6.5,1,0
2016,20,1867*A,Lupinus argenteus,50,28,-10,-10,11,6,0,0,0,NA,NA,1,1
2017,20,1867*A,Lupinus argenteus,50,28,-10,-10,2.5,2,1,0,0,11,-8.5,1,0
2018,20,1867*A,Lupinus argenteus,50,28,-10,-10,0,0,0,0,1,2.5,-2.5,0,0
2016,20,1868*A,Chaenactis douglasii,49,35,0,10,0.5,1,0,1,0,NA,NA,1,1
2017,20,1868*A,Chaenactis douglasii,49,35,0,10,0,0,0,0,1,0.5,-0.5,0,0
2016,20,1869*A,Eriogonum umbellatum,58,37,10,0,1,1,0,1,0,NA,NA,1,1
2017,20,1869*A,Eriogonum umbellatum,58,37,10,0,0,0,0,0,1,1,-1,0,0
2014,15,187*A,Lupinus argenteus,180,160,-10,-10,10,7,0,0,0,NA,NA,1,NA
2015,15,187*A,Lupinus argenteus,180,160,-10,-10,0,0,0,0,1,10,-10,0,0
2016,20,1870*A,Eriogonum umbellatum,45,43,0,10,1,1,0,1,0,NA,NA,1,1
2017,20,1870*A,Eriogonum umbellatum,45,43,0,10,0,0,0,0,1,1,-1,0,0
2016,20,1871*A,Lupinus argenteus,39,39,0,10,2,2,0,0,0,NA,NA,1,1
2017,20,1871*A,Lupinus argenteus,39,39,0,10,0,0,0,0,1,2,-2,0,0
2016,20,1872*A,Agoseris glauca,38,39,0,10,0.5,2,0,1,0,NA,NA,1,1
2017,20,1872*A,Agoseris glauca,38,39,0,10,0,0,0,0,1,0.5,-0.5,0,0
2016,20,1873*A,Ivesia gordonii,40,42,-10,-10,1,1,0,1,0,NA,NA,1,1
2017,20,1873*A,Ivesia gordonii,40,42,-10,-10,1,1,0,0,0,1,0,1,0
2018,20,1873*A,Ivesia gordonii,40,42,-10,-10,0,0,0,0,1,1,-1,0,0
2015,20,1874*A,Heterotheca villosa,40,35,-10,-10,1,1,0,0,0,NA,NA,1,1
2016,20,1874*A,Heterotheca villosa,40,35,-10,-10,1,1,0,0,0,1,0,1,0
2017,20,1874*A,Heterotheca villosa,40,35,-10,-10,1,1,0,0,0,1,0,1,0
2018,20,1874*A,Heterotheca villosa,40,35,-10,-10,0,0,0,0,1,1,-1,0,0
2015,20,1875*A,Eriogonum umbellatum,38,30,-10,-10,1,1,0,0,0,NA,NA,1,1
2016,20,1875*A,Eriogonum umbellatum,38,30,-10,-10,1,1,0,0,0,1,0,1,0
2017,20,1875*A,Eriogonum umbellatum,38,30,-10,-10,0,0,0,0,1,1,-1,0,0
2016,20,1876*A,Lupinus argenteus,35,44,-10,-10,5,2.5,0,0,0,NA,NA,1,1
2017,20,1876*A,Lupinus argenteus,35,44,-10,-10,0,0,0,0,1,5,-5,0,0
2016,20,1877*A,Eriogonum umbellatum,32,35,-10,-10,1,0.5,0,1,0,NA,NA,1,1
2017,20,1877*A,Eriogonum umbellatum,32,35,-10,-10,1.5,1,0,0,0,1,0.5,1,0
2018,20,1877*A,Eriogonum umbellatum,32,35,-10,-10,3,1,0,0,0,1.5,1.5,1,0
2019,20,1877*A,Eriogonum umbellatum,32,35,-10,-10,0,0,0,0,1,3,-3,0,0
2016,20,1878*A,Penstemon whippleanus,35,27,-10,-10,1.5,1.5,0,1,0,NA,NA,1,1
2017,20,1878*A,Penstemon whippleanus,35,27,-10,-10,0,0,0,0,1,1.5,-1.5,0,0
2014,20,1879*A,Penstemon whippleanus,5.5,11,-10,-10,8,4,0,0,0,NA,NA,1,NA
2015,20,1879*A,Penstemon whippleanus,5.5,11,-10,-10,8,4,0,0,0,8,0,1,0
2016,20,1879*A,Penstemon whippleanus,5.5,11,-10,-10,8,4,0,0,0,8,0,1,0
2017,20,1879*A,Penstemon whippleanus,5.5,11,-10,-10,21,22,4,0,0,8,13,1,0
2018,20,1879*A,Penstemon whippleanus,5.5,11,-10,-10,10.5,4,0,0,0,21,-10.5,1,0
2019,20,1879*A,Penstemon whippleanus,5.5,11,-10,-10,10.5,14,0,0,0,10.5,0,1,0
2020,20,1879*A,Penstemon whippleanus,5.5,11,-10,-10,14,16,2,0,0,10.5,3.5,1,0
2021,20,1879*A,Penstemon whippleanus,5.5,11,-10,-10,15.5,9,0,0,0,14,1.5,1,0
2014,15,188*A,Lupinus argenteus,190,165,-10,-10,20,10,1,0,0,NA,NA,1,NA
2015,15,188*A,Lupinus argenteus,190,165,-10,-10,0,0,0,0,1,20,-20,0,0
2016,20,1880*A,Heterotheca villosa,15,7,-10,-10,1,1.5,0,1,0,NA,NA,1,1
2017,20,1880*A,Heterotheca villosa,15,7,-10,-10,3,2,0,0,0,1,2,1,0
2018,20,1880*A,Heterotheca villosa,15,7,-10,-10,0,0,0,0,1,3,-3,0,0
2016,20,1881*A,Heterotheca villosa,7,15,-15,0,1,1.5,0,1,0,NA,NA,1,1
2017,20,1881*A,Heterotheca villosa,7,15,-15,0,0,0,0,0,1,1,-1,0,0
2016,20,1882*A,Ivesia gordonii,35,26,-10,-10,2.5,2.5,0,1,0,NA,NA,1,1
2017,20,1882*A,Ivesia gordonii,35,26,-10,-10,5,3,0,0,0,2.5,2.5,1,0
2018,20,1882*A,Ivesia gordonii,35,26,-10,-10,2,3,0,0,0,5,-3,1,0
2019,20,1882*A,Ivesia gordonii,35,26,-10,-10,0,0,0,0,1,2,-2,0,0
2016,20,1883*A,Senecio crassulus,22,21,-10,-10,1,3,0,1,0,NA,NA,1,1
2017,20,1883*A,Senecio crassulus,22,21,-10,-10,0,0,0,0,1,1,-1,0,0
2016,20,1884*A,Senecio crassulus,16,28,-10,-10,2,1,0,1,0,NA,NA,1,1
2017,20,1884*A,Senecio crassulus,16,28,-10,-10,0,0,0,0,1,2,-2,0,0
2015,20,1885*A,Agoseris glauca,13,24,-10,-10,3,7,1,0,0,NA,NA,1,1
2016,20,1885*A,Agoseris glauca,13,24,-10,-10,3,7,1,0,0,3,0,1,0
2017,20,1885*A,Agoseris glauca,13,24,-10,-10,4.5,6,0,0,0,3,1.5,1,0
2018,20,1885*A,Agoseris glauca,13,24,-10,-10,0,0,0,0,1,4.5,-4.5,0,0
2016,20,1886*A,Heterotheca villosa,5,27,-10,0,2,2,0,1,0,NA,NA,1,1
2017,20,1886*A,Heterotheca villosa,5,27,-10,0,0.5,0.3,0,0,0,2,-1.5,1,0
2018,20,1886*A,Heterotheca villosa,5,27,-10,0,0,0,0,0,1,0.5,-0.5,0,0
2016,20,1887*A,Senecio crassulus,1,27,-10,0,1,2,0,1,0,NA,NA,1,1
2017,20,1887*A,Senecio crassulus,1,27,-10,0,0,0,0,0,1,1,-1,0,0
2016,20,1888*A,Lupinus argenteus,16,29,-10,-10,5,4,0,0,0,NA,NA,1,1
2017,20,1888*A,Lupinus argenteus,16,29,-10,-10,0,0,0,0,1,5,-5,0,0
2016,20,1889*A,Eriogonum umbellatum,27.92188477,17.87002525,-30,-30,1,1,0,1,0,NA,NA,1,1
2016,20,1889*B,Eriogonum umbellatum,23.96585209,19.86029248,-30,-30,1,1,0,1,0,NA,NA,1,1
2016,20,1889*C,Eriogonum umbellatum,15.12062164,2.094701734,-30,-30,1,1,0,1,0,NA,NA,1,1
2016,20,1889*D,Eriogonum umbellatum,39.51072812,42.4426623,-30,-30,1,1,0,1,0,NA,NA,1,1
2016,20,1889*E,Eriogonum umbellatum,8.24924864,34.36041867,-30,-30,1,1,0,1,0,NA,NA,1,1
2016,20,1889*F,Eriogonum umbellatum,8.802978874,37.09906684,-30,-30,1,1,0,1,0,NA,NA,1,1
2016,20,1889*G,Eriogonum umbellatum,31.22589093,39.04110082,-30,-30,1,1,0,1,0,NA,NA,1,1
2016,20,1889*H,Eriogonum umbellatum,8.178558258,18.06865788,-30,-30,1,1,0,1,0,NA,NA,1,1
2016,20,1889*I,Eriogonum umbellatum,36.18316182,7.13107015,-30,-30,1,1,0,1,0,NA,NA,1,1
2016,20,1889*J,Eriogonum umbellatum,26.01909165,38.44718909,-30,-30,1,1,0,1,0,NA,NA,1,1
2016,20,1889*K,Eriogonum umbellatum,31.72718518,47.38289886,-30,-30,1,1,0,1,0,NA,NA,1,1
2016,20,1889*L,Eriogonum umbellatum,18.83869098,33.19295881,-30,-30,1,1,0,1,0,NA,NA,1,1
2016,20,1889*M,Eriogonum umbellatum,42.552759,7.264320287,-30,-30,1,1,0,1,1,NA,NA,0,1
2016,20,1889*N,Eriogonum umbellatum,48.39794243,27.34084936,-30,-30,1,1,0,1,1,NA,NA,0,1
2016,20,1889*O,Eriogonum umbellatum,23.65653318,44.27295508,-30,-30,1,1,0,1,1,NA,NA,0,1
2016,20,1889*P,Eriogonum umbellatum,37.74724746,25.43477779,-30,-30,1,1,0,1,1,NA,NA,0,1
2016,20,1889*Q,Eriogonum umbellatum,1.915701801,19.17469872,-30,-30,1,1,0,1,1,NA,NA,0,1
2016,20,1889*R,Eriogonum umbellatum,32.96840515,5.260353043,-30,-30,1,1,0,1,1,NA,NA,0,1
2016,20,1889*S,Eriogonum umbellatum,9.255248021,28.95738511,-30,-30,1,1,0,1,1,NA,NA,0,1
2017,20,1889*A,Eriogonum umbellatum,27.92188477,17.87002525,-30,-30,1.5,1,0,0,0,1,0.5,1,0
2017,20,1889*B,Eriogonum umbellatum,23.96585209,19.86029248,-30,-30,1.5,1,0,0,0,1,0.5,1,0
2017,20,1889*C,Eriogonum umbellatum,15.12062164,2.094701734,-30,-30,1.5,1,0,0,0,1,0.5,1,0
2017,20,1889*D,Eriogonum umbellatum,39.51072812,42.4426623,-30,-30,1.5,1,0,0,1,1,0.5,0,0
2017,20,1889*E,Eriogonum umbellatum,8.24924864,34.36041867,-30,-30,1.5,1,0,0,1,1,0.5,0,0
2017,20,1889*F,Eriogonum umbellatum,8.802978874,37.09906684,-30,-30,1.5,1,0,0,1,1,0.5,0,0
2017,20,1889*G,Eriogonum umbellatum,31.22589093,39.04110082,-30,-30,1.5,1,0,0,1,1,0.5,0,0
2017,20,1889*H,Eriogonum umbellatum,8.178558258,18.06865788,-30,-30,1.5,1,0,0,1,1,0.5,0,0
2017,20,1889*I,Eriogonum umbellatum,36.18316182,7.13107015,-30,-30,1.5,1,0,0,1,1,0.5,0,0
2017,20,1889*J,Eriogonum umbellatum,26.01909165,38.44718909,-30,-30,1.5,1,0,0,1,1,0.5,0,0
2017,20,1889*K,Eriogonum umbellatum,31.72718518,47.38289886,-30,-30,1.5,1,0,0,1,1,0.5,0,0
2017,20,1889*L,Eriogonum umbellatum,18.83869098,33.19295881,-30,-30,1.5,1,0,0,1,1,0.5,0,0
2018,20,1889*A,Eriogonum umbellatum,26.2856293,21.30281111,-30,-30,1,1,0,0,0,1.5,-0.5,1,0
2018,20,1889*B,Eriogonum umbellatum,24.54497492,22.17852869,-30,-30,1,1,0,0,1,1.5,-0.5,0,0
2018,20,1889*C,Eriogonum umbellatum,20.65307352,14.36166876,-30,-30,1,1,0,0,1,1.5,-0.5,0,0
2019,20,1889*A,Eriogonum umbellatum,25,24,-30,-30,0,0,0,0,1,1,-1,0,0
2014,15,189*A,Lupinus argenteus,185,170,-10,-10,6,8,0,0,0,NA,NA,1,NA
2015,15,189*A,Lupinus argenteus,185,170,-10,-10,2.5,1,0,0,0,6,-3.5,1,0
2016,15,189*A,Lupinus argenteus,185,170,-10,-10,7,4.8,0,0,0,2.5,4.5,1,0
2017,15,189*A,Lupinus argenteus,185,170,-10,-10,0,0,0,0,1,7,-7,0,0
2016,21,1890*A,Eriogonum umbellatum,11,124,-10,-10,1,0.5,0,1,0,NA,NA,1,1
2017,21,1890*A,Eriogonum umbellatum,11,124,-10,-10,0,0,0,0,1,1,-1,0,0
2016,21,1891*A,Phacelia hastata,121,177,-10,-10,0.5,0.3,0,1,0,NA,NA,1,1
2017,21,1891*A,Phacelia hastata,121,177,-10,-10,0,0,0,0,1,0.5,-0.5,0,0
2016,21,1892*A,Phacelia hastata,131,187,-10,-10,0.5,0.3,0,1,0,NA,NA,1,1
2017,21,1892*A,Phacelia hastata,131,187,-10,-10,2.5,2,0,0,0,0.5,2,1,0
2018,21,1892*A,Phacelia hastata,131,187,-10,-10,0,0,0,0,1,2.5,-2.5,0,0
2016,21,1893*A,Phacelia hastata,133,170,-10,-10,0.5,0.3,0,1,0,NA,NA,1,1
2017,21,1893*A,Phacelia hastata,133,170,-10,-10,0,0,0,0,1,0.5,-0.5,0,0
2015,21,1894*A,Phacelia hastata,156,55,-10,-10,5,2,0,0,0,NA,NA,1,1
2016,21,1894*A,Phacelia hastata,156,55,-10,-10,5,2,0,0,0,5,0,1,0
2017,21,1894*A,Phacelia hastata,156,55,-10,-10,0,0,0,0,1,5,-5,0,0
2015,21,1895*A,Achnatherum lettermanii,70,98,0,10,7,5,0,0,0,NA,NA,1,1
2016,21,1895*A,Achnatherum lettermanii,70,98,0,10,7,5,0,0,0,7,0,1,0
2017,21,1895*A,Achnatherum lettermanii,70,98,0,10,10,7,8,0,0,7,3,1,0
2018,21,1895*A,Achnatherum lettermanii,70,98,0,10,4.5,3,0,0,0,10,-5.5,1,0
2019,21,1895*A,Achnatherum lettermanii,70,98,0,10,0,0,0,0,1,4.5,-4.5,0,0
2015,21,1896*A,Ivesia gordonii,80,105,0,10,3,3,0,0,0,NA,NA,1,1
2016,21,1896*A,Ivesia gordonii,80,105,0,10,3,3,0,0,0,3,0,1,0
2017,21,1896*A,Ivesia gordonii,80,105,0,10,5.5,4,0,0,0,3,2.5,1,0
2018,21,1896*A,Ivesia gordonii,80,105,0,10,0,0,0,0,1,5.5,-5.5,0,0
2016,22,1897*A,Penstemon whippleanus,3,37,-10,-10,2,2,0,1,0,NA,NA,1,1
2017,22,1897*A,Penstemon whippleanus,3,37,-10,-10,8.5,5,0,0,0,2,6.5,1,0
2018,22,1897*A,Penstemon whippleanus,3,37,-10,-10,10,15.5,2,0,0,8.5,1.5,1,0
2019,22,1897*A,Penstemon whippleanus,3,37,-10,-10,13.5,16,2,0,0,10,3.5,1,0
2020,22,1897*A,Penstemon whippleanus,3,37,-10,-10,16,6,0,0,0,13.5,2.5,1,0
2021,22,1897*A,Penstemon whippleanus,3,37,-10,-10,18.5,14,1,0,0,16,2.5,1,0
2016,22,1898*A,Arenaria congesta,144,22,-10,-10,1,1.5,0,1,0,NA,NA,1,1
2017,22,1898*A,Arenaria congesta,144,22,-10,-10,5,3,0,0,0,1,4,1,0
2018,22,1898*A,Arenaria congesta,144,22,-10,-10,2.5,3,0,0,0,5,-2.5,1,0
2019,22,1898*A,Arenaria congesta,144,22,-10,-10,5,7.5,1,0,0,2.5,2.5,1,0
2020,22,1898*A,Arenaria congesta,144,22,-10,-10,7.5,5,1,0,0,5,2.5,1,0
2021,22,1898*A,Arenaria congesta,144,22,-10,-10,8.5,5,2,0,0,7.5,1,1,0
2016,22,1899*A,Agoseris glauca,144,31,-10,-10,0.5,0.5,0,1,0,NA,NA,1,1
2017,22,1899*A,Agoseris glauca,144,31,-10,-10,1.5,3,0,0,0,0.5,1,1,0
2018,22,1899*A,Agoseris glauca,144,31,-10,-10,0,0,0,0,1,1.5,-1.5,0,0
2014,3,19*A,Ivesia gordonii,66,104,-10,-10,1,1,0,1,0,NA,NA,1,1
2015,3,19*A,Ivesia gordonii,66,104,-10,-10,1.1,0.9,0,0,0,1,0.1,1,0
2016,3,19*A,Ivesia gordonii,66,104,-10,-10,1.5,1.6,0,0,0,1.1,0.4,1,0
2017,3,19*A,Ivesia gordonii,66,104,-10,-10,2.5,2.4,0,0,0,1.5,1,1,0
2018,3,19*A,Ivesia gordonii,66,104,-10,-10,3.5,2.5,0,0,0,2.5,1,1,0
2019,3,19*A,Ivesia gordonii,66,104,-10,-10,7,3.5,0,0,0,3.5,3.5,1,0
2020,3,19*A,Ivesia gordonii,66,104,-10,-10,7,3.5,0,0,0,7,0,1,0
2021,3,19*A,Ivesia gordonii,66,104,-10,-10,8.5,2.5,2,0,0,7,1.5,1,0
2014,15,190*A,Ivesia gordonii,177,177,0,10,6,4,2,0,0,NA,NA,1,NA
2015,15,190*A,Ivesia gordonii,177,177,0,10,6.5,4,1,0,0,6,0.5,1,0
2016,15,190*A,Ivesia gordonii,177,177,0,10,9,5.5,3,0,0,6.5,2.5,1,0
2017,15,190*A,Ivesia gordonii,177,177,0,10,9,6,5,0,0,9,0,1,0
2018,15,190*A,Ivesia gordonii,177,177,0,10,7,4,0,0,0,9,-2,1,0
2019,15,190*A,Ivesia gordonii,177,177,0,10,15,5.5,7,0,0,7,8,1,0
2020,15,190*A,Ivesia gordonii,177,177,0,10,11,6,2,0,0,15,-4,1,0
2021,15,190*A,Ivesia gordonii,177,177,0,10,14,6.5,0,0,0,11,3,1,0
2016,22,1900*A,Phacelia hastata,146,33,-10,-10,4,3,0,1,0,NA,NA,1,1
2017,22,1900*A,Phacelia hastata,146,33,-10,-10,6,3,1,0,0,4,2,1,0
2018,22,1900*A,Phacelia hastata,146,33,-10,-10,0,0,0,0,1,6,-6,0,0
2016,22,1901*A,Eriogonum umbellatum,105,27,-10,-10,0.5,0.5,0,1,0,NA,NA,1,1
2017,22,1901*A,Eriogonum umbellatum,105,27,-10,-10,0,0,0,0,1,0.5,-0.5,0,0
2016,23,1902*A,Lupinus argenteus,175,90,-10,-10,1.5,1.5,0,0,0,NA,NA,1,1
2017,23,1902*A,Lupinus argenteus,175,90,-10,-10,0,0,0,0,1,1.5,-1.5,0,0
2016,23,1903*A,Lupinus argenteus,185,97,-10,-10,4.5,4,0,0,0,NA,NA,1,1
2017,23,1903*A,Lupinus argenteus,185,97,-10,-10,9,5,0,0,0,4.5,4.5,1,0
2018,23,1903*A,Lupinus argenteus,185,97,-10,-10,4,3.5,0,0,0,9,-5,1,0
2019,23,1903*A,Lupinus argenteus,185,97,-10,-10,7,4,0,0,0,4,3,1,0
2020,23,1903*A,Lupinus argenteus,185,97,-10,-10,6.5,3,0,0,0,7,-0.5,1,0
2021,23,1903*A,Lupinus argenteus,185,97,-10,-10,0,0,0,0,0,6.5,-6.5,1,0
2016,24,1904*A,Elymus lanceolatus,72,177,-10,-10,3,7,0,1,0,NA,NA,1,1
2017,24,1904*A,Elymus lanceolatus,72,177,-10,-10,8,9,0,0,0,3,5,1,0
2018,24,1904*A,Elymus lanceolatus,72,177,-10,-10,5,6.5,0,0,0,8,-3,1,0
2019,24,1904*A,Elymus lanceolatus,72,177,-10,-10,4.5,10,0,0,0,5,-0.5,1,0
2020,24,1904*A,Elymus lanceolatus,72,177,-10,-10,2,7,0,0,0,4.5,-2.5,1,0
2021,24,1904*A,Elymus lanceolatus,72,177,-10,-10,0,0,0,0,0,2,-2,1,0
2015,24,1905*A,Agoseris glauca,188,85,-10,-10,2,3.5,0,0,0,NA,NA,1,1
2016,24,1905*A,Agoseris glauca,188,85,-10,-10,2,3.5,0,0,0,2,0,1,0
2017,24,1905*A,Agoseris glauca,188,85,-10,-10,3,6,0,0,0,2,1,1,0
2018,24,1905*A,Agoseris glauca,188,85,-10,-10,2,2,0,0,0,3,-1,1,0
2019,24,1905*A,Agoseris glauca,188,85,-10,-10,1.9,3.5,0,0,0,2,-0.1,1,0
2020,24,1905*A,Agoseris glauca,188,85,-10,-10,0,0,0,0,1,1.9,-1.9,0,0
2016,24,1906*A,Chaenactis douglasii,184,103,-10,-10,0.5,0.5,0,1,0,NA,NA,1,1
2017,24,1906*A,Chaenactis douglasii,184,103,-10,-10,0.5,1,0,0,0,0.5,0,1,0
2018,24,1906*A,Chaenactis douglasii,184,103,-10,-10,0,0,0,0,1,0.5,-0.5,0,0
2015,24,1907*A,Senecio crassulus,158,48,-10,-10,4,6,0,0,0,NA,NA,1,1
2016,24,1907*A,Senecio crassulus,158,48,-10,-10,4,6,0,0,0,4,0,1,0
2017,24,1907*A,Senecio crassulus,158,48,-10,-10,11,9,0,0,0,4,7,1,0
2018,24,1907*A,Senecio crassulus,158,48,-10,-10,0,0,0,0,1,11,-11,0,0
2015,24,1908*A,Senecio crassulus,156,51,-10,-10,4,4,0,0,0,NA,NA,1,1
2016,24,1908*A,Senecio crassulus,156,51,-10,-10,4,4,0,0,0,4,0,1,0
2017,24,1908*A,Senecio crassulus,156,51,-10,-10,9,7,0,0,0,4,5,1,0
2018,24,1908*A,Senecio crassulus,156,51,-10,-10,0,0,0,0,1,9,-9,0,0
2016,24,1909*A,Chaenactis douglasii,124,41,-10,-10,0.5,0.5,0,1,0,NA,NA,1,1
2017,24,1909*A,Chaenactis douglasii,124,41,-10,-10,0,0,0,0,1,0.5,-0.5,0,0
2014,15,191*A,Lupinus argenteus,200,115,-10,-10,14,8,0,0,0,NA,NA,1,NA
2015,15,191*A,Lupinus argenteus,200,115,-10,-10,8.5,4,0,0,0,14,-5.5,1,0
2016,15,191*A,Lupinus argenteus,200,115,-10,-10,0,0,0,0,1,8.5,-8.5,0,0
2016,24,1910*A,Chaenactis douglasii,131,13,-10,-10,0.5,0.5,0,1,0,NA,NA,1,1
2017,24,1910*A,Chaenactis douglasii,131,13,-10,-10,0,0,0,0,1,0.5,-0.5,0,0
2016,25,1911*A,Lupinus argenteus,103,10,-10,-10,6,4.5,0,0,0,NA,NA,1,1
2017,25,1911*A,Lupinus argenteus,103,10,-10,-10,0,0,0,0,1,6,-6,0,0
2016,25,1912*A,Lupinus argenteus,106,7,-10,-10,10,7,0,0,0,NA,NA,1,1
2017,25,1912*A,Lupinus argenteus,106,7,-10,-10,0,0,0,0,1,10,-10,0,0
2016,25,1913*A,Lupinus argenteus,137,23,-10,-10,12,8,0,0,0,NA,NA,1,1
2017,25,1913*A,Lupinus argenteus,137,23,-10,-10,0,0,0,0,1,12,-12,0,0
2016,25,1914*A,Lupinus argenteus,138,29,-10,-10,6.5,5,0,0,0,NA,NA,1,1
2017,25,1914*A,Lupinus argenteus,138,29,-10,-10,0,0,0,0,1,6.5,-6.5,0,0
2016,25,1915*A,Lupinus argenteus,140,33,-10,-10,6,4,0,0,0,NA,NA,1,1
2017,25,1915*A,Lupinus argenteus,140,33,-10,-10,0,0,0,0,1,6,-6,0,0
2016,25,1916*A,Lupinus argenteus,141,42,-10,-10,13,8,0,0,0,NA,NA,1,1
2017,25,1916*A,Lupinus argenteus,141,42,-10,-10,0,0,0,0,1,13,-13,0,0
2016,25,1917*A,Lupinus argenteus,133,42,-10,-10,9,6,0,0,0,NA,NA,1,1
2017,25,1917*A,Lupinus argenteus,133,42,-10,-10,0,0,0,0,1,9,-9,0,0
2016,25,1918*A,Lupinus argenteus,136,45,-10,-10,8,5,0,0,0,NA,NA,1,1
2017,25,1918*A,Lupinus argenteus,136,45,-10,-10,0,0,0,0,1,8,-8,0,0
2016,25,1919*A,Lupinus argenteus,134,51,-10,-10,12,6,0,0,0,NA,NA,1,1
2017,25,1919*A,Lupinus argenteus,134,51,-10,-10,0,0,0,0,1,12,-12,0,0
2014,15,192*A,Lupinus argenteus,185,95,-10,-10,13,9,0,0,0,NA,NA,1,NA
2015,15,192*A,Lupinus argenteus,185,95,-10,-10,0,0,0,0,1,13,-13,0,0
2016,25,1920*A,Lupinus argenteus,156,100,-10,-10,12,6,0,0,0,NA,NA,1,1
2017,25,1920*A,Lupinus argenteus,156,100,-10,-10,0,0,0,0,1,12,-12,0,0
2016,25,1921*A,Lupinus argenteus,143,113,-10,-10,4,2,0,0,0,NA,NA,1,1
2017,25,1921*A,Lupinus argenteus,143,113,-10,-10,0,0,0,0,1,4,-4,0,0
2016,25,1922*A,Lupinus argenteus,150,130,-10,-10,9,6,0,0,0,NA,NA,1,1
2017,25,1922*A,Lupinus argenteus,150,130,-10,-10,0,0,0,0,1,9,-9,0,0
2016,25,1923*A,Lupinus argenteus,124,173,-10,-10,11,7,0,0,0,NA,NA,1,1
2017,25,1923*A,Lupinus argenteus,124,173,-10,-10,0,0,0,0,1,11,-11,0,0
2016,25,1924*A,Lupinus argenteus,170,139,-10,-10,9,5,0,0,0,NA,NA,1,1
2017,25,1924*A,Lupinus argenteus,170,139,-10,-10,0,0,0,0,1,9,-9,0,0
2016,25,1925*A,Lupinus argenteus,192,135,-10,-10,7,5,0,0,0,NA,NA,1,1
2017,25,1925*A,Lupinus argenteus,192,135,-10,-10,0,0,0,0,1,7,-7,0,0
2016,25,1926*A,Lupinus argenteus,195,103,-10,-10,2,3,0,0,0,NA,NA,1,1
2017,25,1926*A,Lupinus argenteus,195,103,-10,-10,5,2,0,0,0,2,3,1,0
2018,25,1926*A,Lupinus argenteus,195,103,-10,-10,0,0,0,0,1,5,-5,0,0
2016,25,1927*A,Lupinus argenteus,170,104,-10,-10,8,5,0,0,0,NA,NA,1,1
2017,25,1927*A,Lupinus argenteus,170,104,-10,-10,0,0,0,0,1,8,-8,0,0
2016,25,1928*A,Lupinus argenteus,180,109,-10,-10,7,5,0,0,0,NA,NA,1,1
2017,25,1928*A,Lupinus argenteus,180,109,-10,-10,0,0,0,0,1,7,-7,0,0
2016,25,1929*A,Lupinus argenteus,187,80,-10,-10,11,5,0,0,0,NA,NA,1,1
2017,25,1929*A,Lupinus argenteus,187,80,-10,-10,0,0,0,0,1,11,-11,0,0
2014,15,193*A,Lupinus argenteus,175,85,-10,-10,8,12,1,0,0,NA,NA,1,NA
2015,15,193*A,Lupinus argenteus,175,85,-10,-10,6,4.5,0,0,0,8,-2,1,0
2016,15,193*A,Lupinus argenteus,175,85,-10,-10,0,0,0,0,1,6,-6,0,0
2016,27,1930*A,Ivesia gordonii,21,116,-10,-10,0.5,0.5,0,1,0,NA,NA,1,1
2017,27,1930*A,Ivesia gordonii,21,116,-10,-10,0,0,0,0,1,0.5,-0.5,0,0
2016,27,1931*A,Eriogonum umbellatum,5,148,0,-10,0.5,1,0,1,0,NA,NA,1,1
2017,27,1931*A,Eriogonum umbellatum,5,148,0,-10,0,0,0,0,1,0.5,-0.5,0,0
2016,27,1932*A,Eriogonum umbellatum,15,152,0,-10,0.5,0.5,0,1,0,NA,NA,1,1
2017,27,1932*A,Eriogonum umbellatum,15,152,0,-10,0,0,0,0,1,0.5,-0.5,0,0
2016,27,1933*A,Eriogonum umbellatum,13,150,0,-10,0.3,0.3,0,1,0,NA,NA,1,1
2017,27,1933*A,Eriogonum umbellatum,13,150,0,-10,0,0,0,0,1,0.3,-0.3,0,0
2016,27,1934*A,Ivesia gordonii,33,165,-5,-5,0.3,0.3,0,1,0,NA,NA,1,1
2017,27,1934*A,Ivesia gordonii,33,165,-5,-5,0.5,0.5,0,0,0,0.3,0.2,1,0
2018,27,1934*A,Ivesia gordonii,33,165,-5,-5,0,0,0,0,1,0.5,-0.5,0,0
2016,27,1935*A,Eriogonum umbellatum,134,102,-10,-10,0.3,1,0,1,0,NA,NA,1,1
2017,27,1935*A,Eriogonum umbellatum,134,102,-10,-10,0,0,0,0,1,0.3,-0.3,0,0
2015,27,1936*A,Agoseris glauca,190,73,-10,-10,2,4,0,0,0,NA,NA,1,1
2016,27,1936*A,Agoseris glauca,190,73,-10,-10,2,4,0,0,0,2,0,1,0
2017,27,1936*A,Agoseris glauca,190,73,-10,-10,4,9,0,0,0,2,2,1,0
2018,27,1936*A,Agoseris glauca,190,73,-10,-10,0,0,0,0,1,4,-4,0,0
2016,27,1937*A,Agoseris glauca,200,65,-10,-10,1.5,5,0,1,0,NA,NA,1,1
2017,27,1937*A,Agoseris glauca,200,65,-10,-10,5,5,0,0,0,1.5,3.5,1,0
2018,27,1937*A,Agoseris glauca,200,65,-10,-10,0,0,0,0,1,5,-5,0,0
2016,27,1938*A,Eriogonum umbellatum,110.4090639,42.14180353,-10,-10,1,1,0,1,0,NA,NA,1,1
2016,27,1938*B,Eriogonum umbellatum,109.8552193,42.42044095,-10,-10,1,1,0,1,1,NA,NA,0,1
2016,27,1938*C,Eriogonum umbellatum,108.616887,39.93325824,-10,-10,1,1,0,1,1,NA,NA,0,1
2016,27,1938*D,Eriogonum umbellatum,112.0315019,45.58197272,-10,-10,1,1,0,1,1,NA,NA,0,1
2016,27,1938*E,Eriogonum umbellatum,107.6548948,44.45045861,-10,-10,1,1,0,1,1,NA,NA,0,1
2016,27,1938*F,Eriogonum umbellatum,107.732417,44.83386936,-10,-10,1,1,0,1,1,NA,NA,0,1
2016,27,1938*G,Eriogonum umbellatum,110.8716247,45.10575411,-10,-10,1,1,0,1,1,NA,NA,0,1
2016,27,1938*H,Eriogonum umbellatum,107.6449982,42.1696121,-10,-10,1,1,0,1,1,NA,NA,0,1
2016,27,1938*I,Eriogonum umbellatum,111.5656427,40.63834982,-10,-10,1,1,0,1,1,NA,NA,0,1
2016,27,1938*J,Eriogonum umbellatum,110.1426728,45.02260647,-10,-10,1,1,0,1,1,NA,NA,0,1
2017,27,1938*A,Eriogonum umbellatum,110,43,-10,-10,3,2,0,0,0,1,2,1,0
2018,27,1938*A,Eriogonum umbellatum,110,43,-10,-10,0,0,0,0,1,3,-3,0,0
2016,28,1939*A,Eriogonum umbellatum,20.0584377,19.8774005,-10,-10,0.5,0.5,0,1,0,NA,NA,1,1
2016,28,1939*B,Eriogonum umbellatum,19.97931704,19.91720585,-10,-10,0.5,0.5,0,1,1,NA,NA,0,1
2017,28,1939*A,Eriogonum umbellatum,20,20,-10,-10,0,0,0,0,1,0.5,-0.5,0,0
2014,15,194*A,Lupinus argenteus,180,105,-10,-10,7,5,0,0,0,NA,NA,1,NA
2015,15,194*A,Lupinus argenteus,180,105,-10,-10,1,0.4,0,0,0,7,-6,1,0
2016,15,194*A,Lupinus argenteus,180,105,-10,-10,0,0,0,0,1,1,-1,0,0
2016,28,1940*A,Eriogonum umbellatum,40,17,0,-10,0.5,1,0,1,0,NA,NA,1,1
2017,28,1940*A,Eriogonum umbellatum,40,17,0,-10,0,0,0,0,1,0.5,-0.5,0,0
2015,28,1941*A,Agoseris glauca,32,27,-10,-10,4,8,0,0,0,NA,NA,1,1
2016,28,1941*A,Agoseris glauca,32,27,-10,-10,4,8,0,0,0,4,0,1,0
2017,28,1941*A,Agoseris glauca,32,27,-10,-10,0,0,0,0,1,4,-4,0,0
2016,28,1942*A,Eriogonum umbellatum,137.1460942,148.6935013,-10,-10,0.5,0.5,0,1,0,NA,NA,1,1
2016,28,1942*B,Eriogonum umbellatum,136.9482926,148.7930146,-10,-10,0.5,0.5,0,1,1,NA,NA,0,1
2017,28,1942*A,Eriogonum umbellatum,137,149,-10,-10,0,0,0,0,1,0.5,-0.5,0,0
2015,28,1944*A,Eriogonum umbellatum,162,101,-10,-10,6,2,0,0,0,NA,NA,1,1
2016,28,1944*A,Eriogonum umbellatum,162,101,-10,-10,6,2,0,0,0,6,0,1,0
2017,28,1944*A,Eriogonum umbellatum,162,101,-10,-10,0,0,0,0,1,6,-6,0,0
2016,28,1945*A,Ivesia gordonii,183,101,-10,-10,2,2,0,1,0,NA,NA,1,1
2017,28,1945*A,Ivesia gordonii,183,101,-10,-10,0,0,0,0,1,2,-2,0,0
2015,28,1946*A,Heterotheca villosa,186,42,-10,-10,5,4,0,0,0,NA,NA,1,1
2016,28,1946*A,Heterotheca villosa,186,42,-10,-10,5,4,0,0,0,5,0,1,0
2017,28,1946*A,Heterotheca villosa,186,42,-10,-10,0,0,0,0,1,5,-5,0,0
2016,28,1947*A,Phacelia hastata,192,15,-10,-10,1.5,1,0,1,0,NA,NA,1,1
2017,28,1947*A,Phacelia hastata,192,15,-10,-10,0,0,0,0,1,1.5,-1.5,0,0
2016,29,1948*A,Lupinus argenteus,8,9,-10,-10,4,3,0,1,0,NA,NA,1,1
2017,29,1948*A,Lupinus argenteus,8,9,-10,-10,9,5,0,0,0,4,5,1,0
2018,29,1948*A,Lupinus argenteus,8,9,-10,-10,0,0,0,0,1,9,-9,0,0
2016,29,1949*A,Lupinus argenteus,52,78,-10,-10,2.5,3,0,1,0,NA,NA,1,1
2017,29,1949*A,Lupinus argenteus,52,78,-10,-10,0,0,0,0,1,2.5,-2.5,0,0
2014,15,195*A,Lupinus argenteus,165,100,-10,-10,22,11,1,0,0,NA,NA,1,NA
2015,15,195*A,Lupinus argenteus,165,100,-10,-10,0,0,0,0,1,22,-22,0,0
2016,29,1950*A,Lupinus argenteus,4,169,0,-10,3,4,0,0,0,NA,NA,1,1
2017,29,1950*A,Lupinus argenteus,4,169,0,-10,0,0,0,0,1,3,-3,0,0
2016,29,1951*A,Chaenactis douglasii,8,177,-10,-10,0.5,0.5,0,1,0,NA,NA,1,1
2017,29,1951*A,Chaenactis douglasii,8,177,-10,-10,0,0,0,0,1,0.5,-0.5,0,0
2016,29,1952*A,Lupinus argenteus,6,175,-10,-10,18,9,0,0,0,NA,NA,1,1
2017,29,1952*A,Lupinus argenteus,6,175,-10,-10,13,3,0,0,0,18,-5,1,0
2018,29,1952*A,Lupinus argenteus,6,175,-10,-10,3.5,3,0,0,0,13,-9.5,1,0
2019,29,1952*A,Lupinus argenteus,6,175,-10,-10,5,5.5,0,0,0,3.5,1.5,1,0
2020,29,1952*A,Lupinus argenteus,6,175,-10,-10,3.5,3,0,0,0,5,-1.5,1,0
2021,29,1952*A,Lupinus argenteus,6,175,-10,-10,0,0,0,0,0,3.5,-3.5,1,0
2016,29,1953*A,Lupinus argenteus,17,184,-10,-10,5,4,0,0,0,NA,NA,1,1
2017,29,1953*A,Lupinus argenteus,17,184,-10,-10,7,2,0,0,0,5,2,1,0
2018,29,1953*A,Lupinus argenteus,17,184,-10,-10,0,0,0,0,1,7,-7,0,0
2016,29,1954*A,Eriogonum umbellatum,15,181,-10,-10,0.3,0.3,0,1,0,NA,NA,1,1
2017,29,1954*A,Eriogonum umbellatum,15,181,-10,-10,0,0,0,0,1,0.3,-0.3,0,0
2015,29,1955*A,Eriogonum umbellatum,50,185,-10,-10,1.5,1.5,0,0,0,NA,NA,1,1
2016,29,1955*A,Eriogonum umbellatum,50,185,-10,-10,1.5,1.5,0,0,0,1.5,0,1,0
2017,29,1955*A,Eriogonum umbellatum,50,185,-10,-10,1.5,1.5,0,0,0,1.5,0,1,0
2018,29,1955*A,Eriogonum umbellatum,50,185,-10,-10,0,0,0,0,1,1.5,-1.5,0,0
2016,29,1956*A,Eriogonum umbellatum,71,160,-10,-10,1,1,0,1,0,NA,NA,1,1
2017,29,1956*A,Eriogonum umbellatum,71,160,-10,-10,1,1,0,0,0,1,0,1,0
2018,29,1956*A,Eriogonum umbellatum,71,160,-10,-10,0,0,0,0,1,1,-1,0,0
2016,29,1957*A,Lupinus argenteus,128,108,-10,-10,6,5,0,0,0,NA,NA,1,1
2017,29,1957*A,Lupinus argenteus,128,108,-10,-10,0,0,0,0,1,6,-6,0,0
2016,29,1958*A,Lupinus argenteus,177,107,-10,-10,4,3,0,0,0,NA,NA,1,1
2017,29,1958*A,Lupinus argenteus,177,107,-10,-10,0,0,0,0,1,4,-4,0,0
2016,29,1959*A,Lupinus argenteus,198,107,-10,-10,8.5,5,0,0,0,NA,NA,1,1
2017,29,1959*A,Lupinus argenteus,198,107,-10,-10,0,0,0,0,1,8.5,-8.5,0,0
2014,15,196*A,Ivesia gordonii,120,95,0,10,14,4,0,0,0,NA,NA,1,NA
2015,15,196*A,Ivesia gordonii,120,95,0,10,16.5,5.5,8,0,0,14,2.5,1,0
2016,15,196*A,Ivesia gordonii,120,95,0,10,19,7,0,0,0,16.5,2.5,1,0
2017,15,196*A,Ivesia gordonii,120,95,0,10,0,0,0,0,1,19,-19,0,0
2015,29,1960*A,Eriogonum umbellatum,183,63,-10,-10,2,1.5,0,0,0,NA,NA,1,1
2016,29,1960*A,Eriogonum umbellatum,183,63,-10,-10,2,1.5,0,0,0,2,0,1,0
2017,29,1960*A,Eriogonum umbellatum,183,63,-10,-10,3,2,0,0,0,2,1,1,0
2018,29,1960*A,Eriogonum umbellatum,183,63,-10,-10,0,0,0,0,1,3,-3,0,0
2016,29,1961*A,Chaenactis douglasii,171,58,-10,-10,1,1,0,1,0,NA,NA,1,1
2017,29,1961*A,Chaenactis douglasii,171,58,-10,-10,0,0,0,0,1,1,-1,0,0
2016,29,1962*A,Lupinus argenteus,158,25,-10,-10,5,3,0,0,0,NA,NA,1,1
2017,29,1962*A,Lupinus argenteus,158,25,-10,-10,0,0,0,0,1,5,-5,0,0
2015,31,1963*A,Agoseris glauca,135,3,-10,-10,1.5,5,0,0,0,NA,NA,1,1
2016,31,1963*A,Agoseris glauca,135,3,-10,-10,1.5,5,0,0,0,1.5,0,1,0
2017,31,1963*A,Agoseris glauca,135,3,-10,-10,0,0,0,0,1,1.5,-1.5,0,0
2016,31,1964*A,Achnatherum lettermanii,118,23,-10,-10,2,13,0,0,0,NA,NA,1,1
2017,31,1964*A,Achnatherum lettermanii,118,23,-10,-10,9,12,0,0,0,2,7,1,0
2018,31,1964*A,Achnatherum lettermanii,118,23,-10,-10,8,13,0,0,0,9,-1,1,0
2019,31,1964*A,Achnatherum lettermanii,118,23,-10,-10,6.5,9.5,0,0,0,8,-1.5,1,0
2020,31,1964*A,Achnatherum lettermanii,118,23,-10,-10,5,4,0,0,0,6.5,-1.5,1,0
2021,31,1964*A,Achnatherum lettermanii,118,23,-10,-10,0,0,0,0,0,5,-5,1,0
2016,32,1965*A,Ivesia gordonii,168.2337508,74.50960202,-10,-10,0.5,0.5,0,1,0,NA,NA,1,1
2016,32,1965*B,Ivesia gordonii,167.9172682,74.6688234,-10,-10,0.5,0.5,0,1,1,NA,NA,0,1
2016,32,1965*C,Ivesia gordonii,167.2096497,73.24757614,-10,-10,0.5,0.5,0,1,1,NA,NA,0,1
2016,32,1965*D,Ivesia gordonii,169.1608582,76.47541298,-10,-10,0.5,0.5,0,1,1,NA,NA,0,1
2016,32,1965*E,Ivesia gordonii,166.6599399,75.82883349,-10,-10,0.5,0.5,0,1,1,NA,NA,0,1
2016,32,1965*F,Ivesia gordonii,166.7042383,76.04792535,-10,-10,0.5,0.5,0,1,1,NA,NA,0,1
2016,32,1965*G,Ivesia gordonii,168.4980713,76.20328807,-10,-10,0.5,0.5,0,1,1,NA,NA,0,1
2017,32,1965*A,Ivesia gordonii,168,75,-10,-10,0,0,0,0,1,0.5,-0.5,0,0
2016,32,1966*A,Ivesia gordonii,166,68,-10,-10,0.5,0.5,0,1,0,NA,NA,1,1
2017,32,1966*A,Ivesia gordonii,166,68,-10,-10,0.5,0.5,0,0,0,0.5,0,1,0
2018,32,1966*A,Ivesia gordonii,166,68,-10,-10,0.8,0.9,0,0,0,0.5,0.3,1,0
2019,32,1966*A,Ivesia gordonii,166,68,-10,-10,0,0,0,0,1,0.8,-0.8,0,0
2016,32,1967*A,Ivesia gordonii,182,59,-10,-10,0.5,0.5,0,1,0,NA,NA,1,1
2017,32,1967*A,Ivesia gordonii,182,59,-10,-10,0.5,0.5,0,0,0,0.5,0,1,0
2018,32,1967*A,Ivesia gordonii,182,59,-10,-10,0.5,0.5,0,0,0,0.5,0,1,0
2019,32,1967*A,Ivesia gordonii,182,59,-10,-10,0.8,1.3,0,0,0,0.5,0.3,1,0
2020,32,1967*A,Ivesia gordonii,182,59,-10,-10,1.5,1.8,0,0,0,0.8,0.7,1,0
2021,32,1967*A,Ivesia gordonii,182,59,-10,-10,3.2,1.5,0,0,0,1.5,1.7,1,0
2016,33,1968*A,Agoseris glauca,1,35,-10,-10,2.5,2.5,0,1,0,NA,NA,1,1
2017,33,1968*A,Agoseris glauca,1,35,-10,-10,7,8,0,0,0,2.5,4.5,1,0
2018,33,1968*A,Agoseris glauca,1,35,-10,-10,0.6,3,0,0,0,7,-6.4,1,0
2019,33,1968*A,Agoseris glauca,1,35,-10,-10,0,0,0,0,1,0.6,-0.6,0,0
2016,33,1969*A,Lupinus argenteus,80,155,-10,-10,17,10,0,0,0,NA,NA,1,1
2017,33,1969*A,Lupinus argenteus,80,155,-10,-10,0,0,0,0,1,17,-17,0,0
2014,15,197*A,Ivesia gordonii,115,90,-10,-10,2,2,0,0,0,NA,NA,1,NA
2015,15,197*A,Ivesia gordonii,115,90,-10,-10,3,2,0,0,0,2,1,1,0
2016,15,197*A,Ivesia gordonii,115,90,-10,-10,6,4,0,0,0,3,3,1,0
2017,15,197*A,Ivesia gordonii,115,90,-10,-10,9.5,5,4,0,0,6,3.5,1,0
2018,15,197*A,Ivesia gordonii,115,90,-10,-10,0,0,0,0,1,9.5,-9.5,0,0
2016,33,1970*A,Elymus lanceolatus,73,180,-10,-10,9,10,0,0,0,NA,NA,1,1
2017,33,1970*A,Elymus lanceolatus,73,180,-10,-10,6,13,0,0,0,9,-3,1,0
2018,33,1970*A,Elymus lanceolatus,73,180,-10,-10,9,16,0,0,0,6,3,1,0
2019,33,1970*A,Elymus lanceolatus,73,180,-10,-10,10.5,14,0,0,0,9,1.5,1,0
2020,33,1970*A,Elymus lanceolatus,73,180,-10,-10,14,11.5,0,0,0,10.5,3.5,1,0
2021,33,1970*A,Elymus lanceolatus,73,180,-10,-10,17.5,12,0,0,0,14,3.5,1,0
2016,33,1971*A,Heterotheca villosa,78,184,-10,-10,1,1,0,1,0,NA,NA,1,1
2017,33,1971*A,Heterotheca villosa,78,184,-10,-10,1,1,0,0,0,1,0,1,0
2018,33,1971*A,Heterotheca villosa,78,184,-10,-10,0,0,0,0,1,1,-1,0,0
2016,33,1972*A,Eriogonum umbellatum,79.52593926,184.8966045,-10,-10,1,1,0,1,0,NA,NA,1,1
2016,33,1972*B,Eriogonum umbellatum,78.81385338,185.2548526,-10,-10,1,1,0,1,1,NA,NA,0,1
2016,33,1972*C,Eriogonum umbellatum,77.2217119,182.0570463,-10,-10,1,1,0,1,1,NA,NA,0,1
2016,33,1972*D,Eriogonum umbellatum,81.61193106,189.3196792,-10,-10,1,1,0,1,1,NA,NA,0,1
2016,33,1972*E,Eriogonum umbellatum,75.98486476,187.8648754,-10,-10,1,1,0,1,1,NA,NA,0,1
2016,33,1972*F,Eriogonum umbellatum,76.0845362,188.357832,-10,-10,1,1,0,1,1,NA,NA,0,1
2016,33,1972*G,Eriogonum umbellatum,80.12066037,188.7073981,-10,-10,1,1,0,1,1,NA,NA,0,1
2016,33,1972*H,Eriogonum umbellatum,75.97214049,184.9323584,-10,-10,1,1,0,1,1,NA,NA,0,1
2016,33,1972*I,Eriogonum umbellatum,81.01296913,182.9635926,-10,-10,1,1,0,1,1,NA,NA,0,1
2016,33,1972*J,Eriogonum umbellatum,79.1834365,188.600494,-10,-10,1,1,0,1,1,NA,NA,0,1
2016,33,1972*K,Eriogonum umbellatum,80.21089333,190.2089218,-10,-10,1,1,0,1,1,NA,NA,0,1
2016,33,1972*L,Eriogonum umbellatum,77.89096438,187.6547326,-10,-10,1,1,0,1,1,NA,NA,0,1
2016,33,1972*M,Eriogonum umbellatum,82.15949662,182.9875777,-10,-10,1,1,0,1,1,NA,NA,0,1
2016,33,1972*N,Eriogonum umbellatum,83.21162964,186.6013529,-10,-10,1,1,0,1,1,NA,NA,0,1
2016,33,1972*O,Eriogonum umbellatum,78.75817597,189.6491319,-10,-10,1,1,0,1,1,NA,NA,0,1
2016,33,1972*P,Eriogonum umbellatum,81.29450454,186.25826,-10,-10,1,1,0,1,1,NA,NA,0,1
2016,33,1972*Q,Eriogonum umbellatum,74.84482632,185.1314458,-10,-10,1,1,0,1,1,NA,NA,0,1
2016,33,1972*R,Eriogonum umbellatum,80.43431293,182.6268635,-10,-10,1,1,0,1,1,NA,NA,0,1
2016,33,1972*S,Eriogonum umbellatum,76.16594464,186.8923293,-10,-10,1,1,0,1,1,NA,NA,0,1
2017,33,1972*A,Eriogonum umbellatum,79,186,-10,-10,0,0,0,0,1,1,-1,0,0
2016,33,1973*A,Chaenactis douglasii,77,191,-10,-10,0.5,0.5,0,1,0,NA,NA,1,1
2017,33,1973*A,Chaenactis douglasii,77,191,-10,-10,0,0,0,0,1,0.5,-0.5,0,0
2016,33,1974*A,Lupinus argenteus,175,112,-10,-10,1.5,1.5,0,0,0,NA,NA,1,1
2017,33,1974*A,Lupinus argenteus,175,112,-10,-10,0,0,0,0,0,1.5,-1.5,1,0
2018,33,1974*A,Lupinus argenteus,175,112,-10,-10,3,2,0,0,0,0,3,1,0
2019,33,1974*A,Lupinus argenteus,175,112,-10,-10,0,0,0,0,1,3,-3,0,0
2016,33,1975*A,Lupinus argenteus,102,189,0,10,9,6,0,0,0,NA,NA,1,1
2017,33,1975*A,Lupinus argenteus,102,189,0,10,5,4,0,0,0,9,-4,1,0
2018,33,1975*A,Lupinus argenteus,102,189,0,10,0,0,0,0,1,5,-5,0,0
2015,33,1976*A,Heterotheca villosa,180,93,-10,-10,2,2,0,0,0,NA,NA,1,1
2016,33,1976*A,Heterotheca villosa,180,93,-10,-10,2,2,0,0,0,2,0,1,0
2017,33,1976*A,Heterotheca villosa,180,93,-10,-10,3.5,1.5,0,0,0,2,1.5,1,0
2018,33,1976*A,Heterotheca villosa,180,93,-10,-10,7.5,3.5,2,0,0,3.5,4,1,0
2019,33,1976*A,Heterotheca villosa,180,93,-10,-10,17.5,7.5,3,0,0,7.5,10,1,0
2020,33,1976*A,Heterotheca villosa,180,93,-10,-10,14.5,6.5,11,0,0,17.5,-3,1,0
2021,33,1976*A,Heterotheca villosa,180,93,-10,-10,23.5,8,23,0,0,14.5,9,1,0
2015,33,1977*A,Heterotheca villosa,179,99,-10,-10,2.5,3,0,0,0,NA,NA,1,1
2016,33,1977*A,Heterotheca villosa,179,99,-10,-10,2.5,3,0,0,0,2.5,0,1,0
2017,33,1977*A,Heterotheca villosa,179,99,-10,-10,0,0,0,0,1,2.5,-2.5,0,0
2016,33,1978*A,Lupinus argenteus,55,155,-10,-10,8.5,7,0,0,0,NA,NA,1,1
2017,33,1978*A,Lupinus argenteus,55,155,-10,-10,0,0,0,0,1,8.5,-8.5,0,0
2016,33,1979*A,Eriogonum umbellatum,53,167,-10,-10,0.8,0.5,0,1,0,NA,NA,1,1
2017,33,1979*A,Eriogonum umbellatum,53,167,-10,-10,1,1,0,0,0,0.8,0.2,1,0
2018,33,1979*A,Eriogonum umbellatum,53,167,-10,-10,0,0,0,0,1,1,-1,0,0
2014,15,198*A,Arenaria congesta,107,80,-10,-10,4,5,2,0,0,NA,NA,1,NA
2015,15,198*A,Arenaria congesta,107,80,-10,-10,14,5.5,7,0,0,4,10,1,0
2016,15,198*A,Arenaria congesta,107,80,-10,-10,9,4,0,0,0,14,-5,1,0
2017,15,198*A,Arenaria congesta,107,80,-10,-10,13,6,6,0,0,9,4,1,0
2018,15,198*A,Arenaria congesta,107,80,-10,-10,10,3,0,0,0,13,-3,1,0
2019,15,198*A,Arenaria congesta,107,80,-10,-10,11,5.5,0,0,0,10,1,1,0
2020,15,198*A,Arenaria congesta,107,80,-10,-10,17.5,7,25,0,0,11,6.5,1,0
2021,15,198*A,Arenaria congesta,107,80,-10,-10,17,7,191,0,0,17.5,-0.5,1,0
2016,33,1980*A,Lupinus argenteus,56,168,-10,-10,9,9,0,0,0,NA,NA,1,1
2017,33,1980*A,Lupinus argenteus,56,168,-10,-10,13,9,0,0,0,9,4,1,0
2018,33,1980*A,Lupinus argenteus,56,168,-10,-10,0,0,0,0,1,13,-13,0,0
2016,33,1981*A,Lupinus argenteus,56,173,-5,-10,3,2,0,0,0,NA,NA,1,1
2017,33,1981*A,Lupinus argenteus,56,173,-5,-10,3,2,0,0,0,3,0,1,0
2018,33,1981*A,Lupinus argenteus,56,173,-5,-10,0,0,0,0,1,3,-3,0,0
2016,33,1982*A,Lupinus argenteus,61,174,-10,-10,11,7,0,0,0,NA,NA,1,1
2017,33,1982*A,Lupinus argenteus,61,174,-10,-10,8,5,0,0,0,11,-3,1,0
2018,33,1982*A,Lupinus argenteus,61,174,-10,-10,0,0,0,0,1,8,-8,0,0
2016,33,1983*A,Lupinus argenteus,61,165,-10,-10,17,8,2,0,0,NA,NA,1,1
2017,33,1983*A,Lupinus argenteus,61,165,-10,-10,1,1,0,0,0,17,-16,1,0
2018,33,1983*A,Lupinus argenteus,61,165,-10,-10,0,0,0,0,1,1,-1,0,0
2016,33,1984*A,Poa stenantha,124,142,-10,-10,4,7,0,0,0,NA,NA,1,1
2017,33,1984*A,Poa stenantha,124,142,-10,-10,0,0,0,0,1,4,-4,0,0
2016,33,1985*A,Lupinus argenteus,151,134,-10,-10,7,6,0,0,0,NA,NA,1,1
2017,33,1985*A,Lupinus argenteus,151,134,-10,-10,0,0,0,0,1,7,-7,0,0
2016,33,1986*A,Eriogonum umbellatum,109,127,-10,-10,1,1,0,1,0,NA,NA,1,1
2017,33,1986*A,Eriogonum umbellatum,109,127,-10,-10,0,0,0,0,1,1,-1,0,0
2016,33,1987*A,Eriogonum umbellatum,119,128,-10,-10,0.3,0.5,0,1,0,NA,NA,1,1
2017,33,1987*A,Eriogonum umbellatum,119,128,-10,-10,0,0,0,0,1,0.3,-0.3,0,0
2016,33,1988*A,Agoseris glauca,124,124,-10,-10,0.3,0.5,0,1,0,NA,NA,1,1
2017,33,1988*A,Agoseris glauca,124,124,-10,-10,0,0,0,0,1,0.3,-0.3,0,0
2016,33,1989*A,Elymus lanceolatus,145,39,-10,-10,7,13,0,0,0,NA,NA,1,1
2017,33,1989*A,Elymus lanceolatus,145,39,-10,-10,11,14,1,0,0,7,4,1,0
2018,33,1989*A,Elymus lanceolatus,145,39,-10,-10,19,19.5,1,0,0,11,8,1,0
2019,33,1989*A,Elymus lanceolatus,145,39,-10,-10,15,15,0,0,0,19,-4,1,0
2020,33,1989*A,Elymus lanceolatus,145,39,-10,-10,14,18.5,0,0,0,15,-1,1,0
2021,33,1989*A,Elymus lanceolatus,145,39,-10,-10,20,22,2,0,0,14,6,1,0
2014,15,199*A,Lupinus argenteus,130,70,-10,-10,16,12,2,0,0,NA,NA,1,NA
2015,15,199*A,Lupinus argenteus,130,70,-10,-10,22,10.5,0,0,0,16,6,1,0
2016,15,199*A,Lupinus argenteus,130,70,-10,-10,0,0,0,0,1,22,-22,0,0
2016,34,1990*A,Lupinus argenteus,200,168,-10,-10,2.5,3,0,0,0,NA,NA,1,1
2017,34,1990*A,Lupinus argenteus,200,168,-10,-10,0,0,0,0,1,2.5,-2.5,0,0
2016,34,1991*A,Elymus lanceolatus,115,60,-10,-10,6,23,0,0,0,NA,NA,1,1
2017,34,1991*A,Elymus lanceolatus,115,60,-10,-10,0,0,0,0,1,6,-6,0,0
2016,34,1992*A,Elymus lanceolatus,118,54,-10,-10,6,27,0,0,0,NA,NA,1,1
2017,34,1992*A,Elymus lanceolatus,118,54,-10,-10,13,17,0,0,0,6,7,1,0
2018,34,1992*A,Elymus lanceolatus,118,54,-10,-10,20,22.5,0,0,0,13,7,1,0
2019,34,1992*A,Elymus lanceolatus,118,54,-10,-10,15.5,28,2,0,0,20,-4.5,1,0
2020,34,1992*A,Elymus lanceolatus,118,54,-10,-10,23,24.5,2,0,0,15.5,7.5,1,0
2021,34,1992*A,Elymus lanceolatus,118,54,-10,-10,32,30,5,0,0,23,9,1,0
2016,34,1993*A,Phacelia hastata,119,56,-10,-10,4.5,3,0,0,0,NA,NA,1,1
2017,34,1993*A,Phacelia hastata,119,56,-10,-10,9,5,0,0,0,4.5,4.5,1,0
2018,34,1993*A,Phacelia hastata,119,56,-10,-10,14,7,2,0,0,9,5,1,0
2019,34,1993*A,Phacelia hastata,119,56,-10,-10,32,13.5,25,0,0,14,18,1,0
2020,34,1993*A,Phacelia hastata,119,56,-10,-10,14,7,0,0,0,32,-18,1,0
2021,34,1993*A,Phacelia hastata,119,56,-10,-10,35,8.5,27,0,0,14,21,1,0
2016,36,1994*A,Lupinus argenteus,86,0,-10,-10,2.5,3,0,0,0,NA,NA,1,1
2017,36,1994*A,Lupinus argenteus,86,0,-10,-10,0,0,0,0,1,2.5,-2.5,0,0
2015,36,1995*A,Agoseris glauca,80,13,-10,-10,12,5,3,0,0,NA,NA,1,1
2016,36,1995*A,Agoseris glauca,80,13,-10,-10,12,5,3,0,0,12,0,1,0
2017,36,1995*A,Agoseris glauca,80,13,-10,-10,16.5,4,3,0,0,12,4.5,1,0
2018,36,1995*A,Agoseris glauca,80,13,-10,-10,0,0,0,0,1,16.5,-16.5,0,0
2016,36,1996*A,Lupinus argenteus,153,5,-10,-10,2.5,4,0,1,0,NA,NA,1,1
2017,36,1996*A,Lupinus argenteus,153,5,-10,-10,2,2,0,0,0,2.5,-0.5,1,0
2018,36,1996*A,Lupinus argenteus,153,5,-10,-10,0,0,0,0,1,2,-2,0,0
2016,36,1997*A,Agoseris glauca,104,160,-10,-10,3,8,0,0,0,NA,NA,1,1
2017,36,1997*A,Agoseris glauca,104,160,-10,-10,9,11,0,0,0,3,6,1,0
2018,36,1997*A,Agoseris glauca,104,160,-10,-10,0,0,0,0,1,9,-9,0,0
2016,36,1998*A,Heterotheca villosa,108,136,-10,-10,2,2,0,1,0,NA,NA,1,1
2017,36,1998*A,Heterotheca villosa,108,136,-10,-10,4,5,1,0,0,2,2,1,0
2018,36,1998*A,Heterotheca villosa,108,136,-10,-10,0,0,0,0,1,4,-4,0,0
2016,36,1999*A,Lupinus argenteus,114,153,10,0,2,4,0,1,0,NA,NA,1,1
2017,36,1999*A,Lupinus argenteus,114,153,10,0,0,0,0,0,1,2,-2,0,0
2014,1,2*A,Ivesia gordonii,7,169,-10,-10,4.5,4,0,0,0,NA,NA,1,NA
2015,1,2*A,Ivesia gordonii,7,169,-10,-10,5.5,3.5,0,0,0,4.5,1,1,0
2016,1,2*A,Ivesia gordonii,7,169,-10,-10,9.5,6,3,0,0,5.5,4,1,0
2017,1,2*A,Ivesia gordonii,7,169,-10,-10,10,5,4,0,0,9.5,0.5,1,0
2018,1,2*A,Ivesia gordonii,7,169,-10,-10,0,0,0,0,1,10,-10,0,0
2014,5,20*A,Lupinus argenteus,25,28,-10,-10,23,11,2,0,0,NA,NA,1,NA
2015,5,20*A,Lupinus argenteus,25,28,-10,-10,15,7,0,0,0,23,-8,1,0
2016,5,20*A,Lupinus argenteus,25,28,-10,-10,6.4,4.9,0,0,0,15,-8.6,1,0
2017,5,20*A,Lupinus argenteus,25,28,-10,-10,0,0,0,0,1,6.4,-6.4,0,0
2014,15,200*A,Lupinus argenteus,125,40,-10,-10,19,16,3,0,0,NA,NA,1,NA
2015,15,200*A,Lupinus argenteus,125,40,-10,-10,21,11.5,0,0,0,19,2,1,0
2016,15,200*A,Lupinus argenteus,125,40,-10,-10,13,9,0,0,0,21,-8,1,0
2017,15,200*A,Lupinus argenteus,125,40,-10,-10,0,0,0,0,1,13,-13,0,0
2016,36,2000*A,Agoseris glauca,112,153,10,0,1,2,0,1,0,NA,NA,1,1
2017,36,2000*A,Agoseris glauca,112,153,10,0,1.3,3,0,0,0,1,0.3,1,0
2018,36,2000*A,Agoseris glauca,112,153,10,0,0,0,0,0,1,1.3,-1.3,0,0
2016,36,2001*A,Agoseris glauca,102,152,0,-10,0.3,0.5,0,1,0,NA,NA,1,1
2017,36,2001*A,Agoseris glauca,102,152,0,-10,1,2.5,0,0,0,0.3,0.7,1,0
2018,36,2001*A,Agoseris glauca,102,152,0,-10,0,0,0,0,1,1,-1,0,0
2015,36,2002*A,Lupinus argenteus,178,128,-10,-10,2.5,2.5,0,0,0,NA,NA,1,1
2016,36,2002*A,Lupinus argenteus,178,128,-10,-10,2.5,2.5,0,0,0,2.5,0,1,0
2017,36,2002*A,Lupinus argenteus,178,128,-10,-10,0,0,0,0,1,2.5,-2.5,0,0
2014,36,2003*A,Eriogonum umbellatum,97,157,-10,-10,70,3.5,105,0,0,NA,NA,1,NA
2015,36,2003*A,Eriogonum umbellatum,97,157,-10,-10,70,3.5,105,0,0,70,0,1,0
2016,36,2003*A,Eriogonum umbellatum,97,157,-10,-10,79,3.5,193,0,0,70,9,1,0
2017,36,2003*A,Eriogonum umbellatum,97,157,-10,-10,75,5,120,0,0,79,-4,1,0
2018,36,2003*A,Eriogonum umbellatum,97,157,-10,-10,81,3,166,0,0,75,6,1,0
2019,36,2003*A,Eriogonum umbellatum,97,157,-10,-10,77,7.5,105,0,0,81,-4,1,0
2020,36,2003*A,Eriogonum umbellatum,97,157,-10,-10,71,3,65,0,0,77,-6,1,0
2021,36,2003*A,Eriogonum umbellatum,97,157,-10,-10,63.5,2.5,65,0,0,71,-7.5,1,0
2016,37,2004*A,Ivesia gordonii,52,2,-10,-10,0.3,0.3,0,1,0,NA,NA,1,1
2017,37,2004*A,Ivesia gordonii,52,2,-10,-10,1.5,1.2,0,0,0,0.3,1.2,1,0
2018,37,2004*A,Ivesia gordonii,52,2,-10,-10,0,0,0,0,1,1.5,-1.5,0,0
2016,37,2005*A,Poa stenantha,50,0,-10,-10,1,2,0,1,0,NA,NA,1,1
2017,37,2005*A,Poa stenantha,50,0,-10,-10,1.5,2.5,0,0,0,1,0.5,1,0
2018,37,2005*A,Poa stenantha,50,0,-10,-10,3,4,0,0,0,1.5,1.5,1,0
2019,37,2005*A,Poa stenantha,50,0,-10,-10,8.1,6,0,0,0,3,5.1,1,0
2020,37,2005*A,Poa stenantha,50,0,-10,-10,4.5,2.5,0,0,0,8.1,-3.6,1,0
2021,37,2005*A,Poa stenantha,50,0,-10,-10,0,0,0,0,0,4.5,-4.5,1,0
2016,37,2006*A,Ivesia gordonii,54,7,-10,-10,0.3,0.3,0,1,0,NA,NA,1,1
2017,37,2006*A,Ivesia gordonii,54,7,-10,-10,0,0,0,0,1,0.3,-0.3,0,0
2016,37,2007*A,Ivesia gordonii,57,17,-10,-10,0.3,0.3,0,1,0,NA,NA,1,1
2017,37,2007*A,Ivesia gordonii,57,17,-10,-10,0,0,0,0,1,0.3,-0.3,0,0
2016,37,2008*A,Agoseris glauca,59,13,-10,-10,0.3,0.5,0,1,0,NA,NA,1,1
2017,37,2008*A,Agoseris glauca,59,13,-10,-10,0,0,0,0,1,0.3,-0.3,0,0
2016,37,2009*A,Ivesia gordonii,54,24,-10,-10,0.3,0.3,0,1,0,NA,NA,1,1
2017,37,2009*A,Ivesia gordonii,54,24,-10,-10,0,0,0,0,1,0.3,-0.3,0,0
2014,15,201*A,Lupinus argenteus,135,50,-10,-10,35,13,7,0,0,NA,NA,1,NA
2015,15,201*A,Lupinus argenteus,135,50,-10,-10,0,0,0,0,0,35,-35,1,0
2016,15,201*A,Lupinus argenteus,135,50,-10,-10,3,2,0,0,0,0,3,1,0
2017,15,201*A,Lupinus argenteus,135,50,-10,-10,0,0,0,0,1,3,-3,0,0
2016,37,2010*A,Ivesia gordonii,58,28,-10,-10,0.3,0.3,0,1,0,NA,NA,1,1
2017,37,2010*A,Ivesia gordonii,58,28,-10,-10,0,0,0,0,1,0.3,-0.3,0,0
2016,37,2011*A,Ivesia gordonii,59,27,-10,-10,0.5,0.5,0,1,0,NA,NA,1,1
2017,37,2011*A,Ivesia gordonii,59,27,-10,-10,0,0,0,0,1,0.5,-0.5,0,0
2016,37,2012*A,Ivesia gordonii,67,26,-10,-10,0.3,0.3,0,1,0,NA,NA,1,1
2017,37,2012*A,Ivesia gordonii,67,26,-10,-10,0,0,0,0,1,0.3,-0.3,0,0
2016,37,2013*A,Ivesia gordonii,82,25,-10,-10,0.3,0.3,0,1,0,NA,NA,1,1
2017,37,2013*A,Ivesia gordonii,82,25,-10,-10,0,0,0,0,1,0.3,-0.3,0,0
2016,37,2014*A,Ivesia gordonii,79.11687539,28.75480101,-10,-10,0.3,0.5,0,1,0,NA,NA,1,1
2016,37,2014*B,Ivesia gordonii,78.95863408,28.8344117,-10,-10,0.3,0.5,0,1,1,NA,NA,0,1
2016,37,2014*C,Ivesia gordonii,78.60482487,28.12378807,-10,-10,0.3,0.5,0,1,1,NA,NA,0,1
2017,37,2014*A,Ivesia gordonii,79,29,-10,-10,0,0,0,0,1,0.3,-0.3,0,0
2016,37,2015*A,Ivesia gordonii,86,27,-10,-10,0.3,0.3,0,1,0,NA,NA,1,1
2017,37,2015*A,Ivesia gordonii,86,27,-10,-10,0,0,0,0,1,0.3,-0.3,0,0
2016,37,2016*A,Ivesia gordonii,87,29,0,-10,0.2,0.2,0,1,0,NA,NA,1,1
2017,37,2016*A,Ivesia gordonii,87,29,0,-10,0,0,0,0,1,0.2,-0.2,0,0
2016,37,2017*A,Ivesia gordonii,82,37,-10,-10,0.2,0.2,0,1,0,NA,NA,1,1
2017,37,2017*A,Ivesia gordonii,82,37,-10,-10,0,0,0,0,1,0.2,-0.2,0,0
2016,37,2018*A,Eriogonum umbellatum,59,60,-10,-10,1.5,0.5,0,1,0,NA,NA,1,1
2017,37,2018*A,Eriogonum umbellatum,59,60,-10,-10,2,1,0,0,0,1.5,0.5,1,0
2018,37,2018*A,Eriogonum umbellatum,59,60,-10,-10,1.5,0.5,0,0,0,2,-0.5,1,0
2019,37,2018*A,Eriogonum umbellatum,59,60,-10,-10,0.7,0.5,0,0,0,1.5,-0.8,1,0
2020,37,2018*A,Eriogonum umbellatum,59,60,-10,-10,1,0.7,0,0,0,0.7,0.3,1,0
2021,37,2018*A,Eriogonum umbellatum,59,60,-10,-10,1.3,1.1,0,0,0,1,0.3,1,0
2016,37,2019*A,Ivesia gordonii,63,66,-10,-10,0.3,0.3,0,1,0,NA,NA,1,1
2017,37,2019*A,Ivesia gordonii,63,66,-10,-10,0,0,0,0,1,0.3,-0.3,0,0
2014,15,202*A,Lupinus argenteus,155,40,-10,-10,17,11,1,0,0,NA,NA,1,NA
2015,15,202*A,Lupinus argenteus,155,40,-10,-10,16.5,10.5,0,0,0,17,-0.5,1,0
2016,15,202*A,Lupinus argenteus,155,40,-10,-10,7.7,6.5,0,0,0,16.5,-8.8,1,0
2017,15,202*A,Lupinus argenteus,155,40,-10,-10,0,0,0,0,1,7.7,-7.7,0,0
2016,37,2020*A,Ivesia gordonii,70.64281465,68.65140555,-10,-10,0.5,0.5,0,1,0,NA,NA,1,1
2016,37,2020*B,Ivesia gordonii,69.77248746,69.08926435,-10,-10,0.5,0.5,0,1,1,NA,NA,0,1
2016,37,2020*C,Ivesia gordonii,67.82653676,65.18083438,-10,-10,0.5,0.5,0,1,1,NA,NA,0,1
2016,37,2020*D,Ivesia gordonii,73.19236019,74.05738571,-10,-10,0.5,0.5,0,1,1,NA,NA,0,1
2017,37,2020*A,Ivesia gordonii,70,70,-10,-10,1,1,0,0,0,0.5,0.5,1,0
2018,37,2020*A,Ivesia gordonii,70,70,-10,-10,0,0,0,0,1,1,-1,0,0
2016,37,2021*A,Agoseris glauca,73,72,10,0,0.5,1,0,1,0,NA,NA,1,1
2017,37,2021*A,Agoseris glauca,73,72,10,0,0,0,0,0,1,0.5,-0.5,0,0
2016,37,2022*A,Lupinus argenteus,64,72,-10,-10,8,5,0,0,0,NA,NA,1,1
2017,37,2022*A,Lupinus argenteus,64,72,-10,-10,16,8,0,0,0,8,8,1,0
2018,37,2022*A,Lupinus argenteus,64,72,-10,-10,0,0,0,0,1,16,-16,0,0
2016,37,2023*A,Lupinus argenteus,59,73,-10,-10,9,4,0,0,0,NA,NA,1,1
2017,37,2023*A,Lupinus argenteus,59,73,-10,-10,0,0,0,0,0,9,-9,1,0
2018,37,2023*A,Lupinus argenteus,59,73,-10,-10,5.5,4.5,0,0,0,0,5.5,1,0
2019,37,2023*A,Lupinus argenteus,59,73,-10,-10,0,0,0,0,1,5.5,-5.5,0,0
2016,37,2024*A,Lupinus argenteus,74,74,10,0,5,3,0,0,0,NA,NA,1,1
2017,37,2024*A,Lupinus argenteus,74,74,10,0,0,0,0,0,1,5,-5,0,0
2016,37,2025*A,Agoseris glauca,83,96,-10,-10,2,3,0,0,0,NA,NA,1,1
2017,37,2025*A,Agoseris glauca,83,96,-10,-10,2,4,0,0,0,2,0,1,0
2018,37,2025*A,Agoseris glauca,83,96,-10,-10,0,0,0,0,1,2,-2,0,0
2016,37,2026*A,Ivesia gordonii,86.23375078,103.509602,-10,-10,0.5,0.5,0,1,0,NA,NA,1,1
2016,37,2026*B,Ivesia gordonii,85.91726817,103.6688234,-10,-10,0.5,0.5,0,1,1,NA,NA,0,1
2016,37,2026*C,Ivesia gordonii,85.20964973,102.2475761,-10,-10,0.5,0.5,0,1,1,NA,NA,0,1
2016,37,2026*D,Ivesia gordonii,87.16085825,105.475413,-10,-10,0.5,0.5,0,1,1,NA,NA,0,1
2017,37,2026*A,Ivesia gordonii,86,104,-10,-10,9,7.5,0,0,0,0.5,8.5,1,0
2018,37,2026*A,Ivesia gordonii,86,104,-10,-10,0,0,0,0,1,9,-9,0,0
2015,37,2027*A,Senecio crassulus,84,102,-10,-10,2,3,0,0,0,NA,NA,1,1
2016,37,2027*A,Senecio crassulus,84,102,-10,-10,2,3,0,0,0,2,0,1,0
2017,37,2027*A,Senecio crassulus,84,102,-10,-10,0,0,0,0,0,2,-2,1,0
2018,37,2027*A,Senecio crassulus,84,102,-10,-10,5,6,0,0,0,0,5,1,0
2019,37,2027*A,Senecio crassulus,84,102,-10,-10,11,11,0,0,0,5,6,1,0
2020,37,2027*A,Senecio crassulus,84,102,-10,-10,11.5,11.5,0,0,0,11,0.5,1,0
2021,37,2027*A,Senecio crassulus,84,102,-10,-10,0,0,0,0,0,11.5,-11.5,1,0
2015,37,2028*A,Ivesia gordonii,76,102,-10,-10,2,1,0,0,0,NA,NA,1,1
2016,37,2028*A,Ivesia gordonii,76,102,-10,-10,2,1,0,0,0,2,0,1,0
2017,37,2028*A,Ivesia gordonii,76,102,-10,-10,2.5,2.5,0,0,0,2,0.5,1,0
2018,37,2028*A,Ivesia gordonii,76,102,-10,-10,3,3,0,0,0,2.5,0.5,1,0
2019,37,2028*A,Ivesia gordonii,76,102,-10,-10,4.5,3,0,0,0,3,1.5,1,0
2020,37,2028*A,Ivesia gordonii,76,102,-10,-10,5,2,0,0,0,4.5,0.5,1,0
2021,37,2028*A,Ivesia gordonii,76,102,-10,-10,7.7,3.5,0,0,0,5,2.7,1,0
2016,37,2029*A,Eriogonum umbellatum,80,109,-10,-10,0.5,0.3,0,1,0,NA,NA,1,1
2017,37,2029*A,Eriogonum umbellatum,80,109,-10,-10,1.5,1,0,0,0,0.5,1,1,0
2018,37,2029*A,Eriogonum umbellatum,80,109,-10,-10,0,0,0,0,1,1.5,-1.5,0,0
2014,15,203*A,Lupinus argenteus,185,55,-10,-10,18,12,1,0,0,NA,NA,1,NA
2015,15,203*A,Lupinus argenteus,185,55,-10,-10,10.5,5,0,0,0,18,-7.5,1,0
2016,15,203*A,Lupinus argenteus,185,55,-10,-10,9,8,0,0,0,10.5,-1.5,1,0
2017,15,203*A,Lupinus argenteus,185,55,-10,-10,11,7,0,0,0,9,2,1,0
2018,15,203*A,Lupinus argenteus,185,55,-10,-10,0,0,0,0,1,11,-11,0,0
2016,37,2030*A,Ivesia gordonii,48,142,-10,-10,0.3,0.3,0,1,0,NA,NA,1,1
2017,37,2030*A,Ivesia gordonii,48,142,-10,-10,1.5,1,0,0,0,0.3,1.2,1,0
2018,37,2030*A,Ivesia gordonii,48,142,-10,-10,2,2,0,0,0,1.5,0.5,1,0
2019,37,2030*A,Ivesia gordonii,48,142,-10,-10,5.5,2.5,0,0,0,2,3.5,1,0
2020,37,2030*A,Ivesia gordonii,48,142,-10,-10,7,3,0,0,0,5.5,1.5,1,0
2021,37,2030*A,Ivesia gordonii,48,142,-10,-10,0,0,0,0,0,7,-7,1,0
2016,37,2031*A,Eriogonum umbellatum,5,177,-10,-10,0.3,0.5,0,1,0,NA,NA,1,1
2017,37,2031*A,Eriogonum umbellatum,5,177,-10,-10,0,0,0,0,1,0.3,-0.3,0,0
2016,37,2032*A,Heterotheca villosa,111,187,-10,-10,1,0.5,0,1,0,NA,NA,1,1
2017,37,2032*A,Heterotheca villosa,111,187,-10,-10,0,0,0,0,1,1,-1,0,0
2016,37,2033*A,Lupinus argenteus,96,147,-10,-10,7,7,0,0,0,NA,NA,1,1
2017,37,2033*A,Lupinus argenteus,96,147,-10,-10,7,6,0,0,0,7,0,1,0
2018,37,2033*A,Lupinus argenteus,96,147,-10,-10,5.5,4,0,0,0,7,-1.5,1,0
2019,37,2033*A,Lupinus argenteus,96,147,-10,-10,4.5,3.5,0,0,0,5.5,-1,1,0
2020,37,2033*A,Lupinus argenteus,96,147,-10,-10,4,4,0,0,0,4.5,-0.5,1,0
2021,37,2033*A,Lupinus argenteus,96,147,-10,-10,5,4,0,0,0,4,1,1,0
2016,37,2034*A,Lupinus argenteus,70,156,-10,-10,8,5,0,0,0,NA,NA,1,1
2017,37,2034*A,Lupinus argenteus,70,156,-10,-10,0,0,0,0,1,8,-8,0,0
2016,37,2035*A,Ivesia gordonii,110.8765654,154.1610076,-10,-10,0.5,0.5,0,1,0,NA,NA,1,1
2016,37,2035*B,Ivesia gordonii,109.6897556,154.7580877,-10,-10,0.5,0.5,0,1,0,NA,NA,1,1
2016,37,2035*C,Ivesia gordonii,107.0361865,149.4284105,-10,-10,0.5,0.5,0,1,0,NA,NA,1,1
2016,37,2035*D,Ivesia gordonii,114.3532184,161.5327987,-10,-10,0.5,0.5,0,1,0,NA,NA,1,1
2016,37,2035*E,Ivesia gordonii,104.9747746,159.1081256,-10,-10,0.5,0.5,0,1,0,NA,NA,1,1
2016,37,2035*F,Ivesia gordonii,105.1408937,159.9297201,-10,-10,0.5,0.5,0,1,0,NA,NA,1,1
2016,37,2035*G,Ivesia gordonii,111.8677673,160.5123302,-10,-10,0.5,0.5,0,1,0,NA,NA,1,1
2016,37,2035*H,Ivesia gordonii,104.9535675,154.2205974,-10,-10,0.5,0.5,0,1,0,NA,NA,1,1
2016,37,2035*I,Ivesia gordonii,113.3549485,150.939321,-10,-10,0.5,0.5,0,1,0,NA,NA,1,1
2016,37,2035*J,Ivesia gordonii,110.3057275,160.3341567,-10,-10,0.5,0.5,0,1,0,NA,NA,1,1
2016,37,2035*K,Ivesia gordonii,112.0181556,163.0148697,-10,-10,0.5,0.5,0,1,0,NA,NA,1,1
2016,37,2035*L,Ivesia gordonii,108.1516073,158.7578876,-10,-10,0.5,0.5,0,1,1,NA,NA,0,1
2016,37,2035*M,Ivesia gordonii,115.2658277,150.9792961,-10,-10,0.5,0.5,0,1,1,NA,NA,0,1
2016,37,2035*N,Ivesia gordonii,117.0193827,157.0022548,-10,-10,0.5,0.5,0,1,1,NA,NA,0,1
2016,37,2035*O,Ivesia gordonii,109.59696,162.0818865,-10,-10,0.5,0.5,0,1,1,NA,NA,0,1
2017,37,2035*A,Ivesia gordonii,110.8765654,154.1610076,-10,-10,1.5,1.5,0,0,0,0.5,1,1,0
2017,37,2035*B,Ivesia gordonii,109.6897556,154.7580877,-10,-10,1.5,1.5,0,0,0,0.5,1,1,0
2017,37,2035*C,Ivesia gordonii,107.0361865,149.4284105,-10,-10,1.5,1.5,0,0,0,0.5,1,1,0
2017,37,2035*D,Ivesia gordonii,114.3532184,161.5327987,-10,-10,1.5,1.5,0,0,0,0.5,1,1,0
2017,37,2035*E,Ivesia gordonii,104.9747746,159.1081256,-10,-10,1.5,1.5,0,0,0,0.5,1,1,0
2017,37,2035*F,Ivesia gordonii,105.1408937,159.9297201,-10,-10,1.5,1.5,0,0,0,0.5,1,1,0
2017,37,2035*G,Ivesia gordonii,111.8677673,160.5123302,-10,-10,1.5,1.5,0,0,1,0.5,1,0,0
2017,37,2035*H,Ivesia gordonii,104.9535675,154.2205974,-10,-10,1.5,1.5,0,0,1,0.5,1,0,0
2017,37,2035*I,Ivesia gordonii,113.3549485,150.939321,-10,-10,1.5,1.5,0,0,1,0.5,1,0,0
2017,37,2035*J,Ivesia gordonii,110.3057275,160.3341567,-10,-10,1.5,1.5,0,0,1,0.5,1,0,0
2017,37,2035*K,Ivesia gordonii,112.0181556,163.0148697,-10,-10,1.5,1.5,0,0,1,0.5,1,0,0
2018,37,2035*A,Ivesia gordonii,110.7304712,154.4675063,-10,-10,2,2,0,0,0,1.5,0.5,1,0
2018,37,2035*B,Ivesia gordonii,109.741463,154.9650731,-10,-10,2,2,0,0,0,1.5,0.5,1,0
2018,37,2035*C,Ivesia gordonii,107.5301554,150.5236754,-10,-10,2,2,0,0,0,1.5,0.5,1,0
2018,37,2035*D,Ivesia gordonii,113.627682,160.6106656,-10,-10,2,2,0,0,0,1.5,0.5,1,0
2018,37,2035*E,Ivesia gordonii,105.8123122,158.5901047,-10,-10,2,2,0,0,0,1.5,0.5,1,0
2018,37,2035*F,Ivesia gordonii,105.9507447,159.2747667,-10,-10,2,2,0,0,1,1.5,0.5,0,0
2019,37,2035*A,Ivesia gordonii,110.9057843,154.0997078,-10,-10,5,2.7,0,0,0,2,3,1,0
2019,37,2035*B,Ivesia gordonii,109.6794141,154.7166907,-10,-10,5,2.7,0,0,1,2,3,0,0
2019,37,2035*C,Ivesia gordonii,106.9373927,149.2093575,-10,-10,5,2.7,0,0,1,2,3,0,0
2019,37,2035*D,Ivesia gordonii,114.4983257,161.7172253,-10,-10,5,2.7,0,0,1,2,3,0,0
2019,37,2035*E,Ivesia gordonii,104.8072671,159.2117298,-10,-10,5,2.7,0,0,1,2,3,0,0
2020,37,2035*A,Ivesia gordonii,110,156,-10,-10,11,4,1,0,0,5,6,1,0
2021,37,2035*A,Ivesia gordonii,110,156,-10,-10,17,4.5,0,0,0,11,6,1,0
2016,37,2036*A,Lupinus argenteus,128,178,-10,-10,9,6,0,0,0,NA,NA,1,1
2017,37,2036*A,Lupinus argenteus,128,178,-10,-10,5,3,0,0,0,9,-4,1,0
2018,37,2036*A,Lupinus argenteus,128,178,-10,-10,0,0,0,0,1,5,-5,0,0
2016,37,2037*A,Lupinus argenteus,134,178,-10,-10,12,8,0,0,0,NA,NA,1,1
2017,37,2037*A,Lupinus argenteus,134,178,-10,-10,0,0,0,0,1,12,-12,0,0
2016,37,2038*A,Lupinus argenteus,140,175,-10,-10,11,7,0,0,0,NA,NA,1,1
2017,37,2038*A,Lupinus argenteus,140,175,-10,-10,0,0,0,0,1,11,-11,0,0
2016,37,2039*A,Ivesia gordonii,137,168,-10,-10,0.5,0.3,0,0,0,NA,NA,1,1
2017,37,2039*A,Ivesia gordonii,137,168,-10,-10,0,0,0,0,1,0.5,-0.5,0,0
2014,15,204*A,Lupinus argenteus,95,10,-10,-10,19,9,1,0,0,NA,NA,1,NA
2015,15,204*A,Lupinus argenteus,95,10,-10,-10,11.5,6.5,0,0,0,19,-7.5,1,0
2016,15,204*A,Lupinus argenteus,95,10,-10,-10,0,0,0,0,1,11.5,-11.5,0,0
2016,37,2040*A,Ivesia gordonii,168,145,-10,-10,0.5,0.3,0,1,0,NA,NA,1,1
2017,37,2040*A,Ivesia gordonii,168,145,-10,-10,1,1,0,0,0,0.5,0.5,1,0
2018,37,2040*A,Ivesia gordonii,168,145,-10,-10,0,0,0,0,1,1,-1,0,0
2016,37,2041*A,Ivesia gordonii,98,90,-10,-10,1,1.5,0,1,0,NA,NA,1,1
2017,37,2041*A,Ivesia gordonii,98,90,-10,-10,0,0,0,0,1,1,-1,0,0
2016,37,2042*A,Lupinus argenteus,165,70,-10,-10,12,7,0,0,0,NA,NA,1,1
2017,37,2042*A,Lupinus argenteus,165,70,-10,-10,8.5,5,0,0,0,12,-3.5,1,0
2018,37,2042*A,Lupinus argenteus,165,70,-10,-10,0,0,0,0,1,8.5,-8.5,0,0
2016,37,2043*A,Lupinus argenteus,181,38,-10,-10,8,5,0,0,0,NA,NA,1,1
2017,37,2043*A,Lupinus argenteus,181,38,-10,-10,6.5,3,0,0,0,8,-1.5,1,0
2018,37,2043*A,Lupinus argenteus,181,38,-10,-10,0,0,0,0,1,6.5,-6.5,0,0
2016,37,2044*A,Lupinus argenteus,189,33,-10,-10,1.5,1.5,0,0,0,NA,NA,1,1
2017,37,2044*A,Lupinus argenteus,189,33,-10,-10,0,0,0,0,1,1.5,-1.5,0,0
2016,37,2045*A,Lupinus argenteus,180,14,-10,-10,19,12,0,0,0,NA,NA,1,1
2017,37,2045*A,Lupinus argenteus,180,14,-10,-10,0,0,0,0,1,19,-19,0,0
2016,37,2046*A,Eriogonum umbellatum,194,38,-10,-10,1,0.8,0,0,0,NA,NA,1,1
2017,37,2046*A,Eriogonum umbellatum,194,38,-10,-10,1.5,1,0,0,0,1,0.5,1,0
2018,37,2046*A,Eriogonum umbellatum,194,38,-10,-10,0,0,0,0,1,1.5,-1.5,0,0
2016,40,2047*A,Elymus lanceolatus,48,16,-10,-10,5,7,0,0,0,NA,NA,1,1
2017,40,2047*A,Elymus lanceolatus,48,16,-10,-10,12,10,0,0,0,5,7,1,0
2018,40,2047*A,Elymus lanceolatus,48,16,-10,-10,20.5,21,8,0,0,12,8.5,1,0
2019,40,2047*A,Elymus lanceolatus,48,16,-10,-10,22.5,24.5,29,0,0,20.5,2,1,0
2020,40,2047*A,Elymus lanceolatus,48,16,-10,-10,22.5,14.5,0,0,0,22.5,0,1,0
2021,40,2047*A,Elymus lanceolatus,48,16,-10,-10,24.5,22.5,7,0,0,22.5,2,1,0
2016,41,2048*A,Ivesia gordonii,30,12,-10,-10,0.4,0.2,0,1,0,NA,NA,1,1
2017,41,2048*A,Ivesia gordonii,30,12,-10,-10,3,2,0,0,0,0.4,2.6,1,0
2018,41,2048*A,Ivesia gordonii,30,12,-10,-10,6,3,1,0,0,3,3,1,0
2019,41,2048*A,Ivesia gordonii,30,12,-10,-10,7.2,5,0,0,0,6,1.2,1,0
2020,41,2048*A,Ivesia gordonii,30,12,-10,-10,12.5,8,3,0,0,7.2,5.3,1,0
2021,41,2048*A,Ivesia gordonii,30,12,-10,-10,0,0,0,0,0,12.5,-12.5,1,0
2015,41,2049*A,Arenaria congesta,67,52,-10,-10,1.3,2.5,0,0,0,NA,NA,1,1
2016,41,2049*A,Arenaria congesta,67,52,-10,-10,1.3,2.5,0,0,0,1.3,0,1,0
2017,41,2049*A,Arenaria congesta,67,52,-10,-10,5,3,0,0,0,1.3,3.7,1,0
2018,41,2049*A,Arenaria congesta,67,52,-10,-10,6,4,3,0,0,5,1,1,0
2019,41,2049*A,Arenaria congesta,67,52,-10,-10,11.5,8.5,10,0,0,6,5.5,1,0
2020,41,2049*A,Arenaria congesta,67,52,-10,-10,12,6.5,4,0,0,11.5,0.5,1,0
2021,41,2049*A,Arenaria congesta,67,52,-10,-10,0,0,0,0,0,12,-12,1,0
2014,15,205*A,Lupinus argenteus,110,10,-10,-10,14,8,1,0,0,NA,NA,1,NA
2015,15,205*A,Lupinus argenteus,110,10,-10,-10,10.5,6,0,0,0,14,-3.5,1,0
2016,15,205*A,Lupinus argenteus,110,10,-10,-10,0,0,0,0,1,10.5,-10.5,0,0
2016,41,2050*A,Lupinus argenteus,156,118,-10,-10,6,3,0,0,0,NA,NA,1,1
2017,41,2050*A,Lupinus argenteus,156,118,-10,-10,0,0,0,0,1,6,-6,0,0
2016,41,2051*A,Heterotheca villosa,126,128,-10,-10,2.5,2.5,0,0,0,NA,NA,1,1
2017,41,2051*A,Heterotheca villosa,126,128,-10,-10,0,0,0,0,0,2.5,-2.5,1,0
2018,41,2051*A,Heterotheca villosa,126,128,-10,-10,9.5,6,3,0,0,0,9.5,1,0
2019,41,2051*A,Heterotheca villosa,126,128,-10,-10,11,6,3,0,0,9.5,1.5,1,0
2020,41,2051*A,Heterotheca villosa,126,128,-10,-10,13.5,8,3,0,0,11,2.5,1,0
2021,41,2051*A,Heterotheca villosa,126,128,-10,-10,19,7,5,0,0,13.5,5.5,1,0
2016,41,2052*A,Phacelia hastata,134,132,-10,-10,0.6,0.3,0,1,0,NA,NA,1,1
2017,41,2052*A,Phacelia hastata,134,132,-10,-10,0,0,0,0,1,0.6,-0.6,0,0
2015,41,2053*A,Senecio crassulus,112,154,-10,-10,3,4,0,0,0,NA,NA,1,1
2016,41,2053*A,Senecio crassulus,112,154,-10,-10,3,4,0,0,0,3,0,1,0
2017,41,2053*A,Senecio crassulus,112,154,-10,-10,8.5,12,4,0,0,3,5.5,1,0
2018,41,2053*A,Senecio crassulus,112,154,-10,-10,14,6.5,0,0,0,8.5,5.5,1,0
2019,41,2053*A,Senecio crassulus,112,154,-10,-10,23,19.5,12,0,0,14,9,1,0
2020,41,2053*A,Senecio crassulus,112,154,-10,-10,18,8,1,0,0,23,-5,1,0
2021,41,2053*A,Senecio crassulus,112,154,-10,-10,15.5,5,0,0,0,18,-2.5,1,0
2016,41,2054*A,Heterotheca villosa,157,162,-10,-10,4,3,0,0,0,NA,NA,1,1
2017,41,2054*A,Heterotheca villosa,157,162,-10,-10,5.5,4,0,0,0,4,1.5,1,0
2018,41,2054*A,Heterotheca villosa,157,162,-10,-10,9,5.5,0,0,0,5.5,3.5,1,0
2019,41,2054*A,Heterotheca villosa,157,162,-10,-10,15,6,1,0,0,9,6,1,0
2020,41,2054*A,Heterotheca villosa,157,162,-10,-10,14,8,1,0,0,15,-1,1,0
2021,41,2054*A,Heterotheca villosa,157,162,-10,-10,18.5,8,11,0,0,14,4.5,1,0
2016,41,2055*A,Arnica latifolia,153,178,-10,-10,1,1,0,1,0,NA,NA,1,1
2017,41,2055*A,Arnica latifolia,153,178,-10,-10,0,0,0,0,1,1,-1,0,0
2016,41,2056*A,Arnica latifolia,155,175,-10,-10,1,2,0,1,0,NA,NA,1,1
2017,41,2056*A,Arnica latifolia,155,175,-10,-10,1,2.5,0,0,0,1,0,1,0
2018,41,2056*A,Arnica latifolia,155,175,-10,-10,7,4,0,0,0,1,6,1,0
2019,41,2056*A,Arnica latifolia,155,175,-10,-10,0,0,0,0,1,7,-7,0,0
2015,41,2057*A,Arenaria congesta,150,187,-10,-10,3,3,0,0,0,NA,NA,1,1
2016,41,2057*A,Arenaria congesta,150,187,-10,-10,3,3,0,0,0,3,0,1,0
2017,41,2057*A,Arenaria congesta,150,187,-10,-10,4,4,2,0,0,3,1,1,0
2018,41,2057*A,Arenaria congesta,150,187,-10,-10,2,2,0,0,0,4,-2,1,0
2019,41,2057*A,Arenaria congesta,150,187,-10,-10,7.5,10.2,2,0,0,2,5.5,1,0
2020,41,2057*A,Arenaria congesta,150,187,-10,-10,10,8,2,0,0,7.5,2.5,1,0
2021,41,2057*A,Arenaria congesta,150,187,-10,-10,0,0,0,0,0,10,-10,1,0
2016,41,2058*A,Pseudocymopterus montanus,146,190,0,10,0.4,1,0,1,0,NA,NA,1,1
2017,41,2058*A,Pseudocymopterus montanus,146,190,0,10,0,0,0,0,1,0.4,-0.4,0,0
2016,41,2059*A,Lupinus argenteus,162,180,-10,-10,2,2,0,1,0,NA,NA,1,1
2017,41,2059*A,Lupinus argenteus,162,180,-10,-10,0,0,0,0,1,2,-2,0,0
2014,15,206*A,Lupinus argenteus,145,30,-10,-10,12,12,0,0,0,NA,NA,1,NA
2015,15,206*A,Lupinus argenteus,145,30,-10,-10,14,9.5,0,0,0,12,2,1,0
2016,15,206*A,Lupinus argenteus,145,30,-10,-10,8,7.5,0,0,0,14,-6,1,0
2017,15,206*A,Lupinus argenteus,145,30,-10,-10,0,0,0,0,1,8,-8,0,0
2016,41,2060*A,Senecio crassulus,140.1460942,188.6935013,-10,-10,1,2.5,0,1,0,NA,NA,1,1
2016,41,2060*B,Senecio crassulus,139.9482926,188.7930146,-10,-10,1,2.5,0,1,0,NA,NA,1,1
2017,41,2060*A,Senecio crassulus,140.2921885,188.3870025,-10,-10,2.5,2.5,0,0,0,1,1.5,1,0
2017,41,2060*B,Senecio crassulus,139.8965852,188.5860292,-10,-10,2.5,2.5,0,0,1,1,1.5,0,0
2018,41,2060*A,Senecio crassulus,140,189,-10,-10,0,0,0,0,1,2.5,-2.5,0,0
2016,41,2061*A,Arnica latifolia,138,187,-10,-10,0.3,0.3,0,1,0,NA,NA,1,1
2017,41,2061*A,Arnica latifolia,138,187,-10,-10,0,0,0,0,1,0.3,-0.3,0,0
2016,41,2062*A,Senecio crassulus,139,176,-10,-10,0.3,0.3,0,1,0,NA,NA,1,1
2017,41,2062*A,Senecio crassulus,139,176,-10,-10,1.8,1,0,0,0,0.3,1.5,1,0
2018,41,2062*A,Senecio crassulus,139,176,-10,-10,0,0,0,0,1,1.8,-1.8,0,0
2016,41,2063*A,Lupinus argenteus,49,179,-10,-10,6,4,0,0,0,NA,NA,1,1
2017,41,2063*A,Lupinus argenteus,49,179,-10,-10,0,0,0,0,1,6,-6,0,0
2016,42,2064*A,Heterotheca villosa,0,165,-10,-10,3,2,0,0,0,NA,NA,1,1
2017,42,2064*A,Heterotheca villosa,0,165,-10,-10,0,0,0,0,1,3,-3,0,0
2016,42,2065*A,Senecio crassulus,12,197,-10,-10,0.5,0.7,0,1,0,NA,NA,1,1
2017,42,2065*A,Senecio crassulus,12,197,-10,-10,2,2,0,0,0,0.5,1.5,1,0
2018,42,2065*A,Senecio crassulus,12,197,-10,-10,0,0,0,0,1,2,-2,0,0
2016,42,2066*A,Penstemon whippleanus,17,197,-10,-10,2,2.5,0,1,0,NA,NA,1,1
2017,42,2066*A,Penstemon whippleanus,17,197,-10,-10,9,6,0,0,0,2,7,1,0
2018,42,2066*A,Penstemon whippleanus,17,197,-10,-10,0,0,0,0,1,9,-9,0,0
2016,42,2067*A,Eriogonum umbellatum,24,198,-10,-10,1,1,0,1,0,NA,NA,1,1
2017,42,2067*A,Eriogonum umbellatum,24,198,-10,-10,0,0,0,0,1,1,-1,0,0
2016,42,2068*A,Elymus lanceolatus,20,190,-10,-10,0.5,2,0,1,0,NA,NA,1,1
2017,42,2068*A,Elymus lanceolatus,20,190,-10,-10,0,0,0,0,1,0.5,-0.5,0,0
2016,42,2069*A,Lupinus argenteus,135,200,-10,-10,7,5,0,0,0,NA,NA,1,1
2017,42,2069*A,Lupinus argenteus,135,200,-10,-10,12,8,0,0,0,7,5,1,0
2018,42,2069*A,Lupinus argenteus,135,200,-10,-10,0,0,0,0,1,12,-12,0,0
2014,15,207*A,Lupinus argenteus,155,25,-10,-10,13,11,0,0,0,NA,NA,1,NA
2015,15,207*A,Lupinus argenteus,155,25,-10,-10,0,0,0,0,0,13,-13,1,0
2016,15,207*A,Lupinus argenteus,155,25,-10,-10,5.8,5.5,0,0,0,0,5.8,1,0
2017,15,207*A,Lupinus argenteus,155,25,-10,-10,0,0,0,0,1,5.8,-5.8,0,0
2016,42,2070*A,Lupinus argenteus,135,90,-10,-10,12,6,0,0,0,NA,NA,1,1
2017,42,2070*A,Lupinus argenteus,135,90,-10,-10,13,7,0,0,0,12,1,1,0
2018,42,2070*A,Lupinus argenteus,135,90,-10,-10,0,0,0,0,1,13,-13,0,0
2016,42,2071*A,Heterotheca villosa,136,90,-10,-10,0.6,0.4,0,1,0,NA,NA,1,1
2017,42,2071*A,Heterotheca villosa,136,90,-10,-10,0,0,0,0,1,0.6,-0.6,0,0
2016,42,2072*A,Lupinus argenteus,185,41,-10,-10,8.5,6,0,0,0,NA,NA,1,1
2017,42,2072*A,Lupinus argenteus,185,41,-10,-10,0,0,0,0,1,8.5,-8.5,0,0
2016,43,2073*A,Lupinus argenteus,136,75,-10,-10,6,4.5,0,0,0,NA,NA,1,1
2017,43,2073*A,Lupinus argenteus,136,75,-10,-10,7.5,3,0,0,0,6,1.5,1,0
2018,43,2073*A,Lupinus argenteus,136,75,-10,-10,0,0,0,0,1,7.5,-7.5,0,0
2016,45,2074*A,Eriogonum umbellatum,3,27,-10,-10,1,1,0,1,0,NA,NA,1,1
2017,45,2074*A,Eriogonum umbellatum,3,27,-10,-10,0,0,0,0,1,1,-1,0,0
2015,45,2075*A,Agoseris glauca,78,58,-10,-10,9,7,0,0,0,NA,NA,1,1
2016,45,2075*A,Agoseris glauca,78,58,-10,-10,9,7,0,0,0,9,0,1,0
2017,45,2075*A,Agoseris glauca,78,58,-10,-10,25,7,4,0,0,9,16,1,0
2018,45,2075*A,Agoseris glauca,78,58,-10,-10,5,6,1,0,0,25,-20,1,0
2019,45,2075*A,Agoseris glauca,78,58,-10,-10,0,0,0,0,1,5,-5,0,0
2016,45,2076*A,Lupinus argenteus,124,97,-10,-10,2,2.5,0,0,0,NA,NA,1,1
2017,45,2076*A,Lupinus argenteus,124,97,-10,-10,0,0,0,0,1,2,-2,0,0
2016,50,2077*A,Senecio crassulus,97,0,-10,-10,2,3,0,0,0,NA,NA,1,1
2017,50,2077*A,Senecio crassulus,97,0,-10,-10,10,8,0,0,0,2,8,1,0
2018,50,2077*A,Senecio crassulus,97,0,-10,-10,0,0,0,0,1,10,-10,0,0
2016,50,2078*A,Arnica latifolia,177,49,-10,-10,1,1,0,1,0,NA,NA,1,1
2017,50,2078*A,Arnica latifolia,177,49,-10,-10,1.5,1.5,0,0,0,1,0.5,1,0
2018,50,2078*A,Arnica latifolia,177,49,-10,-10,4.5,2,0,0,0,1.5,3,1,0
2019,50,2078*A,Arnica latifolia,177,49,-10,-10,7,5,0,0,0,4.5,2.5,1,0
2020,50,2078*A,Arnica latifolia,177,49,-10,-10,7,5,0,0,0,7,0,1,0
2021,50,2078*A,Arnica latifolia,177,49,-10,-10,0,0,0,0,0,7,-7,1,0
2016,50,2079*A,Eriogonum umbellatum,165,75,-10,-10,0.6,0.5,0,1,0,NA,NA,1,1
2017,50,2079*A,Eriogonum umbellatum,165,75,-10,-10,0,0,0,0,1,0.6,-0.6,0,0
2014,15,208*A,Lupinus argenteus,160,25,-10,-10,25,13,4,0,0,NA,NA,1,NA
2015,15,208*A,Lupinus argenteus,160,25,-10,-10,25,15.5,3,0,0,25,0,1,0
2016,15,208*A,Lupinus argenteus,160,25,-10,-10,18,17,1,0,0,25,-7,1,0
2017,15,208*A,Lupinus argenteus,160,25,-10,-10,9,4,0,0,0,18,-9,1,0
2018,15,208*A,Lupinus argenteus,160,25,-10,-10,0,0,0,0,1,9,-9,0,0
2016,50,2080*A,Elymus lanceolatus,27,88,-10,-10,6,3,0,0,0,NA,NA,1,1
2017,50,2080*A,Elymus lanceolatus,27,88,-10,-10,7,9,0,0,0,6,1,1,0
2018,50,2080*A,Elymus lanceolatus,27,88,-10,-10,0,0,0,0,1,7,-7,0,0
2016,49,2081*A,Lupinus argenteus,66,10,-10,-10,4.5,2,0,0,0,NA,NA,1,1
2017,49,2081*A,Lupinus argenteus,66,10,-10,-10,0,0,0,0,1,4.5,-4.5,0,0
2016,49,2082*A,Lupinus argenteus,158,60,-10,-10,7,6,0,0,0,NA,NA,1,1
2017,49,2082*A,Lupinus argenteus,158,60,-10,-10,0,0,0,0,1,7,-7,0,0
2016,49,2083*A,Lupinus argenteus,177,69,-10,-10,6,4,0,0,0,NA,NA,1,1
2017,49,2083*A,Lupinus argenteus,177,69,-10,-10,9.5,7,0,0,0,6,3.5,1,0
2018,49,2083*A,Lupinus argenteus,177,69,-10,-10,0,0,0,0,1,9.5,-9.5,0,0
2016,49,2084*A,Eriogonum umbellatum,62,190,-10,-10,0.5,0.3,0,1,0,NA,NA,1,1
2017,49,2084*A,Eriogonum umbellatum,62,190,-10,-10,0,0,0,0,1,0.5,-0.5,0,0
2016,48,2085*A,Lupinus argenteus,142,7,-10,-10,3,3,0,0,0,NA,NA,1,1
2017,48,2085*A,Lupinus argenteus,142,7,-10,-10,0,0,0,0,1,3,-3,0,0
2016,46,2086*A,Lupinus argenteus,69,199,-10,-10,7,6,0,0,0,NA,NA,1,1
2017,46,2086*A,Lupinus argenteus,69,199,-10,-10,11,8,0,0,0,7,4,1,0
2018,46,2086*A,Lupinus argenteus,69,199,-10,-10,0,0,0,0,1,11,-11,0,0
2016,46,2087*A,Senecio crassulus,84,186,-10,-10,0.5,1,0,1,0,NA,NA,1,1
2017,46,2087*A,Senecio crassulus,84,186,-10,-10,1,1,0,0,0,0.5,0.5,1,0
2018,46,2087*A,Senecio crassulus,84,186,-10,-10,0,0,0,0,1,1,-1,0,0
2016,46,2088*A,Carex siccata,21,117,-10,-10,6,15,0,0,0,NA,NA,1,1
2017,46,2088*A,Carex siccata,21,117,-10,-10,8,6,0,0,0,6,2,1,0
2018,46,2088*A,Carex siccata,21,117,-10,-10,9.5,8.5,0,0,0,8,1.5,1,0
2019,46,2088*A,Carex siccata,21,117,-10,-10,11,13,0,0,0,9.5,1.5,1,0
2020,46,2088*A,Carex siccata,21,117,-10,-10,0,0,0,0,1,11,-11,0,0
2016,46,2089*A,Viola praemorsa,24,84,-10,-10,0.5,0.6,0,1,0,NA,NA,1,1
2017,46,2089*A,Viola praemorsa,24,84,-10,-10,0,0,0,0,1,0.5,-0.5,0,0
2014,15,209*A,Lupinus argenteus,165,20,-10,-10,21,11,3,0,0,NA,NA,1,NA
2015,15,209*A,Lupinus argenteus,165,20,-10,-10,19,13,0,0,0,21,-2,1,0
2016,15,209*A,Lupinus argenteus,165,20,-10,-10,11,9,0,0,0,19,-8,1,0
2017,15,209*A,Lupinus argenteus,165,20,-10,-10,8,6,0,0,0,11,-3,1,0
2018,15,209*A,Lupinus argenteus,165,20,-10,-10,0,0,0,0,1,8,-8,0,0
2016,46,2090*A,Eriogonum umbellatum,62,77,-10,-10,0.5,1,0,1,0,NA,NA,1,1
2017,46,2090*A,Eriogonum umbellatum,62,77,-10,-10,0,0,0,0,1,0.5,-0.5,0,0
2015,46,2091*A,Arenaria congesta,66,75,-10,-10,1.2,2,0,0,0,NA,NA,1,1
2016,46,2091*A,Arenaria congesta,66,75,-10,-10,1.2,2,0,0,0,1.2,0,1,0
2017,46,2091*A,Arenaria congesta,66,75,-10,-10,2,1,0,0,0,1.2,0.8,1,0
2018,46,2091*A,Arenaria congesta,66,75,-10,-10,3,3,0,0,0,2,1,1,0
2019,46,2091*A,Arenaria congesta,66,75,-10,-10,7.5,4,1,0,0,3,4.5,1,0
2020,46,2091*A,Arenaria congesta,66,75,-10,-10,9.5,5.5,3,0,0,7.5,2,1,0
2021,46,2091*A,Arenaria congesta,66,75,-10,-10,0,0,0,0,0,9.5,-9.5,1,0
2016,46,2092*A,Viola praemorsa,7,46,-10,-10,3,1,0,0,0,NA,NA,1,1
2017,46,2092*A,Viola praemorsa,7,46,-10,-10,4,2.5,0,0,0,3,1,1,0
2018,46,2092*A,Viola praemorsa,7,46,-10,-10,0,0,0,0,1,4,-4,0,0
2016,46,2093*A,Lupinus argenteus,11,49,0,10,8,3,0,0,0,NA,NA,1,1
2017,46,2093*A,Lupinus argenteus,11,49,0,10,6.5,3.5,0,0,0,8,-1.5,1,0
2018,46,2093*A,Lupinus argenteus,11,49,0,10,0,0,0,0,1,6.5,-6.5,0,0
2016,46,2094*A,Lupinus argenteus,13,45,0,10,2,2,0,0,0,NA,NA,1,1
2017,46,2094*A,Lupinus argenteus,13,45,0,10,2.5,2.5,0,0,0,2,0.5,1,0
2018,46,2094*A,Lupinus argenteus,13,45,0,10,0,0,0,0,1,2.5,-2.5,0,0
2015,46,2095*A,Senecio crassulus,16,50,-10,-10,3,2,0,0,0,NA,NA,1,1
2016,46,2095*A,Senecio crassulus,16,50,-10,-10,3,2,0,0,0,3,0,1,0
2017,46,2095*A,Senecio crassulus,16,50,-10,-10,0,0,0,0,1,3,-3,0,0
2016,46,2096*A,Agoseris glauca,12,40,-10,-10,0.5,1.5,0,1,0,NA,NA,1,1
2017,46,2096*A,Agoseris glauca,12,40,-10,-10,4.5,3,0,0,0,0.5,4,1,0
2018,46,2096*A,Agoseris glauca,12,40,-10,-10,0,0,0,0,1,4.5,-4.5,0,0
2016,46,2097*A,Senecio crassulus,20.17531309,58.63220151,-10,-10,1.5,2,0,1,0,NA,NA,1,1
2016,46,2097*B,Senecio crassulus,19.93795113,58.75161755,-10,-10,1.5,2,0,1,1,NA,NA,0,1
2017,46,2097*A,Senecio crassulus,20,59,-10,-10,0,0,0,0,1,1.5,-1.5,0,0
2016,46,2098*A,Senecio crassulus,12.11687539,28.75480101,-10,-10,1,2,0,1,0,NA,NA,1,1
2016,46,2098*B,Senecio crassulus,11.95863408,28.8344117,-10,-10,1,2,0,1,1,NA,NA,0,1
2017,46,2098*A,Senecio crassulus,12,29,-10,-10,0,0,0,0,1,1,-1,0,0
2016,46,2099*A,Senecio crassulus,14.23375078,22.50960202,-10,-10,0.5,1,0,1,0,NA,NA,1,1
2016,46,2099*B,Senecio crassulus,13.91726817,22.6688234,-10,-10,0.5,1,0,1,1,NA,NA,0,1
2017,46,2099*A,Senecio crassulus,14,23,-10,-10,0,0,0,0,1,0.5,-0.5,0,0
2014,5,21*A,Lupinus argenteus,33,40,-10,0,22,13,6,0,0,NA,NA,1,NA
2015,5,21*A,Lupinus argenteus,33,40,-10,0,24,14,6,0,0,22,2,1,0
2016,5,21*A,Lupinus argenteus,33,40,-10,0,0,0,0,0,1,24,-24,0,0
2014,15,210*A,Lupinus argenteus,185,20,-10,-10,17,11,1,0,0,NA,NA,1,NA
2015,15,210*A,Lupinus argenteus,185,20,-10,-10,1.5,2,0,0,0,17,-15.5,1,0
2016,15,210*A,Lupinus argenteus,185,20,-10,-10,5,5,0,0,0,1.5,3.5,1,0
2017,15,210*A,Lupinus argenteus,185,20,-10,-10,0,0,0,0,1,5,-5,0,0
2016,46,2100*A,Eriogonum umbellatum,13,19,-10,-10,1,1,0,1,0,NA,NA,1,1
2017,46,2100*A,Eriogonum umbellatum,13,19,-10,-10,0,0,0,0,1,1,-1,0,0
2016,46,2101*A,Senecio crassulus,5,10,-10,-10,0.5,1,0,1,0,NA,NA,1,1
2017,46,2101*A,Senecio crassulus,5,10,-10,-10,0,0,0,0,1,0.5,-0.5,0,0
2016,46,2102*A,Eriogonum umbellatum,8,13,-10,-10,0.5,1,0,1,0,NA,NA,1,1
2017,46,2102*A,Eriogonum umbellatum,8,13,-10,-10,0,0,0,0,1,0.5,-0.5,0,0
2016,46,2103*A,Carex siccata,15,15,-10,-10,2,6,0,0,0,NA,NA,1,1
2017,46,2103*A,Carex siccata,15,15,-10,-10,4,3,0,0,0,2,2,1,0
2018,46,2103*A,Carex siccata,15,15,-10,-10,0,0,0,0,1,4,-4,0,0
2016,46,2104*A,Heterotheca villosa,28,11,-10,-10,0.5,0.3,0,1,0,NA,NA,1,1
2017,46,2104*A,Heterotheca villosa,28,11,-10,-10,0,0,0,0,1,0.5,-0.5,0,0
2016,46,2105*A,Heterotheca villosa,45,15,-10,-10,1,1.5,0,1,0,NA,NA,1,1
2017,46,2105*A,Heterotheca villosa,45,15,-10,-10,0,0,0,0,1,1,-1,0,0
2016,46,2106*A,Senecio crassulus,16,27,-10,-10,0.5,1,0,1,0,NA,NA,1,1
2017,46,2106*A,Senecio crassulus,16,27,-10,-10,0,0,0,0,1,0.5,-0.5,0,0
2016,46,2107*A,Senecio crassulus,52,12,-10,-10,1.3,3,0,0,0,NA,NA,1,1
2017,46,2107*A,Senecio crassulus,52,12,-10,-10,0,0,0,0,1,1.3,-1.3,0,0
2016,46,2108*A,Agoseris glauca,61,6,-10,-10,7,3,1,0,0,NA,NA,1,1
2017,46,2108*A,Agoseris glauca,61,6,-10,-10,5,6,0,0,0,7,-2,1,0
2018,46,2108*A,Agoseris glauca,61,6,-10,-10,2.5,1,0,0,0,5,-2.5,1,0
2019,46,2108*A,Agoseris glauca,61,6,-10,-10,0,0,0,0,1,2.5,-2.5,0,0
2016,46,2109*A,Arenaria congesta,58,3,-10,-10,6,3,0,0,0,NA,NA,1,1
2017,46,2109*A,Arenaria congesta,58,3,-10,-10,8,5,1,0,0,6,2,1,0
2018,46,2109*A,Arenaria congesta,58,3,-10,-10,5,3,0,0,0,8,-3,1,0
2019,46,2109*A,Arenaria congesta,58,3,-10,-10,10,7,2,0,0,5,5,1,0
2020,46,2109*A,Arenaria congesta,58,3,-10,-10,18,12,13,0,0,10,8,1,0
2021,46,2109*A,Arenaria congesta,58,3,-10,-10,0,0,0,0,0,18,-18,1,0
2014,15,211*A,Lupinus argenteus,200,25,-10,-10,8,8,0,0,0,NA,NA,1,NA
2015,15,211*A,Lupinus argenteus,200,25,-10,-10,1,0.5,0,0,0,8,-7,1,0
2016,15,211*A,Lupinus argenteus,200,25,-10,-10,11.5,8,0,0,0,1,10.5,1,0
2017,15,211*A,Lupinus argenteus,200,25,-10,-10,0,0,0,0,1,11.5,-11.5,0,0
2016,46,2110*A,Senecio crassulus,59,27,-10,-10,0.5,1.5,0,1,0,NA,NA,1,1
2017,46,2110*A,Senecio crassulus,59,27,-10,-10,0,0,0,0,1,0.5,-0.5,0,0
2016,46,2111*A,Arenaria congesta,50,18,-10,-10,3,4,0,1,0,NA,NA,1,1
2017,46,2111*A,Arenaria congesta,50,18,-10,-10,5.5,4,0,0,0,3,2.5,1,0
2018,46,2111*A,Arenaria congesta,50,18,-10,-10,5.5,4,0,0,0,5.5,0,1,0
2019,46,2111*A,Arenaria congesta,50,18,-10,-10,7.5,5,0,0,0,5.5,2,1,0
2020,46,2111*A,Arenaria congesta,50,18,-10,-10,9.5,7,4,0,0,7.5,2,1,0
2021,46,2111*A,Arenaria congesta,50,18,-10,-10,0,0,0,0,0,9.5,-9.5,1,0
2015,46,2112*A,Penstemon whippleanus,79,26,-10,-10,4,3,0,0,0,NA,NA,1,1
2016,46,2112*A,Penstemon whippleanus,79,26,-10,-10,4,3,0,0,0,4,0,1,0
2017,46,2112*A,Penstemon whippleanus,79,26,-10,-10,0,0,0,0,1,4,-4,0,0
2016,46,2113*A,Agoseris glauca,60,24,-5,-5,3,4,0,0,0,NA,NA,1,1
2017,46,2113*A,Agoseris glauca,60,24,-5,-5,12.5,3,1,0,0,3,9.5,1,0
2018,46,2113*A,Agoseris glauca,60,24,-5,-5,4,3,0,0,0,12.5,-8.5,1,0
2019,46,2113*A,Agoseris glauca,60,24,-5,-5,4,4,0,0,0,4,0,1,0
2020,46,2113*A,Agoseris glauca,60,24,-5,-5,5,4,0,0,0,4,1,1,0
2021,46,2113*A,Agoseris glauca,60,24,-5,-5,0,0,0,0,0,5,-5,1,0
2016,46,2114*A,Arenaria congesta,76,27,-10,-10,2,3,0,0,0,NA,NA,1,1
2017,46,2114*A,Arenaria congesta,76,27,-10,-10,5,3,1,0,0,2,3,1,0
2018,46,2114*A,Arenaria congesta,76,27,-10,-10,2,0.5,0,0,0,5,-3,1,0
2019,46,2114*A,Arenaria congesta,76,27,-10,-10,0,0,0,0,1,2,-2,0,0
2016,46,2115*A,Phacelia hastata,70,10,-10,-10,8,4,1,0,0,NA,NA,1,1
2017,46,2115*A,Phacelia hastata,70,10,-10,-10,6.5,1.5,0,0,0,8,-1.5,1,0
2018,46,2115*A,Phacelia hastata,70,10,-10,-10,7,2,1,0,0,6.5,0.5,1,0
2019,46,2115*A,Phacelia hastata,70,10,-10,-10,8,3,1,0,0,7,1,1,0
2020,46,2115*A,Phacelia hastata,70,10,-10,-10,13,7,8,0,0,8,5,1,0
2021,46,2115*A,Phacelia hastata,70,10,-10,-10,0,0,0,0,0,13,-13,1,0
2016,46,2116*A,Viola praemorsa,98.46750156,15.01920404,-10,-10,1,1,0,1,0,NA,NA,1,1
2016,46,2116*B,Viola praemorsa,97.83453633,15.3376468,-10,-10,1,1,0,1,1,NA,NA,0,1
2016,46,2116*C,Viola praemorsa,96.41929946,12.49515228,-10,-10,1,1,0,1,1,NA,NA,0,1
2017,46,2116*A,Viola praemorsa,98,16,-10,-10,0,0,0,0,1,1,-1,0,0
2016,46,2117*A,Ivesia gordonii,84.70125235,36.52880606,-10,-10,1,1,0,1,0,NA,NA,1,1
2016,46,2117*B,Ivesia gordonii,83.7518045,37.0064702,-10,-10,1,1,0,1,1,NA,NA,0,1
2016,46,2117*C,Ivesia gordonii,81.62894919,32.74272842,-10,-10,1,1,0,1,1,NA,NA,0,1
2016,46,2117*D,Ivesia gordonii,87.48257475,42.42623895,-10,-10,1,1,0,1,1,NA,NA,0,1
2016,46,2117*E,Ivesia gordonii,79.97981967,40.48650048,-10,-10,1,1,0,1,1,NA,NA,0,1
2016,46,2117*F,Ivesia gordonii,80.11271493,41.14377604,-10,-10,1,1,0,1,1,NA,NA,0,1
2017,46,2117*A,Ivesia gordonii,84,38,-10,-10,3.5,2,0,0,0,1,2.5,1,0
2018,46,2117*A,Ivesia gordonii,84,38,-10,-10,4.5,4,0,0,0,3.5,1,1,0
2019,46,2117*A,Ivesia gordonii,84,38,-10,-10,12,5,2,0,0,4.5,7.5,1,0
2020,46,2117*A,Ivesia gordonii,84,38,-10,-10,9.5,4.5,1,0,0,12,-2.5,1,0
2021,46,2117*A,Ivesia gordonii,84,38,-10,-10,0,0,0,0,0,9.5,-9.5,1,0
2016,46,2118*A,Viola praemorsa,109,25,-10,-10,0.8,1,0,1,0,NA,NA,1,1
2017,46,2118*A,Viola praemorsa,109,25,-10,-10,0,0,0,0,1,0.8,-0.8,0,0
2016,46,2119*A,Ivesia gordonii,139,9,-10,-10,0.3,0.5,0,1,0,NA,NA,1,1
2017,46,2119*A,Ivesia gordonii,139,9,-10,-10,0,0,0,0,1,0.3,-0.3,0,0
2014,15,212*A,Lupinus argenteus,195,15,-10,-10,2,2,0,0,0,NA,NA,1,NA
2015,15,212*A,Lupinus argenteus,195,15,-10,-10,3.5,3,0,0,0,2,1.5,1,0
2016,15,212*A,Lupinus argenteus,195,15,-10,-10,8,8,0,0,0,3.5,4.5,1,0
2017,15,212*A,Lupinus argenteus,195,15,-10,-10,0,0,0,0,1,8,-8,0,0
2016,46,2120*A,Ivesia gordonii,141,9,-10,-10,0.2,0.2,0,1,0,NA,NA,1,1
2017,46,2120*A,Ivesia gordonii,141,9,-10,-10,0,0,0,0,1,0.2,-0.2,0,0
2016,46,2121*A,Ivesia gordonii,122,4,-10,-10,0.3,0.5,0,1,0,NA,NA,1,1
2017,46,2121*A,Ivesia gordonii,122,4,-10,-10,1.5,1.5,0,0,0,0.3,1.2,1,0
2018,46,2121*A,Ivesia gordonii,122,4,-10,-10,5.5,3.5,0,0,0,1.5,4,1,0
2019,46,2121*A,Ivesia gordonii,122,4,-10,-10,12.5,4,1,0,0,5.5,7,1,0
2020,46,2121*A,Ivesia gordonii,122,4,-10,-10,14.5,4.5,1,0,0,12.5,2,1,0
2021,46,2121*A,Ivesia gordonii,122,4,-10,-10,0,0,0,0,0,14.5,-14.5,1,0
2016,46,2122*A,Ivesia gordonii,166.1168754,7.75480101,-10,-10,0.5,0.5,0,1,0,NA,NA,1,1
2016,46,2122*B,Ivesia gordonii,165.9586341,7.834411699,-10,-10,0.5,0.5,0,1,1,NA,NA,0,1
2017,46,2122*A,Ivesia gordonii,166,8,-10,-10,0,0,0,0,1,0.5,-0.5,0,0
2016,46,2123*A,Agoseris glauca,154,40,0,-10,0.5,0.3,0,1,0,NA,NA,1,1
2017,46,2123*A,Agoseris glauca,154,40,0,-10,0,0,0,0,1,0.5,-0.5,0,0
2016,46,2124*A,Senecio crassulus,161,45,-10,-10,0.5,1,0,1,0,NA,NA,1,1
2017,46,2124*A,Senecio crassulus,161,45,-10,-10,0,0,0,0,1,0.5,-0.5,0,0
2016,46,2125*A,Lupinus argenteus,176,40,-10,-10,12,5,0,0,0,NA,NA,1,1
2017,46,2125*A,Lupinus argenteus,176,40,-10,-10,7,6,0,0,0,12,-5,1,0
2018,46,2125*A,Lupinus argenteus,176,40,-10,-10,0,0,0,0,1,7,-7,0,0
2016,46,2126*A,Lupinus argenteus,180,48,-10,-10,8,5,0,0,0,NA,NA,1,1
2017,46,2126*A,Lupinus argenteus,180,48,-10,-10,0,0,0,0,1,8,-8,0,0
2016,46,2127*A,Eriogonum umbellatum,172.3506262,8.26440303,-10,-10,0.5,0.5,0,1,0,NA,NA,1,1
2016,46,2127*B,Eriogonum umbellatum,171.8759023,8.503235098,-10,-10,0.5,0.5,0,1,1,NA,NA,0,1
2017,46,2127*A,Eriogonum umbellatum,172,9,-10,-10,0,0,0,0,1,0.5,-0.5,0,0
2016,46,2128*A,Senecio crassulus,170,10,-10,-10,0.5,1,0,0,0,NA,NA,1,1
2017,46,2128*A,Senecio crassulus,170,10,-10,-10,3,2.5,0,0,0,0.5,2.5,1,0
2018,46,2128*A,Senecio crassulus,170,10,-10,-10,0,0,0,0,1,3,-3,0,0
2015,46,2129*A,Ivesia gordonii,158,16,0,10,1,1,0,0,0,NA,NA,1,1
2016,46,2129*A,Ivesia gordonii,158,16,0,10,1,1,0,0,0,1,0,1,0
2017,46,2129*A,Ivesia gordonii,158,16,0,10,0,0,0,0,1,1,-1,0,0
2014,15,213*A,Lupinus argenteus,155,5,-10,-10,17,8,1,0,0,NA,NA,1,NA
2015,15,213*A,Lupinus argenteus,155,5,-10,-10,17,10,2,0,0,17,0,1,0
2016,15,213*A,Lupinus argenteus,155,5,-10,-10,16.5,5,0,0,0,17,-0.5,1,0
2017,15,213*A,Lupinus argenteus,155,5,-10,-10,0,0,0,0,1,16.5,-16.5,0,0
2016,46,2130*A,Arenaria congesta,169,1,-10,-10,2,2,0,0,0,NA,NA,1,1
2017,46,2130*A,Arenaria congesta,169,1,-10,-10,0,0,0,0,1,2,-2,0,0
2016,46,2131*A,Heterotheca villosa,188,5,10,0,1,1,0,1,0,NA,NA,1,1
2017,46,2131*A,Heterotheca villosa,188,5,10,0,3,2,0,0,0,1,2,1,0
2018,46,2131*A,Heterotheca villosa,188,5,10,0,0,0,0,0,1,3,-3,0,0
2016,46,2132*A,Heterotheca villosa,188,16,-10,-10,4,3,0,0,0,NA,NA,1,1
2017,46,2132*A,Heterotheca villosa,188,16,-10,-10,0,0,0,0,1,4,-4,0,0
2015,46,2133*A,Carex siccata,194,45,-10,-10,19,20,0,0,0,NA,NA,1,1
2016,46,2133*A,Carex siccata,194,45,-10,-10,19,20,0,0,0,19,0,1,0
2017,46,2133*A,Carex siccata,194,45,-10,-10,15,25,0,0,0,19,-4,1,0
2018,46,2133*A,Carex siccata,194,45,-10,-10,17,17.5,0,0,0,15,2,1,0
2019,46,2133*A,Carex siccata,194,45,-10,-10,12,14,0,0,0,17,-5,1,0
2020,46,2133*A,Carex siccata,194,45,-10,-10,6.5,12,0,0,0,12,-5.5,1,0
2021,46,2133*A,Carex siccata,194,45,-10,-10,0,0,0,0,0,6.5,-6.5,1,0
2016,46,2134*A,Heterotheca villosa,189,15,-10,-10,1,1,0,0,0,NA,NA,1,1
2017,46,2134*A,Heterotheca villosa,189,15,-10,-10,0,0,0,0,1,1,-1,0,0
2016,46,2135*A,Agoseris glauca,145,26,-10,-10,3,6,0,0,0,NA,NA,1,1
2017,46,2135*A,Agoseris glauca,145,26,-10,-10,0,0,0,0,1,3,-3,0,0
2016,46,2136*A,Agoseris glauca,146,24,-10,-10,4,8,0,0,0,NA,NA,1,1
2017,46,2136*A,Agoseris glauca,146,24,-10,-10,0,0,0,0,1,4,-4,0,0
2016,46,2137*A,Senecio crassulus,148,24,-10,-10,6,6,0,0,0,NA,NA,1,1
2017,46,2137*A,Senecio crassulus,148,24,-10,-10,0,0,0,0,1,6,-6,0,0
2016,46,2138*A,Agoseris glauca,147,29,-10,-10,4,6,0,0,0,NA,NA,1,1
2017,46,2138*A,Agoseris glauca,147,29,-10,-10,0,0,0,0,1,4,-4,0,0
2016,46,2139*A,Ivesia gordonii,97.35062617,41.26440303,-10,-10,1,2,0,1,0,NA,NA,1,1
2016,46,2139*B,Ivesia gordonii,96.87590225,41.5032351,-10,-10,1,2,0,1,1,NA,NA,0,1
2016,46,2139*C,Ivesia gordonii,95.8144746,39.37136421,-10,-10,1,2,0,1,1,NA,NA,0,1
2017,46,2139*A,Ivesia gordonii,97,42,-10,-10,0,0,0,0,1,1,-1,0,0
2014,15,214*A,Lupinus argenteus,170,5,-10,-10,5,4,0,0,0,NA,NA,1,NA
2015,15,214*A,Lupinus argenteus,170,5,-10,-10,8,4,0,0,0,5,3,1,0
2016,15,214*A,Lupinus argenteus,170,5,-10,-10,9.5,5,0,0,0,8,1.5,1,0
2017,15,214*A,Lupinus argenteus,170,5,-10,-10,0,0,0,0,1,9.5,-9.5,0,0
2016,46,2140*A,Senecio crassulus,88,55,-10,-10,1,1,0,1,0,NA,NA,1,1
2017,46,2140*A,Senecio crassulus,88,55,-10,-10,0,0,0,0,1,1,-1,0,0
2015,46,2141*A,Agoseris glauca,87,60,-10,-10,2,5,0,0,0,NA,NA,1,1
2016,46,2141*A,Agoseris glauca,87,60,-10,-10,2,5,0,0,0,2,0,1,0
2017,46,2141*A,Agoseris glauca,87,60,-10,-10,13,4,0,0,0,2,11,1,0
2018,46,2141*A,Agoseris glauca,87,60,-10,-10,9,4,0,0,0,13,-4,1,0
2019,46,2141*A,Agoseris glauca,87,60,-10,-10,0,0,0,0,1,9,-9,0,0
2016,46,2142*A,Lupinus argenteus,75,63,-10,-10,6,5,0,0,0,NA,NA,1,1
2017,46,2142*A,Lupinus argenteus,75,63,-10,-10,0,0,0,0,1,6,-6,0,0
2016,46,2143*A,Senecio crassulus,84,70,-10,-10,1,4,0,0,0,NA,NA,1,1
2017,46,2143*A,Senecio crassulus,84,70,-10,-10,3,4,0,0,0,1,2,1,0
2018,46,2143*A,Senecio crassulus,84,70,-10,-10,6,5,1,0,0,3,3,1,0
2019,46,2143*A,Senecio crassulus,84,70,-10,-10,0,0,0,0,1,6,-6,0,0
2016,46,2144*A,Heterotheca villosa,83,109,-10,-10,1,0.5,0,1,0,NA,NA,1,1
2017,46,2144*A,Heterotheca villosa,83,109,-10,-10,0,0,0,0,1,1,-1,0,0
2016,46,2145*A,Lupinus argenteus,88,104,-10,-10,12,8,0,0,0,NA,NA,1,1
2017,46,2145*A,Lupinus argenteus,88,104,-10,-10,0,0,0,0,1,12,-12,0,0
2016,46,2146*A,Senecio crassulus,88,107,-10,-10,2,5,0,0,0,NA,NA,1,1
2017,46,2146*A,Senecio crassulus,88,107,-10,-10,8,4,0,0,0,2,6,1,0
2018,46,2146*A,Senecio crassulus,88,107,-10,-10,0,0,0,0,1,8,-8,0,0
2016,46,2147*A,Senecio crassulus,90,103,-10,-10,2,5,0,0,0,NA,NA,1,1
2017,46,2147*A,Senecio crassulus,90,103,-10,-10,0,0,0,0,1,2,-2,0,0
2016,46,2148*A,Lupinus argenteus,78,97,-10,-10,10,5,0,0,0,NA,NA,1,1
2017,46,2148*A,Lupinus argenteus,78,97,-10,-10,9,5,0,0,0,10,-1,1,0
2018,46,2148*A,Lupinus argenteus,78,97,-10,-10,0,0,0,0,1,9,-9,0,0
2016,46,2149*A,Lupinus argenteus,91,128,-10,-10,3.5,2,0,0,0,NA,NA,1,1
2017,46,2149*A,Lupinus argenteus,91,128,-10,-10,13,7,0,0,0,3.5,9.5,1,0
2018,46,2149*A,Lupinus argenteus,91,128,-10,-10,0,0,0,0,1,13,-13,0,0
2014,16,215*A,Lupinus argenteus,10,0,0,10,28,11,0,0,0,NA,NA,1,NA
2015,16,215*A,Lupinus argenteus,10,0,0,10,0,0,0,0,1,28,-28,0,0
2016,46,2150*A,Senecio crassulus,101,72,-10,-10,3,7,0,0,0,NA,NA,1,1
2017,46,2150*A,Senecio crassulus,101,72,-10,-10,9,9,0,0,0,3,6,1,0
2018,46,2150*A,Senecio crassulus,101,72,-10,-10,0,0,0,0,1,9,-9,0,0
2016,46,2151*A,Senecio crassulus,110,73,-10,-10,2,5,0,0,0,NA,NA,1,1
2017,46,2151*A,Senecio crassulus,110,73,-10,-10,9,6,0,0,0,2,7,1,0
2018,46,2151*A,Senecio crassulus,110,73,-10,-10,2.5,5.5,1,0,0,9,-6.5,1,0
2019,46,2151*A,Senecio crassulus,110,73,-10,-10,0,0,0,0,1,2.5,-2.5,0,0
2016,46,2152*A,Senecio crassulus,67,109,-10,-10,3,5,0,0,0,NA,NA,1,1
2017,46,2152*A,Senecio crassulus,67,109,-10,-10,2,1,0,0,0,3,-1,1,0
2018,46,2152*A,Senecio crassulus,67,109,-10,-10,0,0,0,0,1,2,-2,0,0
2016,46,2153*A,Phacelia hastata,120,87,0,10,3,3.5,0,0,0,NA,NA,1,1
2017,46,2153*A,Phacelia hastata,120,87,0,10,0,0,0,0,1,3,-3,0,0
2016,46,2154*A,Phacelia hastata,118,82,0,10,4,4,0,0,0,NA,NA,1,1
2017,46,2154*A,Phacelia hastata,118,82,0,10,0,0,0,0,1,4,-4,0,0
2015,46,2155*A,Heterotheca villosa,121,76,10,-10,11,8,0,0,0,NA,NA,1,1
2016,46,2155*A,Heterotheca villosa,121,76,10,-10,11,8,0,0,0,11,0,1,0
2017,46,2155*A,Heterotheca villosa,121,76,10,-10,0,0,0,0,1,11,-11,0,0
2016,46,2156*A,Senecio crassulus,112.4675016,134.019204,-10,-10,1,2,0,1,0,NA,NA,1,1
2016,46,2156*B,Senecio crassulus,111.8345363,134.3376468,-10,-10,1,2,0,1,1,NA,NA,0,1
2016,46,2156*C,Senecio crassulus,110.4192995,131.4951523,-10,-10,1,2,0,1,1,NA,NA,0,1
2016,46,2156*D,Senecio crassulus,114.3217165,137.950826,-10,-10,1,2,0,1,1,NA,NA,0,1
2017,46,2156*A,Senecio crassulus,112,135,-10,-10,3,4,0,0,0,1,2,1,0
2018,46,2156*A,Senecio crassulus,112,135,-10,-10,0,0,0,0,1,3,-3,0,0
2016,46,2157*A,Senecio crassulus,120,138,-10,-10,2,3,0,0,0,NA,NA,1,1
2017,46,2157*A,Senecio crassulus,120,138,-10,-10,4,4,0,0,0,2,2,1,0
2018,46,2157*A,Senecio crassulus,120,138,-10,-10,0,0,0,0,1,4,-4,0,0
2016,46,2158*A,Elymus lanceolatus,105,103,-10,-10,8,11,0,0,0,NA,NA,1,1
2017,46,2158*A,Elymus lanceolatus,105,103,-10,-10,0,0,0,0,1,8,-8,0,0
2016,46,2159*A,Heterotheca villosa,102,176,-10,-10,0.2,0.2,0,1,0,NA,NA,1,1
2017,46,2159*A,Heterotheca villosa,102,176,-10,-10,1.5,1.5,0,0,0,0.2,1.3,1,0
2018,46,2159*A,Heterotheca villosa,102,176,-10,-10,0,0,0,0,1,1.5,-1.5,0,0
2014,16,216*A,Lupinus argenteus,5,30,0,-10,12,6,0,0,0,NA,NA,1,NA
2015,16,216*A,Lupinus argenteus,5,30,0,-10,9.5,6,0,0,0,12,-2.5,1,0
2016,16,216*A,Lupinus argenteus,5,30,0,-10,12,7,0,0,0,9.5,2.5,1,0
2017,16,216*A,Lupinus argenteus,5,30,0,-10,6.5,3.5,0,0,0,12,-5.5,1,0
2018,16,216*A,Lupinus argenteus,5,30,0,-10,0,0,0,0,1,6.5,-6.5,0,0
2016,46,2160*A,Eriogonum umbellatum,118,124,-10,-10,1.5,1,0,1,0,NA,NA,1,1
2017,46,2160*A,Eriogonum umbellatum,118,124,-10,-10,2.5,2,0,0,0,1.5,1,1,0
2018,46,2160*A,Eriogonum umbellatum,118,124,-10,-10,3,1.5,0,0,0,2.5,0.5,1,0
2019,46,2160*A,Eriogonum umbellatum,118,124,-10,-10,4,1.5,0,0,0,3,1,1,0
2020,46,2160*A,Eriogonum umbellatum,118,124,-10,-10,5,1,0,0,0,4,1,1,0
2021,46,2160*A,Eriogonum umbellatum,118,124,-10,-10,4.8,1.8,0,0,0,5,-0.2,1,0
2016,46,2161*A,Eriogonum umbellatum,132.3506262,119.264403,0,0,1,1,0,0,0,NA,NA,1,1
2016,46,2161*B,Eriogonum umbellatum,131.8759023,119.5032351,0,0,1,1,0,0,1,NA,NA,0,1
2017,46,2161*A,Eriogonum umbellatum,132,120,0,0,0,0,0,0,1,1,-1,0,0
2016,46,2162*A,Lupinus argenteus,158,120,-10,-10,6,5,0,0,0,NA,NA,1,1
2017,46,2162*A,Lupinus argenteus,158,120,-10,-10,0,0,0,0,1,6,-6,0,0
2016,46,2163*A,Senecio crassulus,148,100,-10,-10,1,3,0,0,0,NA,NA,1,1
2017,46,2163*A,Senecio crassulus,148,100,-10,-10,0,0,0,0,1,1,-1,0,0
2016,46,2164*A,Arenaria congesta,143,92,-10,-10,4.5,4,0,0,0,NA,NA,1,1
2017,46,2164*A,Arenaria congesta,143,92,-10,-10,5,2.5,0,0,0,4.5,0.5,1,0
2018,46,2164*A,Arenaria congesta,143,92,-10,-10,5,3.5,0,0,0,5,0,1,0
2019,46,2164*A,Arenaria congesta,143,92,-10,-10,14,9.5,9,0,0,5,9,1,0
2020,46,2164*A,Arenaria congesta,143,92,-10,-10,13,13,9,0,0,14,-1,1,0
2021,46,2164*A,Arenaria congesta,143,92,-10,-10,0.5,1,0,0,0,13,-12.5,1,0
2015,46,2165*A,Arenaria congesta,147,124,-10,-10,1.3,3,0,0,0,NA,NA,1,1
2016,46,2165*A,Arenaria congesta,147,124,-10,-10,1.3,3,0,0,0,1.3,0,1,0
2017,46,2165*A,Arenaria congesta,147,124,-10,-10,2,2,0,0,0,1.3,0.7,1,0
2018,46,2165*A,Arenaria congesta,147,124,-10,-10,2,3,2,0,0,2,0,1,0
2019,46,2165*A,Arenaria congesta,147,124,-10,-10,5.5,4.5,0,0,0,2,3.5,1,0
2020,46,2165*A,Arenaria congesta,147,124,-10,-10,6.5,8.5,2,0,0,5.5,1,1,0
2021,46,2165*A,Arenaria congesta,147,124,-10,-10,0,0,0,0,0,6.5,-6.5,1,0
2016,46,2166*A,Carex siccata,165,188,-10,-10,14,16,0,0,0,NA,NA,1,1
2017,46,2166*A,Carex siccata,165,188,-10,-10,0,0,0,0,1,14,-14,0,0
2016,46,2167*A,Lupinus argenteus,166,179,-10,-10,1.5,2.5,0,0,0,NA,NA,1,1
2017,46,2167*A,Lupinus argenteus,166,179,-10,-10,0,0,0,0,1,1.5,-1.5,0,0
2016,46,2168*A,Lupinus argenteus,155,178,-10,-10,3,3.5,0,0,0,NA,NA,1,1
2017,46,2168*A,Lupinus argenteus,155,178,-10,-10,0,0,0,0,1,3,-3,0,0
2016,46,2169*A,Carex siccata,183,163,-5,-5,17,20,1,0,0,NA,NA,1,1
2017,46,2169*A,Carex siccata,183,163,-5,-5,18,18,0,0,0,17,1,1,0
2018,46,2169*A,Carex siccata,183,163,-5,-5,11,10,0,0,0,18,-7,1,0
2019,46,2169*A,Carex siccata,183,163,-5,-5,15,17,0,0,0,11,4,1,0
2020,46,2169*A,Carex siccata,183,163,-5,-5,10,8.5,0,0,0,15,-5,1,0
2021,46,2169*A,Carex siccata,183,163,-5,-5,13.5,16,0,0,0,10,3.5,1,0
2014,16,217*A,Lupinus argenteus,58,10,-10,-10,27,12,5,0,0,NA,NA,1,NA
2015,16,217*A,Lupinus argenteus,58,10,-10,-10,19,14,1,0,0,27,-8,1,0
2016,16,217*A,Lupinus argenteus,58,10,-10,-10,11,8,0,0,0,19,-8,1,0
2017,16,217*A,Lupinus argenteus,58,10,-10,-10,0,0,0,0,1,11,-11,0,0
2016,46,2170*A,Arenaria congesta,167,132,-10,-10,3,3,0,0,0,NA,NA,1,1
2017,46,2170*A,Arenaria congesta,167,132,-10,-10,0,0,0,0,0,3,-3,1,0
2018,46,2170*A,Arenaria congesta,167,132,-10,-10,2.5,1.5,0,0,0,0,2.5,1,0
2019,46,2170*A,Arenaria congesta,167,132,-10,-10,6,5.5,1,0,0,2.5,3.5,1,0
2020,46,2170*A,Arenaria congesta,167,132,-10,-10,8,7,5,0,0,6,2,1,0
2021,46,2170*A,Arenaria congesta,167,132,-10,-10,11,5.5,0,0,0,8,3,1,0
2016,46,2171*A,Carex siccata,193,109,-10,-10,12,11,0,0,0,NA,NA,1,1
2017,46,2171*A,Carex siccata,193,109,-10,-10,6,3,0,0,0,12,-6,1,0
2018,46,2171*A,Carex siccata,193,109,-10,-10,7,8.5,0,0,0,6,1,1,0
2019,46,2171*A,Carex siccata,193,109,-10,-10,11,11.5,0,0,0,7,4,1,0
2020,46,2171*A,Carex siccata,193,109,-10,-10,6,6,0,0,0,11,-5,1,0
2021,46,2171*A,Carex siccata,193,109,-10,-10,0,0,0,0,0,6,-6,1,0
2016,46,2172*A,Eriogonum umbellatum,158,121,-10,-10,7,3,0,0,0,NA,NA,1,1
2017,46,2172*A,Eriogonum umbellatum,158,121,-10,-10,5,2.5,0,0,0,7,-2,1,0
2018,46,2172*A,Eriogonum umbellatum,158,121,-10,-10,3.5,3,0,0,0,5,-1.5,1,0
2019,46,2172*A,Eriogonum umbellatum,158,121,-10,-10,4,1,0,0,0,3.5,0.5,1,0
2020,46,2172*A,Eriogonum umbellatum,158,121,-10,-10,5,2,0,0,0,4,1,1,0
2021,46,2172*A,Eriogonum umbellatum,158,121,-10,-10,6,2,0,0,0,5,1,1,0
2016,46,2173*A,Eriogonum umbellatum,164,124,0,-5,2,3,0,0,0,NA,NA,1,1
2017,46,2173*A,Eriogonum umbellatum,164,124,0,-5,2,2,0,0,0,2,0,1,0
2018,46,2173*A,Eriogonum umbellatum,164,124,0,-5,0,0,0,0,0,2,-2,1,0
2019,46,2173*A,Eriogonum umbellatum,164,124,0,-5,1.5,1.5,0,0,0,0,1.5,1,0
2020,46,2173*A,Eriogonum umbellatum,164,124,0,-5,2,1,0,0,0,1.5,0.5,1,0
2021,46,2173*A,Eriogonum umbellatum,164,124,0,-5,1.8,1.1,0,0,0,2,-0.2,1,0
2016,46,2174*A,Senecio crassulus,161,109,5,-5,1.5,3,0,0,0,NA,NA,1,1
2017,46,2174*A,Senecio crassulus,161,109,5,-5,0,0,0,0,1,1.5,-1.5,0,0
2016,46,2175*A,Eriogonum umbellatum,164.4090639,111.1418035,0,-10,1,1,0,1,0,NA,NA,1,1
2016,46,2175*B,Eriogonum umbellatum,163.8552193,111.4204409,0,-10,1,1,0,1,1,NA,NA,0,1
2016,46,2175*C,Eriogonum umbellatum,162.616887,108.9332582,0,-10,1,1,0,1,1,NA,NA,0,1
2017,46,2175*A,Eriogonum umbellatum,164,112,0,-10,0,0,0,0,1,1,-1,0,0
2015,28,2176*A,Eriogonum umbellatum,180,105,-10,-10,1.2,1,0,0,0,NA,NA,1,1
2016,28,2176*A,Eriogonum umbellatum,180,105,-10,-10,1.2,1,0,0,0,1.2,0,1,0
2017,28,2176*A,Eriogonum umbellatum,180,105,-10,-10,0,0,0,0,1,1.2,-1.2,0,0
2015,28,2177*A,Chaenactis douglasii,182,105,-10,-10,1.3,1,0,0,0,NA,NA,1,1
2016,28,2177*A,Chaenactis douglasii,182,105,-10,-10,1.3,1,0,0,0,1.3,0,1,0
2017,28,2177*A,Chaenactis douglasii,182,105,-10,-10,0,0,0,0,1,1.3,-1.3,0,0
2015,20,2178*A,Phacelia hastata,173,52,-10,-10,1.5,1.5,0,1,0,NA,NA,1,1
2016,20,2178*A,Phacelia hastata,173,52,-10,-10,12,5,3,0,0,1.5,10.5,1,0
2017,20,2178*A,Phacelia hastata,173,52,-10,-10,20,6,8,0,0,12,8,1,0
2018,20,2178*A,Phacelia hastata,173,52,-10,-10,0,0,0,0,1,20,-20,0,0
2017,5,2179*A,Lupinus argenteus,7.5,96,-10,-10,3,2,0,0,0,NA,NA,1,1
2018,5,2179*A,Lupinus argenteus,7.5,96,-10,-10,0,0,0,0,1,3,-3,0,0
2014,16,218*A,Lupinus argenteus,50,20,-10,-10,7,5,0,0,0,NA,NA,1,NA
2015,16,218*A,Lupinus argenteus,50,20,-10,-10,0,0,0,0,1,7,-7,0,0
2017,5,2180*A,Lupinus argenteus,21,99,-10,-10,0.7,0.3,0,1,0,NA,NA,1,1
2018,5,2180*A,Lupinus argenteus,21,99,-10,-10,0,0,0,0,1,0.7,-0.7,0,0
2017,5,2181*A,Lupinus argenteus,51,123,-10,-10,2.5,3,0,0,0,NA,NA,1,1
2018,5,2181*A,Lupinus argenteus,51,123,-10,-10,0,0,0,0,1,2.5,-2.5,0,0
2017,5,2182*A,Lupinus argenteus,52,182,-10,-10,2,2.5,0,0,0,NA,NA,1,1
2018,5,2182*A,Lupinus argenteus,52,182,-10,-10,0,0,0,0,1,2,-2,0,0
2017,5,2183*A,Lupinus argenteus,81,135,-10,-10,10,4.5,0,0,0,NA,NA,1,1
2018,5,2183*A,Lupinus argenteus,81,135,-10,-10,0,0,0,0,1,10,-10,0,0
2017,5,2184*A,Lupinus argenteus,110,179,-10,-10,2.5,1.5,0,0,0,NA,NA,1,1
2018,5,2184*A,Lupinus argenteus,110,179,-10,-10,0,0,0,0,1,2.5,-2.5,0,0
2016,5,2185*A,Phacelia hastata,164,98,-10,-10,6.5,3,1,0,0,NA,NA,1,1
2017,5,2185*A,Phacelia hastata,164,98,-10,-10,6.5,3,1,0,0,6.5,0,1,0
2018,5,2185*A,Phacelia hastata,164,98,-10,-10,0,0,0,0,1,6.5,-6.5,0,0
2016,5,2186*A,Elymus lanceolatus,174,108,-10,-10,12,19,1,0,0,NA,NA,1,1
2017,5,2186*A,Elymus lanceolatus,174,108,-10,-10,12,19,1,0,0,12,0,1,0
2018,5,2186*A,Elymus lanceolatus,174,108,-10,-10,11,18,1,0,0,12,-1,1,0
2019,5,2186*A,Elymus lanceolatus,174,108,-10,-10,12,22,1,0,0,11,1,1,0
2020,5,2186*A,Elymus lanceolatus,174,108,-10,-10,13,13,0,0,0,12,1,1,0
2021,5,2186*A,Elymus lanceolatus,174,108,-10,-10,12.5,16,2,0,0,13,-0.5,1,0
2016,5,2187*A,Elymus lanceolatus,183,107,-10,-10,13,15,1,0,0,NA,NA,1,1
2017,5,2187*A,Elymus lanceolatus,183,107,-10,-10,13,15,1,0,0,13,0,1,0
2018,5,2187*A,Elymus lanceolatus,183,107,-10,-10,11,20,1,0,0,13,-2,1,0
2019,5,2187*A,Elymus lanceolatus,183,107,-10,-10,16,12,0,0,0,11,5,1,0
2020,5,2187*A,Elymus lanceolatus,183,107,-10,-10,13.5,11.5,0,0,0,16,-2.5,1,0
2021,5,2187*A,Elymus lanceolatus,183,107,-10,-10,8.5,14,0,0,0,13.5,-5,1,0
2017,5,2188*A,Eriogonum umbellatum,111,29,-10,-10,0.5,0.5,0,1,0,NA,NA,1,1
2018,5,2188*A,Eriogonum umbellatum,111,29,-10,-10,0,0,0,0,1,0.5,-0.5,0,0
2017,5,2189*A,Heterotheca villosa,130,52,-10,-10,0.5,0.4,0,1,0,NA,NA,1,1
2018,5,2189*A,Heterotheca villosa,130,52,-10,-10,0,0,0,0,1,0.5,-0.5,0,0
2014,16,219*A,Lupinus argenteus,42,25,-10,-10,11,9,0,0,0,NA,NA,1,NA
2015,16,219*A,Lupinus argenteus,42,25,-10,-10,15,10,2,0,0,11,4,1,0
2016,16,219*A,Lupinus argenteus,42,25,-10,-10,12,6,0,0,0,15,-3,1,0
2017,16,219*A,Lupinus argenteus,42,25,-10,-10,0,0,0,0,1,12,-12,0,0
2016,10,2190*A,Phacelia hastata,26,67,-10,-10,1,0.5,0,1,0,NA,NA,1,1
2017,10,2190*A,Phacelia hastata,26,67,-10,-10,8,3.5,0,0,0,1,7,1,0
2018,10,2190*A,Phacelia hastata,26,67,-10,-10,16.5,7.5,0,0,0,8,8.5,1,0
2019,10,2190*A,Phacelia hastata,26,67,-10,-10,45,9.5,38,0,0,16.5,28.5,1,0
2020,10,2190*A,Phacelia hastata,26,67,-10,-10,0,0,0,0,1,45,-45,0,0
2017,10,2191*A,Lupinus argenteus,31,74,-10,-10,2,1.5,0,0,0,NA,NA,1,1
2018,10,2191*A,Lupinus argenteus,31,74,-10,-10,0,0,0,0,1,2,-2,0,0
2017,10,2192*A,Agoseris glauca,17,103,-10,-10,11,5.5,0,0,0,NA,NA,1,1
2018,10,2192*A,Agoseris glauca,17,103,-10,-10,0,0,0,0,1,11,-11,0,0
2017,10,2193*A,Lupinus argenteus,64,77,-10,-10,1,1.5,0,0,0,NA,NA,1,1
2018,10,2193*A,Lupinus argenteus,64,77,-10,-10,0,0,0,0,1,1,-1,0,0
2017,10,2194*A,Lupinus argenteus,81,39,-10,-10,2,1,0,0,0,NA,NA,1,1
2018,10,2194*A,Lupinus argenteus,81,39,-10,-10,6.5,3.5,0,0,0,2,4.5,1,0
2019,10,2194*A,Lupinus argenteus,81,39,-10,-10,4,4,0,0,0,6.5,-2.5,1,0
2020,10,2194*A,Lupinus argenteus,81,39,-10,-10,0,0,0,0,1,4,-4,0,0
2017,10,2195*A,Lupinus argenteus,88,28,-10,-10,13,6,0,0,0,NA,NA,1,1
2018,10,2195*A,Lupinus argenteus,88,28,-10,-10,6.5,3,0,0,0,13,-6.5,1,0
2019,10,2195*A,Lupinus argenteus,88,28,-10,-10,7,5,0,0,0,6.5,0.5,1,0
2020,10,2195*A,Lupinus argenteus,88,28,-10,-10,0,0,0,0,1,7,-7,0,0
2017,10,2196*A,Lupinus argenteus,87,8,-10,-10,11,4,0,0,0,NA,NA,1,1
2018,10,2196*A,Lupinus argenteus,87,8,-10,-10,0,0,0,0,1,11,-11,0,0
2017,10,2197*A,Lupinus argenteus,115,59,-5,0,3,1.5,0,0,0,NA,NA,1,1
2018,10,2197*A,Lupinus argenteus,115,59,-5,0,9.5,6,0,0,0,3,6.5,1,0
2019,10,2197*A,Lupinus argenteus,115,59,-5,0,11.5,9,1,0,0,9.5,2,1,0
2020,10,2197*A,Lupinus argenteus,115,59,-5,0,9,5.5,0,0,0,11.5,-2.5,1,0
2021,10,2197*A,Lupinus argenteus,115,59,-5,0,8,5.5,0,0,0,9,-1,1,0
2017,10,2198*A,Lupinus argenteus,135,115,-10,-10,5,3,0,0,0,NA,NA,1,1
2018,10,2198*A,Lupinus argenteus,135,115,-10,-10,0,0,0,0,1,5,-5,0,0
2017,8,2199*A,Phacelia hastata,85,153,-10,-10,1,0.5,0,1,0,NA,NA,1,1
2018,8,2199*A,Phacelia hastata,85,153,-10,-10,0,0,0,0,1,1,-1,0,0
2014,5,22*A,Lupinus argenteus,48,60,-10,-10,7,5,0,0,0,NA,NA,1,NA
2015,5,22*A,Lupinus argenteus,48,60,-10,-10,9,4,0,0,0,7,2,1,0
2016,5,22*A,Lupinus argenteus,48,60,-10,-10,7.8,6.7,0,0,0,9,-1.2,1,0
2017,5,22*A,Lupinus argenteus,48,60,-10,-10,0,0,0,0,1,7.8,-7.8,0,0
2014,16,220*A,Lupinus argenteus,37,34,-10,-10,16,10,0,0,0,NA,NA,1,NA
2015,16,220*A,Lupinus argenteus,37,34,-10,-10,15,11,0,0,0,16,-1,1,0
2016,16,220*A,Lupinus argenteus,37,34,-10,-10,17,10,0,0,0,15,2,1,0
2017,16,220*A,Lupinus argenteus,37,34,-10,-10,0,0,0,0,1,17,-17,0,0
2017,8,2200*A,Lupinus argenteus,173,163,-10,-10,3,3,0,0,0,NA,NA,1,1
2018,8,2200*A,Lupinus argenteus,173,163,-10,-10,0,0,0,0,1,3,-3,0,0
2017,8,2201*A,Phacelia hastata,171,84,-10,-10,1,0.5,0,1,0,NA,NA,1,1
2018,8,2201*A,Phacelia hastata,171,84,-10,-10,0,0,0,0,1,1,-1,0,0
2017,8,2202*A,Phacelia hastata,172,84,-10,-10,1,0.5,0,1,0,NA,NA,1,1
2018,8,2202*A,Phacelia hastata,172,84,-10,-10,0,0,0,0,1,1,-1,0,0
2017,8,2203*A,Senecio crassulus,187,69,-10,-10,7,5,0,0,0,NA,NA,1,1
2018,8,2203*A,Senecio crassulus,187,69,-10,-10,6.5,4.5,0,0,0,7,-0.5,1,0
2019,8,2203*A,Senecio crassulus,187,69,-10,-10,8,9,0,0,0,6.5,1.5,1,0
2020,8,2203*A,Senecio crassulus,187,69,-10,-10,9,9,0,0,0,8,1,1,0
2021,8,2203*A,Senecio crassulus,187,69,-10,-10,11.5,10,0,0,0,9,2.5,1,0
2017,6,2204*A,Ivesia gordonii,164,98,-10,-10,1,1,0,1,0,NA,NA,1,1
2018,6,2204*A,Ivesia gordonii,164,98,-10,-10,5,2.5,0,0,0,1,4,1,0
2019,6,2204*A,Ivesia gordonii,164,98,-10,-10,7.5,4,6,0,0,5,2.5,1,0
2020,6,2204*A,Ivesia gordonii,164,98,-10,-10,9,4,0,0,0,7.5,1.5,1,0
2021,6,2204*A,Ivesia gordonii,164,98,-10,-10,10.5,3.5,2,0,0,9,1.5,1,0
2017,1,2205*A,Ivesia gordonii,12.5,165,-10,-10,0.4,0.3,0,1,0,NA,NA,1,1
2018,1,2205*A,Ivesia gordonii,12.5,165,-10,-10,0,0,0,0,1,0.4,-0.4,0,0
2017,11,2206*A,Lupinus argenteus,64,51,-10,-10,4.5,2,0,0,0,NA,NA,1,1
2018,11,2206*A,Lupinus argenteus,64,51,-10,-10,9.5,7.5,0,0,0,4.5,5,1,0
2019,11,2206*A,Lupinus argenteus,64,51,-10,-10,10,6.5,0,0,0,9.5,0.5,1,0
2020,11,2206*A,Lupinus argenteus,64,51,-10,-10,11,6,0,0,0,10,1,1,0
2021,11,2206*A,Lupinus argenteus,64,51,-10,-10,13.5,7,0,0,0,11,2.5,1,0
2017,11,2207*A,Lupinus argenteus,68,60,-10,-10,5,2,0,0,0,NA,NA,1,1
2018,11,2207*A,Lupinus argenteus,68,60,-10,-10,8.5,6.5,0,0,0,5,3.5,1,0
2019,11,2207*A,Lupinus argenteus,68,60,-10,-10,8.5,5.5,0,0,0,8.5,0,1,0
2020,11,2207*A,Lupinus argenteus,68,60,-10,-10,5.5,4.7,0,0,0,8.5,-3,1,0
2021,11,2207*A,Lupinus argenteus,68,60,-10,-10,11.5,6,0,0,0,5.5,6,1,0
2017,11,2208*A,Ivesia gordonii,38,179,-10,-10,0.5,0.5,0,1,0,NA,NA,1,1
2018,11,2208*A,Ivesia gordonii,38,179,-10,-10,1.7,1.5,0,0,0,0.5,1.2,1,0
2019,11,2208*A,Ivesia gordonii,38,179,-10,-10,4,3,0,0,0,1.7,2.3,1,0
2020,11,2208*A,Ivesia gordonii,38,179,-10,-10,5.5,5,0,0,0,4,1.5,1,0
2021,11,2208*A,Ivesia gordonii,38,179,-10,-10,10,4.5,1,0,0,5.5,4.5,1,0
2017,11,2209*A,Lupinus argenteus,125,81,-10,-10,3,2,0,0,0,NA,NA,1,1
2018,11,2209*A,Lupinus argenteus,125,81,-10,-10,12,7,0,0,0,3,9,1,0
2019,11,2209*A,Lupinus argenteus,125,81,-10,-10,4.5,4.5,0,0,0,12,-7.5,1,0
2020,11,2209*A,Lupinus argenteus,125,81,-10,-10,0,0,0,0,1,4.5,-4.5,0,0
2014,16,221*A,Lupinus argenteus,25,45,0,-10,18,9,0,0,0,NA,NA,1,NA
2015,16,221*A,Lupinus argenteus,25,45,0,-10,19,12,3,0,0,18,1,1,0
2016,16,221*A,Lupinus argenteus,25,45,0,-10,17,10,0,0,0,19,-2,1,0
2017,16,221*A,Lupinus argenteus,25,45,0,-10,0,0,0,0,1,17,-17,0,0
2017,11,2210*A,Lupinus argenteus,104,56,-10,-10,10,2,0,0,0,NA,NA,1,1
2018,11,2210*A,Lupinus argenteus,104,56,-10,-10,8.5,6,0,0,0,10,-1.5,1,0
2019,11,2210*A,Lupinus argenteus,104,56,-10,-10,3.5,2,0,0,0,8.5,-5,1,0
2020,11,2210*A,Lupinus argenteus,104,56,-10,-10,0,0,0,0,1,3.5,-3.5,0,0
2017,11,2211*A,Lupinus argenteus,86,13,-10,-10,3,2,0,0,0,NA,NA,1,1
2018,11,2211*A,Lupinus argenteus,86,13,-10,-10,0,0,0,0,1,3,-3,0,0
2017,11,2212*A,Lupinus argenteus,95,34,-10,-10,9,3,0,0,0,NA,NA,1,1
2018,11,2212*A,Lupinus argenteus,95,34,-10,-10,0,0,0,0,1,9,-9,0,0
2017,11,2213*A,Lupinus argenteus,70,19,-10,-10,1.5,1.5,0,0,0,NA,NA,1,1
2018,11,2213*A,Lupinus argenteus,70,19,-10,-10,0,0,0,0,1,1.5,-1.5,0,0
2017,11,2214*A,Lupinus argenteus,72,15,-10,-10,3.2,2.5,0,0,0,NA,NA,1,1
2018,11,2214*A,Lupinus argenteus,72,15,-10,-10,5,5,0,0,0,3.2,1.8,1,0
2019,11,2214*A,Lupinus argenteus,72,15,-10,-10,5,4,0,0,0,5,0,1,0
2020,11,2214*A,Lupinus argenteus,72,15,-10,-10,0,0,0,0,1,5,-5,0,0
2017,11,2215*A,Lupinus argenteus,73,6,-10,-10,1.5,1,0,1,0,NA,NA,1,1
2018,11,2215*A,Lupinus argenteus,73,6,-10,-10,7.5,5.5,0,0,0,1.5,6,1,0
2019,11,2215*A,Lupinus argenteus,73,6,-10,-10,0,0,0,0,1,7.5,-7.5,0,0
2017,13,2216*A,Phacelia hastata,34,16,-10,-10,0.8,0.5,0,1,0,NA,NA,1,1
2018,13,2216*A,Phacelia hastata,34,16,-10,-10,1.4,0.3,0,0,0,0.8,0.6,1,0
2019,13,2216*A,Phacelia hastata,34,16,-10,-10,0,0,0,0,1,1.4,-1.4,0,0
2017,14,2217*A,Agoseris glauca,66,75,-10,-10,0.5,1,0,1,0,NA,NA,1,1
2018,14,2217*A,Agoseris glauca,66,75,-10,-10,0,0,0,0,1,0.5,-0.5,0,0
2017,14,2218*A,Elymus lanceolatus,144,116,-4,-3,11,13,0,0,0,NA,NA,1,1
2018,14,2218*A,Elymus lanceolatus,144,116,-4,-3,10,21.5,0,0,0,11,-1,1,0
2019,14,2218*A,Elymus lanceolatus,144,116,-4,-3,7.5,11.5,0,0,0,10,-2.5,1,0
2020,14,2218*A,Elymus lanceolatus,144,116,-4,-3,3,10,0,0,0,7.5,-4.5,1,0
2021,14,2218*A,Elymus lanceolatus,144,116,-4,-3,0,0,0,0,0,3,-3,1,0
2017,15,2219*A,Phacelia hastata,89.5,172,-10,-10,1.5,1,0,1,0,NA,NA,1,1
2018,15,2219*A,Phacelia hastata,89.5,172,-10,-10,0,0,0,0,1,1.5,-1.5,0,0
2014,16,222*A,Lupinus argenteus,56,40,0,-10,16,16,2,0,0,NA,NA,1,NA
2015,16,222*A,Lupinus argenteus,56,40,0,-10,13,13,2,0,0,16,-3,1,0
2016,16,222*A,Lupinus argenteus,56,40,0,-10,11,9,0,0,0,13,-2,1,0
2017,16,222*A,Lupinus argenteus,56,40,0,-10,0,0,0,0,1,11,-11,0,0
2017,15,2220*A,Heterotheca villosa,101,165,-10,-10,1,1,0,1,0,NA,NA,1,1
2018,15,2220*A,Heterotheca villosa,101,165,-10,-10,1.5,1.5,0,0,0,1,0.5,1,0
2019,15,2220*A,Heterotheca villosa,101,165,-10,-10,10.5,5,3,0,0,1.5,9,1,0
2020,15,2220*A,Heterotheca villosa,101,165,-10,-10,11.5,3.5,6,0,0,10.5,1,1,0
2021,15,2220*A,Heterotheca villosa,101,165,-10,-10,16,5.5,5,0,0,11.5,4.5,1,0
2017,15,2221*A,Lupinus argenteus,145,4,-10,-10,2,2,0,0,0,NA,NA,1,1
2018,15,2221*A,Lupinus argenteus,145,4,-10,-10,0,0,0,0,1,2,-2,0,0
2017,20,2222*A,Elymus lanceolatus,4,4,-10,-10,7.5,11,0,0,0,NA,NA,1,1
2018,20,2222*A,Elymus lanceolatus,4,4,-10,-10,8,14,0,0,0,7.5,0.5,1,0
2019,20,2222*A,Elymus lanceolatus,4,4,-10,-10,19,6.5,0,0,0,8,11,1,0
2020,20,2222*A,Elymus lanceolatus,4,4,-10,-10,16,13,0,0,0,19,-3,1,0
2021,20,2222*A,Elymus lanceolatus,4,4,-10,-10,15,21,4,0,0,16,-1,1,0
2017,20,2223*A,Phacelia hastata,177,10,-10,-10,1,1.5,0,1,0,NA,NA,1,1
2018,20,2223*A,Phacelia hastata,177,10,-10,-10,0,0,0,0,1,1,-1,0,0
2016,20,2224*A,Heterotheca villosa,9.5,38,-10,-10,2,2.5,0,0,0,NA,NA,1,1
2017,20,2224*A,Heterotheca villosa,9.5,38,-10,-10,2,2.5,0,0,0,2,0,1,0
2018,20,2224*A,Heterotheca villosa,9.5,38,-10,-10,0,0,0,0,1,2,-2,0,0
2017,20,2225*A,Agoseris glauca,24,33,0,10,1,1,0,1,0,NA,NA,1,1
2018,20,2225*A,Agoseris glauca,24,33,0,10,0,0,0,0,1,1,-1,0,0
2017,20,2226*A,Eriogonum umbellatum,38,30,-10,-10,1,1,0,0,0,NA,NA,1,1
2018,20,2226*A,Eriogonum umbellatum,38,30,-10,-10,0,0,0,0,1,1,-1,0,0
2017,20,2227*A,Ivesia gordonii,33,44,-10,-10,3,1.5,0,0,0,NA,NA,1,1
2018,20,2227*A,Ivesia gordonii,33,44,-10,-10,3,2.5,0,0,0,3,0,1,0
2019,20,2227*A,Ivesia gordonii,33,44,-10,-10,6,5,0,0,0,3,3,1,0
2020,20,2227*A,Ivesia gordonii,33,44,-10,-10,7.5,3,0,0,0,6,1.5,1,0
2021,20,2227*A,Ivesia gordonii,33,44,-10,-10,8.5,4,0,0,0,7.5,1,1,0
2017,20,2228*A,Heterotheca villosa,42,40,-10,-10,1,1.5,0,1,0,NA,NA,1,1
2018,20,2228*A,Heterotheca villosa,42,40,-10,-10,0,0,0,0,1,1,-1,0,0
2016,19,2229*A,Senecio crassulus,5,77,-10,-10,3,3,0,0,0,NA,NA,1,1
2017,19,2229*A,Senecio crassulus,5,77,-10,-10,3,3,0,0,0,3,0,1,0
2018,19,2229*A,Senecio crassulus,5,77,-10,-10,0,0,0,0,1,3,-3,0,0
2014,16,223*A,Lupinus argenteus,45,45,-10,-10,26,18,0,0,0,NA,NA,1,NA
2015,16,223*A,Lupinus argenteus,45,45,-10,-10,26,13,7,0,0,26,0,1,0
2016,16,223*A,Lupinus argenteus,45,45,-10,-10,23,12,1,0,0,26,-3,1,0
2017,16,223*A,Lupinus argenteus,45,45,-10,-10,0,0,0,0,1,23,-23,0,0
2017,20,2230*A,Heterotheca villosa,50,35,-10,-10,1,1,0,1,0,NA,NA,1,1
2018,20,2230*A,Heterotheca villosa,50,35,-10,-10,0,0,0,0,1,1,-1,0,0
2017,20,2231*A,Lupinus argenteus,180,144,-10,-10,9,6,0,0,0,NA,NA,1,1
2018,20,2231*A,Lupinus argenteus,180,144,-10,-10,0,0,0,0,1,9,-9,0,0
2017,20,2232*A,Ivesia gordonii,160,170,-10,-10,0.5,0.5,0,1,0,NA,NA,1,1
2018,20,2232*A,Ivesia gordonii,160,170,-10,-10,0,0,0,0,1,0.5,-0.5,0,0
2017,20,2233*A,Lupinus argenteus,125,171,-10,-10,1,1,0,0,0,NA,NA,1,1
2018,20,2233*A,Lupinus argenteus,125,171,-10,-10,0,0,0,0,1,1,-1,0,0
2017,19,2234*A,Lupinus argenteus,92,72,-10,-10,7.5,4,0,0,0,NA,NA,1,1
2018,19,2234*A,Lupinus argenteus,92,72,-10,-10,11.5,8.5,0,0,0,7.5,4,1,0
2019,19,2234*A,Lupinus argenteus,92,72,-10,-10,5,5,0,0,0,11.5,-6.5,1,0
2020,19,2234*A,Lupinus argenteus,92,72,-10,-10,0,0,0,0,1,5,-5,0,0
2017,19,2235*A,Elymus lanceolatus,130,58,-10,-10,2,4,0,1,0,NA,NA,1,1
2018,19,2235*A,Elymus lanceolatus,130,58,-10,-10,2.5,4.5,0,0,0,2,0.5,1,0
2019,19,2235*A,Elymus lanceolatus,130,58,-10,-10,4.5,8,0,0,0,2.5,2,1,0
2020,19,2235*A,Elymus lanceolatus,130,58,-10,-10,5,7,0,0,0,4.5,0.5,1,0
2021,19,2235*A,Elymus lanceolatus,130,58,-10,-10,6,8,0,0,0,5,1,1,0
2017,16,2236*A,Lupinus argenteus,67,8,-10,-10,7,4,0,0,0,NA,NA,1,1
2018,16,2236*A,Lupinus argenteus,67,8,-10,-10,0,0,0,0,1,7,-7,0,0
2017,19,2237*A,Lupinus argenteus,172,46,-10,-10,5,3,0,0,0,NA,NA,1,1
2018,19,2237*A,Lupinus argenteus,172,46,-10,-10,2.5,2.5,0,0,0,5,-2.5,1,0
2019,19,2237*A,Lupinus argenteus,172,46,-10,-10,0,0,0,0,1,2.5,-2.5,0,0
2017,16,2238*A,Agoseris glauca,13,73,-10,-10,6,5,0,0,0,NA,NA,1,1
2018,16,2238*A,Agoseris glauca,13,73,-10,-10,0,0,0,0,1,6,-6,0,0
2017,16,2239*A,Lupinus argenteus,11,80,-10,-10,4,2.5,0,0,0,NA,NA,1,1
2018,16,2239*A,Lupinus argenteus,11,80,-10,-10,0,0,0,0,1,4,-4,0,0
2014,16,224*A,Lupinus argenteus,37,45,-10,-10,7,6,0,0,0,NA,NA,1,NA
2015,16,224*A,Lupinus argenteus,37,45,-10,-10,7.5,5,0,0,0,7,0.5,1,0
2016,16,224*A,Lupinus argenteus,37,45,-10,-10,14,11,0,0,0,7.5,6.5,1,0
2017,16,224*A,Lupinus argenteus,37,45,-10,-10,0,0,0,0,1,14,-14,0,0
2017,16,2240*A,Senecio crassulus,36,70,-10,-10,2,2.5,0,0,0,NA,NA,1,1
2018,16,2240*A,Senecio crassulus,36,70,-10,-10,0,0,0,0,1,2,-2,0,0
2017,16,2241*A,Senecio crassulus,41,79,-10,-10,0.5,1,0,0,0,NA,NA,1,1
2018,16,2241*A,Senecio crassulus,41,79,-10,-10,0,0,0,0,1,0.5,-0.5,0,0
2017,16,2242*A,Senecio crassulus,36,72,-10,-10,1.5,1,0,0,0,NA,NA,1,1
2018,16,2242*A,Senecio crassulus,36,72,-10,-10,0,0,0,0,1,1.5,-1.5,0,0
2017,16,2243*A,Senecio crassulus,153,150,-10,-10,0.6,0.5,0,1,0,NA,NA,1,1
2018,16,2243*A,Senecio crassulus,153,150,-10,-10,0,0,0,0,1,0.6,-0.6,0,0
2016,21,2244*A,Ivesia gordonii,25,114,-10,-10,3,4,0,0,0,NA,NA,1,1
2017,21,2244*A,Ivesia gordonii,25,114,-10,-10,3,4,0,0,0,3,0,1,0
2018,21,2244*A,Ivesia gordonii,25,114,-10,-10,5,4,0,0,0,3,2,1,0
2019,21,2244*A,Ivesia gordonii,25,114,-10,-10,4.5,5,0,0,0,5,-0.5,1,0
2020,21,2244*A,Ivesia gordonii,25,114,-10,-10,6,5,0,0,0,4.5,1.5,1,0
2021,21,2244*A,Ivesia gordonii,25,114,-10,-10,9,5.5,0,0,0,6,3,1,0
2016,22,2245*A,Phacelia hastata,10,50,-5,-5,5,3,0,0,0,NA,NA,1,1
2017,22,2245*A,Phacelia hastata,10,50,-5,-5,5,3,0,0,0,5,0,1,0
2018,22,2245*A,Phacelia hastata,10,50,-5,-5,6,4,0,0,0,5,1,1,0
2019,22,2245*A,Phacelia hastata,10,50,-5,-5,7.5,4.5,4,0,0,6,1.5,1,0
2020,22,2245*A,Phacelia hastata,10,50,-5,-5,8,6.5,0,0,0,7.5,0.5,1,0
2021,22,2245*A,Phacelia hastata,10,50,-5,-5,13.5,7,0,0,0,8,5.5,1,0
2017,22,2246*A,Chaenactis douglasii,99,3,-10,-10,1.5,1,0,1,0,NA,NA,1,1
2018,22,2246*A,Chaenactis douglasii,99,3,-10,-10,0,0,0,0,1,1.5,-1.5,0,0
2017,22,2247*A,Phacelia hastata,162,64,0,10,6,2.5,0,0,0,NA,NA,1,1
2018,22,2247*A,Phacelia hastata,162,64,0,10,0,0,0,0,1,6,-6,0,0
2017,22,2248*A,Elymus lanceolatus,150,54,0,10,5,11,0,0,0,NA,NA,1,1
2018,22,2248*A,Elymus lanceolatus,150,54,0,10,6,13,0,0,0,5,1,1,0
2019,22,2248*A,Elymus lanceolatus,150,54,0,10,17.5,14,0,0,0,6,11.5,1,0
2020,22,2248*A,Elymus lanceolatus,150,54,0,10,20,14,0,0,0,17.5,2.5,1,0
2021,22,2248*A,Elymus lanceolatus,150,54,0,10,21,23.5,7,0,0,20,1,1,0
2017,22,2249*A,Chaenactis douglasii,145,63,0,10,1.1,1,0,1,0,NA,NA,1,1
2018,22,2249*A,Chaenactis douglasii,145,63,0,10,0,0,0,0,1,1.1,-1.1,0,0
2014,16,225*A,Lupinus argenteus,35,58,-5,-10,11,10,0,0,0,NA,NA,1,NA
2015,16,225*A,Lupinus argenteus,35,58,-5,-10,8,10,1,0,0,11,-3,1,0
2016,16,225*A,Lupinus argenteus,35,58,-5,-10,6,6,0,0,0,8,-2,1,0
2017,16,225*A,Lupinus argenteus,35,58,-5,-10,0,0,0,0,1,6,-6,0,0
2017,24,2250*A,Chaenactis douglasii,181,83,-10,-10,1,1,0,1,0,NA,NA,1,1
2018,24,2250*A,Chaenactis douglasii,181,83,-10,-10,1.2,0.5,0,0,0,1,0.2,1,0
2019,24,2250*A,Chaenactis douglasii,181,83,-10,-10,0,0,0,0,1,1.2,-1.2,0,0
2016,28,2251*A,Senecio crassulus,18,23,-10,-10,4,4,0,0,0,NA,NA,1,1
2017,28,2251*A,Senecio crassulus,18,23,-10,-10,4,4,0,0,0,4,0,1,0
2018,28,2251*A,Senecio crassulus,18,23,-10,-10,2.5,2.5,0,0,0,4,-1.5,1,0
2019,28,2251*A,Senecio crassulus,18,23,-10,-10,0,0,0,0,1,2.5,-2.5,0,0
2017,28,2252*A,Senecio crassulus,23,35,-10,-10,2,5,0,0,0,NA,NA,1,1
2018,28,2252*A,Senecio crassulus,23,35,-10,-10,0,0,0,0,1,2,-2,0,0
2016,28,2253*A,Elymus lanceolatus,48,46,0,10,13,13,0,0,0,NA,NA,1,1
2017,28,2253*A,Elymus lanceolatus,48,46,0,10,13,13,0,0,0,13,0,1,0
2018,28,2253*A,Elymus lanceolatus,48,46,0,10,20,15,3,0,0,13,7,1,0
2019,28,2253*A,Elymus lanceolatus,48,46,0,10,21,25.5,6,0,0,20,1,1,0
2020,28,2253*A,Elymus lanceolatus,48,46,0,10,20,13,0,0,0,21,-1,1,0
2021,28,2253*A,Elymus lanceolatus,48,46,0,10,29,23.5,8,0,0,20,9,1,0
2017,28,2254*A,Phacelia hastata,71,130,-10,-10,1,0.3,0,1,0,NA,NA,1,1
2018,28,2254*A,Phacelia hastata,71,130,-10,-10,14,4,1,0,0,1,13,1,0
2019,28,2254*A,Phacelia hastata,71,130,-10,-10,44,7,17,0,0,14,30,1,0
2020,28,2254*A,Phacelia hastata,71,130,-10,-10,18,7.5,7,0,0,44,-26,1,0
2021,28,2254*A,Phacelia hastata,71,130,-10,-10,18,8,7,0,0,18,0,1,0
2017,28,2255*A,Arnica latifolia,169,98,-10,-10,1.5,3,0,1,0,NA,NA,1,1
2018,28,2255*A,Arnica latifolia,169,98,-10,-10,0,0,0,0,1,1.5,-1.5,0,0
2017,27,2256*A,Agoseris glauca,38,96,-10,-10,17,7,0,0,0,NA,NA,1,1
2018,27,2256*A,Agoseris glauca,38,96,-10,-10,0,0,0,0,1,17,-17,0,0
2017,27,2257*A,Agoseris glauca,54,100,-10,-10,8,6,0,0,0,NA,NA,1,1
2018,27,2257*A,Agoseris glauca,54,100,-10,-10,2.5,3.5,0,0,0,8,-5.5,1,0
2019,27,2257*A,Agoseris glauca,54,100,-10,-10,3,4.5,0,0,0,2.5,0.5,1,0
2020,27,2257*A,Agoseris glauca,54,100,-10,-10,2.5,6,0,0,0,3,-0.5,1,0
2021,27,2257*A,Agoseris glauca,54,100,-10,-10,7.5,6.5,0,0,0,2.5,5,1,0
2017,27,2258*A,Agoseris glauca,38,110,-10,-10,1,2,0,1,0,NA,NA,1,1
2018,27,2258*A,Agoseris glauca,38,110,-10,-10,0,0,0,0,1,1,-1,0,0
2017,27,2259*A,Senecio crassulus,21,116,-10,-10,1,1,0,1,0,NA,NA,1,1
2018,27,2259*A,Senecio crassulus,21,116,-10,-10,0,0,0,0,1,1,-1,0,0
2014,16,226*A,Lupinus argenteus,44,52,-10,-10,18,15,2,0,0,NA,NA,1,NA
2015,16,226*A,Lupinus argenteus,44,52,-10,-10,16,12,3,0,0,18,-2,1,0
2016,16,226*A,Lupinus argenteus,44,52,-10,-10,12,11,0,0,0,16,-4,1,0
2017,16,226*A,Lupinus argenteus,44,52,-10,-10,0,0,0,0,1,12,-12,0,0
2017,27,2260*A,Agoseris glauca,62,102,10,10,1.5,3,0,1,0,NA,NA,1,1
2018,27,2260*A,Agoseris glauca,62,102,10,10,0,0,0,0,1,1.5,-1.5,0,0
2017,27,2261*A,Elymus lanceolatus,64,103,10,10,2,5,0,1,0,NA,NA,1,1
2018,27,2261*A,Elymus lanceolatus,64,103,10,10,0,0,0,0,1,2,-2,0,0
2017,27,2262*A,Ivesia gordonii,3,141,-10,-10,1.5,1.5,0,1,0,NA,NA,1,1
2018,27,2262*A,Ivesia gordonii,3,141,-10,-10,0,0,0,0,1,1.5,-1.5,0,0
2016,27,2263*A,Eriogonum umbellatum,8,147,-15,0,0.8,0.5,0,0,0,NA,NA,1,1
2017,27,2263*A,Eriogonum umbellatum,8,147,-15,0,0.8,0.5,0,0,0,0.8,0,1,0
2018,27,2263*A,Eriogonum umbellatum,8,147,-15,0,0,0,0,0,1,0.8,-0.8,0,0
2017,27,2264*A,Heterotheca villosa,9,149,-15,0,1,1,0,1,0,NA,NA,1,1
2018,27,2264*A,Heterotheca villosa,9,149,-15,0,0,0,0,0,1,1,-1,0,0
2016,27,2265*A,Ivesia gordonii,9,152,-15,0,1,1,0,0,0,NA,NA,1,1
2017,27,2265*A,Ivesia gordonii,9,152,-15,0,1,1,0,0,0,1,0,1,0
2018,27,2265*A,Ivesia gordonii,9,152,-15,0,2.5,1,0,0,0,1,1.5,1,0
2019,27,2265*A,Ivesia gordonii,9,152,-15,0,3,2.5,0,0,0,2.5,0.5,1,0
2020,27,2265*A,Ivesia gordonii,9,152,-15,0,5.5,5,0,0,0,3,2.5,1,0
2021,27,2265*A,Ivesia gordonii,9,152,-15,0,8.5,4,2,0,0,5.5,3,1,0
2017,33,2266*A,Senecio crassulus,12,42,-10,-10,2,5.5,0,0,0,NA,NA,1,1
2018,33,2266*A,Senecio crassulus,12,42,-10,-10,0,0,0,0,1,2,-2,0,0
2017,33,2267*A,Ivesia gordonii,48,22,-10,-10,0.5,0.3,0,1,0,NA,NA,1,1
2018,33,2267*A,Ivesia gordonii,48,22,-10,-10,0,0,0,0,1,0.5,-0.5,0,0
2016,33,2268*A,Chaenactis douglasii,17,76,-10,-10,2,1.5,0,0,0,NA,NA,1,1
2017,33,2268*A,Chaenactis douglasii,17,76,-10,-10,2,1.5,0,0,0,2,0,1,0
2018,33,2268*A,Chaenactis douglasii,17,76,-10,-10,3.5,2,0,0,0,2,1.5,1,0
2019,33,2268*A,Chaenactis douglasii,17,76,-10,-10,3,2.5,0,0,0,3.5,-0.5,1,0
2020,33,2268*A,Chaenactis douglasii,17,76,-10,-10,0,0,0,0,1,3,-3,0,0
2017,33,2269*A,Eriogonum umbellatum,52,128,-10,-10,6,2.5,0,0,0,NA,NA,1,1
2018,33,2269*A,Eriogonum umbellatum,52,128,-10,-10,0,0,0,0,1,6,-6,0,0
2014,16,227*A,Lupinus argenteus,46,62,-10,-10,17,13,0,0,0,NA,NA,1,NA
2015,16,227*A,Lupinus argenteus,46,62,-10,-10,18,13,5,0,0,17,1,1,0
2016,16,227*A,Lupinus argenteus,46,62,-10,-10,17,12,0,0,0,18,-1,1,0
2017,16,227*A,Lupinus argenteus,46,62,-10,-10,0,0,0,0,1,17,-17,0,0
2017,33,2270*A,Heterotheca villosa,87,193,0,10,1,1,0,1,0,NA,NA,1,1
2018,33,2270*A,Heterotheca villosa,87,193,0,10,0,0,0,0,1,1,-1,0,0
2017,33,2271*A,Heterotheca villosa,82,185,-10,-10,1,0.5,0,1,0,NA,NA,1,1
2018,33,2271*A,Heterotheca villosa,82,185,-10,-10,0,0,0,0,1,1,-1,0,0
2017,33,2272*A,Elymus lanceolatus,90,185,-10,-10,1,4,0,1,0,NA,NA,1,1
2018,33,2272*A,Elymus lanceolatus,90,185,-10,-10,0,0,0,0,1,1,-1,0,0
2017,33,2273*A,Lupinus argenteus,44,162,-10,-10,3,4,0,0,0,NA,NA,1,1
2018,33,2273*A,Lupinus argenteus,44,162,-10,-10,1,0.2,0,0,0,3,-2,1,0
2019,33,2273*A,Lupinus argenteus,44,162,-10,-10,0,0,0,0,1,1,-1,0,0
2017,33,2274*A,Lupinus argenteus,48,168,-10,-10,7,7,0,0,0,NA,NA,1,1
2018,33,2274*A,Lupinus argenteus,48,168,-10,-10,3,1,0,0,0,7,-4,1,0
2019,33,2274*A,Lupinus argenteus,48,168,-10,-10,0,0,0,0,1,3,-3,0,0
2017,33,2275*A,Ivesia gordonii,72,176,-10,-10,1,1,0,1,0,NA,NA,1,1
2018,33,2275*A,Ivesia gordonii,72,176,-10,-10,0,0,0,0,1,1,-1,0,0
2017,33,2276*A,Poa stenantha,77,175,-10,-10,1,5,0,1,0,NA,NA,1,1
2018,33,2276*A,Poa stenantha,77,175,-10,-10,0,0,0,0,1,1,-1,0,0
2017,33,2277*A,Senecio crassulus,84,180,-10,-10,3,7,0,0,0,NA,NA,1,1
2018,33,2277*A,Senecio crassulus,84,180,-10,-10,0,0,0,0,1,3,-3,0,0
2017,33,2278*A,Lupinus argenteus,162,112,-10,-10,4,3,0,0,0,NA,NA,1,1
2018,33,2278*A,Lupinus argenteus,162,112,-10,-10,0,0,0,0,1,4,-4,0,0
2017,33,2279*A,Lupinus argenteus,154,117,-10,-10,5,4,0,0,0,NA,NA,1,1
2018,33,2279*A,Lupinus argenteus,154,117,-10,-10,0,0,0,0,1,5,-5,0,0
2014,16,228*A,Lupinus argenteus,36,65,-10,-10,14,13,0,0,0,NA,NA,1,NA
2015,16,228*A,Lupinus argenteus,36,65,-10,-10,12,13,2,0,0,14,-2,1,0
2016,16,228*A,Lupinus argenteus,36,65,-10,-10,0,0,0,0,1,12,-12,0,0
2017,40,2280*A,Eriogonum umbellatum,109,156,-10,-10,1,1,0,1,0,NA,NA,1,1
2018,40,2280*A,Eriogonum umbellatum,109,156,-10,-10,0,0,0,0,1,1,-1,0,0
2017,37,2281*A,Lupinus argenteus,58,37,-10,-10,5,4,0,0,0,NA,NA,1,1
2018,37,2281*A,Lupinus argenteus,58,37,-10,-10,0,0,0,0,1,5,-5,0,0
2017,37,2282*A,Ivesia gordonii,66,19,-10,-10,1.5,1.3,0,1,0,NA,NA,1,1
2018,37,2282*A,Ivesia gordonii,66,19,-10,-10,0,0,0,0,1,1.5,-1.5,0,0
2017,36,2283*A,Lupinus argenteus,56,20,-10,-10,1.5,2,0,1,0,NA,NA,1,1
2018,36,2283*A,Lupinus argenteus,56,20,-10,-10,0,0,0,0,1,1.5,-1.5,0,0
2016,37,2284*A,Eriogonum umbellatum,50,78,-10,-10,2,2,0,0,0,NA,NA,1,1
2017,37,2284*A,Eriogonum umbellatum,50,78,-10,-10,2,2,0,0,0,2,0,1,0
2018,37,2284*A,Eriogonum umbellatum,50,78,-10,-10,2,1.5,0,0,0,2,0,1,0
2019,37,2284*A,Eriogonum umbellatum,50,78,-10,-10,2.5,2,0,0,0,2,0.5,1,0
2020,37,2284*A,Eriogonum umbellatum,50,78,-10,-10,3,0.5,0,0,0,2.5,0.5,1,0
2021,37,2284*A,Eriogonum umbellatum,50,78,-10,-10,2.4,1,0,0,0,3,-0.6,1,0
2017,37,2285*A,Ivesia gordonii,73,61,-10,-10,0.5,0.5,0,1,0,NA,NA,1,1
2018,37,2285*A,Ivesia gordonii,73,61,-10,-10,1.5,0.5,0,0,0,0.5,1,1,0
2019,37,2285*A,Ivesia gordonii,73,61,-10,-10,3.4,2,0,0,0,1.5,1.9,1,0
2020,37,2285*A,Ivesia gordonii,73,61,-10,-10,4.5,2,0,0,0,3.4,1.1,1,0
2021,37,2285*A,Ivesia gordonii,73,61,-10,-10,0,0,0,0,0,4.5,-4.5,1,0
2016,37,2286*A,Eriogonum umbellatum,67,114,-10,-10,1,1,0,0,0,NA,NA,1,1
2017,37,2286*A,Eriogonum umbellatum,67,114,-10,-10,1,1,0,0,0,1,0,1,0
2018,37,2286*A,Eriogonum umbellatum,67,114,-10,-10,0,0,0,0,1,1,-1,0,0
2017,37,2287*A,Phacelia hastata,93,118,-10,-10,0.3,0.3,0,1,0,NA,NA,1,1
2018,37,2287*A,Phacelia hastata,93,118,-10,-10,0,0,0,0,1,0.3,-0.3,0,0
2016,37,2288*A,Lupinus argenteus,121,150,0,5,16,10,0,0,0,NA,NA,1,1
2017,37,2288*A,Lupinus argenteus,121,150,0,5,16,10,0,0,0,16,0,1,0
2018,37,2288*A,Lupinus argenteus,121,150,0,5,12,7,0,0,0,16,-4,1,0
2019,37,2288*A,Lupinus argenteus,121,150,0,5,12.5,8,0,0,0,12,0.5,1,0
2020,37,2288*A,Lupinus argenteus,121,150,0,5,8,5.5,0,0,0,12.5,-4.5,1,0
2021,37,2288*A,Lupinus argenteus,121,150,0,5,10,6.5,0,0,0,8,2,1,0
2016,37,2289*A,Lupinus argenteus,115,157,-10,-10,5,2.5,0,0,0,NA,NA,1,1
2017,37,2289*A,Lupinus argenteus,115,157,-10,-10,5,2.5,0,0,0,5,0,1,0
2018,37,2289*A,Lupinus argenteus,115,157,-10,-10,0,0,0,0,1,5,-5,0,0
2014,16,229*A,Lupinus argenteus,33,65,-10,-10,11,13,0,0,0,NA,NA,1,NA
2015,16,229*A,Lupinus argenteus,33,65,-10,-10,12,13,0,0,0,11,1,1,0
2016,16,229*A,Lupinus argenteus,33,65,-10,-10,19,12,0,0,0,12,7,1,0
2017,16,229*A,Lupinus argenteus,33,65,-10,-10,0,0,0,0,1,19,-19,0,0
2017,37,2290*A,Ivesia gordonii,141,131,-10,-10,1,1,0,1,0,NA,NA,1,1
2018,37,2290*A,Ivesia gordonii,141,131,-10,-10,2,1.5,0,0,0,1,1,1,0
2019,37,2290*A,Ivesia gordonii,141,131,-10,-10,9.5,3.2,0,0,0,2,7.5,1,0
2020,37,2290*A,Ivesia gordonii,141,131,-10,-10,6.5,4.5,2,0,0,9.5,-3,1,0
2021,37,2290*A,Ivesia gordonii,141,131,-10,-10,0,0,0,0,0,6.5,-6.5,1,0
2017,36,2291*A,Arnica latifolia,106,145,-7,-5,9,8,0,0,0,NA,NA,1,1
2018,36,2291*A,Arnica latifolia,106,145,-7,-5,8,10,0,0,0,9,-1,1,0
2019,36,2291*A,Arnica latifolia,106,145,-7,-5,3.5,6.5,0,0,0,8,-4.5,1,0
2020,36,2291*A,Arnica latifolia,106,145,-7,-5,4.5,5,0,0,0,3.5,1,1,0
2021,36,2291*A,Arnica latifolia,106,145,-7,-5,5.5,6,0,0,0,4.5,1,1,0
2017,41,2292*A,Elymus lanceolatus,125,133,-10,-10,4,3.5,0,1,0,NA,NA,1,1
2018,41,2292*A,Elymus lanceolatus,125,133,-10,-10,22.5,19,1,0,0,4,18.5,1,0
2019,41,2292*A,Elymus lanceolatus,125,133,-10,-10,3,6.5,0,0,0,22.5,-19.5,1,0
2020,41,2292*A,Elymus lanceolatus,125,133,-10,-10,4.8,4.5,0,0,0,3,1.8,1,0
2021,41,2292*A,Elymus lanceolatus,125,133,-10,-10,4,7,0,0,0,4.8,-0.8,1,0
2017,36,2293*A,Arnica latifolia,98,166,-10,-10,6,4.5,0,0,0,NA,NA,1,1
2018,36,2293*A,Arnica latifolia,98,166,-10,-10,0,0,0,0,0,6,-6,1,0
2019,36,2293*A,Arnica latifolia,98,166,-10,-10,10,7,0,0,0,0,10,1,0
2020,36,2293*A,Arnica latifolia,98,166,-10,-10,0,0,0,0,0,10,-10,1,0
2021,36,2293*A,Arnica latifolia,98,166,-10,-10,4.6,5,0,0,0,0,4.6,1,0
2017,36,2294*A,Arnica latifolia,102,158,-10,-10,6,8,1,0,0,NA,NA,1,1
2018,36,2294*A,Arnica latifolia,102,158,-10,-10,6,4,0,0,0,6,0,1,0
2019,36,2294*A,Arnica latifolia,102,158,-10,-10,4.5,7.5,0,0,0,6,-1.5,1,0
2020,36,2294*A,Arnica latifolia,102,158,-10,-10,0,0,0,0,0,4.5,-4.5,1,0
2021,36,2294*A,Arnica latifolia,102,158,-10,-10,10,5.5,0,0,0,0,10,1,0
2016,36,2295*A,Ivesia gordonii,106,155,0,5,3,3,0,0,0,NA,NA,1,1
2017,36,2295*A,Ivesia gordonii,106,155,0,5,3,3,0,0,0,3,0,1,0
2018,36,2295*A,Ivesia gordonii,106,155,0,5,4,3.5,0,0,0,3,1,1,0
2019,36,2295*A,Ivesia gordonii,106,155,0,5,3,5,0,0,0,4,-1,1,0
2020,36,2295*A,Ivesia gordonii,106,155,0,5,5.5,6,0,0,0,3,2.5,1,0
2021,36,2295*A,Ivesia gordonii,106,155,0,5,6,5,0,0,0,5.5,0.5,1,0
2017,36,2296*A,Ivesia gordonii,103,168,10,0,1,2,0,1,0,NA,NA,1,1
2018,36,2296*A,Ivesia gordonii,103,168,10,0,0,0,0,0,1,1,-1,0,0
2017,36,2297*A,Ivesia gordonii,179,128,-10,-10,0.5,0.5,0,1,0,NA,NA,1,1
2018,36,2297*A,Ivesia gordonii,179,128,-10,-10,0,0,0,0,1,0.5,-0.5,0,0
2017,36,2298*A,Lupinus argenteus,154,27,-10,-10,2,3,0,1,0,NA,NA,1,1
2018,36,2298*A,Lupinus argenteus,154,27,-10,-10,0,0,0,0,1,2,-2,0,0
2017,41,2299*A,Lupinus argenteus,136,151,-10,-10,5,2.5,0,0,0,NA,NA,1,1
2018,41,2299*A,Lupinus argenteus,136,151,-10,-10,0,0,0,0,1,5,-5,0,0
2014,5,23*A,Lupinus argenteus,27,54,-10,0,7,8,0,0,0,NA,NA,1,NA
2015,5,23*A,Lupinus argenteus,27,54,-10,0,12,10,0,0,0,7,5,1,0
2016,5,23*A,Lupinus argenteus,27,54,-10,0,0,0,0,0,1,12,-12,0,0
2014,16,230*A,Lupinus argenteus,24,70,-10,-10,14,13,1,0,0,NA,NA,1,NA
2015,16,230*A,Lupinus argenteus,24,70,-10,-10,15,12,4,0,0,14,1,1,0
2016,16,230*A,Lupinus argenteus,24,70,-10,-10,15,13,1,0,0,15,0,1,0
2017,16,230*A,Lupinus argenteus,24,70,-10,-10,6.5,3,0,0,0,15,-8.5,1,0
2018,16,230*A,Lupinus argenteus,24,70,-10,-10,0,0,0,0,1,6.5,-6.5,0,0
2017,41,2300*A,Heterotheca villosa,158,154,-10,-10,1,0.5,0,1,0,NA,NA,1,1
2018,41,2300*A,Heterotheca villosa,158,154,-10,-10,0,0,0,0,1,1,-1,0,0
2017,41,2301*A,Eriogonum umbellatum,152,149,0,10,1,1,0,1,0,NA,NA,1,1
2018,41,2301*A,Eriogonum umbellatum,152,149,0,10,0,0,0,0,1,1,-1,0,0
2017,41,2302*A,Senecio crassulus,147,190,-10,-10,1.5,1,0,1,0,NA,NA,1,1
2018,41,2302*A,Senecio crassulus,147,190,-10,-10,0,0,0,0,1,1.5,-1.5,0,0
2017,41,2303*A,Arenaria congesta,0,83,-10,-10,1,1,0,1,0,NA,NA,1,1
2018,41,2303*A,Arenaria congesta,0,83,-10,-10,1.5,2.5,0,0,0,1,0.5,1,0
2019,41,2303*A,Arenaria congesta,0,83,-10,-10,2,4,0,0,0,1.5,0.5,1,0
2020,41,2303*A,Arenaria congesta,0,83,-10,-10,2.8,3,0,0,0,2,0.8,1,0
2021,41,2303*A,Arenaria congesta,0,83,-10,-10,8.5,5,3,0,0,2.8,5.7,1,0
2017,41,2304*A,Arenaria congesta,1,78,-10,-10,1,1,0,1,0,NA,NA,1,1
2018,41,2304*A,Arenaria congesta,1,78,-10,-10,1,2,0,0,0,1,0,1,0
2019,41,2304*A,Arenaria congesta,1,78,-10,-10,1.5,4,0,0,0,1,0.5,1,0
2020,41,2304*A,Arenaria congesta,1,78,-10,-10,4,7.5,1,0,0,1.5,2.5,1,0
2021,41,2304*A,Arenaria congesta,1,78,-10,-10,0,0,0,0,0,4,-4,1,0
2017,41,2305*A,Lupinus argenteus,27,47,-10,-10,2,1.5,0,0,0,NA,NA,1,1
2018,41,2305*A,Lupinus argenteus,27,47,-10,-10,0,0,0,0,1,2,-2,0,0
2017,46,2306*A,Eriogonum umbellatum,81.14609424,23.69350126,-10,-10,0.5,0.5,0,1,0,NA,NA,1,1
2017,46,2306*B,Eriogonum umbellatum,80.9482926,23.79301462,-10,-10,0.5,0.5,0,1,1,NA,NA,0,1
2018,46,2306*A,Eriogonum umbellatum,81,24,-10,-10,0,0,0,0,1,0.5,-0.5,0,0
2017,46,2307*A,Lupinus argenteus,87,28,0,-10,3.5,3.5,0,0,0,NA,NA,1,1
2018,46,2307*A,Lupinus argenteus,87,28,0,-10,0,0,0,0,1,3.5,-3.5,0,0
2016,46,2308*A,Senecio crassulus,86,18,-10,-10,12.5,9,0,0,0,NA,NA,1,1
2017,46,2308*A,Senecio crassulus,86,18,-10,-10,12.5,9,0,0,0,12.5,0,1,0
2018,46,2308*A,Senecio crassulus,86,18,-10,-10,7.5,6,0,0,0,12.5,-5,1,0
2019,46,2308*A,Senecio crassulus,86,18,-10,-10,0,0,0,0,1,7.5,-7.5,0,0
2017,46,2309*A,Senecio crassulus,100,41,-10,-10,1,1,0,1,0,NA,NA,1,1
2018,46,2309*A,Senecio crassulus,100,41,-10,-10,0,0,0,0,1,1,-1,0,0
2014,16,231*A,Lupinus argenteus,18,73,-10,-10,19,12,2,0,0,NA,NA,1,NA
2015,16,231*A,Lupinus argenteus,18,73,-10,-10,26,11,8,0,0,19,7,1,0
2016,16,231*A,Lupinus argenteus,18,73,-10,-10,21,9,0,0,0,26,-5,1,0
2017,16,231*A,Lupinus argenteus,18,73,-10,-10,8,2,0,0,0,21,-13,1,0
2018,16,231*A,Lupinus argenteus,18,73,-10,-10,0,0,0,0,1,8,-8,0,0
2017,46,2310*A,Senecio crassulus,87,60,-10,-10,1.5,2.5,0,1,0,NA,NA,1,1
2018,46,2310*A,Senecio crassulus,87,60,-10,-10,0,0,0,0,0,1.5,-1.5,1,0
2019,46,2310*A,Senecio crassulus,87,60,-10,-10,5,5,0,0,0,0,5,1,0
2020,46,2310*A,Senecio crassulus,87,60,-10,-10,0,0,0,0,1,5,-5,0,0
2017,46,2311*A,Viola praemorsa,79,62,-10,-10,6,8,0,0,0,NA,NA,1,1
2018,46,2311*A,Viola praemorsa,79,62,-10,-10,9,4,0,0,0,6,3,1,0
2019,46,2311*A,Viola praemorsa,79,62,-10,-10,8,6,1,0,0,9,-1,1,0
2020,46,2311*A,Viola praemorsa,79,62,-10,-10,4.5,5.5,0,0,0,8,-3.5,1,0
2021,46,2311*A,Viola praemorsa,79,62,-10,-10,6,5.5,2,0,0,4.5,1.5,1,0
2017,46,2312*A,Senecio crassulus,94,92,-10,-10,7,7,0,0,0,NA,NA,1,1
2018,46,2312*A,Senecio crassulus,94,92,-10,-10,0,0,0,0,1,7,-7,0,0
2017,46,2313*A,Agoseris glauca,90,94,-10,-10,7,8,0,0,0,NA,NA,1,1
2018,46,2313*A,Agoseris glauca,90,94,-10,-10,7.5,5.5,0,0,0,7,0.5,1,0
2019,46,2313*A,Agoseris glauca,90,94,-10,-10,9.5,11,1,0,0,7.5,2,1,0
2020,46,2313*A,Agoseris glauca,90,94,-10,-10,0,0,0,0,1,9.5,-9.5,0,0
2017,46,2314*A,Senecio crassulus,98,110,-10,-10,3,2,0,0,0,NA,NA,1,1
2018,46,2314*A,Senecio crassulus,98,110,-10,-10,0,0,0,0,1,3,-3,0,0
2014,46,2315*A,Carex siccata,87,54,-10,-10,80,18,0,0,0,NA,NA,1,NA
2015,46,2315*A,Carex siccata,87,54,-10,-10,80,18,0,0,0,80,0,1,0
2016,46,2315*A,Carex siccata,87,54,-10,-10,80,18,0,0,0,80,0,1,0
2017,46,2315*A,Carex siccata,87,54,-10,-10,80,18,0,0,0,80,0,1,0
2018,46,2315*A,Carex siccata,87,54,-10,-10,79,14.5,1,0,0,80,-1,1,0
2019,46,2315*A,Carex siccata,87,54,-10,-10,40,13,0,0,0,79,-39,1,0
2020,46,2315*A,Carex siccata,87,54,-10,-10,25,13,0,0,0,40,-15,1,0
2021,46,2315*A,Carex siccata,87,54,-10,-10,35,22,0,0,0,25,10,1,0
2014,46,2316*A,Eriogonum umbellatum,114,50,-10,-10,17,2,0,0,0,NA,NA,1,NA
2015,46,2316*A,Eriogonum umbellatum,114,50,-10,-10,17,2,0,0,0,17,0,1,0
2016,46,2316*A,Eriogonum umbellatum,114,50,-10,-10,17,2,0,0,0,17,0,1,0
2017,46,2316*A,Eriogonum umbellatum,114,50,-10,-10,17,2,0,0,0,17,0,1,0
2018,46,2316*A,Eriogonum umbellatum,114,50,-10,-10,0,0,0,0,0,17,-17,1,0
2019,46,2316*A,Eriogonum umbellatum,114,50,-10,-10,0.5,1,0,0,0,0,0.5,1,0
2020,46,2316*A,Eriogonum umbellatum,114,50,-10,-10,0.4,1,0,0,0,0.5,-0.1,1,0
2021,46,2316*A,Eriogonum umbellatum,114,50,-10,-10,0,0,0,0,0,0.4,-0.4,1,0
2017,46,2317*A,Agoseris glauca,115,52,-10,-10,1.5,2,0,0,0,NA,NA,1,1
2018,46,2317*A,Agoseris glauca,115,52,-10,-10,2.5,6,0,0,0,1.5,1,1,0
2019,46,2317*A,Agoseris glauca,115,52,-10,-10,0,0,0,0,1,2.5,-2.5,0,0
2017,46,2318*A,Ivesia gordonii,112,30,0,-10,4,2,0,0,0,NA,NA,1,1
2018,46,2318*A,Ivesia gordonii,112,30,0,-10,0,0,0,0,1,4,-4,0,0
2017,46,2319*A,Arenaria congesta,150,11,0,-5,0.1,0.3,0,1,0,NA,NA,1,1
2018,46,2319*A,Arenaria congesta,150,11,0,-5,1.5,1,0,0,0,0.1,1.4,1,0
2019,46,2319*A,Arenaria congesta,150,11,0,-5,2,2.5,0,0,0,1.5,0.5,1,0
2020,46,2319*A,Arenaria congesta,150,11,0,-5,5,4,0,0,0,2,3,1,0
2021,46,2319*A,Arenaria congesta,150,11,0,-5,10.5,4,0,0,0,5,5.5,1,0
2014,16,232*A,Lupinus argenteus,38,73,-10,-10,16,13,0,0,0,NA,NA,1,NA
2015,16,232*A,Lupinus argenteus,38,73,-10,-10,17,11,1,0,0,16,1,1,0
2016,16,232*A,Lupinus argenteus,38,73,-10,-10,12,9,0,0,0,17,-5,1,0
2017,16,232*A,Lupinus argenteus,38,73,-10,-10,0,0,0,0,1,12,-12,0,0
2017,46,2320*A,Agoseris glauca,130,30,-10,-10,1.5,3.5,0,1,0,NA,NA,1,1
2018,46,2320*A,Agoseris glauca,130,30,-10,-10,0,0,0,0,1,1.5,-1.5,0,0
2017,46,2321*A,Senecio crassulus,128,51,-5,-5,6,7,0,0,0,NA,NA,1,1
2018,46,2321*A,Senecio crassulus,128,51,-5,-5,0,0,0,0,1,6,-6,0,0
2017,46,2322*A,Agoseris glauca,190,18,-5,-5,0.3,0.3,0,1,0,NA,NA,1,1
2018,46,2322*A,Agoseris glauca,190,18,-5,-5,0,0,0,0,1,0.3,-0.3,0,0
2017,46,2323*A,Senecio crassulus,191,18,-10,-10,1,1,0,1,0,NA,NA,1,1
2018,46,2323*A,Senecio crassulus,191,18,-10,-10,0,0,0,0,1,1,-1,0,0
2016,46,2324*A,Agoseris glauca,196,16,-10,-10,3,3,0,0,0,NA,NA,1,1
2017,46,2324*A,Agoseris glauca,196,16,-10,-10,3,3,0,0,0,3,0,1,0
2018,46,2324*A,Agoseris glauca,196,16,-10,-10,0,0,0,0,1,3,-3,0,0
2017,46,2325*A,Senecio crassulus,188,23,-5,-5,0.3,0.3,0,1,0,NA,NA,1,1
2018,46,2325*A,Senecio crassulus,188,23,-5,-5,0,0,0,0,1,0.3,-0.3,0,0
2017,46,2326*A,Senecio crassulus,194,34,0,5,2,1,0,1,0,NA,NA,1,1
2018,46,2326*A,Senecio crassulus,194,34,0,5,7,4.5,0,0,0,2,5,1,0
2019,46,2326*A,Senecio crassulus,194,34,0,5,7.5,8.5,0,0,0,7,0.5,1,0
2020,46,2326*A,Senecio crassulus,194,34,0,5,12.5,11,0,0,0,7.5,5,1,0
2021,46,2326*A,Senecio crassulus,194,34,0,5,13.5,10,0,0,0,12.5,1,1,0
2017,46,2327*A,Eriogonum umbellatum,168,49,-10,-10,4,5,0,0,0,NA,NA,1,1
2018,46,2327*A,Eriogonum umbellatum,168,49,-10,-10,0,0,0,0,1,4,-4,0,0
2017,46,2328*A,Senecio crassulus,97,57,-5,-5,4,8,0,0,0,NA,NA,1,1
2018,46,2328*A,Senecio crassulus,97,57,-5,-5,0,0,0,0,1,4,-4,0,0
2017,46,2329*A,Senecio crassulus,99,60,-5,-5,5,7,0,0,0,NA,NA,1,1
2018,46,2329*A,Senecio crassulus,99,60,-5,-5,0,0,0,0,1,5,-5,0,0
2014,16,233*A,Lupinus argenteus,40,70,-10,-10,15,13,1,0,0,NA,NA,1,NA
2015,16,233*A,Lupinus argenteus,40,70,-10,-10,15.5,12,0,0,0,15,0.5,1,0
2016,16,233*A,Lupinus argenteus,40,70,-10,-10,0,0,0,0,1,15.5,-15.5,0,0
2017,46,2330*A,Senecio crassulus,100,65,10,-10,9,10,0,0,0,NA,NA,1,1
2018,46,2330*A,Senecio crassulus,100,65,10,-10,0,0,0,0,1,9,-9,0,0
2017,46,2331*A,Senecio crassulus,102,73,0,10,4,5,0,0,0,NA,NA,1,1
2018,46,2331*A,Senecio crassulus,102,73,0,10,0,0,0,0,1,4,-4,0,0
2017,46,2332*A,Lupinus argenteus,101,100,-10,-10,7,5,0,0,0,NA,NA,1,1
2018,46,2332*A,Lupinus argenteus,101,100,-10,-10,0,0,0,0,1,7,-7,0,0
2017,46,2333*A,Eriogonum umbellatum,127,95,-10,-10,1,1,0,1,0,NA,NA,1,1
2018,46,2333*A,Eriogonum umbellatum,127,95,-10,-10,0,0,0,0,1,1,-1,0,0
2017,46,2334*A,Senecio crassulus,156,66,-10,-10,5,4,0,0,0,NA,NA,1,1
2018,46,2334*A,Senecio crassulus,156,66,-10,-10,0,0,0,0,1,5,-5,0,0
2017,46,2335*A,Senecio crassulus,133,75,-10,-10,3,5,0,0,0,NA,NA,1,1
2018,46,2335*A,Senecio crassulus,133,75,-10,-10,0,0,0,0,1,3,-3,0,0
2017,46,2336*A,Senecio crassulus,130,80,-10,-10,2,2,0,1,0,NA,NA,1,1
2018,46,2336*A,Senecio crassulus,130,80,-10,-10,0,0,0,0,1,2,-2,0,0
2017,46,2337*A,Senecio crassulus,134.584377,79.77400505,-10,-10,4,3,0,1,0,NA,NA,1,1
2017,46,2337*B,Senecio crassulus,133.7931704,80.1720585,-10,-10,4,3,0,1,1,NA,NA,0,1
2017,46,2337*C,Senecio crassulus,132.0241243,76.61894035,-10,-10,4,3,0,1,1,NA,NA,0,1
2017,46,2337*D,Senecio crassulus,136.9021456,84.68853246,-10,-10,4,3,0,1,1,NA,NA,0,1
2018,46,2337*A,Senecio crassulus,134,81,-10,-10,3,6.5,0,0,0,4,-1,1,0
2019,46,2337*A,Senecio crassulus,134,81,-10,-10,12,12,0,0,0,3,9,1,0
2020,46,2337*A,Senecio crassulus,134,81,-10,-10,12,17,3,0,0,12,0,1,0
2021,46,2337*A,Senecio crassulus,134,81,-10,-10,21,18.5,11,0,0,12,9,1,0
2017,46,2338*A,Lupinus argenteus,116,103,-10,-10,7,3,0,0,0,NA,NA,1,1
2018,46,2338*A,Lupinus argenteus,116,103,-10,-10,0,0,0,0,1,7,-7,0,0
2017,46,2339*A,Phacelia hastata,190,85,-10,-10,1,0.5,0,1,0,NA,NA,1,1
2018,46,2339*A,Phacelia hastata,190,85,-10,-10,0,0,0,0,1,1,-1,0,0
2014,16,234*A,Lupinus argenteus,45,81,-10,-10,20,13,0,0,0,NA,NA,1,NA
2015,16,234*A,Lupinus argenteus,45,81,-10,-10,16,14,3,0,0,20,-4,1,0
2016,16,234*A,Lupinus argenteus,45,81,-10,-10,12,10,0,0,0,16,-4,1,0
2017,16,234*A,Lupinus argenteus,45,81,-10,-10,0,0,0,0,1,12,-12,0,0
2017,46,2340*A,Ivesia gordonii,185,133,-10,-10,0.5,0.5,0,1,0,NA,NA,1,1
2018,46,2340*A,Ivesia gordonii,185,133,-10,-10,1,0.7,0,0,0,0.5,0.5,1,0
2019,46,2340*A,Ivesia gordonii,185,133,-10,-10,0,0,0,0,1,1,-1,0,0
2017,46,2341*A,Agoseris glauca,151,116,-5,-5,6,5,0,0,0,NA,NA,1,1
2018,46,2341*A,Agoseris glauca,151,116,-5,-5,7,6,1,0,0,6,1,1,0
2019,46,2341*A,Agoseris glauca,151,116,-5,-5,11.5,6,1,0,0,7,4.5,1,0
2020,46,2341*A,Agoseris glauca,151,116,-5,-5,4,4,0,0,0,11.5,-7.5,1,0
2021,46,2341*A,Agoseris glauca,151,116,-5,-5,6.5,6.5,0,0,0,4,2.5,1,0
2017,46,2342*A,Senecio crassulus,190,146,0,-10,1,2,0,1,0,NA,NA,1,1
2018,46,2342*A,Senecio crassulus,190,146,0,-10,0,0,0,0,1,1,-1,0,0
2017,46,2343*A,Senecio crassulus,181,135,-10,-10,6,12,1,0,0,NA,NA,1,1
2018,46,2343*A,Senecio crassulus,181,135,-10,-10,0,0,0,0,1,6,-6,0,0
2017,46,2344*A,Agoseris glauca,178,145,-10,0,3.5,4,0,0,0,NA,NA,1,1
2018,46,2344*A,Agoseris glauca,178,145,-10,0,0,0,0,0,1,3.5,-3.5,0,0
2017,46,2345*A,Lupinus argenteus,196,157,-10,-10,5,5,0,0,0,NA,NA,1,1
2018,46,2345*A,Lupinus argenteus,196,157,-10,-10,3,4,0,0,0,5,-2,1,0
2019,46,2345*A,Lupinus argenteus,196,157,-10,-10,0,0,0,0,0,3,-3,1,0
2020,46,2345*A,Lupinus argenteus,196,157,-10,-10,3,4,0,0,0,0,3,1,0
2021,46,2345*A,Lupinus argenteus,196,157,-10,-10,1.5,2,0,0,0,3,-1.5,1,0
2016,46,2346*A,Senecio crassulus,153,163,-10,-10,6,8,0,0,0,NA,NA,1,1
2017,46,2346*A,Senecio crassulus,153,163,-10,-10,6,8,0,0,0,6,0,1,0
2018,46,2346*A,Senecio crassulus,153,163,-10,-10,0,0,0,0,1,6,-6,0,0
2016,46,2347*A,Senecio crassulus,159,165,-10,-10,10,12,3,0,0,NA,NA,1,1
2017,46,2347*A,Senecio crassulus,159,165,-10,-10,10,12,3,0,0,10,0,1,0
2018,46,2347*A,Senecio crassulus,159,165,-10,-10,0,0,0,0,1,10,-10,0,0
2017,46,2348*A,Heterotheca villosa,162,167,-10,-10,1.5,1,0,1,0,NA,NA,1,1
2018,46,2348*A,Heterotheca villosa,162,167,-10,-10,0,0,0,0,1,1.5,-1.5,0,0
2017,46,2349*A,Carex siccata,181,200,-10,-10,1,1,0,0,0,NA,NA,1,1
2018,46,2349*A,Carex siccata,181,200,-10,-10,0,0,0,0,1,1,-1,0,0
2014,16,235*A,Lupinus argenteus,40,85,-10,-10,30,17,6,0,0,NA,NA,1,NA
2015,16,235*A,Lupinus argenteus,40,85,-10,-10,24,15,6,0,0,30,-6,1,0
2016,16,235*A,Lupinus argenteus,40,85,-10,-10,19,14,2,0,0,24,-5,1,0
2017,16,235*A,Lupinus argenteus,40,85,-10,-10,0,0,0,0,1,19,-19,0,0
2016,46,2350*A,Ivesia gordonii,116,152,-10,-10,2,2.5,0,0,0,NA,NA,1,1
2017,46,2350*A,Ivesia gordonii,116,152,-10,-10,2,2.5,0,0,0,2,0,1,0
2018,46,2350*A,Ivesia gordonii,116,152,-10,-10,9.5,6.5,0,0,0,2,7.5,1,0
2019,46,2350*A,Ivesia gordonii,116,152,-10,-10,17,7,0,0,0,9.5,7.5,1,0
2020,46,2350*A,Ivesia gordonii,116,152,-10,-10,25,14.5,21,0,0,17,8,1,0
2021,46,2350*A,Ivesia gordonii,116,152,-10,-10,0,0,0,0,0,25,-25,1,0
2016,46,2351*A,Eriogonum umbellatum,112,129,-10,-10,1.5,2.5,0,0,0,NA,NA,1,1
2017,46,2351*A,Eriogonum umbellatum,112,129,-10,-10,1.5,2.5,0,0,0,1.5,0,1,0
2018,46,2351*A,Eriogonum umbellatum,112,129,-10,-10,0,0,0,0,1,1.5,-1.5,0,0
2016,46,2352*A,Senecio crassulus,101,132,-10,-10,2.5,3.5,0,0,0,NA,NA,1,1
2017,46,2352*A,Senecio crassulus,101,132,-10,-10,2.5,3.5,0,0,0,2.5,0,1,0
2018,46,2352*A,Senecio crassulus,101,132,-10,-10,0,0,0,0,1,2.5,-2.5,0,0
2017,46,2353*A,Senecio crassulus,111,128,-10,-10,1.5,2,0,0,0,NA,NA,1,1
2018,46,2353*A,Senecio crassulus,111,128,-10,-10,0,0,0,0,1,1.5,-1.5,0,0
2017,46,2354*A,Heterotheca villosa,142,48,0,-10,1,1,0,0,0,NA,NA,1,1
2018,46,2354*A,Heterotheca villosa,142,48,0,-10,0,0,0,0,1,1,-1,0,0
2017,47,2355*A,Carex siccata,1,23,-10,-10,6,5,0,0,0,NA,NA,1,1
2018,47,2355*A,Carex siccata,1,23,-10,-10,21,11,0,0,0,6,15,1,0
2019,47,2355*A,Carex siccata,1,23,-10,-10,23,14,0,0,0,21,2,1,0
2020,47,2355*A,Carex siccata,1,23,-10,-10,10,18,0,0,0,23,-13,1,0
2021,47,2355*A,Carex siccata,1,23,-10,-10,29.5,20,1,0,0,10,19.5,1,0
2017,47,2356*A,Carex siccata,0,78,-10,-10,13,14,0,0,0,NA,NA,1,1
2018,47,2356*A,Carex siccata,0,78,-10,-10,0,0,0,0,1,13,-13,0,0
2017,47,2357*A,Carex siccata,0,86,-10,-10,11,10,0,0,0,NA,NA,1,1
2018,47,2357*A,Carex siccata,0,86,-10,-10,0,0,0,0,1,11,-11,0,0
2017,47,2358*A,Lupinus argenteus,72,146,-10,-10,2,3,0,0,0,NA,NA,1,1
2018,47,2358*A,Lupinus argenteus,72,146,-10,-10,0,0,0,0,1,2,-2,0,0
2017,47,2359*A,Lupinus argenteus,126,150,-10,-10,2,2,0,1,0,NA,NA,1,1
2018,47,2359*A,Lupinus argenteus,126,150,-10,-10,0,0,0,0,1,2,-2,0,0
2014,16,236*A,Lupinus argenteus,23,95,-10,-10,34,18,13,0,0,NA,NA,1,NA
2015,16,236*A,Lupinus argenteus,23,95,-10,-10,17,15,2,0,0,34,-17,1,0
2016,16,236*A,Lupinus argenteus,23,95,-10,-10,22,18,3,0,0,17,5,1,0
2017,16,236*A,Lupinus argenteus,23,95,-10,-10,0,0,0,0,1,22,-22,0,0
2017,49,2360*A,Lupinus argenteus,81,172,-10,-10,1.5,2,0,1,0,NA,NA,1,1
2018,49,2360*A,Lupinus argenteus,81,172,-10,-10,3,3,0,0,0,1.5,1.5,1,0
2019,49,2360*A,Lupinus argenteus,81,172,-10,-10,4.9,4.6,0,0,0,3,1.9,1,0
2020,49,2360*A,Lupinus argenteus,81,172,-10,-10,0,0,0,0,1,4.9,-4.9,0,0
2016,49,2361*A,Elymus lanceolatus,189,87,-10,-10,2.5,2,0,0,0,NA,NA,1,1
2017,49,2361*A,Elymus lanceolatus,189,87,-10,-10,2.5,2,0,0,0,2.5,0,1,0
2018,49,2361*A,Elymus lanceolatus,189,87,-10,-10,0,0,0,0,1,2.5,-2.5,0,0
2016,50,2362*A,Phacelia hastata,11,181,10,0,4,3,0,0,0,NA,NA,1,1
2017,50,2362*A,Phacelia hastata,11,181,10,0,4,3,0,0,0,4,0,1,0
2018,50,2362*A,Phacelia hastata,11,181,10,0,0,0,0,0,1,4,-4,0,0
2017,50,2363*A,Senecio crassulus,170,51,-10,-10,3,4,0,0,0,NA,NA,1,1
2018,50,2363*A,Senecio crassulus,170,51,-10,-10,0,0,0,0,1,3,-3,0,0
2018,1,2364*A,Lupinus argenteus,179,50,-10,-10,11,4.5,0,0,0,NA,NA,1,1
2019,1,2364*A,Lupinus argenteus,179,50,-10,-10,3,1.5,0,0,0,11,-8,1,0
2020,1,2364*A,Lupinus argenteus,179,50,-10,-10,0,0,0,0,1,3,-3,0,0
2014,3,2365*A,Eriogonum umbellatum,104,125,-10,-10,29,6,42,0,0,NA,NA,1,NA
2015,3,2365*A,Eriogonum umbellatum,104,125,-10,-10,37,4,84,0,0,29,8,1,0
2016,3,2365*A,Eriogonum umbellatum,104,125,-10,-10,36,5,51,0,0,37,-1,1,0
2017,3,2365*A,Eriogonum umbellatum,104,125,-10,-10,40.5,4,82,0,0,36,4.5,1,0
2018,3,2365*A,Eriogonum umbellatum,104,125,-10,-10,43,4,51,0,0,40.5,2.5,1,0
2019,3,2365*A,Eriogonum umbellatum,104,125,-10,-10,40,4,70,0,0,43,-3,1,0
2020,3,2365*A,Eriogonum umbellatum,104,125,-10,-10,40.5,5.5,35,0,0,40,0.5,1,0
2021,3,2365*A,Eriogonum umbellatum,104,125,-10,-10,40,4.5,93,0,0,40.5,-0.5,1,0
2018,5,2366*A,Lupinus argenteus,72,161,-10,-10,1.5,2,0,0,0,NA,NA,1,1
2019,5,2366*A,Lupinus argenteus,72,161,-10,-10,0,0,0,0,1,1.5,-1.5,0,0
2014,5,2367*A,Eriogonum umbellatum,169,112,-10,-10,41,5,29,0,0,NA,NA,1,NA
2015,5,2367*A,Eriogonum umbellatum,169,112,-10,-10,42,3.5,54,0,0,41,1,1,0
2016,5,2367*A,Eriogonum umbellatum,169,112,-10,-10,40,3.5,40,0,0,42,-2,1,0
2017,5,2367*A,Eriogonum umbellatum,169,112,-10,-10,72,3.5,143,0,0,40,32,1,0
2018,5,2367*A,Eriogonum umbellatum,169,112,-10,-10,71,5,73,0,0,72,-1,1,0
2019,5,2367*A,Eriogonum umbellatum,169,112,-10,-10,67,3,100,0,0,71,-4,1,0
2020,5,2367*A,Eriogonum umbellatum,169,112,-10,-10,59,3.5,31,0,0,67,-8,1,0
2021,5,2367*A,Eriogonum umbellatum,169,112,-10,-10,52,3,122,0,0,59,-7,1,0
2018,5,2368*A,Lupinus argenteus,24,78,-10,-10,7,4.5,0,0,0,NA,NA,1,1
2019,5,2368*A,Lupinus argenteus,24,78,-10,-10,6.5,5.5,0,0,0,7,-0.5,1,0
2020,5,2368*A,Lupinus argenteus,24,78,-10,-10,0,0,0,0,1,6.5,-6.5,0,0
2014,16,237*A,Lupinus argenteus,48,95,-10,-10,14,7,0,0,0,NA,NA,1,NA
2015,16,237*A,Lupinus argenteus,48,95,-10,-10,10,5,0,0,0,14,-4,1,0
2016,16,237*A,Lupinus argenteus,48,95,-10,-10,4,3,0,0,0,10,-6,1,0
2017,16,237*A,Lupinus argenteus,48,95,-10,-10,0,0,0,0,1,4,-4,0,0
2018,13,2370*A,Elymus lanceolatus,86,24,-10,-10,3,9.5,0,1,0,NA,NA,1,1
2019,13,2370*A,Elymus lanceolatus,86,24,-10,-10,0,0,0,0,1,3,-3,0,0
2014,16,2371*A,Elymus lanceolatus,66,63,-10,-10,27,18,3,0,0,NA,NA,1,NA
2015,16,2371*A,Elymus lanceolatus,66,63,-10,-10,27,18,3,0,0,27,0,1,0
2016,16,2371*A,Elymus lanceolatus,66,63,-10,-10,27,18,3,0,0,27,0,1,0
2017,16,2371*A,Elymus lanceolatus,66,63,-10,-10,36,26,9,0,0,27,9,1,0
2018,16,2371*A,Elymus lanceolatus,66,63,-10,-10,33,30,35,0,0,36,-3,1,0
2019,16,2371*A,Elymus lanceolatus,66,63,-10,-10,51,30.5,18,0,0,33,18,1,0
2020,16,2371*A,Elymus lanceolatus,66,63,-10,-10,28.5,33,5,0,0,51,-22.5,1,0
2021,16,2371*A,Elymus lanceolatus,66,63,-10,-10,28,29,9,0,0,28.5,-0.5,1,0
2018,18,2372*A,Heterotheca villosa,58,72,-10,-10,10.5,5,4,0,0,NA,NA,1,1
2019,18,2372*A,Heterotheca villosa,58,72,-10,-10,20.5,8.5,7,0,0,10.5,10,1,0
2020,18,2372*A,Heterotheca villosa,58,72,-10,-10,13,6.5,6,0,0,20.5,-7.5,1,0
2021,18,2372*A,Heterotheca villosa,58,72,-10,-10,23,10,20,0,0,13,10,1,0
2018,19,2373*A,Heterotheca villosa,84,140,-10,-10,1,2,0,0,0,NA,NA,1,1
2019,19,2373*A,Heterotheca villosa,84,140,-10,-10,4,3.5,0,0,0,1,3,1,0
2020,19,2373*A,Heterotheca villosa,84,140,-10,-10,4,3,0,0,0,4,0,1,0
2021,19,2373*A,Heterotheca villosa,84,140,-10,-10,4.5,3,0,0,0,4,0.5,1,0
2018,19,2374*A,Lupinus argenteus,65,34,-10,-10,10,8,0,0,0,NA,NA,1,1
2019,19,2374*A,Lupinus argenteus,65,34,-10,-10,9,8,0,0,0,10,-1,1,0
2020,19,2374*A,Lupinus argenteus,65,34,-10,-10,8.5,5.5,0,0,0,9,-0.5,1,0
2021,19,2374*A,Lupinus argenteus,65,34,-10,-10,12,7.5,0,0,0,8.5,3.5,1,0
2018,19,2375*A,Lupinus argenteus,49,29,-10,-10,7,8,0,0,0,NA,NA,1,1
2019,19,2375*A,Lupinus argenteus,49,29,-10,-10,6.5,6,0,0,0,7,-0.5,1,0
2020,19,2375*A,Lupinus argenteus,49,29,-10,-10,0,0,0,0,1,6.5,-6.5,0,0
2018,19,2376*A,Lupinus argenteus,92,42,-10,-10,6,6,0,0,0,NA,NA,1,1
2019,19,2376*A,Lupinus argenteus,92,42,-10,-10,6,5.5,0,0,0,6,0,1,0
2020,19,2376*A,Lupinus argenteus,92,42,-10,-10,5,4.5,0,0,0,6,-1,1,0
2021,19,2376*A,Lupinus argenteus,92,42,-10,-10,0,0,0,0,0,5,-5,1,0
2018,19,2377*A,Chaenactis douglasii,83,53,-10,-10,0.9,0.5,0,1,0,NA,NA,1,1
2019,19,2377*A,Chaenactis douglasii,83,53,-10,-10,0,0,0,0,1,0.9,-0.9,0,0
2018,19,2378*A,Ivesia gordonii,74,48,-10,-10,1,1,0,1,0,NA,NA,1,1
2019,19,2378*A,Ivesia gordonii,74,48,-10,-10,2,2,0,0,0,1,1,1,0
2020,19,2378*A,Ivesia gordonii,74,48,-10,-10,4,2,0,0,0,2,2,1,0
2021,19,2378*A,Ivesia gordonii,74,48,-10,-10,5.5,2.5,0,0,0,4,1.5,1,0
2018,19,2379*A,Eriogonum umbellatum,170,120,5,0,2.5,0.5,0,0,0,NA,NA,1,1
2019,19,2379*A,Eriogonum umbellatum,170,120,5,0,1,0.5,0,0,0,2.5,-1.5,1,0
2020,19,2379*A,Eriogonum umbellatum,170,120,5,0,3.5,1.5,0,0,0,1,2.5,1,0
2021,19,2379*A,Eriogonum umbellatum,170,120,5,0,4,1,0,0,0,3.5,0.5,1,0
2014,16,238*A,Lupinus argenteus,37,108,-10,-10,14,13,1,0,0,NA,NA,1,NA
2015,16,238*A,Lupinus argenteus,37,108,-10,-10,22.5,13,5,0,0,14,8.5,1,0
2016,16,238*A,Lupinus argenteus,37,108,-10,-10,0,0,0,0,1,22.5,-22.5,0,0
2018,19,2380*A,Eriogonum umbellatum,178,35,-10,-10,1,0.5,0,0,0,NA,NA,1,1
2019,19,2380*A,Eriogonum umbellatum,178,35,-10,-10,1,1.5,0,0,0,1,0,1,0
2020,19,2380*A,Eriogonum umbellatum,178,35,-10,-10,3,1,0,0,0,1,2,1,0
2021,19,2380*A,Eriogonum umbellatum,178,35,-10,-10,3,1,0,0,0,3,0,1,0
2014,20,2381*A,Elymus lanceolatus,4,76,0,-5,6,20,2,0,0,NA,NA,1,NA
2015,20,2381*A,Elymus lanceolatus,4,76,0,-5,8.5,14,3,0,0,6,2.5,1,0
2016,20,2381*A,Elymus lanceolatus,4,76,0,-5,35,29,18,0,0,8.5,26.5,1,0
2017,20,2381*A,Elymus lanceolatus,4,76,0,-5,35,27,10,0,0,35,0,1,0
2018,20,2381*A,Elymus lanceolatus,4,76,0,-5,37,27,49,0,0,35,2,1,0
2019,20,2381*A,Elymus lanceolatus,4,76,0,-5,39,27,9,0,0,37,2,1,0
2020,20,2381*A,Elymus lanceolatus,4,76,0,-5,36,31.5,15,0,0,39,-3,1,0
2021,20,2381*A,Elymus lanceolatus,4,76,0,-5,26,29,14,0,0,36,-10,1,0
2018,20,2382*A,Chaenactis douglasii,30,33,-2,-2,1,1,0,1,0,NA,NA,1,1
2019,20,2382*A,Chaenactis douglasii,30,33,-2,-2,0,0,0,0,1,1,-1,0,0
2014,21,2383*A,Eriogonum umbellatum,31,136,-10,-10,63,4,52,0,0,NA,NA,1,NA
2015,21,2383*A,Eriogonum umbellatum,31,136,-10,-10,83,5,72,0,0,63,20,1,0
2016,21,2383*A,Eriogonum umbellatum,31,136,-10,-10,71,5,67,0,0,83,-12,1,0
2017,21,2383*A,Eriogonum umbellatum,31,136,-10,-10,72,4,41,0,0,71,1,1,0
2018,21,2383*A,Eriogonum umbellatum,31,136,-10,-10,51,2.5,4,0,0,72,-21,1,0
2019,21,2383*A,Eriogonum umbellatum,31,136,-10,-10,51.5,3,8,0,0,51,0.5,1,0
2020,21,2383*A,Eriogonum umbellatum,31,136,-10,-10,49,4.5,4,0,0,51.5,-2.5,1,0
2021,21,2383*A,Eriogonum umbellatum,31,136,-10,-10,51,3.5,5,0,0,49,2,1,0
2018,22,2384*A,Phacelia hastata,136,38,-10,-10,5,3,0,0,0,NA,NA,1,1
2019,22,2384*A,Phacelia hastata,136,38,-10,-10,0,0,0,0,1,5,-5,0,0
2018,23,2385*A,Heterotheca villosa,94,0,-5,0,6,3,1,0,0,NA,NA,1,1
2019,23,2385*A,Heterotheca villosa,94,0,-5,0,10,5.5,3,0,0,6,4,1,0
2020,23,2385*A,Heterotheca villosa,94,0,-5,0,8.5,4,0,0,0,10,-1.5,1,0
2021,23,2385*A,Heterotheca villosa,94,0,-5,0,0,0,0,0,0,8.5,-8.5,1,0
2018,24,2386*A,Elymus lanceolatus,179,91,-10,-10,5.5,10,0,0,0,NA,NA,1,1
2019,24,2386*A,Elymus lanceolatus,179,91,-10,-10,8,11.5,0,0,0,5.5,2.5,1,0
2020,24,2386*A,Elymus lanceolatus,179,91,-10,-10,10,10,0,0,0,8,2,1,0
2021,24,2386*A,Elymus lanceolatus,179,91,-10,-10,14,14.5,0,0,0,10,4,1,0
2018,24,2387*A,Elymus lanceolatus,101,9.5,-10,0,7,15,0,0,0,NA,NA,1,1
2019,24,2387*A,Elymus lanceolatus,101,9.5,-10,0,3.5,18,1,0,0,7,-3.5,1,0
2020,24,2387*A,Elymus lanceolatus,101,9.5,-10,0,7.5,10.5,0,0,0,3.5,4,1,0
2021,24,2387*A,Elymus lanceolatus,101,9.5,-10,0,0,0,0,0,0,7.5,-7.5,1,0
2018,24,2388*A,Elymus lanceolatus,100,5,-10,0,8,15,1,0,0,NA,NA,1,1
2019,24,2388*A,Elymus lanceolatus,100,5,-10,0,8,12,0,0,0,8,0,1,0
2020,24,2388*A,Elymus lanceolatus,100,5,-10,0,6.5,11.5,0,0,0,8,-1.5,1,0
2021,24,2388*A,Elymus lanceolatus,100,5,-10,0,1.5,8,0,0,0,6.5,-5,1,0
2018,27,2389*A,Ivesia gordonii,15,121,-10,-10,2.5,4,0,0,0,NA,NA,1,1
2019,27,2389*A,Ivesia gordonii,15,121,-10,-10,3,3,0,0,0,2.5,0.5,1,0
2020,27,2389*A,Ivesia gordonii,15,121,-10,-10,2.5,2.5,0,0,0,3,-0.5,1,0
2021,27,2389*A,Ivesia gordonii,15,121,-10,-10,4,3,0,0,0,2.5,1.5,1,0
2014,16,239*A,Chaenactis douglasii,24,110,-10,-10,1,1,0,1,0,NA,NA,1,1
2015,16,239*A,Chaenactis douglasii,24,110,-10,-10,1.5,1,0,0,0,1,0.5,1,0
2016,16,239*A,Chaenactis douglasii,24,110,-10,-10,0,0,0,0,1,1.5,-1.5,0,0
2018,28,2390*A,Elymus lanceolatus,90,101,-10,-10,2,2,0,1,0,NA,NA,1,1
2019,28,2390*A,Elymus lanceolatus,90,101,-10,-10,1,3.5,0,0,0,2,-1,1,0
2020,28,2390*A,Elymus lanceolatus,90,101,-10,-10,0,0,0,0,1,1,-1,0,0
2018,28,2391*A,Elymus lanceolatus,175,134,-10,-10,3,7,0,1,0,NA,NA,1,1
2019,28,2391*A,Elymus lanceolatus,175,134,-10,-10,2,9.8,0,0,0,3,-1,1,0
2020,28,2391*A,Elymus lanceolatus,175,134,-10,-10,4,5,0,0,0,2,2,1,0
2021,28,2391*A,Elymus lanceolatus,175,134,-10,-10,3,7.5,0,0,0,4,-1,1,0
2018,33,2392*A,Senecio crassulus,68,200,-10,-10,6.5,5,0,0,0,NA,NA,1,1
2019,33,2392*A,Senecio crassulus,68,200,-10,-10,0,0,0,0,1,6.5,-6.5,0,0
2018,33,2393*A,Senecio crassulus,191,85,-10,-10,2.5,3,0,1,0,NA,NA,1,1
2019,33,2393*A,Senecio crassulus,191,85,-10,-10,0,0,0,0,1,2.5,-2.5,0,0
2018,34,2394*A,Chaenactis douglasii,108,51,-10,-10,2,2,0,1,0,NA,NA,1,1
2019,34,2394*A,Chaenactis douglasii,108,51,-10,-10,4,3.5,0,0,0,2,2,1,0
2020,34,2394*A,Chaenactis douglasii,108,51,-10,-10,5.5,4,0,0,0,4,1.5,1,0
2021,34,2394*A,Chaenactis douglasii,108,51,-10,-10,13,10,11,0,0,5.5,7.5,1,0
2018,36,2395*A,Senecio crassulus,108,158,0,2,2,3.5,0,1,0,NA,NA,1,1
2019,36,2395*A,Senecio crassulus,108,158,0,2,0,0,0,0,1,2,-2,0,0
2014,36,2396*A,Poa stenantha,106,152,-10,-10,9,9,0,0,0,NA,NA,1,NA
2015,36,2396*A,Poa stenantha,106,152,-10,-10,16,14,0,0,0,9,7,1,0
2016,36,2396*A,Poa stenantha,106,152,-10,-10,23,16,1,0,0,16,7,1,0
2017,36,2396*A,Poa stenantha,106,152,-10,-10,25,18,6,0,0,23,2,1,0
2018,36,2396*A,Poa stenantha,106,152,-10,-10,15,18,12,0,0,25,-10,1,0
2019,36,2396*A,Poa stenantha,106,152,-10,-10,29,21.5,0,0,0,15,14,1,0
2020,36,2396*A,Poa stenantha,106,152,-10,-10,23,27,18,0,0,29,-6,1,0
2021,36,2396*A,Poa stenantha,106,152,-10,-10,24,14,7,0,0,23,1,1,0
2018,37,2397*A,Lupinus argenteus,19,200,-10,-10,9,9,0,0,0,NA,NA,1,1
2019,37,2397*A,Lupinus argenteus,19,200,-10,-10,19.5,10.5,0,0,0,9,10.5,1,0
2020,37,2397*A,Lupinus argenteus,19,200,-10,-10,9,6,0,0,0,19.5,-10.5,1,0
2021,37,2397*A,Lupinus argenteus,19,200,-10,-10,11.5,8.5,0,0,0,9,2.5,1,0
2018,37,2398*A,Lupinus argenteus,22,199,-10,-10,10,7.5,0,0,0,NA,NA,1,1
2019,37,2398*A,Lupinus argenteus,22,199,-10,-10,0,0,0,0,1,10,-10,0,0
2018,37,2399*A,Lupinus argenteus,68,90,-10,-10,3,3,0,0,0,NA,NA,1,1
2019,37,2399*A,Lupinus argenteus,68,90,-10,-10,0,0,0,0,1,3,-3,0,0
2014,5,24*A,Lupinus argenteus,25,65,-10,-10,23,12,1,0,0,NA,NA,1,NA
2015,5,24*A,Lupinus argenteus,25,65,-10,-10,15,14,3,0,0,23,-8,1,0
2016,5,24*A,Lupinus argenteus,25,65,-10,-10,0,0,0,0,1,15,-15,0,0
2014,16,240*A,Lupinus argenteus,5,105,0,-10,19,13,0,0,0,NA,NA,1,NA
2015,16,240*A,Lupinus argenteus,5,105,0,-10,20,14,3,0,0,19,1,1,0
2016,16,240*A,Lupinus argenteus,5,105,0,-10,26,13,0,0,0,20,6,1,0
2017,16,240*A,Lupinus argenteus,5,105,0,-10,0,0,0,0,1,26,-26,0,0
2014,41,2400*A,Heterotheca villosa,175,176,-10,-10,5,5,1,0,0,NA,NA,1,NA
2015,41,2400*A,Heterotheca villosa,175,176,-10,-10,10,5.5,2,0,0,5,5,1,0
2016,41,2400*A,Heterotheca villosa,175,176,-10,-10,10,5,1,0,0,10,0,1,0
2017,41,2400*A,Heterotheca villosa,175,176,-10,-10,12,6,3,0,0,10,2,1,0
2018,41,2400*A,Heterotheca villosa,175,176,-10,-10,11,7,2,0,0,12,-1,1,0
2019,41,2400*A,Heterotheca villosa,175,176,-10,-10,10.5,8,1,0,0,11,-0.5,1,0
2020,41,2400*A,Heterotheca villosa,175,176,-10,-10,9.5,6,4,0,0,10.5,-1,1,0
2021,41,2400*A,Heterotheca villosa,175,176,-10,-10,13.5,8,12,0,0,9.5,4,1,0
2018,46,2401*A,Carex siccata,28,103,-2,-2,2,3,0,0,0,NA,NA,1,1
2019,46,2401*A,Carex siccata,28,103,-2,-2,11,9.5,0,0,0,2,9,1,0
2020,46,2401*A,Carex siccata,28,103,-2,-2,10.5,11,0,0,0,11,-0.5,1,0
2021,46,2401*A,Carex siccata,28,103,-2,-2,0,0,0,0,0,10.5,-10.5,1,0
2018,46,2402*A,Carex siccata,28,132,-10,-10,7.5,11,0,0,0,NA,NA,1,1
2019,46,2402*A,Carex siccata,28,132,-10,-10,20,13,0,0,0,7.5,12.5,1,0
2020,46,2402*A,Carex siccata,28,132,-10,-10,0,0,0,0,1,20,-20,0,0
2018,46,2403*A,Carex siccata,23,42,10,0,7.5,8.5,0,0,0,NA,NA,1,1
2019,46,2403*A,Carex siccata,23,42,10,0,0,0,0,0,1,7.5,-7.5,0,0
2014,46,2404*A,Carex siccata,191,18,10,0,9,11,1,0,0,NA,NA,1,NA
2015,46,2404*A,Carex siccata,191,18,10,0,13,15,0,0,0,9,4,1,0
2016,46,2404*A,Carex siccata,191,18,10,0,8,10,0,0,0,13,-5,1,0
2017,46,2404*A,Carex siccata,191,18,10,0,9,12,0,0,0,8,1,1,0
2018,46,2404*A,Carex siccata,191,18,10,0,31,16,0,0,0,9,22,1,0
2019,46,2404*A,Carex siccata,191,18,10,0,23,19,0,0,0,31,-8,1,0
2020,46,2404*A,Carex siccata,191,18,10,0,21,15.5,0,0,0,23,-2,1,0
2021,46,2404*A,Carex siccata,191,18,10,0,0,0,0,0,0,21,-21,1,0
2018,46,2405*A,Heterotheca villosa,100,168,-10,-10,8,3.5,1,0,0,NA,NA,1,1
2019,46,2405*A,Heterotheca villosa,100,168,-10,-10,14,6.5,3,0,0,8,6,1,0
2020,46,2405*A,Heterotheca villosa,100,168,-10,-10,17,5.5,10,0,0,14,3,1,0
2021,46,2405*A,Heterotheca villosa,100,168,-10,-10,23.5,7.5,37,0,0,17,6.5,1,0
2018,46,2406*A,Phacelia hastata,105,171,0,10,1,0.5,0,1,0,NA,NA,1,1
2019,46,2406*A,Phacelia hastata,105,171,0,10,0,0,0,0,1,1,-1,0,0
2014,46,2407*A,Carex siccata,130,170,-10,-10,13,14,0,0,0,NA,NA,1,NA
2015,46,2407*A,Carex siccata,130,170,-10,-10,12,6,0,0,0,13,-1,1,0
2016,46,2407*A,Carex siccata,130,170,-10,-10,16,11,0,0,0,12,4,1,0
2017,46,2407*A,Carex siccata,130,170,-10,-10,15,7,0,0,0,16,-1,1,0
2018,46,2407*A,Carex siccata,130,170,-10,-10,18.5,14,0,0,0,15,3.5,1,0
2019,46,2407*A,Carex siccata,130,170,-10,-10,0,0,0,0,1,18.5,-18.5,0,0
2014,46,2408*A,Carex siccata,164,156,-5,-5,10,10,0,0,0,NA,NA,1,NA
2015,46,2408*A,Carex siccata,164,156,-5,-5,9,21,0,0,0,10,-1,1,0
2016,46,2408*A,Carex siccata,164,156,-5,-5,11,12,0,0,0,9,2,1,0
2017,46,2408*A,Carex siccata,164,156,-5,-5,13,15,0,0,0,11,2,1,0
2018,46,2408*A,Carex siccata,164,156,-5,-5,19,4,0,0,0,13,6,1,0
2019,46,2408*A,Carex siccata,164,156,-5,-5,8,9,0,0,0,19,-11,1,0
2020,46,2408*A,Carex siccata,164,156,-5,-5,5,7,0,0,0,8,-3,1,0
2021,46,2408*A,Carex siccata,164,156,-5,-5,8.5,7.5,0,0,0,5,3.5,1,0
2018,46,2409*A,Carex siccata,157,192,-10,-10,8,13,0,0,0,NA,NA,1,1
2019,46,2409*A,Carex siccata,157,192,-10,-10,0.5,2,0,0,0,8,-7.5,1,0
2020,46,2409*A,Carex siccata,157,192,-10,-10,0,0,0,0,1,0.5,-0.5,0,0
2014,16,241*A,Lupinus argenteus,5,115,-10,-10,12,10,0,0,0,NA,NA,1,NA
2015,16,241*A,Lupinus argenteus,5,115,-10,-10,10,12,1,0,0,12,-2,1,0
2016,16,241*A,Lupinus argenteus,5,115,-10,-10,0,0,0,0,0,10,-10,1,0
2017,16,241*A,Lupinus argenteus,5,115,-10,-10,1.5,1,0,0,0,0,1.5,1,0
2018,16,241*A,Lupinus argenteus,5,115,-10,-10,0,0,0,0,1,1.5,-1.5,0,0
2014,46,2410*A,Eriogonum umbellatum,117,147,-5,-5,35,2,7,0,0,NA,NA,1,NA
2015,46,2410*A,Eriogonum umbellatum,117,147,-5,-5,38,2,5,0,0,35,3,1,0
2016,46,2410*A,Eriogonum umbellatum,117,147,-5,-5,34,2,7,0,0,38,-4,1,0
2017,46,2410*A,Eriogonum umbellatum,117,147,-5,-5,34,2,16,0,0,34,0,1,0
2018,46,2410*A,Eriogonum umbellatum,117,147,-5,-5,35,3,11,0,0,34,1,1,0
2019,46,2410*A,Eriogonum umbellatum,117,147,-5,-5,36,3,1,0,0,35,1,1,0
2020,46,2410*A,Eriogonum umbellatum,117,147,-5,-5,38,3,3,0,0,36,2,1,0
2021,46,2410*A,Eriogonum umbellatum,117,147,-5,-5,17.5,2,0,0,0,38,-20.5,1,0
2018,42,2411*A,Lupinus argenteus,135,194,-10,-10,4,1.5,0,0,0,NA,NA,1,1
2019,42,2411*A,Lupinus argenteus,135,194,-10,-10,0,0,0,0,1,4,-4,0,0
2018,46,2412*A,Arenaria congesta,31,15,-10,-10,6,6,9,0,0,NA,NA,1,1
2019,46,2412*A,Arenaria congesta,31,15,-10,-10,14,4,14,0,0,6,8,1,0
2020,46,2412*A,Arenaria congesta,31,15,-10,-10,14,7.5,8,0,0,14,0,1,0
2021,46,2412*A,Arenaria congesta,31,15,-10,-10,0,0,0,0,0,14,-14,1,0
2018,46,2413*A,Arenaria congesta,37,20,-10,-10,4.5,3.5,1,0,0,NA,NA,1,1
2019,46,2413*A,Arenaria congesta,37,20,-10,-10,10,5.5,3,0,0,4.5,5.5,1,0
2020,46,2413*A,Arenaria congesta,37,20,-10,-10,12,10,6,0,0,10,2,1,0
2021,46,2413*A,Arenaria congesta,37,20,-10,-10,14,8.5,16,0,0,12,2,1,0
2018,46,2414*A,Agoseris glauca,20,31,-5,-5,4.5,3,1,0,0,NA,NA,1,1
2019,46,2414*A,Agoseris glauca,20,31,-5,-5,12,6,2,0,0,4.5,7.5,1,0
2020,46,2414*A,Agoseris glauca,20,31,-5,-5,12,4,2,0,0,12,0,1,0
2021,46,2414*A,Agoseris glauca,20,31,-5,-5,0,0,0,0,0,12,-12,1,0
2018,46,2415*A,Carex siccata,166,5,0,5,12,7.5,0,0,0,NA,NA,1,1
2019,46,2415*A,Carex siccata,166,5,0,5,5,7.5,0,0,0,12,-7,1,0
2020,46,2415*A,Carex siccata,166,5,0,5,11,9.5,0,0,0,5,6,1,0
2021,46,2415*A,Carex siccata,166,5,0,5,10.5,12,0,0,0,11,-0.5,1,0
2018,46,2416*A,Carex siccata,176,31,-5,-5,17,16,0,0,0,NA,NA,1,1
2019,46,2416*A,Carex siccata,176,31,-5,-5,20,18,0,0,0,17,3,1,0
2020,46,2416*A,Carex siccata,176,31,-5,-5,14,18.5,0,0,0,20,-6,1,0
2021,46,2416*A,Carex siccata,176,31,-5,-5,0,0,0,0,0,14,-14,1,0
2018,46,2417*A,Elymus lanceolatus,103,26,-5,-5,1.5,3.5,0,0,0,NA,NA,1,1
2019,46,2417*A,Elymus lanceolatus,103,26,-5,-5,6,7,0,0,0,1.5,4.5,1,0
2020,46,2417*A,Elymus lanceolatus,103,26,-5,-5,6.5,6,0,0,0,6,0.5,1,0
2021,46,2417*A,Elymus lanceolatus,103,26,-5,-5,10,8.5,0,0,0,6.5,3.5,1,0
2018,46,2418*A,Agoseris glauca,96,52,-5,-5,5,5,0,0,0,NA,NA,1,1
2019,46,2418*A,Agoseris glauca,96,52,-5,-5,0,0,0,0,1,5,-5,0,0
2018,46,2419*A,Carex siccata,65,95,-10,-10,8,10,0,0,0,NA,NA,1,1
2019,46,2419*A,Carex siccata,65,95,-10,-10,0,0,0,0,1,8,-8,0,0
2014,16,242*A,Lupinus argenteus,3,120,-10,-10,29,17,4,0,0,NA,NA,1,NA
2015,16,242*A,Lupinus argenteus,3,120,-10,-10,19,12,2,0,0,29,-10,1,0
2016,16,242*A,Lupinus argenteus,3,120,-10,-10,0,0,0,0,1,19,-19,0,0
2018,46,2420*A,Phacelia hastata,83,105,0,10,2,0.5,0,1,0,NA,NA,1,1
2019,46,2420*A,Phacelia hastata,83,105,0,10,4,2.5,0,0,0,2,2,1,0
2020,46,2420*A,Phacelia hastata,83,105,0,10,7.5,4.5,0,0,0,4,3.5,1,0
2021,46,2420*A,Phacelia hastata,83,105,0,10,0,0,0,0,0,7.5,-7.5,1,0
2018,46,2421*A,Carex siccata,101,127,-10,-10,3.5,9.5,0,0,0,NA,NA,1,1
2019,46,2421*A,Carex siccata,101,127,-10,-10,7,6.5,0,0,0,3.5,3.5,1,0
2020,46,2421*A,Carex siccata,101,127,-10,-10,0,0,0,0,1,7,-7,0,0
2018,46,2422*A,Senecio crassulus,139,116,-10,-10,3.5,1,0,0,0,NA,NA,1,1
2019,46,2422*A,Senecio crassulus,139,116,-10,-10,0,0,0,0,1,3.5,-3.5,0,0
2018,46,2423*A,Senecio crassulus,163,129,5,0,2,2.5,0,1,0,NA,NA,1,1
2019,46,2423*A,Senecio crassulus,163,129,5,0,3.5,7,0,0,0,2,1.5,1,0
2020,46,2423*A,Senecio crassulus,163,129,5,0,6,9.5,0,0,0,3.5,2.5,1,0
2021,46,2423*A,Senecio crassulus,163,129,5,0,9,10,0,0,0,6,3,1,0
2018,46,2425*A,Agoseris glauca,200,127,-10,-10,1.5,4,0,1,0,NA,NA,1,1
2019,46,2425*A,Agoseris glauca,200,127,-10,-10,3,4.5,0,0,0,1.5,1.5,1,0
2020,46,2425*A,Agoseris glauca,200,127,-10,-10,0,0,0,0,1,3,-3,0,0
2018,46,2426*A,Arenaria congesta,178,81,-10,-10,1.5,1.5,0,0,0,NA,NA,1,1
2019,46,2426*A,Arenaria congesta,178,81,-10,-10,1,2,0,0,0,1.5,-0.5,1,0
2020,46,2426*A,Arenaria congesta,178,81,-10,-10,4.5,3,0,0,0,1,3.5,1,0
2021,46,2426*A,Arenaria congesta,178,81,-10,-10,6,2.5,0,0,0,4.5,1.5,1,0
2018,46,2427*A,Carex siccata,179,82,-10,-10,1,2.5,0,0,0,NA,NA,1,1
2019,46,2427*A,Carex siccata,179,82,-10,-10,1.5,2,0,0,0,1,0.5,1,0
2020,46,2427*A,Carex siccata,179,82,-10,-10,0,0,0,0,1,1.5,-1.5,0,0
2018,46,2428*A,Carex siccata,181,85,-10,-10,2,2.5,0,0,0,NA,NA,1,1
2019,46,2428*A,Carex siccata,181,85,-10,-10,10,5,0,0,0,2,8,1,0
2020,46,2428*A,Carex siccata,181,85,-10,-10,27,12.5,0,0,0,10,17,1,0
2021,46,2428*A,Carex siccata,181,85,-10,-10,18.5,15,0,0,0,27,-8.5,1,0
2018,46,2429*A,Carex siccata,185,70,-10,-10,16,16,0,0,0,NA,NA,1,1
2019,46,2429*A,Carex siccata,185,70,-10,-10,18.5,15.5,0,0,0,16,2.5,1,0
2020,46,2429*A,Carex siccata,185,70,-10,-10,3,2,0,0,0,18.5,-15.5,1,0
2021,46,2429*A,Carex siccata,185,70,-10,-10,0,0,0,0,0,3,-3,1,0
2018,46,2430*A,Elymus lanceolatus,134,29,-10,-10,4.5,9.5,0,0,0,NA,NA,1,1
2019,46,2430*A,Elymus lanceolatus,134,29,-10,-10,8.5,13.5,0,0,0,4.5,4,1,0
2020,46,2430*A,Elymus lanceolatus,134,29,-10,-10,10.5,13,0,0,0,8.5,2,1,0
2021,46,2430*A,Elymus lanceolatus,134,29,-10,-10,0,0,0,0,0,10.5,-10.5,1,0
2018,46,2431*A,Ivesia gordonii,130,33,0,-5,7,4.5,0,0,0,NA,NA,1,1
2019,46,2431*A,Ivesia gordonii,130,33,0,-5,11,6,0,0,0,7,4,1,0
2020,46,2431*A,Ivesia gordonii,130,33,0,-5,14,10,0,0,0,11,3,1,0
2021,46,2431*A,Ivesia gordonii,130,33,0,-5,0,0,0,0,0,14,-14,1,0
2018,46,2432*A,Agoseris glauca,130,38,-10,0,5.5,5,1,0,0,NA,NA,1,1
2019,46,2432*A,Agoseris glauca,130,38,-10,0,11,8,1,0,0,5.5,5.5,1,0
2020,46,2432*A,Agoseris glauca,130,38,-10,0,4.5,5,2,0,0,11,-6.5,1,0
2021,46,2432*A,Agoseris glauca,130,38,-10,0,0,0,0,0,0,4.5,-4.5,1,0
2016,28,2433*A,Ivesia gordonii,178,168,-10,-10,0.2,0.2,0,1,0,NA,NA,1,1
2017,28,2433*A,Ivesia gordonii,178,168,-10,-10,0.7,0.3,0,0,0,0.2,0.5,1,0
2018,28,2433*A,Ivesia gordonii,178,168,-10,-10,1,1,0,0,0,0.7,0.3,1,0
2019,28,2433*A,Ivesia gordonii,178,168,-10,-10,2,1.5,0,0,0,1,1,1,0
2020,28,2433*A,Ivesia gordonii,178,168,-10,-10,2.5,1.5,0,0,0,2,0.5,1,0
2021,28,2433*A,Ivesia gordonii,178,168,-10,-10,4.3,2.5,0,0,0,2.5,1.8,1,0
2019,6,2434*A,Ivesia gordonii,110,37,-10,-10,0.5,0.5,0,1,0,NA,NA,1,1
2020,6,2434*A,Ivesia gordonii,110,37,-10,-10,0.5,0.8,0,0,0,0.5,0,1,0
2021,6,2434*A,Ivesia gordonii,110,37,-10,-10,0,0,0,0,0,0.5,-0.5,1,0
2019,8,2436*A,Heterotheca villosa,160,191,10,0,0.7,0.5,0,1,0,NA,NA,1,1
2020,8,2436*A,Heterotheca villosa,160,191,10,0,0,0,0,0,1,0.7,-0.7,0,0
2019,8,2437*A,Heterotheca villosa,155,185,0,10,0.9,0.5,0,1,0,NA,NA,1,1
2020,8,2437*A,Heterotheca villosa,155,185,0,10,0,0,0,0,1,0.9,-0.9,0,0
2019,8,2438*A,Heterotheca villosa,151,189,-10,0,1,0.3,0,1,0,NA,NA,1,1
2020,8,2438*A,Heterotheca villosa,151,189,-10,0,0,0,0,0,1,1,-1,0,0
2019,8,2439*A,Heterotheca villosa,164,166,10,0,1.5,1,0,1,0,NA,NA,1,1
2020,8,2439*A,Heterotheca villosa,164,166,10,0,0,0,0,0,1,1.5,-1.5,0,0
2014,16,243A*A,Lupinus argenteus,22,120,-10,-10,34,16,11,0,0,NA,NA,1,NA
2015,16,243A*A,Lupinus argenteus,22,120,-10,-10,29,11,9,0,0,34,-5,1,0
2016,16,243A*A,Lupinus argenteus,22,120,-10,-10,31,14,6,0,0,29,2,1,0
2017,16,243A*A,Lupinus argenteus,22,120,-10,-10,0,0,0,0,1,31,-31,0,0
2014,16,244*A,Lupinus argenteus,35,135,-10,-10,20,13,2,0,0,NA,NA,1,NA
2015,16,244*A,Lupinus argenteus,35,135,-10,-10,8,5,0,0,0,20,-12,1,0
2016,16,244*A,Lupinus argenteus,35,135,-10,-10,0,0,0,0,1,8,-8,0,0
2019,8,2440*A,Heterotheca villosa,161,168,-10,-10,0.5,0.5,0,1,0,NA,NA,1,1
2020,8,2440*A,Heterotheca villosa,161,168,-10,-10,0,0,0,0,1,0.5,-0.5,0,0
2019,8,2441*A,Heterotheca villosa,159,169,-12,0,0.5,0.5,0,1,0,NA,NA,1,1
2020,8,2441*A,Heterotheca villosa,159,169,-12,0,0,0,0,0,1,0.5,-0.5,0,0
2019,8,2442*A,Heterotheca villosa,158,171,-10,0,1.5,0.5,0,1,0,NA,NA,1,1
2020,8,2442*A,Heterotheca villosa,158,171,-10,0,0,0,0,0,1,1.5,-1.5,0,0
2019,11,2443*A,Phacelia hastata,78,24,-10,-10,0.9,1,0,1,0,NA,NA,1,1
2020,11,2443*A,Phacelia hastata,78,24,-10,-10,0,0,0,0,1,0.9,-0.9,0,0
2014,14,2444*A,Elymus lanceolatus,154,96,0,-10,6,20,0,0,0,NA,NA,1,NA
2015,14,2444*A,Elymus lanceolatus,154,96,0,-10,16,13,0,0,0,6,10,1,0
2016,14,2444*A,Elymus lanceolatus,154,96,0,-10,9,15.5,1,0,0,16,-7,1,0
2017,14,2444*A,Elymus lanceolatus,154,96,0,-10,15,16,0,0,0,9,6,1,0
2018,14,2444*A,Elymus lanceolatus,154,96,0,-10,20,16.5,1,0,0,15,5,1,0
2019,14,2444*A,Elymus lanceolatus,154,96,0,-10,8,15.5,0,0,0,20,-12,1,0
2020,14,2444*A,Elymus lanceolatus,154,96,0,-10,11,15,0,0,0,8,3,1,0
2021,14,2444*A,Elymus lanceolatus,154,96,0,-10,6.5,17.5,1,0,0,11,-4.5,1,0
2019,19,2445*A,Ivesia gordonii,105,81,0,-5,0.5,1,0,1,0,NA,NA,1,1
2020,19,2445*A,Ivesia gordonii,105,81,0,-5,0.8,1,0,0,0,0.5,0.3,1,0
2021,19,2445*A,Ivesia gordonii,105,81,0,-5,0,0,0,0,0,0.8,-0.8,1,0
2019,20,2446*A,Penstemon whippleanus,12,58,10,-10,5,6,0,0,0,NA,NA,1,1
2020,20,2446*A,Penstemon whippleanus,12,58,10,-10,0,0,0,0,1,5,-5,0,0
2019,20,2447*A,Arenaria congesta,3,15,-10,0,1.5,1.5,0,0,0,NA,NA,1,1
2020,20,2447*A,Arenaria congesta,3,15,-10,0,0,0,0,0,1,1.5,-1.5,0,0
2018,20,2448*A,Ivesia gordonii,19,25,-10,-10,9,5,0,0,0,NA,NA,1,1
2019,20,2448*A,Ivesia gordonii,19,25,-10,-10,8,4.5,0,0,0,9,-1,1,0
2020,20,2448*A,Ivesia gordonii,19,25,-10,-10,12,6,0,0,0,8,4,1,0
2021,20,2448*A,Ivesia gordonii,19,25,-10,-10,13.5,9,0,0,0,12,1.5,1,0
2019,20,2449*A,Arenaria congesta,48,44,-5,0,2,3.5,0,0,0,NA,NA,1,1
2020,20,2449*A,Arenaria congesta,48,44,-5,0,2,3,0,0,0,2,0,1,0
2021,20,2449*A,Arenaria congesta,48,44,-5,0,6.5,5,0,0,0,2,4.5,1,0
2014,16,245*A,Lupinus argenteus,74,90,-10,-10,15,30,4,0,0,NA,NA,1,NA
2015,16,245*A,Lupinus argenteus,74,90,-10,-10,24,12,2,0,0,15,9,1,0
2016,16,245*A,Lupinus argenteus,74,90,-10,-10,7,11,0,0,0,24,-17,1,0
2017,16,245*A,Lupinus argenteus,74,90,-10,-10,0,0,0,0,1,7,-7,0,0
2019,20,2450*A,Ivesia gordonii,56,48,-5,-5,1,1,0,1,0,NA,NA,1,1
2020,20,2450*A,Ivesia gordonii,56,48,-5,-5,0,0,0,0,1,1,-1,0,0
2019,20,2451*A,Elymus lanceolatus,165,170,-5,-5,11,7,0,0,0,NA,NA,1,1
2020,20,2451*A,Elymus lanceolatus,165,170,-5,-5,0,0,0,0,1,11,-11,0,0
2019,20,2452*A,Elymus lanceolatus,110,103,-10,-10,1.5,7,0,0,0,NA,NA,1,1
2020,20,2452*A,Elymus lanceolatus,110,103,-10,-10,0,0,0,0,1,1.5,-1.5,0,0
2019,46,2453*A,Arenaria congesta,44,18,-5,-5,0.5,0.5,0,1,0,NA,NA,1,1
2020,46,2453*A,Arenaria congesta,44,18,-5,-5,0,0,0,0,1,0.5,-0.5,0,0
2019,46,2454*A,Eriogonum umbellatum,44,15.5,0,-5,0.2,0.3,0,1,0,NA,NA,1,1
2020,46,2454*A,Eriogonum umbellatum,44,15.5,0,-5,0,0,0,0,1,0.2,-0.2,0,0
2019,46,2455*A,Carex siccata,3,4,6,0,12,13,0,0,0,NA,NA,1,1
2020,46,2455*A,Carex siccata,3,4,6,0,12,10,0,0,0,12,0,1,0
2021,46,2455*A,Carex siccata,3,4,6,0,0,0,0,0,0,12,-12,1,0
2019,46,2456*A,Eriogonum umbellatum,80,20,-5,-5,0.9,1,0,1,0,NA,NA,1,1
2020,46,2456*A,Eriogonum umbellatum,80,20,-5,-5,0,0,0,0,1,0.9,-0.9,0,0
2019,46,2457*A,Ivesia gordonii,89,28,-5,-5,0.5,0.5,0,1,0,NA,NA,1,1
2020,46,2457*A,Ivesia gordonii,89,28,-5,-5,6,5,0,0,0,0.5,5.5,1,0
2021,46,2457*A,Ivesia gordonii,89,28,-5,-5,0,0,0,0,0,6,-6,1,0
2019,46,2458*A,Ivesia gordonii,132,19,-5,-5,0.5,0.5,0,1,0,NA,NA,1,1
2020,46,2458*A,Ivesia gordonii,132,19,-5,-5,0,0,0,0,1,0.5,-0.5,0,0
2019,46,2459*A,Senecio crassulus,122,28,-5,-5,1,2,0,1,0,NA,NA,1,1
2020,46,2459*A,Senecio crassulus,122,28,-5,-5,2,3,0,0,0,1,1,1,0
2021,46,2459*A,Senecio crassulus,122,28,-5,-5,2,4,0,0,0,2,0,1,0
2014,16,246*A,Lupinus argenteus,65,74,-10,-10,29,18,4,0,0,NA,NA,1,NA
2015,16,246*A,Lupinus argenteus,65,74,-10,-10,25,14,2,0,0,29,-4,1,0
2016,16,246*A,Lupinus argenteus,65,74,-10,-10,25,13,0,0,0,25,0,1,0
2017,16,246*A,Lupinus argenteus,65,74,-10,-10,0,0,0,0,1,25,-25,0,0
2019,46,2460*A,Phacelia hastata,119,42,-5,-5,0.6,0.5,0,1,0,NA,NA,1,1
2020,46,2460*A,Phacelia hastata,119,42,-5,-5,0,0,0,0,1,0.6,-0.6,0,0
2019,46,2461*A,Phacelia hastata,127,39,-5,0,0.7,0.5,0,1,0,NA,NA,1,1
2020,46,2461*A,Phacelia hastata,127,39,-5,0,0,0,0,0,1,0.7,-0.7,0,0
2019,46,2462*A,Eriogonum umbellatum,127.5,39.5,-5,0,0.3,0.3,0,1,0,NA,NA,1,1
2020,46,2462*A,Eriogonum umbellatum,127.5,39.5,-5,0,0,0,0,0,1,0.3,-0.3,0,0
2019,46,2463*A,Carex siccata,187,100,-5,-5,2.5,5,0,0,0,NA,NA,1,1
2020,46,2463*A,Carex siccata,187,100,-5,-5,4,3.5,0,0,0,2.5,1.5,1,0
2021,46,2463*A,Carex siccata,187,100,-5,-5,0,0,0,0,0,4,-4,1,0
2019,46,2464*A,Eriogonum umbellatum,178,115,0,-5,0.9,0.5,0,1,0,NA,NA,1,1
2020,46,2464*A,Eriogonum umbellatum,178,115,0,-5,1.1,1.2,0,0,0,0.9,0.2,1,0
2021,46,2464*A,Eriogonum umbellatum,178,115,0,-5,1.3,0.6,0,0,0,1.1,0.2,1,0
2019,46,2465*A,Eriogonum umbellatum,176,125,-5,-5,1,0.8,0,1,0,NA,NA,1,1
2020,46,2465*A,Eriogonum umbellatum,176,125,-5,-5,1.5,1.5,0,0,0,1,0.5,1,0
2021,46,2465*A,Eriogonum umbellatum,176,125,-5,-5,0,0,0,0,0,1.5,-1.5,1,0
2019,46,2466*A,Eriogonum umbellatum,183,121,0,-5,0.8,1,0,1,0,NA,NA,1,1
2020,46,2466*A,Eriogonum umbellatum,183,121,0,-5,0.9,0.6,0,0,0,0.8,0.1,1,0
2021,46,2466*A,Eriogonum umbellatum,183,121,0,-5,1.5,1.5,0,0,0,0.9,0.6,1,0
2019,46,2467*A,Agoseris glauca,186,133,0,-5,1.1,2,0,1,0,NA,NA,1,1
2020,46,2467*A,Agoseris glauca,186,133,0,-5,2,3,0,0,0,1.1,0.9,1,0
2021,46,2467*A,Agoseris glauca,186,133,0,-5,3.1,3.5,0,0,0,2,1.1,1,0
2019,46,2468*A,Senecio crassulus,159,121,-5,-5,0.6,0.5,0,1,0,NA,NA,1,1
2020,46,2468*A,Senecio crassulus,159,121,-5,-5,0,0,0,0,1,0.6,-0.6,0,0
2019,46,2469*A,Senecio crassulus,167,111,-5,-5,2,4,0,0,0,NA,NA,1,1
2020,46,2469*A,Senecio crassulus,167,111,-5,-5,3,4.5,0,0,0,2,1,1,0
2021,46,2469*A,Senecio crassulus,167,111,-5,-5,7.1,3,0,0,0,3,4.1,1,0
2014,16,247*A,Lupinus argenteus,85,60,-10,-10,25,18,6,0,0,NA,NA,1,NA
2015,16,247*A,Lupinus argenteus,85,60,-10,-10,0,0,0,0,0,25,-25,1,0
2016,16,247*A,Lupinus argenteus,85,60,-10,-10,5,9,0,0,0,0,5,1,0
2017,16,247*A,Lupinus argenteus,85,60,-10,-10,0,0,0,0,1,5,-5,0,0
2019,46,2470*A,Carex siccata,116,108,-5,-5,8,10,0,0,0,NA,NA,1,1
2020,46,2470*A,Carex siccata,116,108,-5,-5,0,0,0,0,1,8,-8,0,0
2018,46,2471*A,Elymus lanceolatus,73,96,-5,-5,13,19.5,2,0,0,NA,NA,1,1
2019,46,2471*A,Elymus lanceolatus,73,96,-5,-5,13,19.5,2,0,0,13,0,1,0
2020,46,2471*A,Elymus lanceolatus,73,96,-5,-5,14.5,13,0,0,0,13,1.5,1,0
2021,46,2471*A,Elymus lanceolatus,73,96,-5,-5,14,12.5,0,0,0,14.5,-0.5,1,0
2019,46,2472*A,Arenaria congesta,81,78,-5,-5,0.3,1,0,1,0,NA,NA,1,1
2020,46,2472*A,Arenaria congesta,81,78,-5,-5,0,0,0,0,1,0.3,-0.3,0,0
2019,46,2473*A,Senecio crassulus,94,86,5,0,0.3,0.5,0,1,0,NA,NA,1,1
2020,46,2473*A,Senecio crassulus,94,86,5,0,0,0,0,0,1,0.3,-0.3,0,0
2019,46,2474*A,Carex siccata,97,95,0,-5,1,5,0,1,0,NA,NA,1,1
2020,46,2474*A,Carex siccata,97,95,0,-5,15,14,0,0,0,1,14,1,0
2021,46,2474*A,Carex siccata,97,95,0,-5,24,20,0,0,0,15,9,1,0
2019,46,2475*A,Agoseris glauca,92,67,-5,-5,1,2.5,0,1,0,NA,NA,1,1
2020,46,2475*A,Agoseris glauca,92,67,-5,-5,0,0,0,0,1,1,-1,0,0
2019,46,2476*A,Carex siccata,82,68,-5,-5,4.5,9.5,0,0,0,NA,NA,1,1
2020,46,2476*A,Carex siccata,82,68,-5,-5,10,13.5,0,0,0,4.5,5.5,1,0
2021,46,2476*A,Carex siccata,82,68,-5,-5,15.5,18,0,0,0,10,5.5,1,0
2019,46,2477*A,Carex siccata,85,65,-5,-5,0.3,2,0,0,0,NA,NA,1,1
2020,46,2477*A,Carex siccata,85,65,-5,-5,0,0,0,0,1,0.3,-0.3,0,0
2019,46,2478*A,Viola praemorsa,99,21.5,-5,-5,1,1,0,1,0,NA,NA,1,1
2020,46,2478*A,Viola praemorsa,99,21.5,-5,-5,1.2,0.7,0,0,0,1,0.2,1,0
2021,46,2478*A,Viola praemorsa,99,21.5,-5,-5,0,0,0,0,0,1.2,-1.2,1,0
2019,46,2479*A,Agoseris glauca,198,160,0,5,0.5,1.5,0,1,0,NA,NA,1,1
2020,46,2479*A,Agoseris glauca,198,160,0,5,0,0,0,0,1,0.5,-0.5,0,0
2014,16,248*A,Lupinus argenteus,80,45,-10,-10,22,15,5,0,0,NA,NA,1,NA
2015,16,248*A,Lupinus argenteus,80,45,-10,-10,13,13,0,0,0,22,-9,1,0
2016,16,248*A,Lupinus argenteus,80,45,-10,-10,23,11,2,0,0,13,10,1,0
2017,16,248*A,Lupinus argenteus,80,45,-10,-10,0,0,0,0,1,23,-23,0,0
2019,46,2480*A,Agoseris glauca,184,172,-5,-5,0.6,2,0,1,0,NA,NA,1,1
2020,46,2480*A,Agoseris glauca,184,172,-5,-5,0,0,0,0,1,0.6,-0.6,0,0
2019,46,2481*A,Agoseris glauca,120,80,-5,-5,2,4,0,1,0,NA,NA,1,1
2020,46,2481*A,Agoseris glauca,120,80,-5,-5,4,7,0,0,0,2,2,1,0
2021,46,2481*A,Agoseris glauca,120,80,-5,-5,8.5,7.5,1,0,0,4,4.5,1,0
2019,21,2482*A,Heterotheca villosa,26.5,114,-10,-10,0.7,1,0,1,0,NA,NA,1,1
2020,21,2482*A,Heterotheca villosa,26.5,114,-10,-10,0,0,0,0,1,0.7,-0.7,0,0
2019,22,2483*A,Elymus lanceolatus,149,41,-5,6,7,9.5,0,0,0,NA,NA,1,1
2020,22,2483*A,Elymus lanceolatus,149,41,-5,6,1.5,8,0,0,0,7,-5.5,1,0
2021,22,2483*A,Elymus lanceolatus,149,41,-5,6,7.5,10.5,0,0,0,1.5,6,1,0
2019,22,2484*A,Heterotheca villosa,167,55,0,5,0.7,1,0,1,0,NA,NA,1,1
2020,22,2484*A,Heterotheca villosa,167,55,0,5,0,0,0,0,1,0.7,-0.7,0,0
2019,24,2485*A,Chaenactis douglasii,180,96,-10,0,0.4,0.5,0,1,0,NA,NA,1,1
2020,24,2485*A,Chaenactis douglasii,180,96,-10,0,0,0,0,0,1,0.4,-0.4,0,0
2019,24,2486*A,Chaenactis douglasii,61.5,197,-5,0,0.6,1,0,1,0,NA,NA,1,1
2020,24,2486*A,Chaenactis douglasii,61.5,197,-5,0,0,0,0,0,1,0.6,-0.6,0,0
2019,24,2487*A,Chaenactis douglasii,122,14,5,5,0.9,1.5,0,1,0,NA,NA,1,1
2020,24,2487*A,Chaenactis douglasii,122,14,5,5,0,0,0,0,1,0.9,-0.9,0,0
2019,24,2488*A,Heterotheca villosa,125,7,-5,0,1,0.5,0,1,0,NA,NA,1,1
2020,24,2488*A,Heterotheca villosa,125,7,-5,0,0,0,0,0,1,1,-1,0,0
2019,27,2489*A,Chaenactis douglasii,195,70,-5,-5,0.5,0.8,0,1,0,NA,NA,1,1
2020,27,2489*A,Chaenactis douglasii,195,70,-5,-5,0,0,0,0,1,0.5,-0.5,0,0
2014,16,249*A,Lupinus argenteus,83,35,-10,-10,16,10,0,0,0,NA,NA,1,NA
2015,16,249*A,Lupinus argenteus,83,35,-10,-10,7,3,0,0,0,16,-9,1,0
2016,16,249*A,Lupinus argenteus,83,35,-10,-10,0,0,0,0,1,7,-7,0,0
2019,28,2490*A,Arnica latifolia,39,25,-5,0,0.7,0.5,0,1,0,NA,NA,1,1
2020,28,2490*A,Arnica latifolia,39,25,-5,0,0,0,0,0,1,0.7,-0.7,0,0
2019,28,2491*A,Elymus lanceolatus,38,31.5,-5,0,5.5,13,0,0,0,NA,NA,1,1
2020,28,2491*A,Elymus lanceolatus,38,31.5,-5,0,10.5,11.5,0,0,0,5.5,5,1,0
2021,28,2491*A,Elymus lanceolatus,38,31.5,-5,0,10,13,0,0,0,10.5,-0.5,1,0
2019,28,2492*A,Elymus lanceolatus,45,27,0,5,11,10,0,0,0,NA,NA,1,1
2020,28,2492*A,Elymus lanceolatus,45,27,0,5,15,14.5,1,0,0,11,4,1,0
2021,28,2492*A,Elymus lanceolatus,45,27,0,5,12,13,0,0,0,15,-3,1,0
2019,28,2493*A,Heterotheca villosa,153,149,1,6,0.8,1.5,0,1,0,NA,NA,1,1
2020,28,2493*A,Heterotheca villosa,153,149,1,6,0,0,0,0,1,0.8,-0.8,0,0
2019,28,2494*A,Heterotheca villosa,152,150,0,5,1,1.5,0,1,0,NA,NA,1,1
2020,28,2494*A,Heterotheca villosa,152,150,0,5,0,0,0,0,1,1,-1,0,0
2019,33,2495*A,Elymus lanceolatus,145,46,5,-5,7.5,18,0,0,0,NA,NA,1,1
2020,33,2495*A,Elymus lanceolatus,145,46,5,-5,12.5,16,0,0,0,7.5,5,1,0
2021,33,2495*A,Elymus lanceolatus,145,46,5,-5,6.5,10,0,0,0,12.5,-6,1,0
2019,33,2496*A,Ivesia gordonii,50,13,-5,-5,0.9,0.8,0,1,0,NA,NA,1,1
2020,33,2496*A,Ivesia gordonii,50,13,-5,-5,1.5,1.5,0,0,0,0.9,0.6,1,0
2021,33,2496*A,Ivesia gordonii,50,13,-5,-5,2.7,2,0,0,0,1.5,1.2,1,0
2019,33,2497*A,Heterotheca villosa,3,40,-1,-7,1,1.1,0,1,0,NA,NA,1,1
2020,33,2497*A,Heterotheca villosa,3,40,-1,-7,0,0,0,0,1,1,-1,0,0
2019,33,2498*A,Eriogonum umbellatum,145,189,-5,-5,0.4,1,0,1,0,NA,NA,1,1
2020,33,2498*A,Eriogonum umbellatum,145,189,-5,-5,0,0,0,0,1,0.4,-0.4,0,0
2019,33,2499*A,Ivesia gordonii,133,194,2,0,0.8,0.9,0,1,0,NA,NA,1,1
2020,33,2499*A,Ivesia gordonii,133,194,2,0,0.7,1,0,0,0,0.8,-0.1,1,0
2021,33,2499*A,Ivesia gordonii,133,194,2,0,0,0,0,0,0,0.7,-0.7,1,0
2014,5,25*A,Lupinus argenteus,22,70,-10,-10,12,9,0,0,0,NA,NA,1,NA
2015,5,25*A,Lupinus argenteus,22,70,-10,-10,6,2,0,0,0,12,-6,1,0
2016,5,25*A,Lupinus argenteus,22,70,-10,-10,20,8.1,0,0,0,6,14,1,0
2017,5,25*A,Lupinus argenteus,22,70,-10,-10,8.5,5.5,0,0,0,20,-11.5,1,0
2018,5,25*A,Lupinus argenteus,22,70,-10,-10,0,0,0,0,1,8.5,-8.5,0,0
2014,16,250*A,Lupinus argenteus,95,30,-10,-10,20,13,1,0,0,NA,NA,1,NA
2015,16,250*A,Lupinus argenteus,95,30,-10,-10,0,0,0,0,1,20,-20,0,0
2019,33,2500*A,Ivesia gordonii,137,190.5,-5,-5,0.3,0.3,0,1,0,NA,NA,1,1
2020,33,2500*A,Ivesia gordonii,137,190.5,-5,-5,0,0,0,0,1,0.3,-0.3,0,0
2019,33,2501*A,Ivesia gordonii,134,183,-5,-5,0.4,0.5,0,1,0,NA,NA,1,1
2020,33,2501*A,Ivesia gordonii,134,183,-5,-5,0.7,1,0,0,0,0.4,0.3,1,0
2021,33,2501*A,Ivesia gordonii,134,183,-5,-5,0,0,0,0,0,0.7,-0.7,1,0
2019,33,2502*A,Ivesia gordonii,127,190,-1,-1,0.7,0.5,0,1,0,NA,NA,1,1
2020,33,2502*A,Ivesia gordonii,127,190,-1,-1,1.2,0.5,0,0,0,0.7,0.5,1,0
2021,33,2502*A,Ivesia gordonii,127,190,-1,-1,1.3,1.4,0,0,0,1.2,0.1,1,0
2019,33,2503*A,Ivesia gordonii,129,192,-5,-5,0.6,0.7,0,1,0,NA,NA,1,1
2020,33,2503*A,Ivesia gordonii,129,192,-5,-5,1.2,0.9,0,0,0,0.6,0.6,1,0
2021,33,2503*A,Ivesia gordonii,129,192,-5,-5,3,2,0,0,0,1.2,1.8,1,0
2018,33,2504*A,Eriogonum umbellatum,170,84,-5,5,3,1.5,0,0,0,NA,NA,1,1
2019,33,2504*A,Eriogonum umbellatum,170,84,-5,5,3,1.5,0,0,0,3,0,1,0
2020,33,2504*A,Eriogonum umbellatum,170,84,-5,5,3.5,1,0,0,0,3,0.5,1,0
2021,33,2504*A,Eriogonum umbellatum,170,84,-5,5,0,0,0,0,0,3.5,-3.5,1,0
2019,33,2505*A,Agoseris glauca,28,51,-5,-5,0.5,1.4,0,1,0,NA,NA,1,1
2020,33,2505*A,Agoseris glauca,28,51,-5,-5,0,0,0,0,1,0.5,-0.5,0,0
2019,33,2506*A,Senecio crassulus,10,107,0,-5,0.6,2.5,0,1,0,NA,NA,1,1
2020,33,2506*A,Senecio crassulus,10,107,0,-5,0,0,0,0,1,0.6,-0.6,0,0
2019,32,2507*A,Lupinus argenteus,134,109,-5,-5,4.9,3.5,0,0,0,NA,NA,1,1
2020,32,2507*A,Lupinus argenteus,134,109,-5,-5,6.5,4,0,0,0,4.9,1.6,1,0
2021,32,2507*A,Lupinus argenteus,134,109,-5,-5,4.5,4,0,0,0,6.5,-2,1,0
2019,31,2508*A,Elymus lanceolatus,137,26,5,-5,12,10,0,0,0,NA,NA,1,1
2020,31,2508*A,Elymus lanceolatus,137,26,5,-5,11,10,0,0,0,12,-1,1,0
2021,31,2508*A,Elymus lanceolatus,137,26,5,-5,0.3,3,0,0,0,11,-10.7,1,0
2019,36,2509*A,Arnica latifolia,114,148,0,-5,5,14.5,4,0,0,NA,NA,1,1
2020,36,2509*A,Arnica latifolia,114,148,0,-5,3,2.5,0,0,0,5,-2,1,0
2021,36,2509*A,Arnica latifolia,114,148,0,-5,4,4.5,0,0,0,3,1,1,0
2014,16,251*A,Lupinus argenteus,107,35,-10,-10,7,3,0,0,0,NA,NA,1,NA
2015,16,251*A,Lupinus argenteus,107,35,-10,-10,0,0,0,0,1,7,-7,0,0
2019,37,2510*A,Ivesia gordonii,7,196,-5,-5,0.7,0.6,0,1,0,NA,NA,1,1
2020,37,2510*A,Ivesia gordonii,7,196,-5,-5,0.6,0.9,0,0,0,0.7,-0.1,1,0
2021,37,2510*A,Ivesia gordonii,7,196,-5,-5,0.8,1,0,0,0,0.6,0.2,1,0
2019,47,2511*A,Carex siccata,5,2,-5,-5,16.5,13.5,0,0,0,NA,NA,1,1
2020,47,2511*A,Carex siccata,5,2,-5,-5,16,16.5,1,0,0,16.5,-0.5,1,0
2021,47,2511*A,Carex siccata,5,2,-5,-5,20,22,1,0,0,16,4,1,0
2019,47,2512*A,Carex siccata,3,10,-5,-5,1.5,2.5,0,0,0,NA,NA,1,1
2020,47,2512*A,Carex siccata,3,10,-5,-5,13,16,0,0,0,1.5,11.5,1,0
2021,47,2512*A,Carex siccata,3,10,-5,-5,18,22,0,0,0,13,5,1,0
2019,47,2513*A,Carex siccata,12,13,-5,-5,17,11,0,0,0,NA,NA,1,1
2020,47,2513*A,Carex siccata,12,13,-5,-5,12,15.5,0,0,0,17,-5,1,0
2021,47,2513*A,Carex siccata,12,13,-5,-5,0,0,0,0,0,12,-12,1,0
2019,47,2514*A,Carex siccata,17,10.5,-5,-5,14.5,13,0,0,0,NA,NA,1,1
2020,47,2514*A,Carex siccata,17,10.5,-5,-5,13,12,1,0,0,14.5,-1.5,1,0
2021,47,2514*A,Carex siccata,17,10.5,-5,-5,0,0,0,0,0,13,-13,1,0
2019,47,2515*A,Carex siccata,18,1,-5,-5,13.5,14.5,0,0,0,NA,NA,1,1
2020,47,2515*A,Carex siccata,18,1,-5,-5,19.5,16,2,0,0,13.5,6,1,0
2021,47,2515*A,Carex siccata,18,1,-5,-5,25,19,0,0,0,19.5,5.5,1,0
2019,42,2516*A,Phacelia hastata,7,180,-5,-5,1.2,0.9,0,1,0,NA,NA,1,1
2020,42,2516*A,Phacelia hastata,7,180,-5,-5,3,2,0,0,0,1.2,1.8,1,0
2021,42,2516*A,Phacelia hastata,7,180,-5,-5,10,4.5,1,0,0,3,7,1,0
2018,37,2517*A,Lupinus argenteus,81,71.5,-5,-5,3.5,3.5,0,0,0,NA,NA,1,1
2019,37,2517*A,Lupinus argenteus,81,71.5,-5,-5,3.5,3.5,0,0,0,3.5,0,1,0
2020,37,2517*A,Lupinus argenteus,81,71.5,-5,-5,0,0,0,0,1,3.5,-3.5,0,0
2019,37,2518*A,Ivesia gordonii,104,107,0,-5,0.8,0.6,0,0,0,NA,NA,1,1
2020,37,2518*A,Ivesia gordonii,104,107,0,-5,1.7,1.4,0,0,0,0.8,0.9,1,0
2021,37,2518*A,Ivesia gordonii,104,107,0,-5,0,0,0,0,0,1.7,-1.7,1,0
2019,1,2519*A,Lupinus argenteus,185,90,-10,-10,2,1,0,0,0,NA,NA,1,1
2020,1,2519*A,Lupinus argenteus,185,90,-10,-10,0,0,0,0,1,2,-2,0,0
2014,16,252*A,Lupinus argenteus,115,55,-10,-10,30,17,4,0,0,NA,NA,1,NA
2015,16,252*A,Lupinus argenteus,115,55,-10,-10,10,7,1,0,0,30,-20,1,0
2016,16,252*A,Lupinus argenteus,115,55,-10,-10,0,0,0,0,1,10,-10,0,0
2014,8,2520*A,Eriogonum umbellatum,112,162,-5,-5,4,1,0,0,0,NA,NA,1,NA
2015,8,2520*A,Eriogonum umbellatum,112,162,-5,-5,5.5,2.5,0,0,0,4,1.5,1,0
2016,8,2520*A,Eriogonum umbellatum,112,162,-5,-5,9,2.5,0,0,0,5.5,3.5,1,0
2017,8,2520*A,Eriogonum umbellatum,112,162,-5,-5,14,4,9,0,0,9,5,1,0
2018,8,2520*A,Eriogonum umbellatum,112,162,-5,-5,16,3,3,0,0,14,2,1,0
2019,8,2520*A,Eriogonum umbellatum,112,162,-5,-5,19,3.5,19,0,0,16,3,1,0
2020,8,2520*A,Eriogonum umbellatum,112,162,-5,-5,21,3.5,5,0,0,19,2,1,0
2021,8,2520*A,Eriogonum umbellatum,112,162,-5,-5,22.5,1.5,34,0,0,21,1.5,1,0
2019,46,2521*A,Eriogonum umbellatum,157,105,-5,-5,1,0.5,0,0,0,NA,NA,1,1
2020,46,2521*A,Eriogonum umbellatum,157,105,-5,-5,1.3,1,0,0,0,1,0.3,1,0
2021,46,2521*A,Eriogonum umbellatum,157,105,-5,-5,1.2,1,0,0,0,1.3,-0.1,1,0
2020,1,2522*A,Eriogonum umbellatum,185.5,9.7,-5,-5,0,0,0,1,1,NA,NA,0,1
2020,1,2523*A,Lupinus argenteus,64.5,160,-5,-5,15,7.5,0,0,0,NA,NA,1,1
2021,1,2523*A,Lupinus argenteus,64.5,160,-5,-5,18,7.5,7,0,0,15,3,1,0
2020,3,2524*A,Eriogonum umbellatum,98.5,138,0,10,0,0,0,1,1,NA,NA,0,1
2020,3,2525*A,Eriogonum umbellatum,86,132,-5,-5,0,0,0,1,1,NA,NA,0,1
2020,3,2526*A,Eriogonum umbellatum,92.23375078,108.509602,-10,0,0.9,1,0,1,0,NA,NA,1,1
2020,3,2526*B,Eriogonum umbellatum,91.91726817,108.6688234,-10,0,0.9,1,0,1,1,NA,NA,0,1
2020,3,2526*C,Eriogonum umbellatum,91.20964973,107.2475761,-10,0,0.9,1,0,1,1,NA,NA,0,1
2021,3,2526*A,Eriogonum umbellatum,92,109,-10,0,0,0,0,0,0,0.9,-0.9,1,0
2020,3,2527*A,Eriogonum umbellatum,102.5,109,0,-5,0.6,1.2,0,1,0,NA,NA,1,1
2021,3,2527*A,Eriogonum umbellatum,102.5,109,0,-5,0,0,0,0,0,0.6,-0.6,1,0
2020,3,2528*A,Eriogonum umbellatum,112,119,0,-5,0,0,0,1,1,NA,NA,0,1
2020,3,2529*A,Eriogonum umbellatum,115,128,5,0,0,0,0,1,1,NA,NA,0,1
2014,16,253*A,Lupinus argenteus,122,50,-10,-10,22,18,4,0,0,NA,NA,1,NA
2015,16,253*A,Lupinus argenteus,122,50,-10,-10,25,12,6,0,0,22,3,1,0
2016,16,253*A,Lupinus argenteus,122,50,-10,-10,13,8,0,0,0,25,-12,1,0
2017,16,253*A,Lupinus argenteus,122,50,-10,-10,0,0,0,0,1,13,-13,0,0
2020,3,2530*A,Eriogonum umbellatum,110,138,0,5,0,0,0,1,1,NA,NA,0,1
2020,5,2531*A,Eriogonum umbellatum,116,50,10,0,0.7,0.9,0,1,0,NA,NA,1,1
2021,5,2531*A,Eriogonum umbellatum,116,50,10,0,0,0,0,0,0,0.7,-0.7,1,0
2020,5,2532*A,Eriogonum umbellatum,177,80,0,-5,1.4,1.4,0,1,0,NA,NA,1,1
2021,5,2532*A,Eriogonum umbellatum,177,80,0,-5,0,0,0,0,0,1.4,-1.4,1,0
2020,5,2533*A,Eriogonum umbellatum,155,110,5,0,0,0,0,1,1,NA,NA,0,1
2020,5,2534*A,Eriogonum umbellatum,180.5,118,5,0,0,0,0,1,1,NA,NA,0,1
2020,5,2535*A,Eriogonum umbellatum,134,121,5,5,0,0,0,1,1,NA,NA,0,1
2020,9,2536*A,Ivesia gordonii,190,67,0,-5,1.1,1.2,0,1,0,NA,NA,1,1
2021,9,2536*A,Ivesia gordonii,190,67,0,-5,0,0,0,0,0,1.1,-1.1,1,0
2020,8,2537*A,Heterotheca villosa,170,158,0,-5,0,0,0,1,1,NA,NA,0,1
2020,8,2538*A,Heterotheca villosa,161.5,196,0,5,0,0,0,1,1,NA,NA,0,1
2020,8,2539*A,Eriogonum umbellatum,100,156,-5,-5,0,0,0,1,1,NA,NA,0,1
2014,16,254*A,Lupinus argenteus,135,50,0,10,18,15,1,0,0,NA,NA,1,NA
2015,16,254*A,Lupinus argenteus,135,50,0,10,15,10,1,0,0,18,-3,1,0
2016,16,254*A,Lupinus argenteus,135,50,0,10,4,2,0,0,0,15,-11,1,0
2017,16,254*A,Lupinus argenteus,135,50,0,10,0,0,0,0,1,4,-4,0,0
2020,8,2540*A,Eriogonum umbellatum,113,164,5,-5,0,0,0,1,1,NA,NA,0,1
2020,6,2541*A,Senecio crassulus,147,162,-10,-10,0.6,2.5,0,1,0,NA,NA,1,1
2021,6,2541*A,Senecio crassulus,147,162,-10,-10,0,0,0,0,0,0.6,-0.6,1,0
2020,6,2542*A,Ivesia gordonii,50,145,-5,-5,0.9,0.8,0,1,0,NA,NA,1,1
2021,6,2542*A,Ivesia gordonii,50,145,-5,-5,0,0,0,0,0,0.9,-0.9,1,0
2020,6,2543*A,Eriogonum umbellatum,29,14,-5,-5,0,0,0,1,1,NA,NA,0,1
2020,6,2544*A,Eriogonum umbellatum,45,0,0,5,0,0,0,1,1,NA,NA,0,1
2020,6,2545*A,NA NA,119,45,10,-10,0,0,0,1,1,NA,NA,0,1
2020,12,2546*A,Eriogonum umbellatum,195,196.5,-5,-5,2,0.9,0,0,0,NA,NA,1,1
2021,12,2546*A,Eriogonum umbellatum,195,196.5,-5,-5,0,0,0,0,0,2,-2,1,0
2020,12,2547*A,Eriogonum umbellatum,83,115,-5,-5,0,0,0,1,1,NA,NA,0,1
2020,13,2548*A,Eriogonum umbellatum,9.5,21.5,4,18,0,0,0,1,1,NA,NA,0,1
2020,13,2549*A,Ivesia gordonii,11.5,48,-10,0,0,0,0,1,1,NA,NA,0,1
2014,16,255*A,Lupinus argenteus,123,65,0,5,13,7,0,0,0,NA,NA,1,NA
2015,16,255*A,Lupinus argenteus,123,65,0,5,11,7,0,0,0,13,-2,1,0
2016,16,255*A,Lupinus argenteus,123,65,0,5,0,0,0,0,1,11,-11,0,0
2020,13,2550*A,Ivesia gordonii,10,0.5,-5,-5,0,0,0,1,1,NA,NA,0,1
2020,13,2551*A,Chaenactis douglasii,17,12,-5,-5,1.2,0.9,0,1,0,NA,NA,1,1
2021,13,2551*A,Chaenactis douglasii,17,12,-5,-5,1.5,1,0,0,0,1.2,0.3,1,0
2020,13,2552*A,Heterotheca villosa,81,139.5,-5,-5,0,0,0,1,1,NA,NA,0,1
2020,50,2553*A,Eriogonum umbellatum,192.5,52,-5,-5,0.6,1,0,1,0,NA,NA,1,1
2021,50,2553*A,Eriogonum umbellatum,192.5,52,-5,-5,0.6,0.7,0,0,0,0.6,0,1,0
2020,49,2554*A,Eriogonum umbellatum,64,182,-5,-5,0.8,1,0,1,0,NA,NA,1,1
2021,49,2554*A,Eriogonum umbellatum,64,182,-5,-5,0,0,0,0,0,0.8,-0.8,1,0
2020,47,2555*A,Carex siccata,17,194,-5,-5,0,0,0,1,1,NA,NA,0,1
2020,47,2556*A,Senecio crassulus,8,0.5,-5,-5,0.4,0.8,0,1,0,NA,NA,1,1
2021,47,2556*A,Senecio crassulus,8,0.5,-5,-5,0,0,0,0,0,0.4,-0.4,1,0
2020,46,2557*A,NA NA,21.5,199.5,-5,-2,0,0,0,1,1,NA,NA,0,1
2020,46,2558*A,NA NA,21,197.5,0,-8,0,0,0,1,1,NA,NA,0,1
2020,46,2559*A,NA NA,22,198,0,-9,0,0,0,1,1,NA,NA,0,1
2014,16,256*A,Lupinus argenteus,131,40,-10,-10,14,13,0,0,0,NA,NA,1,NA
2015,16,256*A,Lupinus argenteus,131,40,-10,-10,16,15,4,0,0,14,2,1,0
2016,16,256*A,Lupinus argenteus,131,40,-10,-10,9,10,0,0,0,16,-7,1,0
2017,16,256*A,Lupinus argenteus,131,40,-10,-10,0,0,0,0,1,9,-9,0,0
2020,46,2560*A,NA NA,13,51,-5,-5,0,0,0,1,1,NA,NA,0,1
2020,46,2561*A,NA NA,5,18.5,5,-5,0,0,0,1,1,NA,NA,0,1
2020,46,2562*A,NA NA,2.5,24,-10,5,0,0,0,1,1,NA,NA,0,1
2020,46,2563*A,Heterotheca villosa,0,13,-5,0,0,0,0,1,1,NA,NA,0,1
2020,34,2564*A,Eriogonum umbellatum,112,59,-17,0,0.5,1.5,0,1,0,NA,NA,1,1
2021,34,2564*A,Eriogonum umbellatum,112,59,-17,0,1,0.5,0,0,0,0.5,0.5,1,0
2020,34,2565*A,Senecio crassulus,110,64,-10,-3,1.1,1.2,0,1,0,NA,NA,1,1
2021,34,2565*A,Senecio crassulus,110.1460942,63.69350126,-10,-3,1.5,2.7,0,0,0,1.1,0.4,1,0
2021,34,2565*B,Senecio crassulus,109.9482926,63.79301462,-10,-3,1.5,2.7,0,0,0,NA,NA,1,1
2020,34,2566*A,Senecio crassulus,122,65,0,5,0,0,0,1,1,NA,NA,0,1
2020,34,2567*A,Senecio crassulus,117,60,0,11,0,0,0,1,1,NA,NA,0,1
2020,34,2568*A,Eriogonum umbellatum,35,195.7,0,-5,0,0,0,1,1,NA,NA,0,1
2020,34,2569*A,Eriogonum umbellatum,79,182,-5,-5,0,0,0,1,1,NA,NA,0,1
2014,16,257*A,Lupinus argenteus,135,50,10,10,13,10,1,0,0,NA,NA,1,NA
2015,16,257*A,Lupinus argenteus,135,50,10,10,13,8,0,0,0,13,0,1,0
2016,16,257*A,Lupinus argenteus,135,50,10,10,2,1,0,0,0,13,-11,1,0
2017,16,257*A,Lupinus argenteus,135,50,10,10,0,0,0,0,1,2,-2,0,0
2020,34,2570*A,Eriogonum umbellatum,102,160,5,-5,0,0,0,1,1,NA,NA,0,1
2020,29,2571*A,Eriogonum umbellatum,65,187,0,-5,0,0,0,1,1,NA,NA,0,1
2020,29,2572*A,Eriogonum umbellatum,36.63625547,158.5672141,-5,-5,0.7,0.7,0,1,0,NA,NA,1,1
2020,29,2572*B,Eriogonum umbellatum,34.42087717,159.6817638,-5,-5,0.7,0.7,0,1,1,NA,NA,0,1
2020,29,2572*C,Eriogonum umbellatum,29.46754812,149.733033,-5,-5,0.7,0.7,0,1,1,NA,NA,0,1
2020,29,2572*D,Eriogonum umbellatum,43.12600775,172.3278909,-5,-5,0.7,0.7,0,1,1,NA,NA,0,1
2021,29,2572*A,Eriogonum umbellatum,35,162,-5,-5,0.8,0.5,0,0,0,0.7,0.1,1,0
2020,20,2573*A,Eriogonum umbellatum,42.12856293,0.730281111,-14.5,-1,0.5,1,0,1,0,NA,NA,1,1
2020,20,2573*B,Eriogonum umbellatum,41.95449749,0.817852869,-14.5,-1,0.5,1,0,1,1,NA,NA,0,1
2020,20,2573*C,Eriogonum umbellatum,41.56530735,0.036166876,-14.5,-1,0.5,1,0,1,1,NA,NA,0,1
2020,20,2573*D,Eriogonum umbellatum,42.63847204,1.811477141,-14.5,-1,0.5,1,0,1,1,NA,NA,0,1
2020,20,2573*E,Eriogonum umbellatum,41.26296694,1.455858422,-14.5,-1,0.5,1,0,1,1,NA,NA,0,1
2021,20,2573*A,Eriogonum umbellatum,42,1,-14.5,-1,0,0,0,0,0,0.5,-0.5,1,0
2020,20,2574*A,Eriogonum umbellatum,29,14.5,0,-15,0,0,0,1,1,NA,NA,0,1
2020,20,2575*A,Eriogonum umbellatum,2.5,4.5,-5,0,0.9,0.7,0,1,0,NA,NA,1,1
2021,20,2575*A,Eriogonum umbellatum,2.5,4.5,-5,0,0,0,0,0,0,0.9,-0.9,1,0
2020,20,2576*A,Ivesia gordonii,3.5,14,-5,-5,0.5,0.7,0,1,0,NA,NA,1,1
2021,20,2576*A,Ivesia gordonii,3.5,14,-5,-5,0,0,0,0,0,0.5,-0.5,1,0
2020,20,2577*A,Eriogonum umbellatum,19,34,-5,5,0.3,0.7,0,1,0,NA,NA,1,1
2021,20,2577*A,Eriogonum umbellatum,19,34,-5,5,0,0,0,0,0,0.3,-0.3,1,0
2020,20,2578*A,Eriogonum umbellatum,25,24,-5,-5,0.8,1.3,0,1,0,NA,NA,1,1
2021,20,2578*A,Eriogonum umbellatum,25,24,-5,-5,0,0,0,0,0,0.8,-0.8,1,0
2020,13,2579*A,Eriogonum umbellatum,198,185,-5,-5,0,0,0,1,1,NA,NA,0,1
2014,16,258*A,Lupinus argenteus,133,36,-10,-10,16,12,4,0,0,NA,NA,1,NA
2015,16,258*A,Lupinus argenteus,133,36,-10,-10,10,8,0,0,0,16,-6,1,0
2016,16,258*A,Lupinus argenteus,133,36,-10,-10,7,7,0,0,0,10,-3,1,0
2017,16,258*A,Lupinus argenteus,133,36,-10,-10,0,0,0,0,1,7,-7,0,0
2020,13,2580*A,Eriogonum umbellatum,142,115,-5,-5,0,0,0,1,1,NA,NA,0,1
2020,46,2581*A,Senecio crassulus,109,182.5,-5,-5,0,0,0,1,1,NA,NA,0,1
2020,46,2582*A,Heterotheca villosa,124,164,0,5,0,0,0,1,1,NA,NA,0,1
2020,46,2583*A,Eriogonum umbellatum,114,146,-5,-5,0.4,0.9,0,1,0,NA,NA,1,1
2021,46,2583*A,Eriogonum umbellatum,114,146,-5,-5,1.3,0.8,0,0,0,0.4,0.9,1,0
2020,46,2584*A,NA NA,121,149,-5,-5,0,0,0,1,1,NA,NA,0,1
2020,46,2585*A,Senecio crassulus,113,145,-5,-5,0,0,0,1,1,NA,NA,0,1
2020,36,2586*A,Eriogonum umbellatum,112,3,-5,-5,0,0,0,1,1,NA,NA,0,1
2020,36,2587*A,Eriogonum umbellatum,148,9,-5,0,0,0,0,1,1,NA,NA,0,1
2020,36,2588*A,Senecio crassulus,156,8,5,0,0,0,0,1,1,NA,NA,0,1
2020,36,2589*A,Senecio crassulus,156.5,0,5,0,0,0,0,1,1,NA,NA,0,1
2014,16,259*A,Lupinus argenteus,148,40,10,10,17,12,0,0,0,NA,NA,1,NA
2015,16,259*A,Lupinus argenteus,148,40,10,10,12,11,1,0,0,17,-5,1,0
2016,16,259*A,Lupinus argenteus,148,40,10,10,0,0,0,0,1,12,-12,0,0
2020,36,2590*A,Senecio crassulus,133,9,-5,5,0,0,0,1,1,NA,NA,0,1
2020,36,2591*A,Eriogonum umbellatum,137,5,-5,-5,0,0,0,1,1,NA,NA,0,1
2020,36,2592*A,Senecio crassulus,79,185,-5,-5,0,0,0,1,1,NA,NA,0,1
2020,36,2593*A,NA NA,81,184.5,-6,1,0,0,0,1,1,NA,NA,0,1
2020,36,2594*A,Senecio crassulus,81,180,-7,0,0,0,0,1,1,NA,NA,0,1
2020,13,2595*A,Eriogonum umbellatum,154.5701252,32.85288061,-5,-5,0.9,1.45,0,1,0,NA,NA,1,1
2020,13,2595*B,Eriogonum umbellatum,154.4751805,32.90064702,-5,-5,0.9,1.45,0,1,1,NA,NA,0,1
2021,13,2595*A,Eriogonum umbellatum,154.5,33,-5,-5,0,0,0,0,0,0.9,-0.9,1,0
2020,13,2596*A,Eriogonum umbellatum,135.5,35,-5,-5,0,0,0,1,1,NA,NA,0,1
2020,13,2597*A,Eriogonum umbellatum,155,59,0,-5,0,0,0,1,1,NA,NA,0,1
2020,13,2598*A,Eriogonum umbellatum,159,37,-5,-5,0.7,3,0,1,0,NA,NA,1,1
2021,13,2598*A,Eriogonum umbellatum,159,37,-5,-5,0,0,0,0,0,0.7,-0.7,1,0
2020,13,2599*A,Eriogonum umbellatum,123.5,47,-5,-5,0,0,0,1,1,NA,NA,0,1
2014,5,26*A,Eriogonum umbellatum,113,48,-10,-10,30,3,19,0,0,NA,NA,1,NA
2015,5,26*A,Eriogonum umbellatum,113,48,-10,-10,35,3,34,0,0,30,5,1,0
2016,5,26*A,Eriogonum umbellatum,113,48,-10,-10,35,4,30,0,0,35,0,1,0
2017,5,26*A,Eriogonum umbellatum,113,48,-10,-10,34,3,40,0,0,35,-1,1,0
2018,5,26*A,Eriogonum umbellatum,113,48,-10,-10,27,3,11,0,0,34,-7,1,0
2019,5,26*A,Eriogonum umbellatum,113,48,-10,-10,29,2,20,0,0,27,2,1,0
2020,5,26*A,Eriogonum umbellatum,113,48,-10,-10,32,2,17,0,0,29,3,1,0
2021,5,26*A,Eriogonum umbellatum,113,48,-10,-10,34,3,36,0,0,32,2,1,0
2014,16,260*A,Lupinus argenteus,147,32,-10,-10,26,16,7,0,0,NA,NA,1,NA
2015,16,260*A,Lupinus argenteus,147,32,-10,-10,17,15,2,0,0,26,-9,1,0
2016,16,260*A,Lupinus argenteus,147,32,-10,-10,8,6,0,0,0,17,-9,1,0
2017,16,260*A,Lupinus argenteus,147,32,-10,-10,0,0,0,0,1,8,-8,0,0
2020,13,2600*A,Eriogonum umbellatum,138,32.5,-5,-5,0,0,0,1,1,NA,NA,0,1
2020,13,2601*A,Eriogonum umbellatum,135,39,0,-10,0,0,0,1,1,NA,NA,0,1
2020,13,2602*A,Eriogonum umbellatum,143,64.5,1,5,0,0,0,1,1,NA,NA,0,1
2020,16,2603*A,Eriogonum umbellatum,127,35.5,-5,-5,0,0,0,1,1,NA,NA,0,1
2020,16,2604*A,Ivesia gordonii,115,33,-5,-5,0.2,0.5,0,1,0,NA,NA,1,1
2021,16,2604*A,Ivesia gordonii,115,33,-5,-5,0,0,0,0,0,0.2,-0.2,1,0
2020,16,2605*A,Eriogonum umbellatum,112,54,5,5,0,0,0,1,1,NA,NA,0,1
2020,16,2606*A,Senecio crassulus,14,193,0,5,0,0,0,1,1,NA,NA,0,1
2020,37,2607*A,Ivesia gordonii,67,49,-5,-5,0.5,0.7,0,1,0,NA,NA,1,1
2021,37,2607*A,Ivesia gordonii,67,49,-5,-5,0,0,0,0,0,0.5,-0.5,1,0
2020,37,2608*A,Ivesia gordonii,89,100,-5,-5,0.8,1.1,0,1,0,NA,NA,1,1
2021,37,2608*A,Ivesia gordonii,89,100,-5,-5,0,0,0,0,0,0.8,-0.8,1,0
2020,37,2609*A,Lupinus argenteus,63,100,-5,-5,0,0,0,1,1,NA,NA,0,1
2014,16,261*A,Lupinus argenteus,162,40,0,-5,27,11,0,0,0,NA,NA,1,NA
2015,16,261*A,Lupinus argenteus,162,40,0,-5,14,10,0,0,0,27,-13,1,0
2016,16,261*A,Lupinus argenteus,162,40,0,-5,0,0,0,0,1,14,-14,0,0
2020,37,2610*A,Ivesia gordonii,71,113,-5,-5,0,0,0,1,1,NA,NA,0,1
2020,37,2611*A,Lupinus argenteus,87,131,-5,-5,0,0,0,1,1,NA,NA,0,1
2020,37,2612*A,Ivesia gordonii,110.5,115,-5,-5,0,0,0,1,1,NA,NA,0,1
2020,37,2613*A,Lupinus argenteus,188,143,-5,-5,3,3.5,0,1,0,NA,NA,1,1
2021,37,2613*A,Lupinus argenteus,188,143,-5,-5,6,4,0,0,0,3,3,1,0
2020,37,2614*A,Senecio crassulus,111.2045319,166.5709018,0,10,0.4,1,0,1,0,NA,NA,1,1
2020,37,2614*B,Senecio crassulus,110.9276096,166.7102205,0,10,0.4,1,0,1,1,NA,NA,0,1
2021,37,2614*A,Senecio crassulus,111,167,0,10,0,0,0,0,0,0.4,-0.4,1,0
2020,20,2615*A,Eriogonum umbellatum,176.5,187,-5,5,0.3,0.6,0,1,0,NA,NA,1,1
2021,20,2615*A,Eriogonum umbellatum,176.5,187,-5,5,0.3,0.2,0,0,0,0.3,0,1,0
2020,20,2616*A,NA NA,173.5,181.5,-5,5,0,0,0,1,1,NA,NA,0,1
2020,20,2617*A,Eriogonum umbellatum,149.1168754,157.754801,-5,0,0.9,0.8,0,1,0,NA,NA,1,1
2020,20,2617*B,Eriogonum umbellatum,148.9586341,157.8344117,-5,0,0.9,0.8,0,1,1,NA,NA,0,1
2021,20,2617*A,Eriogonum umbellatum,149,158,-5,0,0.6,0.2,0,0,0,0.9,-0.3,1,0
2020,20,2618*A,Senecio crassulus,140.5,153.5,0,5,0,0,0,1,1,NA,NA,0,1
2020,20,2619*A,Heterotheca villosa,13,162.5,-5,-5,1.1,0.7,0,1,0,NA,NA,1,1
2021,20,2619*A,Heterotheca villosa,13,162.5,-5,-5,0,0,0,0,0,1.1,-1.1,1,0
2014,16,262*A,Lupinus argenteus,195,60,-10,-10,28,20,4,0,0,NA,NA,1,NA
2015,16,262*A,Lupinus argenteus,195,60,-10,-10,0,0,0,0,1,28,-28,0,0
2020,20,2620*A,Ivesia gordonii,57.5,139,-5,-5,0.4,0.6,0,1,0,NA,NA,1,1
2021,20,2620*A,Ivesia gordonii,57.5,139,-5,-5,1.5,1,0,0,0,0.4,1.1,1,0
2020,20,2621*A,Senecio crassulus,124,96,-5,-5,0,0,0,1,1,NA,NA,0,1
2020,20,2622*A,Eriogonum umbellatum,37,67,-5,-5,1.4,1.7,0,1,0,NA,NA,1,1
2021,20,2622*A,Eriogonum umbellatum,37,67,-5,-5,0,0,0,0,0,1.4,-1.4,1,0
2020,20,2623*A,Senecio crassulus,46.5,72,5,-5,1,3.5,0,1,0,NA,NA,1,1
2021,20,2623*A,Senecio crassulus,46.5,72,5,-5,1.5,3,0,0,0,1,0.5,1,0
2020,20,2624*A,Eriogonum umbellatum,4,95.5,0,5,0.9,1.1,0,1,0,NA,NA,1,1
2021,20,2624*A,Eriogonum umbellatum,4,95.5,0,5,0,0,0,0,0,0.9,-0.9,1,0
2020,20,2625*A,Senecio crassulus,6,82,5,1,0.4,1.9,0,1,0,NA,NA,1,1
2021,20,2625*A,Senecio crassulus,6,82,5,1,0,0,0,0,0,0.4,-0.4,1,0
2020,20,2626*A,Eriogonum umbellatum,13.5,55,5,-5,0.6,1,0,1,0,NA,NA,1,1
2021,20,2626*A,Eriogonum umbellatum,13.5,55,5,-5,0,0,0,0,0,0.6,-0.6,1,0
2020,20,2627*A,Eriogonum umbellatum,17,64,5,-5,0.5,1.5,0,1,0,NA,NA,1,1
2021,20,2627*A,Eriogonum umbellatum,17,64,5,-5,0,0,0,0,0,0.5,-0.5,1,0
2020,26,2628*A,Eriogonum umbellatum,63,61.5,-5,-5,0,0,0,1,1,NA,NA,0,1
2020,42,2629*A,Senecio crassulus,0,71,5,-5,0.3,0.8,0,1,0,NA,NA,1,1
2021,42,2629*A,Senecio crassulus,0,71,5,-5,0,0,0,0,0,0.3,-0.3,1,0
2014,16,263*A,Lupinus argenteus,175,85,-10,-10,37,16,9,0,0,NA,NA,1,NA
2015,16,263*A,Lupinus argenteus,175,85,-10,-10,9,8,1,0,0,37,-28,1,0
2016,16,263*A,Lupinus argenteus,175,85,-10,-10,3,2,0,0,0,9,-6,1,0
2017,16,263*A,Lupinus argenteus,175,85,-10,-10,0,0,0,0,1,3,-3,0,0
2020,41,2630*A,Ivesia gordonii,11.5,9,-5,-5,0,0,0,1,1,NA,NA,0,1
2020,41,2631*A,Ivesia gordonii,4,26,-5,-5,0,0,0,1,1,NA,NA,0,1
2020,41,2632*A,Eriogonum umbellatum,179.5,8.5,-5,-5,0,0,0,1,1,NA,NA,0,1
2020,41,2633*A,Ivesia gordonii,89.5,35,-5,5,0,0,0,1,1,NA,NA,0,1
2020,41,2634*A,Senecio crassulus,3,114.5,0,10,0,0,0,1,1,NA,NA,0,1
2020,41,2635*A,NA NA,38,102.5,-5,-5,0,0,0,1,1,NA,NA,0,1
2020,41,2636*A,NA NA,40,112.5,-5,-5,0,0,0,1,1,NA,NA,0,1
2020,41,2637*A,Eriogonum umbellatum,36,98.5,-5,-5,0,0,0,1,1,NA,NA,0,1
2020,36,2638*A,Eriogonum umbellatum,93,195,0,6,0,0,0,1,1,NA,NA,0,1
2020,36,2639*A,Eriogonum umbellatum,81,173,-15,0,0,0,0,1,1,NA,NA,0,1
2014,16,264*A,Lupinus argenteus,175,100,-10,-10,5,6,0,0,0,NA,NA,1,NA
2015,16,264*A,Lupinus argenteus,175,100,-10,-10,0,0,0,0,1,5,-5,0,0
2020,36,2640*A,Arnica latifolia,100.0642815,155.3651406,4,-1,0.5,2.7,0,1,0,NA,NA,1,1
2020,36,2640*B,Arnica latifolia,99.97724875,155.4089264,4,-1,0.5,2.7,0,1,1,NA,NA,0,1
2021,36,2640*A,Arnica latifolia,100,155.5,4,-1,0,0,0,0,0,0.5,-0.5,1,0
2020,36,2641*A,Eriogonum umbellatum,93,176,3,3,0,0,0,1,1,NA,NA,0,1
2020,41,2642*A,NA NA,157,183,-5,-1,0,0,0,1,1,NA,NA,0,1
2020,41,2643*A,Senecio crassulus,151,175,-7,-3,0.3,1.5,0,1,0,NA,NA,1,1
2021,41,2643*A,Senecio crassulus,151,175,-7,-3,0,0,0,0,0,0.3,-0.3,1,0
2020,41,2644*A,Heterotheca villosa,165.1051879,188.7793209,-4,-1,0.6,0.5,0,1,0,NA,NA,1,1
2020,41,2644*B,Heterotheca villosa,164.9627707,188.8509705,-4,-1,0.6,0.5,0,1,1,NA,NA,0,1
2021,41,2644*A,Heterotheca villosa,165,189,-4,-1,0,0,0,0,0,0.6,-0.6,1,0
2020,41,2645*A,Eriogonum umbellatum,167.9350031,174.0384081,3,-2,0.4,2.1,0,1,0,NA,NA,1,1
2020,41,2645*B,Eriogonum umbellatum,166.6690727,174.6752936,3,-2,0.4,2.1,0,1,1,NA,NA,0,1
2020,41,2645*C,Eriogonum umbellatum,163.8385989,168.9903046,3,-2,0.4,2.1,0,1,1,NA,NA,0,1
2020,41,2645*D,Eriogonum umbellatum,171.643433,181.9016519,3,-2,0.4,2.1,0,1,1,NA,NA,0,1
2020,41,2645*E,Eriogonum umbellatum,161.6397596,179.315334,3,-2,0.4,2.1,0,1,1,NA,NA,0,1
2020,41,2645*F,Eriogonum umbellatum,161.8169532,180.1917014,3,-2,0.4,2.1,0,1,1,NA,NA,0,1
2020,41,2645*G,Eriogonum umbellatum,168.9922851,180.8131523,3,-2,0.4,2.1,0,1,1,NA,NA,0,1
2021,41,2645*A,Eriogonum umbellatum,167,176,3,-2,1.5,1.5,0,0,0,0.4,1.1,1,0
2020,14,2646*A,Ivesia gordonii,71,45,-5,-5,0,0,0,1,1,NA,NA,0,1
2020,14,2647*A,Eriogonum umbellatum,84,49,0,-5,0,0,0,1,1,NA,NA,0,1
2020,14,2648*A,Eriogonum umbellatum,84,51,-1,-9,0,0,0,1,1,NA,NA,0,1
2020,14,2649*A,Eriogonum umbellatum,87,82,-5,-5,0,0,0,1,1,NA,NA,0,1
2014,16,265*A,Lupinus argenteus,155,85,-10,-10,13,10,0,0,0,NA,NA,1,NA
2015,16,265*A,Lupinus argenteus,155,85,-10,-10,11,8,0,0,0,13,-2,1,0
2016,16,265*A,Lupinus argenteus,155,85,-10,-10,0,0,0,0,1,11,-11,0,0
2020,14,2650*A,Eriogonum umbellatum,87,84,-5,-5,0,0,0,1,1,NA,NA,0,1
2020,14,2651*A,Eriogonum umbellatum,144,118.5,0,5,0,0,0,1,1,NA,NA,0,1
2020,14,2652*A,Eriogonum umbellatum,155,134,2,1,0,0,0,1,1,NA,NA,0,1
2020,14,2653*A,Elymus lanceolatus,143,77.5,5,-5,0,0,0,1,1,NA,NA,0,1
2020,8,2654*A,Heterotheca villosa,160,166,-2,-5,0,0,0,1,1,NA,NA,0,1
2020,14,2655*A,Eriogonum umbellatum,143,70,-5,0,0,0,0,1,1,NA,NA,0,1
2020,15,2656*A,Ivesia gordonii,68,188,-5,-5,0,0,0,1,1,NA,NA,0,1
2020,19,2657*A,Ivesia gordonii,54,11.5,-5,-5,0,0,0,1,1,NA,NA,0,1
2020,19,2658*A,Eriogonum umbellatum,66,25,-5,10,0.5,1.4,0,1,0,NA,NA,1,1
2021,19,2658*A,Eriogonum umbellatum,66,25,-5,10,0,0,0,0,0,0.5,-0.5,1,0
2020,19,2659*A,Elymus lanceolatus,102,12,-5,-5,0,0,0,1,1,NA,NA,0,1
2014,16,266*A,Lupinus argenteus,155,90,-10,0,13,12,2,0,0,NA,NA,1,NA
2015,16,266*A,Lupinus argenteus,155,90,-10,0,12,9,0,0,0,13,-1,1,0
2016,16,266*A,Lupinus argenteus,155,90,-10,0,0,0,0,0,1,12,-12,0,0
2020,19,2660*A,Eriogonum umbellatum,70,28,0,5,0.6,1,0,1,0,NA,NA,1,1
2021,19,2660*A,Eriogonum umbellatum,70,28,0,5,0,0,0,0,0,0.6,-0.6,1,0
2020,19,2661*A,Eriogonum umbellatum,164,66,-5,-5,0,0,0,1,1,NA,NA,0,1
2020,19,2662*A,Eriogonum umbellatum,119,172,0,-5,0,0,0,1,1,NA,NA,0,1
2020,19,2663*A,Elymus lanceolatus,119,180,0,12,0,0,0,1,1,NA,NA,0,1
2020,19,2663A*A,NA NA,121.5,156.5,0,12,0,0,0,1,1,NA,NA,0,1
2020,19,2664*A,Senecio crassulus,111,85,0,-5,0,0,0,1,1,NA,NA,0,1
2020,19,2666*A,Eriogonum umbellatum,117,160,-5,-5,0,0,0,1,1,NA,NA,0,1
2020,19,2667*A,Eriogonum umbellatum,43,128,-5,-5,0.8,1,0,1,0,NA,NA,1,1
2021,19,2667*A,Eriogonum umbellatum,43,128,-5,-5,0,0,0,0,0,0.8,-0.8,1,0
2020,19,2668*A,NA NA,112.5,98,5,-5,0,0,0,1,1,NA,NA,0,1
2020,19,2669*A,Eriogonum umbellatum,105,128,-5,-5,0,0,0,1,1,NA,NA,0,1
2014,16,267*A,Lupinus argenteus,152,100,-5,0,15,13,2,0,0,NA,NA,1,NA
2015,16,267*A,Lupinus argenteus,152,100,-5,0,9,7,0,0,0,15,-6,1,0
2016,16,267*A,Lupinus argenteus,152,100,-5,0,0,0,0,0,1,9,-9,0,0
2020,19,2670*A,Ivesia gordonii,121.9057843,80.09970783,-5,-5,0.6,0.6,0,1,0,NA,NA,1,1
2020,19,2670*B,Ivesia gordonii,120.6794141,80.71669067,-5,-5,0.6,0.6,0,1,1,NA,NA,0,1
2020,19,2670*C,Ivesia gordonii,117.9373927,75.20935754,-5,-5,0.6,0.6,0,1,1,NA,NA,0,1
2020,19,2670*D,Ivesia gordonii,125.4983257,87.71722531,-5,-5,0.6,0.6,0,1,1,NA,NA,0,1
2021,19,2670*A,Ivesia gordonii,121,82,-5,-5,0,0,0,0,0,0.6,-0.6,1,0
2020,19,2671*A,NA NA,113,77,0,-5,0,0,0,1,1,NA,NA,0,1
2020,18,2672*A,Ivesia gordonii,190,156,0,-5,0,0,0,1,1,NA,NA,0,1
2020,18,2673*A,Elymus lanceolatus,187,160.5,5,0,0,0,0,1,1,NA,NA,0,1
2020,18,2674*A,Ivesia gordonii,168,159,-5,-5,0,0,0,1,1,NA,NA,0,1
2020,18,2675*A,Ivesia gordonii,100,164,-5,-5,0,0,0,1,1,NA,NA,0,1
2020,18,2676*A,Eriogonum umbellatum,47,86,-5,0,0,0,0,1,1,NA,NA,0,1
2020,18,2677*A,Elymus lanceolatus,41,85.3,-5,0,0,0,0,1,1,NA,NA,0,1
2020,18,2678*A,Eriogonum umbellatum,48,88,0,5,0,0,0,1,1,NA,NA,0,1
2020,18,2679*A,Eriogonum umbellatum,54,63.5,-5,-5,0,0,0,1,1,NA,NA,0,1
2014,16,268*A,Lupinus argenteus,145,120,-10,-10,25,11,2,0,0,NA,NA,1,NA
2015,16,268*A,Lupinus argenteus,145,120,-10,-10,0,0,0,0,1,25,-25,0,0
2020,18,2680*A,Eriogonum umbellatum,46,63.5,2,-2,0,0,0,1,1,NA,NA,0,1
2020,18,2681*A,Eriogonum umbellatum,60,67,-5,-5,0,0,0,1,1,NA,NA,0,1
2020,18,2682*A,Eriogonum umbellatum,113,28,0.9,0.1,0,0,0,1,1,NA,NA,0,1
2020,18,2683*A,Ivesia gordonii,155,4,-5,-5,0,0,0,1,1,NA,NA,0,1
2020,18,2684*A,Ivesia gordonii,167,86,-5,-5,0.4,0.3,0,1,0,NA,NA,1,1
2021,18,2684*A,Ivesia gordonii,167,86,-5,-5,0,0,0,0,0,0.4,-0.4,1,0
2020,17,2685*A,Eriogonum umbellatum,29,57,5,-5,0,0,0,1,1,NA,NA,0,1
2020,17,2686*A,Eriogonum umbellatum,9,45.5,-5,-5,0,0,0,1,1,NA,NA,0,1
2020,17,2687*A,Eriogonum umbellatum,8,51,-5,-5,1.6,0.9,0,1,0,NA,NA,1,1
2021,17,2687*A,Eriogonum umbellatum,8,51,-5,-5,0,0,0,0,0,1.6,-1.6,1,0
2020,17,2688*A,Eriogonum umbellatum,14,52.5,15,-2,0,0,0,1,1,NA,NA,0,1
2020,17,2689*A,Eriogonum umbellatum,13,85.5,0,5,0,0,0,1,1,NA,NA,0,1
2014,16,269*A,Lupinus argenteus,160,115,-10,-10,12,11,1,0,0,NA,NA,1,NA
2015,16,269*A,Lupinus argenteus,160,115,-10,-10,12,2,0,0,0,12,0,1,0
2016,16,269*A,Lupinus argenteus,160,115,-10,-10,9,5,0,0,0,12,-3,1,0
2017,16,269*A,Lupinus argenteus,160,115,-10,-10,0,0,0,0,1,9,-9,0,0
2020,17,2690*A,Eriogonum umbellatum,22,81,-2,9,0,0,0,1,1,NA,NA,0,1
2020,17,2691*A,Eriogonum umbellatum,19.11687539,76.75480101,3,1,0.4,1.2,0,1,0,NA,NA,1,1
2020,17,2691*B,Eriogonum umbellatum,18.95863408,76.8344117,3,1,0.4,1.2,0,1,1,NA,NA,0,1
2021,17,2691*A,Eriogonum umbellatum,19,77,3,1,0,0,0,0,0,0.4,-0.4,1,0
2020,17,2692*A,Eriogonum umbellatum,25,82.5,0,13,2.5,1.2,0,1,0,NA,NA,1,1
2021,17,2692*A,Eriogonum umbellatum,25,82.5,0,13,0,0,0,0,0,2.5,-2.5,1,0
2020,17,2693*A,Viola praemorsa,96.5,15,-5,-5,0,0,0,1,1,NA,NA,0,1
2020,16,2694*A,Ivesia gordonii,103,35,-5,-5,0,0,0,1,1,NA,NA,0,1
2020,21,2695*A,Eriogonum umbellatum,35.5,118,5,-5,0,0,0,1,1,NA,NA,0,1
2020,21,2696*A,NA NA,134,11,-5,-5,0,0,0,1,1,NA,NA,0,1
2020,21,2697*A,Eriogonum umbellatum,155,193,5,5,0,0,0,1,1,NA,NA,0,1
2020,21,2698*A,Elymus lanceolatus,155,189.5,3,11,0,0,0,1,1,NA,NA,0,1
2020,22,2699*A,Senecio crassulus,54,1,-5,-5,0,0,0,1,1,NA,NA,0,1
2014,5,27*A,Ivesia gordonii,200,20,-10,-10,9,2,0,0,0,NA,NA,1,NA
2015,5,27*A,Ivesia gordonii,200,20,-10,-10,8.5,4.5,9,0,0,9,-0.5,1,0
2016,5,27*A,Ivesia gordonii,200,20,-10,-10,8.2,1.5,7,0,0,8.5,-0.3,1,0
2017,5,27*A,Ivesia gordonii,200,20,-10,-10,0,0,0,0,1,8.2,-8.2,0,0
2014,16,270*A,Lupinus argenteus,175,115,-10,-10,8,6,0,0,0,NA,NA,1,NA
2015,16,270*A,Lupinus argenteus,175,115,-10,-10,0,0,0,0,1,8,-8,0,0
2020,24,2700*A,Ivesia gordonii,1,104,-5,0,0,0,0,1,1,NA,NA,0,1
2020,31,2701*A,Eriogonum umbellatum,92,5,-5,-5,0,0,0,1,1,NA,NA,0,1
2020,31,2702*A,NA NA,106,1,0,-7,0,0,0,1,1,NA,NA,0,1
2020,23,2703*A,Ivesia gordonii,90.5,3,-5,-5,0.4,0.6,0,1,0,NA,NA,1,1
2021,23,2703*A,Ivesia gordonii,90.5,3,-5,-5,0,0,0,0,0,0.4,-0.4,1,0
2020,31,2704*A,Poa stenantha,96,1.5,-1,-5,0,0,0,1,1,NA,NA,0,1
2020,23,2705*A,Eriogonum umbellatum,189,35,-5,-5,0,0,0,1,1,NA,NA,0,1
2020,31,2706*A,NA NA,75,27,-5,-5,0,0,0,1,1,NA,NA,0,1
2020,31,2706A*A,Senecio crassulus,79,12,-5,-5,0,0,0,1,1,NA,NA,0,1
2020,31,2707*A,Eriogonum umbellatum,118,33,-5,-5,0.5,0.9,0,1,0,NA,NA,1,1
2021,31,2707*A,Eriogonum umbellatum,118,33,-5,-5,0.5,0.5,0,0,0,0.5,0,1,0
2020,23,2708*A,Eriogonum umbellatum,189,53,-5,-5,0.8,1.3,0,1,0,NA,NA,1,1
2021,23,2708*A,Eriogonum umbellatum,189,53,-5,-5,0,0,0,0,0,0.8,-0.8,1,0
2020,23,2709*A,Eriogonum umbellatum,196,50,5.5,0,0,0,0,1,1,NA,NA,0,1
2014,16,271*A,Lupinus argenteus,155,130,-10,-10,24,12,2,0,0,NA,NA,1,NA
2015,16,271*A,Lupinus argenteus,155,130,-10,-10,14,9,0,0,0,24,-10,1,0
2016,16,271*A,Lupinus argenteus,155,130,-10,-10,0,0,0,0,1,14,-14,0,0
2020,23,2710*A,NA NA,198,78,0,4,0,0,0,1,1,NA,NA,0,1
2020,23,2711*A,Eriogonum umbellatum,193.2045319,60.57090177,0,6,0.5,1.3,0,1,0,NA,NA,1,1
2020,23,2711*B,Eriogonum umbellatum,192.9276096,60.71022047,0,6,0.5,1.3,0,1,1,NA,NA,0,1
2021,23,2711*A,Eriogonum umbellatum,193,61,0,6,0,0,0,0,0,0.5,-0.5,1,0
2020,23,2712*A,Eriogonum umbellatum,190,68.5,0,5,0,0,0,1,1,NA,NA,0,1
2020,23,2713*A,Eriogonum umbellatum,173,67.5,-5,0,0,0,0,1,1,NA,NA,0,1
2020,23,2714*A,Eriogonum umbellatum,182.5,75.5,-1,8,0,0,0,1,1,NA,NA,0,1
2020,22,2715*A,Eriogonum umbellatum,158,21.5,1,-2,0,0,0,1,1,NA,NA,0,1
2020,22,2716*A,Eriogonum umbellatum,164,5,-5,-5,0.7,0.8,0,1,0,NA,NA,1,1
2021,22,2716*A,Eriogonum umbellatum,164,5,-5,-5,0,0,0,0,0,0.7,-0.7,1,0
2020,22,2717*A,Eriogonum umbellatum,155,27,-5,-5,0.8,1.5,0,1,0,NA,NA,1,1
2021,22,2717*A,Eriogonum umbellatum,155,27,-5,-5,1.5,1,0,0,0,0.8,0.7,1,0
2020,22,2718*A,Eriogonum umbellatum,152.4090639,21.14180353,-5,-5,0.7,1.8,0,1,0,NA,NA,1,1
2020,22,2718*B,Eriogonum umbellatum,151.8552193,21.42044095,-5,-5,0.7,1.8,0,1,0,NA,NA,1,1
2020,22,2718*C,Eriogonum umbellatum,150.616887,18.93325824,-5,-5,0.7,1.8,0,1,0,NA,NA,1,1
2021,22,2718*A,Eriogonum umbellatum,152.3506262,21.26440303,-5,-5,0.7,0.5,0,0,0,0.7,0,1,0
2021,22,2718*B,Eriogonum umbellatum,151.8759023,21.5032351,-5,-5,0.7,0.5,0,0,0,0.7,0,1,0
2021,22,2718*C,Eriogonum umbellatum,150.8144746,19.37136421,-5,-5,0.7,0.5,0,0,0,0.7,0,1,0
2020,22,2719*A,Elymus lanceolatus,166,37,5,-5,0,0,0,1,1,NA,NA,0,1
2014,16,272*A,Lupinus argenteus,190,115,-10,-10,10,6,0,0,0,NA,NA,1,NA
2015,16,272*A,Lupinus argenteus,190,115,-10,-10,7,4,0,0,0,10,-3,1,0
2016,16,272*A,Lupinus argenteus,190,115,-10,-10,0,0,0,0,1,7,-7,0,0
2020,22,2720*A,Eriogonum umbellatum,120,35,-5,-5,0.3,0.9,0,1,0,NA,NA,1,1
2021,22,2720*A,Eriogonum umbellatum,120,35,-5,-5,0,0,0,0,0,0.3,-0.3,1,0
2020,22,2721*A,Eriogonum umbellatum,142,33,-5,-5,0.8,1.6,0,1,0,NA,NA,1,1
2021,22,2721*A,Eriogonum umbellatum,142,33,-5,-5,0,0,0,0,0,0.8,-0.8,1,0
2020,22,2722*A,NA NA,123,39,1,-19,0,0,0,1,1,NA,NA,0,1
2019,22,2723*A,Chaenactis douglasii,114,25,-5,-5,0.8,2,0,0,0,NA,NA,1,1
2020,22,2723*A,Chaenactis douglasii,114,25,-5,-5,0.8,2,0,0,0,0.8,0,1,0
2021,22,2723*A,Chaenactis douglasii,114,25,-5,-5,0,0,0,0,0,0.8,-0.8,1,0
2020,22,2724*A,Eriogonum umbellatum,110,22.5,-5,-5,0,0,0,1,1,NA,NA,0,1
2020,22,2725*A,Eriogonum umbellatum,118,34,6,0,0.3,0.8,0,1,0,NA,NA,1,1
2021,22,2725*A,Eriogonum umbellatum,118,34,6,0,0,0,0,0,0,0.3,-0.3,1,0
2020,22,2726*A,Eriogonum umbellatum,51,7,-5,-5,0,0,0,1,1,NA,NA,0,1
2020,22,2727*A,Eriogonum umbellatum,81,51.5,-5,-5,0,0,0,1,1,NA,NA,0,1
2020,22,2728*A,Eriogonum umbellatum,44,30.5,-5,-5,0,0,0,1,1,NA,NA,0,1
2020,22,2729*A,Eriogonum umbellatum,17,76,5,-5,0,0,0,1,1,NA,NA,0,1
2014,16,273*A,Lupinus argenteus,180,130,-10,-10,13,7,0,0,0,NA,NA,1,NA
2015,16,273*A,Lupinus argenteus,180,130,-10,-10,0,0,0,0,1,13,-13,0,0
2020,24,2730*A,Eriogonum umbellatum,121.5,6,8,-1,0,0,0,1,1,NA,NA,0,1
2020,24,2731*A,NA NA,101,199,3,0,0,0,0,1,1,NA,NA,0,1
2020,24,2732*A,Eriogonum umbellatum,67,187,-5,-5,0.4,1.4,0,1,0,NA,NA,1,1
2021,24,2732*A,Eriogonum umbellatum,67,187,-5,-5,1,0.5,0,0,0,0.4,0.6,1,0
2020,24,2733*A,Eriogonum umbellatum,88,196,10,9,0,0,0,1,1,NA,NA,0,1
2020,24,2734*A,Chaenactis douglasii,69.76296963,191.9483023,-6.5,-1,0.4,1.3,0,1,0,NA,NA,1,1
2020,24,2734*B,Chaenactis douglasii,69.40692669,192.1274263,-6.5,-1,0.4,1.3,0,1,1,NA,NA,0,1
2021,24,2734*A,Chaenactis douglasii,69.5,192.5,-6.5,-1,0,0,0,0,0,0.4,-0.4,1,0
2020,24,2735*A,Eriogonum umbellatum,62,166,-5,5,0.3,1,0,1,0,NA,NA,1,1
2021,24,2735*A,Eriogonum umbellatum,62,166,-5,5,0,0,0,0,0,0.3,-0.3,1,0
2020,46,2736*A,NA NA,59,12,-5,-5,0,0,0,1,1,NA,NA,0,1
2020,46,2737*A,Senecio crassulus,56,3,-5,-5,0.4,2.3,0,1,0,NA,NA,1,1
2021,46,2737*A,Senecio crassulus,56,3,-5,-5,0,0,0,0,0,0.4,-0.4,1,0
2020,46,2738*A,Eriogonum umbellatum,53,18,-5,-5,0,0,0,1,1,NA,NA,0,1
2020,46,2739*A,NA NA,129,15,-5,-5,0,0,0,1,1,NA,NA,0,1
2014,16,274*A,Lupinus argenteus,185,150,-10,-10,10,6,0,0,0,NA,NA,1,NA
2015,16,274*A,Lupinus argenteus,185,150,-10,-10,13,8.5,0,0,0,10,3,1,0
2016,16,274*A,Lupinus argenteus,185,150,-10,-10,11,8,0,0,0,13,-2,1,0
2017,16,274*A,Lupinus argenteus,185,150,-10,-10,0,0,0,0,1,11,-11,0,0
2020,46,2740*A,Agoseris glauca,198,17,-5,-5,0.4,1.5,0,1,0,NA,NA,1,1
2021,46,2740*A,Agoseris glauca,198,17,-5,-5,0,0,0,0,0,0.4,-0.4,1,0
2020,46,2741*A,Eriogonum umbellatum,200,34,-5,5,0.9,0.2,0,1,0,NA,NA,1,1
2021,46,2741*A,Eriogonum umbellatum,200,34,-5,5,0,0,0,0,0,0.9,-0.9,1,0
2020,46,2742*A,Agoseris glauca,199,39,-5,-5,0.3,0.7,0,1,0,NA,NA,1,1
2021,46,2742*A,Agoseris glauca,199,39,-5,-5,0,0,0,0,0,0.3,-0.3,1,0
2020,46,2743*A,Eriogonum umbellatum,199,61,-5,-5,0,0,0,1,1,NA,NA,0,1
2020,46,2744*A,Senecio crassulus,126.379845,41.20310328,-5,-5,0.4,1.6,0,1,0,NA,NA,1,1
2020,46,2744*B,Senecio crassulus,125.8655608,41.46183802,-5,-5,0.4,1.6,0,1,1,NA,NA,0,1
2020,46,2744*C,Senecio crassulus,124.7156808,39.15231123,-5,-5,0.4,1.6,0,1,1,NA,NA,0,1
2020,46,2744*D,Senecio crassulus,127.8863947,44.3975461,-5,-5,0.4,1.6,0,1,1,NA,NA,0,1
2020,46,2744*E,Senecio crassulus,123.8224023,43.34685443,-5,-5,0.4,1.6,0,1,1,NA,NA,0,1
2020,46,2744*F,Senecio crassulus,123.8943873,43.70287869,-5,-5,0.4,1.6,0,1,1,NA,NA,0,1
2021,46,2744*A,Senecio crassulus,126,42,-5,-5,0,0,0,0,0,0.4,-0.4,1,0
2020,46,2745*A,Senecio crassulus,135,42,5,-5,0.4,1.5,0,1,0,NA,NA,1,1
2021,46,2745*A,Senecio crassulus,135,42,5,-5,0,0,0,0,0,0.4,-0.4,1,0
2020,46,2746*A,Eriogonum umbellatum,127,41,-5,-5,0.7,1.2,0,1,0,NA,NA,1,1
2021,46,2746*A,Eriogonum umbellatum,127,41,-5,-5,0,0,0,0,0,0.7,-0.7,1,0
2020,46,2747*A,Agoseris glauca,120,44,-5,-5,0.9,2.7,0,1,0,NA,NA,1,1
2021,46,2747*A,Agoseris glauca,120,44,-5,-5,0,0,0,0,0,0.9,-0.9,1,0
2020,46,2748*A,Arenaria congesta,125,92,-5,5,0,0,0,1,1,NA,NA,0,1
2020,46,2749*A,Agoseris glauca,112.6753131,75.63220151,-5,-5,0.4,3,0,1,0,NA,NA,1,1
2020,46,2749*B,Agoseris glauca,112.4379511,75.75161755,-5,-5,0.4,3,0,1,1,NA,NA,0,1
2021,46,2749*A,Agoseris glauca,112.5,76,-5,-5,0,0,0,0,0,0.4,-0.4,1,0
2014,16,275*A,Ivesia gordonii,158,171,-10,-10,3,2,0,0,0,NA,NA,1,NA
2015,16,275*A,Ivesia gordonii,158,171,-10,-10,1,0.8,0,0,0,3,-2,1,0
2016,16,275*A,Ivesia gordonii,158,171,-10,-10,7,5,1,0,0,1,6,1,0
2017,16,275*A,Ivesia gordonii,158,171,-10,-10,10,7,8,0,0,7,3,1,0
2018,16,275*A,Ivesia gordonii,158,171,-10,-10,9,4.5,14,0,0,10,-1,1,0
2019,16,275*A,Ivesia gordonii,158,171,-10,-10,15,7.5,10,0,0,9,6,1,0
2020,16,275*A,Ivesia gordonii,158,171,-10,-10,15.5,10,7,0,0,15,0.5,1,0
2021,16,275*A,Ivesia gordonii,158,171,-10,-10,14,7.5,0,0,0,15.5,-1.5,1,0
2020,46,2750*A,Arenaria congesta,186.8181277,106.2836071,-5,-5,0.3,0.8,0,1,0,NA,NA,1,1
2020,46,2750*B,Arenaria congesta,185.7104386,106.8408819,-5,-5,0.3,0.8,0,1,0,NA,NA,1,1
2020,46,2750*C,Arenaria congesta,183.2337741,101.8665165,-5,-5,0.3,0.8,0,1,0,NA,NA,1,1
2021,46,2750*A,Arenaria congesta,186.75969,106.4062066,-5,-5,0.7,0.5,0,0,0,0.3,0.4,1,0
2021,46,2750*B,Arenaria congesta,185.7311215,106.923676,-5,-5,0.7,0.5,0,0,0,0.3,0.4,1,0
2021,46,2750*C,Arenaria congesta,183.4313616,102.3046225,-5,-5,0.7,0.5,0,0,0,0.3,0.4,1,0
2021,46,2750*D,Arenaria congesta,189.7727893,112.7950922,-5,-5,0.7,0.5,0,0,0,NA,NA,1,1
2021,46,2750*E,Arenaria congesta,181.6448046,110.6937089,-5,-5,0.7,0.5,0,0,0,NA,NA,1,1
2021,46,2750*F,Arenaria congesta,181.7887745,111.4057574,-5,-5,0.7,0.5,0,0,0,NA,NA,1,1
2021,46,2750*G,Arenaria congesta,187.6187316,111.9106862,-5,-5,0.7,0.5,0,0,0,NA,NA,1,1
2021,46,2750*H,Arenaria congesta,181.6264251,106.457851,-5,-5,0.7,0.5,0,0,0,NA,NA,1,1
2021,46,2750*I,Arenaria congesta,188.9076221,103.6140782,-5,-5,0.7,0.5,0,0,0,NA,NA,1,1
2021,46,2750*J,Arenaria congesta,186.2649638,111.7562692,-5,-5,0.7,0.5,0,0,0,NA,NA,1,1
2021,46,2750*K,Arenaria congesta,187.7490681,114.0795537,-5,-5,0.7,0.5,0,0,0,NA,NA,1,1
2020,46,2751*A,Arenaria congesta,188.5778178,79.68981363,5,-5,0.7,0.5,0,1,0,NA,NA,1,1
2020,46,2751*B,Arenaria congesta,186.4415601,80.76455794,5,-5,0.7,0.5,0,1,0,NA,NA,1,1
2020,46,2751*C,Arenaria congesta,181.6651357,71.17113894,5,-5,0.7,0.5,0,1,0,NA,NA,1,1
2020,46,2751*D,Arenaria congesta,194.8357932,92.95903764,5,-5,0.7,0.5,0,1,0,NA,NA,1,1
2020,46,2751*E,Arenaria congesta,177.9545943,88.59462608,5,-5,0.7,0.5,0,1,0,NA,NA,1,1
2020,46,2751*F,Arenaria congesta,178.2536086,90.0734961,5,-5,0.7,0.5,0,1,0,NA,NA,1,1
2020,46,2751*G,Arenaria congesta,190.3619811,91.12219444,5,-5,0.7,0.5,0,1,0,NA,NA,1,1
2020,46,2751*H,Arenaria congesta,177.9164215,79.79707526,5,-5,0.7,0.5,0,1,1,NA,NA,0,1
2020,46,2751*I,Arenaria congesta,193.0389074,73.89077788,5,-5,0.7,0.5,0,1,1,NA,NA,0,1
2020,46,2751*J,Arenaria congesta,187.5503095,90.80148211,5,-5,0.7,0.5,0,1,1,NA,NA,0,1
2020,46,2751*K,Arenaria congesta,190.63268,95.62676538,5,-5,0.7,0.5,0,1,1,NA,NA,0,1
2021,46,2751*A,Arenaria congesta,187.8473466,81.22230732,5,-5,0.7,0.7,0,0,0,0.7,0,1,0
2021,46,2751*B,Arenaria congesta,186.7000971,81.79948482,5,-5,0.7,0.7,0,0,0,0.7,0,1,0
2021,46,2751*C,Arenaria congesta,184.1349803,76.6474635,5,-5,0.7,0.7,0,0,0,0.7,0,1,0
2021,46,2751*D,Arenaria congesta,191.2081112,88.34837207,5,-5,0.7,0.7,0,0,0,0.7,0,1,0
2021,46,2751*E,Arenaria congesta,182.1422821,86.00452141,5,-5,0.7,0.7,0,0,0,0.7,0,1,0
2021,46,2751*F,Arenaria congesta,182.3028639,86.79872938,5,-5,0.7,0.7,0,0,0,0.7,0,1,0
2021,46,2751*G,Arenaria congesta,188.8055084,87.36191924,5,-5,0.7,0.7,0,0,0,0.7,0,1,0
2020,46,2752*A,Senecio crassulus,38,129,-5,-5,0,0,0,1,1,NA,NA,0,1
2020,46,2753*A,Eriogonum umbellatum,42,26.5,5,5,0,0,0,1,1,NA,NA,0,1
2020,46,2754*A,Eriogonum umbellatum,168,165.5,-5,-5,0,0,0,1,1,NA,NA,0,1
2020,46,2755*A,Eriogonum umbellatum,117,80,-5,-5,0,0,0,1,1,NA,NA,0,1
2020,46,2756*A,Elymus lanceolatus,74,65,-5,-5,0,0,0,1,1,NA,NA,0,1
2020,3,2757*A,Ivesia gordonii,97,129,0,10,0.7,1.1,0,1,0,NA,NA,1,1
2021,3,2757*A,Ivesia gordonii,97,129,0,10,0,0,0,0,0,0.7,-0.7,1,0
2020,5,2758*A,Eriogonum umbellatum,15,3,-5,-5,0.7,1.2,0,0,0,NA,NA,1,1
2021,5,2758*A,Eriogonum umbellatum,15,3,-5,-5,1.4,1,0,0,0,0.7,0.7,1,0
2014,16,276*A,Lupinus argenteus,155,190,-10,-10,5,3,0,0,0,NA,NA,1,NA
2015,16,276*A,Lupinus argenteus,155,190,-10,-10,0,0,0,0,1,5,-5,0,0
2020,14,2760*A,Elymus lanceolatus,64,51,-5,-5,1.4,5.4,0,0,0,NA,NA,1,1
2021,14,2760*A,Elymus lanceolatus,64,51,-5,-5,0,0,0,0,0,1.4,-1.4,1,0
2020,14,2761*A,Elymus lanceolatus,157,101,1,-1,1.3,8.5,0,0,0,NA,NA,1,1
2021,14,2761*A,Elymus lanceolatus,157,101,1,-1,4,21,1,0,0,1.3,2.7,1,0
2020,14,2762*A,Elymus lanceolatus,153,105,-1,0,1.6,8.5,0,0,0,NA,NA,1,1
2021,14,2762*A,Elymus lanceolatus,153,105,-1,0,7.5,18,1,0,0,1.6,5.9,1,0
2020,14,2763*A,Elymus lanceolatus,145,103,-1,1,10,14,0,0,0,NA,NA,1,1
2021,14,2763*A,Elymus lanceolatus,145,103,-1,1,2,6,0,0,0,10,-8,1,0
2018,17,2764*A,Lupinus argenteus,164,200,-5,-5,2,1.5,0,0,0,NA,NA,1,1
2019,17,2764*A,Lupinus argenteus,164,200,-5,-5,3,4,0,0,0,2,1,1,0
2020,17,2764*A,Lupinus argenteus,164,200,-5,-5,2,2.5,0,0,0,3,-1,1,0
2021,17,2764*A,Lupinus argenteus,164,200,-5,-5,0,0,0,0,0,2,-2,1,0
2015,18,2765*A,Ivesia gordonii,161,169,-10,-10,0.5,0.3,0,1,0,NA,NA,1,1
2016,18,2765*A,Ivesia gordonii,161,169,-10,-10,2.5,3,0,0,0,0.5,2,1,0
2017,18,2765*A,Ivesia gordonii,161,169,-10,-10,7,3.5,2,0,0,2.5,4.5,1,0
2018,18,2765*A,Ivesia gordonii,161,169,-10,-10,9,4.5,0,0,0,7,2,1,0
2019,18,2765*A,Ivesia gordonii,161,169,-10,-10,14,6,1,0,0,9,5,1,0
2020,18,2765*A,Ivesia gordonii,161,169,-10,-10,12.5,6,3,0,0,14,-1.5,1,0
2021,18,2765*A,Ivesia gordonii,161,169,-10,-10,14.5,5,4,0,0,12.5,2,1,0
2019,20,2766*A,Arenaria congesta,30,25,-4,-2,14,9,10,0,0,NA,NA,1,1
2020,20,2766*A,Arenaria congesta,30,25,-4,-2,14,9,10,0,0,14,0,1,0
2021,20,2766*A,Arenaria congesta,30,25,-4,-2,10,7.5,24,0,0,14,-4,1,0
2014,20,2767*A,Elymus lanceolatus,176,169,-5,-5,12,10,0,0,0,NA,NA,1,NA
2015,20,2767*A,Elymus lanceolatus,176,169,-5,-5,20,22,2,0,0,12,8,1,0
2016,20,2767*A,Elymus lanceolatus,176,169,-5,-5,33,27,26,0,0,20,13,1,0
2017,20,2767*A,Elymus lanceolatus,176,169,-5,-5,39,30,40,0,0,33,6,1,0
2018,20,2767*A,Elymus lanceolatus,176,169,-5,-5,33,34,69,0,0,39,-6,1,0
2019,20,2767*A,Elymus lanceolatus,176,169,-5,-5,49,35,31,0,0,33,16,1,0
2020,20,2767*A,Elymus lanceolatus,176,169,-5,-5,44,33,33,0,0,49,-5,1,0
2021,20,2767*A,Elymus lanceolatus,176,169,-5,-5,41,31.5,20,0,0,44,-3,1,0
2020,20,2768*A,Lupinus argenteus,145,53,-5,-5,8,5.5,0,0,0,NA,NA,1,1
2021,20,2768*A,Lupinus argenteus,145,53,-5,-5,17,14,0,0,0,8,9,1,0
2020,20,2769*A,Elymus lanceolatus,40,69,-5,-5,9,10.5,0,0,0,NA,NA,1,1
2021,20,2769*A,Elymus lanceolatus,40,69,-5,-5,22,16.5,0,0,0,9,13,1,0
2014,16,277*A,Lupinus argenteus,50,155,-10,-10,15,8,0,0,0,NA,NA,1,NA
2015,16,277*A,Lupinus argenteus,50,155,-10,-10,4,3,0,0,0,15,-11,1,0
2016,16,277*A,Lupinus argenteus,50,155,-10,-10,0,0,0,0,1,4,-4,0,0
2019,24,2770*A,Ivesia gordonii,85,197,5,5,2.5,2.5,0,0,0,NA,NA,1,1
2020,24,2770*A,Ivesia gordonii,85,197,5,5,2.5,2.5,0,0,0,2.5,0,1,0
2021,24,2770*A,Ivesia gordonii,85,197,5,5,5.5,2.5,0,0,0,2.5,3,1,0
2020,27,2771*A,Elymus lanceolatus,62,116,-5,-5,11,10.5,0,0,0,NA,NA,1,1
2021,27,2771*A,Elymus lanceolatus,62,116,-5,-5,10,11,0,0,0,11,-1,1,0
2019,29,2772*A,Elymus lanceolatus,17,151,-5,-5,10,14,0,0,0,NA,NA,1,1
2020,29,2772*A,Elymus lanceolatus,17,151,-5,-5,10,14,0,0,0,10,0,1,0
2021,29,2772*A,Elymus lanceolatus,17,151,-5,-5,5,21.5,0,0,0,10,-5,1,0
2020,32,2773*A,Ivesia gordonii,123,140,-5,-5,1.5,0.4,0,1,0,NA,NA,1,1
2021,32,2773*A,Ivesia gordonii,123,140,-5,-5,0,0,0,0,0,1.5,-1.5,1,0
2020,32,2774*A,Ivesia gordonii,122,151,-5,-5,0.5,0.5,0,1,0,NA,NA,1,1
2021,32,2774*A,Ivesia gordonii,122,151,-5,-5,0,0,0,0,0,0.5,-0.5,1,0
2020,33,2775*A,Ivesia gordonii,82,195,-5,-5,1.1,1,0,1,0,NA,NA,1,1
2021,33,2775*A,Ivesia gordonii,82,195,-5,-5,3.2,2,0,0,0,1.1,2.1,1,0
2020,33,2776*A,Ivesia gordonii,106,190,0,5,0.5,0.5,0,1,0,NA,NA,1,1
2021,33,2776*A,Ivesia gordonii,106,190,0,5,0,0,0,0,0,0.5,-0.5,1,0
2020,33,2777*A,Lupinus argenteus,172,199,-5,-5,3,2.5,0,0,0,NA,NA,1,1
2021,33,2777*A,Lupinus argenteus,172,199,-5,-5,7.5,4.5,0,0,0,3,4.5,1,0
2020,33,2778*A,Eriogonum umbellatum,101,199,-5,-5,0.5,0.9,0,1,0,NA,NA,1,1
2021,33,2778*A,Eriogonum umbellatum,101,199,-5,-5,0,0,0,0,0,0.5,-0.5,1,0
2020,33,2779*A,Eriogonum umbellatum,108,189,-5,-5,1,0.5,0,1,0,NA,NA,1,1
2021,33,2779*A,Eriogonum umbellatum,108,189,-5,-5,1.8,0.8,0,0,0,1,0.8,1,0
2014,16,278*A,Lupinus argenteus,55,200,-10,-10,14,7,0,0,0,NA,NA,1,NA
2015,16,278*A,Lupinus argenteus,55,200,-10,-10,0,0,0,0,1,14,-14,0,0
2020,33,2780*A,Eriogonum umbellatum,73,193,-5,-5,0.5,0.5,0,1,0,NA,NA,1,1
2021,33,2780*A,Eriogonum umbellatum,73,193,-5,-5,0.4,0.5,0,0,0,0.5,-0.1,1,0
2020,40,2781*A,Senecio crassulus,46,15,-5,-5,1,1.5,0,1,0,NA,NA,1,1
2021,40,2781*A,Senecio crassulus,46,15,-5,-5,0,0,0,0,0,1,-1,1,0
2020,41,2782*A,Senecio crassulus,2,78,-5,-5,1,1.5,0,1,0,NA,NA,1,1
2021,41,2782*A,Senecio crassulus,2,78,-5,-5,0,0,0,0,0,1,-1,1,0
2019,41,2783*A,Penstemon whippleanus,174,176,5,5,7.5,3,0,0,0,NA,NA,1,1
2020,41,2783*A,Penstemon whippleanus,174,176,5,5,7.5,3,0,0,0,7.5,0,1,0
2021,41,2783*A,Penstemon whippleanus,174,176,5,5,0,0,0,0,0,7.5,-7.5,1,0
2020,46,2784*A,Carex siccata,22,30,-5,-5,7,11,0,0,0,NA,NA,1,1
2021,46,2784*A,Carex siccata,22,30,-5,-5,19.5,11.5,0,0,0,7,12.5,1,0
2020,46,2785*A,Senecio crassulus,36,20,-5,5,0.5,2,0,1,0,NA,NA,1,1
2021,46,2785*A,Senecio crassulus,36,20,-5,5,0,0,0,0,0,0.5,-0.5,1,0
2020,46,2786*A,Eriogonum umbellatum,55,16,-5,-5,1.3,1.4,0,1,0,NA,NA,1,1
2021,46,2786*A,Eriogonum umbellatum,55,16,-5,-5,0,0,0,0,0,1.3,-1.3,1,0
2020,46,2787*A,Arenaria congesta,65,12,-5,-5,0.4,1.8,0,0,0,NA,NA,1,1
2021,46,2787*A,Arenaria congesta,65,12,-5,-5,1.5,2,0,0,0,0.4,1.1,1,0
2020,46,2788*A,Senecio crassulus,51,20,-5,-5,0.4,0.6,0,1,0,NA,NA,1,1
2021,46,2788*A,Senecio crassulus,51,20,-5,-5,0,0,0,0,0,0.4,-0.4,1,0
2020,46,2789*A,Senecio crassulus,118,32,-5,-5,0.4,1.4,0,1,0,NA,NA,1,1
2021,46,2789*A,Senecio crassulus,118,32,-5,-5,0,0,0,0,0,0.4,-0.4,1,0
2014,16,279*A,Elymus lanceolatus,31,94,10,0,7,23,1,0,0,NA,NA,1,NA
2015,16,279*A,Elymus lanceolatus,31,94,10,0,25,24,1,0,0,7,18,1,0
2016,16,279*A,Elymus lanceolatus,31,94,10,0,25,26,8,0,0,25,0,1,0
2017,16,279*A,Elymus lanceolatus,31,94,10,0,35,27,24,0,0,25,10,1,0
2018,16,279*A,Elymus lanceolatus,31,94,10,0,40,31,36,0,0,35,5,1,0
2019,16,279*A,Elymus lanceolatus,31,94,10,0,46,38.5,31,0,0,40,6,1,0
2020,16,279*A,Elymus lanceolatus,31,94,10,0,43,35,51,0,0,46,-3,1,0
2021,16,279*A,Elymus lanceolatus,31,94,10,0,43,42,16,0,0,43,0,1,0
2020,46,2790*A,Carex siccata,99,11,-5,-5,4,7.5,0,0,0,NA,NA,1,1
2021,46,2790*A,Carex siccata,99,11,-5,-5,0,0,0,0,0,4,-4,1,0
2020,46,2791*A,Eriogonum umbellatum,80,19.5,-5,-5,0.8,1.7,0,1,0,NA,NA,1,1
2021,46,2791*A,Eriogonum umbellatum,80,19.5,-5,-5,0,0,0,0,0,0.8,-0.8,1,0
2020,46,2792*A,Senecio crassulus,131,24,-5,-5,0.5,1.5,0,1,0,NA,NA,1,1
2021,46,2792*A,Senecio crassulus,131,24,-5,-5,0,0,0,0,0,0.5,-0.5,1,0
2020,46,2793*A,Senecio crassulus,188,93,-5,-5,0.3,1,0,1,0,NA,NA,1,1
2021,46,2793*A,Senecio crassulus,188,93,-5,-5,0,0,0,0,0,0.3,-0.3,1,0
2019,46,2794*A,Eriogonum umbellatum,187,92,-5,-5,1.1,0.6,0,0,0,NA,NA,1,1
2020,46,2794*A,Eriogonum umbellatum,187,92,-5,-5,1.1,0.6,0,0,0,1.1,0,1,0
2021,46,2794*A,Eriogonum umbellatum,187,92,-5,-5,0,0,0,0,0,1.1,-1.1,1,0
2020,46,2795*A,Eriogonum umbellatum,150,33,-5,-5,0.9,0.9,0,0,0,NA,NA,1,1
2021,46,2795*A,Eriogonum umbellatum,150,33,-5,-5,2,1,0,0,0,0.9,1.1,1,0
2020,46,2796*A,Carex siccata,168,24,-5,-5,5,6.5,0,0,0,NA,NA,1,1
2021,46,2796*A,Carex siccata,168,24,-5,-5,0,0,0,0,0,5,-5,1,0
2020,46,2798*A,Agoseris glauca,121,88,-5,-5,0.5,2,0,1,0,NA,NA,1,1
2021,46,2798*A,Agoseris glauca,121,88,-5,-5,1,3,0,0,0,0.5,0.5,1,0
2020,46,2799*A,Agoseris glauca,154,54,-5,-5,0.9,2.7,0,1,0,NA,NA,1,1
2021,46,2799*A,Agoseris glauca,154,54,-5,-5,3,5,0,0,0,0.9,2.1,1,0
2014,5,28*A,Ivesia gordonii,130,68,-10,-10,8,5,2,0,0,NA,NA,1,NA
2015,5,28*A,Ivesia gordonii,130,68,-10,-10,9.5,4,1,0,0,8,1.5,1,0
2016,5,28*A,Ivesia gordonii,130,68,-10,-10,15.4,4.5,0,0,0,9.5,5.9,1,0
2017,5,28*A,Ivesia gordonii,130,68,-10,-10,15,7,12,0,0,15.4,-0.4,1,0
2018,5,28*A,Ivesia gordonii,130,68,-10,-10,0,0,0,0,1,15,-15,0,0
2014,16,280*A,Phacelia hastata,127,45,-10,-10,6,2,0,0,0,NA,NA,1,NA
2015,16,280*A,Phacelia hastata,127,45,-10,-10,9.5,5,0,0,0,6,3.5,1,0
2016,16,280*A,Phacelia hastata,127,45,-10,-10,14,6,1,0,0,9.5,4.5,1,0
2017,16,280*A,Phacelia hastata,127,45,-10,-10,27,12,24,0,0,14,13,1,0
2018,16,280*A,Phacelia hastata,127,45,-10,-10,0,0,0,0,1,27,-27,0,0
2020,46,2801*A,Elymus lanceolatus,149,155,-5,-5,10,16,0,0,0,NA,NA,1,1
2021,46,2801*A,Elymus lanceolatus,149,155,-5,-5,13,13.5,0,0,0,10,3,1,0
2020,46,2802*A,Arenaria congesta,163,130,-5,-5,0.8,1.1,0,0,0,NA,NA,1,1
2021,46,2802*A,Arenaria congesta,163,130,-5,-5,2.5,2.5,0,0,0,0.8,1.7,1,0
2020,46,2803*A,Agoseris glauca,161,125,-5,-5,0.4,1.5,0,1,0,NA,NA,1,1
2021,46,2803*A,Agoseris glauca,161,125,-5,-5,0,0,0,0,0,0.4,-0.4,1,0
2020,46,2804*A,Agoseris glauca,160,123,-5,-5,2,5,0,0,0,NA,NA,1,1
2021,46,2804*A,Agoseris glauca,160,123,-5,-5,3.5,7,0,0,0,2,1.5,1,0
2020,46,2805*A,Elymus lanceolatus,140,140,-5,-5,8,10,0,0,0,NA,NA,1,1
2021,46,2805*A,Elymus lanceolatus,140,140,-5,-5,0,0,0,0,0,8,-8,1,0
2020,46,2806*A,Eriogonum umbellatum,137,109,-5,-5,1.5,1.7,0,1,0,NA,NA,1,1
2021,46,2806*A,Eriogonum umbellatum,137,109,-5,-5,0,0,0,0,0,1.5,-1.5,1,0
2020,46,2807*A,Carex siccata,152,102,-5,-5,1,2,0,0,0,NA,NA,1,1
2021,46,2807*A,Carex siccata,152,102,-5,-5,14,17.5,0,0,0,1,13,1,0
2020,46,2808*A,Carex siccata,123,117,-5,-5,8,8,0,0,0,NA,NA,1,1
2021,46,2808*A,Carex siccata,123,117,-5,-5,9.5,10.5,0,0,0,8,1.5,1,0
2020,47,2809*A,Carex siccata,7,19,-8,-2,12,17,1,0,0,NA,NA,1,1
2021,47,2809*A,Carex siccata,7,19,-8,-2,20,20.5,0,0,0,12,8,1,0
2014,16,281*A,Lupinus argenteus,137,40,-10,-10,17,18,2,0,0,NA,NA,1,NA
2015,16,281*A,Lupinus argenteus,137,40,-10,-10,7,8,0,0,0,17,-10,1,0
2016,16,281*A,Lupinus argenteus,137,40,-10,-10,0,0,0,0,1,7,-7,0,0
2020,47,2810*A,Carex siccata,11,2,-5,-5,14,15,0,0,0,NA,NA,1,1
2021,47,2810*A,Carex siccata,11,2,-5,-5,0,0,0,0,0,14,-14,1,0
2020,17,2811*A,Agoseris glauca,20,76,-5,-5,0.3,2,0,1,0,NA,NA,1,1
2021,17,2811*A,Agoseris glauca,20,76,-5,-5,1.3,2.5,0,0,0,0.3,1,1,0
2020,19,2812*A,Ivesia gordonii,114,91,-5,-5,0.4,1.2,0,1,0,NA,NA,1,1
2021,19,2812*A,Ivesia gordonii,114,91,-5,-5,0,0,0,0,0,0.4,-0.4,1,0
2020,20,2813*A,Chaenactis douglasii,29,36,-5,-5,0.4,0.4,0,1,0,NA,NA,1,1
2021,20,2813*A,Chaenactis douglasii,29,36,-5,-5,0,0,0,0,0,0.4,-0.4,1,0
2020,20,2814*A,Chaenactis douglasii,35,70,-5,-5,1.1,1.2,0,1,0,NA,NA,1,1
2021,20,2814*A,Chaenactis douglasii,35,70,-5,-5,0,0,0,0,0,1.1,-1.1,1,0
2020,22,2815*A,Chaenactis douglasii,159,39,-5,-5,0.4,1.2,0,1,0,NA,NA,1,1
2021,22,2815*A,Chaenactis douglasii,159,39,-5,-5,0,0,0,0,0,0.4,-0.4,1,0
2020,24,2816*A,Eriogonum umbellatum,2,105,-5,-5,0.4,1.1,0,1,0,NA,NA,1,1
2021,24,2816*A,Eriogonum umbellatum,2,105,-5,-5,0,0,0,0,0,0.4,-0.4,1,0
2020,27,2817*A,Eriogonum umbellatum,186,80,0,5,0.3,1.5,0,1,0,NA,NA,1,1
2021,27,2817*A,Eriogonum umbellatum,186,80,0,5,0,0,0,0,0,0.3,-0.3,1,0
2020,27,2818*A,Eriogonum umbellatum,104,13,-5,-5,0,0,0,1,1,NA,NA,0,1
2020,27,2819*A,Eriogonum umbellatum,102,19,-5,-5,0.7,1,0,1,0,NA,NA,1,1
2021,27,2819*A,Eriogonum umbellatum,102,19,-5,-5,0,0,0,0,0,0.7,-0.7,1,0
2014,17,282*A,Lupinus argenteus,31,10,-10,-10,5,4,0,0,0,NA,NA,1,NA
2015,17,282*A,Lupinus argenteus,31,10,-10,-10,6.5,4,0,0,0,5,1.5,1,0
2016,17,282*A,Lupinus argenteus,31,10,-10,-10,4,3,0,0,0,6.5,-2.5,1,0
2017,17,282*A,Lupinus argenteus,31,10,-10,-10,0,0,0,0,1,4,-4,0,0
2020,27,2820*A,Eriogonum umbellatum,65,14,-5,-5,0,0,0,1,1,NA,NA,0,1
2020,27,2821*A,Senecio crassulus,16,111,-5,-5,0.4,1.5,0,1,0,NA,NA,1,1
2021,27,2821*A,Senecio crassulus,16,111,-5,-5,1.2,2.5,0,0,0,0.4,0.8,1,0
2020,27,2822*A,Eriogonum umbellatum,36.55515811,107.8353048,-3,10,0.6,1.2,0,1,0,NA,NA,1,1
2020,27,2822*B,Eriogonum umbellatum,35.8035119,108.2134556,-3,10,0.6,1.2,0,1,0,NA,NA,1,1
2020,27,2822*C,Eriogonum umbellatum,34.12291811,104.8379933,-3,10,0.6,1.2,0,1,0,NA,NA,1,1
2020,27,2822*D,Eriogonum umbellatum,38.75703834,112.5041058,-3,10,0.6,1.2,0,1,1,NA,NA,0,1
2021,27,2822*A,Eriogonum umbellatum,36.23959455,108.4973421,-3,10,0.9,0.5,0,0,0,0.6,0.3,1,0
2021,27,2822*B,Eriogonum umbellatum,35.91519987,108.660544,-3,10,0.9,0.5,0,0,0,0.6,0.3,1,0
2021,27,2822*C,Eriogonum umbellatum,35.18989097,107.2037655,-3,10,0.9,0.5,0,0,0,0.6,0.3,1,0
2020,27,2823*A,Eriogonum umbellatum,70.29218848,105.3870025,-5,-5,0.8,1.3,0,1,0,NA,NA,1,1
2020,27,2823*B,Eriogonum umbellatum,69.89658521,105.5860292,-5,-5,0.8,1.3,0,1,1,NA,NA,0,1
2021,27,2823*A,Eriogonum umbellatum,70,106,-5,-5,0,0,0,0,0,0.8,-0.8,1,0
2020,27,2824*A,Eriogonum umbellatum,61,113,0,0,0,0,0,1,1,NA,NA,0,1
2020,27,2825*A,Eriogonum umbellatum,7,166,-5,-5,0.6,1,0,1,0,NA,NA,1,1
2021,27,2825*A,Eriogonum umbellatum,7,166,-5,-5,0,0,0,0,0,0.6,-0.6,1,0
2020,27,2826*A,Agoseris glauca,5,170,-5,-5,0.4,1.9,0,1,0,NA,NA,1,1
2021,27,2826*A,Agoseris glauca,5,170,-5,-5,0,0,0,0,0,0.4,-0.4,1,0
2020,28,2827*A,Eriogonum umbellatum,20.64281465,2.651405555,-6,-3,1.2,1,0,1,0,NA,NA,1,1
2020,28,2827*B,Eriogonum umbellatum,19.77248746,3.089264346,-6,-3,1.2,1,0,1,1,NA,NA,0,1
2020,28,2827*C,Eriogonum umbellatum,17.82653676,-0.819165618,-6,-3,1.2,1,0,1,1,NA,NA,0,1
2020,28,2827*D,Eriogonum umbellatum,23.19236019,8.057385707,-6,-3,1.2,1,0,1,1,NA,NA,0,1
2020,28,2827*E,Eriogonum umbellatum,16.3148347,6.279292108,-6,-3,1.2,1,0,1,1,NA,NA,0,1
2020,28,2827*F,Eriogonum umbellatum,16.43665535,6.881794705,-6,-3,1.2,1,0,1,1,NA,NA,0,1
2020,28,2827*G,Eriogonum umbellatum,21.369696,7.30904218,-6,-3,1.2,1,0,1,1,NA,NA,0,1
2021,28,2827*A,Eriogonum umbellatum,20,4,-6,-3,0,0,0,0,0,1.2,-1.2,1,0
2020,28,2828*A,Eriogonum umbellatum,18,13,-1,-5,0.6,1,0,1,0,NA,NA,1,1
2021,28,2828*A,Eriogonum umbellatum,18,13,-1,-5,0,0,0,0,0,0.6,-0.6,1,0
2020,28,2829*A,Eriogonum umbellatum,21.43828272,15.08050379,5,0,0.6,0.5,0,1,0,NA,NA,1,1
2020,28,2829*B,Eriogonum umbellatum,20.84487781,15.37904387,5,0,0.6,0.5,0,1,1,NA,NA,0,1
2020,28,2829*C,Eriogonum umbellatum,19.51809325,12.71420526,5,0,0.6,0.5,0,1,1,NA,NA,0,1
2020,28,2829*D,Eriogonum umbellatum,23.17660922,18.76639935,5,0,0.6,0.5,0,1,1,NA,NA,0,1
2020,28,2829*E,Eriogonum umbellatum,18.4873873,17.5540628,5,0,0.6,0.5,0,1,1,NA,NA,0,1
2021,28,2829*A,Eriogonum umbellatum,21,16,5,0,0,0,0,0,0,0.6,-0.6,1,0
2014,17,283*A,Lupinus argenteus,12,44,-10,-10,17,13,1,0,0,NA,NA,1,NA
2015,17,283*A,Lupinus argenteus,12,44,-10,-10,0,0,0,0,0,17,-17,1,0
2016,17,283*A,Lupinus argenteus,12,44,-10,-10,2,4,0,0,0,0,2,1,0
2017,17,283*A,Lupinus argenteus,12,44,-10,-10,0,0,0,0,1,2,-2,0,0
2020,28,2830*A,Eriogonum umbellatum,21.43828272,15.08050379,5,0,0.6,0.5,0,1,0,NA,NA,1,1
2020,28,2830*B,Eriogonum umbellatum,20.84487781,15.37904387,5,0,0.6,0.5,0,1,1,NA,NA,0,1
2020,28,2830*C,Eriogonum umbellatum,19.51809325,12.71420526,5,0,0.6,0.5,0,1,1,NA,NA,0,1
2020,28,2830*D,Eriogonum umbellatum,23.17660922,18.76639935,5,0,0.6,0.5,0,1,1,NA,NA,0,1
2020,28,2830*E,Eriogonum umbellatum,18.4873873,17.5540628,5,0,0.6,0.5,0,1,1,NA,NA,0,1
2020,28,2830*F,Eriogonum umbellatum,18.57044683,17.96486003,5,0,0.6,0.5,0,1,1,NA,NA,0,1
2020,28,2830*G,Eriogonum umbellatum,21.93388364,18.25616512,5,0,0.6,0.5,0,1,1,NA,NA,0,1
2020,28,2830*H,Eriogonum umbellatum,18.47678374,15.11029868,5,0,0.6,0.5,0,1,1,NA,NA,0,1
2020,28,2830*I,Eriogonum umbellatum,22.67747427,13.46966052,5,0,0.6,0.5,0,1,1,NA,NA,0,1
2020,28,2830*J,Eriogonum umbellatum,21.15286375,18.16707836,5,0,0.6,0.5,0,1,1,NA,NA,0,1
2020,28,2830*K,Eriogonum umbellatum,22.00907778,19.50743483,5,0,0.6,0.5,0,1,1,NA,NA,0,1
2020,28,2830*L,Eriogonum umbellatum,20.07580365,17.37894382,5,0,0.6,0.5,0,1,1,NA,NA,0,1
2021,28,2830*A,Eriogonum umbellatum,21,16,5,0,0,0,0,0,0,0.6,-0.6,1,0
2020,28,2831*A,Senecio crassulus,44,18,-5,-5,0.6,1.5,0,1,0,NA,NA,1,1
2021,28,2831*A,Senecio crassulus,44,18,-5,-5,0,0,0,0,0,0.6,-0.6,1,0
2020,28,2832*A,Eriogonum umbellatum,17.99344082,37.91580858,10,0,0.5,1,0,1,0,NA,NA,1,1
2020,28,2832*B,Eriogonum umbellatum,16.64838971,38.59249944,10,0,0.5,1,0,1,1,NA,NA,0,1
2020,28,2832*C,Eriogonum umbellatum,13.64101136,32.55219859,10,0,0.5,1,0,1,1,NA,NA,0,1
2020,28,2832*D,Eriogonum umbellatum,21.93364756,46.27050518,10,0,0.5,1,0,1,1,NA,NA,0,1
2020,28,2832*E,Eriogonum umbellatum,11.30474454,43.52254235,10,0,0.5,1,0,1,1,NA,NA,0,1
2021,28,2832*A,Eriogonum umbellatum,17,40,10,0,0,0,0,0,0,0.5,-0.5,1,0
2020,28,2833*A,Ivesia gordonii,45,50,-5,-5,0.6,0.9,0,1,0,NA,NA,1,1
2021,28,2833*A,Ivesia gordonii,45,50,-5,-5,0,0,0,0,0,0.6,-0.6,1,0
2020,28,2834*A,Eriogonum umbellatum,157.1103162,127.6706096,-10,0,0.4,1,0,1,0,NA,NA,1,1
2020,28,2834*B,Eriogonum umbellatum,155.6070238,128.4269111,-10,0,0.4,1,0,1,1,NA,NA,0,1
2020,28,2834*C,Eriogonum umbellatum,152.2458362,121.6759867,-10,0,0.4,1,0,1,1,NA,NA,0,1
2020,28,2834*D,Eriogonum umbellatum,161.5140767,137.0082117,-10,0,0.4,1,0,1,1,NA,NA,0,1
2020,28,2834*E,Eriogonum umbellatum,149.6347145,133.9369591,-10,0,0.4,1,0,1,1,NA,NA,0,1
2020,28,2834*F,Eriogonum umbellatum,149.845132,134.9776454,-10,0,0.4,1,0,1,1,NA,NA,0,1
2021,28,2834*A,Eriogonum umbellatum,156,130,-10,0,0.3,0.5,0,0,0,0.4,-0.1,1,0
2020,28,2835*A,Arenaria congesta,147,127,0,5,0.2,0.9,0,1,0,NA,NA,1,1
2021,28,2835*A,Arenaria congesta,147,127,0,5,1,0.5,0,0,0,0.2,0.8,1,0
2020,28,2836*A,Eriogonum umbellatum,183.4025047,132.0576121,-10,0,0.3,1,0,1,0,NA,NA,1,1
2020,28,2836*B,Eriogonum umbellatum,181.503609,133.0129404,-10,0,0.3,1,0,1,1,NA,NA,0,1
2021,28,2836*A,Eriogonum umbellatum,182,135,-10,0,0,0,0,0,0,0.3,-0.3,1,0
2020,28,2837*A,Ivesia gordonii,173,143,-5,-5,0.5,1.5,0,1,0,NA,NA,1,1
2021,28,2837*A,Ivesia gordonii,173,143,-5,-5,0,0,0,0,0,0.5,-0.5,1,0
2020,28,2838*A,Eriogonum umbellatum,78,130,-5,-5,0.8,1,0,1,0,NA,NA,1,1
2021,28,2838*A,Eriogonum umbellatum,78,130,-5,-5,0,0,0,0,0,0.8,-0.8,1,0
2020,28,2839*A,Chaenactis douglasii,76,127,-5,-5,1.2,2.3,0,1,0,NA,NA,1,1
2021,28,2839*A,Chaenactis douglasii,76,127,-5,-5,2.5,3.5,0,0,0,1.2,1.3,1,0
2014,17,284*A,Lupinus argenteus,10,61,-10,-10,3,3,0,0,0,NA,NA,1,NA
2015,17,284*A,Lupinus argenteus,10,61,-10,-10,0,0,0,0,1,3,-3,0,0
2020,28,2840*A,Eriogonum umbellatum,129.6362555,146.5672141,-12,-1,1,1,0,1,0,NA,NA,1,1
2020,28,2840*B,Eriogonum umbellatum,127.4208772,147.6817638,-12,-1,1,1,0,1,1,NA,NA,0,1
2020,28,2840*C,Eriogonum umbellatum,122.4675481,137.733033,-12,-1,1,1,0,1,1,NA,NA,0,1
2020,28,2840*D,Eriogonum umbellatum,136.1260077,160.3278909,-12,-1,1,1,0,1,1,NA,NA,0,1
2020,28,2840*E,Eriogonum umbellatum,118.6195792,155.8018345,-12,-1,1,1,0,1,1,NA,NA,0,1
2020,28,2840*F,Eriogonum umbellatum,118.9296682,157.3354774,-12,-1,1,1,0,1,1,NA,NA,0,1
2020,28,2840*G,Eriogonum umbellatum,131.4864989,158.4230165,-12,-1,1,1,0,1,1,NA,NA,0,1
2020,28,2840*H,Eriogonum umbellatum,118.5799926,146.6784484,-12,-1,1,1,0,1,1,NA,NA,0,1
2021,28,2840*A,Eriogonum umbellatum,128,150,-12,-1,0.6,0.5,0,0,0,1,-0.4,1,0
2020,29,2841*A,Eriogonum umbellatum,159,1,-10,0,0,0,0,1,1,NA,NA,0,1
2020,32,2842*A,Eriogonum umbellatum,125,61,-5,-5,0,0,0,1,1,NA,NA,0,1
2020,33,2843*A,Senecio crassulus,7,36,-5,-5,0.4,2.5,0,1,0,NA,NA,1,1
2021,33,2843*A,Senecio crassulus,7,36,-5,-5,0,0,0,0,0,0.4,-0.4,1,0
2020,33,2844*A,Eriogonum umbellatum,17.80500938,48.11522424,18,0,0.5,1,0,1,0,NA,NA,1,1
2020,33,2844*B,Eriogonum umbellatum,14.00721801,50.02588078,18,0,0.5,1,0,1,1,NA,NA,0,1
2020,33,2844*C,Eriogonum umbellatum,5.515796773,32.97091366,18,0,0.5,1,0,1,1,NA,NA,0,1
2021,33,2844*A,Eriogonum umbellatum,15,54,18,0,0,0,0,0,0,0.5,-0.5,1,0
2020,33,2845*A,Senecio crassulus,25,42,-5,-5,0.4,2.1,0,1,0,NA,NA,1,1
2021,33,2845*A,Senecio crassulus,25,42,-5,-5,0,0,0,0,0,0.4,-0.4,1,0
2020,33,2846*A,Senecio crassulus,139,47,-5,-5,2,1.7,0,1,0,NA,NA,1,1
2021,33,2846*A,Senecio crassulus,139,47,-5,-5,0,0,0,0,0,2,-2,1,0
2020,33,2847*A,Eriogonum umbellatum,187.1687539,78.5480101,-5,-5,0.7,1.3,0,1,0,NA,NA,1,1
2020,33,2847*B,Eriogonum umbellatum,185.5863408,79.34411699,-5,-5,0.7,1.3,0,1,1,NA,NA,0,1
2021,33,2847*A,Eriogonum umbellatum,186,81,-5,-5,0,0,0,0,0,0.7,-0.7,1,0
2020,33,2848*A,Eriogonum umbellatum,64,158,-5,-5,0.9,1.5,0,1,0,NA,NA,1,1
2021,33,2848*A,Eriogonum umbellatum,64,158,-5,-5,0,0,0,0,0,0.9,-0.9,1,0
2020,33,2849*A,Eriogonum umbellatum,2,100,-5,-5,8,1,0,0,0,NA,NA,1,1
2021,33,2849*A,Eriogonum umbellatum,2,100,-5,-5,0,0,0,0,0,8,-8,1,0
2014,17,285*A,Eriogonum umbellatum,16,76,-10,-10,67,4,46,0,0,NA,NA,1,NA
2015,17,285*A,Eriogonum umbellatum,16,76,-10,-10,68,3,62,0,0,67,1,1,0
2016,17,285*A,Eriogonum umbellatum,16,76,-10,-10,74,5,127,0,0,68,6,1,0
2017,17,285*A,Eriogonum umbellatum,16,76,-10,-10,77,4,119,0,0,74,3,1,0
2018,17,285*A,Eriogonum umbellatum,16,76,-10,-10,65,3.5,98,0,0,77,-12,1,0
2019,17,285*A,Eriogonum umbellatum,16,76,-10,-10,62,4,48,0,0,65,-3,1,0
2020,17,285*A,Eriogonum umbellatum,16,76,-10,-10,65,5,47,0,0,62,3,1,0
2021,17,285*A,Eriogonum umbellatum,16,76,-10,-10,64,3,44,0,0,65,-1,1,0
2020,33,2850*A,Eriogonum umbellatum,9.876565431,129.1610076,-10,-5,0.6,1.1,0,1,0,NA,NA,1,1
2020,33,2850*B,Eriogonum umbellatum,8.689755628,129.7580877,-10,-5,0.6,1.1,0,1,1,NA,NA,0,1
2021,33,2850*A,Eriogonum umbellatum,9,131,-10,-5,1.2,1,0,0,0,0.6,0.6,1,0
2020,33,2851*A,Eriogonum umbellatum,41.51938008,168.8124131,-10,-10,0.7,1,0,1,0,NA,NA,1,1
2020,33,2851*B,Eriogonum umbellatum,39.46224309,169.8473521,-10,-10,0.7,1,0,1,0,NA,NA,1,1
2020,33,2851*C,Eriogonum umbellatum,34.86272325,160.6092449,-10,-10,0.7,1,0,1,0,NA,NA,1,1
2020,33,2851*D,Eriogonum umbellatum,47.54557862,181.5901844,-10,-10,0.7,1,0,1,0,NA,NA,1,1
2020,33,2851*E,Eriogonum umbellatum,31.28960929,177.3874177,-10,-10,0.7,1,0,1,0,NA,NA,1,1
2020,33,2851*F,Eriogonum umbellatum,31.57754901,178.8115148,-10,-10,0.7,1,0,1,0,NA,NA,1,1
2020,33,2851*G,Eriogonum umbellatum,43.23746328,179.8213724,-10,-10,0.7,1,0,1,1,NA,NA,0,1
2020,33,2851*H,Eriogonum umbellatum,31.25285029,168.9157021,-10,-10,0.7,1,0,1,1,NA,NA,0,1
2020,33,2851*I,Eriogonum umbellatum,45.81524415,163.2281565,-10,-10,0.7,1,0,1,1,NA,NA,0,1
2020,33,2851*J,Eriogonum umbellatum,40.52992766,179.5125383,-10,-10,0.7,1,0,1,1,NA,NA,0,1
2020,33,2851*K,Eriogonum umbellatum,43.4981363,184.1591074,-10,-10,0.7,1,0,1,1,NA,NA,0,1
2020,33,2851*L,Eriogonum umbellatum,36.79611931,176.7803386,-10,-10,0.7,1,0,1,1,NA,NA,0,1
2020,33,2851*M,Eriogonum umbellatum,49.12743468,163.2974465,-10,-10,0.7,1,0,1,1,NA,NA,0,1
2020,33,2851*N,Eriogonum umbellatum,52.16693006,173.7372417,-10,-10,0.7,1,0,1,1,NA,NA,0,1
2020,33,2851*O,Eriogonum umbellatum,39.30139725,182.5419366,-10,-10,0.7,1,0,1,1,NA,NA,0,1
2020,33,2851*P,Eriogonum umbellatum,46.62856868,172.7460845,-10,-10,0.7,1,0,1,1,NA,NA,0,1
2020,33,2851*Q,Eriogonum umbellatum,27.99616494,169.4908433,-10,-10,0.7,1,0,1,1,NA,NA,0,1
2021,33,2851*A,Eriogonum umbellatum,41.34406699,169.1802116,-10,-10,0.6,0.5,0,0,0,0.7,-0.1,1,0
2021,33,2851*B,Eriogonum umbellatum,39.52429196,170.0957345,-10,-10,0.6,0.5,0,0,0,0.7,-0.1,1,0
2021,33,2851*C,Eriogonum umbellatum,35.45548595,161.9235628,-10,-10,0.6,0.5,0,0,0,0.7,-0.1,1,0
2021,33,2851*D,Eriogonum umbellatum,46.67493493,180.4836247,-10,-10,0.6,0.5,0,0,0,0.7,-0.1,1,0
2021,33,2851*E,Eriogonum umbellatum,32.29465437,176.7657926,-10,-10,0.6,0.5,0,0,0,0.7,-0.1,1,0
2021,33,2851*F,Eriogonum umbellatum,32.54937028,178.0255707,-10,-10,0.6,0.5,0,0,0,0.7,-0.1,1,0
2020,33,2852*A,Senecio crassulus,43,185,5,0,0.3,1.2,0,1,0,NA,NA,1,1
2021,33,2852*A,Senecio crassulus,43,185,5,0,0,0,0,0,0,0.3,-0.3,1,0
2020,33,2853*A,Eriogonum umbellatum,124.5646994,142.5214308,-10,0,0.6,1,0,1,0,NA,NA,1,1
2020,33,2853*B,Eriogonum umbellatum,119.7383396,144.9495568,-10,0,0.6,1,0,1,0,NA,NA,1,1
2020,33,2853*C,Eriogonum umbellatum,108.9471584,123.2755361,-10,0,0.6,1,0,1,0,NA,NA,1,1
2020,33,2853*D,Eriogonum umbellatum,138.7030883,172.500048,-10,0,0.6,1,0,1,0,NA,NA,1,1
2020,33,2853*E,Eriogonum umbellatum,100.5640833,162.6397108,-10,0,0.6,1,0,1,1,NA,NA,0,1
2020,33,2853*F,Eriogonum umbellatum,101.2396342,165.9808615,-10,0,0.6,1,0,1,1,NA,NA,0,1
2020,33,2853*G,Eriogonum umbellatum,128.5955869,168.350143,-10,0,0.6,1,0,1,1,NA,NA,0,1
2020,33,2853*H,Eriogonum umbellatum,100.4778411,142.7637626,-10,0,0.6,1,0,1,1,NA,NA,0,1
2020,33,2853*I,Eriogonum umbellatum,134.6434574,129.4199056,-10,0,0.6,1,0,1,1,NA,NA,0,1
2020,33,2853*J,Eriogonum umbellatum,122.2432918,167.6255707,-10,0,0.6,1,0,1,1,NA,NA,0,1
2020,33,2853*K,Eriogonum umbellatum,129.2071659,178.5271366,-10,0,0.6,1,0,1,1,NA,NA,0,1
2020,33,2853*L,Eriogonum umbellatum,113.483203,161.2154097,-10,0,0.6,1,0,1,1,NA,NA,0,1
2020,33,2853*M,Eriogonum umbellatum,142.414366,129.5824708,-10,0,0.6,1,0,1,1,NA,NA,0,1
2020,33,2853*N,Eriogonum umbellatum,149.5454898,154.0758362,-10,0,0.6,1,0,1,1,NA,NA,0,1
2021,33,2853*A,Eriogonum umbellatum,122.6362555,146.5672141,-10,0,1,1,0,0,0,0.6,0.4,1,0
2021,33,2853*B,Eriogonum umbellatum,120.4208772,147.6817638,-10,0,1,1,0,0,0,0.6,0.4,1,0
2021,33,2853*C,Eriogonum umbellatum,115.4675481,137.733033,-10,0,1,1,0,0,0,0.6,0.4,1,0
2021,33,2853*D,Eriogonum umbellatum,129.1260077,160.3278909,-10,0,1,1,0,0,0,0.6,0.4,1,0
2020,33,2854*A,Senecio crassulus,95,134,-5,-5,0,0,0,1,1,NA,NA,0,1
2020,33,2855*A,Senecio crassulus,103,142,-5,-5,0.4,1.1,0,1,0,NA,NA,1,1
2021,33,2855*A,Senecio crassulus,103,142,-5,-5,0,0,0,0,0,0.4,-0.4,1,0
2020,33,2856*A,Eriogonum umbellatum,97.04531934,174.7090177,-10,0,0.5,1.1,0,1,0,NA,NA,1,1
2020,33,2856*B,Eriogonum umbellatum,94.27609647,176.1022047,-10,0,0.5,1.1,0,1,0,NA,NA,1,1
2020,33,2856*C,Eriogonum umbellatum,88.08443515,163.6662912,-10,0,0.5,1.1,0,1,0,NA,NA,1,1
2020,33,2856*D,Eriogonum umbellatum,105.1575097,191.9098636,-10,0,0.5,1.1,0,1,0,NA,NA,1,1
2020,33,2856*E,Eriogonum umbellatum,83.27447405,186.2522931,-10,0,0.5,1.1,0,1,1,NA,NA,0,1
2020,33,2856*F,Eriogonum umbellatum,83.66208521,188.1693468,-10,0,0.5,1.1,0,1,1,NA,NA,0,1
2020,33,2856*G,Eriogonum umbellatum,99.35812365,189.5287706,-10,0,0.5,1.1,0,1,1,NA,NA,0,1
2020,33,2856*H,Eriogonum umbellatum,83.22499078,174.8480605,-10,0,0.5,1.1,0,1,1,NA,NA,0,1
2020,33,2856*I,Eriogonum umbellatum,102.8282133,167.1917491,-10,0,0.5,1.1,0,1,1,NA,NA,0,1
2020,33,2856*J,Eriogonum umbellatum,95.71336416,189.1130324,-10,0,0.5,1.1,0,1,1,NA,NA,0,1
2020,33,2856*K,Eriogonum umbellatum,99.70902963,195.3680292,-10,0,0.5,1.1,0,1,1,NA,NA,0,1
2020,33,2856*L,Eriogonum umbellatum,90.68708369,185.4350712,-10,0,0.5,1.1,0,1,1,NA,NA,0,1
2021,33,2856*A,Eriogonum umbellatum,95.75969004,177.4062066,-10,0,1.2,0.5,0,0,0,0.5,0.7,1,0
2021,33,2856*B,Eriogonum umbellatum,94.73112154,177.923676,-10,0,1.2,0.5,0,0,0,0.5,0.7,1,0
2021,33,2856*C,Eriogonum umbellatum,92.43136163,173.3046225,-10,0,1.2,0.5,0,0,0,0.5,0.7,1,0
2021,33,2856*D,Eriogonum umbellatum,98.77278931,183.7950922,-10,0,1.2,0.5,0,0,0,0.5,0.7,1,0
2020,33,2857*A,Senecio crassulus,127,194,0,5,0.4,1.4,0,1,0,NA,NA,1,1
2021,33,2857*A,Senecio crassulus,127,194,0,5,0,0,0,0,0,0.4,-0.4,1,0
2020,41,2858*A,Heterotheca villosa,158,196,-5,-5,0.8,0.6,0,1,0,NA,NA,1,1
2021,41,2858*A,Heterotheca villosa,158,196,-5,-5,0,0,0,0,0,0.8,-0.8,1,0
2020,17,2859*A,Eriogonum umbellatum,37.5,97,5,0,0.2,1.2,0,1,0,NA,NA,1,1
2021,17,2859*A,Eriogonum umbellatum,37.5,97,5,0,0,0,0,0,0,0.2,-0.2,1,0
2014,17,286*A,Heterotheca villosa,2,87,0,-10,4,5,0,0,0,NA,NA,1,NA
2015,17,286*A,Heterotheca villosa,2,87,0,-10,4,4,16,0,0,4,0,1,0
2016,17,286*A,Heterotheca villosa,2,87,0,-10,32,12,49,0,0,4,28,1,0
2017,17,286*A,Heterotheca villosa,2,87,0,-10,27,10,6,0,0,32,-5,1,0
2018,17,286*A,Heterotheca villosa,2,87,0,-10,0,0,0,0,1,27,-27,0,0
2020,19,2860*A,Eriogonum umbellatum,55,11,-5,-5,0.4,0.3,0,1,0,NA,NA,1,1
2021,19,2860*A,Eriogonum umbellatum,55,11,-5,-5,0,0,0,0,0,0.4,-0.4,1,0
2021,5,2861*A,Elymus lanceolatus,165,110,-10,-10,1,2.5,0,1,0,NA,NA,1,1
2021,6,2862*A,Ivesia gordonii,34,112,-10,-10,2,1.2,0,1,0,NA,NA,1,1
2021,8,2863*A,Phacelia hastata,160,169,-10,-10,3,0.5,0,1,0,NA,NA,1,1
2021,8,2864*A,Phacelia hastata,166,186,-10,-10,2,0.5,0,1,0,NA,NA,1,1
2021,10,2865*A,Lupinus argenteus,125,124,-10,-10,2.5,2.5,0,1,0,NA,NA,1,1
2021,15,2866*A,Ivesia gordonii,53,82,-10,-10,2,2.5,0,1,0,NA,NA,1,1
2021,17,2867*A,Elymus lanceolatus,24,50,0,-10,1.6,4.5,0,1,0,NA,NA,1,1
2021,19,2868*A,Elymus lanceolatus,163,69,-5,-5,3.5,5,0,1,0,NA,NA,1,1
2021,19,2869*A,Ivesia gordonii,129,80,-5,-5,1,1,0,1,0,NA,NA,1,1
2014,17,287*A,Elymus lanceolatus,20,76,-10,-10,12,17,1,0,0,NA,NA,1,NA
2015,17,287*A,Elymus lanceolatus,20,76,-10,-10,11,17,0,0,0,12,-1,1,0
2016,17,287*A,Elymus lanceolatus,20,76,-10,-10,14,21,4,0,0,11,3,1,0
2017,17,287*A,Elymus lanceolatus,20,76,-10,-10,12,23,1,0,0,14,-2,1,0
2018,17,287*A,Elymus lanceolatus,20,76,-10,-10,20,22,9,0,0,12,8,1,0
2019,17,287*A,Elymus lanceolatus,20,76,-10,-10,14,21.5,0,0,0,20,-6,1,0
2020,17,287*A,Elymus lanceolatus,20,76,-10,-10,15,18,1,0,0,14,1,1,0
2021,17,287*A,Elymus lanceolatus,20,76,-10,-10,15,22.5,1,0,0,15,0,1,0
2021,19,2870*A,Ivesia gordonii,124,82.5,-5,-5,0.5,0.5,0,1,0,NA,NA,1,1
2021,19,2871*A,Elymus lanceolatus,120,183,-10,-10,2,2.5,0,1,0,NA,NA,1,1
2021,20,2873*A,Eriogonum umbellatum,35,44,0,5,1,0.5,0,1,0,NA,NA,1,1
2021,20,2874*A,Ivesia gordonii,37,47,0,5,0.6,0.5,0,1,0,NA,NA,1,1
2014,20,2875*A,Arenaria congesta,19,29,-5,-5,1,1,0,1,0,NA,NA,1,1
2015,20,2875*A,Arenaria congesta,19,29,-5,-5,2.5,2,0,0,0,1,1.5,1,0
2016,20,2875*A,Arenaria congesta,19.81812774,27.28360707,-5,-5,2.5,2,0,0,0,2.5,0,1,0
2016,20,2875*B,Arenaria congesta,18.71043859,27.8408819,-5,-5,2.5,2,0,0,1,NA,NA,0,1
2016,20,2875*C,Arenaria congesta,16.23377406,22.86651649,-5,-5,2.5,2,0,0,1,NA,NA,0,1
2016,20,2875*D,Arenaria congesta,23.06300387,34.16394544,-5,-5,2.5,2,0,0,1,NA,NA,0,1
2016,20,2875*E,Arenaria congesta,14.30978962,31.90091723,-5,-5,2.5,2,0,0,1,NA,NA,0,1
2016,20,2875*F,Arenaria congesta,14.46483408,32.66773872,-5,-5,2.5,2,0,0,1,NA,NA,0,1
2016,20,2875*G,Arenaria congesta,20.74324946,33.21150823,-5,-5,2.5,2,0,0,1,NA,NA,0,1
2016,20,2875*H,Arenaria congesta,14.28999631,27.33922421,-5,-5,2.5,2,0,0,1,NA,NA,0,1
2016,20,2875*I,Arenaria congesta,22.13128531,24.27669964,-5,-5,2.5,2,0,0,1,NA,NA,0,1
2016,20,2875*J,Arenaria congesta,19.28534566,33.04521294,-5,-5,2.5,2,0,0,1,NA,NA,0,1
2017,20,2875*A,Arenaria congesta,19,29,-5,-5,11.5,4,7,0,0,2.5,9,1,0
2018,20,2875*A,Arenaria congesta,19,29,-5,-5,3.5,3,2,0,0,11.5,-8,1,0
2019,20,2875*A,Arenaria congesta,19,29,-5,-5,8.5,7.5,1,0,0,3.5,5,1,0
2020,20,2875*A,Arenaria congesta,19,29,-5,-5,11,6,7,0,0,8.5,2.5,1,0
2021,20,2875*A,Arenaria congesta,19,29,-5,-5,8.5,6,15,0,0,11,-2.5,1,0
2021,20,2876*A,Arenaria congesta,6,2,-5,-5,6,2.5,0,0,0,NA,NA,1,1
2021,20,2877*A,Phacelia hastata,1,52,0,-5,1.1,0.5,0,1,0,NA,NA,1,1
2014,22,2878*A,Elymus lanceolatus,121,49,-1,24,16,19,2,0,0,NA,NA,1,NA
2015,22,2878*A,Elymus lanceolatus,121,49,-1,24,6.5,18.5,0,0,0,16,-9.5,1,0
2016,22,2878*A,Elymus lanceolatus,121,49,-1,24,10,22,4,0,0,6.5,3.5,1,0
2017,22,2878*A,Elymus lanceolatus,121,49,-1,24,24,15,0,0,0,10,14,1,0
2018,22,2878*A,Elymus lanceolatus,121,49,-1,24,20,22.5,11,0,0,24,-4,1,0
2019,22,2878*A,Elymus lanceolatus,121,49,-1,24,19.5,23,14,0,0,20,-0.5,1,0
2020,22,2878*A,Elymus lanceolatus,121,49,-1,24,20,15,1,0,0,19.5,0.5,1,0
2021,22,2878*A,Elymus lanceolatus,121,49,-1,24,20,20,8,0,0,20,0,1,0
2021,27,2879*A,Elymus lanceolatus,192,80,9,0,2,4.5,0,1,0,NA,NA,1,1
2014,17,288*A,Elymus lanceolatus,18,82,-10,0,10,11,0,0,0,NA,NA,1,NA
2015,17,288*A,Elymus lanceolatus,18,82,-10,0,11,23,2,0,0,10,1,1,0
2016,17,288*A,Elymus lanceolatus,18,82,-10,0,13,14,0,0,0,11,2,1,0
2017,17,288*A,Elymus lanceolatus,18,82,-10,0,20,22,2,0,0,13,7,1,0
2018,17,288*A,Elymus lanceolatus,18,82,-10,0,2.5,18.5,1,0,0,20,-17.5,1,0
2019,17,288*A,Elymus lanceolatus,18,82,-10,0,8,16.5,0,0,0,2.5,5.5,1,0
2020,17,288*A,Elymus lanceolatus,18,82,-10,0,13,13,0,0,0,8,5,1,0
2021,17,288*A,Elymus lanceolatus,18,82,-10,0,10.5,14,0,0,0,13,-2.5,1,0
2021,28,2880*A,Elymus lanceolatus,140,150,-5,-5,6,4,0,0,0,NA,NA,1,1
2021,28,2881*A,Eriogonum umbellatum,196.5,5,-5,0,2.3,1.7,0,0,0,NA,NA,1,1
2021,28,2882*A,Eriogonum umbellatum,62.5,13,5,0,0.7,0.5,0,1,0,NA,NA,1,1
2021,28,2883*A,Heterotheca villosa,4,33,0,-5,1.2,0.6,0,1,0,NA,NA,1,1
2021,28,2884*A,Agoseris glauca,3,33.5,0,-5,1.5,4,0,1,0,NA,NA,1,1
2014,29,2885*A,Heterotheca villosa,34,159,0,10,0.5,0.5,0,1,0,NA,NA,1,1
2015,29,2885*A,Heterotheca villosa,34,159,0,10,2,1.5,0,0,0,0.5,1.5,1,0
2016,29,2885*A,Heterotheca villosa,34,159,0,10,2,2,0,0,0,2,0,1,0
2017,29,2885*A,Heterotheca villosa,34,159,0,10,4.5,5,0,0,0,2,2.5,1,0
2018,29,2885*A,Heterotheca villosa,34,159,0,10,7.5,3.5,2,0,0,4.5,3,1,0
2019,29,2885*A,Heterotheca villosa,34,159,0,10,14.5,8.5,15,0,0,7.5,7,1,0
2020,29,2885*A,Heterotheca villosa,34,159,0,10,19,10,24,0,0,14.5,4.5,1,0
2021,29,2885*A,Heterotheca villosa,34,159,0,10,30,12.5,144,0,0,19,11,1,0
2020,29,2886*A,Agoseris glauca,32,165,0,10,2,6,0,0,0,NA,NA,1,1
2021,29,2886*A,Agoseris glauca,32,165,0,10,2,6,0,0,0,2,0,1,0
2021,32,2887*A,Ivesia gordonii,184,76,-5,-5,0.9,1,0,1,0,NA,NA,1,1
2021,32,2888*A,Ivesia gordonii,143,151,-5,-5,0.4,0.5,0,1,0,NA,NA,1,1
2021,32,2889*A,Ivesia gordonii,140,141,-5,-5,1.6,2,0,1,0,NA,NA,1,1
2014,17,289*A,Elymus lanceolatus,28,81,10,0,9,19,4,0,0,NA,NA,1,NA
2015,17,289*A,Elymus lanceolatus,28,81,10,0,4,7,0,0,0,9,-5,1,0
2016,17,289*A,Elymus lanceolatus,28,81,10,0,10,21,5,0,0,4,6,1,0
2017,17,289*A,Elymus lanceolatus,28,81,10,0,18,18,0,0,0,10,8,1,0
2018,17,289*A,Elymus lanceolatus,28,81,10,0,3,9,0,0,0,18,-15,1,0
2019,17,289*A,Elymus lanceolatus,28,81,10,0,2.5,10,0,0,0,3,-0.5,1,0
2020,17,289*A,Elymus lanceolatus,28,81,10,0,7,8,0,0,0,2.5,4.5,1,0
2021,17,289*A,Elymus lanceolatus,28,81,10,0,10,10.5,0,0,0,7,3,1,0
2021,32,2890*A,Lupinus argenteus,149,87,5,0,7.5,4.5,0,0,0,NA,NA,1,1
2021,32,2891*A,Heterotheca villosa,141,82,5,0,0.6,0.2,0,1,0,NA,NA,1,1
2021,33,2892*A,Ivesia gordonii,144,63,0,5,1,1,0,1,0,NA,NA,1,1
2021,33,2893*A,Heterotheca villosa,4,34.5,0,-5,0.5,0.7,0,1,0,NA,NA,1,1
2021,33,2894*A,Poa stenantha,22,54,-5,5,1,6,0,1,0,NA,NA,1,1
2021,33,2895*A,Poa stenantha,24,55,-5,5,1,4.5,0,1,0,NA,NA,1,1
2021,33,2896*A,Poa stenantha,33,60,0,5,0.5,2.5,0,1,0,NA,NA,1,1
2021,33,2897*A,Heterotheca villosa,56,153,-5,-5,0.9,0.5,0,1,0,NA,NA,1,1
2021,33,2898*A,Heterotheca villosa,82,198,-5,-5,0.6,0.3,0,1,0,NA,NA,1,1
2021,33,2899*A,Heterotheca villosa,122,167,5,5,0.8,0.3,0,1,0,NA,NA,1,1
2014,5,29*A,Ivesia gordonii,5,123,-10,-10,8,4,0,0,0,NA,NA,1,NA
2015,5,29*A,Ivesia gordonii,5,123,-10,-10,14.5,6.5,1,0,0,8,6.5,1,0
2016,5,29*A,Ivesia gordonii,5,123,-10,-10,0,0,0,0,1,14.5,-14.5,0,0
2014,17,290*A,Elymus lanceolatus,24,89,-10,0,5,9,0,0,0,NA,NA,1,NA
2015,17,290*A,Elymus lanceolatus,24,89,-10,0,5,11,0,0,0,5,0,1,0
2016,17,290*A,Elymus lanceolatus,24,89,-10,0,5,13,0,0,0,5,0,1,0
2017,17,290*A,Elymus lanceolatus,24,89,-10,0,5,9,0,0,0,5,0,1,0
2018,17,290*A,Elymus lanceolatus,24,89,-10,0,4,9,0,0,0,5,-1,1,0
2019,17,290*A,Elymus lanceolatus,24,89,-10,0,11,17,0,0,0,4,7,1,0
2020,17,290*A,Elymus lanceolatus,24,89,-10,0,3.5,8,0,0,0,11,-7.5,1,0
2021,17,290*A,Elymus lanceolatus,24,89,-10,0,0,0,0,0,0,3.5,-3.5,1,0
2021,33,2900*A,Elymus lanceolatus,121,167,-2,-5,1,3,0,1,0,NA,NA,1,1
2021,34,2901*A,Poa stenantha,90,176,13,1,4.5,1.5,0,1,0,NA,NA,1,1
2021,36,2902*A,Heterotheca villosa,112,159,5,5,0.9,0.4,0,1,0,NA,NA,1,1
2021,36,2903*A,Agoseris glauca,106,152,18,0,1.3,3,0,1,0,NA,NA,1,1
2021,36,2904*A,Poa stenantha,93,168,-18,0,0.9,4,0,1,0,NA,NA,1,1
2021,36,2905*A,Eriogonum umbellatum,95,165,5,0,0.9,0.4,0,1,0,NA,NA,1,1
2021,37,2906*A,Poa stenantha,85,98,-5,-5,4,3.5,0,1,0,NA,NA,1,1
2021,37,2907*A,Eriogonum umbellatum,138,156,-5,-5,0.7,0.2,0,1,0,NA,NA,1,1
2021,40,2908*A,Eriogonum umbellatum,103,141,-5,-5,1,0.5,0,1,0,NA,NA,1,1
2021,40,2909*A,Ivesia gordonii,95,151,-5,-5,1,0.5,0,1,0,NA,NA,1,1
2014,17,291*A,Elymus lanceolatus,23,99,-10,0,6,18,4,0,0,NA,NA,1,NA
2015,17,291*A,Elymus lanceolatus,23,99,-10,0,17,23,2,0,0,6,11,1,0
2016,17,291*A,Elymus lanceolatus,23,99,-10,0,13,25,6,0,0,17,-4,1,0
2017,17,291*A,Elymus lanceolatus,23,99,-10,0,30,18,1,0,0,13,17,1,0
2018,17,291*A,Elymus lanceolatus,23,99,-10,0,32,23,10,0,0,30,2,1,0
2019,17,291*A,Elymus lanceolatus,23,99,-10,0,18,24.5,5,0,0,32,-14,1,0
2020,17,291*A,Elymus lanceolatus,23,99,-10,0,21,23,2,0,0,18,3,1,0
2021,17,291*A,Elymus lanceolatus,23,99,-10,0,19,23,4,0,0,21,-2,1,0
2021,41,2910*A,Senecio crassulus,6,112,5,0,1.3,1,0,1,0,NA,NA,1,1
2021,41,2911*A,Phacelia hastata,157,177,-5,-5,2,1.4,0,1,0,NA,NA,1,1
2021,41,2912*A,Phacelia hastata,170,178,0,-5,4.7,2.5,0,1,0,NA,NA,1,1
2021,45,2913*A,Heterotheca villosa,0,22,-5,-5,25.5,8.5,54,0,0,NA,NA,1,1
2021,46,2914*A,Arenaria congesta,3,4,-5,-5,3,3,0,0,0,NA,NA,1,1
2021,46,2915*A,Arenaria congesta,55,13.5,-5,-5,0.3,0.5,0,1,0,NA,NA,1,1
2021,46,2916*A,Ivesia gordonii,51,10,-5,-5,1.5,1.5,0,1,0,NA,NA,1,1
2021,46,2917*A,Carex siccata,95.46750156,19.01920404,-5,-5,4.5,8.5,0,0,0,NA,NA,1,1
2021,46,2917*B,Carex siccata,94.83453633,19.3376468,-5,-5,4.5,8.5,0,0,0,NA,NA,1,1
2020,46,2918*A,Elymus lanceolatus,131,28,-5,-5,12.5,10.5,0,0,0,NA,NA,1,1
2021,46,2918*A,Elymus lanceolatus,131,28,-5,-5,12.5,10.5,0,0,0,12.5,0,1,0
2021,46,2919*A,Phacelia hastata,141,29,-5,-5,2.7,0.8,0,0,0,NA,NA,1,1
2014,17,292*A,Elymus lanceolatus,28,91,5,-5,6,12,0,0,0,NA,NA,1,NA
2015,17,292*A,Elymus lanceolatus,28,91,5,-5,2,13,0,0,0,6,-4,1,0
2016,17,292*A,Elymus lanceolatus,28,91,5,-5,5,11,0,0,0,2,3,1,0
2017,17,292*A,Elymus lanceolatus,28,91,5,-5,12,16,0,0,0,5,7,1,0
2018,17,292*A,Elymus lanceolatus,28,91,5,-5,4,15,1,0,0,12,-8,1,0
2019,17,292*A,Elymus lanceolatus,28,91,5,-5,4,11,0,0,0,4,0,1,0
2020,17,292*A,Elymus lanceolatus,28,91,5,-5,6.5,11,0,0,0,4,2.5,1,0
2021,17,292*A,Elymus lanceolatus,28,91,5,-5,9,9,0,0,0,6.5,2.5,1,0
2021,46,2920*A,Arenaria congesta,137,21,5,0,0.4,0.6,0,1,0,NA,NA,1,1
2021,46,2921*A,Arenaria congesta,156.2629696,29.94830227,0,-5,0.3,0.7,0,1,0,NA,NA,1,1
2021,46,2921*B,Arenaria congesta,155.9069267,30.12742632,0,-5,0.3,0.7,0,1,0,NA,NA,1,1
2021,46,2922*A,Carex siccata,167,12,-5,0,12,14.5,0,0,0,NA,NA,1,1
2021,46,2923*A,Eriogonum umbellatum,167,19,-5,-5,1,1,0,1,0,NA,NA,1,1
2021,46,2924*A,Carex siccata,184,7,-5,-5,16,17,0,0,0,NA,NA,1,1
2021,46,2925*A,Agoseris glauca,196,23,14,0,1.5,3,0,1,0,NA,NA,1,1
2021,46,2926*A,Elymus lanceolatus,199,28,9,0,28,21,3,0,0,NA,NA,1,1
2014,46,2927*A,Carex siccata,192,95,0,-5,12,18,3,0,0,NA,NA,1,NA
2015,46,2927*A,Carex siccata,192,95,0,-5,0,0,0,0,0,12,-12,1,0
2016,46,2927*A,Carex siccata,192,95,0,-5,4,11,1,0,0,0,4,1,0
2017,46,2927*A,Carex siccata,192,95,0,-5,24,12,0,0,0,4,20,1,0
2018,46,2927*A,Carex siccata,192,95,0,-5,21,11,0,0,0,24,-3,1,0
2019,46,2927*A,Carex siccata,192,95,0,-5,2,5,0,0,0,21,-19,1,0
2020,46,2927*A,Carex siccata,192,95,0,-5,15,11,0,0,0,2,13,1,0
2021,46,2927*A,Carex siccata,192,95,0,-5,24,23,2,0,0,15,9,1,0
2021,46,2928*A,Agoseris glauca,158,112,-5,-5,0.5,2,0,1,0,NA,NA,1,1
2021,46,2929*A,Eriogonum umbellatum,163,135,0,-5,0.7,0.7,0,0,0,NA,NA,1,1
2014,17,293*A,Elymus lanceolatus,30,105,-5,0,3,18,1,0,0,NA,NA,1,NA
2015,17,293*A,Elymus lanceolatus,30,105,-5,0,6,17,0,0,0,3,3,1,0
2016,17,293*A,Elymus lanceolatus,30,105,-5,0,7,18,1,0,0,6,1,1,0
2017,17,293*A,Elymus lanceolatus,30,105,-5,0,0,0,0,0,1,7,-7,0,0
2021,46,2930*A,Ivesia gordonii,154,116,-5,-5,0.8,1,0,1,0,NA,NA,1,1
2020,46,2931*A,Eriogonum umbellatum,156,134,-5,-5,1,0.9,0,0,0,NA,NA,1,1
2021,46,2931*A,Eriogonum umbellatum,156,134,-5,-5,1,0.9,0,0,0,1,0,1,0
2021,46,2932*A,Arenaria congesta,158.9934408,90.91580858,0,0,0.5,0.5,0,1,0,NA,NA,1,1
2021,46,2932*B,Arenaria congesta,157.6483897,91.59249944,0,0,0.5,0.5,0,1,0,NA,NA,1,1
2021,46,2932*C,Arenaria congesta,154.6410114,85.55219859,0,0,0.5,0.5,0,1,0,NA,NA,1,1
2021,46,2932*D,Arenaria congesta,162.9336476,99.27050518,0,0,0.5,0.5,0,1,0,NA,NA,1,1
2021,46,2932*E,Arenaria congesta,152.3047445,96.52254235,0,0,0.5,0.5,0,1,0,NA,NA,1,1
2021,46,2932*F,Arenaria congesta,152.4930128,97.45368273,0,0,0.5,0.5,0,1,0,NA,NA,1,1
2021,46,2932*G,Arenaria congesta,160.1168029,98.11397428,0,0,0.5,0.5,0,1,0,NA,NA,1,1
2021,46,2932*H,Arenaria congesta,152.2807098,90.98334368,0,0,0.5,0.5,0,1,0,NA,NA,1,1
2021,46,2932*I,Arenaria congesta,161.802275,87.26456385,0,0,0.5,0.5,0,1,0,NA,NA,1,1
2021,46,2932*J,Arenaria congesta,158.3464912,97.91204429,0,0,0.5,0.5,0,1,0,NA,NA,1,1
2021,46,2933*A,Arenaria congesta,151.9350031,110.0384081,0,0,0.5,0.6,0,1,0,NA,NA,1,1
2021,46,2933*B,Arenaria congesta,150.6690727,110.6752936,0,0,0.5,0.6,0,1,0,NA,NA,1,1
2021,46,2933*C,Arenaria congesta,147.8385989,104.9903046,0,0,0.5,0.6,0,1,0,NA,NA,1,1
2021,46,2933*D,Arenaria congesta,155.643433,117.9016519,0,0,0.5,0.6,0,1,0,NA,NA,1,1
2021,46,2933*E,Arenaria congesta,145.6397596,115.315334,0,0,0.5,0.6,0,1,0,NA,NA,1,1
2021,46,2934*A,Agoseris glauca,135,124,-5,-5,0.7,0.4,0,1,0,NA,NA,1,1
2021,46,2935*A,Elymus lanceolatus,85,81,0,-10,4.5,3.5,0,1,0,NA,NA,1,1
2021,46,2936*A,Agoseris glauca,193,53,-5,-5,2,3.8,0,1,0,NA,NA,1,1
2021,46,2937*A,Agoseris glauca,192,65,-5,-5,1.9,2.5,0,1,0,NA,NA,1,1
2021,46,2938*A,Agoseris glauca,200,50,-5,0,1.1,2,0,1,0,NA,NA,1,1
2021,46,2939*A,Arenaria congesta,177.7304712,128.4675063,-5,0,0.8,0.7,0,1,0,NA,NA,1,1
2021,46,2939*B,Arenaria congesta,176.741463,128.9650731,-5,0,0.8,0.7,0,1,0,NA,NA,1,1
2014,17,294*A,Lupinus argenteus,40,123,-10,-10,7,5,0,0,0,NA,NA,1,NA
2015,17,294*A,Lupinus argenteus,40,123,-10,-10,0,0,0,0,1,7,-7,0,0
2021,46,2940*A,Eriogonum umbellatum,165,164,0,5,0.8,0.7,0,1,0,NA,NA,1,1
2014,17,295*A,Lupinus argenteus,28,140,-10,-10,11,9,0,0,0,NA,NA,1,NA
2015,17,295*A,Lupinus argenteus,28,140,-10,-10,0,0,0,0,1,11,-11,0,0
2014,17,296*A,Lupinus argenteus,28,183,-10,-10,7,4,0,0,0,NA,NA,1,NA
2015,17,296*A,Lupinus argenteus,28,183,-10,-10,10,5,0,0,0,7,3,1,0
2016,17,296*A,Lupinus argenteus,28,183,-10,-10,0,0,0,0,1,10,-10,0,0
2014,17,297*A,Lupinus argenteus,40,183,-10,-10,8,5,0,0,0,NA,NA,1,NA
2015,17,297*A,Lupinus argenteus,40,183,-10,-10,4,3,0,0,0,8,-4,1,0
2016,17,297*A,Lupinus argenteus,40,183,-10,-10,6,6,0,0,0,4,2,1,0
2017,17,297*A,Lupinus argenteus,40,183,-10,-10,2,1,0,0,0,6,-4,1,0
2018,17,297*A,Lupinus argenteus,40,183,-10,-10,0,0,0,0,1,2,-2,0,0
2014,17,298*A,Lupinus argenteus,45,110,-10,-10,6,4,0,0,0,NA,NA,1,NA
2015,17,298*A,Lupinus argenteus,45,110,-10,-10,7,6,0,0,0,6,1,1,0
2016,17,298*A,Lupinus argenteus,45,110,-10,-10,0,0,0,0,1,7,-7,0,0
2014,17,299*A,Lupinus argenteus,70,110,-10,-10,8,7,0,0,0,NA,NA,1,NA
2015,17,299*A,Lupinus argenteus,70,110,-10,-10,0,0,0,0,1,8,-8,0,0
2014,1,3*A,Ivesia gordonii,104,19,-10,-10,14,4,4,0,0,NA,NA,1,NA
2015,1,3*A,Ivesia gordonii,104,19,-10,-10,14,4,5,0,0,14,0,1,0
2016,1,3*A,Ivesia gordonii,104,19,-10,-10,18,7.3,30,0,0,14,4,1,0
2017,1,3*A,Ivesia gordonii,104,19,-10,-10,0,0,0,0,1,18,-18,0,0
2014,5,30*A,Lupinus argenteus,55,170,-10,-10,12,5,0,0,0,NA,NA,1,NA
2015,5,30*A,Lupinus argenteus,55,170,-10,-10,9,5,0,0,0,12,-3,1,0
2016,5,30*A,Lupinus argenteus,55,170,-10,-10,3.5,3.6,0,0,0,9,-5.5,1,0
2017,5,30*A,Lupinus argenteus,55,170,-10,-10,6.5,5.5,0,0,0,3.5,3,1,0
2018,5,30*A,Lupinus argenteus,55,170,-10,-10,0,0,0,0,1,6.5,-6.5,0,0
2014,17,300*A,Lupinus argenteus,80,110,-10,-10,7,6,0,0,0,NA,NA,1,NA
2015,17,300*A,Lupinus argenteus,80,110,-10,-10,6,4,0,0,0,7,-1,1,0
2016,17,300*A,Lupinus argenteus,80,110,-10,-10,4,4,0,0,0,6,-2,1,0
2017,17,300*A,Lupinus argenteus,80,110,-10,-10,0,0,0,0,1,4,-4,0,0
2014,17,301*A,Lupinus argenteus,90,110,-10,-10,2,3,0,0,0,NA,NA,1,NA
2015,17,301*A,Lupinus argenteus,90,110,-10,-10,0,0,0,0,1,2,-2,0,0
2014,17,302*A,Lupinus argenteus,92,140,-10,-10,3,4,0,0,0,NA,NA,1,NA
2015,17,302*A,Lupinus argenteus,92,140,-10,-10,0,0,0,0,1,3,-3,0,0
2014,17,303*A,Lupinus argenteus,95,125,-10,-10,6,5,0,0,0,NA,NA,1,NA
2015,17,303*A,Lupinus argenteus,95,125,-10,-10,0,0,0,0,1,6,-6,0,0
2014,17,304*A,Lupinus argenteus,51,15,-10,-10,2,1,0,0,0,NA,NA,1,NA
2015,17,304*A,Lupinus argenteus,51,15,-10,-10,0,0,0,0,1,2,-2,0,0
2014,17,305*A,Lupinus argenteus,65,1,-5,0,4,5,0,0,0,NA,NA,1,NA
2015,17,305*A,Lupinus argenteus,65,1,-5,0,10,7,0,0,0,4,6,1,0
2016,17,305*A,Lupinus argenteus,65,1,-5,0,3,3,0,0,0,10,-7,1,0
2017,17,305*A,Lupinus argenteus,65,1,-5,0,15,8,0,0,0,3,12,1,0
2018,17,305*A,Lupinus argenteus,65,1,-5,0,8.5,9,0,0,0,15,-6.5,1,0
2019,17,305*A,Lupinus argenteus,65,1,-5,0,6,4.5,0,0,0,8.5,-2.5,1,0
2020,17,305*A,Lupinus argenteus,65,1,-5,0,0,0,0,0,1,6,-6,0,0
2014,17,306*A,Heterotheca villosa,65,10,-5,0,10,4,6,0,0,NA,NA,1,NA
2015,17,306*A,Heterotheca villosa,65,10,-5,0,10,2,4,0,0,10,0,1,0
2016,17,306*A,Heterotheca villosa,65,10,-5,0,18,6,13,0,0,10,8,1,0
2017,17,306*A,Heterotheca villosa,65,10,-5,0,12,5,14,0,0,18,-6,1,0
2018,17,306*A,Heterotheca villosa,65,10,-5,0,3,2.5,0,0,0,12,-9,1,0
2019,17,306*A,Heterotheca villosa,65,10,-5,0,0,0,0,0,1,3,-3,0,0
2014,17,307*A,Lupinus argenteus,80,40,-10,-10,13,10,0,0,0,NA,NA,1,NA
2015,17,307*A,Lupinus argenteus,80,40,-10,-10,9,5,0,0,0,13,-4,1,0
2016,17,307*A,Lupinus argenteus,80,40,-10,-10,7,4,0,0,0,9,-2,1,0
2017,17,307*A,Lupinus argenteus,80,40,-10,-10,0,0,0,0,1,7,-7,0,0
2014,17,308*A,Lupinus argenteus,95,40,-10,-10,6,7,0,0,0,NA,NA,1,NA
2015,17,308*A,Lupinus argenteus,95,40,-10,-10,5,5,0,0,0,6,-1,1,0
2016,17,308*A,Lupinus argenteus,95,40,-10,-10,0,0,0,0,1,5,-5,0,0
2014,17,309*A,Lupinus argenteus,75,60,-10,-10,16,10,2,0,0,NA,NA,1,NA
2015,17,309*A,Lupinus argenteus,75,60,-10,-10,3.5,2.5,0,0,0,16,-12.5,1,0
2016,17,309*A,Lupinus argenteus,75,60,-10,-10,7,3,0,0,0,3.5,3.5,1,0
2017,17,309*A,Lupinus argenteus,75,60,-10,-10,0,0,0,0,1,7,-7,0,0
2014,5,31*A,Lupinus argenteus,57,185,-10,-10,12,6,0,0,0,NA,NA,1,NA
2015,5,31*A,Lupinus argenteus,57,185,-10,-10,9,5,0,0,0,12,-3,1,0
2016,5,31*A,Lupinus argenteus,57,185,-10,-10,5.8,5.5,0,0,0,9,-3.2,1,0
2017,5,31*A,Lupinus argenteus,57,185,-10,-10,3.5,3,0,0,0,5.8,-2.3,1,0
2018,5,31*A,Lupinus argenteus,57,185,-10,-10,0,0,0,0,1,3.5,-3.5,0,0
2014,17,310*A,Lupinus argenteus,85,60,-10,-10,14,10,2,0,0,NA,NA,1,NA
2015,17,310*A,Lupinus argenteus,85,60,-10,-10,0,0,0,0,1,14,-14,0,0
2014,17,311*A,Lupinus argenteus,75,70,-10,-10,8,7,1,0,0,NA,NA,1,NA
2015,17,311*A,Lupinus argenteus,75,70,-10,-10,4.5,5,0,0,0,8,-3.5,1,0
2016,17,311*A,Lupinus argenteus,75,70,-10,-10,0,0,0,0,1,4.5,-4.5,0,0
2014,17,312*A,Lupinus argenteus,75,73,0,5,6,5,0,0,0,NA,NA,1,NA
2015,17,312*A,Lupinus argenteus,75,73,0,5,5,5,0,0,0,6,-1,1,0
2016,17,312*A,Lupinus argenteus,75,73,0,5,0,0,0,0,1,5,-5,0,0
2014,17,313*A,Lupinus argenteus,85,80,0,5,6,6,0,0,0,NA,NA,1,NA
2015,17,313*A,Lupinus argenteus,85,80,0,5,4,5,0,0,0,6,-2,1,0
2016,17,313*A,Lupinus argenteus,85,80,0,5,12,6,0,0,0,4,8,1,0
2017,17,313*A,Lupinus argenteus,85,80,0,5,9,5,0,0,0,12,-3,1,0
2018,17,313*A,Lupinus argenteus,85,80,0,5,0,0,0,0,1,9,-9,0,0
2014,17,314*A,Lupinus argenteus,90,70,0,-10,18,11,1,0,0,NA,NA,1,NA
2015,17,314*A,Lupinus argenteus,90,70,0,-10,0.5,0.5,0,0,0,18,-17.5,1,0
2016,17,314*A,Lupinus argenteus,90,70,0,-10,0,0,0,0,1,0.5,-0.5,0,0
2014,17,315*A,Lupinus argenteus,105,80,-10,-10,8,6,0,0,0,NA,NA,1,NA
2015,17,315*A,Lupinus argenteus,105,80,-10,-10,6,3,0,0,0,8,-2,1,0
2016,17,315*A,Lupinus argenteus,105,80,-10,-10,0.5,1,0,0,0,6,-5.5,1,0
2017,17,315*A,Lupinus argenteus,105,80,-10,-10,0,0,0,0,1,0.5,-0.5,0,0
2014,17,316*A,Lupinus argenteus,130,55,-10,-10,10,7,0,0,0,NA,NA,1,NA
2015,17,316*A,Lupinus argenteus,130,55,-10,-10,15,9,0,0,0,10,5,1,0
2016,17,316*A,Lupinus argenteus,130,55,-10,-10,0,0,0,0,1,15,-15,0,0
2014,17,318*A,Lupinus argenteus,149,50,-10,-10,12,10,1,0,0,NA,NA,1,NA
2015,17,318*A,Lupinus argenteus,149,50,-10,-10,8,2,0,0,0,12,-4,1,0
2016,17,318*A,Lupinus argenteus,149,50,-10,-10,11,7,0,0,0,8,3,1,0
2017,17,318*A,Lupinus argenteus,149,50,-10,-10,3,2,0,0,0,11,-8,1,0
2018,17,318*A,Lupinus argenteus,149,50,-10,-10,0,0,0,0,1,3,-3,0,0
2014,17,319*A,Lupinus argenteus,110,15,-10,-10,5,4,0,0,0,NA,NA,1,NA
2015,17,319*A,Lupinus argenteus,110,15,-10,-10,6,4,0,0,0,5,1,1,0
2016,17,319*A,Lupinus argenteus,110,15,-10,-10,4,1,0,0,0,6,-2,1,0
2017,17,319*A,Lupinus argenteus,110,15,-10,-10,0,0,0,0,1,4,-4,0,0
2014,5,32*A,Lupinus argenteus,105,155,-10,-10,11,6,0,0,0,NA,NA,1,NA
2015,5,32*A,Lupinus argenteus,105,155,-10,-10,0,0,0,0,1,11,-11,0,0
2014,17,320*A,Lupinus argenteus,110,17,-10,10,0.5,1,0,1,0,NA,NA,1,1
2015,17,320*A,Lupinus argenteus,110,17,-10,10,0,0,0,0,1,0.5,-0.5,0,0
2014,17,321*A,Lupinus argenteus,111,18,10,10,1,2,0,0,0,NA,NA,1,NA
2015,17,321*A,Lupinus argenteus,111,18,10,10,6,4,0,0,0,1,5,1,0
2016,17,321*A,Lupinus argenteus,111,18,10,10,0,0,0,0,1,6,-6,0,0
2014,17,322*A,Lupinus argenteus,117,15,-10,-10,7,6,0,0,0,NA,NA,1,NA
2015,17,322*A,Lupinus argenteus,117,15,-10,-10,0.6,1,0,0,0,7,-6.4,1,0
2016,17,322*A,Lupinus argenteus,117,15,-10,-10,0,0,0,0,1,0.6,-0.6,0,0
2014,17,323*A,Lupinus argenteus,199,130,-10,0,16,11,0,0,0,NA,NA,1,NA
2015,17,323*A,Lupinus argenteus,199,130,-10,0,7,6,0,0,0,16,-9,1,0
2016,17,323*A,Lupinus argenteus,199,130,-10,0,1,2,0,0,0,7,-6,1,0
2017,17,323*A,Lupinus argenteus,199,130,-10,0,0,0,0,0,1,1,-1,0,0
2014,17,324*A,Lupinus argenteus,150,105,-10,-10,1,1,0,1,0,NA,NA,1,1
2015,17,324*A,Lupinus argenteus,150,105,-10,-10,6,4,0,0,0,1,5,1,0
2016,17,324*A,Lupinus argenteus,150,105,-10,-10,0,0,0,0,1,6,-6,0,0
2014,17,326*A,Lupinus argenteus,155,150,-10,-10,3,2,0,0,0,NA,NA,1,NA
2015,17,326*A,Lupinus argenteus,155,150,-10,-10,0,0,0,0,1,3,-3,0,0
2014,17,327*A,Lupinus argenteus,115,160,-10,-10,8,6,0,0,0,NA,NA,1,NA
2015,17,327*A,Lupinus argenteus,115,160,-10,-10,0,0,0,0,1,8,-8,0,0
2014,18,328*A,Ivesia gordonii,34,11.5,-10,-10,11,6,2,0,0,NA,NA,1,NA
2015,18,328*A,Ivesia gordonii,34,11.5,-10,-10,18,8.5,18,0,0,11,7,1,0
2016,18,328*A,Ivesia gordonii,34,11.5,-10,-10,25,10,40,0,0,18,7,1,0
2017,18,328*A,Ivesia gordonii,34,11.5,-10,-10,1.5,1.5,0,0,0,25,-23.5,1,0
2018,18,328*A,Ivesia gordonii,34,11.5,-10,-10,0,0,0,0,1,1.5,-1.5,0,0
2014,18,329*A,Ivesia gordonii,37,12,-10,-10,12,5,1,0,0,NA,NA,1,NA
2015,18,329*A,Ivesia gordonii,37,12,-10,-10,17.5,7,10,0,1,12,5.5,0,0
2014,5,33*A,Lupinus argenteus,98,155,-10,-10,8,5,0,0,0,NA,NA,1,NA
2015,5,33*A,Lupinus argenteus,98,155,-10,-10,5.5,4,0,0,0,8,-2.5,1,0
2016,5,33*A,Lupinus argenteus,98,155,-10,-10,0,0,0,0,1,5.5,-5.5,0,0
2014,18,330*A,Eriogonum umbellatum,54,78,-10,-10,32,3,32,0,0,NA,NA,1,NA
2015,18,330*A,Eriogonum umbellatum,54,78,-10,-10,37,2.5,32,0,0,32,5,1,0
2016,18,330*A,Eriogonum umbellatum,54,78,-10,-10,42,4,95,0,0,37,5,1,0
2017,18,330*A,Eriogonum umbellatum,54,78,-10,-10,40,2,18,0,0,42,-2,1,0
2018,18,330*A,Eriogonum umbellatum,54,78,-10,-10,35,3,30,0,0,40,-5,1,0
2019,18,330*A,Eriogonum umbellatum,54,78,-10,-10,34,3.5,55,0,0,35,-1,1,0
2020,18,330*A,Eriogonum umbellatum,54,78,-10,-10,38,3,16,0,0,34,4,1,0
2021,18,330*A,Eriogonum umbellatum,54,78,-10,-10,40,2,77,0,0,38,2,1,0
2014,18,331*A,Ivesia gordonii,30,90,-10,-10,13,6,13,0,0,NA,NA,1,NA
2015,18,331*A,Ivesia gordonii,30,90,-10,-10,15.5,5,30,0,0,13,2.5,1,0
2016,18,331*A,Ivesia gordonii,30,90,-10,-10,0,0,0,0,1,15.5,-15.5,0,0
2014,18,332*A,Ivesia gordonii,35,85,-10,-10,8,6,6,0,0,NA,NA,1,NA
2015,18,332*A,Ivesia gordonii,35,85,-10,-10,11.5,5,1,0,0,8,3.5,1,0
2016,18,332*A,Ivesia gordonii,35,85,-10,-10,12,4,0,0,0,11.5,0.5,1,0
2017,18,332*A,Ivesia gordonii,35,85,-10,-10,0,0,0,0,1,12,-12,0,0
2014,18,333*A,Ivesia gordonii,40,80,-10,-10,9,7,9,0,0,NA,NA,1,NA
2015,18,333*A,Ivesia gordonii,40,80,-10,-10,9,5.5,0,0,0,9,0,1,0
2016,18,333*A,Ivesia gordonii,40,80,-10,-10,0,0,0,0,1,9,-9,0,0
2014,18,334*A,Elymus lanceolatus,56,83,-10,10,3,9,0,0,0,NA,NA,1,NA
2015,18,334*A,Elymus lanceolatus,56,83,-10,10,5,12,0,0,0,3,2,1,0
2016,18,334*A,Elymus lanceolatus,56,83,-10,10,24,20,4,0,0,5,19,1,0
2017,18,334*A,Elymus lanceolatus,56,83,-10,10,27,29,15,0,0,24,3,1,0
2018,18,334*A,Elymus lanceolatus,56,83,-10,10,28,24,30,0,0,27,1,1,0
2019,18,334*A,Elymus lanceolatus,56,83,-10,10,38,30,7,0,0,28,10,1,0
2020,18,334*A,Elymus lanceolatus,56,83,-10,10,31.5,32,12,0,0,38,-6.5,1,0
2021,18,334*A,Elymus lanceolatus,56,83,-10,10,22.5,30,18,0,0,31.5,-9,1,0
2014,18,335*A,Ivesia gordonii,80,81,-5,0,14,6,8,0,0,NA,NA,1,NA
2015,18,335*A,Ivesia gordonii,80,81,-5,0,14.5,3,5,0,0,14,0.5,1,0
2016,18,335*A,Ivesia gordonii,80,81,-5,0,19,5,30,0,0,14.5,4.5,1,0
2017,18,335*A,Ivesia gordonii,80,81,-5,0,3,3,0,0,0,19,-16,1,0
2018,18,335*A,Ivesia gordonii,80,81,-5,0,5.5,3.5,2,0,0,3,2.5,1,0
2019,18,335*A,Ivesia gordonii,80,81,-5,0,12,6.5,2,0,0,5.5,6.5,1,0
2020,18,335*A,Ivesia gordonii,80,81,-5,0,9,6,1,0,0,12,-3,1,0
2021,18,335*A,Ivesia gordonii,80,81,-5,0,12.5,5,5,0,0,9,3.5,1,0
2014,18,336*A,Elymus lanceolatus,94,115,-10,-10,8,15,4,0,0,NA,NA,1,NA
2015,18,336*A,Elymus lanceolatus,94,115,-10,-10,16,22,1,0,0,8,8,1,0
2016,18,336*A,Elymus lanceolatus,94,115,-10,-10,26,24,18,0,0,16,10,1,0
2017,18,336*A,Elymus lanceolatus,94,115,-10,-10,32,24,11,0,0,26,6,1,0
2018,18,336*A,Elymus lanceolatus,94,115,-10,-10,22.5,25,28,0,0,32,-9.5,1,0
2019,18,336*A,Elymus lanceolatus,94,115,-10,-10,30,22.5,4,0,0,22.5,7.5,1,0
2020,18,336*A,Elymus lanceolatus,94,115,-10,-10,24,16.5,4,0,0,30,-6,1,0
2021,18,336*A,Elymus lanceolatus,94,115,-10,-10,28,24.5,7,0,0,24,4,1,0
2014,18,337*A,Ivesia gordonii,176,166,-10,-10,8,6,3,0,0,NA,NA,1,NA
2015,18,337*A,Ivesia gordonii,176,166,-10,-10,10.5,4.5,4,0,0,8,2.5,1,0
2016,18,337*A,Ivesia gordonii,176,166,-10,-10,12,6,0,0,0,10.5,1.5,1,0
2017,18,337*A,Ivesia gordonii,176,166,-10,-10,11,5,9,0,0,12,-1,1,0
2018,18,337*A,Ivesia gordonii,176,166,-10,-10,13.5,5.5,0,0,0,11,2.5,1,0
2019,18,337*A,Ivesia gordonii,176,166,-10,-10,15,8,2,0,0,13.5,1.5,1,0
2020,18,337*A,Ivesia gordonii,176,166,-10,-10,11.5,4,0,0,0,15,-3.5,1,0
2021,18,337*A,Ivesia gordonii,176,166,-10,-10,12,5,0,0,0,11.5,0.5,1,0
2014,18,338*A,Ivesia gordonii,108,60,-10,-10,14,8,5,0,0,NA,NA,1,NA
2015,18,338*A,Ivesia gordonii,108,60,-10,-10,15,7.5,3,0,0,14,1,1,0
2016,18,338*A,Ivesia gordonii,108,60,-10,-10,24,9,27,0,0,15,9,1,0
2017,18,338*A,Ivesia gordonii,108,60,-10,-10,23,9,13,0,0,24,-1,1,0
2018,18,338*A,Ivesia gordonii,108,60,-10,-10,23,9,17,0,0,23,0,1,0
2019,18,338*A,Ivesia gordonii,108,60,-10,-10,25,9.5,14,0,0,23,2,1,0
2020,18,338*A,Ivesia gordonii,108,60,-10,-10,32,9,11,0,0,25,7,1,0
2021,18,338*A,Ivesia gordonii,108,60,-10,-10,26,9,27,0,0,32,-6,1,0
2014,18,339*A,Heterotheca villosa,145,195,-10,-10,22,7,24,0,0,NA,NA,1,NA
2015,18,339*A,Heterotheca villosa,145,195,-10,-10,18.5,4.5,12,0,0,22,-3.5,1,0
2016,18,339*A,Heterotheca villosa,145,195,-10,-10,20,5,3,0,0,18.5,1.5,1,0
2017,18,339*A,Heterotheca villosa,145,195,-10,-10,0,0,0,0,1,20,-20,0,0
2014,5,34*A,Lupinus argenteus,170,180,-10,-10,11,6,0,0,0,NA,NA,1,NA
2015,5,34*A,Lupinus argenteus,170,180,-10,-10,10,7,0,0,0,11,-1,1,0
2016,5,34*A,Lupinus argenteus,170,180,-10,-10,5.7,3.7,0,0,0,10,-4.3,1,0
2017,5,34*A,Lupinus argenteus,170,180,-10,-10,5.5,4.5,0,0,0,5.7,-0.2,1,0
2018,5,34*A,Lupinus argenteus,170,180,-10,-10,0,0,0,0,1,5.5,-5.5,0,0
2014,19,340*A,Ivesia gordonii,53,17,-10,-10,11,6,7,0,0,NA,NA,1,NA
2015,19,340*A,Ivesia gordonii,53,17,-10,-10,13.5,6,9,0,0,11,2.5,1,0
2016,19,340*A,Ivesia gordonii,53,17,-10,-10,12,6,1,0,0,13.5,-1.5,1,0
2017,19,340*A,Ivesia gordonii,53,17,-10,-10,12,7,1,0,0,12,0,1,0
2018,19,340*A,Ivesia gordonii,53,17,-10,-10,11.5,6,0,0,0,12,-0.5,1,0
2019,19,340*A,Ivesia gordonii,53,17,-10,-10,12,7,9,0,0,11.5,0.5,1,0
2020,19,340*A,Ivesia gordonii,53,17,-10,-10,11,4.5,0,0,0,12,-1,1,0
2021,19,340*A,Ivesia gordonii,53,17,-10,-10,13,5,2,0,0,11,2,1,0
2014,19,341*A,Ivesia gordonii,77,28,-10,-10,10,5,7,0,0,NA,NA,1,NA
2015,19,341*A,Ivesia gordonii,77,28,-10,-10,12.5,3.5,0,0,0,10,2.5,1,0
2016,19,341*A,Ivesia gordonii,77,28,-10,-10,11,5,3,0,0,12.5,-1.5,1,0
2017,19,341*A,Ivesia gordonii,77,28,-10,-10,11,6,5,0,0,11,0,1,0
2018,19,341*A,Ivesia gordonii,77,28,-10,-10,8,5,5,0,0,11,-3,1,0
2019,19,341*A,Ivesia gordonii,77,28,-10,-10,6.5,6,0,0,0,8,-1.5,1,0
2020,19,341*A,Ivesia gordonii,77,28,-10,-10,0,0,0,0,1,6.5,-6.5,0,0
2014,19,342*A,Eriogonum umbellatum,110,26,-40,-12,110,3,30,0,0,NA,NA,1,NA
2015,19,342*A,Eriogonum umbellatum,110,26,-40,-12,104,4.5,84,0,0,110,-6,1,0
2016,19,342*A,Eriogonum umbellatum,110,26,-40,-12,110,3,41,0,0,104,6,1,0
2017,19,342*A,Eriogonum umbellatum,110,26,-40,-12,110,2,28,0,0,110,0,1,0
2018,19,342*A,Eriogonum umbellatum,110,26,-40,-12,112,3.5,50,0,0,110,2,1,0
2019,19,342*A,Eriogonum umbellatum,110,26,-40,-12,111,3.5,56,0,0,112,-1,1,0
2020,19,342*A,Eriogonum umbellatum,110,26,-40,-12,115,3,33,0,0,111,4,1,0
2021,19,342*A,Eriogonum umbellatum,110,26,-40,-12,110,2.5,27,0,0,115,-5,1,0
2014,19,343*A,Senecio crassulus,103,10,-10,-10,5,9,0,0,0,NA,NA,1,NA
2015,19,343*A,Senecio crassulus,103,10,-10,-10,7.5,7.5,0,0,0,5,2.5,1,0
2016,19,343*A,Senecio crassulus,103,10,-10,-10,5,7,0,0,0,7.5,-2.5,1,0
2017,19,343*A,Senecio crassulus,103,10,-10,-10,14,10.5,0,0,0,5,9,1,0
2018,19,343*A,Senecio crassulus,103,10,-10,-10,0,0,0,0,1,14,-14,0,0
2014,19,344*A,Heterotheca villosa,105,30,0,5,58,5,16,0,0,NA,NA,1,NA
2015,19,344*A,Heterotheca villosa,105,30,0,5,59,4.5,10,0,0,58,1,1,0
2016,19,344*A,Heterotheca villosa,105,30,0,5,60,6,17,0,0,59,1,1,0
2017,19,344*A,Heterotheca villosa,105,30,0,5,61.5,6,3,0,0,60,1.5,1,0
2018,19,344*A,Heterotheca villosa,105,30,0,5,53,7,7,0,0,61.5,-8.5,1,0
2019,19,344*A,Heterotheca villosa,105,30,0,5,57,7,11,0,0,53,4,1,0
2020,19,344*A,Heterotheca villosa,105,30,0,5,53,7.5,7,0,0,57,-4,1,0
2021,19,344*A,Heterotheca villosa,105,30,0,5,55,5.5,13,0,0,53,2,1,0
2014,19,345*A,Lupinus argenteus,91,32,0,0,13,8,0,0,0,NA,NA,1,NA
2015,19,345*A,Lupinus argenteus,91,32,0,0,6.5,3.5,0,0,0,13,-6.5,1,0
2016,19,345*A,Lupinus argenteus,91,32,0,0,18,10,1,0,0,6.5,11.5,1,0
2017,19,345*A,Lupinus argenteus,91,32,0,0,14.5,8,0,0,0,18,-3.5,1,0
2018,19,345*A,Lupinus argenteus,91,32,0,0,8,6.5,0,0,0,14.5,-6.5,1,0
2019,19,345*A,Lupinus argenteus,91,32,0,0,11.5,10,1,0,0,8,3.5,1,0
2020,19,345*A,Lupinus argenteus,91,32,0,0,13,10.5,1,0,0,11.5,1.5,1,0
2021,19,345*A,Lupinus argenteus,91,32,0,0,18,12,0,0,0,13,5,1,0
2014,19,346*A,Elymus lanceolatus,109,23,-10,-10,10,17,1,0,0,NA,NA,1,NA
2015,19,346*A,Elymus lanceolatus,109,23,-10,-10,11,12,1,0,0,10,1,1,0
2016,19,346*A,Elymus lanceolatus,109,23,-10,-10,12,9,0,0,0,11,1,1,0
2017,19,346*A,Elymus lanceolatus,109,23,-10,-10,14,14.5,0,0,0,12,2,1,0
2018,19,346*A,Elymus lanceolatus,109,23,-10,-10,8.5,14,0,0,0,14,-5.5,1,0
2019,19,346*A,Elymus lanceolatus,109,23,-10,-10,13,14.5,0,0,0,8.5,4.5,1,0
2020,19,346*A,Elymus lanceolatus,109,23,-10,-10,7,11.5,0,0,0,13,-6,1,0
2021,19,346*A,Elymus lanceolatus,109,23,-10,-10,6.5,8,0,0,0,7,-0.5,1,0
2014,19,347*A,Elymus lanceolatus,142,14,10,0,7,14,2,0,0,NA,NA,1,NA
2015,19,347*A,Elymus lanceolatus,142,14,10,0,19,14,2,0,0,7,12,1,0
2016,19,347*A,Elymus lanceolatus,142,14,10,0,27,18,3,0,0,19,8,1,0
2017,19,347*A,Elymus lanceolatus,142,14,10,0,27,18,2,0,0,27,0,1,0
2018,19,347*A,Elymus lanceolatus,142,14,10,0,20,15,2,0,0,27,-7,1,0
2019,19,347*A,Elymus lanceolatus,142,14,10,0,23,16,1,0,0,20,3,1,0
2020,19,347*A,Elymus lanceolatus,142,14,10,0,25,11.5,0,0,0,23,2,1,0
2021,19,347*A,Elymus lanceolatus,142,14,10,0,24,12,0,0,0,25,-1,1,0
2014,19,348*A,Ivesia gordonii,125,62,-10,-10,16,6,14,0,0,NA,NA,1,NA
2015,19,348*A,Ivesia gordonii,125,62,-10,-10,17,6.5,9,0,0,16,1,1,0
2016,19,348*A,Ivesia gordonii,125,62,-10,-10,10,4,6,0,0,17,-7,1,0
2017,19,348*A,Ivesia gordonii,125,62,-10,-10,7,3,0,0,0,10,-3,1,0
2018,19,348*A,Ivesia gordonii,125,62,-10,-10,2.5,3,0,0,0,7,-4.5,1,0
2019,19,348*A,Ivesia gordonii,125,62,-10,-10,4.5,4,0,0,0,2.5,2,1,0
2020,19,348*A,Ivesia gordonii,125,62,-10,-10,7.5,3.5,1,0,0,4.5,3,1,0
2021,19,348*A,Ivesia gordonii,125,62,-10,-10,7.5,4.5,2,0,0,7.5,0,1,0
2014,19,349*A,Heterotheca villosa,185,62,-10,-10,39,7,16,0,0,NA,NA,1,NA
2015,19,349*A,Heterotheca villosa,185,62,-10,-10,41,5.5,15,0,0,39,2,1,0
2016,19,349*A,Heterotheca villosa,185,62,-10,-10,40,7,21,0,0,41,-1,1,0
2017,19,349*A,Heterotheca villosa,185,62,-10,-10,43,6,0,0,0,40,3,1,0
2018,19,349*A,Heterotheca villosa,185,62,-10,-10,0,0,0,0,1,43,-43,0,0
2014,5,35*A,Eriogonum umbellatum,150,130,-10,-10,19,3,15,0,0,NA,NA,1,NA
2015,5,35*A,Eriogonum umbellatum,150,130,-10,-10,20,3,16,0,0,19,1,1,0
2016,5,35*A,Eriogonum umbellatum,150,130,-10,-10,19,3.5,28,0,1,20,-1,0,0
2014,19,350*A,Eriogonum umbellatum,182,47,-5,0,3,2,0,0,0,NA,NA,1,NA
2015,19,350*A,Eriogonum umbellatum,182,47,-5,0,2.5,2.5,0,0,0,3,-0.5,1,0
2016,19,350*A,Eriogonum umbellatum,182,47,-5,0,2,2,0,0,0,2.5,-0.5,1,0
2017,19,350*A,Eriogonum umbellatum,182,47,-5,0,3,2.5,0,0,0,2,1,1,0
2018,19,350*A,Eriogonum umbellatum,182,47,-5,0,4,1,0,0,0,3,1,1,0
2019,19,350*A,Eriogonum umbellatum,182,47,-5,0,4.5,2.5,0,0,0,4,0.5,1,0
2020,19,350*A,Eriogonum umbellatum,182,47,-5,0,6,2.5,0,0,0,4.5,1.5,1,0
2021,19,350*A,Eriogonum umbellatum,182,47,-5,0,5.5,2.5,0,0,0,6,-0.5,1,0
2014,19,351*A,Ivesia gordonii,161,66,-10,-10,4,4,0,0,0,NA,NA,1,NA
2015,19,351*A,Ivesia gordonii,161,66,-10,-10,4.5,3.5,0,0,0,4,0.5,1,0
2016,19,351*A,Ivesia gordonii,161,66,-10,-10,5,3,0,0,0,4.5,0.5,1,0
2017,19,351*A,Ivesia gordonii,161,66,-10,-10,7,4.5,2,0,0,5,2,1,0
2018,19,351*A,Ivesia gordonii,161,66,-10,-10,9,4,4,0,0,7,2,1,0
2019,19,351*A,Ivesia gordonii,161,66,-10,-10,12,8.5,5,0,0,9,3,1,0
2020,19,351*A,Ivesia gordonii,161,66,-10,-10,10,6,0,0,0,12,-2,1,0
2021,19,351*A,Ivesia gordonii,161,66,-10,-10,14,5.5,1,0,0,10,4,1,0
2014,19,352*A,Ivesia gordonii,179,66,-10,-10,3,2,0,0,0,NA,NA,1,NA
2015,19,352*A,Ivesia gordonii,179,66,-10,-10,5,2.5,0,0,0,3,2,1,0
2016,19,352*A,Ivesia gordonii,179,66,-10,-10,4,4,0,0,0,5,-1,1,0
2017,19,352*A,Ivesia gordonii,179,66,-10,-10,7,3.5,0,0,0,4,3,1,0
2018,19,352*A,Ivesia gordonii,179,66,-10,-10,6,3.5,3,0,0,7,-1,1,0
2019,19,352*A,Ivesia gordonii,179,66,-10,-10,10,6,1,0,0,6,4,1,0
2020,19,352*A,Ivesia gordonii,179,66,-10,-10,7,4.5,0,0,0,10,-3,1,0
2021,19,352*A,Ivesia gordonii,179,66,-10,-10,9,5.5,0,0,0,7,2,1,0
2014,19,353*A,Eriogonum umbellatum,108,90,-10,-10,10,2,2,0,0,NA,NA,1,NA
2015,19,353*A,Eriogonum umbellatum,108,90,-10,-10,9,2,2,0,0,10,-1,1,0
2016,19,353*A,Eriogonum umbellatum,108,90,-10,-10,12,2,1,0,0,9,3,1,0
2017,19,353*A,Eriogonum umbellatum,108,90,-10,-10,13.5,2,2,0,0,12,1.5,1,0
2018,19,353*A,Eriogonum umbellatum,108,90,-10,-10,12,1,4,0,0,13.5,-1.5,1,0
2019,19,353*A,Eriogonum umbellatum,108,90,-10,-10,14.5,2,2,0,0,12,2.5,1,0
2020,19,353*A,Eriogonum umbellatum,108,90,-10,-10,15,1.5,4,0,0,14.5,0.5,1,0
2021,19,353*A,Eriogonum umbellatum,108,90,-10,-10,16,1.5,7,0,0,15,1,1,0
2014,19,354*A,Ivesia gordonii,105,100,-10,-10,7,3,0,0,0,NA,NA,1,NA
2015,19,354*A,Ivesia gordonii,105,100,-10,-10,7.5,4.5,4,0,0,7,0.5,1,0
2016,19,354*A,Ivesia gordonii,105,100,-10,-10,8,4,1,0,0,7.5,0.5,1,0
2017,19,354*A,Ivesia gordonii,105,100,-10,-10,0,0,0,0,1,8,-8,0,0
2014,19,355*A,Ivesia gordonii,105,105,-5,-5,8,3,0,0,0,NA,NA,1,NA
2015,19,355*A,Ivesia gordonii,105,105,-5,-5,10.5,5,5,0,0,8,2.5,1,0
2016,19,355*A,Ivesia gordonii,105,105,-5,-5,8,5,0,0,0,10.5,-2.5,1,0
2017,19,355*A,Ivesia gordonii,105,105,-5,-5,9,4,0,0,0,8,1,1,0
2018,19,355*A,Ivesia gordonii,105,105,-5,-5,6,4,0,0,0,9,-3,1,0
2019,19,355*A,Ivesia gordonii,105,105,-5,-5,5,3,0,0,0,6,-1,1,0
2020,19,355*A,Ivesia gordonii,105,105,-5,-5,0,0,0,0,1,5,-5,0,0
2014,19,356*A,Ivesia gordonii,110,100,5,0,7,3,2,0,0,NA,NA,1,NA
2015,19,356*A,Ivesia gordonii,110,100,5,0,6.5,2,3,0,0,7,-0.5,1,0
2016,19,356*A,Ivesia gordonii,110,100,5,0,3,3,0,0,0,6.5,-3.5,1,0
2017,19,356*A,Ivesia gordonii,110,100,5,0,4,3,0,0,0,3,1,1,0
2018,19,356*A,Ivesia gordonii,110,100,5,0,11,2,4,0,0,4,7,1,0
2019,19,356*A,Ivesia gordonii,110,100,5,0,10.5,3.5,4,0,0,11,-0.5,1,0
2020,19,356*A,Ivesia gordonii,110,100,5,0,0,0,0,0,1,10.5,-10.5,0,0
2014,19,357*A,Ivesia gordonii,105,105,-7,-1,1,0.5,0,1,0,NA,NA,1,1
2015,19,357*A,Ivesia gordonii,105,105,-7,-1,2,1,0,0,0,1,1,1,0
2016,19,357*A,Ivesia gordonii,105,105,-7,-1,3,3,0,0,0,2,1,1,0
2017,19,357*A,Ivesia gordonii,105,105,-7,-1,4.5,3,2,0,0,3,1.5,1,0
2018,19,357*A,Ivesia gordonii,105,105,-7,-1,3.5,2.5,0,0,0,4.5,-1,1,0
2019,19,357*A,Ivesia gordonii,105,105,-7,-1,5.5,4,0,0,0,3.5,2,1,0
2020,19,357*A,Ivesia gordonii,105,105,-7,-1,2.5,2,0,0,0,5.5,-3,1,0
2021,19,357*A,Ivesia gordonii,105,105,-7,-1,6,3,0,0,0,2.5,3.5,1,0
2014,19,358*A,Ivesia gordonii,169,100,-10,-10,5,3,2,0,0,NA,NA,1,NA
2015,19,358*A,Ivesia gordonii,169,100,-10,-10,7,1.5,0,0,0,5,2,1,0
2016,19,358*A,Ivesia gordonii,169,100,-10,-10,4.5,2,0,0,0,7,-2.5,1,0
2017,19,358*A,Ivesia gordonii,169,100,-10,-10,3,2,0,0,0,4.5,-1.5,1,0
2018,19,358*A,Ivesia gordonii,169,100,-10,-10,5.5,2.5,0,0,0,3,2.5,1,0
2019,19,358*A,Ivesia gordonii,169,100,-10,-10,7.5,4,1,0,0,5.5,2,1,0
2020,19,358*A,Ivesia gordonii,169,100,-10,-10,8,3,0,0,0,7.5,0.5,1,0
2021,19,358*A,Ivesia gordonii,169,100,-10,-10,8.5,3,3,0,0,8,0.5,1,0
2014,19,359*A,Eriogonum umbellatum,150,110,-1,0,2,1,0,0,0,NA,NA,1,NA
2015,19,359*A,Eriogonum umbellatum,150,110,-1,0,4,1.5,0,0,0,2,2,1,0
2016,19,359*A,Eriogonum umbellatum,150,110,-1,0,4.5,2,0,0,0,4,0.5,1,0
2017,19,359*A,Eriogonum umbellatum,150,110,-1,0,7,2.5,0,0,0,4.5,2.5,1,0
2018,19,359*A,Eriogonum umbellatum,150,110,-1,0,7,1.5,0,0,0,7,0,1,0
2019,19,359*A,Eriogonum umbellatum,150,110,-1,0,8,2,0,0,0,7,1,1,0
2020,19,359*A,Eriogonum umbellatum,150,110,-1,0,8.5,2,0,0,0,8,0.5,1,0
2021,19,359*A,Eriogonum umbellatum,150,110,-1,0,8.5,2,0,0,0,8.5,0,1,0
2014,5,36*A,Heterotheca villosa,155,115,-10,-10,10,5,0,0,0,NA,NA,1,NA
2015,5,36*A,Heterotheca villosa,155,115,-10,-10,10,6,6,0,0,10,0,1,0
2016,5,36*A,Heterotheca villosa,155,115,-10,-10,13.7,12,10,0,0,10,3.7,1,0
2017,5,36*A,Heterotheca villosa,155,115,-10,-10,14,10,11,0,0,13.7,0.3,1,0
2018,5,36*A,Heterotheca villosa,155,115,-10,-10,0,0,0,0,1,14,-14,0,0
2014,19,360*A,Ivesia gordonii,136,113,-5,0,0.5,0.5,0,1,0,NA,NA,1,1
2015,19,360*A,Ivesia gordonii,136,113,-5,0,1.5,2,0,0,0,0.5,1,1,0
2016,19,360*A,Ivesia gordonii,136,113,-5,0,2,2,0,0,0,1.5,0.5,1,0
2017,19,360*A,Ivesia gordonii,136,113,-5,0,2.5,2,0,0,0,2,0.5,1,0
2018,19,360*A,Ivesia gordonii,136,113,-5,0,3,2.5,0,0,0,2.5,0.5,1,0
2019,19,360*A,Ivesia gordonii,136,113,-5,0,4,4,0,0,0,3,1,1,0
2020,19,360*A,Ivesia gordonii,136,113,-5,0,6,3,0,0,0,4,2,1,0
2021,19,360*A,Ivesia gordonii,136,113,-5,0,5,2.1,0,0,0,6,-1,1,0
2014,19,361*A,Ivesia gordonii,170,107,-10,-10,2,2,0,0,0,NA,NA,1,NA
2015,19,361*A,Ivesia gordonii,170,107,-10,-10,2.5,1.5,0,0,0,2,0.5,1,0
2016,19,361*A,Ivesia gordonii,170,107,-10,-10,2.5,2,0,0,0,2.5,0,1,0
2017,19,361*A,Ivesia gordonii,170,107,-10,-10,1,1,0,0,0,2.5,-1.5,1,0
2018,19,361*A,Ivesia gordonii,170,107,-10,-10,0,0,0,0,1,1,-1,0,0
2014,19,362*A,Ivesia gordonii,160,110,-10,-10,1,1,0,1,0,NA,NA,1,1
2015,19,362*A,Ivesia gordonii,160,110,-10,-10,0.5,0.3,0,0,0,1,-0.5,1,0
2016,19,362*A,Ivesia gordonii,160,110,-10,-10,0.5,1,0,0,0,0.5,0,1,0
2017,19,362*A,Ivesia gordonii,160,110,-10,-10,0,0,0,0,1,0.5,-0.5,0,0
2014,19,363*A,Heterotheca villosa,169,116,-10,0,10,5,4,0,0,NA,NA,1,NA
2015,19,363*A,Heterotheca villosa,169,116,-10,0,10,5,4,0,0,10,0,1,0
2016,19,363*A,Heterotheca villosa,169,116,-10,0,13,5,1,0,0,10,3,1,0
2017,19,363*A,Heterotheca villosa,169,116,-10,0,18,9,10,0,0,13,5,1,0
2018,19,363*A,Heterotheca villosa,169,116,-10,0,13.5,3.5,5,0,0,18,-4.5,1,0
2019,19,363*A,Heterotheca villosa,169,116,-10,0,18,7,6,0,0,13.5,4.5,1,0
2020,19,363*A,Heterotheca villosa,169,116,-10,0,17,8,8,0,0,18,-1,1,0
2021,19,363*A,Heterotheca villosa,169,116,-10,0,19,7.5,15,0,0,17,2,1,0
2014,19,364*A,Eriogonum umbellatum,161,128,-5,0,4,2,0,0,0,NA,NA,1,NA
2015,19,364*A,Eriogonum umbellatum,161,128,-5,0,5,1,0,0,0,4,1,1,0
2016,19,364*A,Eriogonum umbellatum,161,128,-5,0,7,1,0,0,0,5,2,1,0
2017,19,364*A,Eriogonum umbellatum,161,128,-5,0,7,2,0,0,0,7,0,1,0
2018,19,364*A,Eriogonum umbellatum,161,128,-5,0,7,1,1,0,0,7,0,1,0
2019,19,364*A,Eriogonum umbellatum,161,128,-5,0,10.5,2,1,0,0,7,3.5,1,0
2020,19,364*A,Eriogonum umbellatum,161,128,-5,0,12,3.5,0,0,0,10.5,1.5,1,0
2021,19,364*A,Eriogonum umbellatum,161,128,-5,0,13.5,1,1,0,0,12,1.5,1,0
2014,19,365*A,Ivesia gordonii,155,130,-5,0,10,5,3,0,0,NA,NA,1,NA
2015,19,365*A,Ivesia gordonii,155,130,-5,0,12.5,7,5,0,0,10,2.5,1,0
2016,19,365*A,Ivesia gordonii,155,130,-5,0,9,5,9,0,0,12.5,-3.5,1,0
2017,19,365*A,Ivesia gordonii,155,130,-5,0,3.5,2,0,0,0,9,-5.5,1,0
2018,19,365*A,Ivesia gordonii,155,130,-5,0,5,4,0,0,0,3.5,1.5,1,0
2019,19,365*A,Ivesia gordonii,155,130,-5,0,9.5,6,2,0,0,5,4.5,1,0
2020,19,365*A,Ivesia gordonii,155,130,-5,0,9,5,2,0,0,9.5,-0.5,1,0
2021,19,365*A,Ivesia gordonii,155,130,-5,0,9,7,1,0,0,9,0,1,0
2014,19,366*A,Elymus lanceolatus,165,130,10,0,13,16,3,0,0,NA,NA,1,NA
2015,19,366*A,Elymus lanceolatus,165,130,10,0,21,14,1,0,0,13,8,1,0
2016,19,366*A,Elymus lanceolatus,165,130,10,0,22,18,7,0,0,21,1,1,0
2017,19,366*A,Elymus lanceolatus,165,130,10,0,21,13,1,0,0,22,-1,1,0
2018,19,366*A,Elymus lanceolatus,165,130,10,0,13.5,12.5,4,0,0,21,-7.5,1,0
2019,19,366*A,Elymus lanceolatus,165,130,10,0,21,12,0,0,0,13.5,7.5,1,0
2020,19,366*A,Elymus lanceolatus,165,130,10,0,11.5,11,0,0,0,21,-9.5,1,0
2021,19,366*A,Elymus lanceolatus,165,130,10,0,7,10,0,0,0,11.5,-4.5,1,0
2014,19,367*A,Eriogonum umbellatum,180,156,-10,-10,1,1,0,1,0,NA,NA,1,1
2015,19,367*A,Eriogonum umbellatum,180,156,-10,-10,2,1.5,0,0,0,1,1,1,0
2016,19,367*A,Eriogonum umbellatum,180,156,-10,-10,2,1.5,0,0,0,2,0,1,0
2017,19,367*A,Eriogonum umbellatum,180,156,-10,-10,3,2,0,0,0,2,1,1,0
2018,19,367*A,Eriogonum umbellatum,180,156,-10,-10,4,1.5,0,0,0,3,1,1,0
2019,19,367*A,Eriogonum umbellatum,180,156,-10,-10,3,2,0,0,0,4,-1,1,0
2020,19,367*A,Eriogonum umbellatum,180,156,-10,-10,2,1.6,0,0,0,3,-1,1,0
2021,19,367*A,Eriogonum umbellatum,180,156,-10,-10,3,1.7,0,0,0,2,1,1,0
2014,19,368*A,Eriogonum umbellatum,113,177,-10,-10,34,2,15,0,0,NA,NA,1,NA
2015,19,368*A,Eriogonum umbellatum,113,177,-10,-10,39,3,35,0,0,34,5,1,0
2016,19,368*A,Eriogonum umbellatum,113,177,-10,-10,43,4,29,0,0,39,4,1,0
2017,19,368*A,Eriogonum umbellatum,113,177,-10,-10,43,4,32,0,0,43,0,1,0
2018,19,368*A,Eriogonum umbellatum,113,177,-10,-10,43,3.5,26,0,0,43,0,1,0
2019,19,368*A,Eriogonum umbellatum,113,177,-10,-10,47,3,73,0,0,43,4,1,0
2020,19,368*A,Eriogonum umbellatum,113,177,-10,-10,43.5,3,8,0,0,47,-3.5,1,0
2021,19,368*A,Eriogonum umbellatum,113,177,-10,-10,47,4,59,0,0,43.5,3.5,1,0
2014,19,369*A,Heterotheca villosa,103,145,-10,-10,4,6,0,0,0,NA,NA,1,NA
2015,19,369*A,Heterotheca villosa,103,145,-10,-10,9,4,2,0,0,4,5,1,0
2016,19,369*A,Heterotheca villosa,103,145,-10,-10,13,5,8,0,0,9,4,1,0
2017,19,369*A,Heterotheca villosa,103,145,-10,-10,14.5,4,7,0,0,13,1.5,1,0
2018,19,369*A,Heterotheca villosa,103,145,-10,-10,15,4,3,0,0,14.5,0.5,1,0
2019,19,369*A,Heterotheca villosa,103,145,-10,-10,19,7,1,0,0,15,4,1,0
2020,19,369*A,Heterotheca villosa,103,145,-10,-10,17,6,5,0,0,19,-2,1,0
2021,19,369*A,Heterotheca villosa,103,145,-10,-10,18.5,6,12,0,0,17,1.5,1,0
2014,5,37*A,Eriogonum umbellatum,160,118,-10,-10,11,4,6,0,0,NA,NA,1,NA
2015,5,37*A,Eriogonum umbellatum,160,118,-10,-10,11,3.5,10,0,0,11,0,1,0
2016,5,37*A,Eriogonum umbellatum,160,118,-10,-10,13,4,5,0,1,11,2,0,0
2014,19,370*A,Eriogonum umbellatum,86,145,-10,-10,8,2,1,0,0,NA,NA,1,NA
2015,19,370*A,Eriogonum umbellatum,86,145,-10,-10,9.5,3,3,0,0,8,1.5,1,0
2016,19,370*A,Eriogonum umbellatum,86,145,-10,-10,12,3,2,0,0,9.5,2.5,1,0
2017,19,370*A,Eriogonum umbellatum,86,145,-10,-10,14,3.5,4,0,0,12,2,1,0
2018,19,370*A,Eriogonum umbellatum,86,145,-10,-10,14,3.5,6,0,0,14,0,1,0
2019,19,370*A,Eriogonum umbellatum,86,145,-10,-10,14,2.5,0,0,0,14,0,1,0
2020,19,370*A,Eriogonum umbellatum,86,145,-10,-10,13,2.5,4,0,0,14,-1,1,0
2021,19,370*A,Eriogonum umbellatum,86,145,-10,-10,14,2,2,0,0,13,1,1,0
2014,19,371*A,Ivesia gordonii,79,150,-10,-10,16,7,27,0,0,NA,NA,1,NA
2015,19,371*A,Ivesia gordonii,79,150,-10,-10,12,4,5,0,0,16,-4,1,0
2016,19,371*A,Ivesia gordonii,79,150,-10,-10,14,4,0,0,0,12,2,1,0
2017,19,371*A,Ivesia gordonii,79,150,-10,-10,11,3,0,0,0,14,-3,1,0
2018,19,371*A,Ivesia gordonii,79,150,-10,-10,13.5,5,0,0,0,11,2.5,1,0
2019,19,371*A,Ivesia gordonii,79,150,-10,-10,14,5.5,8,0,0,13.5,0.5,1,0
2020,19,371*A,Ivesia gordonii,79,150,-10,-10,12,4.5,3,0,0,14,-2,1,0
2021,19,371*A,Ivesia gordonii,79,150,-10,-10,12.5,5,2,0,0,12,0.5,1,0
2014,19,372*A,Ivesia gordonii,5,80,0,-10,22,7,54,0,0,NA,NA,1,NA
2015,19,372*A,Ivesia gordonii,5,80,0,-10,21,6,14,0,0,22,-1,1,0
2016,19,372*A,Ivesia gordonii,5,80,0,-10,22,6,7,0,0,21,1,1,0
2017,19,372*A,Ivesia gordonii,5,80,0,-10,5,4,0,0,0,22,-17,1,0
2018,19,372*A,Ivesia gordonii,5,80,0,-10,0,0,0,0,1,5,-5,0,0
2014,19,373*A,Ivesia gordonii,105,105,0,10,2,1,4,0,0,NA,NA,1,NA
2015,19,373*A,Ivesia gordonii,105,105,0,10,0,0,0,0,1,2,-2,0,0
2014,20,374*A,Ivesia gordonii,6,8,0,-10,10,4,3,0,0,NA,NA,1,NA
2015,20,374*A,Ivesia gordonii,6,8,0,-10,13,5,7,0,0,10,3,1,0
2016,20,374*A,Ivesia gordonii,6,8,0,-10,15,7,14,0,0,13,2,1,0
2017,20,374*A,Ivesia gordonii,6,8,0,-10,14,4,4,0,0,15,-1,1,0
2018,20,374*A,Ivesia gordonii,6,8,0,-10,6,5.5,0,0,0,14,-8,1,0
2019,20,374*A,Ivesia gordonii,6,8,0,-10,5.5,4,3,0,0,6,-0.5,1,0
2020,20,374*A,Ivesia gordonii,6,8,0,-10,8,3,1,0,0,5.5,2.5,1,0
2021,20,374*A,Ivesia gordonii,6,8,0,-10,0,0,0,0,0,8,-8,1,0
2014,20,375*A,Eriogonum umbellatum,8,8,10,0,4,1,0,0,0,NA,NA,1,NA
2015,20,375*A,Eriogonum umbellatum,8,8,10,0,4,1,0,0,0,4,0,1,0
2016,20,375*A,Eriogonum umbellatum,8,8,10,0,0,0,0,0,1,4,-4,0,0
2014,20,376*A,Lupinus argenteus,8,18,5,-5,14,10,0,0,0,NA,NA,1,NA
2015,20,376*A,Lupinus argenteus,8,18,5,-5,17,13,0,0,0,14,3,1,0
2016,20,376*A,Lupinus argenteus,8,18,5,-5,0,0,0,0,1,17,-17,0,0
2014,20,377*A,Lupinus argenteus,14,24,5,-5,16,13,1,0,0,NA,NA,1,NA
2015,20,377*A,Lupinus argenteus,14,24,5,-5,15,10,1,0,0,16,-1,1,0
2016,20,377*A,Lupinus argenteus,14,24,5,-5,0,0,0,0,1,15,-15,0,0
2014,20,378*A,Lupinus argenteus,20,27,5,-5,8,5,0,0,0,NA,NA,1,NA
2015,20,378*A,Lupinus argenteus,20,27,5,-5,0,0,0,0,1,8,-8,0,0
2014,20,379*A,Ivesia gordonii,24,27,5,10,2,2,0,0,0,NA,NA,1,NA
2015,20,379*A,Ivesia gordonii,24,27,5,10,1.5,2.5,0,0,0,2,-0.5,1,0
2016,20,379*A,Ivesia gordonii,24,27,5,10,7,5,1,0,0,1.5,5.5,1,0
2017,20,379*A,Ivesia gordonii,24,27,5,10,0,0,0,0,1,7,-7,0,0
2014,20,381*A,Lupinus argenteus,20,45,-10,-10,9,7,0,0,0,NA,NA,1,NA
2015,20,381*A,Lupinus argenteus,20,45,-10,-10,11.5,10,0,0,0,9,2.5,1,0
2016,20,381*A,Lupinus argenteus,20,45,-10,-10,0,0,0,0,1,11.5,-11.5,0,0
2014,20,382*A,Ivesia gordonii,12,37,0,5,0.5,0.5,0,1,0,NA,NA,1,1
2015,20,382*A,Ivesia gordonii,12,37,0,5,2.5,1.5,0,0,0,0.5,2,1,0
2016,20,382*A,Ivesia gordonii,12,37,0,5,7,4,1,0,0,2.5,4.5,1,0
2017,20,382*A,Ivesia gordonii,12,37,0,5,8,4,5,0,0,7,1,1,0
2018,20,382*A,Ivesia gordonii,12,37,0,5,2.5,2,1,0,0,8,-5.5,1,0
2019,20,382*A,Ivesia gordonii,12,37,0,5,0,0,0,0,1,2.5,-2.5,0,0
2014,20,383*A,Lupinus argenteus,13,30,-10,-10,10,7,0,0,0,NA,NA,1,NA
2015,20,383*A,Lupinus argenteus,13,30,-10,-10,12,6,0,0,0,10,2,1,0
2016,20,383*A,Lupinus argenteus,13,30,-10,-10,0,0,0,0,1,12,-12,0,0
2014,20,384*A,Lupinus argenteus,0,30,0,-10,20,12,2,0,0,NA,NA,1,NA
2015,20,384*A,Lupinus argenteus,0,30,0,-10,0,0,0,0,1,20,-20,0,0
2014,20,385*A,Lupinus argenteus,5,30,0,-10,10,8,0,0,0,NA,NA,1,NA
2015,20,385*A,Lupinus argenteus,5,30,0,-10,9,8,0,0,0,10,-1,1,0
2016,20,385*A,Lupinus argenteus,5,30,0,-10,0,0,0,0,1,9,-9,0,0
2014,20,386*A,Arenaria congesta,30.5,34,5,-5,1,0.5,0,1,0,NA,NA,1,1
2015,20,386*A,Arenaria congesta,30.5,34,5,-5,0.5,0.5,0,0,0,1,-0.5,1,0
2016,20,386*A,Arenaria congesta,31.08437695,32.77400505,5,-5,1,1,0,0,0,0.5,0.5,1,0
2016,20,386*B,Arenaria congesta,30.29317042,33.1720585,5,-5,1,1,0,0,1,NA,NA,0,1
2016,20,386*C,Arenaria congesta,28.52412433,29.61894035,5,-5,1,1,0,0,1,NA,NA,0,1
2016,20,386*D,Arenaria congesta,33.40214562,37.68853246,5,-5,1,1,0,0,1,NA,NA,0,1
2016,20,386*E,Arenaria congesta,27.14984973,36.07208373,5,-5,1,1,0,0,1,NA,NA,0,1
2016,20,386*F,Arenaria congesta,27.26059577,36.61981337,5,-5,1,1,0,0,1,NA,NA,0,1
2016,20,386*G,Arenaria congesta,31.74517819,37.00822016,5,-5,1,1,0,0,1,NA,NA,0,1
2016,20,386*H,Arenaria congesta,27.13571165,32.81373158,5,-5,1,1,0,0,1,NA,NA,0,1
2017,20,386*A,Arenaria congesta,30.5,34,5,-5,10,5,7,0,0,1,9,1,0
2018,20,386*A,Arenaria congesta,30.5,34,5,-5,11.5,3,14,0,0,10,1.5,1,0
2019,20,386*A,Arenaria congesta,30.5,34,5,-5,22,7,6,0,0,11.5,10.5,1,0
2020,20,386*A,Arenaria congesta,30.5,34,5,-5,24,8.5,15,0,0,22,2,1,0
2021,20,386*A,Arenaria congesta,30.5,34,5,-5,26.5,6.5,81,0,0,24,2.5,1,0
2014,20,387*A,Arenaria congesta,28,35,5,-5,1,0.5,0,1,0,NA,NA,1,1
2015,20,387*A,Arenaria congesta,28,35,5,-5,2.5,2,0,0,0,1,1.5,1,0
2016,20,387*A,Arenaria congesta,28.81812774,33.28360707,5,-5,2.5,2.5,0,0,0,2.5,0,1,0
2016,20,387*B,Arenaria congesta,27.71043859,33.8408819,5,-5,2.5,2.5,0,0,1,NA,NA,0,1
2016,20,387*C,Arenaria congesta,25.23377406,28.86651649,5,-5,2.5,2.5,0,0,1,NA,NA,0,1
2016,20,387*D,Arenaria congesta,32.06300387,40.16394544,5,-5,2.5,2.5,0,0,1,NA,NA,0,1
2016,20,387*E,Arenaria congesta,23.30978962,37.90091723,5,-5,2.5,2.5,0,0,1,NA,NA,0,1
2016,20,387*F,Arenaria congesta,23.46483408,38.66773872,5,-5,2.5,2.5,0,0,1,NA,NA,0,1
2016,20,387*G,Arenaria congesta,29.74324946,39.21150823,5,-5,2.5,2.5,0,0,1,NA,NA,0,1
2017,20,387*A,Arenaria congesta,28,35,5,-5,14,4,9,0,0,2.5,11.5,1,0
2018,20,387*A,Arenaria congesta,28,35,5,-5,1,2,0,0,0,14,-13,1,0
2019,20,387*A,Arenaria congesta,28,35,5,-5,4.5,4.5,0,0,1,1,3.5,0,0
2014,20,388*A,Lupinus argenteus,10,49,10,0,2,2,0,0,0,NA,NA,1,NA
2015,20,388*A,Lupinus argenteus,10,49,10,0,12,6,0,0,0,2,10,1,0
2016,20,388*A,Lupinus argenteus,10,49,10,0,0,0,0,0,1,12,-12,0,0
2014,5,39*A,Eriogonum umbellatum,190,105,-10,-10,30,4,17,0,0,NA,NA,1,NA
2015,5,39*A,Eriogonum umbellatum,190,105,-10,-10,31,5,32,0,0,30,1,1,0
2016,5,39*A,Eriogonum umbellatum,190,105,-10,-10,36,6.7,32,0,1,31,5,0,0
2014,20,390*A,Lupinus argenteus,25,45,0,5,14,5,0,0,0,NA,NA,1,NA
2015,20,390*A,Lupinus argenteus,25,45,0,5,13,11,0,0,0,14,-1,1,0
2016,20,390*A,Lupinus argenteus,25,45,0,5,0,0,0,0,1,13,-13,0,0
2014,20,391*A,Lupinus argenteus,18,58,10,0,11,6,0,0,0,NA,NA,1,NA
2015,20,391*A,Lupinus argenteus,18,58,10,0,14,10,0,0,0,11,3,1,0
2016,20,391*A,Lupinus argenteus,18,58,10,0,0,0,0,0,1,14,-14,0,0
2014,20,392*A,Ivesia gordonii,43,70,-10,-10,19,8,0,0,0,NA,NA,1,NA
2015,20,392*A,Ivesia gordonii,43,70,-10,-10,16,7,10,0,0,19,-3,1,0
2016,20,392*A,Ivesia gordonii,43,70,-10,-10,23,6,4,0,0,16,7,1,0
2017,20,392*A,Ivesia gordonii,43,70,-10,-10,21,7,30,0,0,23,-2,1,0
2018,20,392*A,Ivesia gordonii,43,70,-10,-10,19,7,4,0,0,21,-2,1,0
2019,20,392*A,Ivesia gordonii,43,70,-10,-10,17,8.5,1,0,0,19,-2,1,0
2020,20,392*A,Ivesia gordonii,43,70,-10,-10,24.5,9,15,0,0,17,7.5,1,0
2021,20,392*A,Ivesia gordonii,43,70,-10,-10,24,11,1,0,0,24.5,-0.5,1,0
2014,20,393*A,Heterotheca villosa,42,55,5,-3,0.5,0.5,0,1,0,NA,NA,1,1
2015,20,393*A,Heterotheca villosa,42,55,5,-3,2.5,2,0,0,0,0.5,2,1,0
2016,20,393*A,Heterotheca villosa,42,55,5,-3,5,2,0,0,0,2.5,2.5,1,0
2017,20,393*A,Heterotheca villosa,42,55,5,-3,3,4,0,0,0,5,-2,1,0
2018,20,393*A,Heterotheca villosa,42,55,5,-3,0,0,0,0,1,3,-3,0,0
2014,20,394*A,Eriogonum umbellatum,49,55,5,0,0.5,0.5,0,1,0,NA,NA,1,1
2015,20,394*A,Eriogonum umbellatum,49,55,5,0,0.5,0.5,0,0,0,0.5,0,1,0
2016,20,394*A,Eriogonum umbellatum,49,55,5,0,0.5,0.5,0,0,0,0.5,0,1,0
2017,20,394*A,Eriogonum umbellatum,49,55,5,0,1.5,1.5,0,0,0,0.5,1,1,0
2018,20,394*A,Eriogonum umbellatum,49,55,5,0,0,0,0,0,1,1.5,-1.5,0,0
2014,20,395*A,Eriogonum umbellatum,49,55,5,0,0.5,0.5,0,1,0,NA,NA,1,1
2015,20,395*A,Eriogonum umbellatum,49,55,5,0,1,1,0,0,0,0.5,0.5,1,0
2016,20,395*A,Eriogonum umbellatum,49,55,5,0,0.5,0.5,0,0,0,1,-0.5,1,0
2017,20,395*A,Eriogonum umbellatum,49,55,5,0,2,1.5,0,0,0,0.5,1.5,1,0
2018,20,395*A,Eriogonum umbellatum,49,55,5,0,1,1,0,0,0,2,-1,1,0
2019,20,395*A,Eriogonum umbellatum,49,55,5,0,1,1,0,0,0,1,0,1,0
2020,20,395*A,Eriogonum umbellatum,49,55,5,0,0,0,0,0,1,1,-1,0,0
2014,20,396*A,Lupinus argenteus,55,50,-10,-10,21,13,0,0,0,NA,NA,1,NA
2015,20,396*A,Lupinus argenteus,55,50,-10,-10,23,15,1,0,0,21,2,1,0
2016,20,396*A,Lupinus argenteus,55,50,-10,-10,0,0,0,0,1,23,-23,0,0
2014,20,397*A,Lupinus argenteus,58,43,-10,-10,18,11,0,0,0,NA,NA,1,NA
2015,20,397*A,Lupinus argenteus,58,43,-10,-10,20,13,1,0,0,18,2,1,0
2016,20,397*A,Lupinus argenteus,58,43,-10,-10,0,0,0,0,1,20,-20,0,0
2014,20,398*A,Ivesia gordonii,55,26,-10,-10,12,6,0,0,0,NA,NA,1,NA
2015,20,398*A,Ivesia gordonii,55,26,-10,-10,14,5,3,0,0,12,2,1,0
2016,20,398*A,Ivesia gordonii,55,26,-10,-10,14,6,1,0,0,14,0,1,0
2017,20,398*A,Ivesia gordonii,55,26,-10,-10,17,9,24,0,0,14,3,1,0
2018,20,398*A,Ivesia gordonii,55,26,-10,-10,0.2,0.6,0,0,0,17,-16.8,1,0
2019,20,398*A,Ivesia gordonii,55,26,-10,-10,0,0,0,0,1,0.2,-0.2,0,0
2014,20,399*A,Ivesia gordonii,57,22,-10,-10,10,4,1,0,0,NA,NA,1,NA
2015,20,399*A,Ivesia gordonii,57,22,-10,-10,11,5,4,0,0,10,1,1,0
2016,20,399*A,Ivesia gordonii,57,22,-10,-10,12,4,0,0,0,11,1,1,0
2017,20,399*A,Ivesia gordonii,57,22,-10,-10,0,0,0,0,1,12,-12,0,0
2014,1,4*A,Ivesia gordonii,102,26,-10,-10,9,3,0,0,0,NA,NA,1,NA
2015,1,4*A,Ivesia gordonii,102,26,-10,-10,9,4,4,0,0,9,0,1,0
2016,1,4*A,Ivesia gordonii,102,26,-10,-10,10,5.2,8,0,0,9,1,1,0
2017,1,4*A,Ivesia gordonii,102,26,-10,-10,0,0,0,0,1,10,-10,0,0
2014,5,40*A,Heterotheca villosa,190,120,0,10,7,5,1,0,0,NA,NA,1,NA
2015,5,40*A,Heterotheca villosa,190,120,0,10,12.5,6,6,0,0,7,5.5,1,0
2016,5,40*A,Heterotheca villosa,190,120,0,10,0,0,0,0,1,12.5,-12.5,0,0
2014,20,400*A,Eriogonum umbellatum,43,4,-10,5,28,2,9,0,0,NA,NA,1,NA
2015,20,400*A,Eriogonum umbellatum,43,4,-10,5,28,3,9,0,0,28,0,1,0
2016,20,400*A,Eriogonum umbellatum,43,4,-10,5,31,3,24,0,0,28,3,1,0
2017,20,400*A,Eriogonum umbellatum,43,4,-10,5,32,4,24,0,0,31,1,1,0
2018,20,400*A,Eriogonum umbellatum,43,4,-10,5,26,3,14,0,0,32,-6,1,0
2019,20,400*A,Eriogonum umbellatum,43,4,-10,5,26,4,35,0,0,26,0,1,0
2020,20,400*A,Eriogonum umbellatum,43,4,-10,5,27.5,3,19,0,0,26,1.5,1,0
2021,20,400*A,Eriogonum umbellatum,43,4,-10,5,28,3,48,0,0,27.5,0.5,1,0
2014,20,401*A,Chaenactis douglasii,41,1,-10,0,6,2,0,0,0,NA,NA,1,NA
2015,20,401*A,Chaenactis douglasii,41,1,-10,0,10,4,3,0,0,6,4,1,0
2016,20,401*A,Chaenactis douglasii,41,1,-10,0,11,6,16,0,0,10,1,1,0
2017,20,401*A,Chaenactis douglasii,41,1,-10,0,3,2,0,0,0,11,-8,1,0
2018,20,401*A,Chaenactis douglasii,41,1,-10,0,0,0,0,0,1,3,-3,0,0
2014,20,402*A,Arenaria congesta,76,26,-10,-10,18,9,83,0,0,NA,NA,1,NA
2015,20,402*A,Arenaria congesta,76,26,-10,-10,20,5,29,0,0,18,2,1,0
2016,20,402*A,Arenaria congesta,76,26,-10,-10,21,2,0,0,0,20,1,1,0
2017,20,402*A,Arenaria congesta,76,26,-10,-10,22,5,39,0,0,21,1,1,0
2018,20,402*A,Arenaria congesta,76,26,-10,-10,13.5,4.5,21,0,0,22,-8.5,1,0
2019,20,402*A,Arenaria congesta,76,26,-10,-10,14,8,10,0,0,13.5,0.5,1,0
2020,20,402*A,Arenaria congesta,76,26,-10,-10,11,6.5,9,0,0,14,-3,1,0
2021,20,402*A,Arenaria congesta,76,26,-10,-10,10,6,30,0,0,11,-1,1,0
2014,20,403*A,Elymus lanceolatus,72,30,-10,-10,7,13,1,0,0,NA,NA,1,NA
2015,20,403*A,Elymus lanceolatus,72,30,-10,-10,12,12,1,0,0,7,5,1,0
2016,20,403*A,Elymus lanceolatus,72,30,-10,-10,24,18,3,0,0,12,12,1,0
2017,20,403*A,Elymus lanceolatus,72,30,-10,-10,24,15,3,0,0,24,0,1,0
2018,20,403*A,Elymus lanceolatus,72,30,-10,-10,18,17,10,0,0,24,-6,1,0
2019,20,403*A,Elymus lanceolatus,72,30,-10,-10,25,24,6,0,0,18,7,1,0
2020,20,403*A,Elymus lanceolatus,72,30,-10,-10,24,19.5,2,0,0,25,-1,1,0
2021,20,403*A,Elymus lanceolatus,72,30,-10,-10,23,22.5,5,0,0,24,-1,1,0
2014,20,404*A,Arenaria congesta,74,32,-10,-10,11,6,53,0,0,NA,NA,1,NA
2015,20,404*A,Arenaria congesta,74,32,-10,-10,14,5,17,0,0,11,3,1,0
2016,20,404*A,Arenaria congesta,74,32,-10,-10,12,3,0,0,0,14,-2,1,0
2017,20,404*A,Arenaria congesta,74,32,-10,-10,16,6,22,0,0,12,4,1,0
2018,20,404*A,Arenaria congesta,74,32,-10,-10,10,5,18,0,0,16,-6,1,0
2019,20,404*A,Arenaria congesta,74,32,-10,-10,10,8,0,0,0,10,0,1,0
2020,20,404*A,Arenaria congesta,74,32,-10,-10,14.5,4.5,5,0,0,10,4.5,1,0
2021,20,404*A,Arenaria congesta,74,32,-10,-10,13,3.5,20,0,0,14.5,-1.5,1,0
2014,20,405*A,Arenaria congesta,102,15,-10,-10,10,5,64,0,0,NA,NA,1,NA
2015,20,405*A,Arenaria congesta,102,15,-10,-10,10,3,1,0,0,10,0,1,0
2016,20,405*A,Arenaria congesta,102,15,-10,-10,9,2,1,0,0,10,-1,1,0
2017,20,405*A,Arenaria congesta,102,15,-10,-10,0,0,0,0,1,9,-9,0,0
2014,20,406*A,Senecio crassulus,65,47,-10,-10,6,7,0,0,0,NA,NA,1,NA
2015,20,406*A,Senecio crassulus,65,47,-10,-10,10,13,2,0,0,6,4,1,0
2016,20,406*A,Senecio crassulus,65,47,-10,-10,15,10,2,0,0,10,5,1,0
2017,20,406*A,Senecio crassulus,65,47,-10,-10,21,12,12,0,0,15,6,1,0
2018,20,406*A,Senecio crassulus,65,47,-10,-10,0,0,0,0,1,21,-21,0,0
2014,20,407*A,Heterotheca villosa,70,55,-10,-10,3,3,0,0,0,NA,NA,1,NA
2015,20,407*A,Heterotheca villosa,70,55,-10,-10,8,2,0,0,0,3,5,1,0
2016,20,407*A,Heterotheca villosa,70,55,-10,-10,6,3,2,0,0,8,-2,1,0
2017,20,407*A,Heterotheca villosa,70,55,-10,-10,6,2,0,0,0,6,0,1,0
2018,20,407*A,Heterotheca villosa,70,55,-10,-10,0,0,0,0,1,6,-6,0,0
2014,20,408*A,Elymus lanceolatus,97,20,-10,-10,5,8,0,0,0,NA,NA,1,NA
2015,20,408*A,Elymus lanceolatus,97,20,-10,-10,29,14,0,0,0,5,24,1,0
2016,20,408*A,Elymus lanceolatus,97,20,-10,-10,28,20,11,0,0,29,-1,1,0
2017,20,408*A,Elymus lanceolatus,97,20,-10,-10,32,23,4,0,0,28,4,1,0
2018,20,408*A,Elymus lanceolatus,97,20,-10,-10,20.5,19,13,0,0,32,-11.5,1,0
2019,20,408*A,Elymus lanceolatus,97,20,-10,-10,33,24,8,0,0,20.5,12.5,1,0
2020,20,408*A,Elymus lanceolatus,97,20,-10,-10,31,11.5,0,0,0,33,-2,1,0
2021,20,408*A,Elymus lanceolatus,97,20,-10,-10,23,26,12,0,0,31,-8,1,0
2014,20,409*A,Elymus lanceolatus,92,21,-10,-10,4,10,1,0,1,NA,NA,0,NA
2014,5,41*A,Elymus lanceolatus,184,115,5,5,9,14,2,0,0,NA,NA,1,NA
2015,5,41*A,Elymus lanceolatus,184,115,5,5,12,17.5,2,0,0,9,3,1,0
2016,5,41*A,Elymus lanceolatus,184,115,5,5,27,26,13,0,0,12,15,1,0
2017,5,41*A,Elymus lanceolatus,184,115,5,5,27,29,12,0,0,27,0,1,0
2018,5,41*A,Elymus lanceolatus,184,115,5,5,27,21,25,0,0,27,0,1,0
2019,5,41*A,Elymus lanceolatus,184,115,5,5,27,14,0,0,0,27,0,1,0
2020,5,41*A,Elymus lanceolatus,184,115,5,5,7.5,15.5,0,0,0,27,-19.5,1,0
2021,5,41*A,Elymus lanceolatus,184,115,5,5,8.5,18,2,0,0,7.5,1,1,0
2014,20,410*A,Elymus lanceolatus,110,21,-10,-10,12,12,2,0,1,NA,NA,0,NA
2014,20,411*A,Heterotheca villosa,125,100,-10,-10,23,5,24,0,0,NA,NA,1,NA
2015,20,411*A,Heterotheca villosa,125,100,-10,-10,28,7,35,0,0,23,5,1,0
2016,20,411*A,Heterotheca villosa,125,100,-10,-10,34,8.5,55,0,0,28,6,1,0
2017,20,411*A,Heterotheca villosa,125,100,-10,-10,0,0,0,0,1,34,-34,0,0
2014,20,412*A,Eriogonum umbellatum,130,102,0,1,43,3,24,0,0,NA,NA,1,NA
2015,20,412*A,Eriogonum umbellatum,130,102,0,1,47,3,47,0,0,43,4,1,0
2016,20,412*A,Eriogonum umbellatum,130,102,0,1,44,4,64,0,0,47,-3,1,0
2017,20,412*A,Eriogonum umbellatum,130,102,0,1,47,4,58,0,0,44,3,1,0
2018,20,412*A,Eriogonum umbellatum,130,102,0,1,44,3,10,0,0,47,-3,1,0
2019,20,412*A,Eriogonum umbellatum,130,102,0,1,40,3,8,0,0,44,-4,1,0
2020,20,412*A,Eriogonum umbellatum,130,102,0,1,38,4,0,0,0,40,-2,1,0
2021,20,412*A,Eriogonum umbellatum,130,102,0,1,41,3,12,0,0,38,3,1,0
2014,20,413*A,Elymus lanceolatus,118,79,-10,-10,7,11,0,0,0,NA,NA,1,NA
2015,20,413*A,Elymus lanceolatus,118,79,-10,-10,22,13,0,0,0,7,15,1,0
2016,20,413*A,Elymus lanceolatus,118,79,-10,-10,30,22,9,0,0,22,8,1,0
2017,20,413*A,Elymus lanceolatus,118,79,-10,-10,37,24,47,0,0,30,7,1,0
2018,20,413*A,Elymus lanceolatus,118,79,-10,-10,38,26,49,0,0,37,1,1,0
2019,20,413*A,Elymus lanceolatus,118,79,-10,-10,36,32,57,0,0,38,-2,1,0
2020,20,413*A,Elymus lanceolatus,118,79,-10,-10,38,25.5,12,0,0,36,2,1,0
2021,20,413*A,Elymus lanceolatus,118,79,-10,-10,42,33.5,12,0,0,38,4,1,0
2014,20,414*A,Elymus lanceolatus,125,87,3,0,3,5,0,0,0,NA,NA,1,NA
2015,20,414*A,Elymus lanceolatus,125,87,3,0,0,0,0,0,1,3,-3,0,0
2014,20,415*A,Elymus lanceolatus,125,82,-10,-10,11,8,0,0,0,NA,NA,1,NA
2015,20,415*A,Elymus lanceolatus,125,82,-10,-10,14,14,1,0,1,11,3,0,0
2014,20,416*A,Elymus lanceolatus,130,90,0,-10,6,5,0,0,0,NA,NA,1,NA
2015,20,416*A,Elymus lanceolatus,130,90,0,-10,15,8,0,0,0,6,9,1,0
2016,20,416*A,Elymus lanceolatus,130,90,0,-10,15,17,1,0,0,15,0,1,0
2017,20,416*A,Elymus lanceolatus,130,90,0,-10,15,17,1,0,0,15,0,1,0
2018,20,416*A,Elymus lanceolatus,130,90,0,-10,0,0,0,0,1,15,-15,0,0
2014,20,417*A,Elymus lanceolatus,135,95,10,-10,4,3,0,0,1,NA,NA,0,NA
2014,20,418*A,Elymus lanceolatus,135,100,10,0,3,5,0,0,1,NA,NA,0,NA
2014,20,419*A,Lupinus argenteus,190,145,-10,-10,19,10,1,0,0,NA,NA,1,NA
2015,20,419*A,Lupinus argenteus,190,145,-10,-10,11,10,1,0,0,19,-8,1,0
2016,20,419*A,Lupinus argenteus,190,145,-10,-10,0,0,0,0,1,11,-11,0,0
2014,20,420*A,Lupinus argenteus,180,170,-10,-10,18,13,2,0,0,NA,NA,1,NA
2015,20,420*A,Lupinus argenteus,180,170,-10,-10,21,13,5,0,0,18,3,1,0
2016,20,420*A,Lupinus argenteus,180,170,-10,-10,0,0,0,0,1,21,-21,0,0
2014,20,421*A,Lupinus argenteus,160,170,-10,-10,2,2,0,0,0,NA,NA,1,NA
2015,20,421*A,Lupinus argenteus,160,170,-10,-10,0,0,0,0,0,2,-2,1,0
2016,20,421*A,Lupinus argenteus,160,170,-10,-10,24,11,0,0,0,0,24,1,0
2017,20,421*A,Lupinus argenteus,160,170,-10,-10,13,11,1,0,0,24,-11,1,0
2018,20,421*A,Lupinus argenteus,160,170,-10,-10,0,0,0,0,1,13,-13,0,0
2014,20,422*A,Lupinus argenteus,180,180,-10,-10,15,11,0,0,0,NA,NA,1,NA
2015,20,422*A,Lupinus argenteus,180,180,-10,-10,21,15,3,0,0,15,6,1,0
2016,20,422*A,Lupinus argenteus,180,180,-10,-10,0,0,0,0,1,21,-21,0,0
2014,20,423*A,Ivesia gordonii,179,178,-10,-10,15,8,0,0,0,NA,NA,1,NA
2015,20,423*A,Ivesia gordonii,179,178,-10,-10,20,8,7,0,0,15,5,1,0
2016,20,423*A,Ivesia gordonii,179,178,-10,-10,21,9,17,0,0,20,1,1,0
2017,20,423*A,Ivesia gordonii,179,178,-10,-10,23,8,20,0,0,21,2,1,0
2018,20,423*A,Ivesia gordonii,179,178,-10,-10,15,6,1,0,0,23,-8,1,0
2019,20,423*A,Ivesia gordonii,179,178,-10,-10,7,5.5,0,0,0,15,-8,1,0
2020,20,423*A,Ivesia gordonii,179,178,-10,-10,5,4,0,0,0,7,-2,1,0
2021,20,423*A,Ivesia gordonii,179,178,-10,-10,8,6,0,0,0,5,3,1,0
2014,20,424*A,Lupinus argenteus,155,185,-10,-10,4,4,0,0,0,NA,NA,1,NA
2015,20,424*A,Lupinus argenteus,155,185,-10,-10,16,8,0,0,0,4,12,1,0
2016,20,424*A,Lupinus argenteus,155,185,-10,-10,0,0,0,0,1,16,-16,0,0
2014,20,425*A,Lupinus argenteus,150,185,-10,-10,16,9,0,0,0,NA,NA,1,NA
2015,20,425*A,Lupinus argenteus,150,185,-10,-10,0,0,0,0,1,16,-16,0,0
2014,20,426*A,Chaenactis douglasii,180,198,-10,-10,2,1,0,0,0,NA,NA,1,NA
2015,20,426*A,Chaenactis douglasii,180,198,-10,-10,5,2,0,0,0,2,3,1,0
2016,20,426*A,Chaenactis douglasii,180,198,-10,-10,6,3,0,0,0,5,1,1,0
2017,20,426*A,Chaenactis douglasii,180,198,-10,-10,12,5,10,0,0,6,6,1,0
2018,20,426*A,Chaenactis douglasii,180,198,-10,-10,2,1,0,0,0,12,-10,1,0
2019,20,426*A,Chaenactis douglasii,180,198,-10,-10,0,0,0,0,1,2,-2,0,0
2014,20,427*A,Lupinus argenteus,165,193,-10,-10,26,13,5,0,0,NA,NA,1,NA
2015,20,427*A,Lupinus argenteus,165,193,-10,-10,25,14,0,0,0,26,-1,1,0
2016,20,427*A,Lupinus argenteus,165,193,-10,-10,6,4,0,0,0,25,-19,1,0
2017,20,427*A,Lupinus argenteus,165,193,-10,-10,0,0,0,0,1,6,-6,0,0
2014,20,428*A,Lupinus argenteus,165,198,-10,-10,24,14,7,0,0,NA,NA,1,NA
2015,20,428*A,Lupinus argenteus,165,198,-10,-10,23,15,5,0,0,24,-1,1,0
2016,20,428*A,Lupinus argenteus,165,198,-10,-10,17,13,0,0,0,23,-6,1,0
2017,20,428*A,Lupinus argenteus,165,198,-10,-10,6,6,0,0,0,17,-11,1,0
2018,20,428*A,Lupinus argenteus,165,198,-10,-10,0,0,0,0,1,6,-6,0,0
2014,20,429*A,Lupinus argenteus,105,198,-10,-10,0.5,1,0,1,0,NA,NA,1,1
2015,20,429*A,Lupinus argenteus,105,198,-10,-10,3,3,0,0,0,0.5,2.5,1,0
2016,20,429*A,Lupinus argenteus,105,198,-10,-10,0,0,0,0,1,3,-3,0,0
2014,6,43*A,Ivesia gordonii,195,25,-10,-10,18,9,21,0,0,NA,NA,1,NA
2015,6,43*A,Ivesia gordonii,195,25,-10,-10,21,6.5,16,0,0,18,3,1,0
2016,6,43*A,Ivesia gordonii,195,25,-10,-10,23,10,23,0,0,21,2,1,0
2017,6,43*A,Ivesia gordonii,195,25,-10,-10,0,0,0,0,1,23,-23,0,0
2014,20,430*A,Lupinus argenteus,110,195,-10,-10,11,7,0,0,0,NA,NA,1,NA
2015,20,430*A,Lupinus argenteus,110,195,-10,-10,11,8,0,0,0,11,0,1,0
2016,20,430*A,Lupinus argenteus,110,195,-10,-10,0,0,0,0,1,11,-11,0,0
2014,20,431*A,Lupinus argenteus,100,175,-10,-10,15,7,0,0,0,NA,NA,1,NA
2015,20,431*A,Lupinus argenteus,100,175,-10,-10,2,2,0,0,0,15,-13,1,0
2016,20,431*A,Lupinus argenteus,100,175,-10,-10,11,7,0,0,0,2,9,1,0
2017,20,431*A,Lupinus argenteus,100,175,-10,-10,10,4,0,0,0,11,-1,1,0
2018,20,431*A,Lupinus argenteus,100,175,-10,-10,0,0,0,0,1,10,-10,0,0
2014,20,432*A,Ivesia gordonii,40,181,-10,-10,7,3,0,0,0,NA,NA,1,NA
2015,20,432*A,Ivesia gordonii,40,181,-10,-10,10,5,2,0,0,7,3,1,0
2016,20,432*A,Ivesia gordonii,40,181,-10,-10,14,10,6,0,0,10,4,1,0
2017,20,432*A,Ivesia gordonii,40,181,-10,-10,11,6,1,0,0,14,-3,1,0
2018,20,432*A,Ivesia gordonii,40,181,-10,-10,8.5,4,0,0,0,11,-2.5,1,0
2019,20,432*A,Ivesia gordonii,40,181,-10,-10,12.5,5,0,0,0,8.5,4,1,0
2020,20,432*A,Ivesia gordonii,40,181,-10,-10,10,4,0,0,0,12.5,-2.5,1,0
2021,20,432*A,Ivesia gordonii,40,181,-10,-10,15,3.5,2,0,0,10,5,1,0
2014,20,433*A,Ivesia gordonii,7,167,-10,-10,9,5,0,0,0,NA,NA,1,NA
2015,20,433*A,Ivesia gordonii,7,167,-10,-10,10,4,6,0,0,9,1,1,0
2016,20,433*A,Ivesia gordonii,7,167,-10,-10,17,6,13,0,0,10,7,1,0
2017,20,433*A,Ivesia gordonii,7,167,-10,-10,16.5,8,15,0,0,17,-0.5,1,0
2018,20,433*A,Ivesia gordonii,7,167,-10,-10,13,3.5,0,0,0,16.5,-3.5,1,0
2019,20,433*A,Ivesia gordonii,7,167,-10,-10,12.5,4.5,0,0,0,13,-0.5,1,0
2020,20,433*A,Ivesia gordonii,7,167,-10,-10,17,7,2,0,0,12.5,4.5,1,0
2021,20,433*A,Ivesia gordonii,7,167,-10,-10,18.5,6.5,1,0,0,17,1.5,1,0
2014,20,434*A,Ivesia gordonii,0,151,5,-5,7,5,2,0,0,NA,NA,1,NA
2015,20,434*A,Ivesia gordonii,0,151,5,-5,8,5,0,0,0,7,1,1,0
2016,20,434*A,Ivesia gordonii,0,151,5,-5,12,7,5,0,0,8,4,1,0
2017,20,434*A,Ivesia gordonii,0,151,5,-5,12.5,6,9,0,0,12,0.5,1,0
2018,20,434*A,Ivesia gordonii,0,151,5,-5,7.5,4,0,0,0,12.5,-5,1,0
2019,20,434*A,Ivesia gordonii,0,151,5,-5,4,3.5,0,0,0,7.5,-3.5,1,0
2020,20,434*A,Ivesia gordonii,0,151,5,-5,7,5,0,0,0,4,3,1,0
2021,20,434*A,Ivesia gordonii,0,151,5,-5,10,4,0,0,0,7,3,1,0
2014,20,435*A,Ivesia gordonii,10,147,-10,-10,12,6,3,0,0,NA,NA,1,NA
2015,20,435*A,Ivesia gordonii,10,147,-10,-10,15,6,8,0,0,12,3,1,0
2016,20,435*A,Ivesia gordonii,10,147,-10,-10,20,6,17,0,0,15,5,1,0
2017,20,435*A,Ivesia gordonii,10,147,-10,-10,16,6,33,0,0,20,-4,1,0
2018,20,435*A,Ivesia gordonii,10,147,-10,-10,16,6,4,0,0,16,0,1,0
2019,20,435*A,Ivesia gordonii,10,147,-10,-10,21,7.5,16,0,0,16,5,1,0
2020,20,435*A,Ivesia gordonii,10,147,-10,-10,29,10.5,9,0,0,21,8,1,0
2021,20,435*A,Ivesia gordonii,10,147,-10,-10,22,5,3,0,0,29,-7,1,0
2014,20,436*A,Eriogonum umbellatum,0,73,0,-10,46,2,89,0,0,NA,NA,1,NA
2015,20,436*A,Eriogonum umbellatum,0,73,0,-10,63,3,112,0,0,46,17,1,0
2016,20,436*A,Eriogonum umbellatum,0,73,0,-10,70,3,167,0,0,63,7,1,0
2017,20,436*A,Eriogonum umbellatum,0,73,0,-10,71,3,181,0,0,70,1,1,0
2018,20,436*A,Eriogonum umbellatum,0,73,0,-10,68,2,140,0,0,71,-3,1,0
2019,20,436*A,Eriogonum umbellatum,0,73,0,-10,69,5,198,0,0,68,1,1,0
2020,20,436*A,Eriogonum umbellatum,0,73,0,-10,70.5,5.5,111,0,0,69,1.5,1,0
2021,20,436*A,Eriogonum umbellatum,0,73,0,-10,73,3,130,0,0,70.5,2.5,1,0
2014,20,437*A,Agoseris glauca,1,85,0,-10,7,7,1,0,0,NA,NA,1,NA
2015,20,437*A,Agoseris glauca,1,85,0,-10,8,7,0,0,0,7,1,1,0
2016,20,437*A,Agoseris glauca,1,85,0,-10,13,10,1,0,0,8,5,1,0
2017,20,437*A,Agoseris glauca,1,85,0,-10,4,4,0,0,0,13,-9,1,0
2018,20,437*A,Agoseris glauca,1,85,0,-10,0,0,0,0,1,4,-4,0,0
2014,20,439*A,Elymus lanceolatus,5,85,10,10,10,15,2,0,0,NA,NA,1,NA
2015,20,439*A,Elymus lanceolatus,5,85,10,10,10,15,2,0,1,10,0,0,0
2014,6,44*A,Eriogonum umbellatum,124,53,-10,-10,26,4,3,0,0,NA,NA,1,NA
2015,6,44*A,Eriogonum umbellatum,124,53,-10,-10,28,7,7,0,0,26,2,1,0
2016,6,44*A,Eriogonum umbellatum,124,53,-10,-10,29,4,5,0,0,28,1,1,0
2017,6,44*A,Eriogonum umbellatum,124,53,-10,-10,28,2,2,0,0,29,-1,1,0
2018,6,44*A,Eriogonum umbellatum,124,53,-10,-10,26,3,3,0,0,28,-2,1,0
2019,6,44*A,Eriogonum umbellatum,124,53,-10,-10,32,3,2,0,0,26,6,1,0
2020,6,44*A,Eriogonum umbellatum,124,53,-10,-10,33,3,2,0,0,32,1,1,0
2021,6,44*A,Eriogonum umbellatum,124,53,-10,-10,32,2.5,4,0,0,33,-1,1,0
2014,20,440*A,Elymus lanceolatus,13,84,10,0,6,18,1,0,0,NA,NA,1,NA
2015,20,440*A,Elymus lanceolatus,13,84,10,0,8,11,2,0,1,6,2,0,0
2014,20,441*A,Eriogonum umbellatum,2,6,0,10,0.5,0.5,0,1,0,NA,NA,1,1
2015,20,441*A,Eriogonum umbellatum,2,6,0,10,0.8,0.2,0,0,0,0.5,0.3,1,0
2016,20,441*A,Eriogonum umbellatum,2,6,0,10,0.5,0.5,0,0,0,0.8,-0.3,1,0
2017,20,441*A,Eriogonum umbellatum,2,6,0,10,0,0,0,0,1,0.5,-0.5,0,0
2014,20,442*A,Achnatherum lettermanii,0,73,0,-10,7,7,1,0,0,NA,NA,1,NA
2015,20,442*A,Achnatherum lettermanii,0,73,0,-10,8,9,3,0,0,7,1,1,0
2016,20,442*A,Achnatherum lettermanii,0,73,0,-10,17,19,12,0,0,8,9,1,0
2017,20,442*A,Achnatherum lettermanii,0,73,0,-10,19,15,18,0,0,17,2,1,0
2018,20,442*A,Achnatherum lettermanii,0,73,0,-10,6,12,0,0,0,19,-13,1,0
2019,20,442*A,Achnatherum lettermanii,0,73,0,-10,14,11,3,0,0,6,8,1,0
2020,20,442*A,Achnatherum lettermanii,0,73,0,-10,5,5,0,0,0,14,-9,1,0
2021,20,442*A,Achnatherum lettermanii,0,73,0,-10,0,0,0,0,0,5,-5,1,0
2014,20,443*A,Pseudocymopterus montanus,0,85,0,-15,10,3,6,0,0,NA,NA,1,NA
2015,20,443*A,Pseudocymopterus montanus,0,85,0,-15,11,5,5,0,0,10,1,1,0
2016,20,443*A,Pseudocymopterus montanus,0,85,0,-15,4,2,2,0,0,11,-7,1,0
2017,20,443*A,Pseudocymopterus montanus,0,85,0,-15,0,0,0,0,1,4,-4,0,0
2014,21,444*A,Eriogonum umbellatum,73,94,0,-10,32,4,16,0,0,NA,NA,1,NA
2015,21,444*A,Eriogonum umbellatum,73,94,0,-10,39,5,17,0,0,32,7,1,0
2016,21,444*A,Eriogonum umbellatum,73,94,0,-10,43,6,28,0,0,39,4,1,0
2017,21,444*A,Eriogonum umbellatum,73,94,0,-10,45,5,17,0,0,43,2,1,0
2018,21,444*A,Eriogonum umbellatum,73,94,0,-10,30,3,21,0,0,45,-15,1,0
2019,21,444*A,Eriogonum umbellatum,73,94,0,-10,31.5,4,7,0,0,30,1.5,1,0
2020,21,444*A,Eriogonum umbellatum,73,94,0,-10,32,5,3,0,0,31.5,0.5,1,0
2021,21,444*A,Eriogonum umbellatum,73,94,0,-10,25.5,4,1,0,0,32,-6.5,1,0
2014,21,445*A,Heterotheca villosa,65,85,-10,-10,1,2,0,0,0,NA,NA,1,NA
2015,21,445*A,Heterotheca villosa,65,85,-10,-10,4,2,0,0,0,1,3,1,0
2016,21,445*A,Heterotheca villosa,65,85,-10,-10,5,4,0,0,0,4,1,1,0
2017,21,445*A,Heterotheca villosa,65,85,-10,-10,5,3,0,0,0,5,0,1,0
2018,21,445*A,Heterotheca villosa,65,85,-10,-10,0,0,0,0,1,5,-5,0,0
2014,21,446*A,Eriogonum umbellatum,131,35,-10,-10,20,2,3,0,0,NA,NA,1,NA
2015,21,446*A,Eriogonum umbellatum,131,35,-10,-10,23,2.5,4,0,0,20,3,1,0
2016,21,446*A,Eriogonum umbellatum,131,35,-10,-10,28,3,8,0,0,23,5,1,0
2017,21,446*A,Eriogonum umbellatum,131,35,-10,-10,29,2,8,0,0,28,1,1,0
2018,21,446*A,Eriogonum umbellatum,131,35,-10,-10,25,2.5,5,0,0,29,-4,1,0
2019,21,446*A,Eriogonum umbellatum,131,35,-10,-10,18,2.5,1,0,0,25,-7,1,0
2020,21,446*A,Eriogonum umbellatum,131,35,-10,-10,20.5,3,3,0,0,18,2.5,1,0
2021,21,446*A,Eriogonum umbellatum,131,35,-10,-10,15,1.5,0,0,0,20.5,-5.5,1,0
2014,21,447*A,Elymus lanceolatus,140,40,5,5,7,18,0,0,0,NA,NA,1,NA
2015,21,447*A,Elymus lanceolatus,140,40,5,5,12,11,0,0,0,7,5,1,0
2016,21,447*A,Elymus lanceolatus,140,40,5,5,14,16,1,0,0,12,2,1,0
2017,21,447*A,Elymus lanceolatus,140,40,5,5,0,0,0,0,1,14,-14,0,0
2014,21,448*A,Elymus lanceolatus,135,30,-5,0,7,13,0,0,0,NA,NA,1,NA
2015,21,448*A,Elymus lanceolatus,135,30,-5,0,17,13,1,0,0,7,10,1,0
2016,21,448*A,Elymus lanceolatus,135,30,-5,0,21,22,12,0,0,17,4,1,0
2017,21,448*A,Elymus lanceolatus,135,30,-5,0,0,0,0,0,1,21,-21,0,0
2014,21,449*A,Ivesia gordonii,180,160,0,-10,2,2,0,0,0,NA,NA,1,NA
2015,21,449*A,Ivesia gordonii,180,160,0,-10,5,3,0,0,0,2,3,1,0
2016,21,449*A,Ivesia gordonii,180,160,0,-10,8,4,2,0,0,5,3,1,0
2017,21,449*A,Ivesia gordonii,180,160,0,-10,7.9,3,3,0,0,8,-0.1,1,0
2018,21,449*A,Ivesia gordonii,180,160,0,-10,0,0,0,0,1,7.9,-7.9,0,0
2014,6,45*A,Elymus lanceolatus,116,55,-10,0,11,8,0,0,0,NA,NA,1,NA
2015,6,45*A,Elymus lanceolatus,116,55,-10,0,23,11,0,0,0,11,12,1,0
2016,6,45*A,Elymus lanceolatus,116,55,-10,0,20,17,6,0,0,23,-3,1,0
2017,6,45*A,Elymus lanceolatus,116,55,-10,0,24,18,2,0,0,20,4,1,0
2018,6,45*A,Elymus lanceolatus,116,55,-10,0,17.5,18,8,0,0,24,-6.5,1,0
2019,6,45*A,Elymus lanceolatus,116,55,-10,0,21,24.5,9,0,0,17.5,3.5,1,0
2020,6,45*A,Elymus lanceolatus,116,55,-10,0,17,16,0,0,0,21,-4,1,0
2021,6,45*A,Elymus lanceolatus,116,55,-10,0,15.5,18,1,0,0,17,-1.5,1,0
2014,21,450*A,Eriogonum umbellatum,175,160,-5,0,0.5,0.5,0,1,0,NA,NA,1,1
2015,21,450*A,Eriogonum umbellatum,175,160,-5,0,0.5,0.5,0,0,0,0.5,0,1,0
2016,21,450*A,Eriogonum umbellatum,175,160,-5,0,0,0,0,0,1,0.5,-0.5,0,0
2014,21,451*A,Indet indet,150,110,-10,-10,0.5,0.5,0,1,0,NA,NA,1,1
2015,21,451*A,Indet indet,150,110,-10,-10,0,0,0,0,1,0.5,-0.5,0,0
2014,21,452*A,Eriogonum umbellatum,165,160,-10,-10,0.5,0.5,0,1,0,NA,NA,1,1
2015,21,452*A,Eriogonum umbellatum,165,160,-10,-10,0,0,0,0,1,0.5,-0.5,0,0
2014,21,453*A,Eriogonum umbellatum,135,130,-10,-10,0.5,0.5,0,1,0,NA,NA,1,1
2015,21,453*A,Eriogonum umbellatum,135,130,-10,-10,0.8,0.4,0,0,0,0.5,0.3,1,0
2016,21,453*A,Eriogonum umbellatum,135,130,-10,-10,0,0,0,0,1,0.8,-0.8,0,0
2014,21,454*A,Eriogonum umbellatum,130,175,-10,-10,0.5,0.5,0,1,0,NA,NA,1,1
2015,21,454*A,Eriogonum umbellatum,130,175,-10,-10,0,0,0,0,1,0.5,-0.5,0,0
2014,21,455*A,Eriogonum umbellatum,90,130,-10,-10,0.5,0.5,0,1,0,NA,NA,1,1
2015,21,455*A,Eriogonum umbellatum,90,130,-10,-10,1,0.5,0,0,0,0.5,0.5,1,0
2016,21,455*A,Eriogonum umbellatum,90,130,-10,-10,0,0,0,0,1,1,-1,0,0
2014,21,456*A,Eriogonum umbellatum,105,180,-10,-10,0.5,1,0,1,0,NA,NA,1,1
2015,21,456*A,Eriogonum umbellatum,105,180,-10,-10,2,0.5,0,0,0,0.5,1.5,1,0
2016,21,456*A,Eriogonum umbellatum,105,180,-10,-10,0,0,0,0,1,2,-2,0,0
2014,21,457*A,Eriogonum umbellatum,160,180,-10,-10,0.5,0.5,0,1,0,NA,NA,1,1
2015,21,457*A,Eriogonum umbellatum,160,180,-10,-10,0,0,0,0,1,0.5,-0.5,0,0
2014,21,458*A,Eriogonum umbellatum,141,197,-10,-10,43,2,33,0,0,NA,NA,1,NA
2015,21,458*A,Eriogonum umbellatum,141,197,-10,-10,49,2,64,0,0,43,6,1,0
2016,21,458*A,Eriogonum umbellatum,141,197,-10,-10,52,2,73,0,0,49,3,1,0
2017,21,458*A,Eriogonum umbellatum,141,197,-10,-10,55,2,48,0,0,52,3,1,0
2018,21,458*A,Eriogonum umbellatum,141,197,-10,-10,28,1.5,0,0,0,55,-27,1,0
2019,21,458*A,Eriogonum umbellatum,141,197,-10,-10,21,2,0,0,0,28,-7,1,0
2020,21,458*A,Eriogonum umbellatum,141,197,-10,-10,21,3,0,0,0,21,0,1,0
2021,21,458*A,Eriogonum umbellatum,141,197,-10,-10,22,4,1,0,0,21,1,1,0
2014,21,459*A,Eriogonum umbellatum,140,200,-10,-10,6,2,0,0,0,NA,NA,1,NA
2015,21,459*A,Eriogonum umbellatum,140,200,-10,-10,7,2,0,0,0,6,1,1,0
2016,21,459*A,Eriogonum umbellatum,140,200,-10,-10,9,3,0,0,0,7,2,1,0
2017,21,459*A,Eriogonum umbellatum,140,200,-10,-10,0,0,0,0,1,9,-9,0,0
2014,6,46*A,Elymus lanceolatus,124,50,10,0,4,20,0,0,0,NA,NA,1,NA
2015,6,46*A,Elymus lanceolatus,124,50,10,0,14,14,0,0,0,4,10,1,0
2016,6,46*A,Elymus lanceolatus,124,50,10,0,22,24,6,0,0,14,8,1,0
2017,6,46*A,Elymus lanceolatus,124,50,10,0,16,21,1,0,0,22,-6,1,0
2018,6,46*A,Elymus lanceolatus,124,50,10,0,9,26,11,0,0,16,-7,1,0
2019,6,46*A,Elymus lanceolatus,124,50,10,0,21,20,5,0,0,9,12,1,0
2020,6,46*A,Elymus lanceolatus,124,50,10,0,26,18,0,0,0,21,5,1,0
2021,6,46*A,Elymus lanceolatus,124,50,10,0,18,22,5,0,0,26,-8,1,0
2014,21,461*A,Heterotheca villosa,40,160,-10,-10,4,3,0,0,0,NA,NA,1,NA
2015,21,461*A,Heterotheca villosa,40,160,-10,-10,9,4,0,0,0,4,5,1,0
2016,21,461*A,Heterotheca villosa,40,160,-10,-10,9,5,0,0,0,9,0,1,0
2017,21,461*A,Heterotheca villosa,40,160,-10,-10,0,0,0,0,1,9,-9,0,0
2014,21,462*A,Heterotheca villosa,30,140,-10,-10,9,5,0,0,0,NA,NA,1,NA
2015,21,462*A,Heterotheca villosa,30,140,-10,-10,5,4,0,0,0,9,-4,1,0
2016,21,462*A,Heterotheca villosa,30,140,-10,-10,12,7,3,0,0,5,7,1,0
2017,21,462*A,Heterotheca villosa,30,140,-10,-10,9,7,1,0,0,12,-3,1,0
2018,21,462*A,Heterotheca villosa,30,140,-10,-10,0,0,0,0,1,9,-9,0,0
2014,21,463*A,Achnatherum lettermanii,20,155,-10,-10,8,12,13,0,0,NA,NA,1,NA
2015,21,463*A,Achnatherum lettermanii,20,155,-10,-10,18,11,18,0,0,8,10,1,0
2016,21,463*A,Achnatherum lettermanii,20,155,-10,-10,23,22,40,0,0,18,5,1,0
2017,21,463*A,Achnatherum lettermanii,20,155,-10,-10,21,12,22,0,0,23,-2,1,0
2018,21,463*A,Achnatherum lettermanii,20,155,-10,-10,11,5,0,0,0,21,-10,1,0
2019,21,463*A,Achnatherum lettermanii,20,155,-10,-10,0,0,0,0,1,11,-11,0,0
2014,21,464*A,Achnatherum lettermanii,34,144,-10,-10,6,12,10,0,0,NA,NA,1,NA
2015,21,464*A,Achnatherum lettermanii,34,144,-10,-10,18,14,19,0,0,6,12,1,0
2016,21,464*A,Achnatherum lettermanii,34,144,-10,-10,21,20,63,0,0,18,3,1,0
2017,21,464*A,Achnatherum lettermanii,34,144,-10,-10,19,9,29,0,0,21,-2,1,0
2018,21,464*A,Achnatherum lettermanii,34,144,-10,-10,2,2,0,0,0,19,-17,1,0
2019,21,464*A,Achnatherum lettermanii,34,144,-10,-10,0,0,0,0,1,2,-2,0,0
2014,21,465*A,Achnatherum lettermanii,35,128,-10,-10,3,5,0,0,0,NA,NA,1,NA
2015,21,465*A,Achnatherum lettermanii,35,128,-10,-10,6,7,2,0,0,3,3,1,0
2016,21,465*A,Achnatherum lettermanii,35,128,-10,-10,9,16,24,0,0,6,3,1,0
2017,21,465*A,Achnatherum lettermanii,35,128,-10,-10,0,0,0,0,1,9,-9,0,0
2014,22,466*A,Eriogonum umbellatum,63,0,0,0,51,4,34,0,0,NA,NA,1,NA
2015,22,466*A,Eriogonum umbellatum,63,0,0,0,54,2,66,0,0,51,3,1,0
2016,22,466*A,Eriogonum umbellatum,63,0,0,0,55,3,38,0,0,54,1,1,0
2017,22,466*A,Eriogonum umbellatum,63,0,0,0,55,2,64,0,0,55,0,1,0
2018,22,466*A,Eriogonum umbellatum,63,0,0,0,52,3,36,0,0,55,-3,1,0
2019,22,466*A,Eriogonum umbellatum,63,0,0,0,52,3.5,68,0,0,52,0,1,0
2020,22,466*A,Eriogonum umbellatum,63,0,0,0,53,4.5,18,0,0,52,1,1,0
2021,22,466*A,Eriogonum umbellatum,63,0,0,0,52,3,30,0,0,53,-1,1,0
2014,22,467*A,Eriogonum umbellatum,49,36,-10,-10,6,1,0,0,0,NA,NA,1,NA
2015,22,467*A,Eriogonum umbellatum,49,36,-10,-10,5.5,1.5,0,0,0,6,-0.5,1,0
2016,22,467*A,Eriogonum umbellatum,49,36,-10,-10,8,2,0,0,0,5.5,2.5,1,0
2017,22,467*A,Eriogonum umbellatum,49,36,-10,-10,11.5,2,0,0,0,8,3.5,1,0
2018,22,467*A,Eriogonum umbellatum,49,36,-10,-10,13.5,2.5,2,0,0,11.5,2,1,0
2019,22,467*A,Eriogonum umbellatum,49,36,-10,-10,14.5,2.5,4,0,0,13.5,1,1,0
2020,22,467*A,Eriogonum umbellatum,49,36,-10,-10,15.5,2,1,0,0,14.5,1,1,0
2021,22,467*A,Eriogonum umbellatum,49,36,-10,-10,16.5,1.5,1,0,0,15.5,1,1,0
2014,22,468*A,Eriogonum umbellatum,127,46,-10,-10,90,3,114,0,0,NA,NA,1,NA
2015,22,468*A,Eriogonum umbellatum,127,46,-10,-10,86,2.5,172,0,0,90,-4,1,0
2016,22,468*A,Eriogonum umbellatum,127,46,-10,-10,93,3,167,0,0,86,7,1,0
2017,22,468*A,Eriogonum umbellatum,127,46,-10,-10,92,3,160,0,0,93,-1,1,0
2018,22,468*A,Eriogonum umbellatum,127,46,-10,-10,92,2.5,196,0,0,92,0,1,0
2019,22,468*A,Eriogonum umbellatum,127,46,-10,-10,98,4.5,223,0,0,92,6,1,0
2020,22,468*A,Eriogonum umbellatum,127,46,-10,-10,100,4,137,0,0,98,2,1,0
2021,22,468*A,Eriogonum umbellatum,127,46,-10,-10,96,4,140,0,0,100,-4,1,0
2014,22,469*A,Heterotheca villosa,120,55,-10,-10,30,6,48,0,0,NA,NA,1,NA
2015,22,469*A,Heterotheca villosa,120,55,-10,-10,23,4,7,0,0,30,-7,1,0
2016,22,469*A,Heterotheca villosa,120,55,-10,-10,28,7,34,0,0,23,5,1,0
2017,22,469*A,Heterotheca villosa,120,55,-10,-10,23,8,12,0,0,28,-5,1,0
2018,22,469*A,Heterotheca villosa,120,55,-10,-10,0,0,0,0,1,23,-23,0,0
2014,6,47*A,Ivesia gordonii,70,90,-10,-10,13,4,12,0,0,NA,NA,1,NA
2015,6,47*A,Ivesia gordonii,70,90,-10,-10,17,5,14,0,0,13,4,1,0
2016,6,47*A,Ivesia gordonii,70,90,-10,-10,19,5,15,0,0,17,2,1,0
2017,6,47*A,Ivesia gordonii,70,90,-10,-10,0,0,0,0,1,19,-19,0,0
2014,22,471*A,Ivesia gordonii,25,170,-10,-10,2,1,0,0,0,NA,NA,1,NA
2015,22,471*A,Ivesia gordonii,25,170,-10,-10,3,3,0,0,0,2,1,1,0
2016,22,471*A,Ivesia gordonii,25,170,-10,-10,8,5,0,0,0,3,5,1,0
2017,22,471*A,Ivesia gordonii,25,170,-10,-10,1,1,0,0,0,8,-7,1,0
2018,22,471*A,Ivesia gordonii,25,170,-10,-10,0,0,0,0,1,1,-1,0,0
2014,22,472*A,Eriogonum umbellatum,8,53,-10,0,33,2,71,0,0,NA,NA,1,NA
2015,22,472*A,Eriogonum umbellatum,8,53,-10,0,45,2.5,97,0,0,33,12,1,0
2016,22,472*A,Eriogonum umbellatum,8,53,-10,0,47,3,96,0,0,45,2,1,0
2017,22,472*A,Eriogonum umbellatum,8,53,-10,0,53,3,81,0,0,47,6,1,0
2018,22,472*A,Eriogonum umbellatum,8,53,-10,0,53,2.5,48,0,0,53,0,1,0
2019,22,472*A,Eriogonum umbellatum,8,53,-10,0,54,3.5,119,0,0,53,1,1,0
2020,22,472*A,Eriogonum umbellatum,8,53,-10,0,56,4,28,0,0,54,2,1,0
2021,22,472*A,Eriogonum umbellatum,8,53,-10,0,45,3.5,17,0,0,56,-11,1,0
2014,22,473*A,Elymus lanceolatus,9,63,-5,-5,8,9,0,0,0,NA,NA,1,NA
2015,22,473*A,Elymus lanceolatus,9,63,-5,-5,3.5,14,0,0,0,8,-4.5,1,0
2016,22,473*A,Elymus lanceolatus,9,63,-5,-5,28,8,0,0,0,3.5,24.5,1,0
2017,22,473*A,Elymus lanceolatus,9,63,-5,-5,9,10,1,0,0,28,-19,1,0
2018,22,473*A,Elymus lanceolatus,9,63,-5,-5,12.5,17.5,9,0,0,9,3.5,1,0
2019,22,473*A,Elymus lanceolatus,9,63,-5,-5,8.5,12.5,0,0,0,12.5,-4,1,0
2020,22,473*A,Elymus lanceolatus,9,63,-5,-5,10.5,12.5,0,0,0,8.5,2,1,0
2021,22,473*A,Elymus lanceolatus,9,63,-5,-5,7,11,1,0,0,10.5,-3.5,1,0
2014,22,474*A,Elymus lanceolatus,7,66,-5,-5,3,9,0,0,0,NA,NA,1,NA
2015,22,474*A,Elymus lanceolatus,7,66,-5,-5,2.5,9.5,0,0,0,3,-0.5,1,0
2016,22,474*A,Elymus lanceolatus,7,66,-5,-5,9,12,0,0,0,2.5,6.5,1,0
2017,22,474*A,Elymus lanceolatus,7,66,-5,-5,29,18,0,0,0,9,20,1,0
2018,22,474*A,Elymus lanceolatus,7,66,-5,-5,8.5,16,1,0,0,29,-20.5,1,0
2019,22,474*A,Elymus lanceolatus,7,66,-5,-5,22,21.5,1,0,0,8.5,13.5,1,0
2020,22,474*A,Elymus lanceolatus,7,66,-5,-5,18,14,0,0,0,22,-4,1,0
2021,22,474*A,Elymus lanceolatus,7,66,-5,-5,9,21,2,0,0,18,-9,1,0
2014,23,475*A,Eriogonum umbellatum,12,31,0,-5,4,1,0,0,0,NA,NA,1,NA
2015,23,475*A,Eriogonum umbellatum,12,31,0,-5,7,1,0,0,0,4,3,1,0
2016,23,475*A,Eriogonum umbellatum,12,31,0,-5,10,2,0,0,0,7,3,1,0
2017,23,475*A,Eriogonum umbellatum,12,31,0,-5,11,2,0,0,0,10,1,1,0
2018,23,475*A,Eriogonum umbellatum,12,31,0,-5,12,1.5,1,0,0,11,1,1,0
2019,23,475*A,Eriogonum umbellatum,12,31,0,-5,13,2.5,6,0,0,12,1,1,0
2020,23,475*A,Eriogonum umbellatum,12,31,0,-5,14,2.5,0,0,0,13,1,1,0
2021,23,475*A,Eriogonum umbellatum,12,31,0,-5,15.5,1.5,8,0,0,14,1.5,1,0
2014,23,476*A,Heterotheca villosa,72,30,-10,-10,21,4,13,0,0,NA,NA,1,NA
2015,23,476*A,Heterotheca villosa,72,30,-10,-10,18.5,8,13,0,0,21,-2.5,1,0
2016,23,476*A,Heterotheca villosa,72,30,-10,-10,26,8,17,0,0,18.5,7.5,1,0
2017,23,476*A,Heterotheca villosa,72,30,-10,-10,23,7,16,0,0,26,-3,1,0
2018,23,476*A,Heterotheca villosa,72,30,-10,-10,0,0,0,0,1,23,-23,0,0
2014,23,477*A,Ivesia gordonii,96,3,-10,-10,13,3,2,0,0,NA,NA,1,NA
2015,23,477*A,Ivesia gordonii,96,3,-10,-10,14,3,6,0,0,13,1,1,0
2016,23,477*A,Ivesia gordonii,96,3,-10,-10,14,4,11,0,0,14,0,1,0
2017,23,477*A,Ivesia gordonii,96,3,-10,-10,11,5,2,0,0,14,-3,1,0
2018,23,477*A,Ivesia gordonii,96,3,-10,-10,10.5,3,13,0,0,11,-0.5,1,0
2019,23,477*A,Ivesia gordonii,96,3,-10,-10,8.5,8.5,7,0,0,10.5,-2,1,0
2020,23,477*A,Ivesia gordonii,96,3,-10,-10,11,6,3,0,0,8.5,2.5,1,0
2021,23,477*A,Ivesia gordonii,96,3,-10,-10,10.5,3,6,0,0,11,-0.5,1,0
2014,23,478*A,Eriogonum umbellatum,75,72,-10,-10,7,2,0,0,0,NA,NA,1,NA
2015,23,478*A,Eriogonum umbellatum,75,72,-10,-10,8,2,0,0,0,7,1,1,0
2016,23,478*A,Eriogonum umbellatum,75,72,-10,-10,11.5,5,2,0,0,8,3.5,1,0
2017,23,478*A,Eriogonum umbellatum,75,72,-10,-10,13,4,1,0,0,11.5,1.5,1,0
2018,23,478*A,Eriogonum umbellatum,75,72,-10,-10,13,2,2,0,0,13,0,1,0
2019,23,478*A,Eriogonum umbellatum,75,72,-10,-10,13,4.5,6,0,0,13,0,1,0
2020,23,478*A,Eriogonum umbellatum,75,72,-10,-10,16.5,4,6,0,0,13,3.5,1,0
2021,23,478*A,Eriogonum umbellatum,75,72,-10,-10,19,3,19,0,0,16.5,2.5,1,0
2014,23,479*A,Ivesia gordonii,113,33,-10,-10,4,2,0,0,0,NA,NA,1,NA
2015,23,479*A,Ivesia gordonii,113,33,-10,-10,6,4,0,0,0,4,2,1,0
2016,23,479*A,Ivesia gordonii,113,33,-10,-10,12,6,4,0,0,6,6,1,0
2017,23,479*A,Ivesia gordonii,113,33,-10,-10,12,7,5,0,0,12,0,1,0
2018,23,479*A,Ivesia gordonii,113,33,-10,-10,14,6.5,5,0,0,12,2,1,0
2019,23,479*A,Ivesia gordonii,113,33,-10,-10,32,11,4,0,0,14,18,1,0
2020,23,479*A,Ivesia gordonii,113,33,-10,-10,12.5,9,1,0,0,32,-19.5,1,0
2021,23,479*A,Ivesia gordonii,113,33,-10,-10,16.5,5.5,7,0,0,12.5,4,1,0
2014,6,48*A,Ivesia gordonii,70,105,-10,-10,19,8,30,0,0,NA,NA,1,NA
2015,6,48*A,Ivesia gordonii,70,105,-10,-10,19.5,3,13,0,0,19,0.5,1,0
2016,6,48*A,Ivesia gordonii,70,105,-10,-10,22,7,24,0,0,19.5,2.5,1,0
2017,6,48*A,Ivesia gordonii,70,105,-10,-10,0,0,0,0,1,22,-22,0,0
2014,23,480*A,Ivesia gordonii,105,70,-10,-10,22,4,3,0,0,NA,NA,1,NA
2015,23,480*A,Ivesia gordonii,105,70,-10,-10,19,5,35,0,0,22,-3,1,0
2016,23,480*A,Ivesia gordonii,105,70,-10,-10,30,9,88,0,0,19,11,1,0
2017,23,480*A,Ivesia gordonii,105,70,-10,-10,18,10,19,0,0,30,-12,1,0
2018,23,480*A,Ivesia gordonii,105,70,-10,-10,0,0,0,0,1,18,-18,0,0
2014,23,481*A,Eriogonum umbellatum,192,53,-10,-10,50,3,76,0,0,NA,NA,1,NA
2015,23,481*A,Eriogonum umbellatum,192,53,-10,-10,49,4,116,0,0,50,-1,1,0
2016,23,481*A,Eriogonum umbellatum,192,53,-10,-10,49,3,87,0,0,49,0,1,0
2017,23,481*A,Eriogonum umbellatum,192,53,-10,-10,52,2,75,0,0,49,3,1,0
2018,23,481*A,Eriogonum umbellatum,192,53,-10,-10,48,3.5,41,0,0,52,-4,1,0
2019,23,481*A,Eriogonum umbellatum,192,53,-10,-10,47,11,94,0,0,48,-1,1,0
2020,23,481*A,Eriogonum umbellatum,192,53,-10,-10,50,4,28,0,0,47,3,1,0
2021,23,481*A,Eriogonum umbellatum,192,53,-10,-10,44,4.5,23,0,0,50,-6,1,0
2014,23,482*A,Elymus lanceolatus,181,53,-5,0,6,4,0,0,0,NA,NA,1,NA
2015,23,482*A,Elymus lanceolatus,181,53,-5,0,6,17,1,0,0,6,0,1,0
2016,23,482*A,Elymus lanceolatus,181,53,-5,0,12,20,3,0,0,6,6,1,0
2017,23,482*A,Elymus lanceolatus,181,53,-5,0,29,16,4,0,0,12,17,1,0
2018,23,482*A,Elymus lanceolatus,181,53,-5,0,22,21,13,0,0,29,-7,1,0
2019,23,482*A,Elymus lanceolatus,181,53,-5,0,20.5,20,1,0,0,22,-1.5,1,0
2020,23,482*A,Elymus lanceolatus,181,53,-5,0,20,15,0,0,0,20.5,-0.5,1,0
2021,23,482*A,Elymus lanceolatus,181,53,-5,0,21,21.5,3,0,0,20,1,1,0
2014,23,483*A,Agoseris glauca,185,50,-10,-10,10,8,0,0,0,NA,NA,1,NA
2015,23,483*A,Agoseris glauca,185,50,-10,-10,11,6,0,0,0,10,1,1,0
2016,23,483*A,Agoseris glauca,185,50,-10,-10,13,8,0,0,0,11,2,1,0
2017,23,483*A,Agoseris glauca,185,50,-10,-10,17,10,1,0,0,13,4,1,0
2018,23,483*A,Agoseris glauca,185,50,-10,-10,0,0,0,0,1,17,-17,0,0
2014,23,484*A,Elymus lanceolatus,194,60,0,-10,10,25,2,0,0,NA,NA,1,NA
2015,23,484*A,Elymus lanceolatus,194,60,0,-10,8,19.5,3,0,0,10,-2,1,0
2016,23,484*A,Elymus lanceolatus,194,60,0,-10,24,24,10,0,0,8,16,1,0
2017,23,484*A,Elymus lanceolatus,194,60,0,-10,26,22,1,0,0,24,2,1,0
2018,23,484*A,Elymus lanceolatus,194,60,0,-10,24,15,3,0,0,26,-2,1,0
2019,23,484*A,Elymus lanceolatus,194,60,0,-10,25,22.5,3,0,0,24,1,1,0
2020,23,484*A,Elymus lanceolatus,194,60,0,-10,26,18.5,1,0,0,25,1,1,0
2021,23,484*A,Elymus lanceolatus,194,60,0,-10,21.5,21.5,4,0,0,26,-4.5,1,0
2014,23,485*A,Lupinus argenteus,190,80,-10,-10,32,17,11,0,0,NA,NA,1,NA
2015,23,485*A,Lupinus argenteus,190,80,-10,-10,0,0,0,0,1,32,-32,0,0
2014,23,486*A,Lupinus argenteus,180,110,-10,-10,16,7,1,0,0,NA,NA,1,NA
2015,23,486*A,Lupinus argenteus,180,110,-10,-10,2,2.5,0,0,0,16,-14,1,0
2016,23,486*A,Lupinus argenteus,180,110,-10,-10,0,0,0,0,1,2,-2,0,0
2014,23,487*A,Lupinus argenteus,185,112,0,-10,6,3,0,0,0,NA,NA,1,NA
2015,23,487*A,Lupinus argenteus,185,112,0,-10,9,5,0,0,0,6,3,1,0
2016,23,487*A,Lupinus argenteus,185,112,0,-10,0,0,0,0,1,9,-9,0,0
2014,23,488*A,Heterotheca villosa,190,135,-10,-10,23,2,2,0,0,NA,NA,1,NA
2015,23,488*A,Heterotheca villosa,190,135,-10,-10,26,3,2,0,0,23,3,1,0
2016,23,488*A,Heterotheca villosa,190,135,-10,-10,27,5,0,0,0,26,1,1,0
2017,23,488*A,Heterotheca villosa,190,135,-10,-10,26,7,3,0,0,27,-1,1,0
2018,23,488*A,Heterotheca villosa,190,135,-10,-10,0,0,0,0,1,26,-26,0,0
2014,23,489*A,Ivesia gordonii,111,157,-10,-10,5,3,2,0,0,NA,NA,1,NA
2015,23,489*A,Ivesia gordonii,111,157,-10,-10,6,3,0,0,0,5,1,1,0
2016,23,489*A,Ivesia gordonii,111,157,-10,-10,9,6,2,0,0,6,3,1,0
2017,23,489*A,Ivesia gordonii,111,157,-10,-10,10.5,4,6,0,0,9,1.5,1,0
2018,23,489*A,Ivesia gordonii,111,157,-10,-10,17,5.5,9,0,0,10.5,6.5,1,0
2019,23,489*A,Ivesia gordonii,111,157,-10,-10,16,3.5,7,0,0,17,-1,1,0
2020,23,489*A,Ivesia gordonii,111,157,-10,-10,10.5,4,1,0,0,16,-5.5,1,0
2021,23,489*A,Ivesia gordonii,111,157,-10,-10,12,3.5,9,0,0,10.5,1.5,1,0
2014,6,49*A,Ivesia gordonii,149,166,-10,-10,5,4,2,0,0,NA,NA,1,NA
2015,6,49*A,Ivesia gordonii,149,166,-10,-10,8.5,4,0,0,0,5,3.5,1,0
2016,6,49*A,Ivesia gordonii,149,166,-10,-10,9,6,6,0,0,8.5,0.5,1,0
2017,6,49*A,Ivesia gordonii,149,166,-10,-10,9,5,0,0,0,9,0,1,0
2018,6,49*A,Ivesia gordonii,149,166,-10,-10,15.5,6,11,0,0,9,6.5,1,0
2019,6,49*A,Ivesia gordonii,149,166,-10,-10,18,7,2,0,0,15.5,2.5,1,0
2020,6,49*A,Ivesia gordonii,149,166,-10,-10,19,6.5,7,0,0,18,1,1,0
2021,6,49*A,Ivesia gordonii,149,166,-10,-10,18,5,7,0,0,19,-1,1,0
2014,23,490*A,Elymus lanceolatus,183,60,5,5,6,18,3,0,0,NA,NA,1,NA
2015,23,490*A,Elymus lanceolatus,183,60,5,5,11,14,0,0,0,6,5,1,0
2016,23,490*A,Elymus lanceolatus,183,60,5,5,17,20,7,0,0,11,6,1,0
2017,23,490*A,Elymus lanceolatus,183,60,5,5,15,21,2,0,0,17,-2,1,0
2018,23,490*A,Elymus lanceolatus,183,60,5,5,14.5,20,5,0,0,15,-0.5,1,0
2019,23,490*A,Elymus lanceolatus,183,60,5,5,3.5,19,1,0,0,14.5,-11,1,0
2020,23,490*A,Elymus lanceolatus,183,60,5,5,6,9.5,0,0,0,3.5,2.5,1,0
2021,23,490*A,Elymus lanceolatus,183,60,5,5,5,7.5,0,0,0,6,-1,1,0
2014,24,491*A,Eriogonum umbellatum,0,28,0,-5,4,1,0,0,0,NA,NA,1,NA
2015,24,491*A,Eriogonum umbellatum,0,28,0,-5,4,1,0,0,0,4,0,1,0
2016,24,491*A,Eriogonum umbellatum,0,28,0,-5,3.5,1.5,0,0,0,4,-0.5,1,0
2017,24,491*A,Eriogonum umbellatum,0,28,0,-5,0,0,0,0,1,3.5,-3.5,0,0
2014,24,492*A,Eriogonum umbellatum,119,2,-10,0,49,3,48,0,0,NA,NA,1,NA
2015,24,492*A,Eriogonum umbellatum,119,2,-10,0,50,4,59,0,0,49,1,1,0
2016,24,492*A,Eriogonum umbellatum,119,2,-10,0,48,4,48,0,0,50,-2,1,0
2017,24,492*A,Eriogonum umbellatum,119,2,-10,0,50,4,58,0,0,48,2,1,0
2018,24,492*A,Eriogonum umbellatum,119,2,-10,0,45,3,30,0,0,50,-5,1,0
2019,24,492*A,Eriogonum umbellatum,119,2,-10,0,47.5,6.5,61,0,0,45,2.5,1,0
2020,24,492*A,Eriogonum umbellatum,119,2,-10,0,47,4,17,0,0,47.5,-0.5,1,0
2021,24,492*A,Eriogonum umbellatum,119,2,-10,0,48,4,27,0,0,47,1,1,0
2014,24,493*A,Elymus lanceolatus,117,0,-5,0,13,14,0,0,0,NA,NA,1,NA
2015,24,493*A,Elymus lanceolatus,117,0,-5,0,14,13,0,0,0,13,1,1,0
2016,24,493*A,Elymus lanceolatus,117,0,-5,0,22,14,7,0,0,14,8,1,0
2017,24,493*A,Elymus lanceolatus,117,0,-5,0,41,22,9,0,0,22,19,1,0
2018,24,493*A,Elymus lanceolatus,117,0,-5,0,38,25,10,0,0,41,-3,1,0
2019,24,493*A,Elymus lanceolatus,117,0,-5,0,46.5,29,13,0,0,38,8.5,1,0
2020,24,493*A,Elymus lanceolatus,117,0,-5,0,45,19,4,0,0,46.5,-1.5,1,0
2021,24,493*A,Elymus lanceolatus,117,0,-5,0,41,23.5,4,0,0,45,-4,1,0
2014,24,494*A,Elymus lanceolatus,119,13.25,0,10,8,18,2,0,0,NA,NA,1,NA
2015,24,494*A,Elymus lanceolatus,119,13.25,0,10,9,14,0,0,0,8,1,1,0
2016,24,494*A,Elymus lanceolatus,119,13.25,0,10,28,24,5,0,0,9,19,1,0
2017,24,494*A,Elymus lanceolatus,119,13.25,0,10,0,0,0,0,1,28,-28,0,0
2014,24,495*A,Elymus lanceolatus,118,20,0,10,7,15,1,0,0,NA,NA,1,NA
2015,24,495*A,Elymus lanceolatus,118,20,0,10,10,12,0,0,1,7,3,0,0
2014,24,496*A,Elymus lanceolatus,120,18,5,-5,2,11,0,0,0,NA,NA,1,NA
2015,24,496*A,Elymus lanceolatus,120,18,5,-5,13,12,0,0,1,2,11,0,0
2014,24,497*A,Elymus lanceolatus,120,10,5,-5,8,17,1,0,0,NA,NA,1,NA
2015,24,497*A,Elymus lanceolatus,120,10,5,-5,8,14,1,0,1,8,0,0,0
2014,24,498*A,Eriogonum umbellatum,147,35,-10,-10,9,1,0,0,0,NA,NA,1,NA
2015,24,498*A,Eriogonum umbellatum,147,35,-10,-10,10,1.5,0,0,0,9,1,1,0
2016,24,498*A,Eriogonum umbellatum,147,35,-10,-10,10,2,1,0,0,10,0,1,0
2017,24,498*A,Eriogonum umbellatum,147,35,-10,-10,11,2,0,0,0,10,1,1,0
2018,24,498*A,Eriogonum umbellatum,147,35,-10,-10,11,2.5,1,0,0,11,0,1,0
2019,24,498*A,Eriogonum umbellatum,147,35,-10,-10,11,2,0,0,0,11,0,1,0
2020,24,498*A,Eriogonum umbellatum,147,35,-10,-10,0,0,0,0,1,11,-11,0,0
2014,24,499*A,Elymus lanceolatus,153,44,-10,-10,4,7,0,0,0,NA,NA,1,NA
2015,24,499*A,Elymus lanceolatus,153,44,-10,-10,3,8,0,0,0,4,-1,1,0
2016,24,499*A,Elymus lanceolatus,153,44,-10,-10,3,6,0,0,0,3,0,1,0
2017,24,499*A,Elymus lanceolatus,153,44,-10,-10,11,5,0,0,0,3,8,1,0
2018,24,499*A,Elymus lanceolatus,153,44,-10,-10,8,9,0,0,0,11,-3,1,0
2019,24,499*A,Elymus lanceolatus,153,44,-10,-10,12,7.5,0,0,0,8,4,1,0
2020,24,499*A,Elymus lanceolatus,153,44,-10,-10,9.5,7.5,0,0,0,12,-2.5,1,0
2021,24,499*A,Elymus lanceolatus,153,44,-10,-10,13.5,8,0,0,0,9.5,4,1,0
2014,1,5*A,Ivesia gordonii,153,8,-10,-10,13,5,5,0,0,NA,NA,1,NA
2015,1,5*A,Ivesia gordonii,153,8,-10,-10,15,5,15,0,0,13,2,1,0
2016,1,5*A,Ivesia gordonii,153,8,-10,-10,16.3,6.9,31,0,0,15,1.3,1,0
2017,1,5*A,Ivesia gordonii,153,8,-10,-10,0,0,0,0,1,16.3,-16.3,0,0
2014,6,50*A,Ivesia gordonii,154,158,-10,-10,1,1,0,1,0,NA,NA,1,1
2015,6,50*A,Ivesia gordonii,154,158,-10,-10,2,2.5,0,0,0,1,1,1,0
2016,6,50*A,Ivesia gordonii,154,158,-10,-10,5,3,0,0,0,2,3,1,0
2017,6,50*A,Ivesia gordonii,154,158,-10,-10,4,3,0,0,0,5,-1,1,0
2018,6,50*A,Ivesia gordonii,154,158,-10,-10,0,0,0,0,1,4,-4,0,0
2014,24,500*A,Elymus lanceolatus,154,56,10,0,28,19,2,0,0,NA,NA,1,NA
2015,24,500*A,Elymus lanceolatus,154,56,10,0,24,19,1,0,0,28,-4,1,0
2016,24,500*A,Elymus lanceolatus,154,56,10,0,13,13,0,0,0,24,-11,1,0
2017,24,500*A,Elymus lanceolatus,154,56,10,0,21,16,2,0,0,13,8,1,0
2018,24,500*A,Elymus lanceolatus,154,56,10,0,18,15,3,0,0,21,-3,1,0
2019,24,500*A,Elymus lanceolatus,154,56,10,0,24.5,25,7,0,0,18,6.5,1,0
2020,24,500*A,Elymus lanceolatus,154,56,10,0,22,22.5,1,0,0,24.5,-2.5,1,0
2021,24,500*A,Elymus lanceolatus,154,56,10,0,15.5,16.5,9,0,0,22,-6.5,1,0
2014,24,501*A,Senecio crassulus,160,50,10,-10,17,9,0,0,0,NA,NA,1,NA
2015,24,501*A,Senecio crassulus,160,50,10,-10,22,17,4,0,0,17,5,1,0
2016,24,501*A,Senecio crassulus,160,50,10,-10,9,8,0,0,0,22,-13,1,0
2017,24,501*A,Senecio crassulus,160,50,10,-10,12,17,4,0,0,9,3,1,0
2018,24,501*A,Senecio crassulus,160,50,10,-10,0,0,0,0,1,12,-12,0,0
2014,24,502*A,Eriogonum umbellatum,160,50,-10,0,0.5,0.5,0,1,0,NA,NA,1,1
2015,24,502*A,Eriogonum umbellatum,160,50,-10,0,3,1,0,0,0,0.5,2.5,1,0
2016,24,502*A,Eriogonum umbellatum,160,50,-10,0,1,1.5,0,0,0,3,-2,1,0
2017,24,502*A,Eriogonum umbellatum,160,50,-10,0,1.5,2,0,0,0,1,0.5,1,0
2018,24,502*A,Eriogonum umbellatum,160,50,-10,0,0,0,0,0,1,1.5,-1.5,0,0
2014,24,503*A,Elymus lanceolatus,180,83,-10,-10,14,13,2,0,0,NA,NA,1,NA
2015,24,503*A,Elymus lanceolatus,180,83,-10,-10,10,13,1,0,0,14,-4,1,0
2016,24,503*A,Elymus lanceolatus,180,83,-10,-10,14,16,0,0,0,10,4,1,0
2017,24,503*A,Elymus lanceolatus,180,83,-10,-10,21,14,0,0,0,14,7,1,0
2018,24,503*A,Elymus lanceolatus,180,83,-10,-10,22.5,21,6,0,0,21,1.5,1,0
2019,24,503*A,Elymus lanceolatus,180,83,-10,-10,16,23.5,5,0,0,22.5,-6.5,1,0
2020,24,503*A,Elymus lanceolatus,180,83,-10,-10,17,15,0,0,0,16,1,1,0
2021,24,503*A,Elymus lanceolatus,180,83,-10,-10,21,11,0,0,0,17,4,1,0
2014,24,504*A,Eriogonum umbellatum,195,96,-10,0,30,3,22,0,0,NA,NA,1,NA
2015,24,504*A,Eriogonum umbellatum,195,96,-10,0,31,3,18,0,0,30,1,1,0
2016,24,504*A,Eriogonum umbellatum,195,96,-10,0,30,3,9,0,0,31,-1,1,0
2017,24,504*A,Eriogonum umbellatum,195,96,-10,0,33,3,27,0,0,30,3,1,0
2018,24,504*A,Eriogonum umbellatum,195,96,-10,0,29,2.5,15,0,0,33,-4,1,0
2019,24,504*A,Eriogonum umbellatum,195,96,-10,0,33,5.5,34,0,0,29,4,1,0
2020,24,504*A,Eriogonum umbellatum,195,96,-10,0,33,3,7,0,0,33,0,1,0
2021,24,504*A,Eriogonum umbellatum,195,96,-10,0,25,2.5,7,0,0,33,-8,1,0
2014,24,505*A,Lupinus argenteus,195,130,-10,-10,10,6,0,0,0,NA,NA,1,NA
2015,24,505*A,Lupinus argenteus,195,130,-10,-10,12,7,0,0,0,10,2,1,0
2016,24,505*A,Lupinus argenteus,195,130,-10,-10,27,14,3,0,0,12,15,1,0
2017,24,505*A,Lupinus argenteus,195,130,-10,-10,0,0,0,0,1,27,-27,0,0
2014,24,506*A,Elymus lanceolatus,195,175,-10,-10,8,7,0,0,0,NA,NA,1,NA
2015,24,506*A,Elymus lanceolatus,195,175,-10,-10,13,12,0,0,0,8,5,1,0
2016,24,506*A,Elymus lanceolatus,195,175,-10,-10,7,9,0,0,0,13,-6,1,0
2017,24,506*A,Elymus lanceolatus,195,175,-10,-10,12,8,0,0,0,7,5,1,0
2018,24,506*A,Elymus lanceolatus,195,175,-10,-10,17,18.5,7,0,0,12,5,1,0
2019,24,506*A,Elymus lanceolatus,195,175,-10,-10,16,20,10,0,0,17,-1,1,0
2020,24,506*A,Elymus lanceolatus,195,175,-10,-10,18,23,1,0,0,16,2,1,0
2021,24,506*A,Elymus lanceolatus,195,175,-10,-10,16,19,4,0,0,18,-2,1,0
2014,24,507*A,Eriogonum umbellatum,66,182,-10,-10,63,3,97,0,0,NA,NA,1,NA
2015,24,507*A,Eriogonum umbellatum,66,182,-10,-10,66,4,154,0,0,63,3,1,0
2016,24,507*A,Eriogonum umbellatum,66,182,-10,-10,65,2,125,0,0,66,-1,1,0
2017,24,507*A,Eriogonum umbellatum,66,182,-10,-10,67,4,108,0,0,65,2,1,0
2018,24,507*A,Eriogonum umbellatum,66,182,-10,-10,67,4,80,0,0,67,0,1,0
2019,24,507*A,Eriogonum umbellatum,66,182,-10,-10,59.5,5,153,0,0,67,-7.5,1,0
2020,24,507*A,Eriogonum umbellatum,66,182,-10,-10,61,4,79,0,0,59.5,1.5,1,0
2021,24,507*A,Eriogonum umbellatum,66,182,-10,-10,60,3,142,0,0,61,-1,1,0
2014,24,508*A,Senecio crassulus,68,176,-10,-10,3,15,2,0,0,NA,NA,1,NA
2015,24,508*A,Senecio crassulus,68,176,-10,-10,9,9,2,0,0,3,6,1,0
2016,24,508*A,Senecio crassulus,68,176,-10,-10,6,7,0,0,0,9,-3,1,0
2017,24,508*A,Senecio crassulus,68,176,-10,-10,9,10,0,0,0,6,3,1,0
2018,24,508*A,Senecio crassulus,68,176,-10,-10,2.5,5,0,0,0,9,-6.5,1,0
2019,24,508*A,Senecio crassulus,68,176,-10,-10,6.5,11,0,0,0,2.5,4,1,0
2020,24,508*A,Senecio crassulus,68,176,-10,-10,9.5,16.5,3,0,0,6.5,3,1,0
2021,24,508*A,Senecio crassulus,68,176,-10,-10,9.5,7,0,0,0,9.5,0,1,0
2014,24,509*A,Heterotheca villosa,80,175,-10,-10,53,5,30,0,0,NA,NA,1,NA
2015,24,509*A,Heterotheca villosa,80,175,-10,-10,38,2,7,0,0,53,-15,1,0
2016,24,509*A,Heterotheca villosa,80,175,-10,-10,38,6,10,0,0,38,0,1,0
2017,24,509*A,Heterotheca villosa,80,175,-10,-10,38,5,0,0,0,38,0,1,0
2018,24,509*A,Heterotheca villosa,80,175,-10,-10,0,0,0,0,1,38,-38,0,0
2014,6,51*A,Ivesia gordonii,130,110,10,0,10,4,5,0,0,NA,NA,1,NA
2015,6,51*A,Ivesia gordonii,130,110,10,0,7.5,3.5,2,0,0,10,-2.5,1,0
2016,6,51*A,Ivesia gordonii,130,110,10,0,13,5.5,14,0,0,7.5,5.5,1,0
2017,6,51*A,Ivesia gordonii,130,110,10,0,12,4,5,0,0,13,-1,1,0
2018,6,51*A,Ivesia gordonii,130,110,10,0,0,0,0,0,1,12,-12,0,0
2014,24,510*A,Elymus lanceolatus,62,189,-10,-10,4,9,1,0,0,NA,NA,1,NA
2015,24,510*A,Elymus lanceolatus,62,189,-10,-10,9,15,0,0,0,4,5,1,0
2016,24,510*A,Elymus lanceolatus,62,189,-10,-10,9,20,1,0,0,9,0,1,0
2017,24,510*A,Elymus lanceolatus,62,189,-10,-10,15,15,0,0,0,9,6,1,0
2018,24,510*A,Elymus lanceolatus,62,189,-10,-10,24,14,2,0,0,15,9,1,0
2019,24,510*A,Elymus lanceolatus,62,189,-10,-10,14,15,1,0,0,24,-10,1,0
2020,24,510*A,Elymus lanceolatus,62,189,-10,-10,12.5,11,0,0,0,14,-1.5,1,0
2021,24,510*A,Elymus lanceolatus,62,189,-10,-10,10,13.5,0,0,0,12.5,-2.5,1,0
2014,24,511*A,Elymus lanceolatus,64,189,-10,-10,8,13,2,0,0,NA,NA,1,NA
2015,24,511*A,Elymus lanceolatus,64,189,-10,-10,15,14,0,0,0,8,7,1,0
2016,24,511*A,Elymus lanceolatus,64,189,-10,-10,10,12,1,0,0,15,-5,1,0
2017,24,511*A,Elymus lanceolatus,64,189,-10,-10,0,0,0,0,0,10,-10,1,0
2018,24,511*A,Elymus lanceolatus,64,189,-10,-10,9,22,2,0,0,0,9,1,0
2019,24,511*A,Elymus lanceolatus,64,189,-10,-10,15,16,1,0,0,9,6,1,0
2020,24,511*A,Elymus lanceolatus,64,189,-10,-10,12,13,0,0,0,15,-3,1,0
2021,24,511*A,Elymus lanceolatus,64,189,-10,-10,7.5,13,0,0,0,12,-4.5,1,0
2014,24,512*A,Elymus lanceolatus,69,197,-10,-10,8,12,0,0,0,NA,NA,1,NA
2015,24,512*A,Elymus lanceolatus,69,197,-10,-10,16,11,0,0,0,8,8,1,0
2016,24,512*A,Elymus lanceolatus,69,197,-10,-10,20,23,11,0,0,16,4,1,0
2017,24,512*A,Elymus lanceolatus,69,197,-10,-10,24,16,0,0,0,20,4,1,0
2018,24,512*A,Elymus lanceolatus,69,197,-10,-10,24,16,6,0,0,24,0,1,0
2019,24,512*A,Elymus lanceolatus,69,197,-10,-10,19.5,22.5,4,0,0,24,-4.5,1,0
2020,24,512*A,Elymus lanceolatus,69,197,-10,-10,22,12,0,0,0,19.5,2.5,1,0
2021,24,512*A,Elymus lanceolatus,69,197,-10,-10,19.5,14,2,0,0,22,-2.5,1,0
2014,24,513*A,Elymus lanceolatus,85,195,-10,-10,7,15,1,0,0,NA,NA,1,NA
2015,24,513*A,Elymus lanceolatus,85,195,-10,-10,23,20,6,0,1,7,16,0,0
2014,24,514*A,Eriogonum umbellatum,10,110,0,-10,34,4,25,0,0,NA,NA,1,NA
2015,24,514*A,Eriogonum umbellatum,10,110,0,-10,32,5,24,0,0,34,-2,1,0
2016,24,514*A,Eriogonum umbellatum,10,110,0,-10,35,5,28,0,0,32,3,1,0
2017,24,514*A,Eriogonum umbellatum,10,110,0,-10,35,5,18,0,0,35,0,1,0
2018,24,514*A,Eriogonum umbellatum,10,110,0,-10,31,3,22,0,0,35,-4,1,0
2019,24,514*A,Eriogonum umbellatum,10,110,0,-10,35,7.5,30,0,0,31,4,1,0
2020,24,514*A,Eriogonum umbellatum,10,110,0,-10,37,3,10,0,0,35,2,1,0
2021,24,514*A,Eriogonum umbellatum,10,110,0,-10,41,3.5,42,0,0,37,4,1,0
2014,24,515*A,Heterotheca villosa,0,105,-10,-10,5,2,0,0,0,NA,NA,1,NA
2015,24,515*A,Heterotheca villosa,0,105,-10,-10,4,1.5,1,0,0,5,-1,1,0
2016,24,515*A,Heterotheca villosa,0,105,-10,-10,9,5,0,0,0,4,5,1,0
2017,24,515*A,Heterotheca villosa,0,105,-10,-10,11,6,11,0,0,9,2,1,0
2018,24,515*A,Heterotheca villosa,0,105,-10,-10,0,0,0,0,1,11,-11,0,0
2014,24,516*A,Elymus lanceolatus,8,109,-10,-10,11,17,1,0,0,NA,NA,1,NA
2015,24,516*A,Elymus lanceolatus,8,109,-10,-10,20,17,2,0,0,11,9,1,0
2016,24,516*A,Elymus lanceolatus,8,109,-10,-10,32,24,7,0,0,20,12,1,0
2017,24,516*A,Elymus lanceolatus,8,109,-10,-10,38,26,10,0,0,32,6,1,0
2018,24,516*A,Elymus lanceolatus,8,109,-10,-10,35,22.5,17,0,0,38,-3,1,0
2019,24,516*A,Elymus lanceolatus,8,109,-10,-10,36,25.5,14,0,0,35,1,1,0
2020,24,516*A,Elymus lanceolatus,8,109,-10,-10,30,18,0,0,0,36,-6,1,0
2021,24,516*A,Elymus lanceolatus,8,109,-10,-10,32,19,0,0,0,30,2,1,0
2014,24,517*A,Elymus lanceolatus,20,115,10,10,24,22,12,0,0,NA,NA,1,NA
2015,24,517*A,Elymus lanceolatus,20,115,10,10,37,21,3,0,1,24,13,0,0
2014,25,518*A,Lupinus argenteus,18,13,-10,-10,4,3,0,0,0,NA,NA,1,NA
2015,25,518*A,Lupinus argenteus,18,13,-10,-10,0,0,0,0,1,4,-4,0,0
2014,25,519*A,Lupinus argenteus,68,70,-10,-10,10,6,0,0,0,NA,NA,1,NA
2015,25,519*A,Lupinus argenteus,68,70,-10,-10,0,0,0,0,1,10,-10,0,0
2014,7,52*A,Ivesia gordonii,135,80,-10,-10,7,2,0,0,0,NA,NA,1,NA
2015,7,52*A,Ivesia gordonii,135,80,-10,-10,9.5,2.5,0,0,0,7,2.5,1,0
2016,7,52*A,Ivesia gordonii,135,80,-10,-10,9.5,5.5,2,0,0,9.5,0,1,0
2017,7,52*A,Ivesia gordonii,135,80,-10,-10,10,5,5,0,0,9.5,0.5,1,0
2018,7,52*A,Ivesia gordonii,135,80,-10,-10,11.5,3.5,1,0,0,10,1.5,1,0
2019,7,52*A,Ivesia gordonii,135,80,-10,-10,0,0,0,0,1,11.5,-11.5,0,0
2014,25,520*A,Lupinus argenteus,70,70,-10,-10,11,5,0,0,0,NA,NA,1,NA
2015,25,520*A,Lupinus argenteus,70,70,-10,-10,7,5,0,0,0,11,-4,1,0
2016,25,520*A,Lupinus argenteus,70,70,-10,-10,0,0,0,0,1,7,-7,0,0
2014,25,521*A,Lupinus argenteus,85,73,-10,-10,5,4,0,0,0,NA,NA,1,NA
2015,25,521*A,Lupinus argenteus,85,73,-10,-10,8,4,0,0,0,5,3,1,0
2016,25,521*A,Lupinus argenteus,85,73,-10,-10,0,0,0,0,1,8,-8,0,0
2014,25,522*A,Lupinus argenteus,88,55,-10,-10,13,5,0,0,0,NA,NA,1,NA
2015,25,522*A,Lupinus argenteus,88,55,-10,-10,13,7,2,0,0,13,0,1,0
2016,25,522*A,Lupinus argenteus,88,55,-10,-10,0,0,0,0,1,13,-13,0,0
2014,25,523*A,Lupinus argenteus,145,65,-10,-10,10,5,0,0,0,NA,NA,1,NA
2015,25,523*A,Lupinus argenteus,145,65,-10,-10,16,8,1,0,0,10,6,1,0
2016,25,523*A,Lupinus argenteus,145,65,-10,-10,12,7,0,0,0,16,-4,1,0
2017,25,523*A,Lupinus argenteus,145,65,-10,-10,0,0,0,0,1,12,-12,0,0
2014,25,524*A,Lupinus argenteus,155,95,-10,-10,25,17,5,0,0,NA,NA,1,NA
2015,25,524*A,Lupinus argenteus,155,95,-10,-10,25,15,2,0,0,25,0,1,0
2016,25,524*A,Lupinus argenteus,155,95,-10,-10,9,9,0,0,0,25,-16,1,0
2017,25,524*A,Lupinus argenteus,155,95,-10,-10,0,0,0,0,1,9,-9,0,0
2014,25,525*A,Lupinus argenteus,165,100,0,-10,21,10,1,0,0,NA,NA,1,NA
2015,25,525*A,Lupinus argenteus,165,100,0,-10,19,10,1,0,0,21,-2,1,0
2016,25,525*A,Lupinus argenteus,165,100,0,-10,0,0,0,0,1,19,-19,0,0
2014,25,526*A,Lupinus argenteus,165,100,10,-10,7,6,0,0,0,NA,NA,1,NA
2015,25,526*A,Lupinus argenteus,165,100,10,-10,9,6,0,0,0,7,2,1,0
2016,25,526*A,Lupinus argenteus,165,100,10,-10,0,0,0,0,1,9,-9,0,0
2014,25,527*A,Lupinus argenteus,170,105,-10,10,9,11,1,0,0,NA,NA,1,NA
2015,25,527*A,Lupinus argenteus,170,105,-10,10,11,7,0,0,0,9,2,1,0
2016,25,527*A,Lupinus argenteus,170,105,-10,10,0,0,0,0,1,11,-11,0,0
2014,25,528*A,Lupinus argenteus,175,108,-10,-10,15,12,1,0,0,NA,NA,1,NA
2015,25,528*A,Lupinus argenteus,175,108,-10,-10,27,15,4,0,0,15,12,1,0
2016,25,528*A,Lupinus argenteus,175,108,-10,-10,0,0,0,0,1,27,-27,0,0
2014,25,529*A,Lupinus argenteus,185,100,-10,-10,20,12,1,0,0,NA,NA,1,NA
2015,25,529*A,Lupinus argenteus,185,100,-10,-10,22,12,0,0,0,20,2,1,0
2016,25,529*A,Lupinus argenteus,185,100,-10,-10,0,0,0,0,1,22,-22,0,0
2014,8,53*A,Ivesia gordonii,15,80,-10,-10,1,1,0,1,0,NA,NA,1,1
2015,8,53*A,Ivesia gordonii,15,80,-10,-10,3.4,3.2,0,0,0,1,2.4,1,0
2016,8,53*A,Ivesia gordonii,15,80,-10,-10,7.5,5.5,3,0,0,3.4,4.1,1,0
2017,8,53*A,Ivesia gordonii,15,80,-10,-10,11,6,2,0,0,7.5,3.5,1,0
2018,8,53*A,Ivesia gordonii,15,80,-10,-10,13,5.5,0,0,0,11,2,1,0
2019,8,53*A,Ivesia gordonii,15,80,-10,-10,0,0,0,0,1,13,-13,0,0
2014,25,530*A,Lupinus argenteus,195,103,0,-10,18,12,3,0,0,NA,NA,1,NA
2015,25,530*A,Lupinus argenteus,195,103,0,-10,26,15,6,0,0,18,8,1,0
2016,25,530*A,Lupinus argenteus,195,103,0,-10,0,0,0,0,1,26,-26,0,0
2014,27,531*A,Eriogonum umbellatum,86,0,-30,0,82,4,61,0,0,NA,NA,1,NA
2015,27,531*A,Eriogonum umbellatum,86,0,-30,0,83,4,67,0,0,82,1,1,0
2016,27,531*A,Eriogonum umbellatum,86,0,-30,0,83,4,84,0,0,83,0,1,0
2017,27,531*A,Eriogonum umbellatum,86,0,-30,0,89,3,87,0,0,83,6,1,0
2018,27,531*A,Eriogonum umbellatum,86,0,-30,0,88,2.5,36,0,0,89,-1,1,0
2019,27,531*A,Eriogonum umbellatum,86,0,-30,0,86.5,6,79,0,0,88,-1.5,1,0
2020,27,531*A,Eriogonum umbellatum,86,0,-30,0,87,4.5,17,0,0,86.5,0.5,1,0
2021,27,531*A,Eriogonum umbellatum,86,0,-30,0,88,4.5,39,0,0,87,1,1,0
2014,27,532*A,Elymus lanceolatus,112,5,-10,0,2,7,0,0,0,NA,NA,1,NA
2015,27,532*A,Elymus lanceolatus,112,5,-10,0,9,7,0,0,0,2,7,1,0
2016,27,532*A,Elymus lanceolatus,112,5,-10,0,15,10,0,0,0,9,6,1,0
2017,27,532*A,Elymus lanceolatus,112,5,-10,0,16,10,0,0,0,15,1,1,0
2018,27,532*A,Elymus lanceolatus,112,5,-10,0,18,13,1,0,0,16,2,1,0
2019,27,532*A,Elymus lanceolatus,112,5,-10,0,0,0,0,0,1,18,-18,0,0
2014,27,533*A,Eriogonum umbellatum,118,55,-10,-10,19,3,3,0,0,NA,NA,1,NA
2015,27,533*A,Eriogonum umbellatum,118,55,-10,-10,23,3,24,0,0,19,4,1,0
2016,27,533*A,Eriogonum umbellatum,118,55,-10,-10,24,4,9,0,0,23,1,1,0
2017,27,533*A,Eriogonum umbellatum,118,55,-10,-10,24.5,3,12,0,0,24,0.5,1,0
2018,27,533*A,Eriogonum umbellatum,118,55,-10,-10,25,3,18,0,0,24.5,0.5,1,0
2019,27,533*A,Eriogonum umbellatum,118,55,-10,-10,23.5,5.5,25,0,0,25,-1.5,1,0
2020,27,533*A,Eriogonum umbellatum,118,55,-10,-10,24,2.5,5,0,0,23.5,0.5,1,0
2021,27,533*A,Eriogonum umbellatum,118,55,-10,-10,25,2.5,9,0,0,24,1,1,0
2014,27,534*A,Heterotheca villosa,162,25,-10,-10,8,2,0,0,0,NA,NA,1,NA
2015,27,534*A,Heterotheca villosa,162,25,-10,-10,8.5,2,1,0,0,8,0.5,1,0
2016,27,534*A,Heterotheca villosa,162,25,-10,-10,12,5,3,0,0,8.5,3.5,1,0
2017,27,534*A,Heterotheca villosa,162,25,-10,-10,10,3,2,0,0,12,-2,1,0
2018,27,534*A,Heterotheca villosa,162,25,-10,-10,0,0,0,0,1,10,-10,0,0
2014,27,535*A,Eriogonum umbellatum,191,65,-10,-10,57,3,58,0,0,NA,NA,1,NA
2015,27,535*A,Eriogonum umbellatum,191,65,-10,-10,53,4,122,0,0,57,-4,1,0
2016,27,535*A,Eriogonum umbellatum,191,65,-10,-10,57,3,93,0,0,53,4,1,0
2017,27,535*A,Eriogonum umbellatum,191,65,-10,-10,57,4,83,0,0,57,0,1,0
2018,27,535*A,Eriogonum umbellatum,191,65,-10,-10,53,2.5,93,0,0,57,-4,1,0
2019,27,535*A,Eriogonum umbellatum,191,65,-10,-10,56,4,130,0,0,53,3,1,0
2020,27,535*A,Eriogonum umbellatum,191,65,-10,-10,56,3,77,0,0,56,0,1,0
2021,27,535*A,Eriogonum umbellatum,191,65,-10,-10,52,3,51,0,0,56,-4,1,0
2014,27,536*A,Eriogonum umbellatum,106,97,-10,-10,21,2,4,0,0,NA,NA,1,NA
2015,27,536*A,Eriogonum umbellatum,106,97,-10,-10,22,2,9,0,0,21,1,1,0
2016,27,536*A,Eriogonum umbellatum,106,97,-10,-10,26,2,6,0,0,22,4,1,0
2017,27,536*A,Eriogonum umbellatum,106,97,-10,-10,25,2,3,0,0,26,-1,1,0
2018,27,536*A,Eriogonum umbellatum,106,97,-10,-10,15.5,4,6,0,0,25,-9.5,1,0
2019,27,536*A,Eriogonum umbellatum,106,97,-10,-10,20,4,6,0,0,15.5,4.5,1,0
2020,27,536*A,Eriogonum umbellatum,106,97,-10,-10,16,3,0,0,0,20,-4,1,0
2021,27,536*A,Eriogonum umbellatum,106,97,-10,-10,18,2.5,4,0,0,16,2,1,0
2014,27,537*A,Heterotheca villosa,110,85,0,-10,6,6,1,0,0,NA,NA,1,NA
2015,27,537*A,Heterotheca villosa,110,85,0,-10,0,0,0,0,1,6,-6,0,0
2014,27,538*A,Eriogonum umbellatum,115,90,10,-10,0.5,0.5,0,1,0,NA,NA,1,1
2015,27,538*A,Eriogonum umbellatum,115,90,10,-10,2,1,0,0,0,0.5,1.5,1,0
2016,27,538*A,Eriogonum umbellatum,115,90,10,-10,1.5,1.5,0,0,0,2,-0.5,1,0
2017,27,538*A,Eriogonum umbellatum,115,90,10,-10,2.5,3,0,0,0,1.5,1,1,0
2018,27,538*A,Eriogonum umbellatum,115,90,10,-10,0,0,0,0,1,2.5,-2.5,0,0
2014,27,539*A,Agoseris glauca,95,140,-10,-10,7,4,1,0,0,NA,NA,1,NA
2015,27,539*A,Agoseris glauca,95,140,-10,-10,10,4,0,0,0,7,3,1,0
2016,27,539*A,Agoseris glauca,95,140,-10,-10,10,5,9,0,0,10,0,1,0
2017,27,539*A,Agoseris glauca,95,140,-10,-10,10,5,0,0,0,10,0,1,0
2018,27,539*A,Agoseris glauca,95,140,-10,-10,0,0,0,0,1,10,-10,0,0
2014,8,54*A,Lupinus argenteus,30,110,-10,-10,7,4,0,0,0,NA,NA,1,NA
2015,8,54*A,Lupinus argenteus,30,110,-10,-10,5.8,2.5,0,0,0,7,-1.2,1,0
2016,8,54*A,Lupinus argenteus,30,110,-10,-10,0,0,0,0,1,5.8,-5.8,0,0
2014,27,540*A,Heterotheca villosa,115,185,-10,-10,16,8,1,0,0,NA,NA,1,NA
2015,27,540*A,Heterotheca villosa,115,185,-10,-10,16,6,1,0,0,16,0,1,0
2016,27,540*A,Heterotheca villosa,115,185,-10,-10,21,7,2,0,0,16,5,1,0
2017,27,540*A,Heterotheca villosa,115,185,-10,-10,24,6,6,0,0,21,3,1,0
2018,27,540*A,Heterotheca villosa,115,185,-10,-10,0,0,0,0,1,24,-24,0,0
2014,27,541*A,Agoseris glauca,30,180,-10,-10,6,12,0,0,0,NA,NA,1,NA
2015,27,541*A,Agoseris glauca,30,180,-10,-10,4.5,7,1,0,0,6,-1.5,1,0
2016,27,541*A,Agoseris glauca,30,180,-10,-10,5,4,1,0,0,4.5,0.5,1,0
2017,27,541*A,Agoseris glauca,30,180,-10,-10,14,10,0,0,0,5,9,1,0
2018,27,541*A,Agoseris glauca,30,180,-10,-10,0,0,0,0,1,14,-14,0,0
2014,27,542*A,Achnatherum lettermanii,24,181,-10,-10,3,5,0,0,0,NA,NA,1,NA
2015,27,542*A,Achnatherum lettermanii,24,181,-10,-10,8,6,0,0,0,3,5,1,0
2016,27,542*A,Achnatherum lettermanii,24,181,-10,-10,7,6,0,0,0,8,-1,1,0
2017,27,542*A,Achnatherum lettermanii,24,181,-10,-10,9,9,0,0,0,7,2,1,0
2018,27,542*A,Achnatherum lettermanii,24,181,-10,-10,6,5.5,0,0,0,9,-3,1,0
2019,27,542*A,Achnatherum lettermanii,24,181,-10,-10,0,0,0,0,1,6,-6,0,0
2014,27,543*A,Heterotheca villosa,35,180,0,-10,12,3,5,0,0,NA,NA,1,NA
2015,27,543*A,Heterotheca villosa,35,180,0,-10,16,4,3,0,0,12,4,1,0
2016,27,543*A,Heterotheca villosa,35,180,0,-10,18,6,18,0,0,16,2,1,0
2017,27,543*A,Heterotheca villosa,35,180,0,-10,14.5,4,6,0,0,18,-3.5,1,0
2018,27,543*A,Heterotheca villosa,35,180,0,-10,0,0,0,0,1,14.5,-14.5,0,0
2014,27,544*A,Ivesia gordonii,3,171,0,10,10,4,1,0,0,NA,NA,1,NA
2015,27,544*A,Ivesia gordonii,3,171,0,10,11.5,4,6,0,0,10,1.5,1,0
2016,27,544*A,Ivesia gordonii,3,171,0,10,13,5,10,0,0,11.5,1.5,1,0
2017,27,544*A,Ivesia gordonii,3,171,0,10,10,2.5,0,0,0,13,-3,1,0
2018,27,544*A,Ivesia gordonii,3,171,0,10,10.5,3.5,0,0,0,10,0.5,1,0
2019,27,544*A,Ivesia gordonii,3,171,0,10,17.5,6,9,0,0,10.5,7,1,0
2020,27,544*A,Ivesia gordonii,3,171,0,10,12,6,7,0,0,17.5,-5.5,1,0
2021,27,544*A,Ivesia gordonii,3,171,0,10,12,4,1,0,0,12,0,1,0
2014,27,545*A,Eriogonum umbellatum,8,163,10,-10,8,1,0,0,0,NA,NA,1,NA
2015,27,545*A,Eriogonum umbellatum,8,163,10,-10,9,2,0,0,0,8,1,1,0
2016,27,545*A,Eriogonum umbellatum,8,163,10,-10,9,2,0,0,0,9,0,1,0
2017,27,545*A,Eriogonum umbellatum,8,163,10,-10,11,1.5,2,0,0,9,2,1,0
2018,27,545*A,Eriogonum umbellatum,8,163,10,-10,12,1.5,1,0,0,11,1,1,0
2019,27,545*A,Eriogonum umbellatum,8,163,10,-10,17.5,2.5,2,0,0,12,5.5,1,0
2020,27,545*A,Eriogonum umbellatum,8,163,10,-10,17.5,3,4,0,0,17.5,0,1,0
2021,27,545*A,Eriogonum umbellatum,8,163,10,-10,21.5,2,6,0,0,17.5,4,1,0
2014,27,546*A,Ivesia gordonii,5,152,10,-10,3,1,0,0,0,NA,NA,1,NA
2015,27,546*A,Ivesia gordonii,5,152,10,-10,2.5,2,0,0,0,3,-0.5,1,0
2016,27,546*A,Ivesia gordonii,5,152,10,-10,3,3,0,0,0,2.5,0.5,1,0
2017,27,546*A,Ivesia gordonii,5,152,10,-10,0,0,0,0,1,3,-3,0,0
2014,27,547*A,Senecio crassulus,2,150,0,-10,17,6,4,0,0,NA,NA,1,NA
2015,27,547*A,Senecio crassulus,2,150,0,-10,18,10,0,0,0,17,1,1,0
2016,27,547*A,Senecio crassulus,2,150,0,-10,27,19,0,0,0,18,9,1,0
2017,27,547*A,Senecio crassulus,2,150,0,-10,26,18,16,0,0,27,-1,1,0
2018,27,547*A,Senecio crassulus,2,150,0,-10,0,0,0,0,1,26,-26,0,0
2014,27,548*A,Eriogonum umbellatum,44,110,-10,-10,80,3,83,0,0,NA,NA,1,NA
2015,27,548*A,Eriogonum umbellatum,44,110,-10,-10,85,4,64,0,0,80,5,1,0
2016,27,548*A,Eriogonum umbellatum,44,110,-10,-10,85,5,57,0,0,85,0,1,0
2017,27,548*A,Eriogonum umbellatum,44,110,-10,-10,89,3,82,0,0,85,4,1,0
2018,27,548*A,Eriogonum umbellatum,44,110,-10,-10,76,3,64,0,0,89,-13,1,0
2019,27,548*A,Eriogonum umbellatum,44,110,-10,-10,75.5,6.5,100,0,0,76,-0.5,1,0
2020,27,548*A,Eriogonum umbellatum,44,110,-10,-10,77,4,46,0,0,75.5,1.5,1,0
2021,27,548*A,Eriogonum umbellatum,44,110,-10,-10,73.5,3.5,41,0,0,77,-3.5,1,0
2014,27,549*A,Heterotheca villosa,65,105,0,-20,60,6,9,0,0,NA,NA,1,NA
2015,27,549*A,Heterotheca villosa,65,105,0,-20,65,6,10,0,0,60,5,1,0
2016,27,549*A,Heterotheca villosa,65,105,0,-20,68,6,11,0,0,65,3,1,0
2017,27,549*A,Heterotheca villosa,65,105,0,-20,65,6,1,0,0,68,-3,1,0
2018,27,549*A,Heterotheca villosa,65,105,0,-20,0,0,0,0,1,65,-65,0,0
2014,8,55*A,Ivesia gordonii,32,135,-10,-10,4,2,0,0,0,NA,NA,1,NA
2015,8,55*A,Ivesia gordonii,32,135,-10,-10,7.8,3.5,2,0,0,4,3.8,1,0
2016,8,55*A,Ivesia gordonii,32,135,-10,-10,11,5,15,0,0,7.8,3.2,1,0
2017,8,55*A,Ivesia gordonii,32,135,-10,-10,13,7,5,0,0,11,2,1,0
2018,8,55*A,Ivesia gordonii,32,135,-10,-10,14,6,1,0,0,13,1,1,0
2019,8,55*A,Ivesia gordonii,32,135,-10,-10,17,5.5,3,0,0,14,3,1,0
2020,8,55*A,Ivesia gordonii,32,135,-10,-10,10,5,0,0,0,17,-7,1,0
2021,8,55*A,Ivesia gordonii,32,135,-10,-10,10,4.5,0,0,0,10,0,1,0
2014,27,550*A,Elymus lanceolatus,15,121,-10,-10,14,11,1,0,0,NA,NA,1,NA
2015,27,550*A,Elymus lanceolatus,15,121,-10,-10,19,16,1,0,0,14,5,1,0
2016,27,550*A,Elymus lanceolatus,15,121,-10,-10,22,17,6,0,0,19,3,1,0
2017,27,550*A,Elymus lanceolatus,15,121,-10,-10,27,17,5,0,0,22,5,1,0
2018,27,550*A,Elymus lanceolatus,15,121,-10,-10,24,24.5,11,0,0,27,-3,1,0
2019,27,550*A,Elymus lanceolatus,15,121,-10,-10,24.5,27.5,1,0,0,24,0.5,1,0
2020,27,550*A,Elymus lanceolatus,15,121,-10,-10,23,19,2,0,0,24.5,-1.5,1,0
2021,27,550*A,Elymus lanceolatus,15,121,-10,-10,20,15.5,0,0,0,23,-3,1,0
2014,27,551*A,Agoseris glauca,30,120,-10,-10,6,5,0,0,0,NA,NA,1,NA
2015,27,551*A,Agoseris glauca,30,120,-10,-10,4.5,3.5,0,0,0,6,-1.5,1,0
2016,27,551*A,Agoseris glauca,30,120,-10,-10,9,6,0,0,0,4.5,4.5,1,0
2017,27,551*A,Agoseris glauca,30,120,-10,-10,8,6,0,0,0,9,-1,1,0
2018,27,551*A,Agoseris glauca,30,120,-10,-10,0,0,0,0,1,8,-8,0,0
2014,27,552*A,Elymus lanceolatus,59,92,-10,0,4,11,0,0,0,NA,NA,1,NA
2015,27,552*A,Elymus lanceolatus,59,92,-10,0,19,8,0,0,0,4,15,1,0
2016,27,552*A,Elymus lanceolatus,59,92,-10,0,14,16,2,0,0,19,-5,1,0
2017,27,552*A,Elymus lanceolatus,59,92,-10,0,12,20,1,0,0,14,-2,1,0
2018,27,552*A,Elymus lanceolatus,59,92,-10,0,15,15.5,2,0,0,12,3,1,0
2019,27,552*A,Elymus lanceolatus,59,92,-10,0,15,7.5,0,0,0,15,0,1,0
2020,27,552*A,Elymus lanceolatus,59,92,-10,0,14,7.5,0,0,0,15,-1,1,0
2021,27,552*A,Elymus lanceolatus,59,92,-10,0,7.5,11,0,0,0,14,-6.5,1,0
2014,27,553*A,Agoseris glauca,40,120,-10,-10,3,6,0,0,0,NA,NA,1,NA
2015,27,553*A,Agoseris glauca,40,120,-10,-10,3.5,3,0,0,0,3,0.5,1,0
2016,27,553*A,Agoseris glauca,40,120,-10,-10,6,6,0,0,0,3.5,2.5,1,0
2017,27,553*A,Agoseris glauca,40,120,-10,-10,9,6,0,0,0,6,3,1,0
2018,27,553*A,Agoseris glauca,40,120,-10,-10,0,0,0,0,1,9,-9,0,0
2014,27,554*A,Elymus lanceolatus,47,114,-5,-5,4,12,0,0,0,NA,NA,1,NA
2015,27,554*A,Elymus lanceolatus,47,114,-5,-5,19,13,0,0,0,4,15,1,0
2016,27,554*A,Elymus lanceolatus,47,114,-5,-5,12,11,0,0,0,19,-7,1,0
2017,27,554*A,Elymus lanceolatus,47,114,-5,-5,18,12,0,0,0,12,6,1,0
2018,27,554*A,Elymus lanceolatus,47,114,-5,-5,10.5,10,0,0,0,18,-7.5,1,0
2019,27,554*A,Elymus lanceolatus,47,114,-5,-5,2,8,0,0,0,10.5,-8.5,1,0
2020,27,554*A,Elymus lanceolatus,47,114,-5,-5,4,6,0,0,0,2,2,1,0
2021,27,554*A,Elymus lanceolatus,47,114,-5,-5,0,0,0,0,0,4,-4,1,0
2014,27,555*A,Elymus lanceolatus,53,129,-10,-10,12,11,0,0,0,NA,NA,1,NA
2015,27,555*A,Elymus lanceolatus,53,129,-10,-10,14,16,0,0,0,12,2,1,0
2016,27,555*A,Elymus lanceolatus,53,129,-10,-10,16,17,1,0,0,14,2,1,0
2017,27,555*A,Elymus lanceolatus,53,129,-10,-10,20,10,0,0,0,16,4,1,0
2018,27,555*A,Elymus lanceolatus,53,129,-10,-10,8,16.5,1,0,0,20,-12,1,0
2019,27,555*A,Elymus lanceolatus,53,129,-10,-10,5.5,7,0,0,0,8,-2.5,1,0
2020,27,555*A,Elymus lanceolatus,53,129,-10,-10,2,8.5,0,0,0,5.5,-3.5,1,0
2021,27,555*A,Elymus lanceolatus,53,129,-10,-10,2.5,6.5,0,0,0,2,0.5,1,0
2014,27,556*A,Ivesia gordonii,45,125,-10,-10,0.5,1,0,1,0,NA,NA,1,1
2015,27,556*A,Ivesia gordonii,45,125,-10,-10,1.2,1.3,0,0,0,0.5,0.7,1,0
2016,27,556*A,Ivesia gordonii,45,125,-10,-10,1.5,1.5,0,0,0,1.2,0.3,1,0
2017,27,556*A,Ivesia gordonii,45,125,-10,-10,2,1.5,0,0,0,1.5,0.5,1,0
2018,27,556*A,Ivesia gordonii,45,125,-10,-10,0,0,0,0,1,2,-2,0,0
2014,27,557*A,Elymus lanceolatus,54,116,-10,-10,10,16,0,0,0,NA,NA,1,NA
2015,27,557*A,Elymus lanceolatus,54,116,-10,-10,15,21,1,0,0,10,5,1,0
2016,27,557*A,Elymus lanceolatus,54,116,-10,-10,21,15,0,0,0,15,6,1,0
2017,27,557*A,Elymus lanceolatus,54,116,-10,-10,16,14,0,0,0,21,-5,1,0
2018,27,557*A,Elymus lanceolatus,54,116,-10,-10,20,14,2,0,0,16,4,1,0
2019,27,557*A,Elymus lanceolatus,54,116,-10,-10,17.5,12.5,0,0,0,20,-2.5,1,0
2020,27,557*A,Elymus lanceolatus,54,116,-10,-10,6,8,0,0,0,17.5,-11.5,1,0
2021,27,557*A,Elymus lanceolatus,54,116,-10,-10,10,6,0,0,0,6,4,1,0
2014,27,558*A,Elymus lanceolatus,55,90,-10,10,14,11,0,0,0,NA,NA,1,NA
2015,27,558*A,Elymus lanceolatus,55,90,-10,10,15,7,0,0,0,14,1,1,0
2016,27,558*A,Elymus lanceolatus,55,90,-10,10,8,10,0,0,0,15,-7,1,0
2017,27,558*A,Elymus lanceolatus,55,90,-10,10,14,10,0,0,0,8,6,1,0
2018,27,558*A,Elymus lanceolatus,55,90,-10,10,0,0,0,0,1,14,-14,0,0
2014,27,559*A,Ivesia gordonii,50,95,-10,-10,1,2,0,0,0,NA,NA,1,NA
2015,27,559*A,Ivesia gordonii,50,95,-10,-10,0,0,0,0,1,1,-1,0,0
2014,8,56*A,Lupinus argenteus,35,175,-10,-10,12,7,0,0,0,NA,NA,1,NA
2015,8,56*A,Lupinus argenteus,35,175,-10,-10,2.5,2,0,0,0,12,-9.5,1,0
2016,8,56*A,Lupinus argenteus,35,175,-10,-10,0,0,0,0,1,2.5,-2.5,0,0
2014,27,560*A,Ivesia gordonii,60,90,10,0,3,2,0,0,0,NA,NA,1,NA
2015,27,560*A,Ivesia gordonii,60,90,10,0,5,3,0,0,0,3,2,1,0
2016,27,560*A,Ivesia gordonii,60,90,10,0,0,0,0,0,1,5,-5,0,0
2014,27,561*A,Arenaria congesta,59,93,10,0,1,1,0,0,0,NA,NA,1,NA
2015,27,561*A,Arenaria congesta,59,93,10,0,0,0,0,0,1,1,-1,0,0
2014,27,562*A,Ivesia gordonii,11,162,10,-10,1,1,0,1,0,NA,NA,1,1
2015,27,562*A,Ivesia gordonii,11,162,10,-10,0,0,0,0,1,1,-1,0,0
2014,28,563*A,Eriogonum umbellatum,27,32,-20,-30,76,3,80,0,0,NA,NA,1,NA
2015,28,563*A,Eriogonum umbellatum,27,32,-20,-30,81,4,95,0,0,76,5,1,0
2016,28,563*A,Eriogonum umbellatum,27,32,-20,-30,84,5,129,0,0,81,3,1,0
2017,28,563*A,Eriogonum umbellatum,27,32,-20,-30,90,6,70,0,0,84,6,1,0
2018,28,563*A,Eriogonum umbellatum,27,32,-20,-30,91,4,68,0,0,90,1,1,0
2019,28,563*A,Eriogonum umbellatum,27,32,-20,-30,93.5,10,80,0,0,91,2.5,1,0
2020,28,563*A,Eriogonum umbellatum,27,32,-20,-30,96,4.5,35,0,0,93.5,2.5,1,0
2021,28,563*A,Eriogonum umbellatum,27,32,-20,-30,92,3.5,61,0,0,96,-4,1,0
2014,28,564*A,Heterotheca villosa,50,25,-20,-20,50,13,22,0,0,NA,NA,1,NA
2015,28,564*A,Heterotheca villosa,50,25,-20,-20,57,9,27,0,0,50,7,1,0
2016,28,564*A,Heterotheca villosa,50,25,-20,-20,57,8.5,31,0,0,57,0,1,0
2017,28,564*A,Heterotheca villosa,50,25,-20,-20,58,7,7,0,0,57,1,1,0
2018,28,564*A,Heterotheca villosa,50,25,-20,-20,0,0,0,0,1,58,-58,0,0
2014,28,565*A,Arnica latifolia,1,15,0,-10,6,3,0,0,0,NA,NA,1,NA
2015,28,565*A,Arnica latifolia,1,15,0,-10,7,4,0,0,0,6,1,1,0
2016,28,565*A,Arnica latifolia,1,15,0,-10,0,0,0,0,1,7,-7,0,0
2014,28,566*A,Elymus lanceolatus,37,20,0,-5,4,9,0,0,0,NA,NA,1,NA
2015,28,566*A,Elymus lanceolatus,37,20,0,-5,7,8,0,0,1,4,3,0,0
2014,28,567*A,Elymus lanceolatus,45,30,10,-10,10,16,1,0,0,NA,NA,1,NA
2015,28,567*A,Elymus lanceolatus,45,30,10,-10,15,13,0,0,1,10,5,0,0
2014,28,568*A,Elymus lanceolatus,28,30,-10,-10,9,14,1,0,0,NA,NA,1,NA
2015,28,568*A,Elymus lanceolatus,28,30,-10,-10,14,22,1,0,1,9,5,0,0
2014,28,569*A,Elymus lanceolatus,35,20,-10,-10,4,7,0,0,0,NA,NA,1,NA
2015,28,569*A,Elymus lanceolatus,35,20,-10,-10,13,13,0,0,0,4,9,1,0
2016,28,569*A,Elymus lanceolatus,35,20,-10,-10,26,29,8,0,0,13,13,1,0
2017,28,569*A,Elymus lanceolatus,35,20,-10,-10,0,0,0,0,1,26,-26,0,0
2014,8,57*A,Lupinus argenteus,40,195,-10,-10,10,7,0,0,0,NA,NA,1,NA
2015,8,57*A,Lupinus argenteus,40,195,-10,-10,14.5,6.5,0,0,0,10,4.5,1,0
2016,8,57*A,Lupinus argenteus,40,195,-10,-10,0,0,0,0,1,14.5,-14.5,0,0
2014,28,570*A,Elymus lanceolatus,40,23,-10,-10,21,17,3,0,0,NA,NA,1,NA
2015,28,570*A,Elymus lanceolatus,40,23,-10,-10,19,19,2,0,0,21,-2,1,0
2016,28,570*A,Elymus lanceolatus,40,23,-10,-10,22,26,11,0,0,19,3,1,0
2017,28,570*A,Elymus lanceolatus,40,23,-10,-10,22,10,0,0,0,22,0,1,0
2018,28,570*A,Elymus lanceolatus,40,23,-10,-10,21,17,14,0,0,22,-1,1,0
2019,28,570*A,Elymus lanceolatus,40,23,-10,-10,20.5,22,5,0,0,21,-0.5,1,0
2020,28,570*A,Elymus lanceolatus,40,23,-10,-10,19,12,0,0,0,20.5,-1.5,1,0
2021,28,570*A,Elymus lanceolatus,40,23,-10,-10,22.5,22,3,0,0,19,3.5,1,0
2014,28,571*A,Ivesia gordonii,55,45,-10,-10,4,3,0,0,0,NA,NA,1,NA
2015,28,571*A,Ivesia gordonii,55,45,-10,-10,7,5,0,0,0,4,3,1,0
2016,28,571*A,Ivesia gordonii,55,45,-10,-10,8,7,0,0,0,7,1,1,0
2017,28,571*A,Ivesia gordonii,55,45,-10,-10,4,3,3,0,0,8,-4,1,0
2018,28,571*A,Ivesia gordonii,55,45,-10,-10,0,0,0,0,1,4,-4,0,0
2014,28,572*A,Elymus lanceolatus,15,38,0,-5,8,13,0,0,0,NA,NA,1,NA
2015,28,572*A,Elymus lanceolatus,15,38,0,-5,7,16,0,0,0,8,-1,1,0
2016,28,572*A,Elymus lanceolatus,15,38,0,-5,11,33,6,0,0,7,4,1,0
2017,28,572*A,Elymus lanceolatus,15,38,0,-5,11,14,0,0,0,11,0,1,0
2018,28,572*A,Elymus lanceolatus,15,38,0,-5,0,0,0,0,1,11,-11,0,0
2014,28,573*A,Elymus lanceolatus,20,45,10,-5,13,19,2,0,0,NA,NA,1,NA
2015,28,573*A,Elymus lanceolatus,20,45,10,-5,15,17,1,0,0,13,2,1,0
2016,28,573*A,Elymus lanceolatus,20,45,10,-5,19,23,5,0,0,15,4,1,0
2017,28,573*A,Elymus lanceolatus,20,45,10,-5,0,0,0,0,1,19,-19,0,0
2014,28,574*A,Pseudocymopterus montanus,15,54,-10,10,9,5,7,0,0,NA,NA,1,NA
2015,28,574*A,Pseudocymopterus montanus,15,54,-10,10,8,8,3,0,0,9,-1,1,0
2016,28,574*A,Pseudocymopterus montanus,15,54,-10,10,11,7,5,0,0,8,3,1,0
2017,28,574*A,Pseudocymopterus montanus,15,54,-10,10,0,0,0,0,1,11,-11,0,0
2014,28,575*A,Elymus lanceolatus,10,50,-10,-10,6,9,0,0,0,NA,NA,1,NA
2015,28,575*A,Elymus lanceolatus,10,50,-10,-10,7,17,0,0,1,6,1,0,0
2014,28,576*A,Elymus lanceolatus,11,41,-10,-10,10,17,1,0,0,NA,NA,1,NA
2015,28,576*A,Elymus lanceolatus,11,41,-10,-10,12,17,0,0,0,10,2,1,0
2016,28,576*A,Elymus lanceolatus,11,41,-10,-10,18,21,7,0,0,12,6,1,0
2017,28,576*A,Elymus lanceolatus,11,41,-10,-10,35,25,3,0,0,18,17,1,0
2018,28,576*A,Elymus lanceolatus,11,41,-10,-10,35,25,47,0,0,35,0,1,0
2019,28,576*A,Elymus lanceolatus,11,41,-10,-10,39,30,22,0,0,35,4,1,0
2020,28,576*A,Elymus lanceolatus,11,41,-10,-10,33,27,14,0,0,39,-6,1,0
2021,28,576*A,Elymus lanceolatus,11,41,-10,-10,35,28,12,0,0,33,2,1,0
2014,28,577*A,Elymus lanceolatus,25,65,5,5,6,8,0,0,0,NA,NA,1,NA
2015,28,577*A,Elymus lanceolatus,25,65,5,5,6,17,1,0,0,6,0,1,0
2016,28,577*A,Elymus lanceolatus,25,65,5,5,11,16,2,0,0,6,5,1,0
2017,28,577*A,Elymus lanceolatus,25,65,5,5,0,0,0,0,1,11,-11,0,0
2014,28,578*A,Ivesia gordonii,145,25,-10,-10,2,2,0,0,0,NA,NA,1,NA
2015,28,578*A,Ivesia gordonii,145,25,-10,-10,3.5,1,0,0,0,2,1.5,1,0
2016,28,578*A,Ivesia gordonii,145,25,-10,-10,7,4,1,0,0,3.5,3.5,1,0
2017,28,578*A,Ivesia gordonii,145,25,-10,-10,0,0,0,0,1,7,-7,0,0
2014,28,579*A,Lupinus argenteus,145,30,-10,-10,13,8,0,0,0,NA,NA,1,NA
2015,28,579*A,Lupinus argenteus,145,30,-10,-10,19,9,5,0,0,13,6,1,0
2016,28,579*A,Lupinus argenteus,145,30,-10,-10,6,3,0,0,0,19,-13,1,0
2017,28,579*A,Lupinus argenteus,145,30,-10,-10,0,0,0,0,1,6,-6,0,0
2014,8,58*A,Lupinus argenteus,60,180,-10,-10,6,3,0,0,0,NA,NA,1,NA
2015,8,58*A,Lupinus argenteus,60,180,-10,-10,6.5,3,0,0,0,6,0.5,1,0
2016,8,58*A,Lupinus argenteus,60,180,-10,-10,0,0,0,0,1,6.5,-6.5,0,0
2014,28,580*A,Ivesia gordonii,155,60,-10,-10,4,3,1,0,0,NA,NA,1,NA
2015,28,580*A,Ivesia gordonii,155,60,-10,-10,6,3,2,0,0,4,2,1,0
2016,28,580*A,Ivesia gordonii,155,60,-10,-10,5,4,3,0,0,6,-1,1,0
2017,28,580*A,Ivesia gordonii,155,60,-10,-10,0,0,0,0,1,5,-5,0,0
2014,28,581*A,Eriogonum umbellatum,170,85,-10,-10,7,2,0,0,0,NA,NA,1,NA
2015,28,581*A,Eriogonum umbellatum,170,85,-10,-10,9,2,0,0,0,7,2,1,0
2016,28,581*A,Eriogonum umbellatum,170,85,-10,-10,11,3,0,0,0,9,2,1,0
2017,28,581*A,Eriogonum umbellatum,170,85,-10,-10,0,0,0,0,1,11,-11,0,0
2014,28,582*A,Ivesia gordonii,160,95,-10,-10,5,2,0,0,0,NA,NA,1,NA
2015,28,582*A,Ivesia gordonii,160,95,-10,-10,8,4,1,0,0,5,3,1,0
2016,28,582*A,Ivesia gordonii,160,95,-10,-10,10,5,2,0,0,8,2,1,0
2017,28,582*A,Ivesia gordonii,160,95,-10,-10,0,0,0,0,1,10,-10,0,0
2014,28,583*A,Ivesia gordonii,165,100,10,-10,2,1,0,0,0,NA,NA,1,NA
2015,28,583*A,Ivesia gordonii,165,100,10,-10,3,2,0,0,0,2,1,1,0
2016,28,583*A,Ivesia gordonii,165,100,10,-10,6,3,2,0,0,3,3,1,0
2017,28,583*A,Ivesia gordonii,165,100,10,-10,0,0,0,0,1,6,-6,0,0
2014,28,584*A,Ivesia gordonii,190,105,-10,-10,4,2,0,0,0,NA,NA,1,NA
2015,28,584*A,Ivesia gordonii,190,105,-10,-10,6,3,0,0,0,4,2,1,0
2016,28,584*A,Ivesia gordonii,190,105,-10,-10,3,3,0,0,0,6,-3,1,0
2017,28,584*A,Ivesia gordonii,190,105,-10,-10,0,0,0,0,1,3,-3,0,0
2014,28,585*A,Ivesia gordonii,170,105,-10,-10,2,1,0,0,0,NA,NA,1,NA
2015,28,585*A,Ivesia gordonii,170,105,-10,-10,3,2,0,0,0,2,1,1,0
2016,28,585*A,Ivesia gordonii,170,105,-10,-10,9,8,4,0,0,3,6,1,0
2017,28,585*A,Ivesia gordonii,170,105,-10,-10,0,0,0,0,1,9,-9,0,0
2014,28,586*A,Ivesia gordonii,170,105,-10,-10,11,3,0,0,0,NA,NA,1,NA
2015,28,586*A,Ivesia gordonii,170,105,-10,-10,5.5,4,0,0,0,11,-5.5,1,0
2016,28,586*A,Ivesia gordonii,170,105,-10,-10,8,7,2,0,0,5.5,2.5,1,0
2017,28,586*A,Ivesia gordonii,170,105,-10,-10,0,0,0,0,1,8,-8,0,0
2014,28,587*A,Eriogonum umbellatum,162,107,-10,-10,3,1,0,0,0,NA,NA,1,NA
2015,28,587*A,Eriogonum umbellatum,162,107,-10,-10,4,1,0,0,0,3,1,1,0
2016,28,587*A,Eriogonum umbellatum,162,107,-10,-10,6,2,0,0,0,4,2,1,0
2017,28,587*A,Eriogonum umbellatum,162,107,-10,-10,9,1.5,3,0,0,6,3,1,0
2018,28,587*A,Eriogonum umbellatum,162,107,-10,-10,9,1,4,0,0,9,0,1,0
2019,28,587*A,Eriogonum umbellatum,162,107,-10,-10,8.5,1.5,0,0,0,9,-0.5,1,0
2020,28,587*A,Eriogonum umbellatum,162,107,-10,-10,4,2,0,0,0,8.5,-4.5,1,0
2021,28,587*A,Eriogonum umbellatum,162,107,-10,-10,4.5,1,0,0,0,4,0.5,1,0
2014,28,588*A,Arenaria congesta,185,115,-10,-10,14,4,86,0,0,NA,NA,1,NA
2015,28,588*A,Arenaria congesta,185,115,-10,-10,13,5,6,0,0,14,-1,1,0
2016,28,588*A,Arenaria congesta,185,115,-10,-10,16,7,17,0,0,13,3,1,0
2017,28,588*A,Arenaria congesta,185,115,-10,-10,0,0,0,0,1,16,-16,0,0
2014,28,589*A,Eriogonum umbellatum,180,140,-10,-10,32,3,12,0,0,NA,NA,1,NA
2015,28,589*A,Eriogonum umbellatum,180,140,-10,-10,36,3,13,0,0,32,4,1,0
2016,28,589*A,Eriogonum umbellatum,180,140,-10,-10,33,2.5,36,0,0,36,-3,1,0
2017,28,589*A,Eriogonum umbellatum,180,140,-10,-10,39,4,21,0,0,33,6,1,0
2018,28,589*A,Eriogonum umbellatum,180,140,-10,-10,39,2.5,34,0,0,39,0,1,0
2019,28,589*A,Eriogonum umbellatum,180,140,-10,-10,46,7,56,0,0,39,7,1,0
2020,28,589*A,Eriogonum umbellatum,180,140,-10,-10,45.5,4,8,0,0,46,-0.5,1,0
2021,28,589*A,Eriogonum umbellatum,180,140,-10,-10,43,3,36,0,0,45.5,-2.5,1,0
2014,8,59*A,Lupinus argenteus,75,190,-10,-10,22,13,0,0,0,NA,NA,1,NA
2015,8,59*A,Lupinus argenteus,75,190,-10,-10,11,7,0,0,0,22,-11,1,0
2016,8,59*A,Lupinus argenteus,75,190,-10,-10,11,6,0,0,0,11,0,1,0
2017,8,59*A,Lupinus argenteus,75,190,-10,-10,0,0,0,0,1,11,-11,0,0
2014,28,590*A,Ivesia gordonii,180,130,-10,-10,2,2,0,0,0,NA,NA,1,NA
2015,28,590*A,Ivesia gordonii,180,130,-10,-10,3.5,2.5,0,0,0,2,1.5,1,0
2016,28,590*A,Ivesia gordonii,180,130,-10,-10,3,3,0,0,0,3.5,-0.5,1,0
2017,28,590*A,Ivesia gordonii,180,130,-10,-10,4,4,0,0,0,3,1,1,0
2018,28,590*A,Ivesia gordonii,180,130,-10,-10,3,1.5,0,0,0,4,-1,1,0
2019,28,590*A,Ivesia gordonii,180,130,-10,-10,3.5,2.5,0,0,0,3,0.5,1,0
2020,28,590*A,Ivesia gordonii,180,130,-10,-10,0,0,0,0,1,3.5,-3.5,0,0
2014,28,591*A,Ivesia gordonii,180,185,-10,-10,16,5,8,0,0,NA,NA,1,NA
2015,28,591*A,Ivesia gordonii,180,185,-10,-10,16.5,8,22,0,0,16,0.5,1,0
2016,28,591*A,Ivesia gordonii,180,185,-10,-10,18,5,6,0,0,16.5,1.5,1,0
2017,28,591*A,Ivesia gordonii,180,185,-10,-10,0,0,0,0,1,18,-18,0,0
2014,28,592*A,Eriogonum umbellatum,149,124,-10,-10,23,5,6,0,0,NA,NA,1,NA
2015,28,592*A,Eriogonum umbellatum,149,124,-10,-10,23,4,11,0,0,23,0,1,0
2016,28,592*A,Eriogonum umbellatum,149,124,-10,-10,27,4,13,0,0,23,4,1,0
2017,28,592*A,Eriogonum umbellatum,149,124,-10,-10,24.5,4,12,0,0,27,-2.5,1,0
2018,28,592*A,Eriogonum umbellatum,149,124,-10,-10,24,2.5,13,0,0,24.5,-0.5,1,0
2019,28,592*A,Eriogonum umbellatum,149,124,-10,-10,29,8,16,0,0,24,5,1,0
2020,28,592*A,Eriogonum umbellatum,149,124,-10,-10,28,4,3,0,0,29,-1,1,0
2021,28,592*A,Eriogonum umbellatum,149,124,-10,-10,29.5,4,21,0,0,28,1.5,1,0
2014,28,593*A,Ivesia gordonii,140,145,-10,-10,9,6,2,0,0,NA,NA,1,NA
2015,28,593*A,Ivesia gordonii,140,145,-10,-10,13,6,7,0,0,9,4,1,0
2016,28,593*A,Ivesia gordonii,140,145,-10,-10,16,5,20,0,0,13,3,1,0
2017,28,593*A,Ivesia gordonii,140,145,-10,-10,0,0,0,0,1,16,-16,0,0
2014,28,594*A,Agoseris glauca,150,130,10,0,8,6,0,0,0,NA,NA,1,NA
2015,28,594*A,Agoseris glauca,150,130,10,0,6,7,1,0,0,8,-2,1,0
2016,28,594*A,Agoseris glauca,150,130,10,0,2,4,0,0,0,6,-4,1,0
2017,28,594*A,Agoseris glauca,150,130,10,0,0,0,0,0,1,2,-2,0,0
2014,28,595*A,Elymus lanceolatus,150,128,10,0,8,10,0,0,0,NA,NA,1,NA
2015,28,595*A,Elymus lanceolatus,150,128,10,0,11,10,0,0,0,8,3,1,0
2016,28,595*A,Elymus lanceolatus,150,128,10,0,10,13,1,0,0,11,-1,1,0
2017,28,595*A,Elymus lanceolatus,150,128,10,0,0,0,0,0,1,10,-10,0,0
2014,28,596*A,Elymus lanceolatus,150,123,10,10,10,14,1,0,0,NA,NA,1,NA
2015,28,596*A,Elymus lanceolatus,150,123,10,10,25,19,1,0,0,10,15,1,0
2016,28,596*A,Elymus lanceolatus,150,123,10,10,24,22,3,0,0,25,-1,1,0
2017,28,596*A,Elymus lanceolatus,150,123,10,10,25,21,6,0,0,24,1,1,0
2018,28,596*A,Elymus lanceolatus,150,123,10,10,32,24,22,0,0,25,7,1,0
2019,28,596*A,Elymus lanceolatus,150,123,10,10,31,22.5,5,0,0,32,-1,1,0
2020,28,596*A,Elymus lanceolatus,150,123,10,10,24,27,13,0,0,31,-7,1,0
2021,28,596*A,Elymus lanceolatus,150,123,10,10,22,25,4,0,0,24,-2,1,0
2014,28,597*A,Elymus lanceolatus,146,134,-5,5,2,5,0,0,0,NA,NA,1,NA
2015,28,597*A,Elymus lanceolatus,146,134,-5,5,3,8,0,0,0,2,1,1,0
2016,28,597*A,Elymus lanceolatus,146,134,-5,5,3,9,0,0,0,3,0,1,0
2017,28,597*A,Elymus lanceolatus,146,134,-5,5,10,10,0,0,0,3,7,1,0
2018,28,597*A,Elymus lanceolatus,146,134,-5,5,0,0,0,0,0,10,-10,1,0
2019,28,597*A,Elymus lanceolatus,146,134,-5,5,8,12,0,0,0,0,8,1,0
2020,28,597*A,Elymus lanceolatus,146,134,-5,5,10,9,0,0,0,8,2,1,0
2021,28,597*A,Elymus lanceolatus,146,134,-5,5,13,12.5,0,0,0,10,3,1,0
2014,28,598*A,Phacelia hastata,135,120,0,-10,2,1,0,1,0,NA,NA,1,1
2015,28,598*A,Phacelia hastata,135,120,0,-10,4.5,2,0,0,0,2,2.5,1,0
2016,28,598*A,Phacelia hastata,135,120,0,-10,9,5,1,0,0,4.5,4.5,1,0
2017,28,598*A,Phacelia hastata,135,120,0,-10,0,0,0,0,1,9,-9,0,0
2014,28,599*A,Senecio crassulus,145,105,0,-10,4,3,0,0,0,NA,NA,1,NA
2015,28,599*A,Senecio crassulus,145,105,0,-10,8,5,0,0,0,4,4,1,0
2016,28,599*A,Senecio crassulus,145,105,0,-10,7.5,4,0,0,0,8,-0.5,1,0
2017,28,599*A,Senecio crassulus,145,105,0,-10,2,2,0,0,0,7.5,-5.5,1,0
2018,28,599*A,Senecio crassulus,145,105,0,-10,1.5,4,0,0,0,2,-0.5,1,0
2019,28,599*A,Senecio crassulus,145,105,0,-10,0,0,0,0,1,1.5,-1.5,0,0
2014,1,6*A,Ivesia gordonii,127,55,-10,-10,12,7,2,0,0,NA,NA,1,NA
2015,1,6*A,Ivesia gordonii,127,55,-10,-10,13,5,7,0,0,12,1,1,0
2016,1,6*A,Ivesia gordonii,127,55,-10,-10,12.5,6.5,10,0,0,13,-0.5,1,0
2017,1,6*A,Ivesia gordonii,127,55,-10,-10,0,0,0,0,1,12.5,-12.5,0,0
2014,8,60*A,Lupinus argenteus,80,190,-10,-10,7,5,0,0,0,NA,NA,1,NA
2015,8,60*A,Lupinus argenteus,80,190,-10,-10,8.5,5,0,0,0,7,1.5,1,0
2016,8,60*A,Lupinus argenteus,80,190,-10,-10,0,0,0,0,1,8.5,-8.5,0,0
2014,28,600*A,Ivesia gordonii,130,95,-10,-10,18,6,9,0,0,NA,NA,1,NA
2015,28,600*A,Ivesia gordonii,130,95,-10,-10,21,9,22,0,0,18,3,1,0
2016,28,600*A,Ivesia gordonii,130,95,-10,-10,20,6,22,0,0,21,-1,1,0
2017,28,600*A,Ivesia gordonii,130,95,-10,-10,0,0,0,0,1,20,-20,0,0
2014,28,601*A,Ivesia gordonii,128,100,-10,-10,2,1,0,1,0,NA,NA,1,1
2015,28,601*A,Ivesia gordonii,128,100,-10,-10,5,2.5,0,0,0,2,3,1,0
2016,28,601*A,Ivesia gordonii,128,100,-10,-10,7,3,1,0,0,5,2,1,0
2017,28,601*A,Ivesia gordonii,128,100,-10,-10,11,6,3,0,0,7,4,1,0
2018,28,601*A,Ivesia gordonii,128,100,-10,-10,0,0,0,0,1,11,-11,0,0
2014,28,602*A,Ivesia gordonii,141,112,-10,10,2,2,0,0,0,NA,NA,1,NA
2015,28,602*A,Ivesia gordonii,141,112,-10,10,0,0,0,0,0,2,-2,1,0
2016,28,602*A,Ivesia gordonii,141,112,-10,10,8.5,5,0,0,0,0,8.5,1,0
2017,28,602*A,Ivesia gordonii,141,112,-10,10,0,0,0,0,0,8.5,-8.5,1,0
2018,28,602*A,Ivesia gordonii,141,112,-10,10,7.5,3.5,2,0,0,0,7.5,1,0
2019,28,602*A,Ivesia gordonii,141,112,-10,10,6.5,4.5,1,0,0,7.5,-1,1,0
2020,28,602*A,Ivesia gordonii,141,112,-10,10,8,4,2,0,0,6.5,1.5,1,0
2021,28,602*A,Ivesia gordonii,141,112,-10,10,9,4.5,6,0,0,8,1,1,0
2014,28,603*A,Eriogonum umbellatum,138,107,-5,-5,0.5,0.5,0,1,0,NA,NA,1,1
2015,28,603*A,Eriogonum umbellatum,138,107,-5,-5,0,0,0,0,0,0.5,-0.5,1,0
2016,28,603*A,Eriogonum umbellatum,138,107,-5,-5,1,1,0,0,0,0,1,1,0
2017,28,603*A,Eriogonum umbellatum,138,107,-5,-5,2.5,1,0,0,0,1,1.5,1,0
2018,28,603*A,Eriogonum umbellatum,138,107,-5,-5,2,1,0,0,0,2.5,-0.5,1,0
2019,28,603*A,Eriogonum umbellatum,138,107,-5,-5,1.3,1,0,0,0,2,-0.7,1,0
2020,28,603*A,Eriogonum umbellatum,138,107,-5,-5,1.4,2,0,0,0,1.3,0.1,1,0
2021,28,603*A,Eriogonum umbellatum,138,107,-5,-5,0,0,0,0,0,1.4,-1.4,1,0
2014,28,604*A,Ivesia gordonii,110,105,-10,-10,10,5,7,0,0,NA,NA,1,NA
2015,28,604*A,Ivesia gordonii,110,105,-10,-10,7,4,0,0,0,10,-3,1,0
2016,28,604*A,Ivesia gordonii,110,105,-10,-10,15,5,10,0,0,7,8,1,0
2017,28,604*A,Ivesia gordonii,110,105,-10,-10,0,0,0,0,1,15,-15,0,0
2014,28,605*A,Eriogonum umbellatum,126,149,-10,-10,33,2,15,0,0,NA,NA,1,NA
2015,28,605*A,Eriogonum umbellatum,126,149,-10,-10,32,2,36,0,0,33,-1,1,0
2016,28,605*A,Eriogonum umbellatum,126,149,-10,-10,31,2,37,0,0,32,-1,1,0
2017,28,605*A,Eriogonum umbellatum,126,149,-10,-10,34,2,30,0,0,31,3,1,0
2018,28,605*A,Eriogonum umbellatum,126,149,-10,-10,37,3,67,0,0,34,3,1,0
2019,28,605*A,Eriogonum umbellatum,126,149,-10,-10,39,3,43,0,0,37,2,1,0
2020,28,605*A,Eriogonum umbellatum,126,149,-10,-10,41,3.5,51,0,0,39,2,1,0
2021,28,605*A,Eriogonum umbellatum,126,149,-10,-10,41,2.2,80,0,0,41,0,1,0
2014,28,606*A,Ivesia gordonii,125,143,-10,-10,4,4,0,0,0,NA,NA,1,NA
2015,28,606*A,Ivesia gordonii,125,143,-10,-10,8,4,0,0,0,4,4,1,0
2016,28,606*A,Ivesia gordonii,125,143,-10,-10,8.5,6,3,0,0,8,0.5,1,0
2017,28,606*A,Ivesia gordonii,125,143,-10,-10,0,0,0,0,1,8.5,-8.5,0,0
2014,28,607*A,Ivesia gordonii,115,130,-10,-10,10,4,12,0,0,NA,NA,1,NA
2015,28,607*A,Ivesia gordonii,115,130,-10,-10,10,5,10,0,0,10,0,1,0
2016,28,607*A,Ivesia gordonii,115,130,-10,-10,12,3,7,0,0,10,2,1,0
2017,28,607*A,Ivesia gordonii,115,130,-10,-10,0,0,0,0,1,12,-12,0,0
2014,28,608*A,Phacelia hastata,120,133,-10,-10,6,3,1,0,0,NA,NA,1,NA
2015,28,608*A,Phacelia hastata,120,133,-10,-10,0,0,0,0,1,6,-6,0,0
2014,28,609*A,Eriogonum umbellatum,90,145,-10,-10,4,2,0,0,0,NA,NA,1,NA
2015,28,609*A,Eriogonum umbellatum,90,145,-10,-10,0,0,0,0,1,4,-4,0,0
2014,8,61*A,Lupinus argenteus,100,195,10,0,14,8,0,0,0,NA,NA,1,NA
2015,8,61*A,Lupinus argenteus,100,195,10,0,10.5,8,0,0,0,14,-3.5,1,0
2016,8,61*A,Lupinus argenteus,100,195,10,0,0,0,0,0,1,10.5,-10.5,0,0
2014,28,610*A,Phacelia hastata,70,130,-10,-10,22,5,13,0,0,NA,NA,1,NA
2015,28,610*A,Phacelia hastata,70,130,-10,-10,23,5,13,0,0,22,1,1,0
2016,28,610*A,Phacelia hastata,70,130,-10,-10,19,3,9,0,0,23,-4,1,0
2017,28,610*A,Phacelia hastata,70,130,-10,-10,0,0,0,0,1,19,-19,0,0
2014,28,611*A,Ivesia gordonii,80,85,-10,-10,3,3,0,0,0,NA,NA,1,NA
2015,28,611*A,Ivesia gordonii,80,85,-10,-10,0,0,0,0,1,3,-3,0,0
2014,28,612*A,Ivesia gordonii,75,90,-10,-10,9,4,0,0,0,NA,NA,1,NA
2015,28,612*A,Ivesia gordonii,75,90,-10,-10,9,3,1,0,0,9,0,1,0
2016,28,612*A,Ivesia gordonii,75,90,-10,-10,19,6,17,0,0,9,10,1,0
2017,28,612*A,Ivesia gordonii,75,90,-10,-10,0,0,0,0,1,19,-19,0,0
2014,29,613*A,Lupinus argenteus,140,10,-10,0,7,5,0,0,0,NA,NA,1,NA
2015,29,613*A,Lupinus argenteus,140,10,-10,0,0,0,0,0,1,7,-7,0,0
2014,29,614*A,Lupinus argenteus,139,5,-10,0,2,1,0,1,0,NA,NA,1,1
2015,29,614*A,Lupinus argenteus,139,5,-10,0,0,0,0,0,1,2,-2,0,0
2014,29,615*A,Lupinus argenteus,163,30,-10,-10,2,2,0,0,0,NA,NA,1,NA
2015,29,615*A,Lupinus argenteus,163,30,-10,-10,4.5,3.5,0,0,0,2,2.5,1,0
2016,29,615*A,Lupinus argenteus,163,30,-10,-10,8,5,0,0,0,4.5,3.5,1,0
2017,29,615*A,Lupinus argenteus,163,30,-10,-10,0,0,0,0,1,8,-8,0,0
2014,29,616*A,Lupinus argenteus,166,31,-10,-10,0.5,0.5,0,0,0,NA,NA,1,NA
2015,29,616*A,Lupinus argenteus,166,31,-10,-10,0,0,0,0,1,0.5,-0.5,0,0
2014,29,617*A,Lupinus argenteus,153,35,-10,-10,4,3,0,0,0,NA,NA,1,NA
2015,29,617*A,Lupinus argenteus,153,35,-10,-10,0,0,0,0,1,4,-4,0,0
2014,29,618*A,Lupinus argenteus,154,40,-10,-10,7,4,0,0,0,NA,NA,1,NA
2015,29,618*A,Lupinus argenteus,154,40,-10,-10,7,5,0,0,0,7,0,1,0
2016,29,618*A,Lupinus argenteus,154,40,-10,-10,0,0,0,0,1,7,-7,0,0
2014,29,619*A,Lupinus argenteus,155,55,-10,-10,8,5,0,0,0,NA,NA,1,NA
2015,29,619*A,Lupinus argenteus,155,55,-10,-10,9,5,0,0,0,8,1,1,0
2016,29,619*A,Lupinus argenteus,155,55,-10,-10,0,0,0,0,1,9,-9,0,0
2014,8,62*A,Lupinus argenteus,75,160,-10,-10,19,12,0,0,0,NA,NA,1,NA
2015,8,62*A,Lupinus argenteus,75,160,-10,-10,6,3.5,0,0,0,19,-13,1,0
2016,8,62*A,Lupinus argenteus,75,160,-10,-10,0,0,0,0,1,6,-6,0,0
2014,29,620*A,Lupinus argenteus,195,50,-10,-10,29,14,3,0,0,NA,NA,1,NA
2015,29,620*A,Lupinus argenteus,195,50,-10,-10,8,3,0,0,0,29,-21,1,0
2016,29,620*A,Lupinus argenteus,195,50,-10,-10,0,0,0,0,1,8,-8,0,0
2014,29,621*A,Lupinus argenteus,175,55,-10,-10,8,4,0,0,0,NA,NA,1,NA
2015,29,621*A,Lupinus argenteus,175,55,-10,-10,0,0,0,0,1,8,-8,0,0
2014,29,622*A,Lupinus argenteus,178,63,-10,-10,6,4,0,0,0,NA,NA,1,NA
2015,29,622*A,Lupinus argenteus,178,63,-10,-10,4,3,0,0,0,6,-2,1,0
2016,29,622*A,Lupinus argenteus,178,63,-10,-10,0,0,0,0,1,4,-4,0,0
2014,29,623*A,Lupinus argenteus,180,65,0,-5,5,5,0,0,0,NA,NA,1,NA
2015,29,623*A,Lupinus argenteus,180,65,0,-5,3,2,0,0,0,5,-2,1,0
2016,29,623*A,Lupinus argenteus,180,65,0,-5,0,0,0,0,1,3,-3,0,0
2014,29,624*A,Lupinus argenteus,185,70,0,-10,12,7,0,0,0,NA,NA,1,NA
2015,29,624*A,Lupinus argenteus,185,70,0,-10,4,3,0,0,0,12,-8,1,0
2016,29,624*A,Lupinus argenteus,185,70,0,-10,0,0,0,0,1,4,-4,0,0
2014,29,625*A,Lupinus argenteus,170,70,-10,-10,6,4,0,0,0,NA,NA,1,NA
2015,29,625*A,Lupinus argenteus,170,70,-10,-10,0,0,0,0,1,6,-6,0,0
2014,29,626*A,Lupinus argenteus,170,80,-10,0,25,13,3,0,0,NA,NA,1,NA
2015,29,626*A,Lupinus argenteus,170,80,-10,0,23,15,6,0,0,25,-2,1,0
2016,29,626*A,Lupinus argenteus,170,80,-10,0,9,5,0,0,0,23,-14,1,0
2017,29,626*A,Lupinus argenteus,170,80,-10,0,0,0,0,0,1,9,-9,0,0
2014,29,627*A,Lupinus argenteus,180,80,10,10,6,6,0,0,0,NA,NA,1,NA
2015,29,627*A,Lupinus argenteus,180,80,10,10,9,8,0,0,0,6,3,1,0
2016,29,627*A,Lupinus argenteus,180,80,10,10,0,0,0,0,1,9,-9,0,0
2014,29,628*A,Elymus lanceolatus,180,82,10,10,4,7,0,0,0,NA,NA,1,NA
2015,29,628*A,Elymus lanceolatus,180,82,10,10,5,9,0,0,0,4,1,1,0
2016,29,628*A,Elymus lanceolatus,180,82,10,10,10,4,0,0,0,5,5,1,0
2017,29,628*A,Elymus lanceolatus,180,82,10,10,0,0,0,0,1,10,-10,0,0
2014,29,629*A,Elymus lanceolatus,180,84,10,10,14,10,1,0,0,NA,NA,1,NA
2015,29,629*A,Elymus lanceolatus,180,84,10,10,12,15,0,0,0,14,-2,1,0
2016,29,629*A,Elymus lanceolatus,180,84,10,10,15,21,7,0,0,12,3,1,0
2017,29,629*A,Elymus lanceolatus,180,84,10,10,0,0,0,0,1,15,-15,0,0
2014,8,63*A,Lupinus argenteus,90,170,-10,0,17,11,1,0,0,NA,NA,1,NA
2015,8,63*A,Lupinus argenteus,90,170,-10,0,14,7.5,0,0,0,17,-3,1,0
2016,8,63*A,Lupinus argenteus,90,170,-10,0,0,0,0,0,1,14,-14,0,0
2014,29,630*A,Lupinus argenteus,182,75,-10,-10,26,16,4,0,0,NA,NA,1,NA
2015,29,630*A,Lupinus argenteus,182,75,-10,-10,27,14,6,0,0,26,1,1,0
2016,29,630*A,Lupinus argenteus,182,75,-10,-10,0,0,0,0,1,27,-27,0,0
2014,29,631*A,Elymus lanceolatus,138,74,-10,-10,20,20,3,0,0,NA,NA,1,NA
2015,29,631*A,Elymus lanceolatus,138,74,-10,-10,30,22,4,0,0,20,10,1,0
2016,29,631*A,Elymus lanceolatus,138,74,-10,-10,21,30,14,0,0,30,-9,1,0
2017,29,631*A,Elymus lanceolatus,138,74,-10,-10,22,21,2,0,0,21,1,1,0
2018,29,631*A,Elymus lanceolatus,138,74,-10,-10,30,28,15,0,0,22,8,1,0
2019,29,631*A,Elymus lanceolatus,138,74,-10,-10,28.5,22.5,26,0,0,30,-1.5,1,0
2020,29,631*A,Elymus lanceolatus,138,74,-10,-10,22,23,1,0,0,28.5,-6.5,1,0
2021,29,631*A,Elymus lanceolatus,138,74,-10,-10,24.5,23,9,0,0,22,2.5,1,0
2014,29,632*A,Elymus lanceolatus,153,88,-10,-10,10,9,0,0,0,NA,NA,1,NA
2015,29,632*A,Elymus lanceolatus,153,88,-10,-10,10,15,0,0,1,10,0,0,0
2014,29,633*A,Lupinus argenteus,170,105,-10,-10,23,15,4,0,0,NA,NA,1,NA
2015,29,633*A,Lupinus argenteus,170,105,-10,-10,0,0,0,0,1,23,-23,0,0
2014,29,634*A,Lupinus argenteus,140,105,-10,-10,8,5,0,0,0,NA,NA,1,NA
2015,29,634*A,Lupinus argenteus,140,105,-10,-10,9,5,0,0,0,8,1,1,0
2016,29,634*A,Lupinus argenteus,140,105,-10,-10,0,0,0,0,1,9,-9,0,0
2014,29,635*A,Lupinus argenteus,115,110,-10,-10,19,11,1,0,0,NA,NA,1,NA
2015,29,635*A,Lupinus argenteus,115,110,-10,-10,7,2.5,0,0,0,19,-12,1,0
2016,29,635*A,Lupinus argenteus,115,110,-10,-10,0,0,0,0,1,7,-7,0,0
2014,29,636*A,Lupinus argenteus,110,115,-10,-10,7,5,0,0,0,NA,NA,1,NA
2015,29,636*A,Lupinus argenteus,110,115,-10,-10,0,0,0,0,0,7,-7,1,0
2016,29,636*A,Lupinus argenteus,110,115,-10,-10,9,6,0,0,0,0,9,1,0
2017,29,636*A,Lupinus argenteus,110,115,-10,-10,7,6,0,0,0,9,-2,1,0
2018,29,636*A,Lupinus argenteus,110,115,-10,-10,0,0,0,0,1,7,-7,0,0
2014,29,637*A,Lupinus argenteus,130,120,-10,-10,5,3,0,0,0,NA,NA,1,NA
2015,29,637*A,Lupinus argenteus,130,120,-10,-10,0,0,0,0,1,5,-5,0,0
2014,29,638*A,Lupinus argenteus,134,122,-10,-10,2,3,0,0,0,NA,NA,1,NA
2015,29,638*A,Lupinus argenteus,134,122,-10,-10,0,0,0,0,1,2,-2,0,0
2014,29,639*A,Lupinus argenteus,140,122,-10,-10,15,7,0,0,0,NA,NA,1,NA
2015,29,639*A,Lupinus argenteus,140,122,-10,-10,0,0,0,0,1,15,-15,0,0
2014,8,64*A,Lupinus argenteus,95,170,-10,-10,28,15,8,0,0,NA,NA,1,NA
2015,8,64*A,Lupinus argenteus,95,170,-10,-10,21,9,0,0,0,28,-7,1,0
2016,8,64*A,Lupinus argenteus,95,170,-10,-10,8,6,0,0,0,21,-13,1,0
2017,8,64*A,Lupinus argenteus,95,170,-10,-10,0,0,0,0,1,8,-8,0,0
2014,29,640*A,Lupinus argenteus,170,150,-10,-10,6,7,2,0,0,NA,NA,1,NA
2015,29,640*A,Lupinus argenteus,170,150,-10,-10,12,6,0,0,0,6,6,1,0
2016,29,640*A,Lupinus argenteus,170,150,-10,-10,0,0,0,0,1,12,-12,0,0
2014,29,641*A,Lupinus argenteus,165,150,-10,-10,13,9,1,0,0,NA,NA,1,NA
2015,29,641*A,Lupinus argenteus,165,150,-10,-10,0,0,0,0,1,13,-13,0,0
2014,29,642*A,Lupinus argenteus,140,180,-10,-10,18,11,1,0,0,NA,NA,1,NA
2015,29,642*A,Lupinus argenteus,140,180,-10,-10,14,18,1,0,0,18,-4,1,0
2016,29,642*A,Lupinus argenteus,140,180,-10,-10,10,7,0,0,0,14,-4,1,0
2017,29,642*A,Lupinus argenteus,140,180,-10,-10,7,4,0,0,0,10,-3,1,0
2018,29,642*A,Lupinus argenteus,140,180,-10,-10,0,0,0,0,1,7,-7,0,0
2014,29,643*A,Lupinus argenteus,150,170,-10,-10,19,12,0,0,0,NA,NA,1,NA
2015,29,643*A,Lupinus argenteus,150,170,-10,-10,5,4,0,0,0,19,-14,1,0
2016,29,643*A,Lupinus argenteus,150,170,-10,-10,0,0,0,0,1,5,-5,0,0
2014,29,644*A,Lupinus argenteus,155,195,-10,-10,4,2,0,0,0,NA,NA,1,NA
2015,29,644*A,Lupinus argenteus,155,195,-10,-10,10,7,0,0,0,4,6,1,0
2016,29,644*A,Lupinus argenteus,155,195,-10,-10,18,8,0,0,0,10,8,1,0
2017,29,644*A,Lupinus argenteus,155,195,-10,-10,0,0,0,0,1,18,-18,0,0
2014,29,645*A,Lupinus argenteus,115,190,-10,-10,3,2,0,0,0,NA,NA,1,NA
2015,29,645*A,Lupinus argenteus,115,190,-10,-10,22,11,2,0,0,3,19,1,0
2016,29,645*A,Lupinus argenteus,115,190,-10,-10,7.5,6,0,0,0,22,-14.5,1,0
2017,29,645*A,Lupinus argenteus,115,190,-10,-10,0,0,0,0,1,7.5,-7.5,0,0
2014,29,646*A,Ivesia gordonii,80,190,-10,-10,6,6,0,0,0,NA,NA,1,NA
2015,29,646*A,Ivesia gordonii,80,190,-10,-10,8,6,1,0,0,6,2,1,0
2016,29,646*A,Ivesia gordonii,80,190,-10,-10,7,8,0,0,0,8,-1,1,0
2017,29,646*A,Ivesia gordonii,80,190,-10,-10,12,7,0,0,0,7,5,1,0
2018,29,646*A,Ivesia gordonii,80,190,-10,-10,18,5,34,0,0,12,6,1,0
2019,29,646*A,Ivesia gordonii,80,190,-10,-10,0,0,0,0,1,18,-18,0,0
2014,29,647*A,Lupinus argenteus,65,180,-10,-10,23,11,1,0,0,NA,NA,1,NA
2015,29,647*A,Lupinus argenteus,65,180,-10,-10,17,7,0,0,0,23,-6,1,0
2016,29,647*A,Lupinus argenteus,65,180,-10,-10,0,0,0,0,1,17,-17,0,0
2014,29,648*A,Lupinus argenteus,70,170,-10,-10,8,7,0,0,0,NA,NA,1,NA
2015,29,648*A,Lupinus argenteus,70,170,-10,-10,0,0,0,0,1,8,-8,0,0
2014,29,649*A,Lupinus argenteus,60,165,-10,-10,4,3,0,0,0,NA,NA,1,NA
2015,29,649*A,Lupinus argenteus,60,165,-10,-10,0,0,0,0,1,4,-4,0,0
2014,8,65*A,Lupinus argenteus,105,170,-10,-10,32,14,2,0,0,NA,NA,1,NA
2015,8,65*A,Lupinus argenteus,105,170,-10,-10,12.5,8,0,0,0,32,-19.5,1,0
2016,8,65*A,Lupinus argenteus,105,170,-10,-10,0,0,0,0,1,12.5,-12.5,0,0
2014,29,650*A,Lupinus argenteus,65,165,-10,-10,13,10,1,0,0,NA,NA,1,NA
2015,29,650*A,Lupinus argenteus,65,165,-10,-10,10,8,0,0,0,13,-3,1,0
2016,29,650*A,Lupinus argenteus,65,165,-10,-10,0,0,0,0,1,10,-10,0,0
2014,29,651*A,Lupinus argenteus,50,180,-10,-10,29,17,3,0,0,NA,NA,1,NA
2015,29,651*A,Lupinus argenteus,50,180,-10,-10,12,5,0,0,0,29,-17,1,0
2016,29,651*A,Lupinus argenteus,50,180,-10,-10,1,1,0,0,0,12,-11,1,0
2017,29,651*A,Lupinus argenteus,50,180,-10,-10,8.5,5,0,0,0,1,7.5,1,0
2018,29,651*A,Lupinus argenteus,50,180,-10,-10,0,0,0,0,1,8.5,-8.5,0,0
2014,29,653*A,Lupinus argenteus,40,175,-10,-10,11,5,0,0,0,NA,NA,1,NA
2015,29,653*A,Lupinus argenteus,40,175,-10,-10,9,10,1,0,0,11,-2,1,0
2016,29,653*A,Lupinus argenteus,40,175,-10,-10,11,9,0,0,0,9,2,1,0
2017,29,653*A,Lupinus argenteus,40,175,-10,-10,0,0,0,0,1,11,-11,0,0
2014,29,654*A,Chaenactis douglasii,5,170,0,-10,7,3,3,0,0,NA,NA,1,NA
2015,29,654*A,Chaenactis douglasii,5,170,0,-10,8,3,3,0,0,7,1,1,0
2016,29,654*A,Chaenactis douglasii,5,170,0,-10,7,3.5,0,0,0,8,-1,1,0
2017,29,654*A,Chaenactis douglasii,5,170,0,-10,6,5,4,0,0,7,-1,1,0
2018,29,654*A,Chaenactis douglasii,5,170,0,-10,0,0,0,0,1,6,-6,0,0
2014,29,655*A,Eriogonum umbellatum,21,145,-10,-10,46,4,46,0,0,NA,NA,1,NA
2015,29,655*A,Eriogonum umbellatum,21,145,-10,-10,59,4,63,0,0,46,13,1,0
2016,29,655*A,Eriogonum umbellatum,21,145,-10,-10,57,4,71,0,0,59,-2,1,0
2017,29,655*A,Eriogonum umbellatum,21,145,-10,-10,49,4,84,0,0,57,-8,1,0
2018,29,655*A,Eriogonum umbellatum,21,145,-10,-10,55,3,20,0,0,49,6,1,0
2019,29,655*A,Eriogonum umbellatum,21,145,-10,-10,59,5.5,67,0,0,55,4,1,0
2020,29,655*A,Eriogonum umbellatum,21,145,-10,-10,60,4,26,0,0,59,1,1,0
2021,29,655*A,Eriogonum umbellatum,21,145,-10,-10,53,3,56,0,0,60,-7,1,0
2014,29,656*A,Elymus lanceolatus,15,159,-10,-10,12,22,6,0,0,NA,NA,1,NA
2015,29,656*A,Elymus lanceolatus,15,159,-10,-10,22,14,1,0,0,12,10,1,0
2016,29,656*A,Elymus lanceolatus,15,159,-10,-10,14,23,4,0,0,22,-8,1,0
2017,29,656*A,Elymus lanceolatus,15,159,-10,-10,16,22,1,0,0,14,2,1,0
2018,29,656*A,Elymus lanceolatus,15,159,-10,-10,14,21,5,0,0,16,-2,1,0
2019,29,656*A,Elymus lanceolatus,15,159,-10,-10,17,27,2,0,0,14,3,1,0
2020,29,656*A,Elymus lanceolatus,15,159,-10,-10,20,17,1,0,0,17,3,1,0
2021,29,656*A,Elymus lanceolatus,15,159,-10,-10,15.5,23,4,0,0,20,-4.5,1,0
2014,29,657*A,Elymus lanceolatus,19,167,-10,-10,8,10,0,0,0,NA,NA,1,NA
2015,29,657*A,Elymus lanceolatus,19,167,-10,-10,13,12,0,0,0,8,5,1,0
2016,29,657*A,Elymus lanceolatus,19,167,-10,-10,13,20,5,0,0,13,0,1,0
2017,29,657*A,Elymus lanceolatus,19,167,-10,-10,21,22,1,0,0,13,8,1,0
2018,29,657*A,Elymus lanceolatus,19,167,-10,-10,18,21,5,0,0,21,-3,1,0
2019,29,657*A,Elymus lanceolatus,19,167,-10,-10,25,24,8,0,0,18,7,1,0
2020,29,657*A,Elymus lanceolatus,19,167,-10,-10,9,7,0,0,0,25,-16,1,0
2021,29,657*A,Elymus lanceolatus,19,167,-10,-10,9,7,0,0,0,9,0,1,0
2014,29,658*A,Elymus lanceolatus,15,175,-10,-10,3,6,0,0,0,NA,NA,1,NA
2015,29,658*A,Elymus lanceolatus,15,175,-10,-10,6,4,0,0,0,3,3,1,0
2016,29,658*A,Elymus lanceolatus,15,175,-10,-10,4,7,0,0,0,6,-2,1,0
2017,29,658*A,Elymus lanceolatus,15,175,-10,-10,3,4,0,0,0,4,-1,1,0
2018,29,658*A,Elymus lanceolatus,15,175,-10,-10,5,6,0,0,0,3,2,1,0
2019,29,658*A,Elymus lanceolatus,15,175,-10,-10,0,0,0,0,1,5,-5,0,0
2014,29,659*A,Elymus lanceolatus,25,155,-1,5,5,10,0,0,0,NA,NA,1,NA
2015,29,659*A,Elymus lanceolatus,25,155,-1,5,5,10,0,0,0,5,0,1,0
2016,29,659*A,Elymus lanceolatus,25,155,-1,5,12,20,2,0,0,5,7,1,0
2017,29,659*A,Elymus lanceolatus,25,155,-1,5,6,13,0,0,0,12,-6,1,0
2018,29,659*A,Elymus lanceolatus,25,155,-1,5,3,17,0,0,0,6,-3,1,0
2019,29,659*A,Elymus lanceolatus,25,155,-1,5,8,14,0,0,0,3,5,1,0
2020,29,659*A,Elymus lanceolatus,25,155,-1,5,14.5,10.5,0,0,0,8,6.5,1,0
2021,29,659*A,Elymus lanceolatus,25,155,-1,5,13,19.5,2,0,0,14.5,-1.5,1,0
2014,29,660*A,Elymus lanceolatus,30,165,-10,-10,6,8,0,0,0,NA,NA,1,NA
2015,29,660*A,Elymus lanceolatus,30,165,-10,-10,9,13,0,0,0,6,3,1,0
2016,29,660*A,Elymus lanceolatus,30,165,-10,-10,22,13,1,0,0,9,13,1,0
2017,29,660*A,Elymus lanceolatus,30,165,-10,-10,18,15,0,0,0,22,-4,1,0
2018,29,660*A,Elymus lanceolatus,30,165,-10,-10,26,16.5,2,0,0,18,8,1,0
2019,29,660*A,Elymus lanceolatus,30,165,-10,-10,18,21,4,0,0,26,-8,1,0
2020,29,660*A,Elymus lanceolatus,30,165,-10,-10,16.5,11,1,0,0,18,-1.5,1,0
2021,29,660*A,Elymus lanceolatus,30,165,-10,-10,19,23,6,0,0,16.5,2.5,1,0
2014,30,661*A,Elymus lanceolatus,39,99,-10,-10,13,22,9,0,0,NA,NA,1,NA
2015,30,661*A,Elymus lanceolatus,39,99,-10,-10,27,19,8,0,0,13,14,1,0
2016,30,661*A,Elymus lanceolatus,39,99,-10,-10,26,32,12,0,0,27,-1,1,0
2017,30,661*A,Elymus lanceolatus,39,99,-10,-10,32,25,19,0,0,26,6,1,0
2018,30,661*A,Elymus lanceolatus,39,99,-10,-10,21,26,19,0,0,32,-11,1,0
2019,30,661*A,Elymus lanceolatus,39,99,-10,-10,28,20,6,0,0,21,7,1,0
2020,30,661*A,Elymus lanceolatus,39,99,-10,-10,26,19,3,0,0,28,-2,1,0
2021,30,661*A,Elymus lanceolatus,39,99,-10,-10,26,15,3,0,0,26,0,1,0
2014,31,662*A,Phacelia hastata,42,79,-10,-10,10,4,3,0,0,NA,NA,1,NA
2015,31,662*A,Phacelia hastata,42,79,-10,-10,13,3,1,0,0,10,3,1,0
2016,31,662*A,Phacelia hastata,42,79,-10,-10,22,6,6,0,0,13,9,1,0
2017,31,662*A,Phacelia hastata,42,79,-10,-10,20,8,6,0,0,22,-2,1,0
2018,31,662*A,Phacelia hastata,42,79,-10,-10,16,5,0,0,0,20,-4,1,0
2019,31,662*A,Phacelia hastata,42,79,-10,-10,0,0,0,0,1,16,-16,0,0
2014,31,663*A,Eriogonum umbellatum,115,25,-47,-10,98,3,133,0,0,NA,NA,1,NA
2015,31,663*A,Eriogonum umbellatum,115,25,-47,-10,112,5,77,0,0,98,14,1,0
2016,31,663*A,Eriogonum umbellatum,115,25,-47,-10,112,6,168,0,0,112,0,1,0
2017,31,663*A,Eriogonum umbellatum,115,25,-47,-10,99,5,94,0,0,112,-13,1,0
2018,31,663*A,Eriogonum umbellatum,115,25,-47,-10,85,4,92,0,0,99,-14,1,0
2019,31,663*A,Eriogonum umbellatum,115,25,-47,-10,88,5.5,8,0,0,85,3,1,0
2020,31,663*A,Eriogonum umbellatum,115,25,-47,-10,90,4,53,0,0,88,2,1,0
2021,31,663*A,Eriogonum umbellatum,115,25,-47,-10,90.5,3,20,0,0,90,0.5,1,0
2014,31,664*A,Achnatherum lettermanii,102,24,-10,-10,9,19,0,0,0,NA,NA,1,NA
2015,31,664*A,Achnatherum lettermanii,102,24,-10,-10,16,21,0,0,0,9,7,1,0
2016,31,664*A,Achnatherum lettermanii,102,24,-10,-10,23,22,41,0,0,16,7,1,0
2017,31,664*A,Achnatherum lettermanii,102,24,-10,-10,25,23,27,0,0,23,2,1,0
2018,31,664*A,Achnatherum lettermanii,102,24,-10,-10,21,19.5,11,0,0,25,-4,1,0
2019,31,664*A,Achnatherum lettermanii,102,24,-10,-10,17.5,13.5,0,0,0,21,-3.5,1,0
2020,31,664*A,Achnatherum lettermanii,102,24,-10,-10,24,21.5,6,0,0,17.5,6.5,1,0
2021,31,664*A,Achnatherum lettermanii,102,24,-10,-10,22,21,47,0,0,24,-2,1,0
2014,31,665*A,Achnatherum lettermanii,102,14,-10,-10,6,9,0,0,0,NA,NA,1,NA
2015,31,665*A,Achnatherum lettermanii,102,14,-10,-10,10,11,0,0,0,6,4,1,0
2016,31,665*A,Achnatherum lettermanii,102,14,-10,-10,14,13,4,0,0,10,4,1,0
2017,31,665*A,Achnatherum lettermanii,102,14,-10,-10,11,11,2,0,0,14,-3,1,0
2018,31,665*A,Achnatherum lettermanii,102,14,-10,-10,11,11,0,0,0,11,0,1,0
2019,31,665*A,Achnatherum lettermanii,102,14,-10,-10,7.5,7,0,0,0,11,-3.5,1,0
2020,31,665*A,Achnatherum lettermanii,102,14,-10,-10,0,0,0,0,1,7.5,-7.5,0,0
2014,31,666*A,Elymus lanceolatus,131,30,-10,-10,2,13,0,0,0,NA,NA,1,NA
2015,31,666*A,Elymus lanceolatus,131,30,-10,-10,2,13,0,0,0,2,0,1,0
2016,31,666*A,Elymus lanceolatus,131,30,-10,-10,3,15,1,0,0,2,1,1,0
2017,31,666*A,Elymus lanceolatus,131,30,-10,-10,0,0,0,0,1,3,-3,0,0
2014,31,667*A,Elymus lanceolatus,115,33,0,-5,2,12,0,0,0,NA,NA,1,NA
2015,31,667*A,Elymus lanceolatus,115,33,0,-5,8,13,0,0,0,2,6,1,0
2016,31,667*A,Elymus lanceolatus,115,33,0,-5,8,14,2,0,0,8,0,1,0
2017,31,667*A,Elymus lanceolatus,115,33,0,-5,10,16,1,0,0,8,2,1,0
2018,31,667*A,Elymus lanceolatus,115,33,0,-5,6,10,0,0,0,10,-4,1,0
2019,31,667*A,Elymus lanceolatus,115,33,0,-5,11,10,0,0,0,6,5,1,0
2020,31,667*A,Elymus lanceolatus,115,33,0,-5,6.5,10,0,0,0,11,-4.5,1,0
2021,31,667*A,Elymus lanceolatus,115,33,0,-5,15.5,11.5,0,0,0,6.5,9,1,0
2014,31,668*A,Elymus lanceolatus,115,39,3,10,2,11,0,0,0,NA,NA,1,NA
2015,31,668*A,Elymus lanceolatus,115,39,3,10,7,13,0,0,0,2,5,1,0
2016,31,668*A,Elymus lanceolatus,115,39,3,10,16,33,1,0,0,7,9,1,0
2017,31,668*A,Elymus lanceolatus,115,39,3,10,19,14,1,0,0,16,3,1,0
2018,31,668*A,Elymus lanceolatus,115,39,3,10,17,12,0,0,0,19,-2,1,0
2019,31,668*A,Elymus lanceolatus,115,39,3,10,10,25.5,1,0,0,17,-7,1,0
2020,31,668*A,Elymus lanceolatus,115,39,3,10,8.5,15.5,0,0,0,10,-1.5,1,0
2021,31,668*A,Elymus lanceolatus,115,39,3,10,5.5,12,0,0,0,8.5,-3,1,0
2014,31,669*A,Elymus lanceolatus,135,37,0,10,2,11,1,0,0,NA,NA,1,NA
2015,31,669*A,Elymus lanceolatus,135,37,0,10,4,13,0,0,1,2,2,0,0
2014,8,67*A,Phacelia hastata,170,195,-10,-10,14,4,6,0,0,NA,NA,1,NA
2015,8,67*A,Phacelia hastata,170,195,-10,-10,23,5,11,0,0,14,9,1,0
2016,8,67*A,Phacelia hastata,170,195,-10,-10,26,7,48,0,0,23,3,1,0
2017,8,67*A,Phacelia hastata,170,195,-10,-10,28,8,18,0,0,26,2,1,0
2018,8,67*A,Phacelia hastata,170,195,-10,-10,0,0,0,0,1,28,-28,0,0
2014,31,670*A,Elymus lanceolatus,119,35,0,10,6,10,0,0,0,NA,NA,1,NA
2015,31,670*A,Elymus lanceolatus,119,35,0,10,11,14,0,0,0,6,5,1,0
2016,31,670*A,Elymus lanceolatus,119,35,0,10,18,22,12,0,0,11,7,1,0
2017,31,670*A,Elymus lanceolatus,119,35,0,10,19,14,2,0,0,18,1,1,0
2018,31,670*A,Elymus lanceolatus,119,35,0,10,20,18,4,0,0,19,1,1,0
2019,31,670*A,Elymus lanceolatus,119,35,0,10,22.5,23,14,0,0,20,2.5,1,0
2020,31,670*A,Elymus lanceolatus,119,35,0,10,19,22.5,3,0,0,22.5,-3.5,1,0
2021,31,670*A,Elymus lanceolatus,119,35,0,10,10.5,24.5,1,0,0,19,-8.5,1,0
2014,31,671*A,Elymus lanceolatus,150,18,-10,-10,6,13,1,0,0,NA,NA,1,NA
2015,31,671*A,Elymus lanceolatus,150,18,-10,-10,14,18,1,0,1,6,8,0,0
2014,31,672*A,Elymus lanceolatus,133,16,-10,-10,7,17,1,0,0,NA,NA,1,NA
2015,31,672*A,Elymus lanceolatus,133,16,-10,-10,16,16,2,0,0,7,9,1,0
2016,31,672*A,Elymus lanceolatus,133,16,-10,-10,24.5,32,36,0,0,16,8.5,1,0
2017,31,672*A,Elymus lanceolatus,133,16,-10,-10,33,29,19,0,0,24.5,8.5,1,0
2018,31,672*A,Elymus lanceolatus,133,16,-10,-10,37,26.5,22,0,0,33,4,1,0
2019,31,672*A,Elymus lanceolatus,133,16,-10,-10,36,25,16,0,0,37,-1,1,0
2020,31,672*A,Elymus lanceolatus,133,16,-10,-10,29,20,1,0,0,36,-7,1,0
2021,31,672*A,Elymus lanceolatus,133,16,-10,-10,19,19,2,0,0,29,-10,1,0
2014,31,673*A,Elymus lanceolatus,156,10,-10,-10,2,9,0,0,0,NA,NA,1,NA
2015,31,673*A,Elymus lanceolatus,156,10,-10,-10,7,20,1,0,1,2,5,0,0
2014,31,674*A,Elymus lanceolatus,163,3,10,0,3,16,1,0,0,NA,NA,1,NA
2015,31,674*A,Elymus lanceolatus,163,3,10,0,11,15,0,0,0,3,8,1,0
2016,31,674*A,Elymus lanceolatus,163,3,10,0,25,23,4,0,0,11,14,1,0
2017,31,674*A,Elymus lanceolatus,163,3,10,0,22,17,4,0,0,25,-3,1,0
2018,31,674*A,Elymus lanceolatus,163,3,10,0,4,11.5,0,0,0,22,-18,1,0
2019,31,674*A,Elymus lanceolatus,163,3,10,0,4.5,8,0,0,0,4,0.5,1,0
2020,31,674*A,Elymus lanceolatus,163,3,10,0,0,0,0,0,1,4.5,-4.5,0,0
2014,31,675*A,Elymus lanceolatus,156,25,0,10,6,14,1,0,0,NA,NA,1,NA
2015,31,675*A,Elymus lanceolatus,156,25,0,10,10,14,1,0,1,6,4,0,0
2014,31,676*A,Elymus lanceolatus,157,21,10,10,7,17,1,0,0,NA,NA,1,NA
2015,31,676*A,Elymus lanceolatus,157,21,10,10,3,9,0,0,1,7,-4,0,0
2014,31,677*A,Eriogonum umbellatum,50,195,-10,-10,34,3,9,0,0,NA,NA,1,NA
2015,31,677*A,Eriogonum umbellatum,50,195,-10,-10,36,3.5,9,0,0,34,2,1,0
2016,31,677*A,Eriogonum umbellatum,50,195,-10,-10,35,2,9,0,0,36,-1,1,0
2017,31,677*A,Eriogonum umbellatum,50,195,-10,-10,37,2,3,0,0,35,2,1,0
2018,31,677*A,Eriogonum umbellatum,50,195,-10,-10,12,2,0,0,0,37,-25,1,0
2019,31,677*A,Eriogonum umbellatum,50,195,-10,-10,12,3.5,1,0,0,12,0,1,0
2020,31,677*A,Eriogonum umbellatum,50,195,-10,-10,2,1,0,0,0,12,-10,1,0
2021,31,677*A,Eriogonum umbellatum,50,195,-10,-10,0.6,0.5,0,0,0,2,-1.4,1,0
2014,31,678*A,Achnatherum lettermanii,38,196,-10,-10,4,4,0,0,0,NA,NA,1,NA
2015,31,678*A,Achnatherum lettermanii,38,196,-10,-10,9,8,0,0,0,4,5,1,0
2016,31,678*A,Achnatherum lettermanii,38,196,-10,-10,9,12,4,0,0,9,0,1,0
2017,31,678*A,Achnatherum lettermanii,38,196,-10,-10,18,18,23,0,0,9,9,1,0
2018,31,678*A,Achnatherum lettermanii,38,196,-10,-10,12,9,12,0,0,18,-6,1,0
2019,31,678*A,Achnatherum lettermanii,38,196,-10,-10,0,0,0,0,1,12,-12,0,0
2014,31,679*A,Achnatherum lettermanii,30,160,-10,-10,9,8,0,0,0,NA,NA,1,NA
2015,31,679*A,Achnatherum lettermanii,30,160,-10,-10,11,8,0,0,0,9,2,1,0
2016,31,679*A,Achnatherum lettermanii,30,160,-10,-10,18,17,8,0,0,11,7,1,0
2017,31,679*A,Achnatherum lettermanii,30,160,-10,-10,22,17,17,0,0,18,4,1,0
2018,31,679*A,Achnatherum lettermanii,30,160,-10,-10,13,6,0,0,0,22,-9,1,0
2019,31,679*A,Achnatherum lettermanii,30,160,-10,-10,0,0,0,0,1,13,-13,0,0
2014,8,68*A,Lupinus argenteus,160,180,-10,-10,19,14,0,0,0,NA,NA,1,NA
2015,8,68*A,Lupinus argenteus,160,180,-10,-10,32,15,0,0,0,19,13,1,0
2016,8,68*A,Lupinus argenteus,160,180,-10,-10,0,0,0,0,1,32,-32,0,0
2014,31,680*A,Eriogonum umbellatum,55,150,-10,-10,30,4,2,0,0,NA,NA,1,NA
2015,31,680*A,Eriogonum umbellatum,55,150,-10,-10,31,3,3,0,0,30,1,1,0
2016,31,680*A,Eriogonum umbellatum,55,150,-10,-10,32,2,3,0,0,31,1,1,0
2017,31,680*A,Eriogonum umbellatum,55,150,-10,-10,6,2,0,0,0,32,-26,1,0
2018,31,680*A,Eriogonum umbellatum,55,150,-10,-10,0,0,0,0,1,6,-6,0,0
2014,32,681*A,Lupinus argenteus,23,28,-10,-10,6,4,0,0,0,NA,NA,1,NA
2015,32,681*A,Lupinus argenteus,23,28,-10,-10,11.5,5,0,0,0,6,5.5,1,0
2016,32,681*A,Lupinus argenteus,23,28,-10,-10,14,7,0,0,0,11.5,2.5,1,0
2017,32,681*A,Lupinus argenteus,23,28,-10,-10,22,9,0,0,0,14,8,1,0
2018,32,681*A,Lupinus argenteus,23,28,-10,-10,4.5,2.5,0,0,0,22,-17.5,1,0
2019,32,681*A,Lupinus argenteus,23,28,-10,-10,0,0,0,0,1,4.5,-4.5,0,0
2014,32,682*A,Ivesia gordonii,61,15,-10,-10,8,5,4,0,0,NA,NA,1,NA
2015,32,682*A,Ivesia gordonii,61,15,-10,-10,10.5,6,0,0,0,8,2.5,1,0
2016,32,682*A,Ivesia gordonii,61,15,-10,-10,12,5,4,0,0,10.5,1.5,1,0
2017,32,682*A,Ivesia gordonii,61,15,-10,-10,0,0,0,0,1,12,-12,0,0
2014,32,683*A,Eriogonum umbellatum,101,0,-5,-5,33,2,14,0,0,NA,NA,1,NA
2015,32,683*A,Eriogonum umbellatum,101,0,-5,-5,34,2.5,22,0,0,33,1,1,0
2016,32,683*A,Eriogonum umbellatum,101,0,-5,-5,33,2,10,0,0,34,-1,1,0
2017,32,683*A,Eriogonum umbellatum,101,0,-5,-5,35,2,8,0,0,33,2,1,0
2018,32,683*A,Eriogonum umbellatum,101,0,-5,-5,28,3,1,0,0,35,-7,1,0
2019,32,683*A,Eriogonum umbellatum,101,0,-5,-5,9.5,4,2,0,0,28,-18.5,1,0
2020,32,683*A,Eriogonum umbellatum,101,0,-5,-5,8,2,0,0,0,9.5,-1.5,1,0
2021,32,683*A,Eriogonum umbellatum,101,0,-5,-5,7.5,3.5,0,0,0,8,-0.5,1,0
2014,32,684*A,Ivesia gordonii,87,19,-10,-10,6,3,1,0,0,NA,NA,1,NA
2015,32,684*A,Ivesia gordonii,87,19,-10,-10,1.5,1.5,0,0,0,6,-4.5,1,0
2016,32,684*A,Ivesia gordonii,87,19,-10,-10,1.5,2,0,0,0,1.5,0,1,0
2017,32,684*A,Ivesia gordonii,87,19,-10,-10,6,2,1,0,0,1.5,4.5,1,0
2018,32,684*A,Ivesia gordonii,87,19,-10,-10,6.5,2,2,0,0,6,0.5,1,0
2019,32,684*A,Ivesia gordonii,87,19,-10,-10,9.5,5,3,0,0,6.5,3,1,0
2020,32,684*A,Ivesia gordonii,87,19,-10,-10,9.5,3,0,0,0,9.5,0,1,0
2021,32,684*A,Ivesia gordonii,87,19,-10,-10,11,2,0,0,0,9.5,1.5,1,0
2014,32,685*A,Ivesia gordonii,137,0,-10,0,5,2,0,0,0,NA,NA,1,NA
2015,32,685*A,Ivesia gordonii,137,0,-10,0,7.5,4,3,0,0,5,2.5,1,0
2016,32,685*A,Ivesia gordonii,137,0,-10,0,8,4,2,0,0,7.5,0.5,1,0
2017,32,685*A,Ivesia gordonii,137,0,-10,0,8,3,1,0,0,8,0,1,0
2018,32,685*A,Ivesia gordonii,137,0,-10,0,7,3.5,1,0,0,8,-1,1,0
2019,32,685*A,Ivesia gordonii,137,0,-10,0,9.5,5,3,0,0,7,2.5,1,0
2020,32,685*A,Ivesia gordonii,137,0,-10,0,11.5,5.5,2,0,0,9.5,2,1,0
2021,32,685*A,Ivesia gordonii,137,0,-10,0,0,0,0,0,0,11.5,-11.5,1,0
2014,32,686*A,Eriogonum umbellatum,121,71,-10,-10,28,3,21,0,0,NA,NA,1,NA
2015,32,686*A,Eriogonum umbellatum,121,71,-10,-10,31,3,33,0,0,28,3,1,0
2016,32,686*A,Eriogonum umbellatum,121,71,-10,-10,37,3,34,0,0,31,6,1,0
2017,32,686*A,Eriogonum umbellatum,121,71,-10,-10,38,2,29,0,0,37,1,1,0
2018,32,686*A,Eriogonum umbellatum,121,71,-10,-10,35,2.5,45,0,0,38,-3,1,0
2019,32,686*A,Eriogonum umbellatum,121,71,-10,-10,37.5,9,20,0,0,35,2.5,1,0
2020,32,686*A,Eriogonum umbellatum,121,71,-10,-10,40,3,43,0,0,37.5,2.5,1,0
2021,32,686*A,Eriogonum umbellatum,121,71,-10,-10,40,2.5,54,0,0,40,0,1,0
2014,32,687*A,Ivesia gordonii,175,85,-10,-10,16,4,2,0,0,NA,NA,1,NA
2015,32,687*A,Ivesia gordonii,175,85,-10,-10,15,5,23,0,0,16,-1,1,0
2016,32,687*A,Ivesia gordonii,175,85,-10,-10,11.5,4,15,0,0,15,-3.5,1,0
2017,32,687*A,Ivesia gordonii,175,85,-10,-10,0,0,0,0,1,11.5,-11.5,0,0
2014,32,688*A,Ivesia gordonii,125,146,-10,-10,10,4,0,0,0,NA,NA,1,NA
2015,32,688*A,Ivesia gordonii,125,146,-10,-10,10,4,0,0,0,10,0,1,0
2016,32,688*A,Ivesia gordonii,125,146,-10,-10,14,5,3,0,0,10,4,1,0
2017,32,688*A,Ivesia gordonii,125,146,-10,-10,7,5,1,0,0,14,-7,1,0
2018,32,688*A,Ivesia gordonii,125,146,-10,-10,11.5,4,1,0,0,7,4.5,1,0
2019,32,688*A,Ivesia gordonii,125,146,-10,-10,13.5,5.5,3,0,0,11.5,2,1,0
2020,32,688*A,Ivesia gordonii,125,146,-10,-10,16,7,7,0,0,13.5,2.5,1,0
2021,32,688*A,Ivesia gordonii,125,146,-10,-10,0,0,0,0,0,16,-16,1,0
2014,32,689*A,Ivesia gordonii,120,160,-10,-10,7,3,0,0,0,NA,NA,1,NA
2015,32,689*A,Ivesia gordonii,120,160,-10,-10,11,4,2,0,0,7,4,1,0
2016,32,689*A,Ivesia gordonii,120,160,-10,-10,11,4,6,0,0,11,0,1,0
2017,32,689*A,Ivesia gordonii,120,160,-10,-10,10.5,6,1,0,0,11,-0.5,1,0
2018,32,689*A,Ivesia gordonii,120,160,-10,-10,11.5,4,0,0,0,10.5,1,1,0
2019,32,689*A,Ivesia gordonii,120,160,-10,-10,13.5,6,6,0,0,11.5,2,1,0
2020,32,689*A,Ivesia gordonii,120,160,-10,-10,15,6,4,0,0,13.5,1.5,1,0
2021,32,689*A,Ivesia gordonii,120,160,-10,-10,0,0,0,0,0,15,-15,1,0
2014,8,69*A,Lupinus argenteus,180,175,0,10,12,9,0,0,0,NA,NA,1,NA
2015,8,69*A,Lupinus argenteus,180,175,0,10,12,12,0,0,0,12,0,1,0
2016,8,69*A,Lupinus argenteus,180,175,0,10,0,0,0,0,1,12,-12,0,0
2014,32,690*A,Ivesia gordonii,40,140,-10,-10,6,3,0,0,0,NA,NA,1,NA
2015,32,690*A,Ivesia gordonii,40,140,-10,-10,8.5,4,1,0,0,6,2.5,1,0
2016,32,690*A,Ivesia gordonii,40,140,-10,-10,9,5.5,0,0,0,8.5,0.5,1,0
2017,32,690*A,Ivesia gordonii,40,140,-10,-10,0,0,0,0,1,9,-9,0,0
2014,32,691*A,Ivesia gordonii,25,75,-10,-10,5,3,0,0,0,NA,NA,1,NA
2015,32,691*A,Ivesia gordonii,25,75,-10,-10,6,4,0,0,0,5,1,1,0
2016,32,691*A,Ivesia gordonii,25,75,-10,-10,10,5,3,0,0,6,4,1,0
2017,32,691*A,Ivesia gordonii,25,75,-10,-10,0,0,0,0,1,10,-10,0,0
2014,33,692*A,Eriogonum umbellatum,21,47,-16,-25,64,4,87,0,0,NA,NA,1,NA
2015,33,692*A,Eriogonum umbellatum,21,47,-16,-25,76,5,78,0,0,64,12,1,0
2016,33,692*A,Eriogonum umbellatum,21,47,-16,-25,78,3,115,0,0,76,2,1,0
2017,33,692*A,Eriogonum umbellatum,21,47,-16,-25,78,3,91,0,0,78,0,1,0
2018,33,692*A,Eriogonum umbellatum,21,47,-16,-25,70,5,138,0,0,78,-8,1,0
2019,33,692*A,Eriogonum umbellatum,21,47,-16,-25,69,9,77,0,0,70,-1,1,0
2020,33,692*A,Eriogonum umbellatum,21,47,-16,-25,71,4,93,0,0,69,2,1,0
2021,33,692*A,Eriogonum umbellatum,21,47,-16,-25,70.5,4.5,112,0,0,71,-0.5,1,0
2014,33,693*A,Agoseris glauca,5,40,-10,-10,8,8,1,0,0,NA,NA,1,NA
2015,33,693*A,Agoseris glauca,5,40,-10,-10,0,0,0,0,0,8,-8,1,0
2016,33,693*A,Agoseris glauca,5,40,-10,-10,10,6,0,0,0,0,10,1,0
2017,33,693*A,Agoseris glauca,5,40,-10,-10,3,4,0,0,0,10,-7,1,0
2018,33,693*A,Agoseris glauca,5,40,-10,-10,0,0,0,0,1,3,-3,0,0
2014,33,694*A,Ivesia gordonii,25,25,-10,-10,2,2,0,0,0,NA,NA,1,NA
2015,33,694*A,Ivesia gordonii,25,25,-10,-10,0,0,0,0,1,2,-2,0,0
2014,33,695*A,Achnatherum lettermanii,25,46,-10,-10,9,13,0,0,0,NA,NA,1,NA
2015,33,695*A,Achnatherum lettermanii,25,46,-10,-10,14,16,0,0,0,9,5,1,0
2016,33,695*A,Achnatherum lettermanii,25,46,-10,-10,12,15,14,0,0,14,-2,1,0
2017,33,695*A,Achnatherum lettermanii,25,46,-10,-10,19,14,0,0,0,12,7,1,0
2018,33,695*A,Achnatherum lettermanii,25,46,-10,-10,18,8,2,0,0,19,-1,1,0
2019,33,695*A,Achnatherum lettermanii,25,46,-10,-10,12.5,9.5,0,0,0,18,-5.5,1,0
2020,33,695*A,Achnatherum lettermanii,25,46,-10,-10,11,13,0,0,0,12.5,-1.5,1,0
2021,33,695*A,Achnatherum lettermanii,25,46,-10,-10,10.5,9,0,0,0,11,-0.5,1,0
2014,33,696*A,Heterotheca villosa,53,43,-10,-10,9,6,0,0,0,NA,NA,1,NA
2015,33,696*A,Heterotheca villosa,53,43,-10,-10,9,5,2,0,0,9,0,1,0
2016,33,696*A,Heterotheca villosa,53,43,-10,-10,7,9,2,0,0,9,-2,1,0
2017,33,696*A,Heterotheca villosa,53,43,-10,-10,11,7,7,0,0,7,4,1,0
2018,33,696*A,Heterotheca villosa,53,43,-10,-10,0,0,0,0,1,11,-11,0,0
2014,33,697*A,Ivesia gordonii,58,20,-10,-10,13,5,9,0,0,NA,NA,1,NA
2015,33,697*A,Ivesia gordonii,58,20,-10,-10,15,5,10,0,0,13,2,1,0
2016,33,697*A,Ivesia gordonii,58,20,-10,-10,14,5,8,0,0,15,-1,1,0
2017,33,697*A,Ivesia gordonii,58,20,-10,-10,0,0,0,0,1,14,-14,0,0
2014,33,698*A,Ivesia gordonii,80,75,-10,-10,10,5,3,0,0,NA,NA,1,NA
2015,33,698*A,Ivesia gordonii,80,75,-10,-10,13,5,16,0,0,10,3,1,0
2016,33,698*A,Ivesia gordonii,80,75,-10,-10,15,6,15,0,0,13,2,1,0
2017,33,698*A,Ivesia gordonii,80,75,-10,-10,0,0,0,0,1,15,-15,0,0
2014,33,699*A,Ivesia gordonii,103,30,-10,-10,23,4,0,0,0,NA,NA,1,NA
2015,33,699*A,Ivesia gordonii,103,30,-10,-10,0,0,0,0,1,23,-23,0,0
2014,1,7*A,Ivesia gordonii,198,25,-10,-10,9,3,1,0,0,NA,NA,1,NA
2015,1,7*A,Ivesia gordonii,198,25,-10,-10,13.5,8,2,0,0,9,4.5,1,0
2016,1,7*A,Ivesia gordonii,198,25,-10,-10,13.5,7.9,2,0,0,13.5,0,1,0
2017,1,7*A,Ivesia gordonii,198,25,-10,-10,0,0,0,0,1,13.5,-13.5,0,0
2014,8,70*A,Lupinus argenteus,170,170,-10,-10,22,14,0,0,0,NA,NA,1,NA
2015,8,70*A,Lupinus argenteus,170,170,-10,-10,25,13,0,0,0,22,3,1,0
2016,8,70*A,Lupinus argenteus,170,170,-10,-10,1,1,0,0,0,25,-24,1,0
2017,8,70*A,Lupinus argenteus,170,170,-10,-10,0,0,0,0,1,1,-1,0,0
2014,33,700*A,Ivesia gordonii,130,5,-10,0,6,4,0,0,0,NA,NA,1,NA
2015,33,700*A,Ivesia gordonii,130,5,-10,0,9,5,3,0,0,6,3,1,0
2016,33,700*A,Ivesia gordonii,130,5,-10,0,11,5,6,0,0,9,2,1,0
2017,33,700*A,Ivesia gordonii,130,5,-10,0,11,4,6,0,0,11,0,1,0
2018,33,700*A,Ivesia gordonii,130,5,-10,0,0,0,0,0,1,11,-11,0,0
2014,33,701*A,Eriogonum umbellatum,128,20,-10,-10,3,3,0,0,0,NA,NA,1,NA
2015,33,701*A,Eriogonum umbellatum,128,20,-10,-10,3,2,0,0,0,3,0,1,0
2016,33,701*A,Eriogonum umbellatum,128,20,-10,-10,0,0,0,0,1,3,-3,0,0
2014,33,702*A,Eriogonum umbellatum,132,5,10,0,4,3,0,0,0,NA,NA,1,NA
2015,33,702*A,Eriogonum umbellatum,132,5,10,0,0,0,0,0,1,4,-4,0,0
2014,33,703*A,Ivesia gordonii,145,35,-10,-10,13,4,2,0,0,NA,NA,1,NA
2015,33,703*A,Ivesia gordonii,145,35,-10,-10,0,0,0,0,1,13,-13,0,0
2014,33,704*A,Ivesia gordonii,140,45,-10,-10,6,4,3,0,0,NA,NA,1,NA
2015,33,704*A,Ivesia gordonii,140,45,-10,-10,8,6,0,0,0,6,2,1,0
2016,33,704*A,Ivesia gordonii,140,45,-10,-10,14,8,7,0,0,8,6,1,0
2017,33,704*A,Ivesia gordonii,140,45,-10,-10,14,6.5,3,0,1,14,0,0,0
2014,33,705*A,Ivesia gordonii,142,47,-5,-5,5,2,1,0,0,NA,NA,1,NA
2015,33,705*A,Ivesia gordonii,142,47,-5,-5,5,4,3,0,0,5,0,1,0
2016,33,705*A,Ivesia gordonii,142,47,-5,-5,10,5,1,0,0,5,5,1,0
2017,33,705*A,Ivesia gordonii,142,47,-5,-5,9,5,0,0,0,10,-1,1,0
2018,33,705*A,Ivesia gordonii,142,47,-5,-5,15,7,18,0,0,9,6,1,0
2019,33,705*A,Ivesia gordonii,142,47,-5,-5,17.5,13.5,13,0,0,15,2.5,1,0
2020,33,705*A,Ivesia gordonii,142,47,-5,-5,17,6.5,5,0,0,17.5,-0.5,1,0
2021,33,705*A,Ivesia gordonii,142,47,-5,-5,12,4,3,0,0,17,-5,1,0
2014,33,706*A,Lupinus argenteus,160,75,-10,-10,5,6,0,0,0,NA,NA,1,NA
2015,33,706*A,Lupinus argenteus,160,75,-10,-10,6,4.5,0,0,0,5,1,1,0
2016,33,706*A,Lupinus argenteus,160,75,-10,-10,0,0,0,0,1,6,-6,0,0
2014,33,707*A,Lupinus argenteus,175,85,-10,-10,13,9,0,0,0,NA,NA,1,NA
2015,33,707*A,Lupinus argenteus,175,85,-10,-10,14,8,1,0,0,13,1,1,0
2016,33,707*A,Lupinus argenteus,175,85,-10,-10,0,0,0,0,1,14,-14,0,0
2014,33,708*A,Lupinus argenteus,165,192,-10,-10,9,5,0,0,0,NA,NA,1,NA
2015,33,708*A,Lupinus argenteus,165,192,-10,-10,17,11,1,0,0,9,8,1,0
2016,33,708*A,Lupinus argenteus,165,192,-10,-10,14,9,0,0,0,17,-3,1,0
2017,33,708*A,Lupinus argenteus,165,192,-10,-10,0,0,0,0,1,14,-14,0,0
2014,33,709*A,Lupinus argenteus,166,100,-10,-10,9,5,0,0,0,NA,NA,1,NA
2015,33,709*A,Lupinus argenteus,166,100,-10,-10,18,14,2,0,0,9,9,1,0
2016,33,709*A,Lupinus argenteus,166,100,-10,-10,4,2,0,0,0,18,-14,1,0
2017,33,709*A,Lupinus argenteus,166,100,-10,-10,0.5,0.5,0,0,0,4,-3.5,1,0
2018,33,709*A,Lupinus argenteus,166,100,-10,-10,0,0,0,0,1,0.5,-0.5,0,0
2014,8,71*A,Lupinus argenteus,160,175,0,10,6,4,0,0,0,NA,NA,1,NA
2015,8,71*A,Lupinus argenteus,160,175,0,10,0,0,0,0,1,6,-6,0,0
2014,33,710*A,Lupinus argenteus,175,105,0,-10,11,13,1,0,0,NA,NA,1,NA
2015,33,710*A,Lupinus argenteus,175,105,0,-10,13,13,3,0,0,11,2,1,0
2016,33,710*A,Lupinus argenteus,175,105,0,-10,0,0,0,0,1,13,-13,0,0
2014,33,711*A,Lupinus argenteus,170,100,0,10,10,9,0,0,0,NA,NA,1,NA
2015,33,711*A,Lupinus argenteus,170,100,0,10,7,6,0,0,0,10,-3,1,0
2016,33,711*A,Lupinus argenteus,170,100,0,10,0,0,0,0,1,7,-7,0,0
2014,33,712*A,Lupinus argenteus,175,100,-10,-10,20,13,2,0,0,NA,NA,1,NA
2015,33,712*A,Lupinus argenteus,175,100,-10,-10,13,12,0,0,0,20,-7,1,0
2016,33,712*A,Lupinus argenteus,175,100,-10,-10,20,11,2,0,0,13,7,1,0
2017,33,712*A,Lupinus argenteus,175,100,-10,-10,17,4,0,0,0,20,-3,1,0
2018,33,712*A,Lupinus argenteus,175,100,-10,-10,0,0,0,0,1,17,-17,0,0
2014,33,713*A,Ivesia gordonii,175,102,0,10,8,3,1,0,0,NA,NA,1,NA
2015,33,713*A,Ivesia gordonii,175,102,0,10,0,0,0,0,1,8,-8,0,0
2014,33,714*A,Lupinus argenteus,185,105,10,10,26,15,1,0,0,NA,NA,1,NA
2015,33,714*A,Lupinus argenteus,185,105,10,10,14,12,3,0,0,26,-12,1,0
2016,33,714*A,Lupinus argenteus,185,105,10,10,5,3,0,0,0,14,-9,1,0
2017,33,714*A,Lupinus argenteus,185,105,10,10,0,0,0,0,1,5,-5,0,0
2014,33,715*A,Eriogonum umbellatum,175,84,-10,-10,9,2,1,0,0,NA,NA,1,NA
2015,33,715*A,Eriogonum umbellatum,175,84,-10,-10,11,2,3,0,0,9,2,1,0
2016,33,715*A,Eriogonum umbellatum,175,84,-10,-10,11,2,3,0,0,11,0,1,0
2017,33,715*A,Eriogonum umbellatum,175,84,-10,-10,12,2,2,0,0,11,1,1,0
2018,33,715*A,Eriogonum umbellatum,175,84,-10,-10,13.5,1.5,3,0,0,12,1.5,1,0
2019,33,715*A,Eriogonum umbellatum,175,84,-10,-10,15,4,5,0,0,13.5,1.5,1,0
2020,33,715*A,Eriogonum umbellatum,175,84,-10,-10,15,4,4,0,0,15,0,1,0
2021,33,715*A,Eriogonum umbellatum,175,84,-10,-10,17.5,2.5,3,0,0,15,2.5,1,0
2014,33,716*A,Eriogonum umbellatum,194,81,-5,-15,40,3,19,0,0,NA,NA,1,NA
2015,33,716*A,Eriogonum umbellatum,194,81,-5,-15,45,4,37,0,0,40,5,1,0
2016,33,716*A,Eriogonum umbellatum,194,81,-5,-15,55,4,31,0,0,45,10,1,0
2017,33,716*A,Eriogonum umbellatum,194,81,-5,-15,48,3,48,0,0,55,-7,1,0
2018,33,716*A,Eriogonum umbellatum,194,81,-5,-15,41,3,13,0,0,48,-7,1,0
2019,33,716*A,Eriogonum umbellatum,194,81,-5,-15,42.5,4.5,79,0,0,41,1.5,1,0
2020,33,716*A,Eriogonum umbellatum,194,81,-5,-15,44,4,24,0,0,42.5,1.5,1,0
2021,33,716*A,Eriogonum umbellatum,194,81,-5,-15,49,4,40,0,0,44,5,1,0
2014,33,717*A,Ivesia gordonii,196,76,-10,-10,8,4,2,0,0,NA,NA,1,NA
2015,33,717*A,Ivesia gordonii,196,76,-10,-10,15,4,20,0,0,8,7,1,0
2016,33,717*A,Ivesia gordonii,196,76,-10,-10,18,6,28,0,0,15,3,1,0
2017,33,717*A,Ivesia gordonii,196,76,-10,-10,19,8,13,0,0,18,1,1,0
2018,33,717*A,Ivesia gordonii,196,76,-10,-10,21,9,28,0,0,19,2,1,0
2019,33,717*A,Ivesia gordonii,196,76,-10,-10,22,11,25,0,0,21,1,1,0
2020,33,717*A,Ivesia gordonii,196,76,-10,-10,18,7,28,0,0,22,-4,1,0
2021,33,717*A,Ivesia gordonii,196,76,-10,-10,20.5,7.5,7,0,0,18,2.5,1,0
2014,33,718*A,Ivesia gordonii,145,110,-10,-10,11,2,1,0,0,NA,NA,1,NA
2015,33,718*A,Ivesia gordonii,145,110,-10,-10,0,0,0,0,1,11,-11,0,0
2014,33,719*A,Ivesia gordonii,120,100,-10,-10,10,4,7,0,0,NA,NA,1,NA
2015,33,719*A,Ivesia gordonii,120,100,-10,-10,0,0,0,0,1,10,-10,0,0
2014,8,72*A,Lupinus argenteus,165,160,-10,-10,27,13,0,0,0,NA,NA,1,NA
2015,8,72*A,Lupinus argenteus,165,160,-10,-10,24,12,0,0,0,27,-3,1,0
2016,8,72*A,Lupinus argenteus,165,160,-10,-10,0,0,0,0,1,24,-24,0,0
2014,33,720*A,Ivesia gordonii,145,75,-10,-10,0.5,0.5,0,1,0,NA,NA,1,1
2015,33,720*A,Ivesia gordonii,145,75,-10,-10,0,0,0,0,0,0.5,-0.5,1,0
2016,33,720*A,Ivesia gordonii,145,75,-10,-10,4,3,0,0,0,0,4,1,0
2017,33,720*A,Ivesia gordonii,145,75,-10,-10,0,0,0,0,1,4,-4,0,0
2014,33,721*A,Ivesia gordonii,125,120,-10,-10,12,3,1,0,0,NA,NA,1,NA
2015,33,721*A,Ivesia gordonii,125,120,-10,-10,9,3,3,0,0,12,-3,1,0
2016,33,721*A,Ivesia gordonii,125,120,-10,-10,10,5,1,0,0,9,1,1,0
2017,33,721*A,Ivesia gordonii,125,120,-10,-10,0,0,0,0,1,10,-10,0,0
2014,33,722*A,Ivesia gordonii,180,140,-10,-10,9,4,1,0,0,NA,NA,1,NA
2015,33,722*A,Ivesia gordonii,180,140,-10,-10,10,5,4,0,0,9,1,1,0
2016,33,722*A,Ivesia gordonii,180,140,-10,-10,0,0,0,0,1,10,-10,0,0
2014,33,723*A,Heterotheca villosa,175,180,-10,-10,46,10,45,0,0,NA,NA,1,NA
2015,33,723*A,Heterotheca villosa,175,180,-10,-10,52,9,37,0,0,46,6,1,0
2016,33,723*A,Heterotheca villosa,175,180,-10,-10,40,7,51,0,0,52,-12,1,0
2017,33,723*A,Heterotheca villosa,175,180,-10,-10,49,7,68,0,0,40,9,1,0
2018,33,723*A,Heterotheca villosa,175,180,-10,-10,0,0,0,0,1,49,-49,0,0
2014,33,724*A,Ivesia gordonii,127,197,-10,-10,4,3,0,0,0,NA,NA,1,NA
2015,33,724*A,Ivesia gordonii,127,197,-10,-10,8,5,1,0,0,4,4,1,0
2016,33,724*A,Ivesia gordonii,127,197,-10,-10,10,5,5,0,0,8,2,1,0
2017,33,724*A,Ivesia gordonii,127,197,-10,-10,10,4,4,0,0,10,0,1,0
2018,33,724*A,Ivesia gordonii,127,197,-10,-10,9.5,3,4,0,0,10,-0.5,1,0
2019,33,724*A,Ivesia gordonii,127,197,-10,-10,14,5.5,1,0,0,9.5,4.5,1,0
2020,33,724*A,Ivesia gordonii,127,197,-10,-10,18,5.5,5,0,0,14,4,1,0
2021,33,724*A,Ivesia gordonii,127,197,-10,-10,0,0,0,0,0,18,-18,1,0
2014,33,725*A,Ivesia gordonii,117,187,-10,-10,7,2,0,0,0,NA,NA,1,NA
2015,33,725*A,Ivesia gordonii,117,187,-10,-10,8,4,5,0,0,7,1,1,0
2016,33,725*A,Ivesia gordonii,117,187,-10,-10,11,5,7,0,0,8,3,1,0
2017,33,725*A,Ivesia gordonii,117,187,-10,-10,11,4,0,0,0,11,0,1,0
2018,33,725*A,Ivesia gordonii,117,187,-10,-10,18,5,13,0,0,11,7,1,0
2019,33,725*A,Ivesia gordonii,117,187,-10,-10,18,4.5,4,0,0,18,0,1,0
2020,33,725*A,Ivesia gordonii,117,187,-10,-10,17,6,9,0,0,18,-1,1,0
2021,33,725*A,Ivesia gordonii,117,187,-10,-10,0,0,0,0,0,17,-17,1,0
2014,33,726*A,Ivesia gordonii,120,165,-10,-10,6,2,4,0,0,NA,NA,1,NA
2015,33,726*A,Ivesia gordonii,120,165,-10,-10,8,2.5,4,0,0,6,2,1,0
2016,33,726*A,Ivesia gordonii,120,165,-10,-10,5,3,4,0,0,8,-3,1,0
2017,33,726*A,Ivesia gordonii,120,165,-10,-10,8,4,4,0,0,5,3,1,0
2018,33,726*A,Ivesia gordonii,120,165,-10,-10,0,0,0,0,1,8,-8,0,0
2014,33,727*A,Agoseris glauca,130,155,-10,-10,8,6,0,0,0,NA,NA,1,NA
2015,33,727*A,Agoseris glauca,130,155,-10,-10,5,4.5,1,0,0,8,-3,1,0
2016,33,727*A,Agoseris glauca,130,155,-10,-10,9,7,3,0,0,5,4,1,0
2017,33,727*A,Agoseris glauca,130,155,-10,-10,7,8,0,0,0,9,-2,1,0
2018,33,727*A,Agoseris glauca,130,155,-10,-10,0,0,0,0,1,7,-7,0,0
2014,33,728*A,Poa stenantha,128,155,-10,-10,9,7,0,0,0,NA,NA,1,NA
2015,33,728*A,Poa stenantha,128,155,-10,-10,8.5,9,0,0,0,9,-0.5,1,0
2016,33,728*A,Poa stenantha,128,155,-10,-10,16,12,1,0,0,8.5,7.5,1,0
2017,33,728*A,Poa stenantha,128,155,-10,-10,24,29,7,0,1,16,8,0,0
2014,33,729*A,Poa stenantha,125,146,-10,-10,12,11,0,0,0,NA,NA,1,NA
2015,33,729*A,Poa stenantha,125,146,-10,-10,14,15,0,0,0,12,2,1,0
2016,33,729*A,Poa stenantha,125,146,-10,-10,17,16,2,0,0,14,3,1,0
2017,33,729*A,Poa stenantha,125,146,-10,-10,22,28,5,0,0,17,5,1,0
2018,33,729*A,Poa stenantha,125,146,-10,-10,22,15,10,0,0,22,0,1,0
2019,33,729*A,Poa stenantha,125,146,-10,-10,6,6,0,0,0,22,-16,1,0
2020,33,729*A,Poa stenantha,125,146,-10,-10,0,0,0,0,1,6,-6,0,0
2014,8,73*A,Lupinus argenteus,165,150,-10,-10,13,6,0,0,0,NA,NA,1,NA
2015,8,73*A,Lupinus argenteus,165,150,-10,-10,16,7,0,0,0,13,3,1,0
2016,8,73*A,Lupinus argenteus,165,150,-10,-10,7.5,7,0,0,0,16,-8.5,1,0
2017,8,73*A,Lupinus argenteus,165,150,-10,-10,2.5,1.5,0,0,0,7.5,-5,1,0
2018,8,73*A,Lupinus argenteus,165,150,-10,-10,0,0,0,0,1,2.5,-2.5,0,0
2014,33,730*A,Poa stenantha,115,150,-10,-10,2,6,0,0,0,NA,NA,1,NA
2015,33,730*A,Poa stenantha,115,150,-10,-10,6,7,0,0,0,2,4,1,0
2016,33,730*A,Poa stenantha,115,150,-10,-10,7,8,0,0,0,6,1,1,0
2017,33,730*A,Poa stenantha,115,150,-10,-10,9,9,0,0,0,7,2,1,0
2018,33,730*A,Poa stenantha,115,150,-10,-10,0,0,0,0,1,9,-9,0,0
2014,33,731*A,Heterotheca villosa,114,144,-10,-10,33,5,2,0,0,NA,NA,1,NA
2015,33,731*A,Heterotheca villosa,114,144,-10,-10,32,4,2,0,0,33,-1,1,0
2016,33,731*A,Heterotheca villosa,114,144,-10,-10,36,9,19,0,0,32,4,1,0
2017,33,731*A,Heterotheca villosa,114,144,-10,-10,29,6,13,0,0,36,-7,1,0
2018,33,731*A,Heterotheca villosa,114,144,-10,-10,12,6.5,2,0,0,29,-17,1,0
2019,33,731*A,Heterotheca villosa,114,144,-10,-10,15,6,5,0,0,12,3,1,0
2020,33,731*A,Heterotheca villosa,114,144,-10,-10,11,6.5,5,0,0,15,-4,1,0
2021,33,731*A,Heterotheca villosa,114,144,-10,-10,19,8,7,0,0,11,8,1,0
2014,33,732*A,Eriogonum umbellatum,105,166,-30,-15,65,4,48,0,0,NA,NA,1,NA
2015,33,732*A,Eriogonum umbellatum,105,166,-30,-15,76,4,83,0,0,65,11,1,0
2016,33,732*A,Eriogonum umbellatum,105,166,-30,-15,101,5,46,0,0,76,25,1,0
2017,33,732*A,Eriogonum umbellatum,105,166,-30,-15,96,5,107,0,0,101,-5,1,0
2018,33,732*A,Eriogonum umbellatum,105,166,-30,-15,100,4,99,0,0,96,4,1,0
2019,33,732*A,Eriogonum umbellatum,105,166,-30,-15,95,10,119,0,0,100,-5,1,0
2020,33,732*A,Eriogonum umbellatum,105,166,-30,-15,93,5.5,69,0,0,95,-2,1,0
2021,33,732*A,Eriogonum umbellatum,105,166,-30,-15,89,4.5,66,0,0,93,-4,1,0
2014,33,733*A,Poa stenantha,135,135,-10,-10,5,11,0,0,0,NA,NA,1,NA
2015,33,733*A,Poa stenantha,135,135,-10,-10,9,13,0,0,0,5,4,1,0
2016,33,733*A,Poa stenantha,135,135,-10,-10,11,11,0,0,0,9,2,1,0
2017,33,733*A,Poa stenantha,135,135,-10,-10,13,14,0,0,0,11,2,1,0
2018,33,733*A,Poa stenantha,135,135,-10,-10,0,0,0,0,1,13,-13,0,0
2014,33,734*A,Poa stenantha,100,135,-10,-10,4,7,0,0,0,NA,NA,1,NA
2015,33,734*A,Poa stenantha,100,135,-10,-10,11,10,0,0,0,4,7,1,0
2016,33,734*A,Poa stenantha,100,135,-10,-10,9,10,0,0,0,11,-2,1,0
2017,33,734*A,Poa stenantha,100,135,-10,-10,16,10,0,0,0,9,7,1,0
2018,33,734*A,Poa stenantha,100,135,-10,-10,11,6,0,0,0,16,-5,1,0
2019,33,734*A,Poa stenantha,100,135,-10,-10,0,0,0,0,1,11,-11,0,0
2014,33,735*A,Eriogonum umbellatum,90,180,-15,5,60,3,19,0,0,NA,NA,1,NA
2015,33,735*A,Eriogonum umbellatum,90,180,-15,5,42,3,17,0,1,60,-18,0,0
2014,33,736*A,Elymus lanceolatus,92,186,-2,-5,4,8,0,0,0,NA,NA,1,NA
2015,33,736*A,Elymus lanceolatus,92,186,-2,-5,9,7,0,0,0,4,5,1,0
2016,33,736*A,Elymus lanceolatus,92,186,-2,-5,11,19,4,0,0,9,2,1,0
2017,33,736*A,Elymus lanceolatus,92,186,-2,-5,11,14,1,0,0,11,0,1,0
2018,33,736*A,Elymus lanceolatus,92,186,-2,-5,8,18,2,0,0,11,-3,1,0
2019,33,736*A,Elymus lanceolatus,92,186,-2,-5,4.5,11,0,0,0,8,-3.5,1,0
2020,33,736*A,Elymus lanceolatus,92,186,-2,-5,2.5,9,0,0,0,4.5,-2,1,0
2021,33,736*A,Elymus lanceolatus,92,186,-2,-5,3.5,8,0,0,0,2.5,1,1,0
2014,33,737*A,Elymus lanceolatus,91,190,-10,-10,7,6,0,0,0,NA,NA,1,NA
2015,33,737*A,Elymus lanceolatus,91,190,-10,-10,7,9,0,0,0,7,0,1,0
2016,33,737*A,Elymus lanceolatus,91,190,-10,-10,13,12,0,0,0,7,6,1,0
2017,33,737*A,Elymus lanceolatus,91,190,-10,-10,4,12,0,0,0,13,-9,1,0
2018,33,737*A,Elymus lanceolatus,91,190,-10,-10,8.5,13.5,1,0,0,4,4.5,1,0
2019,33,737*A,Elymus lanceolatus,91,190,-10,-10,2.5,8,0,0,0,8.5,-6,1,0
2020,33,737*A,Elymus lanceolatus,91,190,-10,-10,1.5,9,0,0,0,2.5,-1,1,0
2021,33,737*A,Elymus lanceolatus,91,190,-10,-10,2.5,7,0,0,0,1.5,1,1,0
2014,33,738*A,Eriogonum umbellatum,100,200,-10,-10,1,1,0,1,0,NA,NA,1,1
2015,33,738*A,Eriogonum umbellatum,100,200,-10,-10,0.7,0.9,0,0,0,1,-0.3,1,0
2016,33,738*A,Eriogonum umbellatum,100,200,-10,-10,0,0,0,0,1,0.7,-0.7,0,0
2014,33,739*A,Heterotheca villosa,70,200,-10,-10,25,8,18,0,0,NA,NA,1,NA
2015,33,739*A,Heterotheca villosa,70,200,-10,-10,48,7,8,0,0,25,23,1,0
2016,33,739*A,Heterotheca villosa,70,200,-10,-10,32,8,22,0,0,48,-16,1,0
2017,33,739*A,Heterotheca villosa,70,200,-10,-10,49,5,13,0,0,32,17,1,0
2018,33,739*A,Heterotheca villosa,70,200,-10,-10,0,0,0,0,1,49,-49,0,0
2014,8,74*A,Lupinus argenteus,175,150,10,0,32,16,0,0,0,NA,NA,1,NA
2015,8,74*A,Lupinus argenteus,175,150,10,0,5.5,3.5,0,0,0,32,-26.5,1,0
2016,8,74*A,Lupinus argenteus,175,150,10,0,0,0,0,0,1,5.5,-5.5,0,0
2017,33,740*A,Lupinus argenteus,80,190,-10,-10,12,9,1,0,0,NA,NA,1,1
2018,33,740*A,Lupinus argenteus,80,190,-10,-10,0,0,0,0,1,12,-12,0,0
2014,33,740-old*A,Lupinus argenteus,80,190,-10,-10,24,17,14,0,0,NA,NA,1,NA
2015,33,740-old*A,Lupinus argenteus,80,190,-10,-10,0,0,0,0,1,24,-24,0,0
2014,33,741*A,Lupinus argenteus,65,180,-10,-10,17,11,2,0,0,NA,NA,1,NA
2015,33,741*A,Lupinus argenteus,65,180,-10,-10,0,0,0,0,1,17,-17,0,0
2014,33,742*A,Lupinus argenteus,55,70,-10,-10,17,12,0,0,0,NA,NA,1,NA
2015,33,742*A,Lupinus argenteus,55,70,-10,-10,0,0,0,0,1,17,-17,0,0
2014,33,743*A,Lupinus argenteus,50,160,-10,-10,2,2,0,0,0,NA,NA,1,NA
2015,33,743*A,Lupinus argenteus,50,160,-10,-10,13,5,0,0,0,2,11,1,0
2016,33,743*A,Lupinus argenteus,50,160,-10,-10,7,4,0,0,0,13,-6,1,0
2017,33,743*A,Lupinus argenteus,50,160,-10,-10,2,1,0,0,0,7,-5,1,0
2018,33,743*A,Lupinus argenteus,50,160,-10,-10,0,0,0,0,1,2,-2,0,0
2014,33,744*A,Lupinus argenteus,60,150,-10,-10,11,8,0,0,0,NA,NA,1,NA
2015,33,744*A,Lupinus argenteus,60,150,-10,-10,3,1,0,0,0,11,-8,1,0
2016,33,744*A,Lupinus argenteus,60,150,-10,-10,0,0,0,0,1,3,-3,0,0
2014,33,745*A,Lupinus argenteus,65,150,-10,-10,12,12,1,0,0,NA,NA,1,NA
2015,33,745*A,Lupinus argenteus,65,150,-10,-10,6,6,0,0,0,12,-6,1,0
2016,33,745*A,Lupinus argenteus,65,150,-10,-10,0,0,0,0,1,6,-6,0,0
2014,33,746*A,Eriogonum umbellatum,32,178,-10,-10,29,4,8,0,0,NA,NA,1,NA
2015,33,746*A,Eriogonum umbellatum,32,178,-10,-10,30,4,17,0,0,29,1,1,0
2016,33,746*A,Eriogonum umbellatum,32,178,-10,-10,34,3,35,0,0,30,4,1,0
2017,33,746*A,Eriogonum umbellatum,32,178,-10,-10,34,4,28,0,0,34,0,1,0
2018,33,746*A,Eriogonum umbellatum,32,178,-10,-10,38,3,50,0,0,34,4,1,0
2019,33,746*A,Eriogonum umbellatum,32,178,-10,-10,40,7.5,44,0,0,38,2,1,0
2020,33,746*A,Eriogonum umbellatum,32,178,-10,-10,43,3.5,34,0,0,40,3,1,0
2021,33,746*A,Eriogonum umbellatum,32,178,-10,-10,45,3.5,51,0,0,43,2,1,0
2014,33,747*A,Eriogonum umbellatum,20,124,-25,-20,62,4,12,0,0,NA,NA,1,NA
2015,33,747*A,Eriogonum umbellatum,20,124,-25,-20,58,4,33,0,0,62,-4,1,0
2016,33,747*A,Eriogonum umbellatum,20,124,-25,-20,58,4,32,0,0,58,0,1,0
2017,33,747*A,Eriogonum umbellatum,20,124,-25,-20,60,5,15,0,0,58,2,1,0
2018,33,747*A,Eriogonum umbellatum,20,124,-25,-20,60,5,23,0,0,60,0,1,0
2019,33,747*A,Eriogonum umbellatum,20,124,-25,-20,63.5,8,5,0,0,60,3.5,1,0
2020,33,747*A,Eriogonum umbellatum,20,124,-25,-20,56,5,13,0,0,63.5,-7.5,1,0
2021,33,747*A,Eriogonum umbellatum,20,124,-25,-20,54,3.5,11,0,0,56,-2,1,0
2014,33,748*A,Poa stenantha,17,129,-10,-10,17,27,8,0,0,NA,NA,1,NA
2015,33,748*A,Poa stenantha,17,129,-10,-10,17,14,0,0,0,17,0,1,0
2016,33,748*A,Poa stenantha,17,129,-10,-10,14,9,6,0,0,17,-3,1,0
2017,33,748*A,Poa stenantha,17,129,-10,-10,17,18,2,0,0,14,3,1,0
2018,33,748*A,Poa stenantha,17,129,-10,-10,17,12.5,1,0,0,17,0,1,0
2019,33,748*A,Poa stenantha,17,129,-10,-10,11,15,0,0,0,17,-6,1,0
2020,33,748*A,Poa stenantha,17,129,-10,-10,17.5,14.5,0,0,0,11,6.5,1,0
2021,33,748*A,Poa stenantha,17,129,-10,-10,12,14.5,5,0,0,17.5,-5.5,1,0
2014,33,749*A,Elymus lanceolatus,18,137,-10,-10,9,23,3,0,0,NA,NA,1,NA
2015,33,749*A,Elymus lanceolatus,18,137,-10,-10,26,24,4,0,0,9,17,1,0
2016,33,749*A,Elymus lanceolatus,18,137,-10,-10,26,29,16,0,0,26,0,1,0
2017,33,749*A,Elymus lanceolatus,18,137,-10,-10,28,20,5,0,0,26,2,1,0
2018,33,749*A,Elymus lanceolatus,18,137,-10,-10,33,26,17,0,0,28,5,1,0
2019,33,749*A,Elymus lanceolatus,18,137,-10,-10,35.5,26.5,24,0,0,33,2.5,1,0
2020,33,749*A,Elymus lanceolatus,18,137,-10,-10,27,23,3,0,0,35.5,-8.5,1,0
2021,33,749*A,Elymus lanceolatus,18,137,-10,-10,17,20,13,0,0,27,-10,1,0
2014,8,75*A,Lupinus argenteus,180,125,-10,-10,10,6,0,0,0,NA,NA,1,NA
2015,8,75*A,Lupinus argenteus,180,125,-10,-10,7.5,3,0,0,0,10,-2.5,1,0
2016,8,75*A,Lupinus argenteus,180,125,-10,-10,6.5,3,0,0,0,7.5,-1,1,0
2017,8,75*A,Lupinus argenteus,180,125,-10,-10,4,3.5,0,0,0,6.5,-2.5,1,0
2018,8,75*A,Lupinus argenteus,180,125,-10,-10,0,0,0,0,1,4,-4,0,0
2014,33,750*A,Elymus lanceolatus,14,105,-2,-10,10,20,2,0,0,NA,NA,1,NA
2015,33,750*A,Elymus lanceolatus,14,105,-2,-10,19,18,2,0,0,10,9,1,0
2016,33,750*A,Elymus lanceolatus,14,105,-2,-10,13,17,6,0,0,19,-6,1,0
2017,33,750*A,Elymus lanceolatus,14,105,-2,-10,17,15,0,0,0,13,4,1,0
2018,33,750*A,Elymus lanceolatus,14,105,-2,-10,18,19.5,1,0,0,17,1,1,0
2019,33,750*A,Elymus lanceolatus,14,105,-2,-10,16,18.5,1,0,0,18,-2,1,0
2020,33,750*A,Elymus lanceolatus,14,105,-2,-10,4,11,0,0,0,16,-12,1,0
2021,33,750*A,Elymus lanceolatus,14,105,-2,-10,1.5,17,1,0,0,4,-2.5,1,0
2014,34,751*A,Eriogonum umbellatum,121,46,-10,-10,35,3,48,0,0,NA,NA,1,NA
2015,34,751*A,Eriogonum umbellatum,121,46,-10,-10,44,5,44,0,0,35,9,1,0
2016,34,751*A,Eriogonum umbellatum,121,46,-10,-10,49,4,55,0,0,44,5,1,0
2017,34,751*A,Eriogonum umbellatum,121,46,-10,-10,47,3,41,0,0,49,-2,1,0
2018,34,751*A,Eriogonum umbellatum,121,46,-10,-10,40,3,41,0,0,47,-7,1,0
2019,34,751*A,Eriogonum umbellatum,121,46,-10,-10,43,8.5,33,0,0,40,3,1,0
2020,34,751*A,Eriogonum umbellatum,121,46,-10,-10,49,5,10,0,0,43,6,1,0
2021,34,751*A,Eriogonum umbellatum,121,46,-10,-10,51,3.5,69,0,0,49,2,1,0
2014,34,752*A,Elymus lanceolatus,117,54,-10,-10,25,26,10,0,0,NA,NA,1,NA
2015,34,752*A,Elymus lanceolatus,117,54,-10,-10,32,16,4,0,0,25,7,1,0
2016,34,752*A,Elymus lanceolatus,117,54,-10,-10,29,28,45,0,0,32,-3,1,0
2017,34,752*A,Elymus lanceolatus,117,54,-10,-10,29,17,1,0,0,29,0,1,0
2018,34,752*A,Elymus lanceolatus,117,54,-10,-10,30,27,30,0,0,29,1,1,0
2019,34,752*A,Elymus lanceolatus,117,54,-10,-10,40,27.5,22,0,0,30,10,1,0
2020,34,752*A,Elymus lanceolatus,117,54,-10,-10,34,22,2,0,0,40,-6,1,0
2021,34,752*A,Elymus lanceolatus,117,54,-10,-10,24,24,7,0,0,34,-10,1,0
2014,34,753*A,Eriogonum umbellatum,91,197,-10,-10,3,1,0,0,0,NA,NA,1,NA
2015,34,753*A,Eriogonum umbellatum,91,197,-10,-10,3,1.5,0,0,0,3,0,1,0
2016,34,753*A,Eriogonum umbellatum,91,197,-10,-10,2,1,0,0,0,3,-1,1,0
2017,34,753*A,Eriogonum umbellatum,91,197,-10,-10,4,2,0,0,0,2,2,1,0
2018,34,753*A,Eriogonum umbellatum,91,197,-10,-10,5,2.5,0,0,0,4,1,1,0
2019,34,753*A,Eriogonum umbellatum,91,197,-10,-10,5.5,2,1,0,0,5,0.5,1,0
2020,34,753*A,Eriogonum umbellatum,91,197,-10,-10,7.5,1.5,0,0,0,5.5,2,1,0
2021,34,753*A,Eriogonum umbellatum,91,197,-10,-10,7.5,1.5,1,0,0,7.5,0,1,0
2014,34,754*A,Eriogonum umbellatum,84,174,-10,-10,33,2,63,0,0,NA,NA,1,NA
2015,34,754*A,Eriogonum umbellatum,84,174,-10,-10,44,3,46,0,0,33,11,1,0
2016,34,754*A,Eriogonum umbellatum,84,174,-10,-10,46,2.5,37,0,0,44,2,1,0
2017,34,754*A,Eriogonum umbellatum,84,174,-10,-10,47,3,36,0,0,46,1,1,0
2018,34,754*A,Eriogonum umbellatum,84,174,-10,-10,43,2.5,46,0,0,47,-4,1,0
2019,34,754*A,Eriogonum umbellatum,84,174,-10,-10,45,4,60,0,0,43,2,1,0
2020,34,754*A,Eriogonum umbellatum,84,174,-10,-10,46,4,50,0,0,45,1,1,0
2021,34,754*A,Eriogonum umbellatum,84,174,-10,-10,49.5,2.5,78,0,0,46,3.5,1,0
2014,34,755*A,Elymus lanceolatus,31,200,-5,-5,9,10,0,0,0,NA,NA,1,NA
2015,34,755*A,Elymus lanceolatus,31,200,-5,-5,9.5,9.5,0,0,0,9,0.5,1,0
2016,34,755*A,Elymus lanceolatus,31,200,-5,-5,7,22,3,0,0,9.5,-2.5,1,0
2017,34,755*A,Elymus lanceolatus,31,200,-5,-5,11,15,0,0,0,7,4,1,0
2018,34,755*A,Elymus lanceolatus,31,200,-5,-5,5.5,14,0,0,0,11,-5.5,1,0
2019,34,755*A,Elymus lanceolatus,31,200,-5,-5,11.5,17.5,1,0,0,5.5,6,1,0
2020,34,755*A,Elymus lanceolatus,31,200,-5,-5,12,11,0,0,0,11.5,0.5,1,0
2021,34,755*A,Elymus lanceolatus,31,200,-5,-5,14,13,0,0,0,12,2,1,0
2017,34,756*A,Elymus lanceolatus,28,200,-10,-10,10,14,1,0,0,NA,NA,1,1
2018,34,756*A,Elymus lanceolatus,28,200,-10,-10,8,20,1,0,0,10,-2,1,0
2019,34,756*A,Elymus lanceolatus,28,200,-10,-10,13,18,2,0,0,8,5,1,0
2020,34,756*A,Elymus lanceolatus,28,200,-10,-10,15,17,3,0,0,13,2,1,0
2021,34,756*A,Elymus lanceolatus,28,200,-10,-10,28,26.5,9,0,0,15,13,1,0
2014,34,756.old*A,Elymus lanceolatus,30,195,-10,-10,5,12,1,0,0,NA,NA,1,NA
2015,34,756.old*A,Elymus lanceolatus,30,195,-10,-10,0,0,0,0,1,5,-5,0,0
2014,34,757*A,Elymus lanceolatus,33,197,-5,-5,4,6,0,0,0,NA,NA,1,NA
2015,34,757*A,Elymus lanceolatus,33,197,-5,-5,5,13,0,0,0,4,1,1,0
2016,34,757*A,Elymus lanceolatus,33,197,-5,-5,9,14,0,0,0,5,4,1,0
2017,34,757*A,Elymus lanceolatus,33,197,-5,-5,10,9,0,0,0,9,1,1,0
2018,34,757*A,Elymus lanceolatus,33,197,-5,-5,6,7,0,0,0,10,-4,1,0
2019,34,757*A,Elymus lanceolatus,33,197,-5,-5,3,7,0,0,0,6,-3,1,0
2020,34,757*A,Elymus lanceolatus,33,197,-5,-5,2,8,0,0,0,3,-1,1,0
2021,34,757*A,Elymus lanceolatus,33,197,-5,-5,10.5,11,0,0,0,2,8.5,1,0
2014,34,758*A,Elymus lanceolatus,40,200,0,-10,5,8,0,0,0,NA,NA,1,NA
2015,34,758*A,Elymus lanceolatus,40,200,0,-10,0,0,0,0,1,5,-5,0,0
2014,34,759*A,Eriogonum umbellatum,0,178,0,-10,38,3,16,0,0,NA,NA,1,NA
2015,34,759*A,Eriogonum umbellatum,0,178,0,-10,34,3,54,0,0,38,-4,1,0
2016,34,759*A,Eriogonum umbellatum,0,178,0,-10,40,4,23,0,0,34,6,1,0
2017,34,759*A,Eriogonum umbellatum,0,178,0,-10,45,2,23,0,0,40,5,1,0
2018,34,759*A,Eriogonum umbellatum,0,178,0,-10,28,2,6,0,0,45,-17,1,0
2019,34,759*A,Eriogonum umbellatum,0,178,0,-10,33,8.5,23,0,0,28,5,1,0
2020,34,759*A,Eriogonum umbellatum,0,178,0,-10,35,4.5,18,0,0,33,2,1,0
2021,34,759*A,Eriogonum umbellatum,0,178,0,-10,40,4.5,26,0,0,35,5,1,0
2014,8,76*A,Ivesia gordonii,175,115,-10,-10,6,2,1,0,0,NA,NA,1,NA
2015,8,76*A,Ivesia gordonii,175,115,-10,-10,7,2,1,0,0,6,1,1,0
2016,8,76*A,Ivesia gordonii,175,115,-10,-10,4,2.5,2,0,0,7,-3,1,0
2017,8,76*A,Ivesia gordonii,175,115,-10,-10,0,0,0,0,1,4,-4,0,0
2014,34,760*A,Ivesia gordonii,5,115,0,-10,30,5,1,0,0,NA,NA,1,NA
2015,34,760*A,Ivesia gordonii,5,115,0,-10,0,0,0,0,1,30,-30,0,0
2014,35,761*A,Lupinus argenteus,195,35,-10,-10,10,5,0,0,0,NA,NA,1,NA
2015,35,761*A,Lupinus argenteus,195,35,-10,-10,5.5,3,0,0,0,10,-4.5,1,0
2016,35,761*A,Lupinus argenteus,195,35,-10,-10,0,0,0,0,1,5.5,-5.5,0,0
2014,36,762*A,Ivesia gordonii,70,10,-10,-10,3,2,0,0,0,NA,NA,1,NA
2015,36,762*A,Ivesia gordonii,70,10,-10,-10,5,2,0,0,0,3,2,1,0
2016,36,762*A,Ivesia gordonii,70,10,-10,-10,7.5,4,1,0,0,5,2.5,1,0
2017,36,762*A,Ivesia gordonii,70,10,-10,-10,7,6,2,0,0,7.5,-0.5,1,0
2018,36,762*A,Ivesia gordonii,70,10,-10,-10,0,0,0,0,1,7,-7,0,0
2014,36,763*A,Eriogonum umbellatum,74,5,-10,-10,19,2,4,0,0,NA,NA,1,NA
2015,36,763*A,Eriogonum umbellatum,74,5,-10,-10,21,3,2,0,0,19,2,1,0
2016,36,763*A,Eriogonum umbellatum,74,5,-10,-10,23,2,7,0,0,21,2,1,0
2017,36,763*A,Eriogonum umbellatum,74,5,-10,-10,21,3,4,0,0,23,-2,1,0
2018,36,763*A,Eriogonum umbellatum,74,5,-10,-10,22,1.5,3,0,0,21,1,1,0
2019,36,763*A,Eriogonum umbellatum,74,5,-10,-10,22,2.5,5,0,0,22,0,1,0
2020,36,763*A,Eriogonum umbellatum,74,5,-10,-10,10,2,0,0,0,22,-12,1,0
2021,36,763*A,Eriogonum umbellatum,74,5,-10,-10,10,1.5,1,0,0,10,0,1,0
2014,36,764*A,Senecio crassulus,85,20,-10,0,12,9,0,0,0,NA,NA,1,NA
2015,36,764*A,Senecio crassulus,85,20,-10,0,12,13,2,0,0,12,0,1,0
2016,36,764*A,Senecio crassulus,85,20,-10,0,11,10,3,0,0,12,-1,1,0
2017,36,764*A,Senecio crassulus,85,20,-10,0,0,0,0,0,1,11,-11,0,0
2014,36,765*A,Senecio crassulus,85,25,-10,0,10,9,0,0,0,NA,NA,1,NA
2015,36,765*A,Senecio crassulus,85,25,-10,0,3,7,0,0,0,10,-7,1,0
2016,36,765*A,Senecio crassulus,85,25,-10,0,0,0,0,0,1,3,-3,0,0
2014,36,766*A,Heterotheca villosa,85,30,10,0,11,5,0,0,0,NA,NA,1,NA
2015,36,766*A,Heterotheca villosa,85,30,10,0,13,6,4,0,0,11,2,1,0
2016,36,766*A,Heterotheca villosa,85,30,10,0,0,0,0,0,1,13,-13,0,0
2014,36,767*A,Eriogonum umbellatum,85,30,10,0,5,2,0,0,0,NA,NA,1,NA
2015,36,767*A,Eriogonum umbellatum,85,30,10,0,6,3,0,0,0,5,1,1,0
2016,36,767*A,Eriogonum umbellatum,85,30,10,0,9,2,0,0,0,6,3,1,0
2017,36,767*A,Eriogonum umbellatum,85,30,10,0,4,4,0,0,0,9,-5,1,0
2018,36,767*A,Eriogonum umbellatum,85,30,10,0,0,0,0,0,1,4,-4,0,0
2014,36,768*A,Elymus lanceolatus,80,30,0,10,5,4,0,0,0,NA,NA,1,NA
2015,36,768*A,Elymus lanceolatus,80,30,0,10,5,9,0,0,0,5,0,1,0
2016,36,768*A,Elymus lanceolatus,80,30,0,10,15,15,2,0,1,5,10,0,0
2014,36,769*A,Elymus lanceolatus,76,26,-10,10,3,6,0,0,0,NA,NA,1,NA
2015,36,769*A,Elymus lanceolatus,76,26,-10,10,0,0,0,0,0,3,-3,1,0
2016,36,769*A,Elymus lanceolatus,76,26,-10,10,7,16,2,0,0,0,7,1,0
2017,36,769*A,Elymus lanceolatus,76,26,-10,10,25,16,4,0,0,7,18,1,0
2018,36,769*A,Elymus lanceolatus,76,26,-10,10,28,19.5,17,0,0,25,3,1,0
2019,36,769*A,Elymus lanceolatus,76,26,-10,10,29.5,25,9,0,0,28,1.5,1,0
2020,36,769*A,Elymus lanceolatus,76,26,-10,10,22.5,15,1,0,0,29.5,-7,1,0
2021,36,769*A,Elymus lanceolatus,76,26,-10,10,15,11,0,0,0,22.5,-7.5,1,0
2014,8,77*A,Ivesia gordonii,145,100,-10,-10,8,3,0,0,0,NA,NA,1,NA
2015,8,77*A,Ivesia gordonii,145,100,-10,-10,10.5,4,5,0,0,8,2.5,1,0
2016,8,77*A,Ivesia gordonii,145,100,-10,-10,12,3,13,0,0,10.5,1.5,1,0
2017,8,77*A,Ivesia gordonii,145,100,-10,-10,7,3,0,0,0,12,-5,1,0
2018,8,77*A,Ivesia gordonii,145,100,-10,-10,0,0,0,0,1,7,-7,0,0
2014,36,770*A,Eriogonum umbellatum,142,0,-35,-15,72,3,75,0,0,NA,NA,1,NA
2015,36,770*A,Eriogonum umbellatum,142,0,-35,-15,75,5,60,0,0,72,3,1,0
2016,36,770*A,Eriogonum umbellatum,142,0,-35,-15,78,4,168,0,0,75,3,1,0
2017,36,770*A,Eriogonum umbellatum,142,0,-35,-15,70,3,80,0,0,78,-8,1,0
2018,36,770*A,Eriogonum umbellatum,142,0,-35,-15,71,2,81,0,0,70,1,1,0
2019,36,770*A,Eriogonum umbellatum,142,0,-35,-15,74,9,107,0,0,71,3,1,0
2020,36,770*A,Eriogonum umbellatum,142,0,-35,-15,77,2.5,75,0,0,74,3,1,0
2021,36,770*A,Eriogonum umbellatum,142,0,-35,-15,80,3.5,81,0,0,77,3,1,0
2014,36,771*A,Poa stenantha,153,21,-10,-10,15,17,2,0,0,NA,NA,1,NA
2015,36,771*A,Poa stenantha,153,21,-10,-10,24,15,1,0,0,15,9,1,0
2016,36,771*A,Poa stenantha,153,21,-10,-10,30,17,6,0,0,24,6,1,0
2017,36,771*A,Poa stenantha,153,21,-10,-10,35,21,5,0,0,30,5,1,0
2018,36,771*A,Poa stenantha,153,21,-10,-10,27,16.5,13,0,0,35,-8,1,0
2019,36,771*A,Poa stenantha,153,21,-10,-10,25,18.5,1,0,0,27,-2,1,0
2020,36,771*A,Poa stenantha,153,21,-10,-10,26,21.5,6,0,0,25,1,1,0
2021,36,771*A,Poa stenantha,153,21,-10,-10,31,20.5,10,0,0,26,5,1,0
2014,36,772*A,Lupinus argenteus,160,40,-10,-10,10,3,0,0,0,NA,NA,1,NA
2015,36,772*A,Lupinus argenteus,160,40,-10,-10,0,0,0,0,1,10,-10,0,0
2014,36,773*A,Heterotheca villosa,185,40,-10,-10,15,6,9,0,0,NA,NA,1,NA
2015,36,773*A,Heterotheca villosa,185,40,-10,-10,8.5,5,11,0,0,15,-6.5,1,0
2016,36,773*A,Heterotheca villosa,185,40,-10,-10,10,5,12,0,0,8.5,1.5,1,0
2017,36,773*A,Heterotheca villosa,185,40,-10,-10,0,0,0,0,1,10,-10,0,0
2014,36,774*A,Eriogonum umbellatum,190,34,-10,-10,1,1,0,1,0,NA,NA,1,1
2015,36,774*A,Eriogonum umbellatum,190,34,-10,-10,2,1.5,0,0,0,1,1,1,0
2016,36,774*A,Eriogonum umbellatum,190,34,-10,-10,1.5,1,0,0,0,2,-0.5,1,0
2017,36,774*A,Eriogonum umbellatum,190,34,-10,-10,3,1,0,0,0,1.5,1.5,1,0
2018,36,774*A,Eriogonum umbellatum,190,34,-10,-10,1.5,0.6,0,0,0,3,-1.5,1,0
2019,36,774*A,Eriogonum umbellatum,190,34,-10,-10,1.4,1.3,0,0,0,1.5,-0.1,1,0
2020,36,774*A,Eriogonum umbellatum,190,34,-10,-10,2,1.5,0,0,0,1.4,0.6,1,0
2021,36,774*A,Eriogonum umbellatum,190,34,-10,-10,0.2,0.3,0,0,0,2,-1.8,1,0
2014,36,775*A,Lupinus argenteus,185,115,-10,-10,3,3,0,0,0,NA,NA,1,NA
2015,36,775*A,Lupinus argenteus,185,115,-10,-10,2,2.5,0,0,0,3,-1,1,0
2016,36,775*A,Lupinus argenteus,185,115,-10,-10,5,4,0,0,0,2,3,1,0
2017,36,775*A,Lupinus argenteus,185,115,-10,-10,0,0,0,0,1,5,-5,0,0
2014,36,776*A,Ivesia gordonii,175,135,-10,-10,7,2,3,0,0,NA,NA,1,NA
2015,36,776*A,Ivesia gordonii,175,135,-10,-10,9,3,2,0,0,7,2,1,0
2016,36,776*A,Ivesia gordonii,175,135,-10,-10,13,4,5,0,0,9,4,1,0
2017,36,776*A,Ivesia gordonii,175,135,-10,-10,9,5,7,0,0,13,-4,1,0
2018,36,776*A,Ivesia gordonii,175,135,-10,-10,7,2.5,3,0,0,9,-2,1,0
2019,36,776*A,Ivesia gordonii,175,135,-10,-10,0,0,0,0,1,7,-7,0,0
2014,36,777*A,Heterotheca villosa,165,145,-10,-10,5,2,0,0,0,NA,NA,1,NA
2015,36,777*A,Heterotheca villosa,165,145,-10,-10,8,5,4,0,0,5,3,1,0
2016,36,777*A,Heterotheca villosa,165,145,-10,-10,0,0,0,0,1,8,-8,0,0
2014,36,778*A,Heterotheca villosa,162,148,-10,-10,3,1,0,0,0,NA,NA,1,NA
2015,36,778*A,Heterotheca villosa,162,148,-10,-10,4,2,1,0,0,3,1,1,0
2016,36,778*A,Heterotheca villosa,162,148,-10,-10,13.5,4,7,0,0,4,9.5,1,0
2017,36,778*A,Heterotheca villosa,162,148,-10,-10,0,0,0,0,1,13.5,-13.5,0,0
2014,36,779*A,Lupinus argenteus,155,180,-10,-10,1,1,0,1,0,NA,NA,1,1
2015,36,779*A,Lupinus argenteus,155,180,-10,-10,0,0,0,0,0,1,-1,1,0
2016,36,779*A,Lupinus argenteus,155,180,-10,-10,2,2,0,0,0,0,2,1,0
2017,36,779*A,Lupinus argenteus,155,180,-10,-10,0,0,0,0,1,2,-2,0,0
2014,8,78*A,Eriogonum umbellatum,185,65,-10,-10,18,2,4,0,0,NA,NA,1,NA
2015,8,78*A,Eriogonum umbellatum,185,65,-10,-10,21.5,2.5,5,0,0,18,3.5,1,0
2016,8,78*A,Eriogonum umbellatum,185,65,-10,-10,24,3,9,0,0,21.5,2.5,1,0
2017,8,78*A,Eriogonum umbellatum,185,65,-10,-10,29,3,11,0,0,24,5,1,0
2018,8,78*A,Eriogonum umbellatum,185,65,-10,-10,30,3,11,0,0,29,1,1,0
2019,8,78*A,Eriogonum umbellatum,185,65,-10,-10,34,3,27,0,0,30,4,1,0
2020,8,78*A,Eriogonum umbellatum,185,65,-10,-10,34,3.5,14,0,0,34,0,1,0
2021,8,78*A,Eriogonum umbellatum,185,65,-10,-10,41,3,39,0,0,34,7,1,0
2014,36,780*A,Lupinus argenteus,110,190,-10,-10,9,6,0,0,0,NA,NA,1,NA
2015,36,780*A,Lupinus argenteus,110,190,-10,-10,7.5,5,0,0,0,9,-1.5,1,0
2016,36,780*A,Lupinus argenteus,110,190,-10,-10,9,7,0,0,0,7.5,1.5,1,0
2017,36,780*A,Lupinus argenteus,110,190,-10,-10,6,4,0,0,0,9,-3,1,0
2018,36,780*A,Lupinus argenteus,110,190,-10,-10,0,0,0,0,1,6,-6,0,0
2014,36,781*A,Arnica latifolia,99,176,0,10,10,13,1,0,0,NA,NA,1,NA
2015,36,781*A,Arnica latifolia,99,176,0,10,12,8,1,0,0,10,2,1,0
2016,36,781*A,Arnica latifolia,99,176,0,10,4,6,0,0,0,12,-8,1,0
2017,36,781*A,Arnica latifolia,99,176,0,10,16,7,1,0,0,4,12,1,0
2018,36,781*A,Arnica latifolia,99,176,0,10,10.5,11.5,1,0,0,16,-5.5,1,0
2019,36,781*A,Arnica latifolia,99,176,0,10,17,13,2,0,0,10.5,6.5,1,0
2020,36,781*A,Arnica latifolia,99,176,0,10,15,10.5,0,0,0,17,-2,1,0
2021,36,781*A,Arnica latifolia,99,176,0,10,14.5,7,1,0,0,15,-0.5,1,0
2014,36,782*A,Elymus lanceolatus,104,162,-10,-10,5,24,1,0,0,NA,NA,1,NA
2015,36,782*A,Elymus lanceolatus,104,162,-10,-10,8,18,1,0,0,5,3,1,0
2016,36,782*A,Elymus lanceolatus,104,162,-10,-10,13,19,1,0,0,8,5,1,0
2017,36,782*A,Elymus lanceolatus,104,162,-10,-10,16,24,7,0,0,13,3,1,0
2018,36,782*A,Elymus lanceolatus,104,162,-10,-10,14,22,2,0,0,16,-2,1,0
2019,36,782*A,Elymus lanceolatus,104,162,-10,-10,18.5,22,1,0,0,14,4.5,1,0
2020,36,782*A,Elymus lanceolatus,104,162,-10,-10,12,11,0,0,0,18.5,-6.5,1,0
2021,36,782*A,Elymus lanceolatus,104,162,-10,-10,3,15,0,0,0,12,-9,1,0
2014,36,784*A,Agoseris glauca,110,150,-10,-10,8,4,0,0,0,NA,NA,1,NA
2015,36,784*A,Agoseris glauca,110,150,-10,-10,5.5,11,2,0,0,8,-2.5,1,0
2016,36,784*A,Agoseris glauca,110,150,-10,-10,9,3,1,0,0,5.5,3.5,1,0
2017,36,784*A,Agoseris glauca,110,150,-10,-10,8,6.5,0,0,0,9,-1,1,0
2018,36,784*A,Agoseris glauca,110,150,-10,-10,2.5,4,0,0,0,8,-5.5,1,0
2019,36,784*A,Agoseris glauca,110,150,-10,-10,3.2,4,0,0,0,2.5,0.7,1,0
2020,36,784*A,Agoseris glauca,110,150,-10,-10,0,0,0,0,0,3.2,-3.2,1,0
2021,36,784*A,Agoseris glauca,110,150,-10,-10,3,3.5,0,0,0,0,3,1,0
2014,36,785*A,Heterotheca villosa,110,130,-10,-10,5,3,0,0,0,NA,NA,1,NA
2015,36,785*A,Heterotheca villosa,110,130,-10,-10,5,3,0,0,0,5,0,1,0
2016,36,785*A,Heterotheca villosa,110,130,-10,-10,5,5,0,0,0,5,0,1,0
2017,36,785*A,Heterotheca villosa,110,130,-10,-10,0,0,0,0,1,5,-5,0,0
2014,36,786*A,Achnatherum lettermanii,106,134,-10,-10,7,4,0,0,0,NA,NA,1,NA
2015,36,786*A,Achnatherum lettermanii,106,134,-10,-10,10,9.5,0,0,0,7,3,1,0
2016,36,786*A,Achnatherum lettermanii,106,134,-10,-10,10,10,2,0,0,10,0,1,0
2017,36,786*A,Achnatherum lettermanii,106,134,-10,-10,15,13,3,0,0,10,5,1,0
2018,36,786*A,Achnatherum lettermanii,106,134,-10,-10,11.5,13.5,7,0,0,15,-3.5,1,0
2019,36,786*A,Achnatherum lettermanii,106,134,-10,-10,15,11.5,0,0,0,11.5,3.5,1,0
2020,36,786*A,Achnatherum lettermanii,106,134,-10,-10,16.5,10,0,0,0,15,1.5,1,0
2021,36,786*A,Achnatherum lettermanii,106,134,-10,-10,10.5,8.5,1,0,0,16.5,-6,1,0
2014,36,787*A,Lupinus argenteus,80,90,-10,-10,4,3,0,0,0,NA,NA,1,NA
2015,36,787*A,Lupinus argenteus,80,90,-10,-10,6.5,5,0,0,0,4,2.5,1,0
2016,36,787*A,Lupinus argenteus,80,90,-10,-10,8,5,0,0,0,6.5,1.5,1,0
2017,36,787*A,Lupinus argenteus,80,90,-10,-10,0,0,0,0,1,8,-8,0,0
2014,37,788*A,Lupinus argenteus,30,25,-10,-10,12,6,0,0,0,NA,NA,1,NA
2015,37,788*A,Lupinus argenteus,30,25,-10,-10,13,5,0,0,0,12,1,1,0
2016,37,788*A,Lupinus argenteus,30,25,-10,-10,6,5,0,0,0,13,-7,1,0
2017,37,788*A,Lupinus argenteus,30,25,-10,-10,13,8,0,0,0,6,7,1,0
2018,37,788*A,Lupinus argenteus,30,25,-10,-10,12.5,9,0,0,0,13,-0.5,1,0
2019,37,788*A,Lupinus argenteus,30,25,-10,-10,0,0,0,0,1,12.5,-12.5,0,0
2014,37,789*A,Eriogonum umbellatum,58,10,-10,-10,0.5,0.5,0,1,0,NA,NA,1,1
2015,37,789*A,Eriogonum umbellatum,58,10,-10,-10,0,0,0,0,1,0.5,-0.5,0,0
2014,8,79*A,Ivesia gordonii,190,80,10,0,16,4,2,0,0,NA,NA,1,NA
2015,8,79*A,Ivesia gordonii,190,80,10,0,19.5,5,7,0,0,16,3.5,1,0
2016,8,79*A,Ivesia gordonii,190,80,10,0,20,7,25,0,0,19.5,0.5,1,0
2017,8,79*A,Ivesia gordonii,190,80,10,0,18.5,5,4,0,0,20,-1.5,1,0
2018,8,79*A,Ivesia gordonii,190,80,10,0,21.5,6.5,7,0,0,18.5,3,1,0
2019,8,79*A,Ivesia gordonii,190,80,10,0,22.5,6.5,10,0,0,21.5,1,1,0
2020,8,79*A,Ivesia gordonii,190,80,10,0,20,5.5,3,0,0,22.5,-2.5,1,0
2021,8,79*A,Ivesia gordonii,190,80,10,0,26.5,5.5,15,0,0,20,6.5,1,0
2014,37,790*A,Ivesia gordonii,63,13,-10,-10,2,1,0,0,0,NA,NA,1,NA
2015,37,790*A,Ivesia gordonii,63,13,-10,-10,5,3,0,0,0,2,3,1,0
2016,37,790*A,Ivesia gordonii,63,13,-10,-10,6,4,0,0,0,5,1,1,0
2017,37,790*A,Ivesia gordonii,63,13,-10,-10,8,2,4,0,0,6,2,1,0
2018,37,790*A,Ivesia gordonii,63,13,-10,-10,9,4,0,0,0,8,1,1,0
2019,37,790*A,Ivesia gordonii,63,13,-10,-10,7.5,4,0,0,0,9,-1.5,1,0
2020,37,790*A,Ivesia gordonii,63,13,-10,-10,10,3.5,5,0,0,7.5,2.5,1,0
2021,37,790*A,Ivesia gordonii,63,13,-10,-10,0,0,0,0,0,10,-10,1,0
2014,37,791*A,Lupinus argenteus,60,23,-10,-10,2,2,0,0,0,NA,NA,1,NA
2015,37,791*A,Lupinus argenteus,60,23,-10,-10,10,5,0,0,0,2,8,1,0
2016,37,791*A,Lupinus argenteus,60,23,-10,-10,5,4,0,0,0,10,-5,1,0
2017,37,791*A,Lupinus argenteus,60,23,-10,-10,0,0,0,0,1,5,-5,0,0
2014,37,792*A,Lupinus argenteus,65,32,-10,-10,9,5,0,0,0,NA,NA,1,NA
2015,37,792*A,Lupinus argenteus,65,32,-10,-10,13,8,0,0,0,9,4,1,0
2016,37,792*A,Lupinus argenteus,65,32,-10,-10,10,4,0,0,0,13,-3,1,0
2017,37,792*A,Lupinus argenteus,65,32,-10,-10,0,0,0,0,1,10,-10,0,0
2014,37,793*A,Ivesia gordonii,75,44,-10,-10,9,3,0,0,0,NA,NA,1,NA
2015,37,793*A,Ivesia gordonii,75,44,-10,-10,7,5,1,0,0,9,-2,1,0
2016,37,793*A,Ivesia gordonii,75,44,-10,-10,10.5,5,3,0,0,7,3.5,1,0
2017,37,793*A,Ivesia gordonii,75,44,-10,-10,7,5,0,0,0,10.5,-3.5,1,0
2018,37,793*A,Ivesia gordonii,75,44,-10,-10,11,3.5,1,0,0,7,4,1,0
2019,37,793*A,Ivesia gordonii,75,44,-10,-10,11.5,5,0,0,0,11,0.5,1,0
2020,37,793*A,Ivesia gordonii,75,44,-10,-10,18,8,8,0,0,11.5,6.5,1,0
2021,37,793*A,Ivesia gordonii,75,44,-10,-10,0,0,0,0,0,18,-18,1,0
2014,37,794*A,Lupinus argenteus,75,48,-10,-10,16,10,3,0,0,NA,NA,1,NA
2015,37,794*A,Lupinus argenteus,75,48,-10,-10,9,5,0,0,0,16,-7,1,0
2016,37,794*A,Lupinus argenteus,75,48,-10,-10,0,0,0,0,1,9,-9,0,0
2014,37,795*A,Lupinus argenteus,55,60,-10,-10,14,8,0,0,0,NA,NA,1,NA
2015,37,795*A,Lupinus argenteus,55,60,-10,-10,18,7,2,0,0,14,4,1,0
2016,37,795*A,Lupinus argenteus,55,60,-10,-10,12,5,0,0,0,18,-6,1,0
2017,37,795*A,Lupinus argenteus,55,60,-10,-10,1.5,1.5,0,0,0,12,-10.5,1,0
2018,37,795*A,Lupinus argenteus,55,60,-10,-10,0,0,0,0,1,1.5,-1.5,0,0
2014,37,796*A,Lupinus argenteus,48,70,-10,-10,8,4,0,0,0,NA,NA,1,NA
2015,37,796*A,Lupinus argenteus,48,70,-10,-10,13,5,0,0,0,8,5,1,0
2016,37,796*A,Lupinus argenteus,48,70,-10,-10,15,7,0,0,0,13,2,1,0
2017,37,796*A,Lupinus argenteus,48,70,-10,-10,9,3,0,0,0,15,-6,1,0
2018,37,796*A,Lupinus argenteus,48,70,-10,-10,0,0,0,0,1,9,-9,0,0
2014,37,797*A,Lupinus argenteus,65,75,-10,-10,14,7,0,0,0,NA,NA,1,NA
2015,37,797*A,Lupinus argenteus,65,75,-10,-10,20,9,0,0,0,14,6,1,0
2016,37,797*A,Lupinus argenteus,65,75,-10,-10,5,5,0,0,0,20,-15,1,0
2017,37,797*A,Lupinus argenteus,65,75,-10,-10,3.5,3.5,0,0,0,5,-1.5,1,0
2018,37,797*A,Lupinus argenteus,65,75,-10,-10,0,0,0,0,1,3.5,-3.5,0,0
2014,37,798*A,Ivesia gordonii,52,80,-10,-10,14,4,2,0,0,NA,NA,1,NA
2015,37,798*A,Ivesia gordonii,52,80,-10,-10,9,3,1,0,0,14,-5,1,0
2016,37,798*A,Ivesia gordonii,52,80,-10,-10,14,6,7,0,0,9,5,1,0
2017,37,798*A,Ivesia gordonii,52,80,-10,-10,9.5,3,0,0,0,14,-4.5,1,0
2018,37,798*A,Ivesia gordonii,52,80,-10,-10,10,3.5,0,0,0,9.5,0.5,1,0
2019,37,798*A,Ivesia gordonii,52,80,-10,-10,13.5,6,1,0,0,10,3.5,1,0
2020,37,798*A,Ivesia gordonii,52,80,-10,-10,20,6,6,0,0,13.5,6.5,1,0
2021,37,798*A,Ivesia gordonii,52,80,-10,-10,14,4,6,0,0,20,-6,1,0
2014,37,799*A,Lupinus argenteus,112,12,-10,-10,15,5,0,0,0,NA,NA,1,NA
2015,37,799*A,Lupinus argenteus,112,12,-10,-10,10.5,3.5,0,0,0,15,-4.5,1,0
2016,37,799*A,Lupinus argenteus,112,12,-10,-10,0,0,0,0,1,10.5,-10.5,0,0
2014,1,8*A,Ivesia gordonii,194,53,-10,-10,13,4,6,0,0,NA,NA,1,NA
2015,1,8*A,Ivesia gordonii,194,53,-10,-10,11,4,3,0,0,13,-2,1,0
2016,1,8*A,Ivesia gordonii,194,53,-10,-10,12.9,5.5,10,0,0,11,1.9,1,0
2017,1,8*A,Ivesia gordonii,194,53,-10,-10,0,0,0,0,1,12.9,-12.9,0,0
2014,8,80*A,Lupinus argenteus,105,90,-10,-10,23,13,1,0,0,NA,NA,1,NA
2015,8,80*A,Lupinus argenteus,105,90,-10,-10,0.7,1.5,0,0,0,23,-22.3,1,0
2016,8,80*A,Lupinus argenteus,105,90,-10,-10,0,0,0,0,1,0.7,-0.7,0,0
2014,37,800*A,Lupinus argenteus,160,30,-10,-10,22,12,1,0,0,NA,NA,1,NA
2015,37,800*A,Lupinus argenteus,160,30,-10,-10,5,3,0,0,0,22,-17,1,0
2016,37,800*A,Lupinus argenteus,160,30,-10,-10,0,0,0,0,1,5,-5,0,0
2014,37,801*A,Lupinus argenteus,162,35,0,10,9,6,0,0,0,NA,NA,1,NA
2015,37,801*A,Lupinus argenteus,162,35,0,10,1.5,1.5,0,0,0,9,-7.5,1,0
2016,37,801*A,Lupinus argenteus,162,35,0,10,0,0,0,0,1,1.5,-1.5,0,0
2014,37,802*A,Lupinus argenteus,165,35,0,10,19,11,0,0,0,NA,NA,1,NA
2015,37,802*A,Lupinus argenteus,165,35,0,10,12,7,0,0,0,19,-7,1,0
2016,37,802*A,Lupinus argenteus,165,35,0,10,15,8,0,0,0,12,3,1,0
2017,37,802*A,Lupinus argenteus,165,35,0,10,0,0,0,0,1,15,-15,0,0
2014,37,803*A,Lupinus argenteus,182,22,-10,-10,11,8,0,0,0,NA,NA,1,NA
2015,37,803*A,Lupinus argenteus,182,22,-10,-10,0,0,0,0,1,11,-11,0,0
2014,37,804*A,Lupinus argenteus,180,40,-10,-10,17,13,2,0,0,NA,NA,1,NA
2015,37,804*A,Lupinus argenteus,180,40,-10,-10,24,14,3,0,0,17,7,1,0
2016,37,804*A,Lupinus argenteus,180,40,-10,-10,13,10,0,0,0,24,-11,1,0
2017,37,804*A,Lupinus argenteus,180,40,-10,-10,0,0,0,0,1,13,-13,0,0
2014,37,805*A,Heterotheca villosa,185,40,-10,-10,12,9,1,0,0,NA,NA,1,NA
2015,37,805*A,Heterotheca villosa,185,40,-10,-10,15,8,0,0,0,12,3,1,0
2016,37,805*A,Heterotheca villosa,185,40,-10,-10,4,3,0,0,0,15,-11,1,0
2017,37,805*A,Heterotheca villosa,185,40,-10,-10,0.9,0.5,0,0,0,4,-3.1,1,0
2018,37,805*A,Heterotheca villosa,185,40,-10,-10,0,0,0,0,1,0.9,-0.9,0,0
2014,37,806*A,Lupinus argenteus,185,45,-10,-10,14,8,0,0,0,NA,NA,1,NA
2015,37,806*A,Lupinus argenteus,185,45,-10,-10,12,7,0,0,0,14,-2,1,0
2016,37,806*A,Lupinus argenteus,185,45,-10,-10,20,13,1,0,0,12,8,1,0
2017,37,806*A,Lupinus argenteus,185,45,-10,-10,1,1,0,0,0,20,-19,1,0
2018,37,806*A,Lupinus argenteus,185,45,-10,-10,0,0,0,0,1,1,-1,0,0
2014,37,807*A,Lupinus argenteus,160,50,-10,-10,11,7,0,0,0,NA,NA,1,NA
2015,37,807*A,Lupinus argenteus,160,50,-10,-10,1.5,1,0,0,0,11,-9.5,1,0
2016,37,807*A,Lupinus argenteus,160,50,-10,-10,5,5,0,0,0,1.5,3.5,1,0
2017,37,807*A,Lupinus argenteus,160,50,-10,-10,3.5,4,0,0,0,5,-1.5,1,0
2018,37,807*A,Lupinus argenteus,160,50,-10,-10,0,0,0,0,1,3.5,-3.5,0,0
2014,37,808*A,Ivesia gordonii,146,163,-10,-10,14,5,5,0,0,NA,NA,1,NA
2015,37,808*A,Ivesia gordonii,146,163,-10,-10,13,4,6,0,0,14,-1,1,0
2016,37,808*A,Ivesia gordonii,146,163,-10,-10,15,5,14,0,0,13,2,1,0
2017,37,808*A,Ivesia gordonii,146,163,-10,-10,12,4,1,0,0,15,-3,1,0
2018,37,808*A,Ivesia gordonii,146,163,-10,-10,12,5.5,0,0,0,12,0,1,0
2019,37,808*A,Ivesia gordonii,146,163,-10,-10,18,8,4,0,0,12,6,1,0
2020,37,808*A,Ivesia gordonii,146,163,-10,-10,19,7,17,0,0,18,1,1,0
2021,37,808*A,Ivesia gordonii,146,163,-10,-10,0,0,0,0,0,19,-19,1,0
2014,37,809*A,Ivesia gordonii,117,163,0,10,7,5,0,0,0,NA,NA,1,NA
2015,37,809*A,Ivesia gordonii,117,163,0,10,7,7,1,0,0,7,0,1,0
2016,37,809*A,Ivesia gordonii,117,163,0,10,8,3,3,0,0,7,1,1,0
2017,37,809*A,Ivesia gordonii,117,163,0,10,2.5,2,0,0,0,8,-5.5,1,0
2018,37,809*A,Ivesia gordonii,117,163,0,10,6,3.5,0,0,0,2.5,3.5,1,0
2019,37,809*A,Ivesia gordonii,117,163,0,10,13,4,0,0,0,6,7,1,0
2020,37,809*A,Ivesia gordonii,117,163,0,10,16,5,1,0,0,13,3,1,0
2021,37,809*A,Ivesia gordonii,117,163,0,10,0,0,0,0,0,16,-16,1,0
2014,8,81*A,Ivesia gordonii,96,83,-10,-10,2,2,0,0,0,NA,NA,1,NA
2015,8,81*A,Ivesia gordonii,96,83,-10,-10,5,3.5,0,0,0,2,3,1,0
2016,8,81*A,Ivesia gordonii,96,83,-10,-10,7,5,0,0,0,5,2,1,0
2017,8,81*A,Ivesia gordonii,96,83,-10,-10,10,8,4,0,0,7,3,1,0
2018,8,81*A,Ivesia gordonii,96,83,-10,-10,17,7.5,0,0,0,10,7,1,0
2019,8,81*A,Ivesia gordonii,96,83,-10,-10,20,9,2,0,0,17,3,1,0
2020,8,81*A,Ivesia gordonii,96,83,-10,-10,16.5,9,0,0,0,20,-3.5,1,0
2021,8,81*A,Ivesia gordonii,96,83,-10,-10,17.5,8.5,2,0,0,16.5,1,1,0
2014,37,810*A,Ivesia gordonii,105,169,-10,-10,14,5,0,0,0,NA,NA,1,NA
2015,37,810*A,Ivesia gordonii,105,169,-10,-10,15,5,18,0,0,14,1,1,0
2016,37,810*A,Ivesia gordonii,105,169,-10,-10,10,7,3,0,0,15,-5,1,0
2017,37,810*A,Ivesia gordonii,105,169,-10,-10,11,6,1,0,0,10,1,1,0
2018,37,810*A,Ivesia gordonii,105,169,-10,-10,21,7,5,0,0,11,10,1,0
2019,37,810*A,Ivesia gordonii,105,169,-10,-10,14.5,9,0,0,0,21,-6.5,1,0
2020,37,810*A,Ivesia gordonii,105,169,-10,-10,21.5,7.5,8,0,0,14.5,7,1,0
2021,37,810*A,Ivesia gordonii,105,169,-10,-10,0,0,0,0,0,21.5,-21.5,1,0
2014,37,811*A,Lupinus argenteus,95,175,-10,-10,13,8,0,0,0,NA,NA,1,NA
2015,37,811*A,Lupinus argenteus,95,175,-10,-10,22,11,7,0,0,13,9,1,0
2016,37,811*A,Lupinus argenteus,95,175,-10,-10,21,13,3,0,0,22,-1,1,0
2017,37,811*A,Lupinus argenteus,95,175,-10,-10,0,0,0,0,1,21,-21,0,0
2014,37,812*A,Lupinus argenteus,10,200,0,-10,17,9,1,0,0,NA,NA,1,NA
2015,37,812*A,Lupinus argenteus,10,200,0,-10,12,9,0,0,0,17,-5,1,0
2016,37,812*A,Lupinus argenteus,10,200,0,-10,20,12,0,0,0,12,8,1,0
2017,37,812*A,Lupinus argenteus,10,200,0,-10,11,6,0,0,0,20,-9,1,0
2018,37,812*A,Lupinus argenteus,10,200,0,-10,0,0,0,0,1,11,-11,0,0
2014,37,813*A,Lupinus argenteus,0,200,0,-10,35,14,5,0,0,NA,NA,1,NA
2015,37,813*A,Lupinus argenteus,0,200,0,-10,20,10,2,0,0,35,-15,1,0
2016,37,813*A,Lupinus argenteus,0,200,0,-10,21,14,1,0,0,20,1,1,0
2017,37,813*A,Lupinus argenteus,0,200,0,-10,8.5,5,0,0,0,21,-12.5,1,0
2018,37,813*A,Lupinus argenteus,0,200,0,-10,0,0,0,0,1,8.5,-8.5,0,0
2014,37,814*A,Ivesia gordonii,62,116,-10,-10,15,4,0,0,0,NA,NA,1,NA
2015,37,814*A,Ivesia gordonii,62,116,-10,-10,12,4,0,0,0,15,-3,1,0
2016,37,814*A,Ivesia gordonii,62,116,-10,-10,13,5,7,0,0,12,1,1,0
2017,37,814*A,Ivesia gordonii,62,116,-10,-10,10,6,1,0,0,13,-3,1,0
2018,37,814*A,Ivesia gordonii,62,116,-10,-10,9.5,3.5,0,0,0,10,-0.5,1,0
2019,37,814*A,Ivesia gordonii,62,116,-10,-10,14.5,3.5,0,0,0,9.5,5,1,0
2020,37,814*A,Ivesia gordonii,62,116,-10,-10,15.5,4,0,0,0,14.5,1,1,0
2021,37,814*A,Ivesia gordonii,62,116,-10,-10,0,0,0,0,0,15.5,-15.5,1,0
2014,37,815*A,Ivesia gordonii,83,121,-10,-10,10,3,5,0,0,NA,NA,1,NA
2015,37,815*A,Ivesia gordonii,83,121,-10,-10,14,4,2,0,0,10,4,1,0
2016,37,815*A,Ivesia gordonii,83,121,-10,-10,14.5,5,7,0,0,14,0.5,1,0
2017,37,815*A,Ivesia gordonii,83,121,-10,-10,13,4,2,0,0,14.5,-1.5,1,0
2018,37,815*A,Ivesia gordonii,83,121,-10,-10,12.5,3,0,0,0,13,-0.5,1,0
2019,37,815*A,Ivesia gordonii,83,121,-10,-10,14,3.5,2,0,0,12.5,1.5,1,0
2020,37,815*A,Ivesia gordonii,83,121,-10,-10,14,5.5,3,0,0,14,0,1,0
2021,37,815*A,Ivesia gordonii,83,121,-10,-10,0,0,0,0,0,14,-14,1,0
2014,37,816*A,Eriogonum umbellatum,103,128,-10,-10,17,2,0,0,0,NA,NA,1,NA
2015,37,816*A,Eriogonum umbellatum,103,128,-10,-10,19,3,3,0,0,17,2,1,0
2016,37,816*A,Eriogonum umbellatum,103,128,-10,-10,23,3,6,0,0,19,4,1,0
2017,37,816*A,Eriogonum umbellatum,103,128,-10,-10,22,3,8,0,0,23,-1,1,0
2018,37,816*A,Eriogonum umbellatum,103,128,-10,-10,19,1.5,13,0,0,22,-3,1,0
2019,37,816*A,Eriogonum umbellatum,103,128,-10,-10,17,4.5,2,0,0,19,-2,1,0
2020,37,816*A,Eriogonum umbellatum,103,128,-10,-10,16,2.5,3,0,0,17,-1,1,0
2021,37,816*A,Eriogonum umbellatum,103,128,-10,-10,16.5,1.5,0,0,0,16,0.5,1,0
2014,37,817*A,Achnatherum lettermanii,100,135,-10,-10,10,7,0,0,0,NA,NA,1,NA
2015,37,817*A,Achnatherum lettermanii,100,135,-10,-10,12,13,7,0,0,10,2,1,0
2016,37,817*A,Achnatherum lettermanii,100,135,-10,-10,19,18,28,0,0,12,7,1,0
2017,37,817*A,Achnatherum lettermanii,100,135,-10,-10,14,9,0,0,0,19,-5,1,0
2018,37,817*A,Achnatherum lettermanii,100,135,-10,-10,0,0,0,0,1,14,-14,0,0
2014,37,818*A,Heterotheca villosa,103,115,-10,-10,0.5,0.5,0,1,0,NA,NA,1,1
2015,37,818*A,Heterotheca villosa,103,115,-10,-10,1.5,1,0,0,0,0.5,1,1,0
2016,37,818*A,Heterotheca villosa,103,115,-10,-10,2,2,0,0,0,1.5,0.5,1,0
2017,37,818*A,Heterotheca villosa,103,115,-10,-10,3.5,3,0,0,0,2,1.5,1,0
2018,37,818*A,Heterotheca villosa,103,115,-10,-10,5.5,1.5,0,0,0,3.5,2,1,0
2019,37,818*A,Heterotheca villosa,103,115,-10,-10,9,3.5,0,0,0,5.5,3.5,1,0
2020,37,818*A,Heterotheca villosa,103,115,-10,-10,7.5,4,0,0,0,9,-1.5,1,0
2021,37,818*A,Heterotheca villosa,103,115,-10,-10,0,0,0,0,0,7.5,-7.5,1,0
2014,37,819*A,Lupinus argenteus,85,110,-10,-10,17,10,0,0,0,NA,NA,1,NA
2015,37,819*A,Lupinus argenteus,85,110,-10,-10,12,4,0,0,0,17,-5,1,0
2016,37,819*A,Lupinus argenteus,85,110,-10,-10,0,0,0,0,1,12,-12,0,0
2014,8,82*A,Lupinus argenteus,130,50,-10,-10,21,9,0,0,0,NA,NA,1,NA
2015,8,82*A,Lupinus argenteus,130,50,-10,-10,15,7,0,0,0,21,-6,1,0
2016,8,82*A,Lupinus argenteus,130,50,-10,-10,0,0,0,0,1,15,-15,0,0
2014,37,820*A,Ivesia gordonii,89,105,-10,-10,16,7,3,0,0,NA,NA,1,NA
2015,37,820*A,Ivesia gordonii,89,105,-10,-10,10,5,8,0,0,16,-6,1,0
2016,37,820*A,Ivesia gordonii,89,105,-10,-10,7.5,3,0,0,0,10,-2.5,1,0
2017,37,820*A,Ivesia gordonii,89,105,-10,-10,10,4,3,0,0,7.5,2.5,1,0
2018,37,820*A,Ivesia gordonii,89,105,-10,-10,10.5,5,2,0,0,10,0.5,1,0
2019,37,820*A,Ivesia gordonii,89,105,-10,-10,15,7.5,0,0,0,10.5,4.5,1,0
2020,37,820*A,Ivesia gordonii,89,105,-10,-10,17,4,11,0,0,15,2,1,0
2021,37,820*A,Ivesia gordonii,89,105,-10,-10,0,0,0,0,0,17,-17,1,0
2014,37,821*A,Lupinus argenteus,73,100,-10,-10,6,5,0,0,0,NA,NA,1,NA
2015,37,821*A,Lupinus argenteus,73,100,-10,-10,9,5,0,0,0,6,3,1,0
2016,37,821*A,Lupinus argenteus,73,100,-10,-10,0,0,0,0,1,9,-9,0,0
2014,37,822*A,Ivesia gordonii,83,83,-10,-10,10,3,0,0,0,NA,NA,1,NA
2015,37,822*A,Ivesia gordonii,83,83,-10,-10,11,3.5,7,0,0,10,1,1,0
2016,37,822*A,Ivesia gordonii,83,83,-10,-10,8,3,1,0,0,11,-3,1,0
2017,37,822*A,Ivesia gordonii,83,83,-10,-10,8,2.5,0,0,0,8,0,1,0
2018,37,822*A,Ivesia gordonii,83,83,-10,-10,11,3,1,0,0,8,3,1,0
2019,37,822*A,Ivesia gordonii,83,83,-10,-10,10.5,3,1,0,0,11,-0.5,1,0
2020,37,822*A,Ivesia gordonii,83,83,-10,-10,11,3,4,0,0,10.5,0.5,1,0
2021,37,822*A,Ivesia gordonii,83,83,-10,-10,0,0,0,0,0,11,-11,1,0
2014,37,823*A,Ivesia gordonii,103,108,-10,-10,2,1,0,0,0,NA,NA,1,NA
2015,37,823*A,Ivesia gordonii,103,108,-10,-10,3.5,2.5,0,0,0,2,1.5,1,0
2016,37,823*A,Ivesia gordonii,103,108,-10,-10,6,3,0,0,0,3.5,2.5,1,0
2017,37,823*A,Ivesia gordonii,103,108,-10,-10,4.5,3,0,0,0,6,-1.5,1,0
2018,37,823*A,Ivesia gordonii,103,108,-10,-10,5,2,0,0,0,4.5,0.5,1,0
2019,37,823*A,Ivesia gordonii,103,108,-10,-10,8,2.5,1,0,0,5,3,1,0
2020,37,823*A,Ivesia gordonii,103,108,-10,-10,8,5.5,7,0,0,8,0,1,0
2021,37,823*A,Ivesia gordonii,103,108,-10,-10,0,0,0,0,0,8,-8,1,0
2014,37,824*A,Ivesia gordonii,104,99,-10,-10,11,4,3,0,0,NA,NA,1,NA
2015,37,824*A,Ivesia gordonii,104,99,-10,-10,11,6,4,0,0,11,0,1,0
2016,37,824*A,Ivesia gordonii,104,99,-10,-10,8,3,12,0,0,11,-3,1,0
2017,37,824*A,Ivesia gordonii,104,99,-10,-10,7,4.5,0,0,0,8,-1,1,0
2018,37,824*A,Ivesia gordonii,104,99,-10,-10,17,3,2,0,0,7,10,1,0
2019,37,824*A,Ivesia gordonii,104,99,-10,-10,13.5,4,1,0,0,17,-3.5,1,0
2020,37,824*A,Ivesia gordonii,104,99,-10,-10,15,5.5,8,0,0,13.5,1.5,1,0
2021,37,824*A,Ivesia gordonii,104,99,-10,-10,0,0,0,0,0,15,-15,1,0
2014,38,825*A,Ivesia gordonii,135,120,-10,-10,1,1,0,1,0,NA,NA,1,1
2015,38,825*A,Ivesia gordonii,135,120,-10,-10,0.5,0.7,0,0,0,1,-0.5,1,0
2016,38,825*A,Ivesia gordonii,135,120,-10,-10,1,0.5,0,0,0,0.5,0.5,1,0
2017,38,825*A,Ivesia gordonii,135,120,-10,-10,0,0,0,0,1,1,-1,0,0
2014,38,826*A,Ivesia gordonii,165,100,-10,-10,0.5,0.5,0,0,0,NA,NA,1,NA
2015,38,826*A,Ivesia gordonii,165,100,-10,-10,0.7,0.7,0,0,0,0.5,0.2,1,0
2016,38,826*A,Ivesia gordonii,165,100,-10,-10,0.9,0.8,0,0,0,0.7,0.2,1,0
2017,38,826*A,Ivesia gordonii,165,100,-10,-10,0,0,0,0,1,0.9,-0.9,0,0
2014,39,827*A,Eriogonum umbellatum,51,70,-10,-10,7,1,0,0,0,NA,NA,1,NA
2015,39,827*A,Eriogonum umbellatum,51,70,-10,-10,10,2,0,0,0,7,3,1,0
2016,39,827*A,Eriogonum umbellatum,51,70,-10,-10,7,2,0,0,0,10,-3,1,0
2017,39,827*A,Eriogonum umbellatum,51,70,-10,-10,10.5,2.5,0,0,0,7,3.5,1,0
2018,39,827*A,Eriogonum umbellatum,51,70,-10,-10,11,1.5,0,0,0,10.5,0.5,1,0
2019,39,827*A,Eriogonum umbellatum,51,70,-10,-10,11.9,2,1,0,0,11,0.9,1,0
2020,39,827*A,Eriogonum umbellatum,51,70,-10,-10,13,2.5,1,0,0,11.9,1.1,1,0
2021,39,827*A,Eriogonum umbellatum,51,70,-10,-10,14.5,1,5,0,0,13,1.5,1,0
2014,39,828*A,Lupinus argenteus,175,170,-10,-10,9,6,0,0,0,NA,NA,1,NA
2015,39,828*A,Lupinus argenteus,175,170,-10,-10,6,3.5,0,0,0,9,-3,1,0
2016,39,828*A,Lupinus argenteus,175,170,-10,-10,7,4.5,0,0,0,6,1,1,0
2017,39,828*A,Lupinus argenteus,175,170,-10,-10,3,2,0,0,0,7,-4,1,0
2018,39,828*A,Lupinus argenteus,175,170,-10,-10,0,0,0,0,1,3,-3,0,0
2014,40,829*A,Lupinus argenteus,50,15,-10,-10,10,8,0,0,0,NA,NA,1,NA
2015,40,829*A,Lupinus argenteus,50,15,-10,-10,20,12,4,0,0,10,10,1,0
2016,40,829*A,Lupinus argenteus,50,15,-10,-10,0,0,0,0,1,20,-20,0,0
2014,9,83*A,Ivesia gordonii,60,75,-10,-10,4,1,0,0,0,NA,NA,1,NA
2015,9,83*A,Ivesia gordonii,60,75,-10,-10,6,4,0,0,0,4,2,1,0
2016,9,83*A,Ivesia gordonii,60,75,-10,-10,7.5,4,0,0,0,6,1.5,1,0
2017,9,83*A,Ivesia gordonii,60,75,-10,-10,8,4,1,0,0,7.5,0.5,1,0
2018,9,83*A,Ivesia gordonii,60,75,-10,-10,0,0,0,0,1,8,-8,0,0
2014,40,830*A,Lupinus argenteus,50,18,-10,-10,18,10,0,0,0,NA,NA,1,NA
2015,40,830*A,Lupinus argenteus,50,18,-10,-10,0,0,0,0,1,18,-18,0,0
2014,40,831*A,Lupinus argenteus,50,22,-10,-10,8,7,0,0,0,NA,NA,1,NA
2015,40,831*A,Lupinus argenteus,50,22,-10,-10,0,0,0,0,1,8,-8,0,0
2014,40,832*A,Lupinus argenteus,50,25,-10,-10,15,8,0,0,0,NA,NA,1,NA
2015,40,832*A,Lupinus argenteus,50,25,-10,-10,12,11,0,0,0,15,-3,1,0
2016,40,832*A,Lupinus argenteus,50,25,-10,-10,0,0,0,0,1,12,-12,0,0
2014,40,833*A,Elymus lanceolatus,60,0,0,5,2,16,1,0,0,NA,NA,1,NA
2015,40,833*A,Elymus lanceolatus,60,0,0,5,8,11,0,0,0,2,6,1,0
2016,40,833*A,Elymus lanceolatus,60,0,0,5,9,13,1,0,0,8,1,1,0
2017,40,833*A,Elymus lanceolatus,60,0,0,5,5,8,0,0,0,9,-4,1,0
2018,40,833*A,Elymus lanceolatus,60,0,0,5,19.5,14,1,0,0,5,14.5,1,0
2019,40,833*A,Elymus lanceolatus,60,0,0,5,15,25,1,0,1,19.5,-4.5,0,0
2014,40,834*A,Elymus lanceolatus,62,0,0,5,3,11,0,0,0,NA,NA,1,NA
2015,40,834*A,Elymus lanceolatus,62,0,0,5,12,17,2,0,0,3,9,1,0
2016,40,834*A,Elymus lanceolatus,62,0,0,5,22,17,5,0,0,12,10,1,0
2017,40,834*A,Elymus lanceolatus,62,0,0,5,29,28,6,0,0,22,7,1,0
2018,40,834*A,Elymus lanceolatus,62,0,0,5,33,23.5,31,0,0,29,4,1,0
2019,40,834*A,Elymus lanceolatus,62,0,0,5,27.5,29.5,46,0,0,33,-5.5,1,0
2020,40,834*A,Elymus lanceolatus,62,0,0,5,23,18,3,0,0,27.5,-4.5,1,0
2021,40,834*A,Elymus lanceolatus,62,0,0,5,25,23.5,1,0,0,23,2,1,0
2014,40,835*A,Eriogonum umbellatum,75,10,0,10,16,3,0,0,0,NA,NA,1,NA
2015,40,835*A,Eriogonum umbellatum,75,10,0,10,19,3,0,0,0,16,3,1,0
2016,40,835*A,Eriogonum umbellatum,75,10,0,10,18,2.5,1,0,0,19,-1,1,0
2017,40,835*A,Eriogonum umbellatum,75,10,0,10,13.4,3,0,0,0,18,-4.6,1,0
2018,40,835*A,Eriogonum umbellatum,75,10,0,10,11.5,1.5,0,0,0,13.4,-1.9,1,0
2019,40,835*A,Eriogonum umbellatum,75,10,0,10,9.5,7,0,0,0,11.5,-2,1,0
2020,40,835*A,Eriogonum umbellatum,75,10,0,10,0,0,0,0,1,9.5,-9.5,0,0
2014,40,836*A,Heterotheca villosa,80,10,0,10,6,3,0,0,0,NA,NA,1,NA
2015,40,836*A,Heterotheca villosa,80,10,0,10,9,3,0,0,0,6,3,1,0
2016,40,836*A,Heterotheca villosa,80,10,0,10,11,5,2,0,0,9,2,1,0
2017,40,836*A,Heterotheca villosa,80,10,0,10,12,7,2,0,0,11,1,1,0
2018,40,836*A,Heterotheca villosa,80,10,0,10,0,0,0,0,1,12,-12,0,0
2014,40,837*A,Lupinus argenteus,40,65,-10,-10,12,7,0,0,0,NA,NA,1,NA
2015,40,837*A,Lupinus argenteus,40,65,-10,-10,13,6,0,0,0,12,1,1,0
2016,40,837*A,Lupinus argenteus,40,65,-10,-10,0,0,0,0,1,13,-13,0,0
2014,41,838*A,Ivesia gordonii,62,15,-10,-10,10,4,6,0,0,NA,NA,1,NA
2015,41,838*A,Ivesia gordonii,62,15,-10,-10,15.5,6,10,0,0,10,5.5,1,0
2016,41,838*A,Ivesia gordonii,62,15,-10,-10,15,5,32,0,0,15.5,-0.5,1,0
2017,41,838*A,Ivesia gordonii,62,15,-10,-10,0,0,0,0,1,15,-15,0,0
2014,41,839*A,Ivesia gordonii,95,70,-10,-10,13,4,19,0,0,NA,NA,1,NA
2015,41,839*A,Ivesia gordonii,95,70,-10,-10,15,8,9,0,0,13,2,1,0
2016,41,839*A,Ivesia gordonii,95,70,-10,-10,18,6,33,0,0,15,3,1,0
2017,41,839*A,Ivesia gordonii,95,70,-10,-10,0,0,0,0,1,18,-18,0,0
2014,9,84*A,Lupinus argenteus,65,160,-10,-10,13,8,0,0,0,NA,NA,1,NA
2015,9,84*A,Lupinus argenteus,65,160,-10,-10,0,0,0,0,1,13,-13,0,0
2014,41,840*A,Lupinus argenteus,140,110,-10,-10,28,13,4,0,0,NA,NA,1,NA
2015,41,840*A,Lupinus argenteus,140,110,-10,-10,0,0,0,0,1,28,-28,0,0
2014,41,841*A,Lupinus argenteus,150,120,-10,-10,8,8,0,0,0,NA,NA,1,NA
2015,41,841*A,Lupinus argenteus,150,120,-10,-10,9.5,4.5,0,0,0,8,1.5,1,0
2016,41,841*A,Lupinus argenteus,150,120,-10,-10,2,1,0,0,0,9.5,-7.5,1,0
2017,41,841*A,Lupinus argenteus,150,120,-10,-10,0,0,0,0,1,2,-2,0,0
2014,41,842*A,Lupinus argenteus,155,125,-10,-10,11,5,0,0,0,NA,NA,1,NA
2015,41,842*A,Lupinus argenteus,155,125,-10,-10,0,0,0,0,1,11,-11,0,0
2014,41,843*A,Lupinus argenteus,160,135,-10,-10,6,4,0,0,0,NA,NA,1,NA
2015,41,843*A,Lupinus argenteus,160,135,-10,-10,8,4.5,0,0,0,6,2,1,0
2016,41,843*A,Lupinus argenteus,160,135,-10,-10,5.5,3,0,0,0,8,-2.5,1,0
2017,41,843*A,Lupinus argenteus,160,135,-10,-10,0,0,0,0,1,5.5,-5.5,0,0
2014,41,844*A,Lupinus argenteus,155,145,-10,-10,12,8,0,0,0,NA,NA,1,NA
2015,41,844*A,Lupinus argenteus,155,145,-10,-10,16,7,0,0,0,12,4,1,0
2016,41,844*A,Lupinus argenteus,155,145,-10,-10,7,5,0,0,0,16,-9,1,0
2017,41,844*A,Lupinus argenteus,155,145,-10,-10,0,0,0,0,1,7,-7,0,0
2014,41,845*A,Lupinus argenteus,150,150,-10,-10,18,13,2,0,0,NA,NA,1,NA
2015,41,845*A,Lupinus argenteus,150,150,-10,-10,11,4,0,0,0,18,-7,1,0
2016,41,845*A,Lupinus argenteus,150,150,-10,-10,11,6,0,0,0,11,0,1,0
2017,41,845*A,Lupinus argenteus,150,150,-10,-10,0,0,0,0,1,11,-11,0,0
2014,41,846*A,Lupinus argenteus,120,160,-10,-10,30,15,6,0,0,NA,NA,1,NA
2015,41,846*A,Lupinus argenteus,120,160,-10,-10,9,6,1,0,0,30,-21,1,0
2016,41,846*A,Lupinus argenteus,120,160,-10,-10,0,0,0,0,1,9,-9,0,0
2014,41,847*A,Lupinus argenteus,110,165,-10,-10,35,16,4,0,0,NA,NA,1,NA
2015,41,847*A,Lupinus argenteus,110,165,-10,-10,22,9,1,0,0,35,-13,1,0
2016,41,847*A,Lupinus argenteus,110,165,-10,-10,10,7,0,0,0,22,-12,1,0
2017,41,847*A,Lupinus argenteus,110,165,-10,-10,0,0,0,0,1,10,-10,0,0
2014,41,848*A,Eriogonum umbellatum,169,187,-10,-10,82,3,73,0,0,NA,NA,1,NA
2015,41,848*A,Eriogonum umbellatum,169,187,-10,-10,82,3,69,0,0,82,0,1,0
2016,41,848*A,Eriogonum umbellatum,169,187,-10,-10,87,3,93,0,0,82,5,1,0
2017,41,848*A,Eriogonum umbellatum,169,187,-10,-10,84,3,83,0,0,87,-3,1,0
2018,41,848*A,Eriogonum umbellatum,169,187,-10,-10,81,3,56,0,0,84,-3,1,0
2019,41,848*A,Eriogonum umbellatum,169,187,-10,-10,82.5,6,52,0,0,81,1.5,1,0
2020,41,848*A,Eriogonum umbellatum,169,187,-10,-10,84,4,63,0,0,82.5,1.5,1,0
2021,41,848*A,Eriogonum umbellatum,169,187,-10,-10,87.5,3,30,0,0,84,3.5,1,0
2014,41,849*A,Senecio crassulus,170,175,10,-10,5,7,0,0,0,NA,NA,1,NA
2015,41,849*A,Senecio crassulus,170,175,10,-10,11,11,0,0,0,5,6,1,0
2016,41,849*A,Senecio crassulus,170,175,10,-10,19,20,12,0,0,11,8,1,0
2017,41,849*A,Senecio crassulus,170,175,10,-10,10,8,0,0,0,19,-9,1,0
2018,41,849*A,Senecio crassulus,170,175,10,-10,0,0,0,0,1,10,-10,0,0
2014,9,85*A,Ivesia gordonii,135,175,-10,-10,6,3,0,0,0,NA,NA,1,NA
2015,9,85*A,Ivesia gordonii,135,175,-10,-10,6.5,4,4,0,0,6,0.5,1,0
2016,9,85*A,Ivesia gordonii,135,175,-10,-10,0,0,0,0,1,6.5,-6.5,0,0
2014,41,851*A,Agoseris glauca,185,190,-10,-10,7,5,0,0,0,NA,NA,1,NA
2015,41,851*A,Agoseris glauca,185,190,-10,-10,5,4,0,0,0,7,-2,1,0
2016,41,851*A,Agoseris glauca,185,190,-10,-10,5,4,0,0,0,5,0,1,0
2017,41,851*A,Agoseris glauca,185,190,-10,-10,4.5,4,0,0,0,5,-0.5,1,0
2018,41,851*A,Agoseris glauca,185,190,-10,-10,0,0,0,0,1,4.5,-4.5,0,0
2014,41,852*A,Achnatherum lettermanii,183,189,-10,-10,3,7,0,0,0,NA,NA,1,NA
2015,41,852*A,Achnatherum lettermanii,183,189,-10,-10,3,5,0,0,0,3,0,1,0
2016,41,852*A,Achnatherum lettermanii,183,189,-10,-10,4,4,0,0,0,3,1,1,0
2017,41,852*A,Achnatherum lettermanii,183,189,-10,-10,5,6,0,0,0,4,1,1,0
2018,41,852*A,Achnatherum lettermanii,183,189,-10,-10,3.5,2,0,0,0,5,-1.5,1,0
2019,41,852*A,Achnatherum lettermanii,183,189,-10,-10,0,0,0,0,1,3.5,-3.5,0,0
2014,41,853*A,Achnatherum lettermanii,190,190,-10,-10,3,2,0,0,0,NA,NA,1,NA
2015,41,853*A,Achnatherum lettermanii,190,190,-10,-10,3,3,0,0,0,3,0,1,0
2016,41,853*A,Achnatherum lettermanii,190,190,-10,-10,4,3,0,0,0,3,1,1,0
2017,41,853*A,Achnatherum lettermanii,190,190,-10,-10,3,2.5,0,0,0,4,-1,1,0
2018,41,853*A,Achnatherum lettermanii,190,190,-10,-10,0,0,0,0,1,3,-3,0,0
2014,41,854*A,Arnica latifolia,155,180,-10,-10,4,8,1,0,0,NA,NA,1,NA
2015,41,854*A,Arnica latifolia,155,180,-10,-10,8.5,8,0,0,0,4,4.5,1,0
2016,41,854*A,Arnica latifolia,155,180,-10,-10,6,12,3,0,0,8.5,-2.5,1,0
2017,41,854*A,Arnica latifolia,155,180,-10,-10,10,6,1,0,0,6,4,1,0
2018,41,854*A,Arnica latifolia,155,180,-10,-10,6,4.5,0,0,0,10,-4,1,0
2019,41,854*A,Arnica latifolia,155,180,-10,-10,0,0,0,0,1,6,-6,0,0
2014,41,855*A,Arnica latifolia,150,200,-10,-10,7,11,1,0,0,NA,NA,1,NA
2015,41,855*A,Arnica latifolia,150,200,-10,-10,11,6,1,0,0,7,4,1,0
2016,41,855*A,Arnica latifolia,150,200,-10,-10,10,13,7,0,0,11,-1,1,0
2017,41,855*A,Arnica latifolia,150,200,-10,-10,23,13,4,0,0,10,13,1,0
2018,41,855*A,Arnica latifolia,150,200,-10,-10,3,5,0,0,0,23,-20,1,0
2019,41,855*A,Arnica latifolia,150,200,-10,-10,0,0,0,0,1,3,-3,0,0
2014,41,856*A,Achnatherum lettermanii,156,200,10,0,7,5,0,0,0,NA,NA,1,NA
2015,41,856*A,Achnatherum lettermanii,156,200,10,0,6,7,0,0,0,7,-1,1,0
2016,41,856*A,Achnatherum lettermanii,156,200,10,0,13,13,2,0,0,6,7,1,0
2017,41,856*A,Achnatherum lettermanii,156,200,10,0,7,6,0,0,0,13,-6,1,0
2018,41,856*A,Achnatherum lettermanii,156,200,10,0,7,6,0,0,0,7,0,1,0
2019,41,856*A,Achnatherum lettermanii,156,200,10,0,4,5.5,0,0,0,7,-3,1,0
2020,41,856*A,Achnatherum lettermanii,156,200,10,0,0,0,0,0,1,4,-4,0,0
2014,41,857*A,Arnica latifolia,145,190,-10,-10,4,4,0,0,0,NA,NA,1,NA
2015,41,857*A,Arnica latifolia,145,190,-10,-10,8,5,0,0,0,4,4,1,0
2016,41,857*A,Arnica latifolia,145,190,-10,-10,5,8,1,0,0,8,-3,1,0
2017,41,857*A,Arnica latifolia,145,190,-10,-10,9,8,1,0,0,5,4,1,0
2018,41,857*A,Arnica latifolia,145,190,-10,-10,4,6.5,1,0,0,9,-5,1,0
2019,41,857*A,Arnica latifolia,145,190,-10,-10,0,0,0,0,1,4,-4,0,0
2014,41,858*A,Lupinus argenteus,5,183,0,-10,8,4,0,0,0,NA,NA,1,NA
2015,41,858*A,Lupinus argenteus,5,183,0,-10,13,5,0,0,0,8,5,1,0
2016,41,858*A,Lupinus argenteus,5,183,0,-10,9,4,0,0,0,13,-4,1,0
2017,41,858*A,Lupinus argenteus,5,183,0,-10,0,0,0,0,1,9,-9,0,0
2014,41,859*A,Arenaria congesta,25,148,-10,-10,5,3,0,0,0,NA,NA,1,NA
2015,41,859*A,Arenaria congesta,25,148,-10,-10,6,3,0,0,0,5,1,1,0
2016,41,859*A,Arenaria congesta,25,148,-10,-10,8,4,8,0,0,6,2,1,0
2017,41,859*A,Arenaria congesta,25,148,-10,-10,9.5,5,7,0,0,8,1.5,1,0
2018,41,859*A,Arenaria congesta,25,148,-10,-10,10,7,14,0,0,9.5,0.5,1,0
2019,41,859*A,Arenaria congesta,25,148,-10,-10,17.5,9,17,0,0,10,7.5,1,0
2020,41,859*A,Arenaria congesta,25,148,-10,-10,14,7,12,0,0,17.5,-3.5,1,0
2021,41,859*A,Arenaria congesta,25,148,-10,-10,10.5,5,14,0,0,14,-3.5,1,0
2014,9,86*A,Elymus lanceolatus,186,140,-10,-10,11,13,1,0,0,NA,NA,1,NA
2015,9,86*A,Elymus lanceolatus,186,140,-10,-10,18.5,12,0,0,0,11,7.5,1,0
2016,9,86*A,Elymus lanceolatus,186,140,-10,-10,25,22,7,0,0,18.5,6.5,1,0
2017,9,86*A,Elymus lanceolatus,186,140,-10,-10,19,20,2,0,0,25,-6,1,0
2018,9,86*A,Elymus lanceolatus,186,140,-10,-10,18,23.5,10,0,0,19,-1,1,0
2019,9,86*A,Elymus lanceolatus,186,140,-10,-10,19.5,15,0,0,0,18,1.5,1,0
2020,9,86*A,Elymus lanceolatus,186,140,-10,-10,13,14.5,1,0,0,19.5,-6.5,1,0
2021,9,86*A,Elymus lanceolatus,186,140,-10,-10,11.5,20,5,0,0,13,-1.5,1,0
2014,41,860*A,Elymus lanceolatus,0,112,-5,-5,14,16,5,0,0,NA,NA,1,NA
2015,41,860*A,Elymus lanceolatus,0,112,-5,-5,28,17,4,0,0,14,14,1,0
2016,41,860*A,Elymus lanceolatus,0,112,-5,-5,29,25,39,0,0,28,1,1,0
2017,41,860*A,Elymus lanceolatus,0,112,-5,-5,16,14,0,0,0,29,-13,1,0
2018,41,860*A,Elymus lanceolatus,0,112,-5,-5,26,19,25,0,0,16,10,1,0
2019,41,860*A,Elymus lanceolatus,0,112,-5,-5,23.5,27,20,0,0,26,-2.5,1,0
2020,41,860*A,Elymus lanceolatus,0,112,-5,-5,27,23,0,0,0,23.5,3.5,1,0
2021,41,860*A,Elymus lanceolatus,0,112,-5,-5,29.5,24.5,11,0,0,27,2.5,1,0
2014,41,861*A,Heterotheca villosa,10,95,-10,-10,1,1,0,1,0,NA,NA,1,1
2015,41,861*A,Heterotheca villosa,10,95,-10,-10,5.5,3,0,0,0,1,4.5,1,0
2016,41,861*A,Heterotheca villosa,10,95,-10,-10,9,5,0,0,0,5.5,3.5,1,0
2017,41,861*A,Heterotheca villosa,10,95,-10,-10,12.5,3.5,8,0,0,9,3.5,1,0
2018,41,861*A,Heterotheca villosa,10,95,-10,-10,0,0,0,0,1,12.5,-12.5,0,0
2014,41,862*A,Eriogonum umbellatum,3,85,-10,-10,20,2,6,0,0,NA,NA,1,NA
2015,41,862*A,Eriogonum umbellatum,3,85,-10,-10,26,2,11,0,0,20,6,1,0
2016,41,862*A,Eriogonum umbellatum,3,85,-10,-10,26,2,16,0,0,26,0,1,0
2017,41,862*A,Eriogonum umbellatum,3,85,-10,-10,27,5,9,0,0,26,1,1,0
2018,41,862*A,Eriogonum umbellatum,3,85,-10,-10,25,1.5,13,0,0,27,-2,1,0
2019,41,862*A,Eriogonum umbellatum,3,85,-10,-10,16.5,3,3,0,0,25,-8.5,1,0
2020,41,862*A,Eriogonum umbellatum,3,85,-10,-10,12,3.5,2,0,0,16.5,-4.5,1,0
2021,41,862*A,Eriogonum umbellatum,3,85,-10,-10,9.7,2,1,0,0,12,-2.3,1,0
2014,42,863*A,Eriogonum umbellatum,0,40,0,-10,13,2,3,0,0,NA,NA,1,NA
2015,42,863*A,Eriogonum umbellatum,0,40,0,-10,11,2,1,0,0,13,-2,1,0
2016,42,863*A,Eriogonum umbellatum,0,40,0,-10,0,0,0,0,1,11,-11,0,0
2014,42,864*A,Lupinus argenteus,12,48,-10,-10,7,4,0,0,0,NA,NA,1,NA
2015,42,864*A,Lupinus argenteus,12,48,-10,-10,13,7,0,0,0,7,6,1,0
2016,42,864*A,Lupinus argenteus,12,48,-10,-10,8,6,0,0,0,13,-5,1,0
2017,42,864*A,Lupinus argenteus,12,48,-10,-10,8,6.5,0,0,0,8,0,1,0
2018,42,864*A,Lupinus argenteus,12,48,-10,-10,0,0,0,0,1,8,-8,0,0
2014,42,865*A,Eriogonum umbellatum,0,64,0,-10,50,3,31,0,0,NA,NA,1,NA
2015,42,865*A,Eriogonum umbellatum,0,64,0,-10,45,3,23,0,0,50,-5,1,0
2016,42,865*A,Eriogonum umbellatum,0,64,0,-10,38,3,41,0,0,45,-7,1,0
2017,42,865*A,Eriogonum umbellatum,0,64,0,-10,46,3,33,0,0,38,8,1,0
2018,42,865*A,Eriogonum umbellatum,0,64,0,-10,37,3,3,0,0,46,-9,1,0
2019,42,865*A,Eriogonum umbellatum,0,64,0,-10,39.5,6,16,0,0,37,2.5,1,0
2020,42,865*A,Eriogonum umbellatum,0,64,0,-10,41,3,14,0,0,39.5,1.5,1,0
2021,42,865*A,Eriogonum umbellatum,0,64,0,-10,43.5,4,35,0,0,41,2.5,1,0
2014,42,866*A,Elymus lanceolatus,10,55,-10,-10,9,20,2,0,0,NA,NA,1,NA
2015,42,866*A,Elymus lanceolatus,10,55,-10,-10,10,10,1,0,0,9,1,1,0
2016,42,866*A,Elymus lanceolatus,10,55,-10,-10,16,22,4,0,0,10,6,1,0
2017,42,866*A,Elymus lanceolatus,10,55,-10,-10,0,0,0,0,1,16,-16,0,0
2014,42,867*A,Lupinus argenteus,135,175,-10,-10,12,5,0,0,0,NA,NA,1,NA
2015,42,867*A,Lupinus argenteus,135,175,-10,-10,20,10,0,0,0,12,8,1,0
2016,42,867*A,Lupinus argenteus,135,175,-10,-10,28,9,1,0,0,20,8,1,0
2017,42,867*A,Lupinus argenteus,135,175,-10,-10,0,0,0,0,1,28,-28,0,0
2014,42,868*A,Lupinus argenteus,180,170,-10,-10,15,6,0,0,0,NA,NA,1,NA
2015,42,868*A,Lupinus argenteus,180,170,-10,-10,6.5,3,0,0,0,15,-8.5,1,0
2016,42,868*A,Lupinus argenteus,180,170,-10,-10,0,0,0,0,1,6.5,-6.5,0,0
2014,42,869*A,Lupinus argenteus,20,190,-5,-5,26,13,8,0,0,NA,NA,1,NA
2015,42,869*A,Lupinus argenteus,20,190,-5,-5,13,8,0,0,0,26,-13,1,0
2016,42,869*A,Lupinus argenteus,20,190,-5,-5,0,0,0,0,1,13,-13,0,0
2014,9,87*A,Ivesia gordonii,189,76,-10,-10,10,5,0,0,0,NA,NA,1,NA
2015,9,87*A,Ivesia gordonii,189,76,-10,-10,13,6.5,13,0,0,10,3,1,0
2016,9,87*A,Ivesia gordonii,189,76,-10,-10,17,5,6,0,0,13,4,1,0
2017,9,87*A,Ivesia gordonii,189,76,-10,-10,14,6.5,8,0,0,17,-3,1,0
2018,9,87*A,Ivesia gordonii,189,76,-10,-10,10.5,5,1,0,0,14,-3.5,1,0
2019,9,87*A,Ivesia gordonii,189,76,-10,-10,14,6.5,1,0,0,10.5,3.5,1,0
2020,9,87*A,Ivesia gordonii,189,76,-10,-10,12,3.5,0,0,0,14,-2,1,0
2021,9,87*A,Ivesia gordonii,189,76,-10,-10,14.5,7.5,6,0,0,12,2.5,1,0
2014,42,870*A,Lupinus argenteus,15,200,-10,-10,25,11,5,0,0,NA,NA,1,NA
2015,42,870*A,Lupinus argenteus,15,200,-10,-10,15,7,0,0,0,25,-10,1,0
2016,42,870*A,Lupinus argenteus,15,200,-10,-10,0,0,0,0,1,15,-15,0,0
2014,42,871*A,Lupinus argenteus,10,180,-10,-10,8,8,0,0,0,NA,NA,1,NA
2015,42,871*A,Lupinus argenteus,10,180,-10,-10,0,0,0,0,1,8,-8,0,0
2014,42,872*A,Lupinus argenteus,0,165,0,-10,38,9,8,0,0,NA,NA,1,NA
2015,42,872*A,Lupinus argenteus,0,165,0,-10,20,10,3,0,0,38,-18,1,0
2016,42,872*A,Lupinus argenteus,0,165,0,-10,31,13,4,0,0,20,11,1,0
2017,42,872*A,Lupinus argenteus,0,165,0,-10,16,7,0,0,0,31,-15,1,0
2018,42,872*A,Lupinus argenteus,0,165,0,-10,0,0,0,0,1,16,-16,0,0
2014,45,873*A,Heterotheca villosa,1,32,0,-10,18,6,6,0,0,NA,NA,1,NA
2015,45,873*A,Heterotheca villosa,1,32,0,-10,14,4,4,0,0,18,-4,1,0
2016,45,873*A,Heterotheca villosa,1,32,0,-10,0,0,0,0,1,14,-14,0,0
2014,45,874*A,Eriogonum umbellatum,71,53,-10,-10,28,3,10,0,0,NA,NA,1,NA
2015,45,874*A,Eriogonum umbellatum,71,53,-10,-10,28,3.5,34,0,0,28,0,1,0
2016,45,874*A,Eriogonum umbellatum,71,53,-10,-10,29,3,36,0,0,28,1,1,0
2017,45,874*A,Eriogonum umbellatum,71,53,-10,-10,30,2.5,7,0,0,29,1,1,0
2018,45,874*A,Eriogonum umbellatum,71,53,-10,-10,23,1.5,1,0,0,30,-7,1,0
2019,45,874*A,Eriogonum umbellatum,71,53,-10,-10,19.5,5,0,0,0,23,-3.5,1,0
2020,45,874*A,Eriogonum umbellatum,71,53,-10,-10,20,3.5,1,0,0,19.5,0.5,1,0
2021,45,874*A,Eriogonum umbellatum,71,53,-10,-10,20,2,2,0,0,20,0,1,0
2014,45,875*A,Heterotheca villosa,90,70,-10,-10,31,8,63,0,0,NA,NA,1,NA
2015,45,875*A,Heterotheca villosa,90,70,-10,-10,25,5,26,0,0,31,-6,1,0
2016,45,875*A,Heterotheca villosa,90,70,-10,-10,0,0,0,0,1,25,-25,0,0
2014,45,876*A,Ivesia gordonii,33,118,-10,-10,6,2,0,0,0,NA,NA,1,NA
2015,45,876*A,Ivesia gordonii,33,118,-10,-10,8.5,3,0,0,0,6,2.5,1,0
2016,45,876*A,Ivesia gordonii,33,118,-10,-10,13,5,9,0,0,8.5,4.5,1,0
2017,45,876*A,Ivesia gordonii,33,118,-10,-10,14,5,15,0,0,13,1,1,0
2018,45,876*A,Ivesia gordonii,33,118,-10,-10,17,5.5,4,0,0,14,3,1,0
2019,45,876*A,Ivesia gordonii,33,118,-10,-10,29.5,7,23,0,0,17,12.5,1,0
2020,45,876*A,Ivesia gordonii,33,118,-10,-10,17,6.5,2,0,0,29.5,-12.5,1,0
2021,45,876*A,Ivesia gordonii,33,118,-10,-10,18,5.5,0,0,0,17,1,1,0
2014,46,877*A,Eriogonum umbellatum,5,0,0,-10,41,2,10,0,0,NA,NA,1,NA
2015,46,877*A,Eriogonum umbellatum,5,0,0,-10,44,2,25,0,0,41,3,1,0
2016,46,877*A,Eriogonum umbellatum,5,0,0,-10,51,4,30,0,0,44,7,1,0
2017,46,877*A,Eriogonum umbellatum,5,0,0,-10,58,3,37,0,0,51,7,1,0
2018,46,877*A,Eriogonum umbellatum,5,0,0,-10,79,2,22,0,0,58,21,1,0
2019,46,877*A,Eriogonum umbellatum,5,0,0,-10,75,3.5,33,0,0,79,-4,1,0
2020,46,877*A,Eriogonum umbellatum,5,0,0,-10,69,4,20,0,0,75,-6,1,0
2021,46,877*A,Eriogonum umbellatum,5,0,0,-10,72,2.5,25,0,0,69,3,1,0
2014,46,878*A,Carex siccata,18,12,0,-5,8,13,1,0,0,NA,NA,1,NA
2015,46,878*A,Carex siccata,18,12,0,-5,10,14,1,0,0,8,2,1,0
2016,46,878*A,Carex siccata,18,12,0,-5,16,16,2,0,0,10,6,1,0
2017,46,878*A,Carex siccata,18,12,0,-5,18,14,0,0,0,16,2,1,0
2018,46,878*A,Carex siccata,18,12,0,-5,0,0,0,0,1,18,-18,0,0
2014,46,879*A,Arenaria congesta,22,13,-10,-10,2,2,0,0,0,NA,NA,1,NA
2015,46,879*A,Arenaria congesta,22,13,-10,-10,8,6,0,0,0,2,6,1,0
2016,46,879*A,Arenaria congesta,22,13,-10,-10,9,4,0,0,0,8,1,1,0
2017,46,879*A,Arenaria congesta,22,13,-10,-10,0,0,0,0,1,9,-9,0,0
2014,9,88*A,Heterotheca villosa,184,17,-10,-10,1,1,0,1,0,NA,NA,1,1
2015,9,88*A,Heterotheca villosa,184,17,-10,-10,4,3,0,0,0,1,3,1,0
2016,9,88*A,Heterotheca villosa,184,17,-10,-10,7,3,0,0,0,4,3,1,0
2017,9,88*A,Heterotheca villosa,184,17,-10,-10,13.5,6,8,0,0,7,6.5,1,0
2018,9,88*A,Heterotheca villosa,184,17,-10,-10,4.5,2,0,0,0,13.5,-9,1,0
2019,9,88*A,Heterotheca villosa,184,17,-10,-10,10,4.5,1,0,0,4.5,5.5,1,0
2020,9,88*A,Heterotheca villosa,184,17,-10,-10,8.5,3,0,0,0,10,-1.5,1,0
2021,9,88*A,Heterotheca villosa,184,17,-10,-10,9,3,5,0,0,8.5,0.5,1,0
2014,46,880*A,Heterotheca villosa,25,15,2,-6,0.5,0.5,0,1,0,NA,NA,1,1
2015,46,880*A,Heterotheca villosa,25,15,2,-6,1.2,1.2,0,0,0,0.5,0.7,1,0
2016,46,880*A,Heterotheca villosa,25,15,2,-6,0,0,0,0,1,1.2,-1.2,0,0
2014,46,881*A,Lupinus argenteus,60,30,-10,-10,13,9,0,0,0,NA,NA,1,NA
2015,46,881*A,Lupinus argenteus,60,30,-10,-10,12,7.75,0,0,0,13,-1,1,0
2016,46,881*A,Lupinus argenteus,60,30,-10,-10,11,6.5,0,0,0,12,-1,1,0
2017,46,881*A,Lupinus argenteus,60,30,-10,-10,0,0,0,0,1,11,-11,0,0
2014,46,882*A,Heterotheca villosa,35,23,-3,-5,0.5,0.5,0,1,0,NA,NA,1,1
2015,46,882*A,Heterotheca villosa,35,23,-3,-5,1.5,1.5,0,0,0,0.5,1,1,0
2016,46,882*A,Heterotheca villosa,35,23,-3,-5,2,3.5,0,0,0,1.5,0.5,1,0
2017,46,882*A,Heterotheca villosa,35,23,-3,-5,0,0,0,0,1,2,-2,0,0
2014,46,883*A,Heterotheca villosa,36,5,10,0,4,1,0,0,0,NA,NA,1,NA
2015,46,883*A,Heterotheca villosa,36,5,10,0,7,3,0,0,0,4,3,1,0
2016,46,883*A,Heterotheca villosa,36,5,10,0,10,3.5,2,0,0,7,3,1,0
2017,46,883*A,Heterotheca villosa,36,5,10,0,0,0,0,0,1,10,-10,0,0
2014,46,884*A,Lupinus argenteus,37,10,10,0,7,3,0,0,0,NA,NA,1,NA
2015,46,884*A,Lupinus argenteus,37,10,10,0,8.5,6,0,0,0,7,1.5,1,0
2016,46,884*A,Lupinus argenteus,37,10,10,0,0,0,0,0,1,8.5,-8.5,0,0
2014,46,885*A,Arenaria congesta,40,12,-5,5,1,1,0,0,0,NA,NA,1,NA
2015,46,885*A,Arenaria congesta,40,12,-5,5,3.2,3,0,0,0,1,2.2,1,0
2016,46,885*A,Arenaria congesta,40,12,-5,5,3.5,1,0,0,0,3.2,0.3,1,0
2017,46,885*A,Arenaria congesta,40,12,-5,5,7,3.5,0,0,0,3.5,3.5,1,0
2018,46,885*A,Arenaria congesta,40,12,-5,5,8,5,9,0,0,7,1,1,0
2019,46,885*A,Arenaria congesta,40,12,-5,5,0,0,0,0,1,8,-8,0,0
2014,46,886*A,Senecio crassulus,53,10,0,-5,0.5,0.5,0,1,0,NA,NA,1,1
2015,46,886*A,Senecio crassulus,53,10,0,-5,1.5,1,0,0,0,0.5,1,1,0
2016,46,886*A,Senecio crassulus,53,10,0,-5,2.5,3,0,0,0,1.5,1,1,0
2017,46,886*A,Senecio crassulus,53,10,0,-5,8.5,5,0,0,0,2.5,6,1,0
2018,46,886*A,Senecio crassulus,53,10,0,-5,7,4,1,0,0,8.5,-1.5,1,0
2019,46,886*A,Senecio crassulus,53,10,0,-5,0,0,0,0,1,7,-7,0,0
2014,46,887*A,Eriogonum umbellatum,56,11,0,-5,0.5,0.5,0,1,0,NA,NA,1,1
2015,46,887*A,Eriogonum umbellatum,56,11,0,-5,1,0.5,0,0,0,0.5,0.5,1,0
2016,46,887*A,Eriogonum umbellatum,56,11,0,-5,0,0,0,0,1,1,-1,0,0
2014,46,888*A,Eriogonum umbellatum,50,20,1,-5,0.5,0.5,0,1,0,NA,NA,1,1
2015,46,888*A,Eriogonum umbellatum,50,20,1,-5,0.5,0.5,0,0,0,0.5,0,1,0
2016,46,888*A,Eriogonum umbellatum,50,20,1,-5,0.3,0.5,0,0,0,0.5,-0.2,1,0
2017,46,888*A,Eriogonum umbellatum,50,20,1,-5,0.5,0.5,0,0,0,0.3,0.2,1,0
2018,46,888*A,Eriogonum umbellatum,50,20,1,-5,0,0,0,0,1,0.5,-0.5,0,0
2014,46,889*A,Heterotheca villosa,55,24,0,-5,0.5,0.5,0,1,0,NA,NA,1,1
2015,46,889*A,Heterotheca villosa,55,24,0,-5,1.3,0.7,0,0,0,0.5,0.8,1,0
2016,46,889*A,Heterotheca villosa,55,24,0,-5,0,0,0,0,1,1.3,-1.3,0,0
2014,9,89*A,Lupinus argenteus,115,25,-10,-10,13,8,0,0,0,NA,NA,1,NA
2015,9,89*A,Lupinus argenteus,115,25,-10,-10,0,0,0,0,1,13,-13,0,0
2014,46,890*A,Lupinus argenteus,48,25,-5,-5,13,5,0,0,0,NA,NA,1,NA
2015,46,890*A,Lupinus argenteus,48,25,-5,-5,15,5,0,0,0,13,2,1,0
2016,46,890*A,Lupinus argenteus,48,25,-5,-5,3.5,4,0,0,0,15,-11.5,1,0
2017,46,890*A,Lupinus argenteus,48,25,-5,-5,0,0,0,0,1,3.5,-3.5,0,0
2014,46,891*A,Heterotheca villosa,43,32,-5,-5,1,0.5,0,1,0,NA,NA,1,1
2015,46,891*A,Heterotheca villosa,43,32,-5,-5,1,1.5,0,0,0,1,0,1,0
2016,46,891*A,Heterotheca villosa,43,32,-5,-5,0,0,0,0,1,1,-1,0,0
2014,46,892*A,Carex siccata,28,27,-10,-10,6,16,0,0,0,NA,NA,1,NA
2015,46,892*A,Carex siccata,28,27,-10,-10,17,13,1,0,0,6,11,1,0
2016,46,892*A,Carex siccata,28,27,-10,-10,17,15,2,0,0,17,0,1,0
2017,46,892*A,Carex siccata,28,27,-10,-10,18,14,1,0,0,17,1,1,0
2018,46,892*A,Carex siccata,28,27,-10,-10,22,11,0,0,0,18,4,1,0
2019,46,892*A,Carex siccata,28,27,-10,-10,0,0,0,0,1,22,-22,0,0
2014,46,893*A,Heterotheca villosa,30,35,-10,-10,36,5,16,0,0,NA,NA,1,NA
2015,46,893*A,Heterotheca villosa,30,35,-10,-10,37,6,15,0,0,36,1,1,0
2016,46,893*A,Heterotheca villosa,30,35,-10,-10,44,10,71,0,0,37,7,1,0
2017,46,893*A,Heterotheca villosa,30,35,-10,-10,33,7,0,0,0,44,-11,1,0
2018,46,893*A,Heterotheca villosa,30,35,-10,-10,0,0,0,0,1,33,-33,0,0
2014,46,894*A,Agoseris glauca,33,42,-10,10,9,6,1,0,0,NA,NA,1,NA
2015,46,894*A,Agoseris glauca,33,42,-10,10,12,5,0,0,0,9,3,1,0
2016,46,894*A,Agoseris glauca,33,42,-10,10,9,3,3,0,0,12,-3,1,0
2017,46,894*A,Agoseris glauca,33,42,-10,10,6.5,5,0,0,0,9,-2.5,1,0
2018,46,894*A,Agoseris glauca,33,42,-10,10,3.5,4,1,0,0,6.5,-3,1,0
2019,46,894*A,Agoseris glauca,33,42,-10,10,0,0,0,0,1,3.5,-3.5,0,0
2014,46,895*A,Carex siccata,12,47,-10,-10,10,9,0,0,0,NA,NA,1,NA
2015,46,895*A,Carex siccata,12,47,-10,-10,15,13,0,0,0,10,5,1,0
2016,46,895*A,Carex siccata,12,47,-10,-10,19,13,1,0,0,15,4,1,0
2017,46,895*A,Carex siccata,12,47,-10,-10,20,12,0,0,0,19,1,1,0
2018,46,895*A,Carex siccata,12,47,-10,-10,27,15,1,0,0,20,7,1,0
2019,46,895*A,Carex siccata,12,47,-10,-10,11,11,0,0,0,27,-16,1,0
2020,46,895*A,Carex siccata,12,47,-10,-10,0,0,0,0,1,11,-11,0,0
2014,46,896*A,Lupinus argenteus,66,5,0,-10,27,7,0,0,0,NA,NA,1,NA
2015,46,896*A,Lupinus argenteus,66,5,0,-10,21,7,0,0,0,27,-6,1,0
2016,46,896*A,Lupinus argenteus,66,5,0,-10,26,7,1,0,0,21,5,1,0
2017,46,896*A,Lupinus argenteus,66,5,0,-10,0,0,0,0,1,26,-26,0,0
2014,46,897*A,Eriogonum umbellatum,65,5,0,-10,0.5,0.5,0,1,0,NA,NA,1,1
2015,46,897*A,Eriogonum umbellatum,65,5,0,-10,2,1,0,0,0,0.5,1.5,1,0
2016,46,897*A,Eriogonum umbellatum,65,5,0,-10,1.2,0.5,0,0,0,2,-0.8,1,0
2017,46,897*A,Eriogonum umbellatum,65,5,0,-10,0,0,0,0,1,1.2,-1.2,0,0
2014,46,898*A,Eriogonum umbellatum,51,24,-10,-10,21,2,3,0,0,NA,NA,1,NA
2015,46,898*A,Eriogonum umbellatum,51,24,-10,-10,15,2,1,0,0,21,-6,1,0
2016,46,898*A,Eriogonum umbellatum,51,24,-10,-10,21,3,6,0,0,15,6,1,0
2017,46,898*A,Eriogonum umbellatum,51,24,-10,-10,24,2.5,10,0,0,21,3,1,0
2018,46,898*A,Eriogonum umbellatum,51,24,-10,-10,23.4,2,8,0,0,24,-0.6,1,0
2019,46,898*A,Eriogonum umbellatum,51,24,-10,-10,17,2.5,6,0,0,23.4,-6.4,1,0
2020,46,898*A,Eriogonum umbellatum,51,24,-10,-10,19,2.5,0,0,0,17,2,1,0
2021,46,898*A,Eriogonum umbellatum,51,24,-10,-10,21,2.5,2,0,0,19,2,1,0
2014,46,899*A,Lupinus argenteus,62,30,-10,-10,11,5,0,0,0,NA,NA,1,NA
2015,46,899*A,Lupinus argenteus,62,30,-10,-10,5,3.5,0,0,0,11,-6,1,0
2016,46,899*A,Lupinus argenteus,62,30,-10,-10,0,0,0,0,0,5,-5,1,0
2017,46,899*A,Lupinus argenteus,62,30,-10,-10,5,5,0,0,0,0,5,1,0
2018,46,899*A,Lupinus argenteus,62,30,-10,-10,0,0,0,0,1,5,-5,0,0
2014,1,9*A,Ivesia gordonii,177,85,-10,-10,12,4,3,0,0,NA,NA,1,NA
2015,1,9*A,Ivesia gordonii,177,85,-10,-10,11,3.5,6,0,0,12,-1,1,0
2016,1,9*A,Ivesia gordonii,177,85,-10,-10,14.6,8.2,11,0,0,11,3.6,1,0
2017,1,9*A,Ivesia gordonii,177,85,-10,-10,0,0,0,0,1,14.6,-14.6,0,0
2014,10,90*A,Lupinus argenteus,40,30,-10,-10,20,8,2,0,0,NA,NA,1,NA
2015,10,90*A,Lupinus argenteus,40,30,-10,-10,21.5,12,5,0,0,20,1.5,1,0
2016,10,90*A,Lupinus argenteus,40,30,-10,-10,19,10,2,0,0,21.5,-2.5,1,0
2017,10,90*A,Lupinus argenteus,40,30,-10,-10,0,0,0,0,1,19,-19,0,0
2014,46,900*A,Lupinus argenteus,65,40,-10,-10,3,4,0,0,0,NA,NA,1,NA
2015,46,900*A,Lupinus argenteus,65,40,-10,-10,5,6,0,0,0,3,2,1,0
2016,46,900*A,Lupinus argenteus,65,40,-10,-10,5,5,0,0,0,5,0,1,0
2017,46,900*A,Lupinus argenteus,65,40,-10,-10,0,0,0,0,1,5,-5,0,0
2014,46,901*A,Lupinus argenteus,65,51,-10,-10,13,7,0,0,0,NA,NA,1,NA
2015,46,901*A,Lupinus argenteus,65,51,-10,-10,17,7,1,0,0,13,4,1,0
2016,46,901*A,Lupinus argenteus,65,51,-10,-10,0,0,0,0,1,17,-17,0,0
2014,46,902*A,Lupinus argenteus,70,52,-10,-10,14,8,0,0,0,NA,NA,1,NA
2015,46,902*A,Lupinus argenteus,70,52,-10,-10,22,7,1,0,0,14,8,1,0
2016,46,902*A,Lupinus argenteus,70,52,-10,-10,3,5,3,0,0,22,-19,1,0
2017,46,902*A,Lupinus argenteus,70,52,-10,-10,0,0,0,0,1,3,-3,0,0
2014,46,903*A,Lupinus argenteus,80,55,-10,-10,25,11,5,0,0,NA,NA,1,NA
2015,46,903*A,Lupinus argenteus,80,55,-10,-10,22,10,0,0,0,25,-3,1,0
2016,46,903*A,Lupinus argenteus,80,55,-10,-10,25,7,2,0,0,22,3,1,0
2017,46,903*A,Lupinus argenteus,80,55,-10,-10,0,0,0,0,1,25,-25,0,0
2014,46,904*A,Lupinus argenteus,75,40,-10,-10,25,9,4,0,0,NA,NA,1,NA
2015,46,904*A,Lupinus argenteus,75,40,-10,-10,18,8,1,0,0,25,-7,1,0
2016,46,904*A,Lupinus argenteus,75,40,-10,-10,29,10,7,0,0,18,11,1,0
2017,46,904*A,Lupinus argenteus,75,40,-10,-10,8,4,0,0,0,29,-21,1,0
2018,46,904*A,Lupinus argenteus,75,40,-10,-10,0,0,0,0,1,8,-8,0,0
2014,46,905*A,Lupinus argenteus,87,40,-10,-10,0.5,0.5,0,1,0,NA,NA,1,1
2015,46,905*A,Lupinus argenteus,87,40,-10,-10,0,0,0,0,1,0.5,-0.5,0,0
2014,46,906*A,Heterotheca villosa,73,36,-10,-10,0.5,0.5,0,1,0,NA,NA,1,1
2015,46,906*A,Heterotheca villosa,73,36,-10,-10,2,1,0,0,0,0.5,1.5,1,0
2016,46,906*A,Heterotheca villosa,73,36,-10,-10,2,3,0,0,0,2,0,1,0
2017,46,906*A,Heterotheca villosa,73,36,-10,-10,3.5,2,0,0,0,2,1.5,1,0
2018,46,906*A,Heterotheca villosa,73,36,-10,-10,2,1.5,0,0,0,3.5,-1.5,1,0
2019,46,906*A,Heterotheca villosa,73,36,-10,-10,4,3,0,0,0,2,2,1,0
2020,46,906*A,Heterotheca villosa,73,36,-10,-10,6,4.5,2,0,0,4,2,1,0
2021,46,906*A,Heterotheca villosa,73,36,-10,-10,7,4,1,0,0,6,1,1,0
2014,46,907*A,Lupinus argenteus,81,15,-10,-10,10,6,0,0,0,NA,NA,1,NA
2015,46,907*A,Lupinus argenteus,81,15,-10,-10,0,0,0,0,1,10,-10,0,0
2014,46,908*A,Lupinus argenteus,82,13,-10,-10,0.5,0.5,0,1,0,NA,NA,1,1
2015,46,908*A,Lupinus argenteus,82,13,-10,-10,0,0,0,0,1,0.5,-0.5,0,0
2014,46,909*A,Lupinus argenteus,83,13,-10,-10,0.5,0.5,0,1,0,NA,NA,1,1
2015,46,909*A,Lupinus argenteus,83,13,-10,-10,0,0,0,0,1,0.5,-0.5,0,0
2014,10,91*A,Lupinus argenteus,48,37,-10,0,26,9,6,0,0,NA,NA,1,NA
2015,10,91*A,Lupinus argenteus,48,37,-10,0,19,9,3,0,0,26,-7,1,0
2016,10,91*A,Lupinus argenteus,48,37,-10,0,7,8,0,0,0,19,-12,1,0
2017,10,91*A,Lupinus argenteus,48,37,-10,0,0,0,0,0,0,7,-7,1,0
2018,10,91*A,Lupinus argenteus,48,37,-10,0,15,10,1,0,0,0,15,1,0
2019,10,91*A,Lupinus argenteus,48,37,-10,0,13,9.5,1,0,0,15,-2,1,0
2020,10,91*A,Lupinus argenteus,48,37,-10,0,18,11,5,0,0,13,5,1,0
2021,10,91*A,Lupinus argenteus,48,37,-10,0,10,5,0,0,0,18,-8,1,0
2014,46,910*A,Lupinus argenteus,92,1,0,5,10,2,0,0,0,NA,NA,1,NA
2015,46,910*A,Lupinus argenteus,92,1,0,5,20,8,1,0,0,10,10,1,0
2016,46,910*A,Lupinus argenteus,92,1,0,5,0,0,0,0,1,20,-20,0,0
2014,46,911*A,Lupinus argenteus,93,24,-10,-10,25,10,2,0,0,NA,NA,1,NA
2015,46,911*A,Lupinus argenteus,93,24,-10,-10,24,9,2,0,0,25,-1,1,0
2016,46,911*A,Lupinus argenteus,93,24,-10,-10,28,9,4,0,0,24,4,1,0
2017,46,911*A,Lupinus argenteus,93,24,-10,-10,0,0,0,0,1,28,-28,0,0
2014,46,912*A,Senecio crassulus,95,27,-10,-10,1,1,0,1,0,NA,NA,1,1
2015,46,912*A,Senecio crassulus,95,27,-10,-10,2,3.5,0,0,0,1,1,1,0
2016,46,912*A,Senecio crassulus,95,27,-10,-10,3.5,7,0,0,0,2,1.5,1,0
2017,46,912*A,Senecio crassulus,95,27,-10,-10,10,11,2,0,0,3.5,6.5,1,0
2018,46,912*A,Senecio crassulus,95,27,-10,-10,0,0,0,0,1,10,-10,0,0
2014,46,913*A,Viola praemorsa,95,20,-10,-10,11,5,2,0,0,NA,NA,1,NA
2015,46,913*A,Viola praemorsa,95,20,-10,-10,13.5,5,2,0,0,11,2.5,1,0
2016,46,913*A,Viola praemorsa,95,20,-10,-10,11,4,5,0,0,13.5,-2.5,1,0
2017,46,913*A,Viola praemorsa,95,20,-10,-10,14,4,0,0,0,11,3,1,0
2018,46,913*A,Viola praemorsa,95,20,-10,-10,11,6,1,0,0,14,-3,1,0
2019,46,913*A,Viola praemorsa,95,20,-10,-10,16,9.5,15,0,0,11,5,1,0
2020,46,913*A,Viola praemorsa,95,20,-10,-10,10.5,5,0,0,0,16,-5.5,1,0
2021,46,913*A,Viola praemorsa,95,20,-10,-10,9,3.5,1,0,0,10.5,-1.5,1,0
2014,46,914*A,Eriogonum umbellatum,104,75,-13,-25,75,8,55,0,0,NA,NA,1,NA
2015,46,914*A,Eriogonum umbellatum,104,75,-13,-25,68,6,38,0,0,75,-7,1,0
2016,46,914*A,Eriogonum umbellatum,104,75,-13,-25,73,4,64,0,0,68,5,1,0
2017,46,914*A,Eriogonum umbellatum,104,75,-13,-25,87,5,75,0,0,73,14,1,0
2018,46,914*A,Eriogonum umbellatum,104,75,-13,-25,67,3.5,62,0,0,87,-20,1,0
2019,46,914*A,Eriogonum umbellatum,104,75,-13,-25,69,4,35,0,0,67,2,1,0
2020,46,914*A,Eriogonum umbellatum,104,75,-13,-25,72,3,35,0,0,69,3,1,0
2021,46,914*A,Eriogonum umbellatum,104,75,-13,-25,73.5,3,45,0,0,72,1.5,1,0
2014,46,915*A,Heterotheca villosa,108,40,-10,-10,2,2,0,0,0,NA,NA,1,NA
2015,46,915*A,Heterotheca villosa,108,40,-10,-10,6,2.5,0,0,0,2,4,1,0
2016,46,915*A,Heterotheca villosa,108,40,-10,-10,9,4,0,0,0,6,3,1,0
2017,46,915*A,Heterotheca villosa,108,40,-10,-10,0,0,0,0,1,9,-9,0,0
2014,46,916*A,Heterotheca villosa,85,60,-2,2,0.5,0.5,0,1,0,NA,NA,1,1
2015,46,916*A,Heterotheca villosa,85,60,-2,2,2.5,1,0,0,0,0.5,2,1,0
2016,46,916*A,Heterotheca villosa,85,60,-2,2,3,2,0,0,0,2.5,0.5,1,0
2017,46,916*A,Heterotheca villosa,85,60,-2,2,0,0,0,0,1,3,-3,0,0
2014,46,917*A,Lupinus argenteus,85,70,-10,-10,28,8,1,0,0,NA,NA,1,NA
2015,46,917*A,Lupinus argenteus,85,70,-10,-10,26,10,2,0,0,28,-2,1,0
2016,46,917*A,Lupinus argenteus,85,70,-10,-10,8,5,0,0,0,26,-18,1,0
2017,46,917*A,Lupinus argenteus,85,70,-10,-10,0,0,0,0,1,8,-8,0,0
2014,46,918*A,Ivesia gordonii,107,40,-10,-10,13,4,3,0,0,NA,NA,1,NA
2015,46,918*A,Ivesia gordonii,107,40,-10,-10,17,4,5,0,0,13,4,1,0
2016,46,918*A,Ivesia gordonii,107,40,-10,-10,20,3,25,0,0,17,3,1,0
2017,46,918*A,Ivesia gordonii,107,40,-10,-10,0,0,0,0,1,20,-20,0,0
2014,46,919*A,Heterotheca villosa,96,40,-5,-10,1,1,0,1,0,NA,NA,1,1
2015,46,919*A,Heterotheca villosa,96,40,-5,-10,4.5,4,1,0,0,1,3.5,1,0
2016,46,919*A,Heterotheca villosa,96,40,-5,-10,8,3.5,0,0,0,4.5,3.5,1,0
2017,46,919*A,Heterotheca villosa,96,40,-5,-10,0,0,0,0,1,8,-8,0,0
2014,10,92*A,Lupinus argenteus,28,69,-10,-10,17,7,0,0,0,NA,NA,1,NA
2015,10,92*A,Lupinus argenteus,28,69,-10,-10,8,6,0,0,0,17,-9,1,0
2016,10,92*A,Lupinus argenteus,28,69,-10,-10,8,5,0,0,0,8,0,1,0
2017,10,92*A,Lupinus argenteus,28,69,-10,-10,0,0,0,0,1,8,-8,0,0
2014,46,920*A,Phacelia hastata,117,36,-10,-10,0.5,0.5,0,1,0,NA,NA,1,1
2015,46,920*A,Phacelia hastata,117,36,-10,-10,3,1,0,0,0,0.5,2.5,1,0
2016,46,920*A,Phacelia hastata,117,36,-10,-10,3.5,4,0,0,0,3,0.5,1,0
2017,46,920*A,Phacelia hastata,117,36,-10,-10,6,4,1,0,0,3.5,2.5,1,0
2018,46,920*A,Phacelia hastata,117,36,-10,-10,0,0,0,0,1,6,-6,0,0
2014,46,921*A,Heterotheca villosa,110,60,-10,-10,1,2,0,0,0,NA,NA,1,NA
2015,46,921*A,Heterotheca villosa,110,60,-10,-10,4.5,2,0,0,0,1,3.5,1,0
2016,46,921*A,Heterotheca villosa,110,60,-10,-10,5.5,3.5,0,0,0,4.5,1,1,0
2017,46,921*A,Heterotheca villosa,110,60,-10,-10,0,0,0,0,1,5.5,-5.5,0,0
2014,46,922*A,Agoseris glauca,107,75,-10,-10,6,5,1,0,0,NA,NA,1,NA
2015,46,922*A,Agoseris glauca,107,75,-10,-10,9,3.5,0,0,0,6,3,1,0
2016,46,922*A,Agoseris glauca,107,75,-10,-10,7,4,0,0,0,9,-2,1,0
2017,46,922*A,Agoseris glauca,107,75,-10,-10,9,4,0,0,0,7,2,1,0
2018,46,922*A,Agoseris glauca,107,75,-10,-10,0,0,0,0,1,9,-9,0,0
2014,46,923*A,Carex siccata,115,65,10,0,6,13,0,0,0,NA,NA,1,NA
2015,46,923*A,Carex siccata,115,65,10,0,11,14,0,0,0,6,5,1,0
2016,46,923*A,Carex siccata,115,65,10,0,35,19,0,0,0,11,24,1,0
2017,46,923*A,Carex siccata,115,65,10,0,23,18,0,0,0,35,-12,1,0
2018,46,923*A,Carex siccata,115,65,10,0,17,14.5,0,0,0,23,-6,1,0
2019,46,923*A,Carex siccata,115,65,10,0,0,0,0,0,1,17,-17,0,0
2014,46,924*A,Carex siccata,118,65,10,-10,4,12,0,0,0,NA,NA,1,NA
2015,46,924*A,Carex siccata,118,65,10,-10,17,18,0,0,0,4,13,1,0
2016,46,924*A,Carex siccata,118,65,10,-10,8,16,0,0,0,17,-9,1,0
2017,46,924*A,Carex siccata,118,65,10,-10,9,15,0,0,0,8,1,1,0
2018,46,924*A,Carex siccata,118,65,10,-10,0,0,0,0,1,9,-9,0,0
2014,46,925*A,Agoseris glauca,112,70,0,-5,11,8,2,0,0,NA,NA,1,NA
2015,46,925*A,Agoseris glauca,112,70,0,-5,14,4,0,0,0,11,3,1,0
2016,46,925*A,Agoseris glauca,112,70,0,-5,6,5,2,0,0,14,-8,1,0
2017,46,925*A,Agoseris glauca,112,70,0,-5,0,0,0,0,0,6,-6,1,0
2018,46,925*A,Agoseris glauca,112,70,0,-5,4,6,1,0,0,0,4,1,0
2019,46,925*A,Agoseris glauca,112,70,0,-5,0,0,0,0,0,4,-4,1,0
2020,46,925*A,Agoseris glauca,112,70,0,-5,0.4,2.7,0,0,0,0,0.4,1,0
2021,46,925*A,Agoseris glauca,112,70,0,-5,1.1,4,0,0,0,0.4,0.7,1,0
2014,46,926*A,Carex siccata,136,63,-5,-5,5,13,0,0,0,NA,NA,1,NA
2015,46,926*A,Carex siccata,136,63,-5,-5,8,9,0,0,0,5,3,1,0
2016,46,926*A,Carex siccata,136,63,-5,-5,27,13,0,0,0,8,19,1,0
2017,46,926*A,Carex siccata,136,63,-5,-5,22,17,0,0,0,27,-5,1,0
2018,46,926*A,Carex siccata,136,63,-5,-5,17,13,0,0,0,22,-5,1,0
2019,46,926*A,Carex siccata,136,63,-5,-5,30,12,0,0,0,17,13,1,0
2020,46,926*A,Carex siccata,136,63,-5,-5,41,15,1,0,0,30,11,1,0
2021,46,926*A,Carex siccata,136,63,-5,-5,34,19.5,0,0,0,41,-7,1,0
2014,46,927*A,Heterotheca villosa,125,62,10,0,0.5,0.5,0,1,0,NA,NA,1,1
2015,46,927*A,Heterotheca villosa,125,62,10,0,0,0,0,0,1,0.5,-0.5,0,0
2014,46,928*A,Agoseris glauca,130,65,10,0,2,4,0,0,0,NA,NA,1,NA
2015,46,928*A,Agoseris glauca,130,65,10,0,7,3,0,0,0,2,5,1,0
2016,46,928*A,Agoseris glauca,130,65,10,0,4,5,0,0,0,7,-3,1,0
2017,46,928*A,Agoseris glauca,130,65,10,0,10,5,2,0,0,4,6,1,0
2018,46,928*A,Agoseris glauca,130,65,10,0,0,0,0,0,1,10,-10,0,0
2014,46,929*A,Carex siccata,110,85,0,-5,9,17,0,0,0,NA,NA,1,NA
2015,46,929*A,Carex siccata,110,85,0,-5,22,12,0,0,0,9,13,1,0
2016,46,929*A,Carex siccata,110,85,0,-5,17,15,0,0,0,22,-5,1,0
2017,46,929*A,Carex siccata,110,85,0,-5,17,14,0,0,0,17,0,1,0
2018,46,929*A,Carex siccata,110,85,0,-5,14,15,0,0,0,17,-3,1,0
2019,46,929*A,Carex siccata,110,85,0,-5,0,0,0,0,1,14,-14,0,0
2014,10,93*A,Lupinus argenteus,10,100,-10,-10,10,6,0,0,0,NA,NA,1,NA
2015,10,93*A,Lupinus argenteus,10,100,-10,-10,13.5,7.5,1,0,0,10,3.5,1,0
2016,10,93*A,Lupinus argenteus,10,100,-10,-10,2.1,3.9,0,0,0,13.5,-11.4,1,0
2017,10,93*A,Lupinus argenteus,10,100,-10,-10,0,0,0,0,1,2.1,-2.1,0,0
2014,46,930*A,Senecio crassulus,103,84,-10,0,0.5,0.5,0,1,0,NA,NA,1,1
2015,46,930*A,Senecio crassulus,103,84,-10,0,1.5,1.5,0,0,0,0.5,1,1,0
2016,46,930*A,Senecio crassulus,103,84,-10,0,2,5,0,0,0,1.5,0.5,1,0
2017,46,930*A,Senecio crassulus,103,84,-10,0,7,5.5,0,0,0,2,5,1,0
2018,46,930*A,Senecio crassulus,103,84,-10,0,5.5,4,0,0,0,7,-1.5,1,0
2019,46,930*A,Senecio crassulus,103,84,-10,0,0,0,0,0,1,5.5,-5.5,0,0
2014,46,931*A,Heterotheca villosa,115,87,10,0,0.5,0.5,0,1,0,NA,NA,1,1
2015,46,931*A,Heterotheca villosa,115,87,10,0,0,0,0,0,1,0.5,-0.5,0,0
2014,46,932*A,Agoseris glauca,103,90,-10,-10,4,6,0,0,0,NA,NA,1,NA
2015,46,932*A,Agoseris glauca,103,90,-10,-10,13,5,0,0,0,4,9,1,0
2016,46,932*A,Agoseris glauca,103,90,-10,-10,10,4,2,0,0,13,-3,1,0
2017,46,932*A,Agoseris glauca,103,90,-10,-10,0,0,0,0,1,10,-10,0,0
2014,46,933*A,Heterotheca villosa,100,105,-10,-10,32,5,17,0,0,NA,NA,1,NA
2015,46,933*A,Heterotheca villosa,100,105,-10,-10,35,6,28,0,0,32,3,1,0
2016,46,933*A,Heterotheca villosa,100,105,-10,-10,32,6,56,0,0,35,-3,1,0
2017,46,933*A,Heterotheca villosa,100,105,-10,-10,20,5,0,0,0,32,-12,1,0
2018,46,933*A,Heterotheca villosa,100,105,-10,-10,0,0,0,0,1,20,-20,0,0
2014,46,934*A,Carex siccata,100,105,-10,-10,4,8,0,0,0,NA,NA,1,NA
2015,46,934*A,Carex siccata,100,105,-10,-10,9,10,0,0,0,4,5,1,0
2016,46,934*A,Carex siccata,100,105,-10,-10,9,9,0,0,0,9,0,1,0
2017,46,934*A,Carex siccata,100,105,-10,-10,14,6,0,0,0,9,5,1,0
2018,46,934*A,Carex siccata,100,105,-10,-10,12,11,0,0,0,14,-2,1,0
2019,46,934*A,Carex siccata,100,105,-10,-10,0,0,0,0,1,12,-12,0,0
2014,46,935*A,Agoseris glauca,120,95,10,0,7,7,1,0,0,NA,NA,1,NA
2015,46,935*A,Agoseris glauca,120,95,10,0,7,5,0,0,0,7,0,1,0
2016,46,935*A,Agoseris glauca,120,95,10,0,8,4,1,0,0,7,1,1,0
2017,46,935*A,Agoseris glauca,120,95,10,0,0,0,0,0,1,8,-8,0,0
2014,46,936*A,Eriogonum umbellatum,130,42,-20,-10,46,3,4,0,0,NA,NA,1,NA
2015,46,936*A,Eriogonum umbellatum,130,42,-20,-10,45,4,0,0,0,46,-1,1,0
2016,46,936*A,Eriogonum umbellatum,130,42,-20,-10,46,5,5,0,0,45,1,1,0
2017,46,936*A,Eriogonum umbellatum,130,42,-20,-10,44,4,14,0,0,46,-2,1,0
2018,46,936*A,Eriogonum umbellatum,130,42,-20,-10,24,4,2,0,0,44,-20,1,0
2019,46,936*A,Eriogonum umbellatum,130,42,-20,-10,17,3.5,1,0,0,24,-7,1,0
2020,46,936*A,Eriogonum umbellatum,130,42,-20,-10,24,4.5,2,0,0,17,7,1,0
2021,46,936*A,Eriogonum umbellatum,130,42,-20,-10,18,3,1,0,0,24,-6,1,0
2014,46,937*A,Heterotheca villosa,128,37,10,0,4,1,0,0,0,NA,NA,1,NA
2015,46,937*A,Heterotheca villosa,128,37,10,0,8,3,0,0,0,4,4,1,0
2016,46,937*A,Heterotheca villosa,128,37,10,0,11,4,2,0,0,8,3,1,0
2017,46,937*A,Heterotheca villosa,128,37,10,0,3,2,0,0,0,11,-8,1,0
2018,46,937*A,Heterotheca villosa,128,37,10,0,5.5,5,0,0,0,3,2.5,1,0
2019,46,937*A,Heterotheca villosa,128,37,10,0,12,6,2,0,0,5.5,6.5,1,0
2020,46,937*A,Heterotheca villosa,128,37,10,0,16,6,0,0,0,12,4,1,0
2021,46,937*A,Heterotheca villosa,128,37,10,0,16.3,8.5,15,0,0,16,0.3,1,0
2014,46,938*A,Lupinus argenteus,133,25,-10,-10,22,10,1,0,0,NA,NA,1,NA
2015,46,938*A,Lupinus argenteus,133,25,-10,-10,23,9,4,0,0,22,1,1,0
2016,46,938*A,Lupinus argenteus,133,25,-10,-10,12,6,0,0,0,23,-11,1,0
2017,46,938*A,Lupinus argenteus,133,25,-10,-10,0,0,0,0,1,12,-12,0,0
2014,46,939*A,Eriogonum umbellatum,138,15,-10,-10,2,1,0,0,0,NA,NA,1,NA
2015,46,939*A,Eriogonum umbellatum,138,15,-10,-10,2,2,0,0,0,2,0,1,0
2016,46,939*A,Eriogonum umbellatum,138,15,-10,-10,2.5,1,0,0,0,2,0.5,1,0
2017,46,939*A,Eriogonum umbellatum,138,15,-10,-10,0,0,0,0,1,2.5,-2.5,0,0
2014,10,94*A,Lupinus argenteus,20,115,-10,-10,7,5,0,0,0,NA,NA,1,NA
2015,10,94*A,Lupinus argenteus,20,115,-10,-10,12,9,1,0,0,7,5,1,0
2016,10,94*A,Lupinus argenteus,20,115,-10,-10,1,1,0,0,0,12,-11,1,0
2017,10,94*A,Lupinus argenteus,20,115,-10,-10,0,0,0,0,1,1,-1,0,0
2014,46,940*A,Lupinus argenteus,132,10,-10,-10,13,8,0,0,0,NA,NA,1,NA
2015,46,940*A,Lupinus argenteus,132,10,-10,-10,19,8,2,0,0,13,6,1,0
2016,46,940*A,Lupinus argenteus,132,10,-10,-10,15,6,0,0,0,19,-4,1,0
2017,46,940*A,Lupinus argenteus,132,10,-10,-10,0,0,0,0,1,15,-15,0,0
2014,46,941*A,Ivesia gordonii,150,25,-10,-10,11,6,5,0,0,NA,NA,1,NA
2015,46,941*A,Ivesia gordonii,150,25,-10,-10,12,6,8,0,0,11,1,1,0
2016,46,941*A,Ivesia gordonii,150,25,-10,-10,18,8,31,0,0,12,6,1,0
2017,46,941*A,Ivesia gordonii,150,25,-10,-10,0,0,0,0,1,18,-18,0,0
2014,46,942*A,Elymus lanceolatus,152,40,-10,-10,12,9,1,0,0,NA,NA,1,NA
2015,46,942*A,Elymus lanceolatus,152,40,-10,-10,15,16,0,0,0,12,3,1,0
2016,46,942*A,Elymus lanceolatus,152,40,-10,-10,22,21,32,0,0,15,7,1,0
2017,46,942*A,Elymus lanceolatus,152,40,-10,-10,0,0,0,0,1,22,-22,0,0
2014,46,943*A,Heterotheca villosa,155,50,-10,-10,34,4,11,0,0,NA,NA,1,NA
2015,46,943*A,Heterotheca villosa,155,50,-10,-10,35,5,10,0,0,34,1,1,0
2016,46,943*A,Heterotheca villosa,155,50,-10,-10,36,6,36,0,0,35,1,1,0
2017,46,943*A,Heterotheca villosa,155,50,-10,-10,0,0,0,0,1,36,-36,0,0
2014,46,944*A,Eriogonum umbellatum,158,0,-5,0,3,1,0,0,0,NA,NA,1,NA
2015,46,944*A,Eriogonum umbellatum,158,0,-5,0,5,1,0,0,0,3,2,1,0
2016,46,944*A,Eriogonum umbellatum,158,0,-5,0,3,1.5,0,0,0,5,-2,1,0
2017,46,944*A,Eriogonum umbellatum,158,0,-5,0,0,0,0,0,1,3,-3,0,0
2014,46,945*A,Heterotheca villosa,165,13,-10,-10,16,4,8,0,0,NA,NA,1,NA
2015,46,945*A,Heterotheca villosa,165,13,-10,-10,15,5,8,0,0,16,-1,1,0
2016,46,945*A,Heterotheca villosa,165,13,-10,-10,18,6,17,0,0,15,3,1,0
2017,46,945*A,Heterotheca villosa,165,13,-10,-10,0,0,0,0,1,18,-18,0,0
2014,46,946*A,Eriogonum umbellatum,160,11,-5,-2,3,1,0,0,0,NA,NA,1,NA
2015,46,946*A,Eriogonum umbellatum,160,11,-5,-2,3.5,2,0,0,0,3,0.5,1,0
2016,46,946*A,Eriogonum umbellatum,160,11,-5,-2,4,3.5,0,0,0,3.5,0.5,1,0
2017,46,946*A,Eriogonum umbellatum,160,11,-5,-2,0,0,0,0,1,4,-4,0,0
2014,46,947*A,Carex siccata,167,55,-15,-10,12,22,2,0,0,NA,NA,1,NA
2015,46,947*A,Carex siccata,167,55,-15,-10,35,16,0,0,0,12,23,1,0
2016,46,947*A,Carex siccata,167,55,-15,-10,40,22,7,0,0,35,5,1,0
2017,46,947*A,Carex siccata,167,55,-15,-10,50,23,7,0,0,40,10,1,0
2018,46,947*A,Carex siccata,167,55,-15,-10,28,20,0,0,0,50,-22,1,0
2019,46,947*A,Carex siccata,167,55,-15,-10,8,10.5,0,0,0,28,-20,1,0
2020,46,947*A,Carex siccata,167,55,-15,-10,0,0,0,0,1,8,-8,0,0
2014,46,948*A,Carex siccata,167,54,-10,-10,6,7,0,0,0,NA,NA,1,NA
2015,46,948*A,Carex siccata,167,54,-10,-10,15,17,0,0,0,6,9,1,0
2016,46,948*A,Carex siccata,167,54,-10,-10,18,18,0,0,0,15,3,1,0
2017,46,948*A,Carex siccata,167,54,-10,-10,20,12,0,0,0,18,2,1,0
2018,46,948*A,Carex siccata,167,54,-10,-10,20,16,0,0,0,20,0,1,0
2019,46,948*A,Carex siccata,167,54,-10,-10,0,0,0,0,0,20,-20,1,0
2020,46,948*A,Carex siccata,167,54,-10,-10,6,10.5,0,0,0,0,6,1,0
2021,46,948*A,Carex siccata,167,54,-10,-10,0,0,0,0,0,6,-6,1,0
2014,46,949*A,Heterotheca villosa,170,40,-10,-10,0.5,0.5,0,1,0,NA,NA,1,1
2015,46,949*A,Heterotheca villosa,170,40,-10,-10,2,1.5,0,0,0,0.5,1.5,1,0
2016,46,949*A,Heterotheca villosa,170,40,-10,-10,2,2,0,0,0,2,0,1,0
2017,46,949*A,Heterotheca villosa,170,40,-10,-10,0,0,0,0,1,2,-2,0,0
2014,10,95*A,Lupinus argenteus,30,120,-10,-10,16,10,2,0,0,NA,NA,1,NA
2015,10,95*A,Lupinus argenteus,30,120,-10,-10,0,0,0,0,1,16,-16,0,0
2014,46,950*A,Carex siccata,172,45,0,-5,7,2,0,0,0,NA,NA,1,NA
2015,46,950*A,Carex siccata,172,45,0,-5,0,0,0,0,1,7,-7,0,0
2014,46,951*A,Carex siccata,178,39,-13,-14,15,25,0,0,0,NA,NA,1,NA
2015,46,951*A,Carex siccata,178,39,-13,-14,16,14,0,0,0,15,1,1,0
2016,46,951*A,Carex siccata,178,39,-13,-14,21,17,2,0,0,16,5,1,0
2017,46,951*A,Carex siccata,178,39,-13,-14,27,13,0,0,0,21,6,1,0
2018,46,951*A,Carex siccata,178,39,-13,-14,21,10,0,0,0,27,-6,1,0
2019,46,951*A,Carex siccata,178,39,-13,-14,17.5,15,0,0,0,21,-3.5,1,0
2020,46,951*A,Carex siccata,178,39,-13,-14,10,4.5,0,0,0,17.5,-7.5,1,0
2021,46,951*A,Carex siccata,178,39,-13,-14,31.5,21.5,0,0,0,10,21.5,1,0
2014,46,952*A,Eriogonum umbellatum,173,26,-10,-10,4,0.5,0,0,0,NA,NA,1,NA
2015,46,952*A,Eriogonum umbellatum,173.2921885,25.38700252,-10,-10,2,1,0,0,0,4,-2,1,0
2015,46,952*B,Eriogonum umbellatum,172.8965852,25.58602925,-10,-10,2,1,0,0,0,NA,NA,1,1
2015,46,952*C,Eriogonum umbellatum,172.0120622,23.80947017,-10,-10,2,1,0,0,0,NA,NA,1,1
2016,46,952*A,Eriogonum umbellatum,173.2337508,25.50960202,-10,-10,1,1,0,0,0,2,-1,1,0
2016,46,952*B,Eriogonum umbellatum,172.9172682,25.6688234,-10,-10,1,1,0,0,1,2,-1,0,0
2016,46,952*C,Eriogonum umbellatum,172.2096497,24.24757614,-10,-10,1,1,0,0,1,2,-1,0,0
2017,46,952*A,Eriogonum umbellatum,173,26,-10,-10,0,0,0,0,1,1,-1,0,0
2014,46,953*A,Carex siccata,183,5,-10,-10,19,24,2,0,0,NA,NA,1,NA
2015,46,953*A,Carex siccata,183,5,-10,-10,22,17,2,0,0,19,3,1,0
2016,46,953*A,Carex siccata,183,5,-10,-10,32,22,2,0,0,22,10,1,0
2017,46,953*A,Carex siccata,183,5,-10,-10,15,13,0,0,0,32,-17,1,0
2018,46,953*A,Carex siccata,183,5,-10,-10,11,17.5,0,0,0,15,-4,1,0
2019,46,953*A,Carex siccata,183,5,-10,-10,10,11,0,0,0,11,-1,1,0
2020,46,953*A,Carex siccata,183,5,-10,-10,0,0,0,0,0,10,-10,1,0
2021,46,953*A,Carex siccata,183,5,-10,-10,15,16.5,0,0,0,0,15,1,0
2014,46,954*A,Elymus lanceolatus,190,5,-10,-10,7,17,7,0,0,NA,NA,1,NA
2015,46,954*A,Elymus lanceolatus,190,5,-10,-10,9,10,0,0,0,7,2,1,0
2016,46,954*A,Elymus lanceolatus,190,5,-10,-10,11,13,2,0,0,9,2,1,0
2017,46,954*A,Elymus lanceolatus,190,5,-10,-10,0,0,0,0,0,11,-11,1,0
2018,46,954*A,Elymus lanceolatus,190,5,-10,-10,6,9.5,0,0,0,0,6,1,0
2019,46,954*A,Elymus lanceolatus,190,5,-10,-10,1.5,5,0,0,0,6,-4.5,1,0
2020,46,954*A,Elymus lanceolatus,190,5,-10,-10,0,0,0,0,1,1.5,-1.5,0,0
2014,46,955*A,Carex siccata,191,3,-10,-10,12,19,0,0,0,NA,NA,1,NA
2015,46,955*A,Carex siccata,191,3,-10,-10,13,15,0,0,0,12,1,1,0
2016,46,955*A,Carex siccata,191,3,-10,-10,16,15,3,0,0,13,3,1,0
2017,46,955*A,Carex siccata,191,3,-10,-10,17,13,0,0,0,16,1,1,0
2018,46,955*A,Carex siccata,191,3,-10,-10,10,16,0,0,0,17,-7,1,0
2019,46,955*A,Carex siccata,191,3,-10,-10,12,10,0,0,0,10,2,1,0
2020,46,955*A,Carex siccata,191,3,-10,-10,13,13,0,0,0,12,1,1,0
2021,46,955*A,Carex siccata,191,3,-10,-10,0,0,0,0,0,13,-13,1,0
2014,46,956*A,Carex siccata,183,18,-10,-10,7,16,2,0,0,NA,NA,1,NA
2015,46,956*A,Carex siccata,183,18,-10,-10,0,0,0,0,0,7,-7,1,0
2016,46,956*A,Carex siccata,183,18,-10,-10,6,17,0,0,0,0,6,1,0
2017,46,956*A,Carex siccata,183,18,-10,-10,17,20,0,0,0,6,11,1,0
2018,46,956*A,Carex siccata,183,18,-10,-10,13,19.5,0,0,0,17,-4,1,0
2019,46,956*A,Carex siccata,183,18,-10,-10,25,18,0,0,0,13,12,1,0
2020,46,956*A,Carex siccata,183,18,-10,-10,4.5,4.5,0,0,0,25,-20.5,1,0
2021,46,956*A,Carex siccata,183,18,-10,-10,20,22,0,0,0,4.5,15.5,1,0
2014,46,957*A,Elymus lanceolatus,190,15,-10,-10,13,22,5,0,0,NA,NA,1,NA
2015,46,957*A,Elymus lanceolatus,190,15,-10,-10,17,13,0,0,0,13,4,1,0
2016,46,957*A,Elymus lanceolatus,190,15,-10,-10,15,13,6,0,0,17,-2,1,0
2017,46,957*A,Elymus lanceolatus,190,15,-10,-10,5,4,0,0,0,15,-10,1,0
2018,46,957*A,Elymus lanceolatus,190,15,-10,-10,0,0,0,0,1,5,-5,0,0
2014,46,958*A,Heterotheca villosa,185,30,-10,-10,0.5,0.5,0,1,0,NA,NA,1,1
2015,46,958*A,Heterotheca villosa,185,30,-10,-10,0,0,0,0,1,0.5,-0.5,0,0
2014,46,959*A,Heterotheca villosa,190,30,-10,-10,10,5,0,0,0,NA,NA,1,NA
2015,46,959*A,Heterotheca villosa,190,30,-10,-10,13,5.5,5,0,0,10,3,1,0
2016,46,959*A,Heterotheca villosa,190,30,-10,-10,22,6,16,0,0,13,9,1,0
2017,46,959*A,Heterotheca villosa,190,30,-10,-10,0,0,0,0,1,22,-22,0,0
2014,10,96*A,Lupinus argenteus,71,111,-10,-10,9,8,1,0,0,NA,NA,1,NA
2015,10,96*A,Lupinus argenteus,71,111,-10,-10,0,0,0,0,0,9,-9,1,0
2016,10,96*A,Lupinus argenteus,71,111,-10,-10,7.7,6.5,0,0,0,0,7.7,1,0
2017,10,96*A,Lupinus argenteus,71,111,-10,-10,4.5,3,0,0,0,7.7,-3.2,1,0
2018,10,96*A,Lupinus argenteus,71,111,-10,-10,7.5,5.5,1,0,0,4.5,3,1,0
2019,10,96*A,Lupinus argenteus,71,111,-10,-10,6,4,0,0,0,7.5,-1.5,1,0
2020,10,96*A,Lupinus argenteus,71,111,-10,-10,6,4.5,0,0,0,6,0,1,0
2021,10,96*A,Lupinus argenteus,71,111,-10,-10,5.5,3.5,0,0,0,6,-0.5,1,0
2014,46,960*A,Carex siccata,200,5,-5,0,9,18,2,0,0,NA,NA,1,NA
2015,46,960*A,Carex siccata,200,5,-5,0,17,12,0,0,0,9,8,1,0
2016,46,960*A,Carex siccata,200,5,-5,0,21,21,1,0,0,17,4,1,0
2017,46,960*A,Carex siccata,200,5,-5,0,23,22,0,0,0,21,2,1,0
2018,46,960*A,Carex siccata,200,5,-5,0,43,26,0,0,0,23,20,1,0
2019,46,960*A,Carex siccata,200,5,-5,0,47,23.5,4,0,0,43,4,1,0
2020,46,960*A,Carex siccata,200,5,-5,0,34,13.5,0,0,0,47,-13,1,0
2021,46,960*A,Carex siccata,200,5,-5,0,37,27,0,0,0,34,3,1,0
2014,46,962*A,Eriogonum umbellatum,200,48,-15,-20,70,2,50,0,0,NA,NA,1,NA
2015,46,962*A,Eriogonum umbellatum,200,48,-15,-20,71,3,41,0,0,70,1,1,0
2016,46,962*A,Eriogonum umbellatum,200,48,-15,-20,69,4,41,0,0,71,-2,1,0
2017,46,962*A,Eriogonum umbellatum,200,48,-15,-20,76,3,49,0,0,69,7,1,0
2018,46,962*A,Eriogonum umbellatum,200,48,-15,-20,70,3.5,51,0,0,76,-6,1,0
2019,46,962*A,Eriogonum umbellatum,200,48,-15,-20,75,3.5,37,0,0,70,5,1,0
2020,46,962*A,Eriogonum umbellatum,200,48,-15,-20,80,3,39,0,0,75,5,1,0
2021,46,962*A,Eriogonum umbellatum,200,48,-15,-20,88,4,33,0,0,80,8,1,0
2014,46,963*A,Phacelia hastata,187,31,-10,-10,4,2,0,0,0,NA,NA,1,NA
2015,46,963*A,Phacelia hastata,187,31,-10,-10,7,4,1,0,0,4,3,1,0
2016,46,963*A,Phacelia hastata,187,31,-10,-10,11,6,4,0,0,7,4,1,0
2017,46,963*A,Phacelia hastata,187,31,-10,-10,12,5,0,0,0,11,1,1,0
2018,46,963*A,Phacelia hastata,187,31,-10,-10,16,5,0,0,0,12,4,1,0
2019,46,963*A,Phacelia hastata,187,31,-10,-10,13,6,3,0,0,16,-3,1,0
2020,46,963*A,Phacelia hastata,187,31,-10,-10,12,4.5,1,0,0,13,-1,1,0
2021,46,963*A,Phacelia hastata,187,31,-10,-10,0,0,0,0,0,12,-12,1,0
2014,46,964*A,Heterotheca villosa,195,38,10,0,2,2,0,0,0,NA,NA,1,NA
2015,46,964*A,Heterotheca villosa,195,38,10,0,2.5,3,0,0,0,2,0.5,1,0
2016,46,964*A,Heterotheca villosa,195,38,10,0,1.5,4,0,0,0,2.5,-1,1,0
2017,46,964*A,Heterotheca villosa,195,38,10,0,3,4,0,0,0,1.5,1.5,1,0
2018,46,964*A,Heterotheca villosa,195,38,10,0,0,0,0,0,1,3,-3,0,0
2014,46,966*A,Heterotheca villosa,145,100,-10,-10,1,2,0,1,0,NA,NA,1,1
2015,46,966*A,Heterotheca villosa,145,100,-10,-10,5,3,0,0,0,1,4,1,0
2016,46,966*A,Heterotheca villosa,145,100,-10,-10,8.5,4,3,0,0,5,3.5,1,0
2017,46,966*A,Heterotheca villosa,145,100,-10,-10,0,0,0,0,1,8.5,-8.5,0,0
2014,46,967*A,Eriogonum umbellatum,150,103,-10,-10,0.5,0.5,0,1,0,NA,NA,1,1
2015,46,967*A,Eriogonum umbellatum,150,103,-10,-10,1,1,0,0,0,0.5,0.5,1,0
2016,46,967*A,Eriogonum umbellatum,150,103,-10,-10,1.5,2,0,0,0,1,0.5,1,0
2017,46,967*A,Eriogonum umbellatum,150,103,-10,-10,0,0,0,0,1,1.5,-1.5,0,0
2014,46,968*A,Eriogonum umbellatum,140,110,-10,-10,0.5,0.5,0,1,0,NA,NA,1,1
2015,46,968*A,Eriogonum umbellatum,140,110,-10,-10,2,0.5,0,0,0,0.5,1.5,1,0
2016,46,968*A,Eriogonum umbellatum,140,110,-10,-10,0,0,0,0,1,2,-2,0,0
2014,46,969*A,Eriogonum umbellatum,138,112,-10,-10,0.5,0.5,0,1,0,NA,NA,1,1
2015,46,969*A,Eriogonum umbellatum,138,112,-10,-10,0,0,0,0,1,0.5,-0.5,0,0
2014,10,97*A,Lupinus argenteus,55,80,-10,-10,10,12,0,0,0,NA,NA,1,NA
2015,10,97*A,Lupinus argenteus,55,80,-10,-10,7.5,6,0,0,0,10,-2.5,1,0
2016,10,97*A,Lupinus argenteus,55,80,-10,-10,12.3,9,0,0,0,7.5,4.8,1,0
2017,10,97*A,Lupinus argenteus,55,80,-10,-10,8,10,0,0,0,12.3,-4.3,1,0
2018,10,97*A,Lupinus argenteus,55,80,-10,-10,6.5,4.5,0,0,0,8,-1.5,1,0
2019,10,97*A,Lupinus argenteus,55,80,-10,-10,0.6,1,0,0,0,6.5,-5.9,1,0
2020,10,97*A,Lupinus argenteus,55,80,-10,-10,0,0,0,0,1,0.6,-0.6,0,0
2014,46,970*A,Viola praemorsa,140,115,-10,-10,10,8,0,0,0,NA,NA,1,NA
2015,46,970*A,Viola praemorsa,140,115,-10,-10,0,0,0,0,1,10,-10,0,0
2014,46,971*A,Eriogonum umbellatum,155,110,-10,-10,0.5,0.5,0,0,0,NA,NA,1,NA
2015,46,971*A,Eriogonum umbellatum,155.2921885,109.3870025,-10,-10,1.5,1,0,0,0,0.5,1,1,0
2015,46,971*B,Eriogonum umbellatum,154.8965852,109.5860292,-10,-10,1.5,1,0,0,0,NA,NA,1,1
2015,46,971*C,Eriogonum umbellatum,154.0120622,107.8094702,-10,-10,1.5,1,0,0,0,NA,NA,1,1
2015,46,971*D,Eriogonum umbellatum,156.4510728,111.8442662,-10,-10,1.5,1,0,0,1,NA,NA,0,1
2016,46,971*A,Eriogonum umbellatum,155.2337508,109.509602,-10,-10,1,1,0,0,0,1.5,-0.5,1,0
2016,46,971*B,Eriogonum umbellatum,154.9172682,109.6688234,-10,-10,1,1,0,0,1,1.5,-0.5,0,0
2016,46,971*C,Eriogonum umbellatum,154.2096497,108.2475761,-10,-10,1,1,0,0,1,1.5,-0.5,0,0
2017,46,971*A,Eriogonum umbellatum,155,110,-10,-10,0,0,0,0,1,1,-1,0,0
2014,46,972*A,Ivesia gordonii,160,115,0,-10,1,0.5,0,1,0,NA,NA,1,1
2015,46,972*A,Ivesia gordonii,160,115,0,-10,2,1.5,0,0,0,1,1,1,0
2016,46,972*A,Ivesia gordonii,160,115,0,-10,5,3,0,0,0,2,3,1,0
2017,46,972*A,Ivesia gordonii,160,115,0,-10,0,0,0,0,1,5,-5,0,0
2014,46,973*A,Carex siccata,135,125,-10,-10,16,15,0,0,0,NA,NA,1,NA
2015,46,973*A,Carex siccata,135,125,-10,-10,8,8,0,0,0,16,-8,1,0
2016,46,973*A,Carex siccata,135,125,-10,-10,0,0,0,0,0,8,-8,1,0
2017,46,973*A,Carex siccata,135,125,-10,-10,26,12,0,0,0,0,26,1,0
2018,46,973*A,Carex siccata,135,125,-10,-10,0,0,0,0,1,26,-26,0,0
2014,46,974*A,Heterotheca villosa,176,116,-10,-10,37,5,34,0,0,NA,NA,1,NA
2015,46,974*A,Heterotheca villosa,176,116,-10,-10,37,5,20,0,0,37,0,1,0
2016,46,974*A,Heterotheca villosa,176,116,-10,-10,44,10,61,0,0,37,7,1,0
2017,46,974*A,Heterotheca villosa,176,116,-10,-10,14.6,10,25,0,0,44,-29.4,1,0
2018,46,974*A,Heterotheca villosa,176,116,-10,-10,11,2,0,0,0,14.6,-3.6,1,0
2019,46,974*A,Heterotheca villosa,176,116,-10,-10,16,6,3,0,0,11,5,1,0
2020,46,974*A,Heterotheca villosa,176,116,-10,-10,19.5,7,4,0,0,16,3.5,1,0
2021,46,974*A,Heterotheca villosa,176,116,-10,-10,16.5,6.5,0,0,0,19.5,-3,1,0
2014,46,975*A,Heterotheca villosa,165,120,5,-10,1,0.5,0,1,0,NA,NA,1,1
2015,46,975*A,Heterotheca villosa,165,120,5,-10,1,0.5,0,0,0,1,0,1,0
2016,46,975*A,Heterotheca villosa,165,120,5,-10,1,1,0,0,0,1,0,1,0
2017,46,975*A,Heterotheca villosa,165,120,5,-10,0,0,0,0,1,1,-1,0,0
2014,46,976*A,Carex siccata,130,130,-10,-10,6,10,0,0,0,NA,NA,1,NA
2015,46,976*A,Carex siccata,130,130,-10,-10,14,10,0,0,0,6,8,1,0
2016,46,976*A,Carex siccata,130,130,-10,-10,17,13,0,0,0,14,3,1,0
2017,46,976*A,Carex siccata,130,130,-10,-10,20,13,1,0,0,17,3,1,0
2018,46,976*A,Carex siccata,130,130,-10,-10,0,0,0,0,1,20,-20,0,0
2014,46,977*A,Carex siccata,135,132,-10,-10,6,13,0,0,0,NA,NA,1,NA
2015,46,977*A,Carex siccata,135,132,-10,-10,0,0,0,0,1,6,-6,0,0
2014,46,978*A,Eriogonum umbellatum,145,120,10,0,0.5,1,0,0,0,NA,NA,1,NA
2015,46,978*A,Eriogonum umbellatum,145,120,10,0,0,0,0,0,1,0.5,-0.5,0,0
2014,46,979*A,Heterotheca villosa,184,123,-10,-10,13,4,4,0,0,NA,NA,1,NA
2015,46,979*A,Heterotheca villosa,184,123,-10,-10,15,4,1,0,0,13,2,1,0
2016,46,979*A,Heterotheca villosa,184,123,-10,-10,25,5,2,0,0,15,10,1,0
2017,46,979*A,Heterotheca villosa,184,123,-10,-10,15,4,0,0,0,25,-10,1,0
2018,46,979*A,Heterotheca villosa,184,123,-10,-10,2.5,3,0,0,0,15,-12.5,1,0
2019,46,979*A,Heterotheca villosa,184,123,-10,-10,0,0,0,0,0,2.5,-2.5,1,0
2020,46,979*A,Heterotheca villosa,184,123,-10,-10,4,4,0,0,0,0,4,1,0
2021,46,979*A,Heterotheca villosa,184,123,-10,-10,5.9,3,0,0,0,4,1.9,1,0
2014,10,98*A,Lupinus argenteus,55,70,-10,-10,11,6,0,0,0,NA,NA,1,NA
2015,10,98*A,Lupinus argenteus,55,70,-10,-10,15,8,1,0,0,11,4,1,0
2016,10,98*A,Lupinus argenteus,55,70,-10,-10,6.6,6.6,0,0,0,15,-8.4,1,0
2017,10,98*A,Lupinus argenteus,55,70,-10,-10,5,3,0,0,0,6.6,-1.6,1,0
2018,10,98*A,Lupinus argenteus,55,70,-10,-10,5.5,4,0,0,0,5,0.5,1,0
2019,10,98*A,Lupinus argenteus,55,70,-10,-10,0,0,0,0,1,5.5,-5.5,0,0
2014,46,980*A,Eriogonum umbellatum,190,125,-10,-10,0.5,0.5,0,0,0,NA,NA,1,NA
2015,46,980*A,Eriogonum umbellatum,190,125,-10,-10,2,0.5,0,0,0,0.5,1.5,1,0
2016,46,980*A,Eriogonum umbellatum,190,125,-10,-10,0,0,0,0,1,2,-2,0,0
2014,46,981*A,Arenaria congesta,191,121,-10,-10,1,1,0,1,0,NA,NA,1,1
2015,46,981*A,Arenaria congesta,191,121,-10,-10,5.5,4,0,0,0,1,4.5,1,0
2016,46,981*A,Arenaria congesta,191,121,-10,-10,7,6,8,0,0,5.5,1.5,1,0
2017,46,981*A,Arenaria congesta,191,121,-10,-10,0,0,0,0,0,7,-7,1,0
2018,46,981*A,Arenaria congesta,191,121,-10,-10,11,5,9,0,0,0,11,1,0
2019,46,981*A,Arenaria congesta,191,121,-10,-10,25,12,23,0,0,11,14,1,0
2020,46,981*A,Arenaria congesta,191,121,-10,-10,26,9,16,0,0,25,1,1,0
2021,46,981*A,Arenaria congesta,191,121,-10,-10,20,12,0,0,0,26,-6,1,0
2014,46,982*A,Ivesia gordonii,194,125,-10,-10,1,1,0,1,0,NA,NA,1,1
2015,46,982*A,Ivesia gordonii,194,125,-10,-10,2.5,5,0,0,0,1,1.5,1,0
2016,46,982*A,Ivesia gordonii,194,125,-10,-10,4.5,3,0,0,0,2.5,2,1,0
2017,46,982*A,Ivesia gordonii,194,125,-10,-10,5,4,3,0,0,4.5,0.5,1,0
2018,46,982*A,Ivesia gordonii,194,125,-10,-10,7,4.5,1,0,0,5,2,1,0
2019,46,982*A,Ivesia gordonii,194,125,-10,-10,6,6.5,0,0,0,7,-1,1,0
2020,46,982*A,Ivesia gordonii,194,125,-10,-10,5,3.5,0,0,0,6,-1,1,0
2021,46,982*A,Ivesia gordonii,194,125,-10,-10,0,0,0,0,0,5,-5,1,0
2014,46,983*A,Carex siccata,195,150,-10,0,7,11,0,0,0,NA,NA,1,NA
2015,46,983*A,Carex siccata,195,150,-10,0,0,0,0,0,1,7,-7,0,0
2014,46,984*A,Carex siccata,200,150,-10,-10,10,7,0,0,0,NA,NA,1,NA
2015,46,984*A,Carex siccata,200,150,-10,-10,17,13,0,0,0,10,7,1,0
2016,46,984*A,Carex siccata,200,150,-10,-10,13,7,3,0,0,17,-4,1,0
2017,46,984*A,Carex siccata,200,150,-10,-10,0,0,0,0,0,13,-13,1,0
2018,46,984*A,Carex siccata,200,150,-10,-10,10,11,1,0,0,0,10,1,0
2019,46,984*A,Carex siccata,200,150,-10,-10,14,12,0,0,0,10,4,1,0
2020,46,984*A,Carex siccata,200,150,-10,-10,0,0,0,0,1,14,-14,0,0
2014,46,985*A,Heterotheca villosa,185,145,-10,-10,9,3,0,0,0,NA,NA,1,NA
2015,46,985*A,Heterotheca villosa,185,145,-10,-10,8,5,0,0,0,9,-1,1,0
2016,46,985*A,Heterotheca villosa,185,145,-10,-10,14,5,2,0,0,8,6,1,0
2017,46,985*A,Heterotheca villosa,185,145,-10,-10,6,4,0,0,0,14,-8,1,0
2018,46,985*A,Heterotheca villosa,185,145,-10,-10,0,0,0,0,1,6,-6,0,0
2014,46,986*A,Senecio crassulus,180,140,-10,-10,6,14,2,0,0,NA,NA,1,NA
2015,46,986*A,Senecio crassulus,180,140,-10,-10,13,11,0,0,0,6,7,1,0
2016,46,986*A,Senecio crassulus,180,140,-10,-10,16,18,4,0,0,13,3,1,0
2017,46,986*A,Senecio crassulus,180,140,-10,-10,11,10,0,0,0,16,-5,1,0
2018,46,986*A,Senecio crassulus,180,140,-10,-10,0,0,0,0,1,11,-11,0,0
2014,46,987*A,Heterotheca villosa,180,141,-5,0,4,3,0,0,0,NA,NA,1,NA
2015,46,987*A,Heterotheca villosa,180,141,-5,0,5,3,0,0,0,4,1,1,0
2016,46,987*A,Heterotheca villosa,180,141,-5,0,0,0,0,0,1,5,-5,0,0
2014,46,988*A,Agoseris glauca,180.5,145.5,-5,0,6,5,0,0,0,NA,NA,1,NA
2015,46,988*A,Agoseris glauca,180.5,145.5,-5,0,4,3,0,0,0,6,-2,1,0
2016,46,988*A,Agoseris glauca,180.5,145.5,-5,0,8,4,1,0,0,4,4,1,0
2017,46,988*A,Agoseris glauca,180.5,145.5,-5,0,3,4.5,0,0,0,8,-5,1,0
2018,46,988*A,Agoseris glauca,180.5,145.5,-5,0,0,0,0,0,1,3,-3,0,0
2014,46,989*A,Heterotheca villosa,175,130,-10,-10,3,1,0,0,0,NA,NA,1,NA
2015,46,989*A,Heterotheca villosa,175,130,-10,-10,6,2,0,0,0,3,3,1,0
2016,46,989*A,Heterotheca villosa,175,130,-10,-10,6,3,0,0,0,6,0,1,0
2017,46,989*A,Heterotheca villosa,175,130,-10,-10,5.5,3,0,0,0,6,-0.5,1,0
2018,46,989*A,Heterotheca villosa,175,130,-10,-10,0,0,0,0,1,5.5,-5.5,0,0
2017,10,99*A,Lupinus argenteus,55,60,-10,-10,4.5,4.5,0,0,0,NA,NA,1,1
2018,10,99*A,Lupinus argenteus,55,60,-10,-10,0,0,0,0,1,4.5,-4.5,0,0
2014,10,99-old*A,Lupinus argenteus,55,60,-10,-10,12,9,1,0,0,NA,NA,1,NA
2015,10,99-old*A,Lupinus argenteus,55,60,-10,-10,0,0,0,0,1,12,-12,0,0
2014,46,990*A,Achnatherum lettermanii,160,124,-10,-10,2,2,0,0,0,NA,NA,1,NA
2015,46,990*A,Achnatherum lettermanii,160,124,-10,-10,3,5.5,0,0,0,2,1,1,0
2016,46,990*A,Achnatherum lettermanii,160,124,-10,-10,12,7,1,0,0,3,9,1,0
2017,46,990*A,Achnatherum lettermanii,160,124,-10,-10,16,8,3,0,0,12,4,1,0
2018,46,990*A,Achnatherum lettermanii,160,124,-10,-10,13,10.5,3,0,0,16,-3,1,0
2019,46,990*A,Achnatherum lettermanii,160,124,-10,-10,13,11,0,0,0,13,0,1,0
2020,46,990*A,Achnatherum lettermanii,160,124,-10,-10,19,12,0,0,0,13,6,1,0
2021,46,990*A,Achnatherum lettermanii,160,124,-10,-10,19,13.5,1,0,0,19,0,1,0
2014,46,991*A,Eriogonum umbellatum,147,128,-10,-10,12,2,7,0,0,NA,NA,1,NA
2015,46,991*A,Eriogonum umbellatum,147,128,-10,-10,13,3,4,0,0,12,1,1,0
2016,46,991*A,Eriogonum umbellatum,147,128,-10,-10,20,3,8,0,0,13,7,1,0
2017,46,991*A,Eriogonum umbellatum,147,128,-10,-10,18,3,7,0,0,20,-2,1,0
2018,46,991*A,Eriogonum umbellatum,147,128,-10,-10,15,3,8,0,0,18,-3,1,0
2019,46,991*A,Eriogonum umbellatum,147,128,-10,-10,17,3,3,0,0,15,2,1,0
2020,46,991*A,Eriogonum umbellatum,147,128,-10,-10,18.5,3,10,0,0,17,1.5,1,0
2021,46,991*A,Eriogonum umbellatum,147,128,-10,-10,21.5,2.8,11,0,0,18.5,3,1,0
2014,46,992*A,Eriogonum umbellatum,178,151,-10,-10,70,3,54,0,0,NA,NA,1,NA
2015,46,992*A,Eriogonum umbellatum,178,151,-10,-10,68,3,24,0,0,70,-2,1,0
2016,46,992*A,Eriogonum umbellatum,178,151,-10,-10,65,2,9,0,0,68,-3,1,0
2017,46,992*A,Eriogonum umbellatum,178,151,-10,-10,79,3,50,0,0,65,14,1,0
2018,46,992*A,Eriogonum umbellatum,178,151,-10,-10,90,3,61,0,0,79,11,1,0
2019,46,992*A,Eriogonum umbellatum,178,151,-10,-10,92,4,11,0,0,90,2,1,0
2020,46,992*A,Eriogonum umbellatum,178,151,-10,-10,90,4,16,0,0,92,-2,1,0
2021,46,992*A,Eriogonum umbellatum,178,151,-10,-10,90,3,9,0,0,90,0,1,0
2014,46,993*A,Agoseris glauca,190,165,-10,-10,10,7,2,0,0,NA,NA,1,NA
2015,46,993*A,Agoseris glauca,190,165,-10,-10,7,4,1,0,0,10,-3,1,0
2016,46,993*A,Agoseris glauca,190,165,-10,-10,3,3,2,0,0,7,-4,1,0
2017,46,993*A,Agoseris glauca,190,165,-10,-10,4.5,5,0,0,0,3,1.5,1,0
2018,46,993*A,Agoseris glauca,190,165,-10,-10,4,4,0,0,0,4.5,-0.5,1,0
2019,46,993*A,Agoseris glauca,190,165,-10,-10,4,6,0,0,0,4,0,1,0
2020,46,993*A,Agoseris glauca,190,165,-10,-10,0,0,0,0,1,4,-4,0,0
2014,46,994*A,Ivesia gordonii,180,170,-10,-10,2,2,0,0,0,NA,NA,1,NA
2015,46,994*A,Ivesia gordonii,180,170,-10,-10,4,2,0,0,0,2,2,1,0
2016,46,994*A,Ivesia gordonii,180,170,-10,-10,4,4,0,0,0,4,0,1,0
2017,46,994*A,Ivesia gordonii,180,170,-10,-10,0,0,0,0,1,4,-4,0,0
2014,46,995*A,Senecio crassulus,190,175,-10,-10,8,9,0,0,0,NA,NA,1,NA
2015,46,995*A,Senecio crassulus,190,175,-10,-10,7,19,0,0,0,8,-1,1,0
2016,46,995*A,Senecio crassulus,190,175,-10,-10,0,0,0,0,1,7,-7,0,0
2014,46,996*A,Heterotheca villosa,165,160,-10,-10,4,3,0,0,0,NA,NA,1,NA
2015,46,996*A,Heterotheca villosa,165,160,-10,-10,4,4,0,0,0,4,0,1,0
2016,46,996*A,Heterotheca villosa,165,160,-10,-10,10,6,3,0,0,4,6,1,0
2017,46,996*A,Heterotheca villosa,165,160,-10,-10,4,3,0,0,0,10,-6,1,0
2018,46,996*A,Heterotheca villosa,165,160,-10,-10,0,0,0,0,1,4,-4,0,0
2014,46,997*A,Heterotheca villosa,155,160,-10,-10,12,6,1,0,0,NA,NA,1,NA
2015,46,997*A,Heterotheca villosa,155,160,-10,-10,13,7,0,0,0,12,1,1,0
2016,46,997*A,Heterotheca villosa,155,160,-10,-10,22,10,8,0,0,13,9,1,0
2017,46,997*A,Heterotheca villosa,155,160,-10,-10,25,7,11,0,0,22,3,1,0
2018,46,997*A,Heterotheca villosa,155,160,-10,-10,0,0,0,0,1,25,-25,0,0
2014,46,998*A,Senecio crassulus,155,170,-10,-10,6,14,3,0,0,NA,NA,1,NA
2015,46,998*A,Senecio crassulus,155,170,-10,-10,13,7,0,0,0,6,7,1,0
2016,46,998*A,Senecio crassulus,155,170,-10,-10,12,12,8,0,0,13,-1,1,0
2017,46,998*A,Senecio crassulus,155,170,-10,-10,9,4,0,0,0,12,-3,1,0
2018,46,998*A,Senecio crassulus,155,170,-10,-10,0,0,0,0,1,9,-9,0,0
2014,46,999*A,Elymus lanceolatus,155,141,-10,-10,12,26,1,0,0,NA,NA,1,NA
2015,46,999*A,Elymus lanceolatus,155,141,-10,-10,11,12,0,0,0,12,-1,1,0
2016,46,999*A,Elymus lanceolatus,155,141,-10,-10,17,23,3,0,0,11,6,1,0
2017,46,999*A,Elymus lanceolatus,155,141,-10,-10,19,25,3,0,0,17,2,1,0
2018,46,999*A,Elymus lanceolatus,155,141,-10,-10,19,24,5,0,0,19,0,1,0
2019,46,999*A,Elymus lanceolatus,155,141,-10,-10,27,25,3,0,0,19,8,1,0
2020,46,999*A,Elymus lanceolatus,155,141,-10,-10,28,28,1,0,0,27,1,1,0
2021,46,999*A,Elymus lanceolatus,155,141,-10,-10,28,18,1,0,0,28,0,1,0
