"Year","Plot","Tag","X.global..cm.","Y.global..cm.","Taxon","Length..cm.","Length..cm..prev","Growth","Height..cm.","X..Capitulescences","Is.seedling","Is.recruit","Survival","ghost.dead","true.dead","avg.precip.mm","Inter.Overlap.Area","Intra.Overlap.Area"
2014,1,"1*A",20,-100,"Ivesia gordonii",1,NA,NA,1,0,1,1,1,0,0,2.52336448598131,0,0
2015,1,"1*A",20,-100,"Ivesia gordonii",1.4,1,0.4,2,0,0,0,1,0,0,3.0530303030303,0,0
2016,1,"1*A",20,-100,"Ivesia gordonii",2,1.4,0.6,4.5,0,0,0,1,0,0,1.30188679245283,0,0
2017,1,"1*A",20,-100,"Ivesia gordonii",0,2,-2,0,0,0,0,0,0,1,1.28571428571429,0,0
2014,1,"10*A",185,-106,"Ivesia gordonii",5,NA,NA,2,0,0,NA,1,0,0,2.52336448598131,0,0
2015,1,"10*A",185,-106,"Ivesia gordonii",0,5,-5,0,0,0,0,0,0,1,3.0530303030303,0,0
2014,10,"100*A",1670,-540,"Lupinus argenteus",8,NA,NA,7,1,0,NA,1,0,0,2.52336448598131,0,1.9962292550358
2015,10,"100*A",1670,-540,"Lupinus argenteus",27.5,8,19.5,12.5,1,0,0,1,0,0,3.0530303030303,0.13223140495868,18.0334903022471
2016,10,"100*A",1670,-540,"Lupinus argenteus",13.5,27.5,-14,8,1,0,0,1,0,0,1.30188679245283,2.81974430755068,0
2017,10,"100*A",1670,-540,"Lupinus argenteus",0,13.5,-13.5,0,0,0,0,0,0,1,1.28571428571429,0,0
2014,46,"1000*A",170,-3645,"Agoseris glauca",2,NA,NA,1,0,0,NA,1,0,0,2.52336448598131,100,0
2015,46,"1000*A",170,-3645,"Agoseris glauca",3,2,1,4,0,0,0,1,0,0,3.0530303030303,100.000000000001,0
2016,46,"1000*A",170,-3645,"Agoseris glauca",0,3,-3,0,0,0,0,0,0,1,1.30188679245283,0,0
2014,46,"1001*A",165,-3635,"Elymus lanceolatus",6,NA,NA,7,0,0,NA,1,0,0,2.52336448598131,107.80317661934,80.2267408056537
2015,46,"1001*A",165,-3635,"Elymus lanceolatus",6,6,0,14,0,0,0,1,0,0,3.0530303030303,218.12338451031,99.9999999999995
2016,46,"1001*A",165,-3635,"Elymus lanceolatus",11,6,5,16,1,0,0,1,0,0,1.30188679245283,334.462908968645,99.9999999999998
2017,46,"1001*A",165,-3635,"Elymus lanceolatus",0,11,-11,0,0,0,0,0,0,1,1.28571428571429,0,0
2014,46,"1002*A",160,-3651,"Elymus lanceolatus",7,NA,NA,12,0,0,NA,1,0,0,2.52336448598131,101.871324419569,0.0552358787916443
2015,46,"1002*A",160,-3651,"Elymus lanceolatus",6,7,-1,11,0,0,0,1,0,0,3.0530303030303,99.9999999999991,0
2016,46,"1002*A",160,-3651,"Elymus lanceolatus",13,6,7,20,1,0,0,1,0,0,1.30188679245283,151.513652370771,33.2973251171098
2017,46,"1002*A",160,-3651,"Elymus lanceolatus",0,13,-13,0,0,0,0,1,0,0,1.28571428571429,0,0
2018,46,"1002*A",160,-3651,"Elymus lanceolatus",30,0,30,24,4,0,0,1,0,0,1.12213740458015,135.462231014718,37.1051056354768
2019,46,"1002*A",160,-3651,"Elymus lanceolatus",22,30,-8,26,3,0,0,1,0,0,0.5,111.942692486006,81.4408381639851
2014,46,"1003*A",170,-3635,"Carex siccata",6,NA,NA,18,0,0,NA,1,0,0,2.52336448598131,207.803176619341,0
2015,46,"1003*A",170,-3635,"Carex siccata",15,6,9,13,1,0,0,1,0,0,3.0530303030303,225.391318328796,18.2689096008966
2016,46,"1003*A",170,-3635,"Carex siccata",13,15,-2,9,0,0,0,1,0,0,1.30188679245283,302.343140663147,121.516762669799
2017,46,"1003*A",170,-3635,"Carex siccata",0,13,-13,0,0,0,0,0,0,1,1.28571428571429,0,0
2014,46,"1004*A",165,-3630,"Carex siccata",4,NA,NA,6,0,0,NA,1,0,0,2.52336448598131,200,0
2015,46,"1004*A",165,-3630,"Carex siccata",8,4,4,10,0,0,0,1,0,0,3.0530303030303,216.536445842188,50.663398312984
2016,46,"1004*A",165,-3630,"Carex siccata",11,8,3,14,0,0,0,1,0,0,1.30188679245283,295.741941403654,40.7150632753222
2017,46,"1004*A",165,-3630,"Carex siccata",0,11,-11,0,0,0,0,0,0,1,1.28571428571429,0,0
2014,46,"1006*A",180,-3630,"Carex siccata",6,NA,NA,10,0,0,NA,1,0,0,2.52336448598131,112.489408587097,0
2015,46,"1006*A",180,-3630,"Carex siccata",9,6,3,9,0,0,0,1,0,0,3.0530303030303,154.939100701119,7.67538525895212
2016,46,"1006*A",180,-3630,"Carex siccata",18,9,9,12,0,0,0,1,0,0,1.30188679245283,170.709755401809,160.596690965904
2017,46,"1006*A",180,-3630,"Carex siccata",0,18,-18,0,0,0,0,0,0,1,1.28571428571429,0,0
2014,46,"1007*A",170,-3632,"Elymus lanceolatus",15,NA,NA,21,4,0,NA,1,0,0,2.52336448598131,123.344727868449,12.8362785289048
2015,46,"1007*A",170,-3632,"Elymus lanceolatus",19,15,4,17,0,0,0,1,0,0,3.0530303030303,196.728044288505,9.97229916897521
2016,46,"1007*A",170,-3632,"Elymus lanceolatus",24,19,5,28,7,0,0,1,0,0,1.30188679245283,321.61291923905,21.0069444444444
2017,46,"1007*A",170,-3632,"Elymus lanceolatus",7,24,-17,8,0,0,0,1,0,0,1.28571428571429,200.000000000002,0
2018,46,"1007*A",170,-3632,"Elymus lanceolatus",21,7,14,23,7,0,0,1,0,0,1.12213740458015,123.11455510983,10.4164819052758
2019,46,"1007*A",170,-3632,"Elymus lanceolatus",33,21,12,25.5,11,0,0,1,0,0,0.5,121.877031187398,7.93345692517449
2014,46,"1008*A",185,-3615,"Carex siccata",13,NA,NA,20,2,0,NA,1,0,0,2.52336448598131,49.9038693004667,5.53641797765392
2015,46,"1008*A",185,-3615,"Carex siccata",16,13,3,12,5,0,0,1,0,0,3.0530303030303,43.8002582204302,11.2839486130024
2016,46,"1008*A",185,-3615,"Carex siccata",11,16,-5,17,0,0,0,1,0,0,1.30188679245283,29.6509596900806,88.5884972531449
2017,46,"1008*A",185,-3615,"Carex siccata",14,11,3,14,1,0,0,1,0,0,1.28571428571429,97.5168698217706,54.48504459047
2018,46,"1008*A",185,-3615,"Carex siccata",26,14,12,18,0,0,0,1,0,0,1.12213740458015,93.8459879136851,0.59171597633138
2019,46,"1008*A",185,-3615,"Carex siccata",8,26,-18,4.5,0,0,0,1,0,0,0.5,99.9999999999999,0
2014,46,"1009*A",180,-3622,"Carex siccata",8,NA,NA,14,0,0,NA,1,0,0,2.52336448598131,99.9999999999998,14.6196037222422
2015,46,"1009*A",180,-3622,"Carex siccata",9,8,1,17,2,0,0,1,0,0,3.0530303030303,99.9999999999996,39.8945408909924
2016,46,"1009*A",180,-3622,"Carex siccata",25,9,16,16,4,0,0,1,0,0,1.30188679245283,114.78161268613,79.7957518943925
2017,46,"1009*A",180,-3622,"Carex siccata",20,25,-5,8,0,0,0,1,0,0,1.28571428571429,114.837810260586,35.5749639252758
2018,46,"1009*A",180,-3622,"Carex siccata",2,20,-18,1,0,0,0,1,0,0,1.12213740458015,100,100
2019,46,"1009*A",180,-3622,"Carex siccata",5.5,2,3.5,11,0,0,0,1,0,0,0.5,196.081268287902,0
2014,10,"101*A",1670,-555,"Lupinus argenteus",23,NA,NA,12,7,0,NA,1,0,0,2.52336448598131,0,49.2297378166202
2015,10,"101*A",1670,-555,"Lupinus argenteus",17,23,-6,11.5,3,0,0,1,0,0,3.0530303030303,0.329896856175777,64.1800857972585
2016,10,"101*A",1670,-555,"Lupinus argenteus",15.5,17,-1.5,12.5,2,0,0,1,0,0,1.30188679245283,8.02197077654735,0
2017,10,"101*A",1670,-555,"Lupinus argenteus",0,15.5,-15.5,0,0,0,0,0,0,1,1.28571428571429,0,0
2014,46,"1010*A",160,-3620,"Carex siccata",12,NA,NA,14,1,0,NA,1,0,0,2.52336448598131,56.396419099151,13.9038693632245
2015,46,"1010*A",160,-3620,"Carex siccata",12,12,0,21,0,0,0,1,0,0,3.0530303030303,50.0049095510211,17.9039936472567
2016,46,"1010*A",160,-3620,"Carex siccata",11,12,-1,12,0,0,0,1,0,0,1.30188679245283,54.6791406426241,17.7252047154497
2017,46,"1010*A",160,-3620,"Carex siccata",9,11,-2,7,0,0,0,1,0,0,1.28571428571429,99.9999999999999,0
2018,46,"1010*A",160,-3620,"Carex siccata",0,9,-9,0,0,0,0,0,0,1,1.12213740458015,0,0
2014,46,"1011*A",150,-3615,"Carex siccata",16,NA,NA,11,0,0,NA,1,0,0,2.52336448598131,6.80961713247757,7.82092651681369
2015,46,"1011*A",150,-3615,"Carex siccata",17,16,1,20,0,0,0,1,0,0,3.0530303030303,17.9542241623606,8.92102105607245
2016,46,"1011*A",150,-3615,"Carex siccata",8,17,-9,10,0,0,0,1,0,0,1.30188679245283,58.9542878163966,0
2017,46,"1011*A",150,-3615,"Carex siccata",13,8,5,6,0,0,0,1,0,0,1.28571428571429,8.14246445109315,0
2018,46,"1011*A",150,-3615,"Carex siccata",5.5,13,-7.5,9,0,0,0,1,0,0,1.12213740458015,67.8349758216092,0
2019,46,"1011*A",150,-3615,"Carex siccata",0,5.5,-5.5,0,0,0,0,0,0,1,0.5,0,0
2014,46,"1012*A",155,-3610,"Ivesia gordonii",5,NA,NA,4,0,0,NA,1,0,0,2.52336448598131,69.7304794365715,0
2015,46,"1012*A",155,-3610,"Ivesia gordonii",9,5,4,6,0,0,0,1,0,0,3.0530303030303,64.0588985545945,0
2016,46,"1012*A",155,-3610,"Ivesia gordonii",16,9,7,7,24,0,0,1,0,0,1.30188679245283,38.3800142426847,0
2017,46,"1012*A",155,-3610,"Ivesia gordonii",0,16,-16,0,0,0,0,0,0,1,1.28571428571429,0,0
2014,46,"1014*A",100,-3625,"Eriogonum umbellatum",10,NA,NA,1,0,0,NA,1,0,0,2.52336448598131,0,0
2015,46,"1014*A",100,-3625,"Eriogonum umbellatum",10,10,0,2,2,0,0,1,0,0,3.0530303030303,5.60963044437551,0
2016,46,"1014*A",100,-3625,"Eriogonum umbellatum",11,10,1,3,2,0,0,1,0,0,1.30188679245283,8.17173328249442,0
2017,46,"1014*A",100,-3625,"Eriogonum umbellatum",10,11,-1,2,4,0,0,1,0,0,1.28571428571429,34.7098422945467,0
2018,46,"1014*A",100,-3625,"Eriogonum umbellatum",10,10,0,1.5,3,0,0,1,0,0,1.12213740458015,9.62374988657242,0
2019,46,"1014*A",100,-3625,"Eriogonum umbellatum",10,10,0,1.5,0,0,0,1,0,0,0.5,42.0954730409582,0
2014,46,"1015*A",80,-3625,"Eriogonum umbellatum",3,NA,NA,1,0,0,NA,1,0,0,2.52336448598131,0,0
2015,46,"1015*A",80,-3625,"Eriogonum umbellatum",3,3,0,2,0,0,0,1,0,0,3.0530303030303,0,0
2016,46,"1015*A",80,-3625,"Eriogonum umbellatum",3,3,0,1.5,0,0,0,1,0,0,1.30188679245283,0,0
2017,46,"1015*A",80,-3625,"Eriogonum umbellatum",1.5,3,-1.5,1.5,0,0,0,1,0,0,1.28571428571429,0,0
2018,46,"1015*A",80,-3625,"Eriogonum umbellatum",0,1.5,-1.5,0,0,0,0,0,0,1,1.12213740458015,0,0
2014,46,"1017*A",120,-3655,"Heterotheca villosa",40,NA,NA,7,23,0,NA,1,0,0,2.52336448598131,79.9004996339231,0
2015,46,"1017*A",120,-3655,"Heterotheca villosa",35,40,-5,8,13,0,0,1,0,0,3.0530303030303,103.030206141717,0
2016,46,"1017*A",120,-3655,"Heterotheca villosa",45,35,10,8,79,0,0,1,0,0,1.30188679245283,75.026311035696,0
2017,46,"1017*A",120,-3655,"Heterotheca villosa",38,45,-7,6,44,0,0,1,0,0,1.28571428571429,102.455205993665,0
2018,46,"1017*A",120,-3655,"Heterotheca villosa",0,38,-38,0,0,0,0,0,0,1,1.12213740458015,0,0
2014,46,"1018*A",130,-3665,"Eriogonum umbellatum",0.5,NA,NA,0.5,0,0,NA,1,0,0,2.52336448598131,100.000000000003,1.50509996226911
2015,46,"1018*A",130,-3665,"Eriogonum umbellatum",1,0.5,0.5,0.5,0,0,0,1,0,0,3.0530303030303,199.999999999994,99.9999999999969
2016,46,"1018*A",130,-3665,"Eriogonum umbellatum",7,1,6,2,0,0,0,1,0,0,1.30188679245283,200.14467817763,34.6908560157854
2017,46,"1018*A",130,-3665,"Eriogonum umbellatum",1.5,7,-5.5,2,0,0,0,1,0,0,1.28571428571429,299.999999999998,0.307555587523293
2018,46,"1018*A",130,-3665,"Eriogonum umbellatum",0,1.5,-1.5,0,0,0,0,0,0,1,1.12213740458015,0,0
2014,46,"1019*A",133,-3657,"Eriogonum umbellatum",2,NA,NA,1,0,0,NA,1,0,0,2.52336448598131,100,99.220455604266
2015,46,"1019*A",133,-3657,"Eriogonum umbellatum",3,2,1,1.5,0,0,0,1,0,0,3.0530303030303,99.9999999999999,99.9999999999999
2016,46,"1019*A",133,-3657,"Eriogonum umbellatum",1.5,3,-1.5,1,0,0,0,1,0,0,1.30188679245283,99.9999999999976,85.4382284445546
2017,46,"1019*A",133,-3657,"Eriogonum umbellatum",2,1.5,0.5,1,0,0,0,1,0,0,1.28571428571429,100,77.3787250894927
2018,46,"1019*A",133,-3657,"Eriogonum umbellatum",2.5,2,0.5,1,0,0,0,1,0,0,1.12213740458015,0,101.92975898011
2019,46,"1019*A",133,-3657,"Eriogonum umbellatum",0,2.5,-2.5,0,0,0,0,1,0,0,0.5,0,0
2014,10,"102*A",1660,-560,"Lupinus argenteus",8,NA,NA,5,0,0,NA,1,0,0,2.52336448598131,0,107.068254183775
2015,10,"102*A",1660,-560,"Lupinus argenteus",5,8,-3,7,0,0,0,1,0,0,3.0530303030303,0,0
2016,10,"102*A",1660,-560,"Lupinus argenteus",0,5,-5,0,0,0,0,0,0,1,1.30188679245283,0,0
2014,46,"1020*A",27,-3673,"Carex siccata",14,NA,NA,11,0,0,NA,1,0,0,2.52336448598131,0,5.2402209631562
2015,46,"1020*A",27,-3673,"Carex siccata",15,14,1,15,1,0,0,1,0,0,3.0530303030303,0,58.3078354349814
2016,46,"1020*A",27,-3673,"Carex siccata",10,15,-5,12,0,0,0,1,0,0,1.30188679245283,0,86.2920789772596
2017,46,"1020*A",27,-3673,"Carex siccata",17,10,7,8,0,0,0,1,0,0,1.28571428571429,0,24.6053671433438
2018,46,"1020*A",27,-3673,"Carex siccata",14,17,-3,12,0,0,0,1,0,0,1.12213740458015,0,66.8779195295405
2019,46,"1020*A",27,-3673,"Carex siccata",15,14,1,14,0,0,0,1,0,0,0.5,0,110.613663406338
2014,46,"1021*A",35,-3680,"Carex siccata",11,NA,NA,12,0,0,NA,1,0,0,2.52336448598131,0,67.4350400669359
2015,46,"1021*A",35,-3680,"Carex siccata",10,11,-1,8,1,0,0,1,0,0,3.0530303030303,0,93.5348466441225
2016,46,"1021*A",35,-3680,"Carex siccata",5,10,-5,7,0,0,0,1,0,0,1.30188679245283,0,0
2017,46,"1021*A",35,-3680,"Carex siccata",0,5,-5,0,0,0,0,0,0,1,1.28571428571429,0,0
2014,46,"1022*A",34,-3687,"Carex siccata",17,NA,NA,12,0,0,NA,1,0,0,2.52336448598131,0,24.6801264336355
2015,46,"1022*A",34,-3687,"Carex siccata",16,17,-1,12,1,0,0,1,0,0,3.0530303030303,0.250000000000052,21.3046171217831
2016,46,"1022*A",34,-3687,"Carex siccata",8,16,-8,12,0,0,0,1,0,0,1.30188679245283,0.742140061651909,0
2017,46,"1022*A",34,-3687,"Carex siccata",13,8,5,13,0,0,0,1,0,0,1.28571428571429,0,0
2018,46,"1022*A",34,-3687,"Carex siccata",15,13,2,12,0,0,0,1,0,0,1.12213740458015,0,0
2019,46,"1022*A",34,-3687,"Carex siccata",5,15,-10,5.5,0,0,0,1,0,0,0.5,0,0
2014,47,"1023*A",495,-3745,"Lupinus argenteus",4,NA,NA,2,0,0,NA,1,0,0,2.52336448598131,0,0
2015,47,"1023*A",495,-3745,"Lupinus argenteus",5.5,4,1.5,3,0,0,0,1,0,0,3.0530303030303,0,0
2016,47,"1023*A",495,-3745,"Lupinus argenteus",0,5.5,-5.5,0,0,0,0,0,0,1,1.30188679245283,0,0
2014,49,"1024*A",1235,-3692,"Lupinus argenteus",9,NA,NA,5,0,0,NA,1,0,0,2.52336448598131,0,0
2015,49,"1024*A",1235,-3692,"Lupinus argenteus",9,9,0,6,0,0,0,1,0,0,3.0530303030303,0,0
2016,49,"1024*A",1235,-3692,"Lupinus argenteus",0,9,-9,0,0,0,0,0,0,1,1.30188679245283,0,0
2014,49,"1025*A",1245,-3710,"Lupinus argenteus",11,NA,NA,11,1,0,NA,1,0,0,2.52336448598131,0,14.7637499162929
2015,49,"1025*A",1245,-3710,"Lupinus argenteus",7,11,-4,4,0,0,0,1,0,0,3.0530303030303,0,0
2016,49,"1025*A",1245,-3710,"Lupinus argenteus",0,7,-7,0,0,0,0,0,0,1,1.30188679245283,0,0
2014,49,"1026*A",1250,-3705,"Lupinus argenteus",9,NA,NA,7,0,0,NA,1,0,0,2.52336448598131,0,22.054490615696
2015,49,"1026*A",1250,-3705,"Lupinus argenteus",0,9,-9,0,0,0,0,0,0,1,3.0530303030303,0,0
2014,49,"1027*A",1280,-3715,"Lupinus argenteus",11,NA,NA,5,0,0,NA,1,0,0,2.52336448598131,0,0
2015,49,"1027*A",1280,-3715,"Lupinus argenteus",0,11,-11,0,0,0,0,0,0,1,3.0530303030303,0,0
2014,49,"1028*A",1295,-3795,"Lupinus argenteus",2,NA,NA,2,0,0,NA,1,0,0,2.52336448598131,0,0
2015,49,"1028*A",1295,-3795,"Lupinus argenteus",0,2,-2,0,0,0,0,0,0,1,3.0530303030303,0,0
2014,49,"1029*A",1200,-3692,"Lupinus argenteus",14,NA,NA,6,0,0,NA,1,0,0,2.52336448598131,0,0
2015,49,"1029*A",1200,-3692,"Lupinus argenteus",11,14,-3,8,0,0,0,1,0,0,3.0530303030303,0,0
2016,49,"1029*A",1200,-3692,"Lupinus argenteus",0,11,-11,0,0,0,0,0,0,1,1.30188679245283,0,0
2014,10,"103*A",1680,-540,"Lupinus argenteus",8,NA,NA,7,0,0,NA,1,0,0,2.52336448598131,0,0
2015,10,"103*A",1680,-540,"Lupinus argenteus",0,8,-8,0,0,0,0,1,0,0,3.0530303030303,0,0
2016,10,"103*A",1680,-540,"Lupinus argenteus",2.7,0,2.7,6,0,0,0,1,0,0,1.30188679245283,0,87.6393156167672
2017,10,"103*A",1680,-540,"Lupinus argenteus",0,2.7,-2.7,0,0,0,0,0,0,1,1.28571428571429,0,0
2014,49,"1030*A",1360,-3765,"Lupinus argenteus",15,NA,NA,5,0,0,NA,1,0,0,2.52336448598131,0,0
2015,49,"1030*A",1360,-3765,"Lupinus argenteus",1,15,-14,1,0,0,0,1,0,0,3.0530303030303,0,0
2016,49,"1030*A",1360,-3765,"Lupinus argenteus",0,1,-1,0,0,0,0,0,0,1,1.30188679245283,0,0
2014,49,"1031*A",1276,-3649,"Eriogonum umbellatum",36,NA,NA,2,29,0,NA,1,0,0,2.52336448598131,0,0
2015,49,"1031*A",1276,-3649,"Eriogonum umbellatum",41,36,5,2,34,0,0,1,0,0,3.0530303030303,0,0
2016,49,"1031*A",1276,-3649,"Eriogonum umbellatum",37,41,-4,2,29,0,0,1,0,0,1.30188679245283,0,0
2017,49,"1031*A",1276,-3649,"Eriogonum umbellatum",37,37,0,3,17,0,0,1,0,0,1.28571428571429,0,0
2018,49,"1031*A",1276,-3649,"Eriogonum umbellatum",16,37,-21,3,2,0,0,1,0,0,1.12213740458015,0,0
2019,49,"1031*A",1276,-3649,"Eriogonum umbellatum",19,16,3,4.9,23,0,0,1,0,0,0.5,0,0
2014,49,"1032*A",1255,-3605,"Heterotheca villosa",28,NA,NA,8,15,0,NA,1,0,0,2.52336448598131,0,0
2015,49,"1032*A",1255,-3605,"Heterotheca villosa",29,28,1,7,12,0,0,1,0,0,3.0530303030303,0.332304749429814,0
2016,49,"1032*A",1255,-3605,"Heterotheca villosa",12,29,-17,2,0,0,0,1,0,0,1.30188679245283,0,0
2017,49,"1032*A",1255,-3605,"Heterotheca villosa",13,12,1,6.5,2,0,0,1,0,0,1.28571428571429,0,0
2018,49,"1032*A",1255,-3605,"Heterotheca villosa",0,13,-13,0,0,0,0,0,0,1,1.12213740458015,0,0
2014,50,"1033*A",1605,-3795,"Ivesia gordonii",16,NA,NA,5,0,0,NA,1,0,0,2.52336448598131,4.82830843608654,10.4807011618463
2015,50,"1033*A",1605,-3795,"Ivesia gordonii",18,16,2,5,31,0,0,1,0,0,3.0530303030303,12.1385633929738,25.2694931785469
2016,50,"1033*A",1605,-3795,"Ivesia gordonii",18,18,0,6,26,0,0,1,0,0,1.30188679245283,19.8605313109474,21.3960743066449
2017,50,"1033*A",1605,-3795,"Ivesia gordonii",0,18,-18,0,0,0,0,0,0,1,1.28571428571429,0,0
2014,50,"1034*A",1610,-3785,"Ivesia gordonii",12,NA,NA,3,0,0,NA,1,0,0,2.52336448598131,0,13.900303839297
2015,50,"1034*A",1610,-3785,"Ivesia gordonii",15,12,3,3,11,0,0,1,0,0,3.0530303030303,0,24.8936320949929
2016,50,"1034*A",1610,-3785,"Ivesia gordonii",14,15,-1,5,29,0,0,1,0,0,1.30188679245283,0,24.1964849162422
2017,50,"1034*A",1610,-3785,"Ivesia gordonii",9,14,-5,3,0,0,0,1,0,0,1.28571428571429,0,0
2018,50,"1034*A",1610,-3785,"Ivesia gordonii",0,9,-9,0,0,0,0,0,0,1,1.12213740458015,0,0
2014,50,"1035*A",1615,-3797,"Eriogonum umbellatum",7,NA,NA,1,0,0,NA,1,0,0,2.52336448598131,12.6075415941373,0
2015,50,"1035*A",1615,-3797,"Eriogonum umbellatum",9,7,2,2,2,0,0,1,0,0,3.0530303030303,35.7902506503018,0
2016,50,"1035*A",1615,-3797,"Eriogonum umbellatum",12,9,3,3,1,0,0,1,0,0,1.30188679245283,65.9399204188512,0
2017,50,"1035*A",1615,-3797,"Eriogonum umbellatum",11,12,-1,2,2,0,0,1,0,0,1.28571428571429,7.76821050490867,0
2018,50,"1035*A",1615,-3797,"Eriogonum umbellatum",10,11,-1,1,0,0,0,1,0,0,1.12213740458015,0,0
2019,50,"1035*A",1615,-3797,"Eriogonum umbellatum",4.3,10,-5.7,2.5,0,0,0,1,0,0,0.5,0,0
2014,50,"1036*A",1621,-3798,"Heterotheca villosa",6,NA,NA,5,1,0,NA,1,0,0,2.52336448598131,66.2222219122527,0
2015,50,"1036*A",1621,-3798,"Heterotheca villosa",4,6,-2,1.5,0,0,0,1,0,0,3.0530303030303,108.817597615554,0
2016,50,"1036*A",1621,-3798,"Heterotheca villosa",0,4,-4,0,0,0,0,0,0,1,1.30188679245283,0,0
2014,50,"1037*A",1623,-3799,"Ivesia gordonii",7,NA,NA,3,0,0,NA,1,0,0,2.52336448598131,61.4877694071953,2.65996545801185
2015,50,"1037*A",1623,-3799,"Ivesia gordonii",9,7,2,4,1,0,0,1,0,0,3.0530303030303,35.1213533835693,52.4490044117647
2016,50,"1037*A",1623,-3799,"Ivesia gordonii",14,9,5,5,7,0,0,1,0,0,1.30188679245283,28.7909702624512,67.1870552174013
2017,50,"1037*A",1623,-3799,"Ivesia gordonii",9,14,-5,4,11,0,0,1,0,0,1.28571428571429,15.0327480635779,59.672478730365
2018,50,"1037*A",1623,-3799,"Ivesia gordonii",0,9,-9,0,0,0,0,0,0,1,1.12213740458015,0,0
2014,50,"1038*A",1627,-3797,"Ivesia gordonii",3,NA,NA,3,0,0,NA,1,0,0,2.52336448598131,0,9.84572963406907
2015,50,"1038*A",1627,-3797,"Ivesia gordonii",9,3,6,5,1,0,0,1,0,0,3.0530303030303,0.974210399782088,37.7003929182164
2016,50,"1038*A",1627,-3797,"Ivesia gordonii",13,9,4,5.5,22,0,0,1,0,0,1.30188679245283,1.0156330594287,58.7464870123168
2017,50,"1038*A",1627,-3797,"Ivesia gordonii",10,13,-3,4,0,0,0,1,0,0,1.28571428571429,0,36.0727701862989
2018,50,"1038*A",1627,-3797,"Ivesia gordonii",0,10,-10,0,0,0,0,0,0,1,1.12213740458015,0,0
2014,50,"1039*A",1652,-3785,"Ivesia gordonii",20,NA,NA,4,0,0,NA,1,0,0,2.52336448598131,0.24999999999999,3.35813851586598
2015,50,"1039*A",1652,-3785,"Ivesia gordonii",22,20,2,6,6,0,0,1,0,0,3.0530303030303,3.30578512396708,7.82743717065238
2016,50,"1039*A",1652,-3785,"Ivesia gordonii",24,22,2,9,15,0,0,1,0,0,1.30188679245283,12.8401137210469,16.2818917918625
2017,50,"1039*A",1652,-3785,"Ivesia gordonii",19,24,-5,7,26,0,0,1,0,0,1.28571428571429,17.9877017861467,3.82463393186287
2018,50,"1039*A",1652,-3785,"Ivesia gordonii",0,19,-19,0,0,0,0,0,0,1,1.12213740458015,0,0
2014,10,"104*A",1695,-550,"Lupinus argenteus",11,NA,NA,10,2,0,NA,1,0,0,2.52336448598131,30.8951058372763,2.71586972233519
2015,10,"104*A",1695,-550,"Lupinus argenteus",14,11,3,8.5,2,0,0,1,0,0,3.0530303030303,25.6611772353301,18.1613246391645
2016,10,"104*A",1695,-550,"Lupinus argenteus",15.5,14,1.5,10,2,0,0,1,0,0,1.30188679245283,70.8559284077143,3.83964649414188
2017,10,"104*A",1695,-550,"Lupinus argenteus",0,15.5,-15.5,0,0,0,0,0,0,1,1.28571428571429,0,0
2014,50,"1040*A",1657,-3792,"Heterotheca villosa",1,NA,NA,1,0,0,NA,1,0,0,2.52336448598131,99.9999999999945,0
2015,50,"1040*A",1657,-3792,"Heterotheca villosa",4,1,3,2,0,0,0,1,0,0,3.0530303030303,99.9999999999909,0
2016,50,"1040*A",1657,-3792,"Heterotheca villosa",9,4,5,3,2,0,0,1,0,0,1.30188679245283,91.3074753496579,0
2017,50,"1040*A",1657,-3792,"Heterotheca villosa",11,9,2,4,7,0,0,1,0,0,1.28571428571429,53.6657879735413,0
2018,50,"1040*A",1657,-3792,"Heterotheca villosa",0,11,-11,0,0,0,0,0,0,1,1.12213740458015,0,0
2014,50,"1041*A",1660,-3775,"Ivesia gordonii",10,NA,NA,4,1,0,NA,1,0,0,2.52336448598131,0,13.4325540634637
2015,50,"1041*A",1660,-3775,"Ivesia gordonii",12,10,2,4,2,0,0,1,0,0,3.0530303030303,0,26.3088860458023
2016,50,"1041*A",1660,-3775,"Ivesia gordonii",16,12,4,6,14,0,0,1,0,0,1.30188679245283,0,36.6342565316884
2017,50,"1041*A",1660,-3775,"Ivesia gordonii",11,16,-5,5,10,0,0,1,0,0,1.28571428571429,0,11.4106847058067
2018,50,"1041*A",1660,-3775,"Ivesia gordonii",0,11,-11,0,0,0,0,0,0,1,1.12213740458015,0,0
2014,50,"1042*A",1650,-3750,"Eriogonum umbellatum",15,NA,NA,2,1,0,NA,1,0,0,2.52336448598131,0,0
2015,50,"1042*A",1650,-3750,"Eriogonum umbellatum",11,15,-4,2,1,0,0,1,0,0,3.0530303030303,0,0
2016,50,"1042*A",1650,-3750,"Eriogonum umbellatum",2.5,11,-8.5,2,0,0,0,1,0,0,1.30188679245283,0,0
2017,50,"1042*A",1650,-3750,"Eriogonum umbellatum",0,2.5,-2.5,0,0,0,0,0,0,1,1.28571428571429,0,0
2014,50,"1043*A",1698,-3795,"Ivesia gordonii",12,NA,NA,3,1,0,NA,1,0,0,2.52336448598131,0,24.1582470296415
2015,50,"1043*A",1698,-3795,"Ivesia gordonii",17,12,5,5,13,0,0,1,0,0,3.0530303030303,0,27.5444487744237
2016,50,"1043*A",1698,-3795,"Ivesia gordonii",12,17,-5,10,0,0,0,1,0,0,1.30188679245283,1.44527901683086,0
2017,50,"1043*A",1698,-3795,"Ivesia gordonii",10.5,12,-1.5,5,0,0,0,1,0,0,1.28571428571429,37.0002316426084,0
2018,50,"1043*A",1698,-3795,"Ivesia gordonii",0,10.5,-10.5,0,0,0,0,0,0,1,1.12213740458015,0,0
2014,50,"1044*A",1700,-3792,"Ivesia gordonii",6,NA,NA,2,0,0,NA,1,0,0,2.52336448598131,0,92.8626804479184
2015,50,"1044*A",1700,-3792,"Ivesia gordonii",8,6,2,5,1,0,0,1,0,0,3.0530303030303,0,99.9999999999998
2016,50,"1044*A",1700,-3792,"Ivesia gordonii",0,8,-8,0,0,0,0,0,0,1,1.30188679245283,0,0
2014,50,"1045*A",1710,-3795,"Ivesia gordonii",12,NA,NA,5,0,0,NA,1,0,0,2.52336448598131,0,0
2015,50,"1045*A",1710,-3795,"Ivesia gordonii",9,12,-3,3,7,0,0,1,0,0,3.0530303030303,0,4.75916925908787
2016,50,"1045*A",1710,-3795,"Ivesia gordonii",0,9,-9,0,0,0,0,0,0,1,1.30188679245283,0,0
2014,50,"1046*A",1765,-3760,"Heterotheca villosa",10,NA,NA,4,2,0,NA,1,0,0,2.52336448598131,64.0924560186755,0
2015,50,"1046*A",1765,-3760,"Heterotheca villosa",18,10,8,4,2,0,0,1,0,0,3.0530303030303,50.4414118385754,0
2016,50,"1046*A",1765,-3760,"Heterotheca villosa",20,18,2,6,11,0,0,1,0,0,1.30188679245283,21.8837568632608,0
2017,50,"1046*A",1765,-3760,"Heterotheca villosa",0,20,-20,0,0,0,0,0,0,1,1.28571428571429,0,0
2014,50,"1047*A",1763,-3743,"Eriogonum umbellatum",37,NA,NA,2,3,0,NA,1,0,0,2.52336448598131,4.68169875958195,0
2015,50,"1047*A",1763,-3743,"Eriogonum umbellatum",36,37,-1,2,0,0,0,1,0,0,3.0530303030303,14.5537497379887,0
2016,50,"1047*A",1763,-3743,"Eriogonum umbellatum",27,36,-9,4,4,0,0,1,0,0,1.30188679245283,12.007548347468,0
2017,50,"1047*A",1763,-3743,"Eriogonum umbellatum",22.5,27,-4.5,2.5,2,0,0,1,0,0,1.28571428571429,1.77777777777765,0
2018,50,"1047*A",1763,-3743,"Eriogonum umbellatum",8.5,22.5,-14,1.5,0,0,0,1,0,0,1.12213740458015,0,0
2019,50,"1047*A",1763,-3743,"Eriogonum umbellatum",6,8.5,-2.5,5.5,0,0,0,1,0,0,0.5,0,0
2014,50,"1048*A",1767,-3718,"Elymus lanceolatus",12,NA,NA,18,7,0,NA,1,0,0,2.52336448598131,0,0
2015,50,"1048*A",1767,-3718,"Elymus lanceolatus",20,12,8,12,2,0,0,1,0,0,3.0530303030303,6.29660556183639,0
2016,50,"1048*A",1767,-3718,"Elymus lanceolatus",20,20,0,20,9,0,0,1,0,0,1.30188679245283,0.0900000000000157,0
2017,50,"1048*A",1767,-3718,"Elymus lanceolatus",20,20,0,13,3,0,0,1,0,0,1.28571428571429,0,0
2018,50,"1048*A",1767,-3718,"Elymus lanceolatus",16,20,-4,13.5,7,0,0,1,0,0,1.12213740458015,0,0
2019,50,"1048*A",1767,-3718,"Elymus lanceolatus",23,16,7,17.5,5,0,0,1,0,0,0.5,0,0
2014,50,"1049*A",1610,-3615,"Eriogonum umbellatum",38,NA,NA,2,9,0,NA,1,0,0,2.52336448598131,0,0
2015,50,"1049*A",1610,-3615,"Eriogonum umbellatum",38,38,0,3,51,0,0,1,0,0,3.0530303030303,0,0
2016,50,"1049*A",1610,-3615,"Eriogonum umbellatum",40,38,2,3,13,0,0,1,0,0,1.30188679245283,1.35693505161924,0
2017,50,"1049*A",1610,-3615,"Eriogonum umbellatum",35.5,40,-4.5,2,6,0,0,1,0,0,1.28571428571429,1.57808109831601,0
2018,50,"1049*A",1610,-3615,"Eriogonum umbellatum",31,35.5,-4.5,1.5,0,0,0,1,0,0,1.12213740458015,0,0
2019,50,"1049*A",1610,-3615,"Eriogonum umbellatum",0,31,-31,0,0,0,0,0,0,1,0.5,0,0
2014,10,"105*A",1680,-555,"Lupinus argenteus",13,NA,NA,13,2,0,NA,1,0,0,2.52336448598131,0,148.008094723144
2015,10,"105*A",1680,-555,"Lupinus argenteus",11.5,13,-1.5,9.5,1,0,0,1,0,0,3.0530303030303,0,140.671622173173
2016,10,"105*A",1680,-555,"Lupinus argenteus",0,11.5,-11.5,0,0,0,0,1,0,0,1.30188679245283,0,0
2017,10,"105*A",1680,-555,"Lupinus argenteus",8,0,8,6,0,0,0,1,0,0,1.28571428571429,4.58369253738818,0
2018,10,"105*A",1680,-555,"Lupinus argenteus",0,8,-8,0,0,0,0,0,0,1,1.12213740458015,0,0
2015,1,"1050*A",53,-25,"Lupinus argenteus",2.1,NA,NA,2.5,0,1,1,1,0,0,3.0530303030303,0,0
2016,1,"1050*A",53,-25,"Lupinus argenteus",4.5,2.1,2.4,3.7,0,0,0,1,0,0,1.30188679245283,0,0
2017,1,"1050*A",53,-25,"Lupinus argenteus",11,4.5,6.5,5,0,0,0,1,0,0,1.28571428571429,0,0
2018,1,"1050*A",53,-25,"Lupinus argenteus",24,11,13,8,3,0,0,1,0,0,1.12213740458015,0,0
2019,1,"1050*A",53,-25,"Lupinus argenteus",15.5,24,-8.5,6.5,0,0,0,1,0,0,0.5,0,0
2015,1,"1051*A",15,-20,"Senecio crassulus",0.5,NA,NA,1.4,0,1,1,1,0,0,3.0530303030303,0,0
2016,1,"1051*A",15,-20,"Senecio crassulus",0,0.5,-0.5,0,0,0,0,0,0,1,1.30188679245283,0,0
2015,1,"1052*A",190,-175,"Ivesia gordonii",0.5,NA,NA,0.5,0,1,1,1,0,0,3.0530303030303,0,0
2016,1,"1052*A",190,-175,"Ivesia gordonii",1.9,0.5,1.4,0.8,0,0,0,1,0,0,1.30188679245283,0,0
2017,1,"1052*A",190,-175,"Ivesia gordonii",0,1.9,-1.9,0,0,0,0,0,0,1,1.28571428571429,0,0
2015,1,"1053*A",195,-175,"Ivesia gordonii",0.5,NA,NA,0.5,0,1,1,1,0,0,3.0530303030303,0,99.9999999999909
2016,1,"1053*A",195,-175,"Ivesia gordonii",1.8,0.5,1.3,1.2,0,0,0,1,0,0,1.30188679245283,0,101.739749743294
2017,1,"1053*A",195,-175,"Ivesia gordonii",1.8,1.8,0,1.2,0,0,0,1,0,0,1.28571428571429,0,40.072765981968
2018,1,"1053*A",195,-175,"Ivesia gordonii",0,1.8,-1.8,0,0,0,0,0,0,1,1.12213740458015,0,0
2015,1,"1054*A",190,-164,"Ivesia gordonii",0.6,NA,NA,0.5,0,1,1,1,0,0,3.0530303030303,0,0
2016,1,"1054*A",190,-164,"Ivesia gordonii",0.7,0.6,0.1,1,0,0,0,1,0,0,1.30188679245283,0,0
2017,1,"1054*A",190,-164,"Ivesia gordonii",0,0.7,-0.7,0,0,0,0,0,0,1,1.28571428571429,0,0
2015,1,"1055*A",200,-167,"Ivesia gordonii",0.6,NA,NA,0.7,0,1,1,1,0,0,3.0530303030303,0,0
2016,1,"1055*A",200,-167,"Ivesia gordonii",2.4,0.6,1.8,1.5,0,0,0,1,0,0,1.30188679245283,0,0
2017,1,"1055*A",200,-167,"Ivesia gordonii",0,2.4,-2.4,0,0,0,0,0,0,1,1.28571428571429,0,0
2015,1,"1056*A",195,-176,"Ivesia gordonii",0.4,NA,NA,0.5,0,1,1,1,0,0,3.0530303030303,0,100.000000000002
2016,1,"1056*A",195,-176,"Ivesia gordonii",0.5,0.4,0.1,0.5,0,0,0,1,0,0,1.30188679245283,0,122.5471566731
2017,1,"1056*A",195,-176,"Ivesia gordonii",2,0.5,1.5,1,0,0,0,1,0,0,1.28571428571429,0,32.4589404453951
2018,1,"1056*A",195,-176,"Ivesia gordonii",0,2,-2,0,0,0,0,0,0,1,1.12213740458015,0,0
2015,1,"1057*A",186,-179,"Ivesia gordonii",0.6,NA,NA,0.8,0,1,1,1,0,0,3.0530303030303,0,0
2016,1,"1057*A",186,-179,"Ivesia gordonii",0.5,0.6,-0.1,0.5,0,0,0,1,0,0,1.30188679245283,0,0
2017,1,"1057*A",186,-179,"Ivesia gordonii",0.8,0.5,0.3,0.3,0,0,0,1,0,0,1.28571428571429,0,0
2018,1,"1057*A",186,-179,"Ivesia gordonii",0,0.8,-0.8,0,0,0,0,0,0,1,1.12213740458015,0,0
2015,1,"1058*A",183,-155,"Ivesia gordonii",0.4,NA,NA,0.4,0,1,1,1,0,0,3.0530303030303,0,0
2016,1,"1058*A",183,-155,"Ivesia gordonii",1.2,0.4,0.8,1,0,0,0,1,0,0,1.30188679245283,0,0
2017,1,"1058*A",183,-155,"Ivesia gordonii",0,1.2,-1.2,0,0,0,0,0,0,1,1.28571428571429,0,0
2015,1,"1059*A",180,-154,"Heterotheca villosa",1.3,NA,NA,2,0,1,1,1,0,0,3.0530303030303,0,0
2016,1,"1059*A",180,-154,"Heterotheca villosa",4.2,1.3,2.9,3.7,0,0,0,1,0,0,1.30188679245283,0,0
2017,1,"1059*A",180,-154,"Heterotheca villosa",0,4.2,-4.2,0,0,0,0,0,0,1,1.28571428571429,0,0
2014,10,"106*A",1685,-560,"Lupinus argenteus",19,NA,NA,12,0,0,NA,1,0,0,2.52336448598131,0,90.5526964102578
2015,10,"106*A",1685,-560,"Lupinus argenteus",22,19,3,14.5,2,0,0,1,0,0,3.0530303030303,0,75.0527933263438
2016,10,"106*A",1685,-560,"Lupinus argenteus",16,22,-6,15.5,0,0,0,1,0,0,1.30188679245283,3.15543392942644,24.9084200087296
2017,10,"106*A",1685,-560,"Lupinus argenteus",0,16,-16,0,0,0,0,1,0,0,1.28571428571429,0,0
2018,10,"106*A",1685,-560,"Lupinus argenteus",6,0,6,3.5,0,0,0,1,0,0,1.12213740458015,10.7208934513341,24.2785856055221
2019,10,"106*A",1685,-560,"Lupinus argenteus",0,6,-6,0,0,0,0,0,0,1,0.5,0,0
2015,1,"1060*A",172,-139,"Ivesia gordonii",0.4,NA,NA,0.4,0,1,1,1,0,0,3.0530303030303,0,0
2016,1,"1060*A",172,-139,"Ivesia gordonii",0.8,0.4,0.4,0.9,0,0,0,1,0,0,1.30188679245283,0,0
2017,1,"1060*A",172,-139,"Ivesia gordonii",1.5,0.8,0.7,1,0,0,0,1,0,0,1.28571428571429,0,0
2018,1,"1060*A",172,-139,"Ivesia gordonii",5,1.5,3.5,4,0,0,0,1,0,0,1.12213740458015,0,17.1905483922079
2019,1,"1060*A",172,-139,"Ivesia gordonii",9.5,5,4.5,5,3,0,0,1,0,0,0.5,0,46.3935569161582
2015,1,"1061*A",171,-135,"Ivesia gordonii",0.4,NA,NA,0.3,0,1,1,1,0,0,3.0530303030303,0,0
2016,1,"1061*A",171,-135,"Ivesia gordonii",1.5,0.4,1.1,1.3,0,0,0,1,0,0,1.30188679245283,0,0
2017,1,"1061*A",171,-135,"Ivesia gordonii",4,1.5,2.5,2,0,0,0,1,0,0,1.28571428571429,0,0
2018,1,"1061*A",171,-135,"Ivesia gordonii",6,4,2,3.5,1,0,0,1,0,0,1.12213740458015,0,11.937880827922
2019,1,"1061*A",171,-135,"Ivesia gordonii",9.5,6,3.5,5.5,1,0,0,1,0,0,0.5,0,46.3935569161583
2015,1,"1062*A",180,-120,"Ivesia gordonii",0,NA,NA,0,0,1,1,0,0,1,3.0530303030303,0,0
2015,1,"1063*A",195,-100,"Lupinus argenteus",1.4,NA,NA,2.5,0,1,1,1,0,0,3.0530303030303,0,0
2016,1,"1063*A",195,-100,"Lupinus argenteus",7.5,1.4,6.1,6.9,0,0,0,1,0,0,1.30188679245283,15.6325619174883,0
2017,1,"1063*A",195,-100,"Lupinus argenteus",0,7.5,-7.5,0,0,0,0,1,0,0,1.28571428571429,0,0
2018,1,"1063*A",195,-100,"Lupinus argenteus",8,0,8,4,0,0,0,1,0,0,1.12213740458015,0,0
2019,1,"1063*A",195,-100,"Lupinus argenteus",0,8,-8,0,0,0,0,0,0,1,0.5,0,0
2015,1,"1064*A",195,-105,"Ivesia gordonii",0.5,NA,NA,1.4,0,1,1,1,0,0,3.0530303030303,0,99.99999999999
2016,1,"1064*A",195,-105,"Ivesia gordonii",0.5,0.5,0,0.6,0,0,0,1,0,0,1.30188679245283,0,99.99999999999
2017,1,"1064*A",195,-105,"Ivesia gordonii",0,0.5,-0.5,0,0,0,0,0,0,1,1.28571428571429,0,0
2015,1,"1065*A",180.1168754,-60.245199,"Ivesia gordonii",0.5,NA,NA,0.5,0,1,1,1,0,0,3.0530303030303,0,55.7407490418154
2015,1,"1065*B",179.9586341,-60.1655883,"Ivesia gordonii",0.5,NA,NA,0.5,0,1,1,1,0,0,3.0530303030303,0,55.740749041817
2015,1,"1065*C",179.6048249,-60.8762119,"Ivesia gordonii",0.5,NA,NA,0.5,0,1,1,1,0,0,3.0530303030303,0,0
2016,1,"1065*A",180.151938,-60.3187587,"Ivesia gordonii",1,0.5,0.5,1.5,0,0,0,1,0,0,1.30188679245283,0,70.863656336257
2016,1,"1065*B",179.9462243,-60.2152648,"Ivesia gordonii",1,0.5,0.5,1.5,0,0,0,0,1,0,1.30188679245283,0,70.8636563362601
2016,1,"1065*C",179.4862723,-61.1390755,"Ivesia gordonii",1,0.5,0.5,1.5,0,0,0,0,1,0,1.30188679245283,0,0
2017,1,"1065*A",180,-60,"Ivesia gordonii",0,1,-1,0,0,0,0,0,0,1,1.28571428571429,0,0
2015,1,"1066*A",180,-50,"Ivesia gordonii",0.5,NA,NA,0.5,0,1,1,1,0,0,3.0530303030303,0,0
2016,1,"1066*A",180,-50,"Ivesia gordonii",0.5,0.5,0,0.5,0,0,0,1,0,0,1.30188679245283,0,0
2017,1,"1066*A",180,-50,"Ivesia gordonii",0,0.5,-0.5,0,0,0,0,0,0,1,1.28571428571429,0,0
2015,1,"1067*A",200,-20,"Ivesia gordonii",2,NA,NA,2,0,0,1,1,0,0,3.0530303030303,0,0
2016,1,"1067*A",200.0584377,-20.1225995,"Ivesia gordonii",0.5,2,-1.5,0.5,0,0,0,1,0,0,1.30188679245283,0,97.6309270065211
2016,1,"1067*B",199.979317,-20.0827942,"Ivesia gordonii",0.5,NA,NA,0.5,0,0,1,0,1,0,1.30188679245283,0,62.2024375949165
2017,1,"1067*A",200,-20,"Ivesia gordonii",0,0.5,-0.5,0,0,0,0,0,0,1,1.28571428571429,0,0
2015,1,"1068*A",199,-45,"Ivesia gordonii",0.5,NA,NA,0.7,0,1,1,1,0,0,3.0530303030303,0,99.9999999999955
2016,1,"1068*A",199,-45,"Ivesia gordonii",0,0.5,-0.5,0,0,0,0,0,0,1,1.30188679245283,0,0
2015,1,"1069*A",196,-54,"Ivesia gordonii",0.5,NA,NA,0.4,0,1,1,1,0,0,3.0530303030303,0,99.9999999999936
2016,1,"1069*A",196,-54,"Ivesia gordonii",1.9,0.5,1.4,1,0,0,0,1,0,0,1.30188679245283,0.447448332017464,100.000000000001
2017,1,"1069*A",196,-54,"Ivesia gordonii",1.5,1.9,-0.4,1,0,0,0,1,0,0,1.28571428571429,0,0
2018,1,"1069*A",196,-54,"Ivesia gordonii",2,1.5,0.5,2.5,0,0,0,1,0,0,1.12213740458015,0,0
2019,1,"1069*A",196,-54,"Ivesia gordonii",5.5,2,3.5,3.5,0,0,0,1,0,0,0.5,0,0
2014,10,"107*A",1680,-565,"Lupinus argenteus",16,NA,NA,10,1,0,NA,1,0,0,2.52336448598131,0,98.7471985066464
2015,10,"107*A",1680,-565,"Lupinus argenteus",15.5,16,-0.5,11,0,0,0,1,0,0,3.0530303030303,0,91.0565236621514
2016,10,"107*A",1680,-565,"Lupinus argenteus",10,15.5,-5.5,6.3,0,0,0,1,0,0,1.30188679245283,44.8817396551751,54.5408045201688
2017,10,"107*A",1680,-565,"Lupinus argenteus",0,10,-10,0,0,0,0,0,0,1,1.28571428571429,0,0
2015,1,"1070*A",200,-45,"Ivesia gordonii",0.5,NA,NA,0.5,0,1,1,1,0,0,3.0530303030303,0,99.9999999999972
2016,1,"1070*A",200,-45,"Ivesia gordonii",0,0.5,-0.5,0,0,0,0,0,0,1,1.30188679245283,0,0
2014,1,"1071*A",197,-13,"Senecio crassulus",6,NA,NA,5.5,0,0,NA,1,0,0,2.52336448598131,0,0
2015,1,"1071*A",197,-13,"Senecio crassulus",6,6,0,5.5,0,0,0,1,0,0,3.0530303030303,0,0
2016,1,"1071*A",197,-13,"Senecio crassulus",6.9,6,0.9,5.6,0,0,0,1,0,0,1.30188679245283,0,0
2017,1,"1071*A",197,-13,"Senecio crassulus",6.5,6.9,-0.4,7,0,0,0,1,0,0,1.28571428571429,0,0
2018,1,"1071*A",197,-13,"Senecio crassulus",2.8,6.5,-3.7,2,0,0,0,1,0,0,1.12213740458015,0,0
2019,1,"1071*A",197,-13,"Senecio crassulus",5.5,2.8,2.7,6,0,0,0,1,0,0,0.5,0,0
2015,5,"1072*A",1625,-75,"Lupinus argenteus",21,NA,NA,8,0,0,1,1,0,0,3.0530303030303,0,0
2016,5,"1072*A",1625,-75,"Lupinus argenteus",6,21,-15,4.4,0,0,0,1,0,0,1.30188679245283,0,0
2017,5,"1072*A",1625,-75,"Lupinus argenteus",4.9,6,-1.1,2.5,0,0,0,1,0,0,1.28571428571429,0,0
2018,5,"1072*A",1625,-75,"Lupinus argenteus",0,4.9,-4.9,0,0,0,0,0,0,1,1.12213740458015,0,0
2015,5,"1073*A",1650,-120,"Lupinus argenteus",7,NA,NA,5,0,0,1,1,0,0,3.0530303030303,0,33.2299166383348
2016,5,"1073*A",1650,-120,"Lupinus argenteus",8.9,7,1.9,5.6,0,0,0,1,0,0,1.30188679245283,0,0
2017,5,"1073*A",1650,-120,"Lupinus argenteus",0,8.9,-8.9,0,0,0,0,0,0,1,1.28571428571429,0,0
2015,5,"1074*A",1650,-115,"Lupinus argenteus",9,NA,NA,6,0,0,1,1,0,0,3.0530303030303,0,20.1020483367716
2016,5,"1074*A",1650,-115,"Lupinus argenteus",0,9,-9,0,0,0,0,0,0,1,1.30188679245283,0,0
2015,5,"1075*A",1635,-45,"Lupinus argenteus",0,NA,NA,0,0,1,1,0,0,1,3.0530303030303,0,0
2015,5,"1076*A",1642,-50,"Lupinus argenteus",6.5,NA,NA,3.5,0,0,1,1,0,0,3.0530303030303,0,0
2016,5,"1076*A",1642,-50,"Lupinus argenteus",0,6.5,-6.5,0,0,0,0,0,0,1,1.30188679245283,0,0
2015,5,"1077*A",1667,-65,"Lupinus argenteus",6,NA,NA,4,0,0,1,1,0,0,3.0530303030303,0,37.9949371963294
2016,5,"1077*A",1667,-65,"Lupinus argenteus",0,6,-6,0,0,0,0,0,0,1,1.30188679245283,0,0
2015,5,"1078*A",1667,-60,"Lupinus argenteus",9.5,NA,NA,4,0,0,1,1,0,0,3.0530303030303,0,21.8279738488574
2016,5,"1078*A",1667,-60,"Lupinus argenteus",0,9.5,-9.5,0,0,0,0,0,0,1,1.30188679245283,0,0
2015,5,"1079*A",1673,-55,"Lupinus argenteus",9,NA,NA,3.5,0,0,1,1,0,0,3.0530303030303,0,7.43403581224107
2016,5,"1079*A",1673,-55,"Lupinus argenteus",7.4,9,-1.6,4.3,0,0,0,1,0,0,1.30188679245283,0,0
2017,5,"1079*A",1673,-55,"Lupinus argenteus",3.5,7.4,-3.9,3,0,0,0,1,0,0,1.28571428571429,0,0
2018,5,"1079*A",1673,-55,"Lupinus argenteus",0,3.5,-3.5,0,0,0,0,0,0,1,1.12213740458015,0,0
2014,10,"108*A",1701,-548,"Elymus lanceolatus",11,NA,NA,16,1,0,NA,1,0,0,2.52336448598131,30.8951058372778,0
2015,10,"108*A",1701,-548,"Elymus lanceolatus",10,11,-1,17.5,0,0,0,1,0,0,3.0530303030303,50.2959073812487,0
2016,10,"108*A",1701,-548,"Elymus lanceolatus",20,10,10,32,17,0,0,1,0,0,1.30188679245283,42.5578419998845,0
2017,10,"108*A",1701,-548,"Elymus lanceolatus",36,20,16,20,2,0,0,1,0,0,1.28571428571429,0.694444444444394,0
2018,10,"108*A",1701,-548,"Elymus lanceolatus",25,36,-11,23,27,0,0,1,0,0,1.12213740458015,1.34123214458541,0
2019,10,"108*A",1701,-548,"Elymus lanceolatus",30,25,5,18,0,0,0,1,0,0,0.5,5.65176883817394,0
2015,5,"1080*A",1680,-7,"Lupinus argenteus",4.5,NA,NA,4,0,0,1,1,0,0,3.0530303030303,0,0
2016,5,"1080*A",1680,-7,"Lupinus argenteus",11,4.5,6.5,9,0,0,0,1,0,0,1.30188679245283,0,16.1741223317913
2017,5,"1080*A",1680,-7,"Lupinus argenteus",4.5,11,-6.5,2,0,0,0,1,0,0,1.28571428571429,0,14.8977008784067
2018,5,"1080*A",1680,-7,"Lupinus argenteus",0,4.5,-4.5,0,0,0,0,0,0,1,1.12213740458015,0,0
2015,5,"1081*A",1645,-19,"Lupinus argenteus",6,NA,NA,5.5,0,0,1,1,0,0,3.0530303030303,0,0
2016,5,"1081*A",1645,-19,"Lupinus argenteus",11.2,6,5.2,10,0,0,0,1,0,0,1.30188679245283,0,0
2017,5,"1081*A",1645,-19,"Lupinus argenteus",0,11.2,-11.2,0,0,0,0,0,0,1,1.28571428571429,0,0
2015,6,"1082*A",178,-592,"Ivesia gordonii",0.3,NA,NA,0.5,0,1,1,1,0,0,3.0530303030303,0,0
2016,6,"1082*A",178,-592,"Ivesia gordonii",0,0.3,-0.3,0,0,0,0,0,0,1,1.30188679245283,0,0
2015,6,"1083*A",170,-588,"Ivesia gordonii",0.4,NA,NA,0.5,0,1,1,1,0,0,3.0530303030303,0,0
2016,6,"1083*A",170,-588,"Ivesia gordonii",2,0.4,1.6,3,0,0,0,1,0,0,1.30188679245283,0,0
2017,6,"1083*A",170,-588,"Ivesia gordonii",0,2,-2,0,0,0,0,0,0,1,1.28571428571429,0,0
2015,6,"1084*A",170,-586,"Ivesia gordonii",0.5,NA,NA,0.5,0,1,1,1,0,0,3.0530303030303,0,0
2016,6,"1084*A",170,-586,"Ivesia gordonii",1,0.5,0.5,1,0,0,0,1,0,0,1.30188679245283,0,0
2017,6,"1084*A",170,-586,"Ivesia gordonii",0,1,-1,0,0,0,0,0,0,1,1.28571428571429,0,0
2015,6,"1085*A",170,-582,"Ivesia gordonii",0.5,NA,NA,0.4,0,1,1,1,0,0,3.0530303030303,0,0
2016,6,"1085*A",170,-582,"Ivesia gordonii",1.5,0.5,1,2.5,0,0,0,1,0,0,1.30188679245283,0,0
2017,6,"1085*A",170,-582,"Ivesia gordonii",0,1.5,-1.5,0,0,0,0,0,0,1,1.28571428571429,0,0
2015,6,"1086*A",182,-592,"Ivesia gordonii",0.8,NA,NA,0.5,0,1,1,1,0,0,3.0530303030303,0,39.0625000000014
2016,6,"1086*A",182,-592,"Ivesia gordonii",1,0.8,0.2,2,0,0,0,1,0,0,1.30188679245283,0,100.000000000003
2017,6,"1086*A",182,-592,"Ivesia gordonii",3,1,2,2.5,0,0,0,1,0,0,1.28571428571429,0,0
2018,6,"1086*A",182,-592,"Ivesia gordonii",7,3,4,5,2,0,0,1,0,0,1.12213740458015,0,0
2019,6,"1086*A",182,-592,"Ivesia gordonii",13,7,6,6.5,5,0,0,1,0,0,0.5,0,0
2015,6,"1087*A",182,-592,"Ivesia gordonii",0.5,NA,NA,0.4,0,1,1,1,0,0,3.0530303030303,0,100
2016,6,"1087*A",182,-592,"Ivesia gordonii",1,0.5,0.5,2,0,0,0,1,0,0,1.30188679245283,0,100.000000000003
2017,6,"1087*A",182,-592,"Ivesia gordonii",0,1,-1,0,0,0,0,0,0,1,1.28571428571429,0,0
2015,6,"1088*A",184,-596.5,"Ivesia gordonii",0.3,NA,NA,0.3,0,1,1,1,0,0,3.0530303030303,0,0
2016,6,"1088*A",184,-596.5,"Ivesia gordonii",0,0.3,-0.3,0,0,0,0,0,0,1,1.30188679245283,0,0
2015,6,"1089*A",112,-560,"Ivesia gordonii",0.5,NA,NA,0.5,0,1,1,1,0,0,3.0530303030303,0,0
2016,6,"1089*A",112,-560,"Ivesia gordonii",2,0.5,1.5,2.5,0,0,0,1,0,0,1.30188679245283,0,0
2017,6,"1089*A",112,-560,"Ivesia gordonii",6,2,4,3,1,0,0,1,0,0,1.28571428571429,0,0
2018,6,"1089*A",112,-560,"Ivesia gordonii",5,6,-1,3.5,0,0,0,1,0,0,1.12213740458015,0,0
2019,6,"1089*A",112,-560,"Ivesia gordonii",8,5,3,5.5,3,0,0,1,0,0,0.5,21.4616381947228,0.390625000000027
2014,10,"109*A",1690,-540,"Lupinus argenteus",11,NA,NA,8,2,0,NA,1,0,0,2.52336448598131,0,0
2015,10,"109*A",1690,-540,"Lupinus argenteus",8.5,11,-2.5,4.5,0,0,0,1,0,0,3.0530303030303,0,0.0399039433717141
2016,10,"109*A",1690,-540,"Lupinus argenteus",5.5,8.5,-3,6,0,0,0,1,0,0,1.30188679245283,0,0
2017,10,"109*A",1690,-540,"Lupinus argenteus",0,5.5,-5.5,0,0,0,0,0,0,1,1.28571428571429,0,0
2014,7,"1090*A",447,-450,"Ivesia gordonii",1.8,NA,NA,1,0,0,NA,1,0,0,2.52336448598131,0,0
2015,7,"1090*A",447,-450,"Ivesia gordonii",1.8,1.8,0,1,0,0,0,1,0,0,3.0530303030303,0,0
2016,7,"1090*A",447,-450,"Ivesia gordonii",2.5,1.8,0.7,3,0,0,0,1,0,0,1.30188679245283,0,0
2017,7,"1090*A",447,-450,"Ivesia gordonii",2,2.5,-0.5,1.5,0,0,0,1,0,0,1.28571428571429,0,0
2018,7,"1090*A",447,-450,"Ivesia gordonii",0,2,-2,0,0,0,0,0,0,1,1.12213740458015,0,0
2015,8,"1091*A",892,-405,"Lupinus argenteus",6.5,NA,NA,4,0,0,1,1,0,0,3.0530303030303,0,2.63505652386281
2016,8,"1091*A",892,-405,"Lupinus argenteus",1.5,6.5,-5,1.5,0,0,0,1,0,0,1.30188679245283,0,0
2017,8,"1091*A",892,-405,"Lupinus argenteus",2,1.5,0.5,1.5,0,0,0,1,0,0,1.28571428571429,0,0
2018,8,"1091*A",892,-405,"Lupinus argenteus",0,2,-2,0,0,0,0,0,0,1,1.12213740458015,0,0
2015,8,"1092*A",980,-462,"Senecio crassulus",1,NA,NA,1.5,0,1,1,1,0,0,3.0530303030303,0,0
2016,8,"1092*A",980,-462,"Senecio crassulus",0,1,-1,0,0,0,0,0,0,1,1.30188679245283,0,0
2015,9,"1093*A",1240,-588,"Ivesia gordonii",2,NA,NA,1.5,0,1,1,1,0,0,3.0530303030303,0,0
2016,9,"1093*A",1240,-588,"Ivesia gordonii",2.5,2,0.5,2.5,0,0,0,1,0,0,1.30188679245283,0,0
2017,9,"1093*A",1240,-588,"Ivesia gordonii",4,2.5,1.5,4,0,0,0,1,0,0,1.28571428571429,0,0
2018,9,"1093*A",1240,-588,"Ivesia gordonii",8,4,4,4,0,0,0,1,0,0,1.12213740458015,0,0
2019,9,"1093*A",1240,-588,"Ivesia gordonii",9,8,1,6,0,0,0,1,0,0,0.5,0,0
2015,9,"1094*A",1392,-532,"Lupinus argenteus",2,NA,NA,1.5,0,1,1,1,0,0,3.0530303030303,0,0
2016,9,"1094*A",1392,-532,"Lupinus argenteus",4,2,2,3.5,0,0,0,1,0,0,1.30188679245283,45.3922762028876,0
2017,9,"1094*A",1392,-532,"Lupinus argenteus",3,4,-1,3,0,0,0,1,0,0,1.28571428571429,0,0
2018,9,"1094*A",1392,-532,"Lupinus argenteus",7,3,4,5.5,0,0,0,1,0,0,1.12213740458015,0.554642171483941,0
2019,9,"1094*A",1392,-532,"Lupinus argenteus",12.5,7,5.5,8,0,0,0,1,0,0,0.5,34.0550306946844,0
2015,10,"1095*A",1608,-600,"Lupinus argenteus",0,NA,NA,0,0,1,1,1,0,0,3.0530303030303,0,0
2016,10,"1095*A",1608,-600,"Lupinus argenteus",9,0,9,6,0,0,0,1,0,0,1.30188679245283,0,0
2017,10,"1095*A",1608,-600,"Lupinus argenteus",0,9,-9,0,0,0,0,0,0,1,1.28571428571429,0,0
2015,10,"1096*A",1613,-587,"Lupinus argenteus",5,NA,NA,3.5,0,0,1,1,0,0,3.0530303030303,0,0
2016,10,"1096*A",1613,-587,"Lupinus argenteus",4,5,-1,3.5,0,0,0,1,0,0,1.30188679245283,0,0
2017,10,"1096*A",1613,-587,"Lupinus argenteus",0,4,-4,0,0,0,0,0,0,1,1.28571428571429,0,0
2015,10,"1097*A",1625,-577,"Lupinus argenteus",8.5,NA,NA,6.5,0,0,1,1,0,0,3.0530303030303,0,0
2016,10,"1097*A",1625,-577,"Lupinus argenteus",0,8.5,-8.5,0,0,0,0,0,0,1,1.30188679245283,0,0
2015,10,"1098*A",1622,-567,"Lupinus argenteus",5,NA,NA,4.5,0,0,1,1,0,0,3.0530303030303,0,0
2016,10,"1098*A",1622,-567,"Lupinus argenteus",0,5,-5,0,0,0,0,0,0,1,1.30188679245283,0,0
2015,10,"1099*A",1616,-558,"Lupinus argenteus",2.5,NA,NA,4,0,1,1,1,0,0,3.0530303030303,0,0
2016,10,"1099*A",1616,-558,"Lupinus argenteus",1.5,2.5,-1,2,0,0,0,1,0,0,1.30188679245283,0,0
2017,10,"1099*A",1616,-558,"Lupinus argenteus",0,1.5,-1.5,0,0,0,0,0,0,1,1.28571428571429,0,0
2014,1,"11*A",195,-107,"Ivesia gordonii",7,NA,NA,3,1,0,NA,1,0,0,2.52336448598131,0,0
2015,1,"11*A",195,-107,"Ivesia gordonii",8.5,7,1.5,4,0,0,0,1,0,0,3.0530303030303,0,0.346020761245661
2016,1,"11*A",195,-107,"Ivesia gordonii",10.3,8.5,1.8,6,1,0,0,1,0,0,1.30188679245283,11.3700167536645,0.236265170394919
2017,1,"11*A",195,-107,"Ivesia gordonii",0,10.3,-10.3,0,0,0,0,0,0,1,1.28571428571429,0,0
2014,10,"110*A",1700,-590,"Lupinus argenteus",13,NA,NA,9,2,0,NA,1,0,0,2.52336448598131,0,0
2015,10,"110*A",1700,-590,"Lupinus argenteus",9.5,13,-3.5,5,0,0,0,1,0,0,3.0530303030303,0,0
2016,10,"110*A",1700,-590,"Lupinus argenteus",13.7,9.5,4.2,8.2,1,0,0,1,0,0,1.30188679245283,0,0
2017,10,"110*A",1700,-590,"Lupinus argenteus",5,13.7,-8.7,1,0,0,0,1,0,0,1.28571428571429,0,0
2018,10,"110*A",1700,-590,"Lupinus argenteus",0,5,-5,0,0,0,0,0,0,1,1.12213740458015,0,0
2015,10,"1100*A",1633,-534,"Lupinus argenteus",9,NA,NA,5.5,0,0,1,1,0,0,3.0530303030303,0,17.7218935390141
2016,10,"1100*A",1633,-534,"Lupinus argenteus",8,9,-1,3.5,0,0,0,1,0,0,1.30188679245283,0,16.0701733443185
2017,10,"1100*A",1633,-534,"Lupinus argenteus",0,8,-8,0,0,0,0,0,0,1,1.28571428571429,0,0
2015,10,"1101*A",1616,-534,"Lupinus argenteus",3,NA,NA,2.5,0,1,1,1,0,0,3.0530303030303,0,0
2016,10,"1101*A",1616,-534,"Lupinus argenteus",0,3,-3,0,0,0,0,0,0,1,1.30188679245283,0,0
2015,10,"1102*A",1666,-548,"Chaenactis douglasii",1,NA,NA,1,0,1,1,1,0,0,3.0530303030303,195.340191434726,0
2016,10,"1102*A",1666,-548,"Chaenactis douglasii",7,1,6,3.9,0,0,0,1,0,0,1.30188679245283,49.8199363085015,0
2017,10,"1102*A",1666,-548,"Chaenactis douglasii",0,7,-7,0,0,0,0,0,0,1,1.28571428571429,0,0
2015,10,"1103*A",1757,-585,"Lupinus argenteus",2,NA,NA,2,0,1,1,1,0,0,3.0530303030303,0,0
2016,10,"1103*A",1757,-585,"Lupinus argenteus",1.7,2,-0.3,1.7,0,0,0,1,0,0,1.30188679245283,0,0
2017,10,"1103*A",1757,-585,"Lupinus argenteus",0,1.7,-1.7,0,0,0,0,0,0,1,1.28571428571429,0,0
2015,10,"1104*A",1788,-557,"Lupinus argenteus",1.5,NA,NA,2.5,0,1,1,1,0,0,3.0530303030303,0,0
2016,10,"1104*A",1788,-557,"Lupinus argenteus",0,1.5,-1.5,0,0,0,0,0,0,1,1.30188679245283,0,0
2015,10,"1105*A",1750,-519,"Lupinus argenteus",2.5,NA,NA,2,0,1,1,1,0,0,3.0530303030303,0,0
2016,10,"1105*A",1750,-519,"Lupinus argenteus",1.7,2.5,-0.8,2.3,0,0,0,1,0,0,1.30188679245283,0,0
2017,10,"1105*A",1750,-519,"Lupinus argenteus",0,1.7,-1.7,0,0,0,0,0,0,1,1.28571428571429,0,0
2015,10,"1106*A",1705,-517,"Lupinus argenteus",10,NA,NA,5.5,0,0,1,1,0,0,3.0530303030303,0,0
2016,10,"1106*A",1705,-517,"Lupinus argenteus",11.8,10,1.8,6,0,0,0,1,0,0,1.30188679245283,0,0
2017,10,"1106*A",1705,-517,"Lupinus argenteus",5.5,11.8,-6.3,3,0,0,0,1,0,0,1.28571428571429,0,0
2018,10,"1106*A",1705,-517,"Lupinus argenteus",6,5.5,0.5,5.5,0,0,0,1,0,0,1.12213740458015,0,0
2019,10,"1106*A",1705,-517,"Lupinus argenteus",0,6,-6,0,0,0,0,0,0,1,0.5,0,0
2015,10,"1107*A",1740,-478,"Lupinus argenteus",2,NA,NA,1.5,0,1,1,1,0,0,3.0530303030303,0,0
2016,10,"1107*A",1740,-478,"Lupinus argenteus",1.7,2,-0.3,1.3,0,0,0,1,0,0,1.30188679245283,0,0
2017,10,"1107*A",1740,-478,"Lupinus argenteus",0,1.7,-1.7,0,0,0,0,0,0,1,1.28571428571429,0,0
2015,10,"1108*A",1685,-505,"Lupinus argenteus",10,NA,NA,5,0,0,1,1,0,0,3.0530303030303,0,0
2016,10,"1108*A",1685,-505,"Lupinus argenteus",10.7,10,0.7,6.8,0,0,0,1,0,0,1.30188679245283,0,0
2017,10,"1108*A",1685,-505,"Lupinus argenteus",7,10.7,-3.7,6,0,0,0,1,0,0,1.28571428571429,0,0
2018,10,"1108*A",1685,-505,"Lupinus argenteus",0,7,-7,0,0,0,0,1,0,0,1.12213740458015,0,0
2019,10,"1108*A",1685,-505,"Lupinus argenteus",4,0,4,4,0,0,0,1,0,0,0.5,0,0
2015,10,"1109*A",1642,-512,"Lupinus argenteus",7.5,NA,NA,4.5,0,0,1,1,0,0,3.0530303030303,0,0
2016,10,"1109*A",1642,-512,"Lupinus argenteus",0,7.5,-7.5,0,0,0,0,0,0,1,1.30188679245283,0,0
2014,10,"111*A",1740,-535,"Ivesia gordonii",12,NA,NA,6,6,0,NA,1,0,0,2.52336448598131,0,0
2015,10,"111*A",1740,-535,"Ivesia gordonii",12.5,12,0.5,5.5,1,0,0,1,0,0,3.0530303030303,0,0
2016,10,"111*A",1740,-535,"Ivesia gordonii",12.4,12.5,-0.1,6.2,5,0,0,1,0,0,1.30188679245283,0,0
2017,10,"111*A",1740,-535,"Ivesia gordonii",17,12.4,4.6,7,26,0,0,1,0,0,1.28571428571429,0,0
2018,10,"111*A",1740,-535,"Ivesia gordonii",0,17,-17,0,0,0,0,0,0,1,1.12213740458015,0,0
2015,10,"1110*A",1622,-468,"Lupinus argenteus",13,NA,NA,7,0,0,1,1,0,0,3.0530303030303,0,0
2016,10,"1110*A",1622,-468,"Lupinus argenteus",0,13,-13,0,0,0,0,0,0,1,1.30188679245283,0,0
2015,10,"1111*A",1605,-462,"Lupinus argenteus",8.5,NA,NA,6.5,0,0,1,1,0,0,3.0530303030303,0,0
2016,10,"1111*A",1605,-462,"Lupinus argenteus",7,8.5,-1.5,8,0,0,0,1,0,0,1.30188679245283,0,0
2017,10,"1111*A",1605,-462,"Lupinus argenteus",0,7,-7,0,0,0,0,0,0,1,1.28571428571429,0,0
2015,10,"1112*A",1614,-454,"Lupinus argenteus",10,NA,NA,4.5,0,0,1,1,0,0,3.0530303030303,0,0
2016,10,"1112*A",1614,-454,"Lupinus argenteus",8,10,-2,4,0,0,0,1,0,0,1.30188679245283,0,0
2017,10,"1112*A",1614,-454,"Lupinus argenteus",0,8,-8,0,0,0,0,0,0,1,1.28571428571429,0,0
2015,10,"1113*A",1648,-430,"Lupinus argenteus",2.5,NA,NA,3,0,1,1,1,0,0,3.0530303030303,0,0
2016,10,"1113*A",1648,-430,"Lupinus argenteus",1,2.5,-1.5,1.5,0,0,0,1,0,0,1.30188679245283,0,0
2017,10,"1113*A",1648,-430,"Lupinus argenteus",0,1,-1,0,0,0,0,0,0,1,1.28571428571429,0,0
2015,10,"1114*A",1705,-467,"Lupinus argenteus",2,NA,NA,3,0,1,1,1,0,0,3.0530303030303,0,0
2016,10,"1114*A",1705,-467,"Lupinus argenteus",2.7,2,0.7,3.7,0,0,0,1,0,0,1.30188679245283,0,0
2017,10,"1114*A",1705,-467,"Lupinus argenteus",0,2.7,-2.7,0,0,0,0,0,0,1,1.28571428571429,0,0
2015,10,"1115*A",1743,-410,"Lupinus argenteus",2.5,NA,NA,3,0,1,1,1,0,0,3.0530303030303,0,0
2016,10,"1115*A",1743,-410,"Lupinus argenteus",2.5,2.5,0,2,0,0,0,1,0,0,1.30188679245283,0,0
2017,10,"1115*A",1743,-410,"Lupinus argenteus",3,2.5,0.5,3,0,0,0,1,0,0,1.28571428571429,0,0
2018,10,"1115*A",1743,-410,"Lupinus argenteus",2.5,3,-0.5,2,0,0,0,1,0,0,1.12213740458015,0,0
2019,10,"1115*A",1743,-410,"Lupinus argenteus",0,2.5,-2.5,0,0,0,0,0,0,1,0.5,0,0
2015,11,"1116*A",111,-949,"Lupinus argenteus",6.5,NA,NA,3.5,0,0,1,1,0,0,3.0530303030303,0,0
2016,11,"1116*A",111,-949,"Lupinus argenteus",4.5,6.5,-2,3.5,2,0,0,1,0,0,1.30188679245283,0,0
2017,11,"1116*A",111,-949,"Lupinus argenteus",5.5,4.5,1,3,0,0,0,1,0,0,1.28571428571429,0,0
2018,11,"1116*A",111,-949,"Lupinus argenteus",14.5,5.5,9,8.5,0,0,0,1,0,0,1.12213740458015,0,10.7030850635887
2019,11,"1116*A",111,-949,"Lupinus argenteus",0,14.5,-14.5,0,0,0,0,0,0,1,0.5,0,0
2015,11,"1117*A",101,-942,"Lupinus argenteus",9,NA,NA,5,0,0,1,1,0,0,3.0530303030303,0,0
2016,11,"1117*A",101,-942,"Lupinus argenteus",8.4,9,-0.6,7,0,0,0,1,0,0,1.30188679245283,0,0
2017,11,"1117*A",101,-942,"Lupinus argenteus",8,8.4,-0.4,2.5,0,0,0,1,0,0,1.28571428571429,0,62.4883227295537
2018,11,"1117*A",101,-942,"Lupinus argenteus",12,8,4,5.5,0,0,0,1,0,0,1.12213740458015,0,41.8979672903785
2019,11,"1117*A",101,-942,"Lupinus argenteus",0,12,-12,0,0,0,0,0,0,1,0.5,0,0
2015,12,"1118*A",545,-935,"Agoseris glauca",1,NA,NA,2.5,0,1,1,1,0,0,3.0530303030303,0,0
2016,12,"1118*A",545,-935,"Agoseris glauca",1,1,0,2.5,0,0,0,1,0,0,1.30188679245283,0,0
2017,12,"1118*A",545,-935,"Agoseris glauca",2.5,1,1.5,5,0,0,0,1,0,0,1.28571428571429,0,0
2018,12,"1118*A",545,-935,"Agoseris glauca",0,2.5,-2.5,0,0,0,0,0,0,1,1.12213740458015,0,0
2014,12,"1119*A",541,-911,"Eriogonum umbellatum",2,NA,NA,1.5,0,0,NA,1,0,0,2.52336448598131,99.9999999999945,0
2015,12,"1119*A",541,-911,"Eriogonum umbellatum",2,2,0,1.5,0,0,0,1,0,0,3.0530303030303,99.9999999999945,0
2016,12,"1119*A",541,-911,"Eriogonum umbellatum",1.9,2,-0.1,1.5,0,0,0,1,0,0,1.30188679245283,100.000000000003,0
2017,12,"1119*A",541,-911,"Eriogonum umbellatum",2.5,1.9,0.6,2.5,0,0,0,1,0,0,1.28571428571429,100.000000000003,0
2018,12,"1119*A",541,-911,"Eriogonum umbellatum",1.7,2.5,-0.8,1.9,0,0,0,1,0,0,1.12213740458015,100.000000000006,0
2019,12,"1119*A",541,-911,"Eriogonum umbellatum",2,1.7,0.3,2,0,0,0,1,0,0,0.5,99.9999999999945,0
2014,10,"112*A",1719,-511,"Ivesia gordonii",3,NA,NA,2,0,0,NA,1,0,0,2.52336448598131,0,0
2015,10,"112*A",1719,-511,"Ivesia gordonii",4.5,3,1.5,4,0,0,0,1,0,0,3.0530303030303,0,0
2016,10,"112*A",1719,-511,"Ivesia gordonii",5.7,4.5,1.2,4,1,0,0,1,0,0,1.30188679245283,0,0
2017,10,"112*A",1719,-511,"Ivesia gordonii",7.5,5.7,1.8,4,4,0,0,1,0,0,1.28571428571429,0,6.16503330641714
2018,10,"112*A",1719,-511,"Ivesia gordonii",9.5,7.5,2,3.5,2,0,0,1,0,0,1.12213740458015,0,0
2019,10,"112*A",1719,-511,"Ivesia gordonii",13,9.5,3.5,7,4,0,0,1,0,0,0.5,0,0
2015,13,"1120*A",810,-972,"Eriogonum umbellatum",3.5,NA,NA,2,0,0,1,1,0,0,3.0530303030303,101.793074416899,0
2016,13,"1120*A",810,-972,"Eriogonum umbellatum",4,3.5,0.5,1.9,0,0,0,1,0,0,1.30188679245283,199.999999999992,0
2017,13,"1120*A",810,-972,"Eriogonum umbellatum",4.5,4,0.5,2.5,0,0,0,1,0,0,1.28571428571429,225.348688831382,0
2018,13,"1120*A",810,-972,"Eriogonum umbellatum",5.5,4.5,1,2.3,0,0,0,1,0,0,1.12213740458015,251.568314583609,0
2019,13,"1120*A",810,-972,"Eriogonum umbellatum",6,5.5,0.5,3,0,0,0,1,0,0,0.5,200.000000000006,0
2015,13,"1121*A",803,-970,"Eriogonum umbellatum",1,NA,NA,1.4,0,1,1,1,0,0,3.0530303030303,121.626651936832,0
2016,13,"1121*A",803,-970,"Eriogonum umbellatum",1.8,1,0.8,1,0,0,0,1,0,0,1.30188679245283,200.000000000016,0
2017,13,"1121*A",803,-970,"Eriogonum umbellatum",2.5,1.8,0.7,2,0,0,0,1,0,0,1.28571428571429,199.999999999994,0
2018,13,"1121*A",803,-970,"Eriogonum umbellatum",1.6,2.5,-0.9,1.2,0,0,0,1,0,0,1.12213740458015,200.000000000004,0
2019,13,"1121*A",803,-970,"Eriogonum umbellatum",2,1.6,0.4,1.5,0,0,0,1,0,0,0.5,199.999999999982,0
2014,13,"1122*A",836,-986,"Eriogonum umbellatum",3.5,NA,NA,2,0,0,NA,1,0,0,2.52336448598131,99.9999999999997,0
2015,13,"1122*A",836,-986,"Eriogonum umbellatum",3.5,3.5,0,2,0,0,0,1,0,0,3.0530303030303,99.9999999999997,0
2016,13,"1122*A",836,-986,"Eriogonum umbellatum",5,3.5,1.5,3.8,0,0,0,1,0,0,1.30188679245283,99.9999999999984,0
2017,13,"1122*A",836,-986,"Eriogonum umbellatum",10,5,5,3,1,0,0,1,0,0,1.28571428571429,81.2913557139215,0
2018,13,"1122*A",836,-986,"Eriogonum umbellatum",13,10,3,3,3,0,0,1,0,0,1.12213740458015,1.32189618505335,0
2019,13,"1122*A",836,-986,"Eriogonum umbellatum",16.5,13,3.5,3.5,1,0,0,1,0,0,0.5,7.62826075901042,0
2015,14,"1123*A",1201,-987,"Lupinus argenteus",2.5,NA,NA,2,0,1,1,1,0,0,3.0530303030303,0,0
2016,14,"1123*A",1201,-987,"Lupinus argenteus",0,2.5,-2.5,0,0,0,0,0,0,1,1.30188679245283,0,0
2015,14,"1124*A",1264,-984,"Eriogonum umbellatum",1.5,NA,NA,1,0,1,1,1,0,0,3.0530303030303,0,0
2016,14,"1124*A",1264,-984,"Eriogonum umbellatum",1.8,1.5,0.3,1.7,0,0,0,1,0,0,1.30188679245283,0,0
2017,14,"1124*A",1264,-984,"Eriogonum umbellatum",2.7,1.8,0.9,2,0,0,0,1,0,0,1.28571428571429,0,0
2018,14,"1124*A",1264,-984,"Eriogonum umbellatum",5,2.7,2.3,1.5,0,0,0,1,0,0,1.12213740458015,0,0
2019,14,"1124*A",1264,-984,"Eriogonum umbellatum",12.5,5,7.5,2.5,0,0,0,1,0,0,0.5,0,0
2015,14,"1125*A",1260,-918,"Ivesia gordonii",1,NA,NA,1.5,0,1,1,1,0,0,3.0530303030303,99.9999999999609,0
2016,14,"1125*A",1260,-918,"Ivesia gordonii",1.9,1,0.9,1.9,0,0,0,1,0,0,1.30188679245283,100.00000000001,0
2017,14,"1125*A",1260,-918,"Ivesia gordonii",1.5,1.9,-0.4,1.5,0,0,0,1,0,0,1.28571428571429,99.9999999999903,0
2018,14,"1125*A",1260,-918,"Ivesia gordonii",2,1.5,0.5,1.5,0,0,0,1,0,0,1.12213740458015,0,0
2019,14,"1125*A",1260,-918,"Ivesia gordonii",2.5,2,0.5,4,0,0,0,1,0,0,0.5,0,0
2015,14,"1126*A",1387,-952,"Heterotheca villosa",1,NA,NA,1,0,1,1,1,0,0,3.0530303030303,0,0
2016,14,"1126*A",1387,-952,"Heterotheca villosa",2.7,1,1.7,2.5,0,0,0,1,0,0,1.30188679245283,0,0
2017,14,"1126*A",1387,-952,"Heterotheca villosa",7,2.7,4.3,3,2,0,0,1,0,0,1.28571428571429,0,0
2018,14,"1126*A",1387,-952,"Heterotheca villosa",8.5,7,1.5,3,2,0,0,1,0,0,1.12213740458015,0,0
2019,14,"1126*A",1387,-952,"Heterotheca villosa",18.5,8.5,10,4.5,9,0,0,1,0,0,0.5,0,0
2015,15,"1127*A",1682,-994,"Lupinus argenteus",12,NA,NA,9,0,0,1,1,0,0,3.0530303030303,0,0
2016,15,"1127*A",1682,-994,"Lupinus argenteus",11,12,-1,5.5,0,0,0,1,0,0,1.30188679245283,0,0
2017,15,"1127*A",1682,-994,"Lupinus argenteus",0,11,-11,0,0,0,0,0,0,1,1.28571428571429,0,0
2015,15,"1128*A",1710,-981,"Lupinus argenteus",9,NA,NA,5.5,0,0,1,1,0,0,3.0530303030303,0,2.82030358250274
2016,15,"1128*A",1710,-981,"Lupinus argenteus",6,9,-3,5,0,0,0,1,0,0,1.30188679245283,0,0
2017,15,"1128*A",1710,-981,"Lupinus argenteus",0,6,-6,0,0,0,0,0,0,1,1.28571428571429,0,0
2015,15,"1129*A",1735,-985,"Lupinus argenteus",1.5,NA,NA,1.5,0,1,1,1,0,0,3.0530303030303,0,0
2016,15,"1129*A",1735,-985,"Lupinus argenteus",10,1.5,8.5,8.5,0,0,0,1,0,0,1.30188679245283,0,0
2017,15,"1129*A",1735,-985,"Lupinus argenteus",6,10,-4,5,0,0,0,1,0,0,1.28571428571429,0,0
2018,15,"1129*A",1735,-985,"Lupinus argenteus",3.5,6,-2.5,3,0,0,0,1,0,0,1.12213740458015,0,0
2019,15,"1129*A",1735,-985,"Lupinus argenteus",0,3.5,-3.5,0,0,0,0,0,0,1,0.5,0,0
2014,10,"113*A",1715,-505,"Ivesia gordonii",6,NA,NA,4,1,0,NA,1,0,0,2.52336448598131,0,0
2015,10,"113*A",1715,-505,"Ivesia gordonii",8.5,6,2.5,4.5,2,0,0,1,0,0,3.0530303030303,0,0
2016,10,"113*A",1715,-505,"Ivesia gordonii",6,8.5,-2.5,3.9,3,0,0,1,0,0,1.30188679245283,0,0
2017,10,"113*A",1715,-505,"Ivesia gordonii",9,6,3,5,1,0,0,1,0,0,1.28571428571429,0,4.28127312945571
2018,10,"113*A",1715,-505,"Ivesia gordonii",0,9,-9,0,0,0,0,0,0,1,1.12213740458015,0,0
2015,15,"1130*A",1700,-919,"Lupinus argenteus",3.5,NA,NA,2.5,0,1,1,1,0,0,3.0530303030303,44.0997468279508,100
2016,15,"1130*A",1700,-919,"Lupinus argenteus",0,3.5,-3.5,0,0,0,0,0,0,1,1.30188679245283,0,0
2015,15,"1131*A",1720,-916,"Lupinus argenteus",2,NA,NA,2.5,0,1,1,1,0,0,3.0530303030303,0,0
2016,15,"1131*A",1720,-916,"Lupinus argenteus",1,2,-1,1,0,0,0,1,0,0,1.30188679245283,0,0
2017,15,"1131*A",1720,-916,"Lupinus argenteus",0,1,-1,0,0,0,0,0,0,1,1.28571428571429,0,0
2015,15,"1132*A",1720,-921,"Lupinus argenteus",2.5,NA,NA,3,0,0,1,1,0,0,3.0530303030303,0,0
2016,15,"1132*A",1720,-921,"Lupinus argenteus",0,2.5,-2.5,0,0,0,0,0,0,1,1.30188679245283,0,0
2015,15,"1133*A",1695,-920,"Lupinus argenteus",14,NA,NA,6.5,0,0,1,1,0,0,3.0530303030303,6.18992491096285,6.25000000000022
2016,15,"1133*A",1695,-920,"Lupinus argenteus",0,14,-14,0,0,0,0,0,0,1,1.30188679245283,0,0
2015,15,"1134*A",1707,-895,"Lupinus argenteus",9,NA,NA,6.5,0,0,1,1,0,0,3.0530303030303,0,0
2016,15,"1134*A",1707,-895,"Lupinus argenteus",8.5,9,-0.5,5,0,0,0,1,0,0,1.30188679245283,0,0
2017,15,"1134*A",1707,-895,"Lupinus argenteus",0,8.5,-8.5,0,0,0,0,0,0,1,1.28571428571429,0,0
2015,15,"1135*A",1677,-909,"Lupinus argenteus",11.5,NA,NA,4,0,0,1,1,0,0,3.0530303030303,0,5.81632817192619
2016,15,"1135*A",1677,-909,"Lupinus argenteus",13,11.5,1.5,7,0,0,0,1,0,0,1.30188679245283,0,3.29562998627681
2017,15,"1135*A",1677,-909,"Lupinus argenteus",6,13,-7,5,0,0,0,1,0,0,1.28571428571429,0,0
2018,15,"1135*A",1677,-909,"Lupinus argenteus",5,6,-1,4,0,0,0,1,0,0,1.12213740458015,0,0
2019,15,"1135*A",1677,-909,"Lupinus argenteus",0,5,-5,0,0,0,0,0,0,1,0.5,0,0
2014,15,"1136*A",1685,-910,"Lupinus argenteus",11,NA,NA,6,0,0,NA,1,0,0,2.52336448598131,0,0
2015,15,"1136*A",1685,-910,"Lupinus argenteus",8,11,-3,6,0,0,0,1,0,0,3.0530303030303,0,12.0188968865207
2016,15,"1136*A",1685,-910,"Lupinus argenteus",6,8,-2,4,0,0,0,1,0,0,1.30188679245283,0,15.4711518800205
2017,15,"1136*A",1685,-910,"Lupinus argenteus",0,6,-6,0,0,0,0,0,0,1,1.28571428571429,0,0
2015,15,"1137*A",1686,-902,"Lupinus argenteus",7,NA,NA,5,0,0,1,1,0,0,3.0530303030303,0,0
2016,15,"1137*A",1686,-902,"Lupinus argenteus",0,7,-7,0,0,0,0,0,0,1,1.30188679245283,0,0
2015,15,"1138*A",1642,-911,"Lupinus argenteus",1.5,NA,NA,0.5,0,1,1,1,0,0,3.0530303030303,0,0
2016,15,"1138*A",1642,-911,"Lupinus argenteus",3,1.5,1.5,3,0,0,0,1,0,0,1.30188679245283,0,0
2017,15,"1138*A",1642,-911,"Lupinus argenteus",0,3,-3,0,0,0,0,0,0,1,1.28571428571429,0,0
2015,15,"1139*A",1780,-991,"Lupinus argenteus",2,NA,NA,2.5,0,1,1,1,0,0,3.0530303030303,0,0
2016,15,"1139*A",1780,-991,"Lupinus argenteus",1.4,2,-0.6,1.5,0,0,0,1,0,0,1.30188679245283,0,0
2017,15,"1139*A",1780,-991,"Lupinus argenteus",0,1.4,-1.4,0,0,0,0,0,0,1,1.28571428571429,0,0
2014,10,"114*A",1701,-497,"Eriogonum umbellatum",2,NA,NA,1,0,0,NA,1,0,0,2.52336448598131,43.2446440013362,0
2015,10,"114*A",1701,-497,"Eriogonum umbellatum",4.5,2,2.5,2,0,0,0,1,0,0,3.0530303030303,18.5017300291905,0
2016,10,"114*A",1701,-497,"Eriogonum umbellatum",6.5,4.5,2,2,0,0,0,1,0,0,1.30188679245283,42.1206785610181,0
2017,10,"114*A",1701,-497,"Eriogonum umbellatum",8.5,6.5,2,2,0,0,0,1,0,0,1.28571428571429,50.7532518368299,0
2018,10,"114*A",1701,-497,"Eriogonum umbellatum",8,8.5,-0.5,2.75,0,0,0,1,0,0,1.12213740458015,31.7399281787419,0
2019,10,"114*A",1701,-497,"Eriogonum umbellatum",11,8,3,3,0,0,0,1,0,0,0.5,53.7462710285141,0
2015,15,"1140*A",1752,-970,"Eriogonum umbellatum",1.2,NA,NA,0.5,0,1,1,1,0,0,3.0530303030303,147.139975838893,0
2016,15,"1140*A",1752,-970,"Eriogonum umbellatum",2.1,1.2,0.9,2,0,0,0,1,0,0,1.30188679245283,22.2644204472143,0
2017,15,"1140*A",1752,-970,"Eriogonum umbellatum",7,2.1,4.9,2,0,0,0,1,0,0,1.28571428571429,0,0
2018,15,"1140*A",1752,-970,"Eriogonum umbellatum",10,7,3,2,0,0,0,1,0,0,1.12213740458015,0,0
2019,15,"1140*A",1752,-970,"Eriogonum umbellatum",14.5,10,4.5,3.5,0,0,0,1,0,0,0.5,0,0
2015,15,"1141*A",1777,-895,"Lupinus argenteus",5,NA,NA,3,0,0,1,1,0,0,3.0530303030303,0,31.7934549539439
2016,15,"1141*A",1777,-895,"Lupinus argenteus",0,5,-5,0,0,0,0,0,0,1,1.30188679245283,0,0
2015,15,"1142*A",1775,-887,"Lupinus argenteus",6.5,NA,NA,5,0,0,1,1,0,0,3.0530303030303,0,0
2016,15,"1142*A",1775,-887,"Lupinus argenteus",8.5,6.5,2,7,0,0,0,1,0,0,1.30188679245283,0,0
2017,15,"1142*A",1775,-887,"Lupinus argenteus",0,8.5,-8.5,0,0,0,0,0,0,1,1.28571428571429,0,0
2015,15,"1143*A",1800,-801,"Lupinus argenteus",0,NA,NA,0,0,1,1,1,0,0,3.0530303030303,0,0
2016,15,"1143*A",1800,-801,"Lupinus argenteus",15.5,0,15.5,9.5,0,0,0,1,0,0,1.30188679245283,0,4.6525553104549
2017,15,"1143*A",1800,-801,"Lupinus argenteus",0,15.5,-15.5,0,0,0,0,0,0,1,1.28571428571429,0,0
2015,15,"1144*A",1665,-800,"Lupinus argenteus",8,NA,NA,4,0,0,1,1,0,0,3.0530303030303,0,0
2016,15,"1144*A",1665,-800,"Lupinus argenteus",11,8,3,9,0,0,0,1,0,0,1.30188679245283,0,0
2017,15,"1144*A",1665,-800,"Lupinus argenteus",11,11,0,7,0,0,0,1,0,0,1.28571428571429,0,0
2018,15,"1144*A",1665,-800,"Lupinus argenteus",0,11,-11,0,0,0,0,0,0,1,1.12213740458015,0,0
2015,15,"1145*A",1680,-816,"Lupinus argenteus",0,NA,NA,0,0,1,1,0,0,1,3.0530303030303,0,0
2015,15,"1146*A",1660,-840,"Lupinus argenteus",16.5,NA,NA,6.5,0,0,1,1,0,0,3.0530303030303,0,0
2016,15,"1146*A",1660,-840,"Lupinus argenteus",13,16.5,-3.5,6,0,0,0,1,0,0,1.30188679245283,0,9.46545305762187
2017,15,"1146*A",1660,-840,"Lupinus argenteus",0,13,-13,0,0,0,0,0,0,1,1.28571428571429,0,0
2015,16,"1147*A",37,-1360,"Agoseris glauca",1,NA,NA,0.8,0,1,1,1,0,0,3.0530303030303,200,0
2016,16,"1147*A",37,-1360,"Agoseris glauca",1.5,1,0.5,1,0,0,0,1,0,0,1.30188679245283,299.999999999998,0
2017,16,"1147*A",37,-1360,"Agoseris glauca",0,1.5,-1.5,0,0,0,0,0,0,1,1.28571428571429,0,0
2015,16,"1148*A",37,-1352,"Agoseris glauca",0.6,NA,NA,1,0,1,1,1,0,0,3.0530303030303,230.546140483756,0
2016,16,"1148*A",37,-1352,"Agoseris glauca",1,0.6,0.4,1.5,0,0,0,1,0,0,1.30188679245283,200,0
2017,16,"1148*A",37,-1352,"Agoseris glauca",0,1,-1,0,0,0,0,0,0,1,1.28571428571429,0,0
2015,16,"1149*A",38,-1367,"Ivesia gordonii",0.7,NA,NA,0.7,0,1,1,1,0,0,3.0530303030303,100,0
2016,16,"1149*A",38,-1367,"Ivesia gordonii",0.5,0.7,-0.2,0.5,0,0,0,1,0,0,1.30188679245283,99.9999999999999,0
2017,16,"1149*A",38,-1367,"Ivesia gordonii",1.7,0.5,1.2,1.5,0,0,0,1,0,0,1.28571428571429,0,0
2018,16,"1149*A",38,-1367,"Ivesia gordonii",2.5,1.7,0.8,2.5,0,0,0,1,0,0,1.12213740458015,0,0
2019,16,"1149*A",38,-1367,"Ivesia gordonii",5.5,2.5,3,5.5,0,0,0,1,0,0,0.5,12.0312204010494,0
2014,10,"115*A",1697,-490,"Ivesia gordonii",16,NA,NA,7,6,0,NA,1,0,0,2.52336448598131,0.675697562520363,0
2015,10,"115*A",1697,-490,"Ivesia gordonii",14,16,-2,5.5,19,0,0,1,0,0,3.0530303030303,1.91153078107738,0
2016,10,"115*A",1697,-490,"Ivesia gordonii",15.8,14,1.8,5.5,9,0,0,1,0,0,1.30188679245283,7.12865994713597,0
2017,10,"115*A",1697,-490,"Ivesia gordonii",17,15.8,1.2,5,23,0,0,1,0,0,1.28571428571429,12.6883129592068,0
2018,10,"115*A",1697,-490,"Ivesia gordonii",14.5,17,-2.5,5.5,12,0,0,1,0,0,1.12213740458015,9.66161904132922,0
2019,10,"115*A",1697,-490,"Ivesia gordonii",18,14.5,3.5,7.5,19,0,0,1,0,0,0.5,20.0719098594144,0
2015,16,"1150*A",32,-1345,"Agoseris glauca",0.5,NA,NA,2,0,1,1,1,0,0,3.0530303030303,0.00427260220149529,0
2016,16,"1150*A",32,-1345,"Agoseris glauca",0.5,0.5,0,1.5,0,0,0,1,0,0,1.30188679245283,0,0
2017,16,"1150*A",32,-1345,"Agoseris glauca",0,0.5,-0.5,0,0,0,0,0,0,1,1.28571428571429,0,0
2015,16,"1151*A",28,-1338,"Eriogonum umbellatum",1.5,NA,NA,0.5,0,1,1,1,0,0,3.0530303030303,68.7706235163624,0
2016,16,"1151*A",28,-1338,"Eriogonum umbellatum",0,1.5,-1.5,0,0,0,0,1,0,0,1.30188679245283,0,0
2017,16,"1151*A",28,-1338,"Eriogonum umbellatum",1.5,0,1.5,0.5,0,0,0,1,0,0,1.28571428571429,77.5992334207372,0
2018,16,"1151*A",28,-1338,"Eriogonum umbellatum",0,1.5,-1.5,0,0,0,0,0,0,1,1.12213740458015,0,0
2015,16,"1152*A",25,-1314,"Lupinus argenteus",3,NA,NA,2.5,0,1,1,1,0,0,3.0530303030303,100,18.6844869402868
2016,16,"1152*A",25,-1314,"Lupinus argenteus",0,3,-3,0,0,0,0,0,0,1,1.30188679245283,0,0
2015,16,"1153*A",25,-1319,"Ivesia gordonii",0.7,NA,NA,0.5,0,1,1,1,0,0,3.0530303030303,99.9999999999999,0
2016,16,"1153*A",25,-1319,"Ivesia gordonii",0,0.7,-0.7,0,0,0,0,0,0,1,1.30188679245283,0,0
2015,16,"1154*A",34,-1320,"Senecio crassulus",1.5,NA,NA,2.5,0,1,1,1,0,0,3.0530303030303,182.751974945194,0
2016,16,"1154*A",34,-1320,"Senecio crassulus",1.5,1.5,0,1,0,0,0,1,0,0,1.30188679245283,100,0
2017,16,"1154*A",34,-1320,"Senecio crassulus",0,1.5,-1.5,0,0,0,0,0,0,1,1.28571428571429,0,0
2015,16,"1155*A",28,-1313,"Senecio crassulus",1,NA,NA,1.5,0,1,1,1,0,0,3.0530303030303,123.709568688286,0
2016,16,"1155*A",28,-1313,"Senecio crassulus",1,1,0,1,0,0,0,1,0,0,1.30188679245283,200,0
2017,16,"1155*A",28,-1313,"Senecio crassulus",0,1,-1,0,0,0,0,0,0,1,1.28571428571429,0,0
2015,16,"1156*A",35,-1322,"Eriogonum umbellatum",1.2,NA,NA,0.5,0,1,1,1,0,0,3.0530303030303,200,0
2016,16,"1156*A",35,-1322,"Eriogonum umbellatum",0,1.2,-1.2,0,0,0,0,0,0,1,1.30188679245283,0,0
2015,16,"1157*A",40,-1357,"Senecio crassulus",0.7,NA,NA,0.7,0,1,1,1,0,0,3.0530303030303,173.089406253128,0
2016,16,"1157*A",40,-1357,"Senecio crassulus",0.5,0.7,-0.2,0.5,0,0,0,1,0,0,1.30188679245283,200.000000000002,0
2017,16,"1157*A",40,-1357,"Senecio crassulus",0,0.5,-0.5,0,0,0,0,0,0,1,1.28571428571429,0,0
2015,16,"1158*A",160,-1346,"Lupinus argenteus",1.2,NA,NA,1.5,0,1,1,1,0,0,3.0530303030303,0,0
2016,16,"1158*A",160,-1346,"Lupinus argenteus",0,1.2,-1.2,0,0,0,0,0,0,1,1.30188679245283,0,0
2015,16,"1159*A",165,-1345,"Chaenactis douglasii",1,NA,NA,1,0,1,1,1,0,0,3.0530303030303,0,0
2016,16,"1159*A",165,-1345,"Chaenactis douglasii",0,1,-1,0,0,0,0,0,0,1,1.30188679245283,0,0
2014,11,"116*A",74,-852,"Ivesia gordonii",3,NA,NA,2,0,0,NA,1,0,0,2.52336448598131,0,0
2015,11,"116*A",74,-852,"Ivesia gordonii",5.5,3,2.5,4,0,0,0,1,0,0,3.0530303030303,0,0
2016,11,"116*A",74,-852,"Ivesia gordonii",6.3,5.5,0.8,4.9,0,0,0,1,0,0,1.30188679245283,0,0
2017,11,"116*A",74,-852,"Ivesia gordonii",9.5,6.3,3.2,6.5,4,0,0,1,0,0,1.28571428571429,0,0
2018,11,"116*A",74,-852,"Ivesia gordonii",9.5,9.5,0,7,1,0,0,1,0,0,1.12213740458015,0,0
2019,11,"116*A",74,-852,"Ivesia gordonii",15,9.5,5.5,8.5,2,0,0,1,0,0,0.5,0,0
2015,16,"1160*A",130,-1350,"Eriogonum umbellatum",1,NA,NA,1,0,1,1,1,0,0,3.0530303030303,299.999999999989,0
2016,16,"1160*A",130,-1350,"Eriogonum umbellatum",3,1,2,2,0,0,0,1,0,0,1.30188679245283,92.8965468973902,0
2017,16,"1160*A",130,-1350,"Eriogonum umbellatum",7,3,4,4,0,0,0,1,0,0,1.28571428571429,100,0
2018,16,"1160*A",130,-1350,"Eriogonum umbellatum",0,7,-7,0,0,0,0,0,0,1,1.12213740458015,0,0
2015,16,"1161*A",121,-1355,"Eriogonum umbellatum",1,NA,NA,1,0,1,1,1,0,0,3.0530303030303,99.9999999999975,0
2016,16,"1161*A",121,-1355,"Eriogonum umbellatum",2,1,1,2,0,0,0,1,0,0,1.30188679245283,199.758531180489,0
2017,16,"1161*A",121,-1355,"Eriogonum umbellatum",4,2,2,2.5,0,0,0,1,0,0,1.28571428571429,100,0
2018,16,"1161*A",121,-1355,"Eriogonum umbellatum",13,4,9,3,1,0,0,1,0,0,1.12213740458015,0,0
2019,16,"1161*A",121,-1355,"Eriogonum umbellatum",19,13,6,5,8,0,0,1,0,0,0.5,8.16910245639414,0
2015,16,"1162*A",110,-1348,"Ivesia gordonii",0.5,NA,NA,0.5,0,1,1,1,0,0,3.0530303030303,100.000000000004,0
2016,16,"1162*A",110,-1348,"Ivesia gordonii",1,0.5,0.5,0.5,0,0,0,1,0,0,1.30188679245283,0,0
2017,16,"1162*A",110,-1348,"Ivesia gordonii",4,1,3,3,0,0,0,1,0,0,1.28571428571429,0,0
2018,16,"1162*A",110,-1348,"Ivesia gordonii",5.5,4,1.5,4,1,0,0,1,0,0,1.12213740458015,0,0
2019,16,"1162*A",110,-1348,"Ivesia gordonii",14,5.5,8.5,7.5,6,0,0,1,0,0,0.5,15.0461529936649,0
2015,17,"1163*A",437,-1365,"Lupinus argenteus",7,NA,NA,3,0,0,1,1,0,0,3.0530303030303,0,0
2016,17,"1163*A",437,-1365,"Lupinus argenteus",4,7,-3,3,0,0,0,1,0,0,1.30188679245283,0,0
2017,17,"1163*A",437,-1365,"Lupinus argenteus",0,4,-4,0,0,0,0,0,0,1,1.28571428571429,0,0
2015,17,"1164*A",492,-1323,"Lupinus argenteus",0.5,NA,NA,0.5,0,0,1,1,0,0,3.0530303030303,0,0
2016,17,"1164*A",492,-1323,"Lupinus argenteus",0,0.5,-0.5,0,0,0,0,0,0,1,1.30188679245283,0,0
2015,17,"1165*A",502,-1325,"Lupinus argenteus",1,NA,NA,1,0,1,1,1,0,0,3.0530303030303,0,0
2016,17,"1165*A",502,-1325,"Lupinus argenteus",0,1,-1,0,0,0,0,0,0,1,1.30188679245283,0,0
2015,18,"1166*A",923,-1325,"Lupinus argenteus",2,NA,NA,1,0,1,1,1,0,0,3.0530303030303,0,0
2016,18,"1166*A",923,-1325,"Lupinus argenteus",6,2,4,4,0,0,0,1,0,0,1.30188679245283,0,0
2017,18,"1166*A",923,-1325,"Lupinus argenteus",0,6,-6,0,0,0,0,0,0,1,1.28571428571429,0,0
2015,19,"1167*A",1376,-1365,"Senecio crassulus",1,NA,NA,0.5,0,1,1,1,0,0,3.0530303030303,0,0
2016,19,"1167*A",1376,-1365,"Senecio crassulus",0.5,1,-0.5,1,0,0,0,1,0,0,1.30188679245283,0,0
2017,19,"1167*A",1376,-1365,"Senecio crassulus",1.5,0.5,1,1,0,0,0,1,0,0,1.28571428571429,0,0
2018,19,"1167*A",1376,-1365,"Senecio crassulus",0,1.5,-1.5,0,0,0,0,0,0,1,1.12213740458015,0,0
2015,19,"1168*A",1398,-1290,"Lupinus argenteus",1,NA,NA,3,0,1,1,1,0,0,3.0530303030303,0,0
2016,19,"1168*A",1398,-1290,"Lupinus argenteus",1,1,0,1.5,0,0,0,1,0,0,1.30188679245283,0,0
2017,19,"1168*A",1398,-1290,"Lupinus argenteus",0,1,-1,0,0,0,0,0,0,1,1.28571428571429,0,0
2015,19,"1169*A",1303,-1395,"Ivesia gordonii",2,NA,NA,2.5,0,1,1,1,0,0,3.0530303030303,200,0
2016,19,"1169*A",1303,-1395,"Ivesia gordonii",0,2,-2,0,0,0,0,0,0,1,1.30188679245283,0,0
2014,11,"117*A",80,-970,"Lupinus argenteus",37,NA,NA,14,1,0,NA,1,0,0,2.52336448598131,29.7869906161905,7.12406211923867
2015,11,"117*A",80,-970,"Lupinus argenteus",33,37,-4,12,4,0,0,1,0,0,3.0530303030303,34.7019201290016,7.75646232222904
2016,11,"117*A",80,-970,"Lupinus argenteus",38,33,5,18.5,4,0,0,1,0,0,1.30188679245283,42.7611066572634,13.9003018607182
2017,11,"117*A",80,-970,"Lupinus argenteus",0.4,38,-37.6,0.6,0,0,0,1,0,0,1.28571428571429,100.000000000001,0
2018,11,"117*A",80,-970,"Lupinus argenteus",0,0.4,-0.4,0,0,0,0,0,0,1,1.12213740458015,0,0
2015,19,"1170*A",1348,-1370,"Eriogonum umbellatum",1,NA,NA,0.2,0,1,1,1,0,0,3.0530303030303,0,100.000000000022
2016,19,"1170*A",1348,-1370,"Eriogonum umbellatum",1,1,0,0.5,0,0,0,1,0,0,1.30188679245283,0,100.000000000022
2017,19,"1170*A",1348,-1370,"Eriogonum umbellatum",0,1,-1,0,0,0,0,0,0,1,1.28571428571429,0,0
2015,19,"1171*A",1390,-1390,"Ivesia gordonii",1.5,NA,NA,2,0,1,1,1,0,0,3.0530303030303,0,0
2016,19,"1171*A",1390,-1390,"Ivesia gordonii",2,1.5,0.5,2.5,0,0,0,1,0,0,1.30188679245283,0,0
2017,19,"1171*A",1390,-1390,"Ivesia gordonii",3,2,1,2,0,0,0,1,0,0,1.28571428571429,0,0
2018,19,"1171*A",1390,-1390,"Ivesia gordonii",3,3,0,3.5,0,0,0,1,0,0,1.12213740458015,0,0
2019,19,"1171*A",1390,-1390,"Ivesia gordonii",4,3,1,3,2,0,0,1,0,0,0.5,0,0
2015,19,"1172*A",1356,-1291,"Ivesia gordonii",0.5,NA,NA,0.2,0,1,1,1,0,0,3.0530303030303,0,0
2016,19,"1172*A",1356,-1291,"Ivesia gordonii",0.5,0.5,0,0.5,0,0,0,1,0,0,1.30188679245283,0,0
2017,19,"1172*A",1356,-1291,"Ivesia gordonii",0.5,0.5,0,0.5,0,0,0,1,0,0,1.28571428571429,0,0
2018,19,"1172*A",1356,-1291,"Ivesia gordonii",0.5,0.5,0,1.1,0,0,0,1,0,0,1.12213740458015,0,0
2019,19,"1172*A",1356,-1291,"Ivesia gordonii",0.9,0.5,0.4,1,0,0,0,1,0,0,0.5,0,0
2015,19,"1173*A",1221,-1383,"Lupinus argenteus",1.5,NA,NA,2.5,0,1,1,1,0,0,3.0530303030303,0,0
2016,19,"1173*A",1221,-1383,"Lupinus argenteus",4,1.5,2.5,5,0,0,0,1,0,0,1.30188679245283,0,0
2017,19,"1173*A",1221,-1383,"Lupinus argenteus",9,4,5,5,0,0,0,1,0,0,1.28571428571429,0,0
2018,19,"1173*A",1221,-1383,"Lupinus argenteus",5.5,9,-3.5,5,0,0,0,1,0,0,1.12213740458015,0,0
2019,19,"1173*A",1221,-1383,"Lupinus argenteus",4.5,5.5,-1,5,0,0,0,1,0,0,0.5,0,0
2015,20,"1175*A",1609,-1393,"Eriogonum umbellatum",1.4,NA,NA,0.9,0,0,1,1,0,0,3.0530303030303,99.9999999999944,95.1103384132171
2016,20,"1175*A",1609,-1393,"Eriogonum umbellatum",2,1.4,0.6,1,0,0,0,1,0,0,1.30188679245283,99.9999999999854,0
2017,20,"1175*A",1609,-1393,"Eriogonum umbellatum",1.5,2,-0.5,1,0,0,0,1,0,0,1.28571428571429,200.000000000002,0
2018,20,"1175*A",1609,-1393,"Eriogonum umbellatum",1,1.5,-0.5,1,0,0,0,1,0,0,1.12213740458015,66.2319965502153,0
2019,20,"1175*A",1609,-1393,"Eriogonum umbellatum",0,1,-1,0,0,0,0,0,0,1,0.5,0,0
2015,20,"1176*A",1603,-1395,"Eriogonum umbellatum",0.5,NA,NA,0.8,0,1,1,1,0,0,3.0530303030303,99.9999999998909,0
2016,20,"1176*A",1603,-1395,"Eriogonum umbellatum",1,0.5,0.5,1,0,0,0,1,0,0,1.30188679245283,100.000000000024,0
2017,20,"1176*A",1603,-1395,"Eriogonum umbellatum",1,1,0,1,0,0,0,1,0,0,1.28571428571429,300.000000000072,0
2018,20,"1176*A",1603,-1395,"Eriogonum umbellatum",0.9,1,-0.1,1,0,0,0,1,0,0,1.12213740458015,99.9999999999753,0
2019,20,"1176*A",1603,-1395,"Eriogonum umbellatum",0,0.9,-0.9,0,0,0,0,0,0,1,0.5,0,0
2015,20,"1177*A",1608,-1384,"Eriogonum umbellatum",1.2,NA,NA,0.5,0,1,1,1,0,0,3.0530303030303,100.000000000015,0
2016,20,"1177*A",1608,-1384,"Eriogonum umbellatum",0,1.2,-1.2,0,0,0,0,0,0,1,1.30188679245283,0,0
2015,20,"1178*A",1622,-1372,"Ivesia gordonii",1.5,NA,NA,2,0,0,1,1,0,0,3.0530303030303,0,0
2016,20,"1178*A",1622,-1372,"Ivesia gordonii",0,1.5,-1.5,0,0,0,0,0,0,1,1.30188679245283,0,0
2015,20,"1179*A",1618.99344082,-1379.08419142,"Arenaria congesta",0.5,NA,NA,0.5,0,1,1,1,0,0,3.0530303030303,100.000000000033,0
2015,20,"1179*B",1617.64838971,-1378.40750056,"Arenaria congesta",0.5,NA,NA,0.5,0,1,1,1,0,0,3.0530303030303,100.000000000018,0
2015,20,"1179*C",1614.64101136,-1384.44780141,"Arenaria congesta",0.5,NA,NA,0.5,0,1,1,1,0,0,3.0530303030303,99.9999999998945,0
2015,20,"1179*D",1622.93364756,-1370.72949482,"Arenaria congesta",0.5,NA,NA,0.5,0,1,1,1,0,0,3.0530303030303,0,0
2015,20,"1179*E",1612.30474454,-1373.47745765,"Arenaria congesta",0.5,NA,NA,0.5,0,1,1,1,0,0,3.0530303030303,200.00000000008,0
2015,20,"1179*F",1612.49301282,-1372.54631727,"Arenaria congesta",0.5,NA,NA,0.5,0,1,1,1,0,0,3.0530303030303,200.00000000013,0
2015,20,"1179*G",1620.11680292,-1371.88602572,"Arenaria congesta",0.5,NA,NA,0.5,0,1,1,1,0,0,3.0530303030303,75.5511220271287,7.97078204295384
2015,20,"1179*H",1612.28070981,-1379.01665632,"Arenaria congesta",0.5,NA,NA,0.5,0,1,1,1,0,0,3.0530303030303,199.999999999964,0
2015,20,"1179*I",1621.80227502,-1382.73543615,"Arenaria congesta",0.5,NA,NA,0.5,0,1,1,1,0,0,3.0530303030303,0,0
2015,20,"1179*J",1618.34649116,-1372.08795571,"Arenaria congesta",0.5,NA,NA,0.5,0,1,1,1,0,0,3.0530303030303,200.000000000174,42.1875011997524
2015,20,"1179*K",1620.28724296,-1369.04981439,"Arenaria congesta",0.5,NA,NA,0.5,0,1,1,1,0,0,3.0530303030303,0,0
2015,20,"1179*L",1615.90515493,-1373.87439401,"Arenaria congesta",0.5,NA,NA,0.5,0,1,1,1,0,0,3.0530303030303,199.999999999825,0
2015,20,"1179*M",1623.96793806,-1382.6901311,"Arenaria congesta",0.5,NA,NA,0.5,0,1,1,1,0,0,3.0530303030303,0,0
2016,20,"1179*A",1619.2271916,-1379.5745894,"Arenaria congesta",2,0.5,1.5,2,1,0,0,1,0,0,1.30188679245283,0,2.08462157753997
2016,20,"1179*B",1617.56565788,-1378.73867716,"Arenaria congesta",2,0.5,1.5,2,1,0,0,1,0,0,1.30188679245283,0,4.87384331020567
2016,20,"1179*C",1613.85066109,-1386.20022527,"Arenaria congesta",2,0.5,1.5,2,0,0,0,1,0,0,1.30188679245283,0,0
2016,20,"1179*D",1624.09450581,-1369.25408183,"Arenaria congesta",2,0.5,1.5,2,0,0,0,1,0,0,1.30188679245283,31.2075577635384,0.444499148738637
2016,20,"1179*E",1610.96468443,-1372.64862416,"Arenaria congesta",2,0.5,1.5,2,0,0,0,1,0,0,1.30188679245283,0,29.6705107921064
2016,20,"1179*F",1611.19725113,-1371.49839193,"Arenaria congesta",2,0.5,1.5,2,0,0,0,1,0,0,1.30188679245283,0,29.6705107921193
2016,20,"1179*G",1620.61487419,-1370.68273766,"Arenaria congesta",2,0.5,1.5,2,0,0,0,1,0,0,1.30188679245283,12.2562276437977,0.65285450674863
2016,20,"1179*H",1610.93499447,-1379.49116369,"Arenaria congesta",2,0.5,1.5,2,0,0,0,1,0,0,1.30188679245283,0,0
2016,20,"1179*I",1622.69692797,-1384.08495054,"Arenaria congesta",2,0.5,1.5,2,0,0,0,1,0,0,1.30188679245283,0,11.716988877589
2016,20,"1179*J",1618.42801849,-1370.93218058,"Arenaria congesta",2,0.5,1.5,2,0,0,0,1,0,0,1.30188679245283,49.7953641759059,40.641924692577
2016,20,"1179*K",1620.82541778,-1367.17918248,"Arenaria congesta",2,0.5,1.5,2,0,0,0,1,0,0,1.30188679245283,0,118.03893382031
2016,20,"1179*L",1615.41225021,-1373.1389573,"Arenaria congesta",2,0.5,1.5,2,0,0,0,1,0,0,1.30188679245283,87.4334346225274,42.9398965395983
2016,20,"1179*M",1625.37215878,-1384.02898548,"Arenaria congesta",2,0.5,1.5,2,0,0,0,1,0,0,1.30188679245283,0,0
2016,20,"1179*N",1627.82713582,-1375.59684327,"Arenaria congesta",2,NA,NA,2,0,0,1,1,0,0,1.30188679245283,0,0
2016,20,"1179*O",1617.43574394,-1368.48535887,"Arenaria congesta",2,NA,NA,2,0,0,1,1,0,0,1.30188679245283,22.1131479083413,0
2016,20,"1179*P",1623.35384394,-1376.39739333,"Arenaria congesta",2,NA,NA,2,0,0,1,1,0,0,1.30188679245283,48.9977524822045,32.8576167338126
2016,20,"1179*Q",1608.304594756,-1379.02662654,"Arenaria congesta",2,NA,NA,2,0,0,1,1,0,0,1.30188679245283,0,19.3055042924249
2016,20,"1179*R",1621.34673016,-1384.87065172,"Arenaria congesta",2,NA,NA,2,0,0,1,1,0,0,1.30188679245283,0,11.7169888775936
2016,20,"1179*S",1611.38720417,-1374.91789825,"Arenaria congesta",2,NA,NA,2,0,0,1,1,0,0,1.30188679245283,19.5069969561624,0
2016,20,"1179*T",1615.36991451,-1381.70655325,"Arenaria congesta",2,NA,NA,2,0,0,1,1,0,0,1.30188679245283,0,0
2016,20,"1179*U",1615.91080247,-1386.13213094,"Arenaria congesta",2,NA,NA,2,0,0,1,1,0,0,1.30188679245283,0,0
2016,20,"1179*V",1620.97951613,-1387.03211308,"Arenaria congesta",2,NA,NA,2,0,0,1,1,0,0,1.30188679245283,0,0
2016,20,"1179*W",1625.35074081,-1377.91316026,"Arenaria congesta",2,NA,NA,2,0,0,1,1,0,0,1.30188679245283,0,0
2017,20,"1179*A",1619.51938008,-1380.18758687,"Arenaria congesta",5,2,3,3,1,0,0,1,0,0,1.28571428571429,0,45.8473621372355
2017,20,"1179*B",1617.46224309,-1379.15264791,"Arenaria congesta",5,2,3,3,1,0,0,1,0,0,1.28571428571429,0,82.4186366949287
2017,20,"1179*C",1612.86272325,-1388.3907551,"Arenaria congesta",5,2,3,3,1,0,0,1,0,0,1.28571428571429,127.58224147055,37.806245140995
2017,20,"1179*D",1625.54557862,-1367.4098156,"Arenaria congesta",5,2,3,3,1,0,0,1,0,0,1.28571428571429,4.0000000000007,151.797934855784
2017,20,"1179*E",1609.289609293,-1371.61258229,"Arenaria congesta",5,2,3,3,1,0,0,1,0,0,1.28571428571429,0,94.6827188521977
2017,20,"1179*F",1609.577549015,-1370.18848524,"Arenaria congesta",5,2,3,3,1,0,0,1,0,0,1.28571428571429,0,70.2272012396506
2017,20,"1179*G",1621.23746328,-1369.17862757,"Arenaria congesta",5,2,3,3,1,0,0,1,0,0,1.28571428571429,0,165.7091184554
2017,20,"1179*H",1609.252850294,-1380.0842979,"Arenaria congesta",5,2,3,3,1,0,0,1,0,0,1.28571428571429,74.6035050378809,22.2404599230458
2017,20,"1179*I",1623.81524415,-1385.77184352,"Arenaria congesta",5,2,3,3,1,0,0,1,0,0,1.28571428571429,0,81.0344052328498
2017,20,"1179*J",1618.52992766,-1369.48746168,"Arenaria congesta",5,2,3,3,1,0,0,1,0,0,1.28571428571429,2.7092864554256,159.330471087379
2017,20,"1179*K",1621.4981363,-1364.84089259,"Arenaria congesta",5,2,3,3,1,0,0,1,0,0,1.28571428571429,0,92.1801392781797
2017,20,"1179*L",1614.79611931,-1372.21966142,"Arenaria congesta",5,2,3,3,1,0,0,1,0,0,1.28571428571429,4.22556817359797,82.6798176634035
2017,20,"1179*M",1627.12743468,-1385.70255345,"Arenaria congesta",5,2,3,3,1,0,0,1,0,0,1.28571428571429,0,22.1289197872643
2017,20,"1179*N",1630.16693006,-1375.26275833,"Arenaria congesta",5,2,3,3,1,0,0,1,0,0,1.28571428571429,0,7.36450414325231
2017,20,"1179*O",1617.30139725,-1366.45806336,"Arenaria congesta",5,2,3,3,1,0,0,1,0,0,1.28571428571429,9.71283982435657,95.4049753000622
2017,20,"1179*P",1624.62856868,-1376.25391555,"Arenaria congesta",5,2,3,3,1,0,0,1,0,0,1.28571428571429,0,31.0214464469317
2017,20,"1179*Q",1605.996164936,-1379.50915666,"Arenaria congesta",5,2,3,3,1,0,0,1,0,0,1.28571428571429,71.9037788102381,22.240459923049
2017,20,"1179*R",1622.14357068,-1386.74461642,"Arenaria congesta",5,2,3,3,1,0,0,1,0,0,1.28571428571429,0,86.1682238322165
2017,20,"1179*S",1609.812728971,-1374.42215974,"Arenaria congesta",5,2,3,3,1,0,0,0,1,0,1.28571428571429,13.945761688559,38.0425877516013
2017,20,"1179*T",1614.74370368,-1382.82716116,"Arenaria congesta",5,2,3,3,1,0,0,0,1,0,1.28571428571429,31.5599338270211,2.85408207375929
2017,20,"1179*U",1615.41337449,-1388.30644783,"Arenaria congesta",5,2,3,3,1,0,0,0,1,0,1.28571428571429,61.0480664085038,37.8062451409915
2017,20,"1179*V",1621.68892474,-1389.42071143,"Arenaria congesta",5,2,3,3,1,0,0,0,1,0,1.28571428571429,0,41.3070714565482
2017,20,"1179*W",1627.1009172,-1378.13057937,"Arenaria congesta",5,2,3,3,1,0,0,0,1,0,1.28571428571429,0,33.577207112237
2017,20,"1179*X",1616.49387496,-1376.71213027,"Arenaria congesta",5,NA,NA,3,1,0,1,0,1,0,1.28571428571429,12.7970828943206,72.6982142534956
2018,20,"1179*A",1619.11031621,-1379.32939041,"Arenaria congesta",1.5,5,-3.5,1.5,2,0,0,1,0,0,1.12213740458015,61.6105480120476,0
2018,20,"1179*B",1617.6070238,-1378.57308886,"Arenaria congesta",1.5,5,-3.5,1.5,2,0,0,1,0,0,1.12213740458015,97.1018921892187,0
2018,20,"1179*C",1614.24583622,-1385.32401334,"Arenaria congesta",1.5,5,-3.5,1.5,2,0,0,1,0,0,1.12213740458015,0,0
2018,20,"1179*D",1623.51407668,-1369.99178832,"Arenaria congesta",1.5,5,-3.5,1.5,2,0,0,1,0,0,1.12213740458015,0,0
2018,20,"1179*E",1611.63471448,-1373.0630409,"Arenaria congesta",1.5,5,-3.5,1.5,1,0,0,1,0,0,1.12213740458015,0,17.9328466571968
2018,20,"1179*F",1611.84513197,-1372.0223546,"Arenaria congesta",1.5,5,-3.5,1.5,1,0,0,1,0,0,1.12213740458015,0,17.9328466572105
2018,20,"1179*G",1620.36583855,-1371.28438169,"Arenaria congesta",1.5,5,-3.5,1.5,1,0,0,1,0,0,1.12213740458015,90.2147268101333,74.9582942425902
2018,20,"1179*H",1611.60785214,-1379.25391001,"Arenaria congesta",1.5,5,-3.5,1.5,1,0,0,1,0,0,1.12213740458015,0,0
2018,20,"1179*I",1622.24960149,-1383.41019334,"Arenaria congesta",1.5,5,-3.5,1.5,1,0,0,0,1,0,1.12213740458015,0,1.54360248139419
2018,20,"1179*J",1618.38725483,-1371.51006815,"Arenaria congesta",1.5,5,-3.5,1.5,1,0,0,0,1,0,1.12213740458015,99.9999999999911,99.9999999999911
2018,20,"1179*K",1620.55633037,-1368.11449843,"Arenaria congesta",1.5,5,-3.5,1.5,1,0,0,0,1,0,1.12213740458015,0,0
2018,20,"1179*L",1615.65870257,-1373.50667565,"Arenaria congesta",1.5,5,-3.5,1.5,1,0,0,0,1,0,1.12213740458015,100.000000000006,0
2018,20,"1179*M",1624.67004842,-1383.35955829,"Arenaria congesta",1.5,5,-3.5,1.5,1,0,0,0,1,0,1.12213740458015,0,0
2018,20,"1179*N",1626.89121812,-1375.73047724,"Arenaria congesta",1.5,5,-3.5,1.5,1,0,0,0,1,0,1.12213740458015,0,0
2018,20,"1179*O",1617.48948261,-1369.29627707,"Arenaria congesta",1.5,5,-3.5,1.5,1,0,0,0,1,0,1.12213740458015,0,7.62721575196058
2018,20,"1179*P",1622.84395404,-1376.45478444,"Arenaria congesta",1.5,5,-3.5,1.5,1,0,0,0,1,0,1.12213740458015,79.4174142029235,0
2018,20,"1179*Q",1609.227966684,-1378.83361448,"Arenaria congesta",1.5,5,-3.5,1.5,1,0,0,0,1,0,1.12213740458015,0,0
2018,20,"1179*R",1621.02799396,-1384.12106584,"Arenaria congesta",1.5,5,-3.5,1.5,1,0,0,0,1,0,1.12213740458015,0,1.54360248139004
2019,20,"1179*A",1619.75313086,-1380.67798485,"Arenaria congesta",7,1.5,5.5,6,2,0,0,1,0,0,0.5,15.0121184297469,52.736576993694
2019,20,"1179*B",1617.37951126,-1379.48382451,"Arenaria congesta",7,1.5,5.5,6,2,0,0,1,0,0,0.5,28.2887264813884,52.7365769936963
2019,20,"1179*C",1612.07237298,-1390.14317896,"Arenaria congesta",7,1.5,5.5,6,1,0,0,1,0,0,0.5,57.3698545817276,0
2019,20,"1179*D",1626.70643687,-1365.93440262,"Arenaria congesta",7,1.5,5.5,6,1,0,0,1,0,0,0.5,0,157.413096332943
2019,20,"1179*E",1607.949549184,-1370.7837488,"Arenaria congesta",7,1.5,5.5,6,1,0,0,1,0,0,0.5,0,70.6087434853571
2019,20,"1179*F",1608.281787325,-1369.14055989,"Arenaria congesta",7,1.5,5.5,6,1,0,0,0,1,0,0.5,0,69.7212522230334
2019,20,"1179*G",1621.73553456,-1367.97533951,"Arenaria congesta",7,1.5,5.5,6,1,0,0,0,1,0,0.5,0,138.565871284808
2019,20,"1179*H",1607.907134955,-1380.55880527,"Arenaria congesta",7,1.5,5.5,6,1,0,0,0,1,0,0.5,0,0
2014,11,"118*A",85,-980,"Ivesia gordonii",3,NA,NA,2,0,0,NA,1,0,0,2.52336448598131,143.981284803968,0
2015,11,"118*A",85,-980,"Ivesia gordonii",6,3,3,4,0,0,0,1,0,0,3.0530303030303,165.236250394818,0
2016,11,"118*A",85,-980,"Ivesia gordonii",12.5,6,6.5,5,2,0,0,1,0,0,1.30188679245283,108.618007993462,0
2017,11,"118*A",85,-980,"Ivesia gordonii",0,12.5,-12.5,0,0,0,0,0,0,1,1.28571428571429,0,0
2015,20,"1180*A",1610,-1375,"Eriogonum umbellatum",2,NA,NA,1.3,0,1,1,1,0,0,3.0530303030303,257.988827229633,0
2016,20,"1180*A",1610,-1375,"Eriogonum umbellatum",1,2,-1,1,0,0,0,1,0,0,1.30188679245283,4.74828366063953,0
2017,20,"1180*A",1610,-1375,"Eriogonum umbellatum",0.5,1,-0.5,0.5,0,0,0,1,0,0,1.28571428571429,99.9999999998909,0
2018,20,"1180*A",1610,-1375,"Eriogonum umbellatum",0,0.5,-0.5,0,0,0,0,0,0,1,1.12213740458015,0,0
2015,20,"1181*A",1604,-1372,"Arenaria congesta",1,NA,NA,1.2,0,1,1,1,0,0,3.0530303030303,100.000000000024,0
2016,20,"1181*A",1604.993440822,-1374.08419142,"Arenaria congesta",2,1,1,3,0,0,0,1,0,0,1.30188679245283,34.3686702585517,14.0211083893416
2016,20,"1181*B",1603.648389712,-1373.40750056,"Arenaria congesta",2,NA,NA,3,0,0,1,1,0,0,1.30188679245283,18.110989406054,14.0211083893422
2016,20,"1181*C",1600.641011357,-1379.44780141,"Arenaria congesta",2,NA,NA,3,0,0,1,1,0,0,1.30188679245283,0,0
2016,20,"1181*D",1608.93364756,-1365.72949482,"Arenaria congesta",2,NA,NA,3,0,0,1,1,0,0,1.30188679245283,32.8618947773978,0
2016,20,"1181*E",1598.304744538,-1368.47745765,"Arenaria congesta",2,NA,NA,3,0,0,1,1,0,0,1.30188679245283,0,0
2016,20,"1181*F",1598.493012817,-1367.54631727,"Arenaria congesta",2,NA,NA,3,0,0,1,1,0,0,1.30188679245283,0,0
2016,20,"1181*G",1606.116802915,-1366.88602572,"Arenaria congesta",2,NA,NA,3,0,0,1,0,1,0,1.30188679245283,0,4.11653047498873
2016,20,"1181*H",1598.280709808,-1374.01665632,"Arenaria congesta",2,NA,NA,3,0,0,1,0,1,0,1.30188679245283,0,0
2016,20,"1181*I",1607.80227502,-1377.73543615,"Arenaria congesta",2,NA,NA,3,0,0,1,0,1,0,1.30188679245283,0,19.305504292415
2016,20,"1181*J",1604.346491161,-1367.08795571,"Arenaria congesta",2,NA,NA,3,0,0,1,0,1,0,1.30188679245283,0,4.11653047499056
2016,20,"1181*K",1606.287242963,-1364.04981439,"Arenaria congesta",2,NA,NA,3,0,0,1,0,1,0,1.30188679245283,0,0
2016,20,"1181*L",1601.905154934,-1368.87439401,"Arenaria congesta",2,NA,NA,3,0,0,1,0,1,0,1.30188679245283,0,0
2017,20,"1181*A",1605.110316213,-1374.32939041,"Arenaria congesta",2,2,0,3,0,0,0,1,0,0,1.28571428571429,0,7.24340012040674
2017,20,"1181*B",1603.607023796,-1373.57308886,"Arenaria congesta",2,2,0,3,0,0,0,0,1,0,1.28571428571429,0,7.24340012040913
2017,20,"1181*C",1600.245836223,-1380.32401334,"Arenaria congesta",2,2,0,3,0,0,0,0,1,0,1.28571428571429,79.9287502711265,0
2017,20,"1181*D",1609.514076685,-1364.99178832,"Arenaria congesta",2,2,0,3,0,0,0,0,1,0,1.28571428571429,101.432983108599,0
2017,20,"1181*E",1597.634714483,-1368.0630409,"Arenaria congesta",2,2,0,3,0,0,0,0,1,0,1.28571428571429,0,0
2017,20,"1181*F",1597.845131972,-1367.0223546,"Arenaria congesta",2,2,0,3,0,0,0,0,1,0,1.28571428571429,0,0
2018,20,"1181*A",1604,-1372,"Arenaria congesta",1,2,-1,2,0,0,0,1,0,0,1.12213740458015,0,0
2019,20,"1181*A",1604,-1372,"Arenaria congesta",2,1,1,2,0,0,0,1,0,0,0.5,0,10.8717679634641
2015,20,"1182*A",1623,-1356,"Eriogonum umbellatum",1.5,NA,NA,1.5,0,1,1,1,0,0,3.0530303030303,200.000000000002,0
2016,20,"1182*A",1623,-1356,"Eriogonum umbellatum",1,1.5,-0.5,1,0,0,0,1,0,0,1.30188679245283,0,17.6477249324101
2017,20,"1182*A",1623,-1356,"Eriogonum umbellatum",1,1,0,1.5,0,0,0,1,0,0,1.28571428571429,0,0
2018,20,"1182*A",1623,-1356,"Eriogonum umbellatum",0,1,-1,0,0,0,0,0,0,1,1.12213740458015,0,0
2015,20,"1183*A",1649.16875391,-1367.4519899,"Arenaria congesta",0.5,NA,NA,0.5,0,1,1,1,0,0,3.0530303030303,0,0
2015,20,"1183*B",1647.58634084,-1366.65588301,"Arenaria congesta",0.5,NA,NA,0.5,0,1,1,1,0,0,3.0530303030303,0,0
2015,20,"1183*C",1644.04824866,-1373.76211931,"Arenaria congesta",0.5,NA,NA,0.5,0,1,1,1,0,0,3.0530303030303,0,0
2015,20,"1183*D",1653.80429125,-1357.62293508,"Arenaria congesta",0.5,NA,NA,0.5,0,1,1,1,0,0,3.0530303030303,299.999999999825,0
2015,20,"1183*E",1641.29969946,-1360.85583253,"Arenaria congesta",0.5,NA,NA,0.5,0,1,1,1,0,0,3.0530303030303,0,0
2015,20,"1183*F",1641.52119155,-1359.76037326,"Arenaria congesta",0.5,NA,NA,0.5,0,1,1,1,0,0,3.0530303030303,0,0
2015,20,"1183*G",1650.49035637,-1358.98355967,"Arenaria congesta",0.5,NA,NA,0.5,0,1,1,1,0,0,3.0530303030303,199.999999999935,0
2015,20,"1183*H",1641.2714233,-1367.37253685,"Arenaria congesta",0.5,NA,NA,0.5,0,1,1,1,0,0,3.0530303030303,0,0
2015,20,"1183*I",1652.47326473,-1371.74757194,"Arenaria congesta",0.5,NA,NA,0.5,0,1,1,1,0,0,3.0530303030303,100.000000000011,0
2015,20,"1183*J",1648.40763666,-1359.22112437,"Arenaria congesta",0.5,NA,NA,0.5,0,1,1,1,0,0,3.0530303030303,163.007619898858,0
2015,20,"1183*K",1650.69087407,-1355.64684046,"Arenaria congesta",0.5,NA,NA,0.5,0,1,1,1,0,0,3.0530303030303,300.000000000414,0
2015,20,"1183*L",1645.53547639,-1361.32281648,"Arenaria congesta",0.5,NA,NA,0.5,0,1,1,1,0,0,3.0530303030303,0,0
2015,20,"1183*M",1655.0211036,-1371.69427189,"Arenaria congesta",0.5,NA,NA,0.5,0,1,1,1,0,0,3.0530303030303,100.000000000138,0
2015,20,"1183*N",1657.35917697,-1363.66366026,"Arenaria congesta",0.5,NA,NA,0.5,0,1,1,1,0,0,3.0530303030303,100.000000000022,0
2015,20,"1183*O",1647.46261327,-1356.89081797,"Arenaria congesta",0.5,NA,NA,0.5,0,1,1,1,0,0,3.0530303030303,100.000000000138,0
2015,20,"1183*P",1653.09889899,-1364.42608888,"Arenaria congesta",0.5,NA,NA,0.5,0,1,1,0,1,0,3.0530303030303,99.9999999999309,0
2015,20,"1183*Q",1638.76628072,-1366.93012051,"Arenaria congesta",0.5,NA,NA,0.5,0,1,1,0,1,0,3.0530303030303,0,0
2015,20,"1183*R",1651.18736206,-1372.49585878,"Arenaria congesta",0.5,NA,NA,0.5,0,1,1,0,1,0,3.0530303030303,100.000000000106,0
2015,20,"1183*S",1641.70209921,-1363.01704596,"Arenaria congesta",0.5,NA,NA,0.5,0,1,1,0,1,0,3.0530303030303,0,0
2015,20,"1183*T",1645.49515668,-1369.48243166,"Arenaria congesta",0.5,NA,NA,0.5,0,1,1,0,1,0,3.0530303030303,0,0
2015,20,"1183*U",1646.01028807,-1373.69726756,"Arenaria congesta",0.5,NA,NA,0.5,0,1,1,0,1,0,3.0530303030303,0,0
2016,20,"1183*A",1648.87656543,-1366.83899243,"Arenaria congesta",1,0.5,0.5,1,0,0,0,1,0,0,1.30188679245283,74.5196148903342,0
2016,20,"1183*B",1647.68975563,-1366.24191225,"Arenaria congesta",1,0.5,0.5,1,0,0,0,1,0,0,1.30188679245283,0,0
2016,20,"1183*C",1645.03618649,-1371.57158948,"Arenaria congesta",1,0.5,0.5,1,0,0,0,1,0,0,1.30188679245283,99.9999999999982,0
2016,20,"1183*D",1652.35321844,-1359.46720131,"Arenaria congesta",1,0.5,0.5,1,0,0,0,1,0,0,1.30188679245283,0,0
2016,20,"1183*E",1642.97477459,-1361.8918744,"Arenaria congesta",1,0.5,0.5,1,0,0,0,1,0,0,1.30188679245283,0,7.46280480585888
2016,20,"1183*F",1643.14089366,-1361.07027995,"Arenaria congesta",1,0.5,0.5,1,0,0,0,1,0,0,1.30188679245283,0,7.46280480585842
2016,20,"1183*G",1649.86776728,-1360.48766975,"Arenaria congesta",1,0.5,0.5,1,0,0,0,1,0,0,1.30188679245283,0,0
2016,20,"1183*H",1642.95356748,-1366.77940264,"Arenaria congesta",1,0.5,0.5,1,0,0,0,1,0,0,1.30188679245283,0,0
2016,20,"1183*I",1651.35494855,-1370.06067895,"Arenaria congesta",1,0.5,0.5,1,0,0,0,1,0,0,1.30188679245283,199.99999999992,0
2016,20,"1183*J",1648.3057275,-1360.66584327,"Arenaria congesta",1,0.5,0.5,1,0,0,0,1,0,0,1.30188679245283,0,0
2016,20,"1183*K",1650.01815556,-1357.98513034,"Arenaria congesta",1,0.5,0.5,1,0,0,0,0,1,0,1.30188679245283,0,0
2016,20,"1183*L",1646.15160729,-1362.24211236,"Arenaria congesta",1,0.5,0.5,1,0,0,0,0,1,0,1.30188679245283,0,0
2016,20,"1183*M",1653.2658277,-1370.02070391,"Arenaria congesta",1,0.5,0.5,1,0,0,0,0,1,0,1.30188679245283,199.999999999924,0
2016,20,"1183*N",1655.01938273,-1363.99774519,"Arenaria congesta",1,0.5,0.5,1,0,0,0,0,1,0,1.30188679245283,0,0
2016,20,"1183*O",1647.59695995,-1358.91811348,"Arenaria congesta",1,0.5,0.5,1,0,0,0,0,1,0,1.30188679245283,0,0
2017,20,"1183*A",1648.99344082,-1367.08419142,"Arenaria congesta",2,1,1,2,0,0,0,1,0,0,1.28571428571429,9.65856402046411,14.0211083893413
2017,20,"1183*B",1647.64838971,-1366.40750056,"Arenaria congesta",2,1,1,2,0,0,0,1,0,0,1.28571428571429,0,14.0211083893493
2017,20,"1183*C",1644.64101136,-1372.44780141,"Arenaria congesta",2,1,1,2,0,0,0,1,0,0,1.28571428571429,0,0
2017,20,"1183*D",1652.93364756,-1358.72949482,"Arenaria congesta",2,1,1,2,0,0,0,1,0,0,1.28571428571429,0,0
2017,20,"1183*E",1642.30474454,-1361.47745765,"Arenaria congesta",2,1,1,2,0,0,0,1,0,0,1.28571428571429,0,41.7370305016843
2017,20,"1183*F",1642.49301282,-1360.54631727,"Arenaria congesta",2,1,1,2,0,0,0,1,0,0,1.28571428571429,19.4097509927177,41.7370305016992
2017,20,"1183*G",1650.11680292,-1359.88602572,"Arenaria congesta",2,1,1,2,0,0,0,1,0,0,1.28571428571429,0,4.11653030388226
2017,20,"1183*H",1642.28070981,-1367.01665632,"Arenaria congesta",2,1,1,2,0,0,0,1,0,0,1.28571428571429,0,3.16339556253493
2017,20,"1183*I",1651.80227502,-1370.73543615,"Arenaria congesta",2,1,1,2,0,0,0,1,0,0,1.28571428571429,100.392935960952,0
2017,20,"1183*J",1648.34649116,-1360.08795571,"Arenaria congesta",2,1,1,2,0,0,0,0,1,0,1.28571428571429,0,4.11653030388457
2018,20,"1183*A",1648.81812774,-1366.71639293,"Arenaria congesta",4,2,2,4,1,0,0,1,0,0,1.12213740458015,0,61.0707203682103
2018,20,"1183*B",1647.71043859,-1366.1591181,"Arenaria congesta",4,2,2,4,1,0,0,1,0,0,1.12213740458015,0,61.0707203682263
2018,20,"1183*C",1645.23377406,-1371.13348351,"Arenaria congesta",4,2,2,4,0,0,0,1,0,0,1.12213740458015,0,0
2018,20,"1183*D",1652.06300387,-1359.83605456,"Arenaria congesta",4,2,2,4,0,0,0,1,0,0,1.12213740458015,0,0
2019,20,"1183*A",1648.96422197,-1367.02289167,"Arenaria congesta",1.5,4,-2.5,4,0,0,0,1,0,0,0.5,0,0.420730556583734
2019,20,"1183*B",1647.65873119,-1366.36610348,"Arenaria congesta",1.5,4,-2.5,4,0,0,0,1,0,0,0.5,0,0.420730556584003
2019,20,"1183*C",1644.73980514,-1372.22874843,"Arenaria congesta",1.5,4,-2.5,4,0,0,0,1,0,0,0.5,0,0
2019,20,"1183*D",1652.78854028,-1358.91392144,"Arenaria congesta",1.5,4,-2.5,4,0,0,0,1,0,0,0.5,0,99.9999999999806
2018,20,"1183*E",1642.47225205,-1361.58106184,"Arenaria congesta",0,2,-2,0,0,0,0,1,0,0,1.12213740458015,0,0
2019,20,"1183*E",1642.47225205,-1361.58106184,"Arenaria congesta",1.5,0,1.5,4,0,0,0,1,0,0,0.5,0,26.8230873749799
2018,20,"1183*F",1642.65498303,-1360.67730794,"Arenaria congesta",0,2,-2,0,0,0,0,1,0,0,1.12213740458015,0,0
2019,20,"1183*F",1642.65498303,-1360.67730794,"Arenaria congesta",1.5,0,1.5,4,0,0,0,1,0,0,0.5,0,26.8230873749777
2018,20,"1183*G",1650.05454401,-1360.03643673,"Arenaria congesta",0,2,-2,0,0,0,0,1,0,0,1.12213740458015,0,0
2019,20,"1183*G",1650.05454401,-1360.03643673,"Arenaria congesta",1.5,0,1.5,4,0,0,0,1,0,0,0.5,0,1.49346344690933
2018,20,"1183*H",1642.44892423,-1366.9573429,"Arenaria congesta",0,2,-2,0,0,0,0,1,0,0,1.12213740458015,0,0
2019,20,"1183*H",1642.44892423,-1366.9573429,"Arenaria congesta",1.5,0,1.5,4,0,0,0,1,0,0,0.5,0,14.9993696030081
2018,20,"1183*I",1651.6904434,-1370.56674685,"Arenaria congesta",0,2,-2,0,0,0,0,1,0,0,1.12213740458015,0,0
2019,20,"1183*I",1651.6904434,-1370.56674685,"Arenaria congesta",1.5,0,1.5,4,0,0,0,1,0,0,0.5,0,0
2015,20,"1184*A",1638,-1372,"Lupinus argenteus",4,NA,NA,2,0,0,1,1,0,0,3.0530303030303,2.91680558227599,0
2016,20,"1184*A",1638,-1372,"Lupinus argenteus",0,4,-4,0,0,0,0,0,0,1,1.30188679245283,0,0
2015,20,"1185*A",1633,-1373,"Senecio crassulus",0.4,NA,NA,1,0,1,1,1,0,0,3.0530303030303,0,0
2016,20,"1185*A",1633,-1373,"Senecio crassulus",0,0.4,-0.4,0,0,0,0,0,0,1,1.30188679245283,0,0
2015,20,"1186*A",1633,-1375,"Eriogonum umbellatum",0,NA,NA,0,0,1,1,0,0,1,3.0530303030303,0,0
2015,20,"1187*A",1654,-1355,"Lupinus argenteus",10,NA,NA,5,0,0,1,1,0,0,3.0530303030303,0.500000000000029,199.999999999999
2016,20,"1187*A",1654,-1355,"Lupinus argenteus",0,10,-10,0,0,0,0,0,0,1,1.30188679245283,0,0
2015,20,"1188*A",1685,-1381,"Lupinus argenteus",9,NA,NA,5,0,0,1,1,0,0,3.0530303030303,106.684629720758,0
2016,20,"1188*A",1685,-1381,"Lupinus argenteus",0,9,-9,0,0,0,0,0,0,1,1.30188679245283,0,0
2015,20,"1189*A",1693,-1346,"Lupinus argenteus",2.5,NA,NA,3,0,1,1,1,0,0,3.0530303030303,0,0
2016,20,"1189*A",1693,-1346,"Lupinus argenteus",0,2.5,-2.5,0,0,0,0,0,0,1,1.30188679245283,0,0
2014,11,"119*A",90,-985,"Lupinus argenteus",14,NA,NA,7,0,0,NA,1,0,0,2.52336448598131,2.01954879201887,70.8049103742729
2015,11,"119*A",90,-985,"Lupinus argenteus",16,14,2,9,0,0,0,1,0,0,3.0530303030303,9.17384771177135,54.303180890791
2016,11,"119*A",90,-985,"Lupinus argenteus",5,16,-11,8,0,0,0,1,0,0,1.30188679245283,25.7823753222328,71.9801896822234
2017,11,"119*A",90,-985,"Lupinus argenteus",5,5,0,2,0,0,0,1,0,0,1.28571428571429,0,0
2018,11,"119*A",90,-985,"Lupinus argenteus",0,5,-5,0,0,0,0,0,0,1,1.12213740458015,0,0
2015,20,"1190*A",1717,-1374,"Lupinus argenteus",2.5,NA,NA,4,0,1,1,1,0,0,3.0530303030303,0,0
2016,20,"1190*A",1717,-1374,"Lupinus argenteus",1,2.5,-1.5,1,0,0,0,1,0,0,1.30188679245283,0,0
2017,20,"1190*A",1717,-1374,"Lupinus argenteus",0,1,-1,0,0,0,0,0,0,1,1.28571428571429,0,0
2015,20,"1191*A",1795,-1385,"Lupinus argenteus",3.5,NA,NA,3,0,1,1,1,0,0,3.0530303030303,0,0
2016,20,"1191*A",1795,-1385,"Lupinus argenteus",3,3.5,-0.5,3,0,0,0,1,0,0,1.30188679245283,0,0
2017,20,"1191*A",1795,-1385,"Lupinus argenteus",5,3,2,2,0,0,0,1,0,0,1.28571428571429,0,0
2018,20,"1191*A",1795,-1385,"Lupinus argenteus",0,5,-5,0,0,0,0,0,0,1,1.12213740458015,0,0
2015,20,"1192*A",1795,-1315,"Chaenactis douglasii",1,NA,NA,0.5,0,1,1,1,0,0,3.0530303030303,0,0
2016,20,"1192*A",1795,-1315,"Chaenactis douglasii",0,1,-1,0,0,0,0,0,0,1,1.30188679245283,0,0
2015,20,"1193*A",1734,-1214,"Lupinus argenteus",2.5,NA,NA,2,0,1,1,1,0,0,3.0530303030303,0,0
2016,20,"1193*A",1734,-1214,"Lupinus argenteus",3,2.5,0.5,4,0,0,0,1,0,0,1.30188679245283,0,0
2017,20,"1193*A",1734,-1214,"Lupinus argenteus",1.5,3,-1.5,1,0,0,0,1,0,0,1.28571428571429,0,0
2018,20,"1193*A",1734,-1214,"Lupinus argenteus",0,1.5,-1.5,0,0,0,0,0,0,1,1.12213740458015,0,0
2015,20,"1194*A",1785,-1208,"Lupinus argenteus",2,NA,NA,2.5,0,1,1,1,0,0,3.0530303030303,0,0
2016,20,"1194*A",1785,-1208,"Lupinus argenteus",0,2,-2,0,0,0,0,0,0,1,1.30188679245283,0,0
2015,20,"1195*A",1787,-1207,"Lupinus argenteus",2,NA,NA,2.5,0,1,1,1,0,0,3.0530303030303,0,0
2016,20,"1195*A",1787,-1207,"Lupinus argenteus",0,2,-2,0,0,0,0,0,0,1,1.30188679245283,0,0
2015,20,"1196*A",1786,-1212,"Lupinus argenteus",2,NA,NA,2.5,0,1,1,1,0,0,3.0530303030303,0,78.258519727989
2016,20,"1196*A",1786,-1212,"Lupinus argenteus",0,2,-2,0,0,0,0,0,0,1,1.30188679245283,0,0
2015,20,"1197*A",1762,-1230,"Eriogonum umbellatum",1.5,NA,NA,0.5,0,1,1,1,0,0,3.0530303030303,0,0
2016,20,"1197*A",1762,-1230,"Eriogonum umbellatum",1.5,1.5,0,0.5,0,0,0,1,0,0,1.30188679245283,199.99999999995,0
2017,20,"1197*A",1762,-1230,"Eriogonum umbellatum",0,1.5,-1.5,0,0,0,0,0,0,1,1.28571428571429,0,0
2015,20,"1198*A",1755,-1233,"Lupinus argenteus",2.5,NA,NA,2,0,1,1,1,0,0,3.0530303030303,0,0
2016,20,"1198*A",1755,-1233,"Lupinus argenteus",5,2.5,2.5,3,0,0,0,1,0,0,1.30188679245283,0,145.726334251287
2017,20,"1198*A",1755,-1233,"Lupinus argenteus",5.5,5,0.5,5,0,0,0,1,0,0,1.28571428571429,13.4131397323106,60.4947816770456
2018,20,"1198*A",1755,-1233,"Lupinus argenteus",0,5.5,-5.5,0,0,0,0,0,0,1,1.12213740458015,0,0
2015,20,"1199*A",1755,-1238,"Lupinus argenteus",2.5,NA,NA,2.5,0,1,1,1,0,0,3.0530303030303,0,19.4937482410382
2016,20,"1199*A",1755,-1238,"Lupinus argenteus",0,2.5,-2.5,0,0,0,0,0,0,1,1.30188679245283,0,0
2014,1,"12*A",195,-78,"Ivesia gordonii",14,NA,NA,5,2,0,NA,1,0,0,2.52336448598131,99.9999999999999,32.0310984552314
2015,1,"12*A",195,-78,"Ivesia gordonii",12,14,-2,6,5,0,0,1,0,0,3.0530303030303,95.0975582872526,35.1974865848406
2016,1,"12*A",195,-78,"Ivesia gordonii",13,12,1,6.2,8,0,0,1,0,0,1.30188679245283,77.4564197416382,29.574567780986
2017,1,"12*A",195,-78,"Ivesia gordonii",0,13,-13,0,0,0,0,0,0,1,1.28571428571429,0,0
2014,11,"120*A",95,-990,"Lupinus argenteus",10,NA,NA,6,0,0,NA,1,0,0,2.52336448598131,0,41.2492139211976
2015,11,"120*A",95,-990,"Lupinus argenteus",10,10,0,7,0,0,0,1,0,0,3.0530303030303,0,54.5482683913505
2016,11,"120*A",95,-990,"Lupinus argenteus",0,10,-10,0,0,0,0,0,0,1,1.30188679245283,0,0
2015,20,"1200*A",1753,-1238,"Lupinus argenteus",3,NA,NA,3,0,1,1,1,0,0,3.0530303030303,0,13.5373251673914
2016,20,"1200*A",1753,-1238,"Lupinus argenteus",0,3,-3,0,0,0,0,0,0,1,1.30188679245283,0,0
2015,20,"1201*A",1740,-1213,"Lupinus argenteus",1.5,NA,NA,1,0,1,1,1,0,0,3.0530303030303,0,0
2016,20,"1201*A",1740,-1213,"Lupinus argenteus",0,1.5,-1.5,0,0,0,0,0,0,1,1.30188679245283,0,0
2015,20,"1202*A",1695,-1285,"Lupinus argenteus",2.5,NA,NA,2,0,1,1,1,0,0,3.0530303030303,0,0
2016,20,"1202*A",1695,-1285,"Lupinus argenteus",3,2.5,0.5,3.5,0,0,0,1,0,0,1.30188679245283,0,0
2017,20,"1202*A",1695,-1285,"Lupinus argenteus",0,3,-3,0,0,0,0,0,0,1,1.28571428571429,0,0
2015,20,"1203*A",1675,-1222,"Lupinus argenteus",0,NA,NA,0,0,1,1,0,0,1,3.0530303030303,0,0
2015,20,"1204*A",1730,-1280,"Lupinus argenteus",2.5,NA,NA,1.5,0,1,1,1,0,0,3.0530303030303,99.9999999999994,0
2016,20,"1204*A",1730,-1280,"Lupinus argenteus",0,2.5,-2.5,0,0,0,0,0,0,1,1.30188679245283,0,0
2015,20,"1205*A",1650,-1212,"Lupinus argenteus",2.5,NA,NA,2,0,1,1,1,0,0,3.0530303030303,0,0
2016,20,"1205*A",1650,-1212,"Lupinus argenteus",0,2.5,-2.5,0,0,0,0,0,0,1,1.30188679245283,0,0
2015,20,"1206*A",1655,-1218,"Lupinus argenteus",2,NA,NA,2,0,1,1,1,0,0,3.0530303030303,0,0
2016,20,"1206*A",1655,-1218,"Lupinus argenteus",0,2,-2,0,0,0,0,0,0,1,1.30188679245283,0,0
2015,20,"1207*A",1759,-1240,"Senecio crassulus",0.9,NA,NA,0.5,0,1,1,1,0,0,3.0530303030303,0,0
2016,20,"1207*A",1759,-1240,"Senecio crassulus",0,0.9,-0.9,0,0,0,0,0,0,1,1.30188679245283,0,0
2015,21,"1208*A",15,-1640,"Ivesia gordonii",0.7,NA,NA,1,0,1,1,1,0,0,3.0530303030303,200,0
2016,21,"1208*A",15,-1640,"Ivesia gordonii",0,0.7,-0.7,0,0,0,0,0,0,1,1.30188679245283,0,0
2015,21,"1209*A",120,-1675,"Eriogonum umbellatum",1.1,NA,NA,0.6,0,1,1,1,0,0,3.0530303030303,0,0
2016,21,"1209*A",120,-1675,"Eriogonum umbellatum",0,1.1,-1.1,0,0,0,0,0,0,1,1.30188679245283,0,0
2014,11,"121*A",90,-964,"Eriogonum umbellatum",22,NA,NA,2,1,0,NA,1,0,0,2.52336448598131,82.3933680858774,0
2015,11,"121*A",90,-964,"Eriogonum umbellatum",22,22,0,2,1,0,0,1,0,0,3.0530303030303,70.17642772827,0
2016,11,"121*A",90,-964,"Eriogonum umbellatum",23.7,22,1.7,4.8,0,0,0,1,0,0,1.30188679245283,87.6321420037684,0
2017,11,"121*A",90,-964,"Eriogonum umbellatum",27,23.7,3.3,2.5,0,0,0,1,0,0,1.28571428571429,13.1285677512142,0
2018,11,"121*A",90,-964,"Eriogonum umbellatum",18,27,-9,3,3,0,0,1,0,0,1.12213740458015,0,0
2019,11,"121*A",90,-964,"Eriogonum umbellatum",19.5,18,1.5,3,15,0,0,1,0,0,0.5,0,0
2015,21,"1210*A",107,-1655,"Lupinus argenteus",4.5,NA,NA,2,0,1,1,1,0,0,3.0530303030303,0,0
2016,21,"1210*A",107,-1655,"Lupinus argenteus",3,4.5,-1.5,3,0,0,0,1,0,0,1.30188679245283,0,0
2017,21,"1210*A",107,-1655,"Lupinus argenteus",5,3,2,3.5,0,0,0,1,0,0,1.28571428571429,0,0
2018,21,"1210*A",107,-1655,"Lupinus argenteus",0,5,-5,0,0,0,0,0,0,1,1.12213740458015,0,0
2014,22,"1211*A",537,-1753,"Phacelia hastata",7,NA,NA,2.5,0,0,NA,1,0,0,2.52336448598131,99.9999999999992,0
2015,22,"1211*A",537,-1753,"Phacelia hastata",7,7,0,2.5,0,0,0,1,0,0,3.0530303030303,99.9999999999992,0
2016,22,"1211*A",537,-1753,"Phacelia hastata",7,7,0,3,1,0,0,1,0,0,1.30188679245283,99.9999999999992,0
2017,22,"1211*A",537,-1753,"Phacelia hastata",13,7,6,3,1,0,0,1,0,0,1.28571428571429,110.103092349009,0
2018,22,"1211*A",537,-1753,"Phacelia hastata",6.5,13,-6.5,3,0,0,0,1,0,0,1.12213740458015,99.9999999999972,0
2019,22,"1211*A",537,-1753,"Phacelia hastata",6,6.5,-0.5,4,0,0,0,1,0,0,0.5,99.999999999999,0
2015,22,"1212*A",562,-1745,"Agoseris glauca",5,NA,NA,7,0,0,1,1,0,0,3.0530303030303,100.000000000001,0
2016,22,"1212*A",562,-1745,"Agoseris glauca",9,5,4,7,1,0,0,1,0,0,1.30188679245283,99.9999999999994,0
2017,22,"1212*A",562,-1745,"Agoseris glauca",13,9,4,8,3,0,0,1,0,0,1.28571428571429,100.65918843671,0
2018,22,"1212*A",562,-1745,"Agoseris glauca",0,13,-13,0,0,0,0,0,0,1,1.12213740458015,0,0
2015,22,"1213*A",600,-1790,"Lupinus argenteus",1,NA,NA,1.5,0,1,1,1,0,0,3.0530303030303,0,0
2016,22,"1213*A",600,-1790,"Lupinus argenteus",3,1,2,3,0,0,0,1,0,0,1.30188679245283,0,0
2017,22,"1213*A",600,-1790,"Lupinus argenteus",7.5,3,4.5,5,0,0,0,1,0,0,1.28571428571429,0,0
2018,22,"1213*A",600,-1790,"Lupinus argenteus",7,7.5,-0.5,5,0,0,0,1,0,0,1.12213740458015,0,0
2019,22,"1213*A",600,-1790,"Lupinus argenteus",0,7,-7,0,0,0,0,0,0,1,0.5,0,0
2015,23,"1214*A",850,-1750,"Lupinus argenteus",2,NA,NA,1,0,1,1,1,0,0,3.0530303030303,0,0
2016,23,"1214*A",850,-1750,"Lupinus argenteus",2.5,2,0.5,3,0,0,0,1,0,0,1.30188679245283,0,0
2017,23,"1214*A",850,-1750,"Lupinus argenteus",4,2.5,1.5,3,0,0,0,1,0,0,1.28571428571429,0,0
2018,23,"1214*A",850,-1750,"Lupinus argenteus",0,4,-4,0,0,0,0,0,0,1,1.12213740458015,0,0
2015,23,"1215*A",850,-1628,"Lupinus argenteus",2.5,NA,NA,2,0,1,1,1,0,0,3.0530303030303,0,0
2016,23,"1215*A",850,-1628,"Lupinus argenteus",1.5,2.5,-1,1.5,0,0,0,1,0,0,1.30188679245283,0,0
2017,23,"1215*A",850,-1628,"Lupinus argenteus",0,1.5,-1.5,0,0,0,0,0,0,1,1.28571428571429,0,0
2015,24,"1216*A",1280,-1625,"Pseudocymopterus montanus",3,NA,NA,3,0,0,1,1,0,0,3.0530303030303,200.000000000006,0
2016,24,"1216*A",1280,-1625,"Pseudocymopterus montanus",3.5,3,0.5,6,0,0,0,1,0,0,1.30188679245283,199.999999999993,0
2017,24,"1216*A",1280,-1625,"Pseudocymopterus montanus",8,3.5,4.5,7,0,0,0,1,0,0,1.28571428571429,200,0
2018,24,"1216*A",1280,-1625,"Pseudocymopterus montanus",0,8,-8,0,0,0,0,0,0,1,1.12213740458015,0,0
2014,12,"122*A",542,-831,"Ivesia gordonii",14,NA,NA,4,0,0,NA,1,0,0,2.52336448598131,0,82.7751223981458
2015,12,"122*A",542,-831,"Ivesia gordonii",12,14,-2,3,6,0,0,1,0,0,3.0530303030303,0,73.9324832445604
2016,12,"122*A",542,-831,"Ivesia gordonii",16.7,12,4.7,7.5,5,0,0,1,0,0,1.30188679245283,0,50.2298070182698
2017,12,"122*A",542,-831,"Ivesia gordonii",7,16.7,-9.7,4,0,0,0,1,0,0,1.28571428571429,0,65.891539384493
2018,12,"122*A",542,-831,"Ivesia gordonii",9,7,2,3,0,0,0,1,0,0,1.12213740458015,0,63.7693968344
2019,12,"122*A",542,-831,"Ivesia gordonii",14.5,9,5.5,4.5,6,0,0,1,0,0,0.5,0,57.4289276250682
2017,25,"1220*A",1755,-1725,"Lupinus argenteus",7.5,NA,NA,7,0,0,1,1,0,0,1.28571428571429,0,0
2018,25,"1220*A",1755,-1725,"Lupinus argenteus",0,7.5,-7.5,0,0,0,0,0,0,1,1.12213740458015,0,0
2015,25,"1220-old*A",1755,-1725,"Lupinus argenteus",0,NA,NA,0,0,1,1,0,0,1,3.0530303030303,0,0
2015,25,"1221*A",1767,-1665,"Lupinus argenteus",13,NA,NA,6,0,0,1,1,0,0,3.0530303030303,0,0
2016,25,"1221*A",1767,-1665,"Lupinus argenteus",0,13,-13,0,0,0,0,0,0,1,1.30188679245283,0,0
2015,25,"1222*A",1775,-1620,"Lupinus argenteus",13,NA,NA,5,0,0,1,1,0,0,3.0530303030303,0,0
2016,25,"1222*A",1775,-1620,"Lupinus argenteus",0,13,-13,0,0,0,0,0,0,1,1.30188679245283,0,0
2015,25,"1223*A",1755,-1660,"Lupinus argenteus",8,NA,NA,4,0,0,1,1,0,0,3.0530303030303,0,0
2016,25,"1223*A",1755,-1660,"Lupinus argenteus",0,8,-8,0,0,0,0,0,0,1,1.30188679245283,0,0
2014,27,"1224*A",485,-2200,"Elymus lanceolatus",11,NA,NA,9,0,0,NA,1,0,0,2.52336448598131,99.9999999999997,0
2015,27,"1224*A",485,-2200,"Elymus lanceolatus",11,11,0,9,0,0,0,1,0,0,3.0530303030303,99.9999999999997,0
2016,27,"1224*A",485,-2200,"Elymus lanceolatus",16,11,5,11,0,0,0,1,0,0,1.30188679245283,99.9999999999998,0
2017,27,"1224*A",485,-2200,"Elymus lanceolatus",13,16,-3,11,0,0,0,1,0,0,1.28571428571429,100.000000000001,0
2018,27,"1224*A",485,-2200,"Elymus lanceolatus",0,13,-13,0,0,0,0,0,0,1,1.12213740458015,0,0
2015,27,"1225*A",402,-2050,"Heterotheca villosa",0.5,NA,NA,0.5,0,1,1,1,0,0,3.0530303030303,99.9999999999909,0
2016,27,"1225*A",402,-2050,"Heterotheca villosa",0,0.5,-0.5,0,0,0,0,0,0,1,1.30188679245283,0,0
2015,27,"1226*A",400,-2054,"Ivesia gordonii",2,NA,NA,1.5,0,1,1,1,0,0,3.0530303030303,100.000000000003,0
2016,27,"1226*A",400,-2054,"Ivesia gordonii",1,2,-1,2,0,0,0,1,0,0,1.30188679245283,99.9999999999864,0
2017,27,"1226*A",400,-2054,"Ivesia gordonii",2,1,1,1.5,0,0,0,1,0,0,1.28571428571429,100.000000000003,0
2018,27,"1226*A",400,-2054,"Ivesia gordonii",2.5,2,0.5,2,0,0,0,1,0,0,1.12213740458015,0,0
2019,27,"1226*A",400,-2054,"Ivesia gordonii",2.5,2.5,0,2,0,0,0,1,0,0,0.5,0,0
2015,27,"1227*A",404,-2018,"Agoseris glauca",0.5,NA,NA,0.5,0,1,1,1,0,0,3.0530303030303,0,0
2016,27,"1227*A",404,-2018,"Agoseris glauca",1,0.5,0.5,1,0,0,0,1,0,0,1.30188679245283,0,0
2017,27,"1227*A",404,-2018,"Agoseris glauca",1,1,0,2,0,0,0,1,0,0,1.28571428571429,0,0
2018,27,"1227*A",404,-2018,"Agoseris glauca",0,1,-1,0,0,0,0,0,0,1,1.12213740458015,0,0
2015,27,"1228*A",418,-2064,"Eriogonum umbellatum",0,NA,NA,0,0,1,1,0,0,1,3.0530303030303,0,0
2015,27,"1229*A",500,-2136,"Arenaria congesta",3,NA,NA,2,0,0,1,1,0,0,3.0530303030303,0,0
2016,27,"1229*A",500,-2136,"Arenaria congesta",3,3,0,4,0,0,0,1,0,0,1.30188679245283,0,0
2017,27,"1229*A",500,-2136,"Arenaria congesta",8,3,5,5,4,0,0,1,0,0,1.28571428571429,0,0
2018,27,"1229*A",500,-2136,"Arenaria congesta",7,8,-1,4,8,0,0,1,0,0,1.12213740458015,0,0
2019,27,"1229*A",500,-2136,"Arenaria congesta",11.5,7,4.5,11,11,0,0,1,0,0,0.5,0,0
2014,12,"123*A",535,-828,"Ivesia gordonii",24,NA,NA,6,2,0,NA,1,0,0,2.52336448598131,0,28.1665347049239
2015,12,"123*A",535,-828,"Ivesia gordonii",21,24,-3,6,10,0,0,1,0,0,3.0530303030303,0,24.141219018633
2016,12,"123*A",535,-828,"Ivesia gordonii",18.2,21,-2.8,5.8,7,0,0,1,0,0,1.30188679245283,0,42.2913623938089
2017,12,"123*A",535,-828,"Ivesia gordonii",17.5,18.2,-0.7,5,6,0,0,1,0,0,1.28571428571429,0,10.5426463015189
2018,12,"123*A",535,-828,"Ivesia gordonii",18,17.5,0.5,3.5,0,0,0,1,0,0,1.12213740458015,0,15.9423492086005
2019,12,"123*A",535,-828,"Ivesia gordonii",19,18,1,5.5,11,0,0,1,0,0,0.5,0,33.4471801472867
2015,28,"1230*A",974,-2017,"Lupinus argenteus",2.5,NA,NA,1.5,0,1,1,1,0,0,3.0530303030303,99.9999999999945,0
2016,28,"1230*A",974,-2017,"Lupinus argenteus",0,2.5,-2.5,0,0,0,0,0,0,1,1.30188679245283,0,0
2015,28,"1231*A",963,-2046,"Lupinus argenteus",0,NA,NA,0,0,1,1,0,0,1,3.0530303030303,0,0
2015,28,"1232*A",976,-2018,"Lupinus argenteus",1,NA,NA,1.5,0,1,1,1,0,0,3.0530303030303,99.9999999999809,0
2016,28,"1232*A",976,-2018,"Lupinus argenteus",0,1,-1,0,0,0,0,0,0,1,1.30188679245283,0,0
2015,29,"1233*A",1347,-2090,"Lupinus argenteus",10,NA,NA,5,0,0,1,1,0,0,3.0530303030303,0,2.98264145845249
2016,29,"1233*A",1347,-2090,"Lupinus argenteus",10,10,0,6,0,0,0,1,0,0,1.30188679245283,0,0
2017,29,"1233*A",1347,-2090,"Lupinus argenteus",0,10,-10,0,0,0,0,0,0,1,1.28571428571429,0,0
2015,29,"1234*A",1357,-2034,"Lupinus argenteus",8,NA,NA,4,0,0,1,1,0,0,3.0530303030303,0,0
2016,29,"1234*A",1357,-2034,"Lupinus argenteus",0,8,-8,0,0,0,0,0,0,1,1.30188679245283,0,0
2015,29,"1235*A",1398,-2035,"Lupinus argenteus",7.5,NA,NA,4,0,0,1,1,0,0,3.0530303030303,0,0
2016,29,"1235*A",1398,-2035,"Lupinus argenteus",12,7.5,4.5,6,0,0,0,1,0,0,1.30188679245283,0,0
2017,29,"1235*A",1398,-2035,"Lupinus argenteus",0,12,-12,0,0,0,0,0,0,1,1.28571428571429,0,0
2015,29,"1236*A",1224,-2012,"Lupinus argenteus",11,NA,NA,5,0,0,1,1,0,0,3.0530303030303,0,0
2016,29,"1236*A",1224,-2012,"Lupinus argenteus",0,11,-11,0,0,0,0,0,0,1,1.30188679245283,0,0
2015,31,"1237*A",8,-2418,"Lupinus argenteus",2.5,NA,NA,2,0,1,1,1,0,0,3.0530303030303,0,0
2016,31,"1237*A",8,-2418,"Lupinus argenteus",2.5,2.5,0,2.5,0,0,0,1,0,0,1.30188679245283,0,0
2017,31,"1237*A",8,-2418,"Lupinus argenteus",6.5,2.5,4,4,0,0,0,1,0,0,1.28571428571429,0,0
2018,31,"1237*A",8,-2418,"Lupinus argenteus",0,6.5,-6.5,0,0,0,0,0,0,1,1.12213740458015,0,0
2015,31,"1238*A",133,-2542,"Lupinus argenteus",0,NA,NA,0,0,1,1,0,0,1,3.0530303030303,0,0
2015,32,"1239*A",426,-2537,"Lupinus argenteus",2,NA,NA,1.5,0,1,1,1,0,0,3.0530303030303,0,0
2016,32,"1239*A",426,-2537,"Lupinus argenteus",4,2,2,4,0,0,0,1,0,0,1.30188679245283,0,0
2017,32,"1239*A",426,-2537,"Lupinus argenteus",4,4,0,4,0,0,0,1,0,0,1.28571428571429,0,0
2018,32,"1239*A",426,-2537,"Lupinus argenteus",0,4,-4,0,0,0,0,0,0,1,1.12213740458015,0,0
2014,12,"124*A",541,-907,"Elymus lanceolatus",16,NA,NA,20,2,0,NA,1,0,0,2.52336448598131,1.56249999999996,0
2015,12,"124*A",541,-907,"Elymus lanceolatus",24,16,8,17,1,0,0,1,0,0,3.0530303030303,5.56001151242584,0
2016,12,"124*A",541,-907,"Elymus lanceolatus",18,24,-6,26,14,0,0,1,0,0,1.30188679245283,1.11419753086418,0
2017,12,"124*A",541,-907,"Elymus lanceolatus",19,18,1,18,1,0,0,1,0,0,1.28571428571429,1.73130193905818,0
2018,12,"124*A",541,-907,"Elymus lanceolatus",19.5,19,0.5,14,3,0,0,1,0,0,1.12213740458015,0.760026298487862,0
2019,12,"124*A",541,-907,"Elymus lanceolatus",23,19.5,3.5,9,0,0,0,1,0,0,0.5,0.756143667296766,0
2015,32,"1240*A",475,-2589,"Lupinus argenteus",2,NA,NA,2.5,0,1,1,1,0,0,3.0530303030303,0,0
2016,32,"1240*A",475,-2589,"Lupinus argenteus",1.5,2,-0.5,2,0,0,0,1,0,0,1.30188679245283,0,0
2017,32,"1240*A",475,-2589,"Lupinus argenteus",1.5,1.5,0,1.5,0,0,0,1,0,0,1.28571428571429,0,0
2018,32,"1240*A",475,-2589,"Lupinus argenteus",0,1.5,-1.5,0,0,0,0,0,0,1,1.12213740458015,0,0
2015,32,"1241*A",513,-2578,"Lupinus argenteus",1.5,NA,NA,1.5,0,1,1,1,0,0,3.0530303030303,0,0
2016,32,"1241*A",513,-2578,"Lupinus argenteus",3,1.5,1.5,3,0,0,0,1,0,0,1.30188679245283,0,0
2017,32,"1241*A",513,-2578,"Lupinus argenteus",5.5,3,2.5,4,0,0,0,1,0,0,1.28571428571429,0,0
2018,32,"1241*A",513,-2578,"Lupinus argenteus",4.5,5.5,-1,4.5,0,0,0,1,0,0,1.12213740458015,0,0
2019,32,"1241*A",513,-2578,"Lupinus argenteus",0,4.5,-4.5,0,0,0,0,0,0,1,0.5,0,0
2015,32,"1242*A",525,-2541,"Lupinus argenteus",2.5,NA,NA,2.5,0,1,1,1,0,0,3.0530303030303,100,0
2016,32,"1242*A",525,-2541,"Lupinus argenteus",4.5,2.5,2,4,0,0,0,1,0,0,1.30188679245283,100,0
2017,32,"1242*A",525,-2541,"Lupinus argenteus",3.5,4.5,-1,3,0,0,0,1,0,0,1.28571428571429,99.9999999999973,0
2018,32,"1242*A",525,-2541,"Lupinus argenteus",4.5,3.5,1,3.5,0,0,0,1,0,0,1.12213740458015,100,0
2019,32,"1242*A",525,-2541,"Lupinus argenteus",0,4.5,-4.5,0,0,0,0,0,0,1,0.5,0,0
2015,32,"1243*A",532,-2506,"Lupinus argenteus",2.5,NA,NA,2.5,0,1,1,1,0,0,3.0530303030303,0,0
2016,32,"1243*A",532,-2506,"Lupinus argenteus",4,2.5,1.5,4,0,0,0,1,0,0,1.30188679245283,0,0
2017,32,"1243*A",532,-2506,"Lupinus argenteus",10,4,6,4,0,0,0,1,0,0,1.28571428571429,0,0
2018,32,"1243*A",532,-2506,"Lupinus argenteus",11,10,1,4.5,0,0,0,1,0,0,1.12213740458015,0,0
2019,32,"1243*A",532,-2506,"Lupinus argenteus",4,11,-7,4.5,0,0,0,1,0,0,0.5,0,0
2015,32,"1244*A",594,-2475,"Lupinus argenteus",1.5,NA,NA,2,0,1,1,1,0,0,3.0530303030303,0,0
2016,32,"1244*A",594,-2475,"Lupinus argenteus",2,1.5,0.5,2,0,0,0,1,0,0,1.30188679245283,0,0
2017,32,"1244*A",594,-2475,"Lupinus argenteus",6.5,2,4.5,4.5,0,0,0,1,0,0,1.28571428571429,0,0
2018,32,"1244*A",594,-2475,"Lupinus argenteus",3.5,6.5,-3,2.5,0,0,0,1,0,0,1.12213740458015,0,0
2019,32,"1244*A",594,-2475,"Lupinus argenteus",0,3.5,-3.5,0,0,0,0,0,0,1,0.5,0,0
2015,33,"1245*A",968,-2473,"Lupinus argenteus",2,NA,NA,1.5,0,1,1,1,0,0,3.0530303030303,0,0
2016,33,"1245*A",968,-2473,"Lupinus argenteus",2,2,0,1.5,0,0,0,1,0,0,1.30188679245283,0,0
2017,33,"1245*A",968,-2473,"Lupinus argenteus",3.5,2,1.5,2,0,0,0,1,0,0,1.28571428571429,0,0
2018,33,"1245*A",968,-2473,"Lupinus argenteus",0,3.5,-3.5,0,0,0,0,0,0,1,1.12213740458015,0,0
2015,32,"1246*A",599,-2523,"Lupinus argenteus",3,NA,NA,3,0,1,1,1,0,0,3.0530303030303,0,0
2016,32,"1246*A",599,-2523,"Lupinus argenteus",6,3,3,4,0,0,0,1,0,0,1.30188679245283,0,0
2017,32,"1246*A",599,-2523,"Lupinus argenteus",13,6,7,6,0,0,0,1,0,0,1.28571428571429,0,0
2018,32,"1246*A",599,-2523,"Lupinus argenteus",0,13,-13,0,0,0,0,0,0,1,1.12213740458015,0,0
2015,32,"1247*A",564,-2452,"Lupinus argenteus",0,NA,NA,0,0,1,1,0,0,1,3.0530303030303,0,0
2015,33,"1248*A",809,-2580,"Lupinus argenteus",3,NA,NA,2,0,1,1,1,0,0,3.0530303030303,99.9999999999943,0
2016,33,"1248*A",809,-2580,"Lupinus argenteus",8,3,5,5,0,0,0,1,0,0,1.30188679245283,99.9999999999985,0
2017,33,"1248*A",809,-2580,"Lupinus argenteus",7.5,8,-0.5,4,0,0,0,1,0,0,1.28571428571429,100,0
2018,33,"1248*A",809,-2580,"Lupinus argenteus",10,7.5,2.5,7.5,0,0,0,1,0,0,1.12213740458015,100,0
2019,33,"1248*A",809,-2580,"Lupinus argenteus",11,10,1,7,0,0,0,1,0,0,0.5,97.5724643888467,0
2015,33,"1249*A",800,-2522,"Agoseris glauca",0.5,NA,NA,1.5,0,1,1,1,0,0,3.0530303030303,99.9999999999563,0
2016,33,"1249*A",800,-2522,"Agoseris glauca",1.5,0.5,1,2,0,0,0,1,0,0,1.30188679245283,99.9999999999984,0
2017,33,"1249*A",800,-2522,"Agoseris glauca",4,1.5,2.5,5,0,0,0,1,0,0,1.28571428571429,99.5348433649234,0
2018,33,"1249*A",800,-2522,"Agoseris glauca",0,4,-4,0,0,0,0,0,0,1,1.12213740458015,0,0
2014,12,"125*A",550,-900,"Phacelia hastata",3,NA,NA,2,0,0,NA,1,0,0,2.52336448598131,0,25.9566108029805
2015,12,"125*A",550,-900,"Phacelia hastata",7,3,4,2.5,1,0,0,1,0,0,3.0530303030303,57.1952373705602,0
2016,12,"125*A",550,-900,"Phacelia hastata",0,7,-7,0,0,0,0,0,0,1,1.30188679245283,0,0
2015,33,"1250*A",948,-2546,"Ivesia gordonii",0.5,NA,NA,0.5,0,1,1,1,0,0,3.0530303030303,0,0
2016,33,"1250*A",948,-2546,"Ivesia gordonii",3.5,0.5,3,3,0,0,0,1,0,0,1.30188679245283,0,0
2017,33,"1250*A",948,-2546,"Ivesia gordonii",8,3.5,4.5,4,0,0,0,1,0,0,1.28571428571429,0,0
2018,33,"1250*A",948,-2546,"Ivesia gordonii",12,8,4,7,2,0,0,1,0,0,1.12213740458015,0.2114668665711,25.3308926484981
2019,33,"1250*A",948,-2546,"Ivesia gordonii",19,12,7,8,4,0,0,1,0,0,0.5,12.4633500934022,35.3450324628791
2015,33,"1251*A",943,-2498,"Lupinus argenteus",2,NA,NA,2,0,1,1,1,0,0,3.0530303030303,0,0
2016,33,"1251*A",943,-2498,"Lupinus argenteus",4,2,2,4,0,0,0,1,0,0,1.30188679245283,0,0
2017,33,"1251*A",943,-2498,"Lupinus argenteus",6,4,2,5,0,0,0,1,0,0,1.28571428571429,0,0
2018,33,"1251*A",943,-2498,"Lupinus argenteus",0,6,-6,0,0,0,0,0,0,1,1.12213740458015,0,0
2015,33,"1252*A",957,-2400,"Phacelia hastata",5,NA,NA,3,0,0,1,1,0,0,3.0530303030303,46.4947813823099,0
2016,33,"1252*A",957,-2400,"Phacelia hastata",6,5,1,3,1,0,0,1,0,0,1.30188679245283,0,0
2017,33,"1252*A",957,-2400,"Phacelia hastata",5.5,6,-0.5,2,0,0,0,1,0,0,1.28571428571429,3.73565047149352,0
2018,33,"1252*A",957,-2400,"Phacelia hastata",0,5.5,-5.5,0,0,0,0,0,0,1,1.12213740458015,0,0
2015,33,"1253*A",958,-2418,"Lupinus argenteus",2,NA,NA,2,0,1,1,1,0,0,3.0530303030303,100.000000000011,0
2016,33,"1253*A",958,-2418,"Lupinus argenteus",0,2,-2,0,0,0,0,0,0,1,1.30188679245283,0,0
2015,33,"1254*A",969,-2413,"Lupinus argenteus",2.5,NA,NA,2,0,1,1,1,0,0,3.0530303030303,100.000000000003,131.865708218303
2016,33,"1254*A",969,-2413,"Lupinus argenteus",0,2.5,-2.5,0,0,0,0,0,0,1,1.30188679245283,0,0
2015,33,"1256*A",970,-2414,"Lupinus argenteus",2.5,NA,NA,2.5,0,1,1,1,0,0,3.0530303030303,100.000000000003,113.12000060732
2016,33,"1256*A",970,-2414,"Lupinus argenteus",2,2.5,-0.5,2,0,0,0,1,0,0,1.30188679245283,100.000000000011,3.86513449260962
2017,33,"1256*A",970,-2414,"Lupinus argenteus",6.5,2,4.5,3,0,0,0,1,0,0,1.28571428571429,99.9999999999983,0
2018,33,"1256*A",970,-2414,"Lupinus argenteus",0,6.5,-6.5,0,0,0,0,0,0,1,1.12213740458015,0,0
2015,33,"1257*A",969,-2406,"Lupinus argenteus",3,NA,NA,2,0,1,1,1,0,0,3.0530303030303,100.000000000004,100.000000000004
2016,33,"1257*A",969,-2406,"Lupinus argenteus",0,3,-3,0,0,0,0,0,0,1,1.30188679245283,0,0
2015,33,"1258*A",942,-2431,"Lupinus argenteus",1.5,NA,NA,2,0,1,1,1,0,0,3.0530303030303,99.7231250047421,0
2016,33,"1258*A",942,-2431,"Lupinus argenteus",0,1.5,-1.5,0,0,0,0,0,0,1,1.30188679245283,0,0
2015,33,"1259*A",940,-2415,"Lupinus argenteus",11,NA,NA,5,0,0,1,1,0,0,3.0530303030303,26.8690570133058,10.7980396041288
2016,33,"1259*A",940,-2415,"Lupinus argenteus",0,11,-11,0,0,0,0,1,0,0,1.30188679245283,0,0
2017,33,"1259*A",940,-2415,"Lupinus argenteus",9.5,0,9.5,6,0,0,0,1,0,0,1.28571428571429,100,0
2018,33,"1259*A",940,-2415,"Lupinus argenteus",0,9.5,-9.5,0,0,0,0,0,0,1,1.12213740458015,0,0
2014,12,"126*A",555,-900,"Phacelia hastata",9,NA,NA,2,0,0,NA,0,1,0,2.52336448598131,0,2.88406786699802
2015,33,"1260*A",933,-2414,"Lupinus argenteus",8,NA,NA,3,0,0,1,1,0,0,3.0530303030303,96.9876528807973,20.4150436265583
2016,33,"1260*A",933,-2414,"Lupinus argenteus",0,8,-8,0,0,0,0,0,0,1,1.30188679245283,0,0
2015,33,"1261*A",893,-2431,"Ivesia gordonii",2.5,NA,NA,3,0,1,1,1,0,0,3.0530303030303,200.000000000006,0
2016,33,"1261*A",893,-2431,"Ivesia gordonii",3.5,2.5,1,3,0,0,0,1,0,0,1.30188679245283,100.000000000006,0
2017,33,"1261*A",893,-2431,"Ivesia gordonii",4,3.5,0.5,5,0,0,0,1,0,0,1.28571428571429,100.000000000003,0
2018,33,"1261*A",893,-2431,"Ivesia gordonii",3.5,4,-0.5,4.5,0,0,0,1,0,0,1.12213740458015,100.000000000006,0
2019,33,"1261*A",893,-2431,"Ivesia gordonii",0,3.5,-3.5,0,0,0,0,0,0,1,0.5,0,0
2015,33,"1262*A",861,-2404,"Elymus lanceolatus",5,NA,NA,7,0,0,1,1,0,0,3.0530303030303,100.000000000001,0
2016,33,"1262*A",861,-2404,"Elymus lanceolatus",8.5,5,3.5,8,0,0,0,1,0,0,1.30188679245283,110.196660022362,0
2017,33,"1262*A",861,-2404,"Elymus lanceolatus",5,8.5,-3.5,8,0,0,0,1,0,0,1.28571428571429,100.000000000001,0
2018,33,"1262*A",861,-2404,"Elymus lanceolatus",11,5,6,15,0,0,0,1,0,0,1.12213740458015,15.6166622258812,0
2019,33,"1262*A",861,-2404,"Elymus lanceolatus",8,11,-3,13,0,0,0,1,0,0,0.5,0,0
2015,33,"1263*A",908,-2426,"Elymus lanceolatus",6,NA,NA,9,0,0,1,1,0,0,3.0530303030303,187.913044048161,0
2016,33,"1263*A",908,-2426,"Elymus lanceolatus",7,6,1,11,0,0,0,1,0,0,1.30188679245283,100,0
2017,33,"1263*A",908,-2426,"Elymus lanceolatus",0,7,-7,0,0,0,0,0,0,1,1.28571428571429,0,0
2015,34,"1264*A",1236,-2402,"Elymus lanceolatus",6,NA,NA,7,0,0,1,1,0,0,3.0530303030303,0,83.2857174668281
2016,34,"1264*A",1236,-2402,"Elymus lanceolatus",13,6,7,12,2,0,0,1,0,0,1.30188679245283,0,81.4726664582586
2017,34,"1264*A",1236,-2402,"Elymus lanceolatus",7,13,-6,14,0,0,0,1,0,0,1.28571428571429,0,124.654841018697
2018,34,"1264*A",1236,-2402,"Elymus lanceolatus",14,7,7,13,1,0,0,1,0,0,1.12213740458015,0,53.7379594765094
2019,34,"1264*A",1236,-2402,"Elymus lanceolatus",9,14,-5,18,1,0,0,1,0,0,0.5,0,76.542315148447
2015,34,"1265*A",1241,-2400,"Elymus lanceolatus",9,NA,NA,10,0,0,1,1,0,0,3.0530303030303,0,19.7833315406791
2016,34,"1265*A",1241,-2400,"Elymus lanceolatus",6,9,-3,10,0,0,0,1,0,0,1.30188679245283,0,78.6624315529186
2017,34,"1265*A",1241,-2400,"Elymus lanceolatus",5,6,-1,12,0,0,0,1,0,0,1.28571428571429,0,9.83253488083814
2018,34,"1265*A",1241,-2400,"Elymus lanceolatus",5,5,0,8,0,0,0,1,0,0,1.12213740458015,0,92.6088180580363
2019,34,"1265*A",1241,-2400,"Elymus lanceolatus",0,5,-5,0,0,0,0,0,0,1,0.5,0,0
2015,36,"1266*A",13,-2943,"Lupinus argenteus",2.5,NA,NA,2,0,1,1,1,0,0,3.0530303030303,0,0
2016,36,"1266*A",13,-2943,"Lupinus argenteus",0,2.5,-2.5,0,0,0,0,0,0,1,1.30188679245283,0,0
2015,36,"1267*A",99,-2965,"Lupinus argenteus",2,NA,NA,2,0,1,1,1,0,0,3.0530303030303,0,0
2016,36,"1267*A",99,-2965,"Lupinus argenteus",0,2,-2,0,0,0,0,0,0,1,1.30188679245283,0,0
2015,36,"1268*A",95,-2944,"Lupinus argenteus",2,NA,NA,2,0,1,1,1,0,0,3.0530303030303,0,0
2016,36,"1268*A",95,-2944,"Lupinus argenteus",3,2,1,3,0,0,0,1,0,0,1.30188679245283,0,0
2017,36,"1268*A",95,-2944,"Lupinus argenteus",0,3,-3,0,0,0,0,0,0,1,1.28571428571429,0,0
2015,36,"1269*A",135,-2961,"Lupinus argenteus",1,NA,NA,2,0,1,1,1,0,0,3.0530303030303,0,0
2016,36,"1269*A",135,-2961,"Lupinus argenteus",0,1,-1,0,0,0,0,0,0,1,1.30188679245283,0,0
2014,13,"127*A",812,-978,"Heterotheca villosa",58,NA,NA,9,34,0,NA,1,0,0,2.52336448598131,1.3244586603689,0
2015,13,"127*A",812,-978,"Heterotheca villosa",55,58,-3,5,11,0,0,1,0,0,3.0530303030303,20.187761114423,0
2016,13,"127*A",812,-978,"Heterotheca villosa",57,55,2,9,15,0,0,1,0,0,1.30188679245283,41.3625010935106,0
2017,13,"127*A",812,-978,"Heterotheca villosa",56,57,-1,8,0,0,0,1,0,0,1.28571428571429,72.835834210412,0
2018,13,"127*A",812,-978,"Heterotheca villosa",38,56,-18,5.5,2,0,0,1,0,0,1.12213740458015,61.075053836434,0
2019,13,"127*A",812,-978,"Heterotheca villosa",39,38,1,5.5,2,0,0,1,0,0,0.5,83.4977229273759,0
2015,36,"1270*A",134,-2950,"Lupinus argenteus",3,NA,NA,2.5,0,1,1,1,0,0,3.0530303030303,0,0
2016,36,"1270*A",134,-2950,"Lupinus argenteus",0,3,-3,0,0,0,0,0,0,1,1.30188679245283,0,0
2015,36,"1271*A",183,-2978,"Lupinus argenteus",2,NA,NA,1,0,1,1,1,0,0,3.0530303030303,0,0
2016,36,"1271*A",183,-2978,"Lupinus argenteus",2,2,0,2,0,0,0,1,0,0,1.30188679245283,0,0
2017,36,"1271*A",183,-2978,"Lupinus argenteus",0,2,-2,0,0,0,0,0,0,1,1.28571428571429,0,0
2015,36,"1272*A",167,-2943,"Lupinus argenteus",2.5,NA,NA,2.5,0,1,1,1,0,0,3.0530303030303,0,0
2016,36,"1272*A",167,-2943,"Lupinus argenteus",0,2.5,-2.5,0,0,0,0,0,0,1,1.30188679245283,0,0
2015,36,"1273*A",176,-2948,"Lupinus argenteus",3,NA,NA,2,0,1,1,1,0,0,3.0530303030303,0,0
2016,36,"1273*A",176,-2948,"Lupinus argenteus",0,3,-3,0,0,0,0,0,0,1,1.30188679245283,0,0
2015,36,"1274*A",132,-2915,"Lupinus argenteus",3,NA,NA,2.5,0,1,1,1,0,0,3.0530303030303,0,0
2016,36,"1274*A",132,-2915,"Lupinus argenteus",3,3,0,3.5,0,0,0,1,0,0,1.30188679245283,0,0
2017,36,"1274*A",132,-2915,"Lupinus argenteus",0,3,-3,0,0,0,0,0,0,1,1.28571428571429,0,0
2015,36,"1275*A",127,-2910,"Lupinus argenteus",2,NA,NA,2,0,1,1,1,0,0,3.0530303030303,0,0
2016,36,"1275*A",127,-2910,"Lupinus argenteus",0,2,-2,0,0,0,0,0,0,1,1.30188679245283,0,0
2015,36,"1276*A",160,-2890,"Lupinus argenteus",3,NA,NA,2,0,1,1,1,0,0,3.0530303030303,0,0
2016,36,"1276*A",160,-2890,"Lupinus argenteus",5,3,2,3,0,0,0,1,0,0,1.30188679245283,0,0
2017,36,"1276*A",160,-2890,"Lupinus argenteus",0,5,-5,0,0,0,0,0,0,1,1.28571428571429,0,0
2015,36,"1277*A",158,-2857,"Arnica latifolia",0.5,NA,NA,0.5,0,1,1,1,0,0,3.0530303030303,0,0
2016,36,"1277*A",158,-2857,"Arnica latifolia",1,0.5,0.5,1,0,0,0,1,0,0,1.30188679245283,87.813701867943,0
2017,36,"1277*A",158,-2857,"Arnica latifolia",1.5,1,0.5,1,0,0,0,1,0,0,1.28571428571429,0,0
2018,36,"1277*A",158,-2857,"Arnica latifolia",0,1.5,-1.5,0,0,0,0,0,0,1,1.12213740458015,0,0
2015,36,"1278*A",185,-2832,"Lupinus argenteus",2,NA,NA,2,0,1,1,1,0,0,3.0530303030303,0,0
2016,36,"1278*A",185,-2832,"Lupinus argenteus",3,2,1,2,0,0,0,1,0,0,1.30188679245283,0,0
2017,36,"1278*A",185,-2832,"Lupinus argenteus",0,3,-3,0,0,0,0,0,0,1,1.28571428571429,0,0
2015,36,"1279*A",200,-2823,"Lupinus argenteus",2,NA,NA,2,0,1,1,1,0,0,3.0530303030303,0,0
2016,36,"1279*A",200,-2823,"Lupinus argenteus",3,2,1,2,0,0,0,1,0,0,1.30188679245283,0,0
2017,36,"1279*A",200,-2823,"Lupinus argenteus",2,3,-1,2,0,0,0,1,0,0,1.28571428571429,0,0
2018,36,"1279*A",200,-2823,"Lupinus argenteus",0,2,-2,0,0,0,0,0,0,1,1.12213740458015,0,0
2014,13,"128*A",807,-964,"Elymus lanceolatus",4,NA,NA,6,0,0,NA,1,0,0,2.52336448598131,99.9999999999984,0
2015,13,"128*A",807,-964,"Elymus lanceolatus",14,4,10,11,0,0,0,1,0,0,3.0530303030303,100.222407211959,15.1254848000917
2016,13,"128*A",807,-964,"Elymus lanceolatus",23.5,14,9.5,24,9,0,0,1,0,0,1.30188679245283,104.068614967717,46.5659797904885
2017,13,"128*A",807,-964,"Elymus lanceolatus",35,23.5,11.5,25,13,0,0,1,0,0,1.28571428571429,95.8192308817197,67.2616456355703
2018,13,"128*A",807,-964,"Elymus lanceolatus",25,35,-10,24,19,0,0,1,0,0,1.12213740458015,74.7800960678721,79.5729704448571
2019,13,"128*A",807,-964,"Elymus lanceolatus",42,25,17,34,15,0,0,1,0,0,0.5,66.2443758412514,44.0836033898114
2014,36,"1280*A",103,-2825,"Arnica latifolia",5,NA,NA,4,0,0,NA,1,0,0,2.52336448598131,99.9999999999999,66.5235039478533
2015,36,"1280*A",103,-2825,"Arnica latifolia",5,5,0,4,0,0,0,1,0,0,3.0530303030303,99.9999999999999,90.9174535233157
2016,36,"1280*A",103,-2825,"Arnica latifolia",2,5,-3,5,0,0,0,1,0,0,1.30188679245283,99.9999999999998,0
2017,36,"1280*A",103,-2825,"Arnica latifolia",9,2,7,7,0,0,0,1,0,0,1.28571428571429,100,95.5866673076222
2018,36,"1280*A",103,-2825,"Arnica latifolia",2,9,-7,1.5,0,0,0,1,0,0,1.12213740458015,99.9999999999998,99.9999999999998
2019,36,"1280*A",103,-2825,"Arnica latifolia",0,2,-2,0,0,0,0,0,0,1,0.5,0,0
2015,36,"1282*A",105,-2817,"Lupinus argenteus",3,NA,NA,2,0,1,1,1,0,0,3.0530303030303,100,0
2016,36,"1282*A",105,-2817,"Lupinus argenteus",3,3,0,3,0,0,0,1,0,0,1.30188679245283,100,0
2017,36,"1282*A",105,-2817,"Lupinus argenteus",4,3,1,3,1,0,0,1,0,0,1.28571428571429,111.978365081673,0
2018,36,"1282*A",105,-2817,"Lupinus argenteus",0,4,-4,0,0,0,0,0,0,1,1.12213740458015,0,0
2015,36,"1283*A",110,-2814,"Lupinus argenteus",1.5,NA,NA,2,0,1,1,1,0,0,3.0530303030303,99.9999999999977,26.6545822996229
2016,36,"1283*A",110,-2814,"Lupinus argenteus",1,1.5,-0.5,2,0,0,0,1,0,0,1.30188679245283,99.9999999999999,99.7585889972174
2017,36,"1283*A",110,-2814,"Lupinus argenteus",0,1,-1,0,0,0,0,0,0,1,1.28571428571429,0,0
2015,36,"1284*A",37,-2825,"Lupinus argenteus",3,NA,NA,2.5,0,1,1,1,0,0,3.0530303030303,0,0
2016,36,"1284*A",37,-2825,"Lupinus argenteus",3,3,0,3.5,0,0,0,1,0,0,1.30188679245283,0,0
2017,36,"1284*A",37,-2825,"Lupinus argenteus",0,3,-3,0,0,0,0,0,0,1,1.28571428571429,0,0
2015,36,"1285*A",13,-2834,"Lupinus argenteus",3,NA,NA,2.5,0,1,1,1,0,0,3.0530303030303,0,0
2016,36,"1285*A",13,-2834,"Lupinus argenteus",5,3,2,4,0,0,0,1,0,0,1.30188679245283,0,0
2017,36,"1285*A",13,-2834,"Lupinus argenteus",4.5,5,-0.5,3,0,0,0,1,0,0,1.28571428571429,0,0
2018,36,"1285*A",13,-2834,"Lupinus argenteus",0,4.5,-4.5,0,0,0,0,0,0,1,1.12213740458015,0,0
2015,37,"1286*A",431,-2985,"Lupinus argenteus",3,NA,NA,3,0,1,1,1,0,0,3.0530303030303,0,0
2016,37,"1286*A",431,-2985,"Lupinus argenteus",0,3,-3,0,0,0,0,0,0,1,1.30188679245283,0,0
2015,37,"1287*A",454,-2964,"Ivesia gordonii",0.5,NA,NA,0.5,0,1,1,1,0,0,3.0530303030303,0,0
2016,37,"1287*A",454,-2964,"Ivesia gordonii",1,0.5,0.5,1,0,0,0,1,0,0,1.30188679245283,0,0
2017,37,"1287*A",454,-2964,"Ivesia gordonii",3,1,2,3,0,0,0,1,0,0,1.28571428571429,0,0
2018,37,"1287*A",454,-2964,"Ivesia gordonii",2.5,3,-0.5,1,0,0,0,1,0,0,1.12213740458015,0,0
2019,37,"1287*A",454,-2964,"Ivesia gordonii",2.9,2.5,0.4,1.5,0,0,0,1,0,0,0.5,0,0
2015,37,"1288*A",450,-2951,"Eriogonum umbellatum",0.7,NA,NA,0.5,0,1,1,1,0,0,3.0530303030303,0,0
2016,37,"1288*A",450,-2951,"Eriogonum umbellatum",0.7,0.7,0,1,0,0,0,1,0,0,1.30188679245283,0,0
2017,37,"1288*A",450,-2951,"Eriogonum umbellatum",1,0.7,0.3,1,0,0,0,1,0,0,1.28571428571429,0,0
2018,37,"1288*A",450,-2951,"Eriogonum umbellatum",1,1,0,0.5,0,0,0,1,0,0,1.12213740458015,0,0
2019,37,"1288*A",450,-2951,"Eriogonum umbellatum",0.9,1,-0.1,0.6,0,0,0,1,0,0,0.5,0,0
2015,37,"1289*A",462,-2940,"Agoseris glauca",1,NA,NA,1,0,1,1,1,0,0,3.0530303030303,99.9999999999932,0
2016,37,"1289*A",462,-2940,"Agoseris glauca",2.5,1,1.5,3,0,0,0,1,0,0,1.30188679245283,4.21562463101149,0
2017,37,"1289*A",462,-2940,"Agoseris glauca",10,2.5,7.5,5,1,0,0,1,0,0,1.28571428571429,58.0806215544852,0
2018,37,"1289*A",462,-2940,"Agoseris glauca",0,10,-10,0,0,0,0,0,0,1,1.12213740458015,0,0
2014,13,"129*A",817,-986,"Eriogonum umbellatum",1,NA,NA,1,0,1,1,1,0,0,2.52336448598131,100.000000000007,0
2015,13,"129*A",817,-986,"Eriogonum umbellatum",4,1,3,1.7,0,0,0,1,0,0,3.0530303030303,99.9999999999957,0
2016,13,"129*A",817,-986,"Eriogonum umbellatum",3,4,-1,1.7,0,0,0,1,0,0,1.30188679245283,99.9999999999994,0
2017,13,"129*A",817,-986,"Eriogonum umbellatum",4.6,3,1.6,2,0,0,0,1,0,0,1.28571428571429,99.9999999999966,0
2018,13,"129*A",817,-986,"Eriogonum umbellatum",6.5,4.6,1.9,2.5,0,0,0,1,0,0,1.12213740458015,100.000000000002,0
2019,13,"129*A",817,-986,"Eriogonum umbellatum",9.5,6.5,3,3,1,0,0,1,0,0,0.5,109.499796781355,0
2015,37,"1290*A",469,-2940,"Lupinus argenteus",3,NA,NA,2.5,0,1,1,1,0,0,3.0530303030303,0,0
2016,37,"1290*A",469,-2940,"Lupinus argenteus",10,3,7,9,0,0,0,1,0,0,1.30188679245283,0,0
2017,37,"1290*A",469,-2940,"Lupinus argenteus",14,10,4,9,0,0,0,1,0,0,1.28571428571429,23.2260147030507,6.3927541681629
2018,37,"1290*A",469,-2940,"Lupinus argenteus",0,14,-14,0,0,0,0,0,0,1,1.12213740458015,0,0
2015,37,"1291*A",462,-2938,"Ivesia gordonii",0.5,NA,NA,0.5,0,1,1,1,0,0,3.0530303030303,100.000000000038,0
2016,37,"1291*A",462,-2938,"Ivesia gordonii",1.5,0.5,1,1,0,0,0,1,0,0,1.30188679245283,0,0
2017,37,"1291*A",462,-2938,"Ivesia gordonii",3,1.5,1.5,3,0,0,0,1,0,0,1.28571428571429,135.345090503368,0
2018,37,"1291*A",462,-2938,"Ivesia gordonii",0,3,-3,0,0,0,0,0,0,1,1.12213740458015,0,0
2015,37,"1292*A",505,-2965,"Lupinus argenteus",2.5,NA,NA,2.5,0,1,1,1,0,0,3.0530303030303,0,0
2016,37,"1292*A",505,-2965,"Lupinus argenteus",5,2.5,2.5,5,0,0,0,1,0,0,1.30188679245283,0,0
2017,37,"1292*A",505,-2965,"Lupinus argenteus",4.5,5,-0.5,5,0,0,0,1,0,0,1.28571428571429,0,0
2018,37,"1292*A",505,-2965,"Lupinus argenteus",0,4.5,-4.5,0,0,0,0,0,0,1,1.12213740458015,0,0
2015,37,"1293*A",512,-2975,"Lupinus argenteus",2,NA,NA,2,0,1,1,1,0,0,3.0530303030303,0,0
2016,37,"1293*A",512,-2975,"Lupinus argenteus",0,2,-2,0,0,0,0,0,0,1,1.30188679245283,0,0
2015,37,"1294*A",557,-2970,"Heterotheca villosa",1,NA,NA,0.3,0,1,1,1,0,0,3.0530303030303,0,0
2016,37,"1294*A",557,-2970,"Heterotheca villosa",0,1,-1,0,0,0,0,0,0,1,1.30188679245283,0,0
2014,37,"1295*A",583,-2970,"Lupinus argenteus",7,NA,NA,4,0,0,NA,1,0,0,2.52336448598131,0,20.2202006530236
2015,37,"1295*A",583,-2970,"Lupinus argenteus",7,7,0,4,0,0,0,1,0,0,3.0530303030303,5.07248331346408,74.4348070708948
2016,37,"1295*A",583,-2970,"Lupinus argenteus",0,7,-7,0,0,0,0,0,0,1,1.30188679245283,0,0
2015,37,"1296*A",589,-2971,"Lupinus argenteus",2.5,NA,NA,2.5,0,1,1,1,0,0,3.0530303030303,0,0
2016,37,"1296*A",589,-2971,"Lupinus argenteus",1,2.5,-1.5,1.5,0,0,0,1,0,0,1.30188679245283,0,0
2017,37,"1296*A",589,-2971,"Lupinus argenteus",0,1,-1,0,0,0,0,0,0,1,1.28571428571429,0,0
2015,37,"1297*A",595,-2942,"Lupinus argenteus",1.5,NA,NA,1.5,0,1,1,1,0,0,3.0530303030303,0,0
2016,37,"1297*A",595,-2942,"Lupinus argenteus",1,1.5,-0.5,1,0,0,0,1,0,0,1.30188679245283,0,0
2017,37,"1297*A",595,-2942,"Lupinus argenteus",1,1,0,1,0,0,0,1,0,0,1.28571428571429,0,0
2018,37,"1297*A",595,-2942,"Lupinus argenteus",0,1,-1,0,0,0,0,0,0,1,1.12213740458015,0,0
2015,37,"1298*A",581,-2865,"Lupinus argenteus",2,NA,NA,2,0,1,1,1,0,0,3.0530303030303,0,0
2016,37,"1298*A",581,-2865,"Lupinus argenteus",2,2,0,2,0,0,0,1,0,0,1.30188679245283,0,0
2017,37,"1298*A",581,-2865,"Lupinus argenteus",0,2,-2,0,0,0,0,0,0,1,1.28571428571429,0,0
2015,37,"1299*A",515,-2895,"Lupinus argenteus",3,NA,NA,2,0,1,1,1,0,0,3.0530303030303,0,0
2016,37,"1299*A",515,-2895,"Lupinus argenteus",10,3,7,8,0,0,0,1,0,0,1.30188679245283,0,0
2017,37,"1299*A",515,-2895,"Lupinus argenteus",14,10,4,7,0,0,0,1,0,0,1.28571428571429,0,0
2018,37,"1299*A",515,-2895,"Lupinus argenteus",0,14,-14,0,0,0,0,0,0,1,1.12213740458015,0,0
2014,1,"13*A",192,-74,"Ivesia gordonii",9,NA,NA,5,2,0,NA,1,0,0,2.52336448598131,99.9999999999997,70.7797024374682
2015,1,"13*A",192,-74,"Ivesia gordonii",9.5,9,0.5,5,0,0,0,1,0,0,3.0530303030303,99.9999999999996,53.9672332593205
2016,1,"13*A",192,-74,"Ivesia gordonii",8.5,9.5,-1,7.2,1,0,0,1,0,0,1.30188679245283,99.1369444826783,64.7977697076955
2017,1,"13*A",192,-74,"Ivesia gordonii",0,8.5,-8.5,0,0,0,0,0,0,1,1.28571428571429,0,0
2014,13,"130*A",815,-957,"Elymus lanceolatus",1,NA,NA,1,0,1,1,1,0,0,2.52336448598131,100.000000000007,0
2015,13,"130*A",815,-957,"Elymus lanceolatus",14.5,1,13.5,9.5,0,0,0,1,0,0,3.0530303030303,96.4063376565652,14.1003330359961
2016,13,"130*A",815,-957,"Elymus lanceolatus",22,14.5,7.5,26,10,0,0,1,0,0,1.30188679245283,87.4912909520481,45.496905508668
2017,13,"130*A",815,-957,"Elymus lanceolatus",30,22,8,27,16,0,0,1,0,0,1.28571428571429,77.9428795107653,68.5095579193594
2018,13,"130*A",815,-957,"Elymus lanceolatus",32,30,2,24.5,36,0,0,1,0,0,1.12213740458015,41.0203791651794,41.0436046913559
2019,13,"130*A",815,-957,"Elymus lanceolatus",24,32,-8,32.5,8,0,0,1,0,0,0.5,40.3456644808237,95.6823182374156
2015,37,"1300*A",497.11687539,-2890.245199,"Ivesia gordonii",0.5,NA,NA,0.5,0,1,1,1,0,0,3.0530303030303,0,55.740746910192
2015,37,"1300*B",496.95863408,-2890.1655883,"Ivesia gordonii",0.5,NA,NA,0.5,0,1,1,1,0,0,3.0530303030303,0,55.7407469101911
2015,37,"1300*C",496.60482487,-2890.8762119,"Ivesia gordonii",0.5,NA,NA,0.5,0,1,1,1,0,0,3.0530303030303,0,0
2016,37,"1300*A",497.23375078,-2890.490398,"Ivesia gordonii",1,0.5,0.5,1,0,0,0,1,0,0,1.30188679245283,0,55.7407479760246
2016,37,"1300*B",496.91726817,-2890.3311766,"Ivesia gordonii",1,0.5,0.5,1,0,0,0,0,1,0,1.30188679245283,0,55.7407479760302
2016,37,"1300*C",496.20964973,-2891.7524239,"Ivesia gordonii",1,0.5,0.5,1,0,0,0,0,1,0,1.30188679245283,0,0
2017,37,"1300*A",497,-2890,"Ivesia gordonii",0.5,1,-0.5,0.5,0,0,0,1,0,0,1.28571428571429,0,0
2018,37,"1300*A",497,-2890,"Ivesia gordonii",1,0.5,0.5,1,0,0,0,1,0,0,1.12213740458015,0,0
2019,37,"1300*A",497,-2890,"Ivesia gordonii",1.4,1,0.4,1.3,0,0,0,1,0,0,0.5,0,0
2015,37,"1301*A",485,-2885,"Ivesia gordonii",0,NA,NA,0,0,1,1,0,0,1,3.0530303030303,0,0
2015,37,"1302*A",458,-2877,"Lupinus argenteus",3,NA,NA,2.5,0,1,1,1,0,0,3.0530303030303,0,0
2016,37,"1302*A",458,-2877,"Lupinus argenteus",9,3,6,4,0,0,0,1,0,0,1.30188679245283,22.911047462836,0
2017,37,"1302*A",458,-2877,"Lupinus argenteus",13,9,4,7,0,0,0,1,0,0,1.28571428571429,14.3203567607002,0
2018,37,"1302*A",458,-2877,"Lupinus argenteus",0,13,-13,0,0,0,0,0,0,1,1.12213740458015,0,0
2015,37,"1303*A",495,-2852,"Lupinus argenteus",0,NA,NA,0,0,1,1,0,0,1,3.0530303030303,0,0
2015,37,"1304*A",494,-2842,"Lupinus argenteus",2.5,NA,NA,2,0,1,1,1,0,0,3.0530303030303,0,0
2016,37,"1304*A",494,-2842,"Lupinus argenteus",0,2.5,-2.5,0,0,0,0,0,0,1,1.30188679245283,0,0
2015,37,"1305*A",546,-2860,"Lupinus argenteus",1.5,NA,NA,3,0,1,1,1,0,0,3.0530303030303,0,0
2016,37,"1305*A",546,-2860,"Lupinus argenteus",5,1.5,3.5,5,0,0,0,1,0,0,1.30188679245283,0,0
2017,37,"1305*A",546,-2860,"Lupinus argenteus",11,5,6,5,0,0,0,1,0,0,1.28571428571429,0,0
2018,37,"1305*A",546,-2860,"Lupinus argenteus",0,11,-11,0,0,0,0,0,0,1,1.12213740458015,0,0
2015,37,"1306*A",544,-2857,"Lupinus argenteus",3,NA,NA,2,0,1,1,1,0,0,3.0530303030303,0,0
2016,37,"1306*A",544,-2857,"Lupinus argenteus",0,3,-3,0,0,0,0,0,0,1,1.30188679245283,0,0
2015,37,"1307*A",443,-2868,"Lupinus argenteus",3.5,NA,NA,2,0,1,1,1,0,0,3.0530303030303,0,0
2016,37,"1307*A",443,-2868,"Lupinus argenteus",4.5,3.5,1,4,0,0,0,1,0,0,1.30188679245283,0,0
2017,37,"1307*A",443,-2868,"Lupinus argenteus",8,4.5,3.5,5,0,0,0,1,0,0,1.28571428571429,0,0
2018,37,"1307*A",443,-2868,"Lupinus argenteus",0,8,-8,0,0,0,0,0,0,1,1.12213740458015,0,0
2015,37,"1308*A",442,-2859,"Lupinus argenteus",1.5,NA,NA,1,0,1,1,1,0,0,3.0530303030303,0,0
2016,37,"1308*A",442,-2859,"Lupinus argenteus",0,1.5,-1.5,0,0,0,0,0,0,1,1.30188679245283,0,0
2015,37,"1309*A",480,-2825,"Lupinus argenteus",2.5,NA,NA,1.5,0,1,1,1,0,0,3.0530303030303,0,0
2016,37,"1309*A",480,-2825,"Lupinus argenteus",3,2.5,0.5,2,0,0,0,1,0,0,1.30188679245283,0,0
2017,37,"1309*A",480,-2825,"Lupinus argenteus",0,3,-3,0,0,0,0,0,0,1,1.28571428571429,0,0
2014,13,"131*A",830,-950,"Eriogonum umbellatum",2,NA,NA,1,0,0,NA,1,0,0,2.52336448598131,0,0
2015,13,"131*A",830,-950,"Eriogonum umbellatum",3,2,1,2.5,0,0,0,1,0,0,3.0530303030303,0,0
2016,13,"131*A",830,-950,"Eriogonum umbellatum",5,3,2,2.9,0,0,0,1,0,0,1.30188679245283,0,0
2017,13,"131*A",830,-950,"Eriogonum umbellatum",10,5,5,4,1,0,0,1,0,0,1.28571428571429,27.2425800950778,0
2018,13,"131*A",830,-950,"Eriogonum umbellatum",10.5,10,0.5,2,3,0,0,1,0,0,1.12213740458015,39.4659935704016,0
2019,13,"131*A",830,-950,"Eriogonum umbellatum",10.5,10.5,0,3,5,0,0,1,0,0,0.5,2.17415729099966,0
2015,37,"1310*A",405,-2804,"Lupinus argenteus",2,NA,NA,2.5,0,1,1,1,0,0,3.0530303030303,0,122.8114548203
2016,37,"1310*A",405,-2804,"Lupinus argenteus",0,2,-2,0,0,0,0,0,0,1,1.30188679245283,0,0
2015,37,"1311*A",428,-2800,"Lupinus argenteus",2,NA,NA,2.5,0,1,1,1,0,0,3.0530303030303,0,0
2016,37,"1311*A",428,-2800,"Lupinus argenteus",1,2,-1,2,0,0,0,1,0,0,1.30188679245283,0,0
2017,37,"1311*A",428,-2800,"Lupinus argenteus",0,1,-1,0,0,0,0,0,0,1,1.28571428571429,0,0
2015,37,"1312*A",452,-2800,"Lupinus argenteus",2,NA,NA,2,0,1,1,1,0,0,3.0530303030303,0,0
2016,37,"1312*A",452,-2800,"Lupinus argenteus",7,2,5,5,0,0,0,1,0,0,1.30188679245283,0,0
2017,37,"1312*A",452,-2800,"Lupinus argenteus",2.5,7,-4.5,1.5,0,0,0,1,0,0,1.28571428571429,0,0
2018,37,"1312*A",452,-2800,"Lupinus argenteus",5,2.5,2.5,4.5,0,0,0,1,0,0,1.12213740458015,0,0
2019,37,"1312*A",452,-2800,"Lupinus argenteus",4.7,5,-0.3,1.2,0,0,0,1,0,0,0.5,0,0
2015,37,"1313*A",460,-2805,"Lupinus argenteus",3,NA,NA,2.5,0,1,1,1,0,0,3.0530303030303,0,0
2016,37,"1313*A",460,-2805,"Lupinus argenteus",4,3,1,2,0,0,0,1,0,0,1.30188679245283,0,0
2017,37,"1313*A",460,-2805,"Lupinus argenteus",0,4,-4,0,0,0,0,0,0,1,1.28571428571429,0,0
2015,37,"1314*A",544,-2800,"Lupinus argenteus",2,NA,NA,2,0,1,1,1,0,0,3.0530303030303,0,0
2016,37,"1314*A",544,-2800,"Lupinus argenteus",8,2,6,5,0,0,0,1,0,0,1.30188679245283,0,0
2017,37,"1314*A",544,-2800,"Lupinus argenteus",11,8,3,6,0,0,0,1,0,0,1.28571428571429,0,0
2018,37,"1314*A",544,-2800,"Lupinus argenteus",9.5,11,-1.5,6.5,0,0,0,1,0,0,1.12213740458015,0,0
2019,37,"1314*A",544,-2800,"Lupinus argenteus",0,9.5,-9.5,0,0,0,0,0,0,1,0.5,0,0
2015,37,"1315*A",563,-2800,"Lupinus argenteus",3,NA,NA,2,0,1,1,1,0,0,3.0530303030303,0,0
2016,37,"1315*A",563,-2800,"Lupinus argenteus",4,3,1,4,0,0,0,1,0,0,1.30188679245283,0,0
2017,37,"1315*A",563,-2800,"Lupinus argenteus",0,4,-4,0,0,0,0,0,0,1,1.28571428571429,0,0
2015,37,"1316*A",532,-2841,"Ivesia gordonii",0.7,NA,NA,0.6,0,1,1,1,0,0,3.0530303030303,0,0
2016,37,"1316*A",532,-2841,"Ivesia gordonii",0.5,0.7,-0.2,1,0,0,0,1,0,0,1.30188679245283,0,0
2017,37,"1316*A",532,-2841,"Ivesia gordonii",3,0.5,2.5,2,0,0,0,1,0,0,1.28571428571429,0,0
2018,37,"1316*A",532,-2841,"Ivesia gordonii",3,3,0,2.5,0,0,0,1,0,0,1.12213740458015,0,0
2019,37,"1316*A",532,-2841,"Ivesia gordonii",6,3,3,3,0,0,0,1,0,0,0.5,0,0
2015,38,"1317*A",824,-2860,"Lupinus argenteus",3.5,NA,NA,2.5,0,1,1,1,0,0,3.0530303030303,0,0
2016,38,"1317*A",824,-2860,"Lupinus argenteus",13,3.5,9.5,6,0,0,0,1,0,0,1.30188679245283,0,0
2017,38,"1317*A",824,-2860,"Lupinus argenteus",0,13,-13,0,0,0,0,0,0,1,1.28571428571429,0,0
2015,39,"1318*A",1324,-2816,"Lupinus argenteus",3,NA,NA,2,0,1,1,1,0,0,3.0530303030303,0,0
2016,39,"1318*A",1324,-2816,"Lupinus argenteus",5,3,2,3,0,0,0,1,0,0,1.30188679245283,0,0
2017,39,"1318*A",1324,-2816,"Lupinus argenteus",8,5,3,7,0,0,0,1,0,0,1.28571428571429,0,0
2018,39,"1318*A",1324,-2816,"Lupinus argenteus",0,8,-8,0,0,0,0,0,0,1,1.12213740458015,0,0
2015,40,"1319*A",1787,-3000,"Lupinus argenteus",2.5,NA,NA,2,0,1,1,1,0,0,3.0530303030303,0,0
2016,40,"1319*A",1787,-3000,"Lupinus argenteus",0,2.5,-2.5,0,0,0,0,0,0,1,1.30188679245283,0,0
2014,13,"132*A",888,-886,"Heterotheca villosa",23,NA,NA,7,32,0,NA,1,0,0,2.52336448598131,0,0
2015,13,"132*A",888,-886,"Heterotheca villosa",23,23,0,4,13,0,0,1,0,0,3.0530303030303,3.13581448409803,0
2016,13,"132*A",888,-886,"Heterotheca villosa",24,23,1,7.5,25,0,0,1,0,0,1.30188679245283,6.50299336899007,0
2017,13,"132*A",888,-886,"Heterotheca villosa",28,24,4,6,71,0,0,1,0,0,1.28571428571429,7.9372119351672,0
2018,13,"132*A",888,-886,"Heterotheca villosa",13,28,-15,8,16,0,0,1,0,0,1.12213740458015,0,0
2019,13,"132*A",888,-886,"Heterotheca villosa",22,13,9,9,35,0,0,1,0,0,0.5,7.83577475485787,0
2015,40,"1320*A",1798,-2804,"Lupinus argenteus",8,NA,NA,4,0,0,1,1,0,0,3.0530303030303,0,0
2016,40,"1320*A",1798,-2804,"Lupinus argenteus",9.5,8,1.5,6,0,0,0,1,0,0,1.30188679245283,0,0
2017,40,"1320*A",1798,-2804,"Lupinus argenteus",0,9.5,-9.5,0,0,0,0,0,0,1,1.28571428571429,0,0
2014,40,"1321*A",1600,-2989,"Eriogonum umbellatum",7.5,NA,NA,2.5,0,0,NA,1,0,0,2.52336448598131,0,0
2015,40,"1321*A",1600,-2989,"Eriogonum umbellatum",7.5,7.5,0,2.5,0,0,0,1,0,0,3.0530303030303,0,0
2016,40,"1321*A",1600,-2989,"Eriogonum umbellatum",6.5,7.5,-1,2,0,0,0,1,0,0,1.30188679245283,0,0
2017,40,"1321*A",1600,-2989,"Eriogonum umbellatum",6.5,6.5,0,2,0,0,0,1,0,0,1.28571428571429,0,0
2018,40,"1321*A",1600,-2989,"Eriogonum umbellatum",2.5,6.5,-4,1.5,0,0,0,1,0,0,1.12213740458015,0,0
2019,40,"1321*A",1600,-2989,"Eriogonum umbellatum",4,2.5,1.5,2.6,0,0,0,1,0,0,0.5,0,0
2015,41,"1322*A",35,-3399,"Lupinus argenteus",3.5,NA,NA,2,0,1,1,1,0,0,3.0530303030303,0,0
2016,41,"1322*A",35,-3399,"Lupinus argenteus",3,3.5,-0.5,2,0,0,0,1,0,0,1.30188679245283,0,0
2017,41,"1322*A",35,-3399,"Lupinus argenteus",0,3,-3,0,0,0,0,0,0,1,1.28571428571429,0,0
2015,41,"1323*A",30,-3391,"Lupinus argenteus",2.5,NA,NA,2,0,1,1,1,0,0,3.0530303030303,0,0
2016,41,"1323*A",30,-3391,"Lupinus argenteus",0,2.5,-2.5,0,0,0,0,0,0,1,1.30188679245283,0,0
2015,41,"1324*A",4,-3376,"Lupinus argenteus",2.5,NA,NA,1.5,0,1,1,1,0,0,3.0530303030303,0,0
2016,41,"1324*A",4,-3376,"Lupinus argenteus",2.5,2.5,0,3,0,0,0,1,0,0,1.30188679245283,0,0
2017,41,"1324*A",4,-3376,"Lupinus argenteus",3.5,2.5,1,3,0,0,0,1,0,0,1.28571428571429,0,0
2018,41,"1324*A",4,-3376,"Lupinus argenteus",0,3.5,-3.5,0,0,0,0,0,0,1,1.12213740458015,0,0
2015,41,"1325*A",13,-3368,"Lupinus argenteus",5.5,NA,NA,3,0,0,1,1,0,0,3.0530303030303,0,0
2016,41,"1325*A",13,-3368,"Lupinus argenteus",12,5.5,6.5,6,0,0,0,1,0,0,1.30188679245283,0,0
2017,41,"1325*A",13,-3368,"Lupinus argenteus",16.5,12,4.5,8,0,0,0,1,0,0,1.28571428571429,0,0
2018,41,"1325*A",13,-3368,"Lupinus argenteus",0,16.5,-16.5,0,0,0,0,0,0,1,1.12213740458015,0,0
2015,41,"1326*A",34,-3369,"Lupinus argenteus",3.5,NA,NA,2,0,1,1,1,0,0,3.0530303030303,0,0
2016,41,"1326*A",34,-3369,"Lupinus argenteus",2,3.5,-1.5,2,0,0,0,1,0,0,1.30188679245283,0,0
2017,41,"1326*A",34,-3369,"Lupinus argenteus",0,2,-2,0,0,0,0,0,0,1,1.28571428571429,0,0
2015,41,"1327*A",67,-3360,"Lupinus argenteus",3.5,NA,NA,2,0,1,1,1,0,0,3.0530303030303,0,0
2016,41,"1327*A",67,-3360,"Lupinus argenteus",6,3.5,2.5,5,4,0,0,1,0,0,1.30188679245283,0,0
2017,41,"1327*A",67,-3360,"Lupinus argenteus",7,6,1,4.5,0,0,0,1,0,0,1.28571428571429,0,0
2018,41,"1327*A",67,-3360,"Lupinus argenteus",0,7,-7,0,0,0,0,0,0,1,1.12213740458015,0,0
2015,41,"1328*A",71,-3348,"Lupinus argenteus",3,NA,NA,2,0,1,1,1,0,0,3.0530303030303,0,0
2016,41,"1328*A",71,-3348,"Lupinus argenteus",2.5,3,-0.5,3.5,0,0,0,1,0,0,1.30188679245283,0,0
2017,41,"1328*A",71,-3348,"Lupinus argenteus",4.5,2.5,2,3,0,0,0,1,0,0,1.28571428571429,7.9998507609616,0
2018,41,"1328*A",71,-3348,"Lupinus argenteus",0,4.5,-4.5,0,0,0,0,0,0,1,1.12213740458015,0,0
2015,41,"1329*A",12,-3330,"Lupinus argenteus",3,NA,NA,3,0,1,1,1,0,0,3.0530303030303,0,0
2016,41,"1329*A",12,-3330,"Lupinus argenteus",0,3,-3,0,0,0,0,0,0,1,1.30188679245283,0,0
2014,13,"133*A",905,-883,"Elymus lanceolatus",5,NA,NA,19,3,0,NA,1,0,0,2.52336448598131,0,0.748653605126966
2015,13,"133*A",905,-883,"Elymus lanceolatus",16,5,11,17,1,0,0,1,0,0,3.0530303030303,6.47986664878085,17.7067618903514
2016,13,"133*A",905,-883,"Elymus lanceolatus",18,16,2,22,2,0,0,1,0,0,1.30188679245283,11.560877100427,10.8086057485276
2017,13,"133*A",905,-883,"Elymus lanceolatus",17,18,-1,16,0,0,0,1,0,0,1.28571428571429,21.5320905092418,20.9010010202544
2018,13,"133*A",905,-883,"Elymus lanceolatus",19,17,2,14,1,0,0,1,0,0,1.12213740458015,0,14.8722627881536
2019,13,"133*A",905,-883,"Elymus lanceolatus",20,19,1,20.5,3,0,0,1,0,0,0.5,9.48128745337758,17.3610389756858
2015,41,"1330*A",14,-3322,"Arenaria congesta",0.3,NA,NA,0.3,0,1,1,1,0,0,3.0530303030303,22.8492456051773,0
2016,41,"1330*A",14,-3322,"Arenaria congesta",0,0.3,-0.3,0,0,0,0,0,0,1,1.30188679245283,0,0
2015,41,"1331*A",149,-3381,"Lupinus argenteus",0,NA,NA,0,0,1,1,0,0,1,3.0530303030303,0,0
2015,41,"1332*A",151,-3379,"Lupinus argenteus",0,NA,NA,0,0,1,1,0,0,1,3.0530303030303,0,0
2015,41,"1333*A",45,-3285,"Lupinus argenteus",3,NA,NA,2,0,1,1,1,0,0,3.0530303030303,0,0
2016,41,"1333*A",45,-3285,"Lupinus argenteus",0,3,-3,0,0,0,0,0,0,1,1.30188679245283,0,0
2015,41,"1334*A",45,-3275,"Lupinus argenteus",2.5,NA,NA,2,0,1,1,1,0,0,3.0530303030303,0,0
2016,41,"1334*A",45,-3275,"Lupinus argenteus",0,2.5,-2.5,0,0,0,0,0,0,1,1.30188679245283,0,0
2015,41,"1335*A",58,-3253,"Lupinus argenteus",2.5,NA,NA,2,0,1,1,1,0,0,3.0530303030303,0,0
2016,41,"1335*A",58,-3253,"Lupinus argenteus",0,2.5,-2.5,0,0,0,0,0,0,1,1.30188679245283,0,0
2015,41,"1336*A",66,-3256,"Lupinus argenteus",3.5,NA,NA,2.5,0,1,1,1,0,0,3.0530303030303,0,0
2016,41,"1336*A",66,-3256,"Lupinus argenteus",0,3.5,-3.5,0,0,0,0,0,0,1,1.30188679245283,0,0
2015,41,"1337*A",73,-3275,"Lupinus argenteus",0,NA,NA,0,0,1,1,0,0,1,3.0530303030303,0,0
2015,41,"1338*A",68,-3249,"Lupinus argenteus",3,NA,NA,2.5,0,1,1,1,0,0,3.0530303030303,0,0
2016,41,"1338*A",68,-3249,"Lupinus argenteus",2.5,3,-0.5,2,0,0,0,1,0,0,1.30188679245283,0,0
2017,41,"1338*A",68,-3249,"Lupinus argenteus",0,2.5,-2.5,0,0,0,0,0,0,1,1.28571428571429,0,0
2015,41,"1339*A",107,-3320,"Lupinus argenteus",2,NA,NA,2,0,1,1,1,0,0,3.0530303030303,0,0.0292469768918534
2016,41,"1339*A",107,-3320,"Lupinus argenteus",0,2,-2,0,0,0,0,0,0,1,1.30188679245283,0,0
2014,13,"134*A",900,-870,"Elymus lanceolatus",4,NA,NA,15,0,0,NA,0,1,0,2.52336448598131,0,0
2015,41,"1340*A",91,-3338,"Lupinus argenteus",0,NA,NA,0,0,1,1,0,0,1,3.0530303030303,0,0
2015,41,"1341*A",102,-3313,"Lupinus argenteus",3,NA,NA,2,0,1,1,1,0,0,3.0530303030303,0,0
2016,41,"1341*A",102,-3313,"Lupinus argenteus",0,3,-3,0,0,0,0,0,0,1,1.30188679245283,0,0
2015,41,"1342*A",105,-3321,"Lupinus argenteus",2.5,NA,NA,2,0,1,1,1,0,0,3.0530303030303,0,0.0187180652107931
2016,41,"1342*A",105,-3321,"Lupinus argenteus",0,2.5,-2.5,0,0,0,0,0,0,1,1.30188679245283,0,0
2015,41,"1343*A",105,-3340,"Lupinus argenteus",2.5,NA,NA,1.5,0,1,1,1,0,0,3.0530303030303,0,0
2016,41,"1343*A",105,-3340,"Lupinus argenteus",0,2.5,-2.5,0,0,0,0,0,0,1,1.30188679245283,0,0
2015,41,"1344*A",135,-3362,"Lupinus argenteus",3.5,NA,NA,2,0,1,1,1,0,0,3.0530303030303,0,4.59610456325089
2016,41,"1344*A",135,-3362,"Lupinus argenteus",0,3.5,-3.5,0,0,0,0,0,0,1,1.30188679245283,0,0
2015,41,"1345*A",133,-3364,"Lupinus argenteus",3,NA,NA,2.5,0,1,1,1,0,0,3.0530303030303,0,6.25580898886876
2016,41,"1345*A",133,-3364,"Lupinus argenteus",3,3,0,2,0,0,0,1,0,0,1.30188679245283,0,0
2017,41,"1345*A",133,-3364,"Lupinus argenteus",0,3,-3,0,0,0,0,0,0,1,1.28571428571429,0,0
2015,41,"1346*A",137,-3345,"Lupinus argenteus",4,NA,NA,3,0,1,1,1,0,0,3.0530303030303,0,0
2016,41,"1346*A",137,-3345,"Lupinus argenteus",3,4,-1,1,0,0,0,1,0,0,1.30188679245283,0,0
2017,41,"1346*A",137,-3345,"Lupinus argenteus",0,3,-3,0,0,0,0,0,0,1,1.28571428571429,0,0
2015,41,"1347*A",133,-3331,"Lupinus argenteus",0,NA,NA,0,0,1,1,0,0,1,3.0530303030303,0,0
2015,41,"1348*A",10,-3202,"Lupinus argenteus",2,NA,NA,1.5,0,1,1,1,0,0,3.0530303030303,0,0
2016,41,"1348*A",10,-3202,"Lupinus argenteus",2,2,0,3,0,0,0,1,0,0,1.30188679245283,0,0
2017,41,"1348*A",10,-3202,"Lupinus argenteus",0,2,-2,0,0,0,0,0,0,1,1.28571428571429,0,0
2015,41,"1349*A",6,-3265,"Lupinus argenteus",4,NA,NA,3,0,1,1,1,0,0,3.0530303030303,0,0
2016,41,"1349*A",6,-3265,"Lupinus argenteus",0,4,-4,0,0,0,0,0,0,1,1.30188679245283,0,0
2014,13,"135*A",907,-877,"Elymus lanceolatus",8,NA,NA,9,0,0,NA,1,0,0,2.52336448598131,0,0.292442814502706
2015,13,"135*A",907,-877,"Elymus lanceolatus",8,8,0,16,0,0,0,1,0,0,3.0530303030303,0,70.8270475614095
2016,13,"135*A",907,-877,"Elymus lanceolatus",6,8,-2,19.5,4,0,0,1,0,0,1.30188679245283,0,97.2774517367505
2017,13,"135*A",907,-877,"Elymus lanceolatus",9,6,3,12,0,0,0,1,0,0,1.28571428571429,0,74.5727073438706
2018,13,"135*A",907,-877,"Elymus lanceolatus",7.5,9,-1.5,17,4,0,0,1,0,0,1.12213740458015,0,95.4468776270837
2019,13,"135*A",907,-877,"Elymus lanceolatus",8.5,7.5,1,20.5,1,0,0,1,0,0,0.5,0,96.1164787581241
2015,41,"1350*A",92,-3256,"Lupinus argenteus",3.5,NA,NA,3,0,1,1,1,0,0,3.0530303030303,0,0
2016,41,"1350*A",92,-3256,"Lupinus argenteus",6,3.5,2.5,5,0,0,0,1,0,0,1.30188679245283,0,0
2017,41,"1350*A",92,-3256,"Lupinus argenteus",6.4,6,0.4,5,0,0,0,1,0,0,1.28571428571429,0,0
2018,41,"1350*A",92,-3256,"Lupinus argenteus",0,6.4,-6.4,0,0,0,0,0,0,1,1.12213740458015,0,0
2015,41,"1351A*A",107,-3208,"Lupinus argenteus",0,NA,NA,0,0,1,1,0,0,1,3.0530303030303,0,0
2015,41,"1352*A",130,-3235,"Lupinus argenteus",3.5,NA,NA,3,0,1,1,1,0,0,3.0530303030303,0,0
2016,41,"1352*A",130,-3235,"Lupinus argenteus",3,3.5,-0.5,3.5,0,0,0,1,0,0,1.30188679245283,0.449894515892179,0
2017,41,"1352*A",130,-3235,"Lupinus argenteus",0,3,-3,0,0,0,0,0,0,1,1.28571428571429,0,0
2015,41,"1353*A",134,-3271,"Lupinus argenteus",2.5,NA,NA,2,0,1,1,1,0,0,3.0530303030303,0,0
2016,41,"1353*A",134,-3271,"Lupinus argenteus",2.5,2.5,0,2.5,0,0,0,1,0,0,1.30188679245283,0,0
2017,41,"1353*A",134,-3271,"Lupinus argenteus",3.5,2.5,1,3.5,0,0,0,1,0,0,1.28571428571429,0,0
2018,41,"1353*A",134,-3271,"Lupinus argenteus",0.5,3.5,-3,0.4,0,0,0,1,0,0,1.12213740458015,99.9999999999998,0
2019,41,"1353*A",134,-3271,"Lupinus argenteus",0,0.5,-0.5,0,0,0,0,0,0,1,0.5,0,0
2015,41,"1354*A",154,-3284,"Lupinus argenteus",2,NA,NA,2.5,0,1,1,1,0,0,3.0530303030303,0,1.16007514484123
2016,41,"1354*A",154,-3284,"Lupinus argenteus",0.1,2,-1.9,0.2,0,0,0,1,0,0,1.30188679245283,0,100.000000000011
2017,41,"1354*A",154,-3284,"Lupinus argenteus",0,0.1,-0.1,0,0,0,0,0,0,1,1.28571428571429,0,0
2015,41,"1355*A",147,-3264,"Lupinus argenteus",3,NA,NA,2.5,0,1,1,1,0,0,3.0530303030303,0,0
2016,41,"1355*A",147,-3264,"Lupinus argenteus",0,3,-3,0,0,0,0,0,0,1,1.30188679245283,0,0
2015,41,"1356*A",139,-3264,"Eriogonum umbellatum",1,NA,NA,0.5,0,1,1,1,0,0,3.0530303030303,0,0
2016,41,"1356*A",139,-3264,"Eriogonum umbellatum",0,1,-1,0,0,0,0,0,0,1,1.30188679245283,0,0
2015,41,"1357*A",139,-3266,"Eriogonum umbellatum",1.5,NA,NA,1,0,1,1,1,0,0,3.0530303030303,0,0
2016,41,"1357*A",139,-3266,"Eriogonum umbellatum",0.4,1.5,-1.1,0.5,0,0,0,1,0,0,1.30188679245283,0,0
2017,41,"1357*A",139,-3266,"Eriogonum umbellatum",0,0.4,-0.4,0,0,0,0,0,0,1,1.28571428571429,0,0
2015,41,"1358*A",195,-3232,"Lupinus argenteus",1.5,NA,NA,1,0,1,1,1,0,0,3.0530303030303,100,0
2016,41,"1358*A",195,-3232,"Lupinus argenteus",0,1.5,-1.5,0,0,0,0,0,0,1,1.30188679245283,0,0
2015,41,"1359*A",163,-3244,"Lupinus argenteus",2.5,NA,NA,3,0,1,1,1,0,0,3.0530303030303,100,0
2016,41,"1359*A",163,-3244,"Lupinus argenteus",3,2.5,0.5,4,0,0,0,1,0,0,1.30188679245283,100.000000000001,0
2017,41,"1359*A",163,-3244,"Lupinus argenteus",0,3,-3,0,0,0,0,0,0,1,1.28571428571429,0,0
2014,13,"136*A",932,-885,"Elymus lanceolatus",6,NA,NA,13,0,0,NA,1,0,0,2.52336448598131,0,99.9594263393751
2015,13,"136*A",932,-885,"Elymus lanceolatus",10,6,4,11.5,0,0,0,1,0,0,3.0530303030303,0,52.7474413947982
2016,13,"136*A",932,-885,"Elymus lanceolatus",16,10,6,14.5,3,0,0,1,0,0,1.30188679245283,0,45.8612594579929
2017,13,"136*A",932,-885,"Elymus lanceolatus",14,16,-2,7,0,0,0,1,0,0,1.28571428571429,0,34.1802078281317
2018,13,"136*A",932,-885,"Elymus lanceolatus",12.5,14,-1.5,12.5,2,0,0,1,0,0,1.12213740458015,0,44.4964829021747
2019,13,"136*A",932,-885,"Elymus lanceolatus",5,12.5,-7.5,7.5,0,0,0,1,0,0,0.5,0,57.4095483182983
2015,41,"1360*A",163,-3237,"Lupinus argenteus",2.5,NA,NA,2.5,0,1,1,1,0,0,3.0530303030303,100,0
2016,41,"1360*A",163,-3237,"Lupinus argenteus",2.5,2.5,0,4,0,0,0,1,0,0,1.30188679245283,100,0
2017,41,"1360*A",163,-3237,"Lupinus argenteus",0,2.5,-2.5,0,0,0,0,0,0,1,1.28571428571429,0,0
2015,41,"1361*A",184,-3226,"Phacelia hastata",2.5,NA,NA,1.5,0,0,1,1,0,0,3.0530303030303,101.474358941057,0
2016,41,"1361*A",184,-3226,"Phacelia hastata",5,2.5,2.5,2,0,0,0,1,0,0,1.30188679245283,103.999999999999,0.840687503690757
2017,41,"1361*A",184,-3226,"Phacelia hastata",7,5,2,4.5,1,0,0,1,0,0,1.28571428571429,100.937289807025,4.01495095336837
2018,41,"1361*A",184,-3226,"Phacelia hastata",4,7,-3,1,0,0,0,1,0,0,1.12213740458015,100,0
2019,41,"1361*A",184,-3226,"Phacelia hastata",0,4,-4,0,0,0,0,0,0,1,0.5,0,0
2015,41,"1362*A",185,-3225,"Senecio crassulus",0.7,NA,NA,1,0,1,1,1,0,0,3.0530303030303,118.805598738004,0
2016,41,"1362*A",185,-3225,"Senecio crassulus",1,0.7,0.3,1.5,0,0,0,1,0,0,1.30188679245283,199.999999999997,0
2017,41,"1362*A",185,-3225,"Senecio crassulus",0,1,-1,0,0,0,0,0,0,1,1.28571428571429,0,0
2015,41,"1363*A",126,-3235,"Lupinus argenteus",1.5,NA,NA,1.5,0,1,1,1,0,0,3.0530303030303,0,0
2016,41,"1363*A",126,-3235,"Lupinus argenteus",0,1.5,-1.5,0,0,0,0,0,0,1,1.30188679245283,0,0
2015,41,"1364*A",181,-3233,"Lupinus argenteus",4,NA,NA,2,0,1,1,1,0,0,3.0530303030303,100,0
2016,41,"1364*A",181,-3233,"Lupinus argenteus",4,4,0,3,0,0,0,1,0,0,1.30188679245283,100,0
2017,41,"1364*A",181,-3233,"Lupinus argenteus",5,4,1,3,0,0,0,1,0,0,1.28571428571429,99.9999999999994,0
2018,41,"1364*A",181,-3233,"Lupinus argenteus",0,5,-5,0,0,0,0,0,0,1,1.12213740458015,0,0
2015,41,"1365*A",150,-3216,"Lupinus argenteus",3,NA,NA,2.5,0,1,1,1,0,0,3.0530303030303,100.000000000001,0
2016,41,"1365*A",150,-3216,"Lupinus argenteus",1,3,-2,2,0,0,0,1,0,0,1.30188679245283,100.000000000002,0
2017,41,"1365*A",150,-3216,"Lupinus argenteus",4,1,3,2.5,0,0,0,1,0,0,1.28571428571429,121.979871655798,0
2018,41,"1365*A",150,-3216,"Lupinus argenteus",0,4,-4,0,0,0,0,0,0,1,1.12213740458015,0,0
2015,41,"1366*A",135.1168754,-3218.245199,"Eriogonum umbellatum",1,NA,NA,0.5,0,1,1,1,0,0,3.0530303030303,0,186.799728158819
2015,41,"1366*B",134.9586341,-3218.1655883,"Eriogonum umbellatum",1,NA,NA,0.5,0,1,1,0,1,0,3.0530303030303,0,188.22254135631
2015,41,"1366*C",134.6048249,-3218.8762119,"Eriogonum umbellatum",1,NA,NA,0.5,0,1,1,0,1,0,3.0530303030303,0,120.012826155035
2016,41,"1366*A",135,-3218,"Eriogonum umbellatum",0.6,1,-0.4,1,0,0,0,1,0,0,1.30188679245283,0,99.9999999999948
2017,41,"1366*A",135,-3218,"Eriogonum umbellatum",1,0.6,0.4,1,0,0,0,1,0,0,1.28571428571429,0,99.9999999999969
2018,41,"1366*A",135,-3218,"Eriogonum umbellatum",0,1,-1,0,0,0,0,0,0,1,1.12213740458015,0,0
2015,41,"1367*A",198.3506262,-3222.735597,"Eriogonum umbellatum",1,NA,NA,0.5,0,1,1,1,0,0,3.0530303030303,0,135.519313783948
2015,41,"1367*B",197.8759023,-3222.4967649,"Eriogonum umbellatum",1,NA,NA,0.5,0,1,1,1,0,0,3.0530303030303,0,135.519313783946
2016,41,"1367*A",198.3506262,-3222.735597,"Eriogonum umbellatum",1,1,0,1,0,0,0,1,0,0,1.30188679245283,0,135.519313783948
2016,41,"1367*B",197.8759023,-3222.4967649,"Eriogonum umbellatum",1,1,0,1,0,0,0,1,0,0,1.30188679245283,0,135.519313783946
2017,41,"1367*A",198.3506262,-3222.735597,"Eriogonum umbellatum",1,1,0,1,0,0,0,1,0,0,1.28571428571429,0,135.519313783948
2017,41,"1367*B",197.8759023,-3222.4967649,"Eriogonum umbellatum",1,1,0,1,0,0,0,0,1,0,1.28571428571429,0,135.519313783946
2018,41,"1367*A",198,-3222,"Eriogonum umbellatum",0,1,-1,0,0,0,0,0,0,1,1.12213740458015,0,0
2015,41,"1368*A",181,-3203,"Eriogonum umbellatum",1,NA,NA,1,0,1,1,1,0,0,3.0530303030303,0,99.9999999999989
2016,41,"1368*A",181.1168754,-3203.245199,"Eriogonum umbellatum",0.5,1,-0.5,1,1,0,0,1,0,0,1.30188679245283,0,155.740749041801
2016,41,"1368*B",180.9586341,-3203.1655883,"Eriogonum umbellatum",0.5,NA,NA,1,0,0,1,0,1,0,1.30188679245283,0,155.74074904181
2016,41,"1368*C",180.6048249,-3203.8762119,"Eriogonum umbellatum",0.5,NA,NA,1,0,0,1,0,1,0,1.30188679245283,0,100.000000000008
2017,41,"1368*A",181,-3203,"Eriogonum umbellatum",0,0.5,-0.5,0,0,0,0,0,0,1,1.28571428571429,0,0
2015,41,"1369*A",190.584377,-3219.225995,"Eriogonum umbellatum",1,NA,NA,0.5,0,1,1,1,0,0,3.0530303030303,0,104.418840506897
2015,41,"1369*B",189.7931704,-3218.8279415,"Eriogonum umbellatum",1,NA,NA,0.5,0,1,1,0,1,0,3.0530303030303,0,104.418840506899
2015,41,"1369*C",188.0241243,-3222.3810597,"Eriogonum umbellatum",1,NA,NA,0.5,0,1,1,0,1,0,3.0530303030303,0,100.000000000001
2016,41,"1369*A",190,-3218,"Eriogonum umbellatum",1,1,0,1,0,0,0,1,0,0,1.30188679245283,0,100.000000000002
2017,41,"1369*A",190,-3218,"Eriogonum umbellatum",0,1,-1,0,0,0,0,0,0,1,1.28571428571429,0,0
2014,13,"137*A",935,-889,"Elymus lanceolatus",16,NA,NA,8,0,0,NA,1,0,0,2.52336448598131,0,14.0567943289752
2015,13,"137*A",935,-889,"Elymus lanceolatus",12,16,-4,15,1,0,0,1,0,0,3.0530303030303,0,36.6301676352758
2016,13,"137*A",935,-889,"Elymus lanceolatus",13,12,1,21,3,0,0,1,0,0,1.30188679245283,0,69.470310184886
2017,13,"137*A",935,-889,"Elymus lanceolatus",10,13,-3,13,0,0,0,1,0,0,1.28571428571429,0,66.993207343139
2018,13,"137*A",935,-889,"Elymus lanceolatus",11.5,10,1.5,14.5,6,0,0,1,0,0,1.12213740458015,0,52.5714590054046
2019,13,"137*A",935,-889,"Elymus lanceolatus",11,11.5,-0.5,16,1,0,0,1,0,0,0.5,0,11.8614769252688
2015,41,"1370*A",114,-3294,"Lupinus argenteus",1.5,NA,NA,2,0,1,1,1,0,0,3.0530303030303,0,0
2016,41,"1370*A",114,-3294,"Lupinus argenteus",0,1.5,-1.5,0,0,0,0,0,0,1,1.30188679245283,0,0
2015,41,"1371*A",113,-3291,"Lupinus argenteus",2.5,NA,NA,2.3,0,1,1,1,0,0,3.0530303030303,0,0
2016,41,"1371*A",113,-3291,"Lupinus argenteus",0,2.5,-2.5,0,0,0,0,0,0,1,1.30188679245283,0,0
2015,41,"1372*A",200,-3308,"Lupinus argenteus",2,NA,NA,2,0,1,1,1,0,0,3.0530303030303,0,0
2016,41,"1372*A",200,-3308,"Lupinus argenteus",3.5,2,1.5,3.5,0,0,0,1,0,0,1.30188679245283,0,0
2017,41,"1372*A",200,-3308,"Lupinus argenteus",0,3.5,-3.5,0,0,0,0,0,0,1,1.28571428571429,0,0
2015,41,"1373*A",168,-3323,"Lupinus argenteus",1.5,NA,NA,2,0,1,1,1,0,0,3.0530303030303,0,0
2016,41,"1373*A",168,-3323,"Lupinus argenteus",0,1.5,-1.5,0,0,0,0,0,0,1,1.30188679245283,0,0
2015,41,"1374*A",190,-3342,"Lupinus argenteus",1.8,NA,NA,2,0,1,1,1,0,0,3.0530303030303,0,0
2016,41,"1374*A",190,-3342,"Lupinus argenteus",4.5,1.8,2.7,3,0,0,0,1,0,0,1.30188679245283,0,0
2017,41,"1374*A",190,-3342,"Lupinus argenteus",4.5,4.5,0,5,0,0,0,1,0,0,1.28571428571429,0,0
2018,41,"1374*A",190,-3342,"Lupinus argenteus",0,4.5,-4.5,0,0,0,0,0,0,1,1.12213740458015,0,0
2015,41,"1375*A",190,-3350,"Lupinus argenteus",2,NA,NA,1.5,0,1,1,1,0,0,3.0530303030303,0,0
2016,41,"1375*A",190,-3350,"Lupinus argenteus",0,2,-2,0,0,0,0,0,0,1,1.30188679245283,0,0
2015,41,"1376*A",197,-3396,"Lupinus argenteus",3,NA,NA,2,0,1,1,1,0,0,3.0530303030303,0,0
2016,41,"1376*A",197,-3396,"Lupinus argenteus",3,3,0,2,0,0,0,1,0,0,1.30188679245283,0,0
2017,41,"1376*A",197,-3396,"Lupinus argenteus",0,3,-3,0,0,0,0,0,0,1,1.28571428571429,0,0
2015,41,"1377*A",123,-3281,"Lupinus argenteus",0,NA,NA,0,0,1,1,0,0,1,3.0530303030303,0,0
2015,41,"1378*A",127,-3246,"Lupinus argenteus",3,NA,NA,3,0,1,1,1,0,0,3.0530303030303,0,0
2016,41,"1378*A",127,-3246,"Lupinus argenteus",0,3,-3,0,0,0,0,0,0,1,1.30188679245283,0,0
2015,42,"1379*A",421,-3385,"Lupinus argenteus",1.5,NA,NA,2.5,0,1,1,1,0,0,3.0530303030303,0,0
2016,42,"1379*A",421,-3385,"Lupinus argenteus",0,1.5,-1.5,0,0,0,0,0,0,1,1.30188679245283,0,0
2015,42,"1380*A",431,-3372,"Lupinus argenteus",3.5,NA,NA,3.5,0,1,1,1,0,0,3.0530303030303,0,0
2016,42,"1380*A",431,-3372,"Lupinus argenteus",7,3.5,3.5,4.5,0,0,0,1,0,0,1.30188679245283,0,0
2017,42,"1380*A",431,-3372,"Lupinus argenteus",12,7,5,6,0,0,0,1,0,0,1.28571428571429,0,0
2018,42,"1380*A",431,-3372,"Lupinus argenteus",0,12,-12,0,0,0,0,0,0,1,1.12213740458015,0,0
2015,42,"1381*A",429,-3342,"Lupinus argenteus",3,NA,NA,3,0,1,1,1,0,0,3.0530303030303,0,0
2016,42,"1381*A",429,-3342,"Lupinus argenteus",0,3,-3,0,0,0,0,0,0,1,1.30188679245283,0,0
2015,42,"1382*A",425,-3315,"Lupinus argenteus",3.5,NA,NA,3,0,1,1,1,0,0,3.0530303030303,0,0
2016,42,"1382*A",425,-3315,"Lupinus argenteus",4,3.5,0.5,5,0,0,0,1,0,0,1.30188679245283,0,0
2017,42,"1382*A",425,-3315,"Lupinus argenteus",5,4,1,5,0,0,0,1,0,0,1.28571428571429,0,0
2018,42,"1382*A",425,-3315,"Lupinus argenteus",0,5,-5,0,0,0,0,0,0,1,1.12213740458015,0,0
2015,42,"1383*A",424,-3363,"Lupinus argenteus",3,NA,NA,1.5,0,1,1,1,0,0,3.0530303030303,0,0
2016,42,"1383*A",424,-3363,"Lupinus argenteus",6.5,3,3.5,3,0,0,0,1,0,0,1.30188679245283,0,0
2017,42,"1383*A",424,-3363,"Lupinus argenteus",4,6.5,-2.5,3.5,0,0,0,1,0,0,1.28571428571429,0,0
2018,42,"1383*A",424,-3363,"Lupinus argenteus",0,4,-4,0,0,0,0,0,0,1,1.12213740458015,0,0
2015,42,"1384*A",428,-3358,"Lupinus argenteus",2.5,NA,NA,2,0,1,1,1,0,0,3.0530303030303,0,0
2016,42,"1384*A",428,-3358,"Lupinus argenteus",0,2.5,-2.5,0,0,0,0,0,0,1,1.30188679245283,0,0
2015,42,"1385*A",438,-3323,"Lupinus argenteus",2.5,NA,NA,2,0,1,1,1,0,0,3.0530303030303,0,0
2016,42,"1385*A",438,-3323,"Lupinus argenteus",6,2.5,3.5,4,0,0,0,1,0,0,1.30188679245283,0,0
2017,42,"1385*A",438,-3323,"Lupinus argenteus",8.5,6,2.5,5.5,0,0,0,1,0,0,1.28571428571429,0,0
2018,42,"1385*A",438,-3323,"Lupinus argenteus",6,8.5,-2.5,3.5,0,0,0,1,0,0,1.12213740458015,0,0
2019,42,"1385*A",438,-3323,"Lupinus argenteus",0,6,-6,0,0,0,0,0,0,1,0.5,0,0
2015,42,"1386*A",433,-3312,"Lupinus argenteus",3.5,NA,NA,3,0,1,1,1,0,0,3.0530303030303,0,0
2016,42,"1386*A",433,-3312,"Lupinus argenteus",6,3.5,2.5,4,0,0,0,1,0,0,1.30188679245283,0,0
2017,42,"1386*A",433,-3312,"Lupinus argenteus",5.5,6,-0.5,4.5,0,0,0,1,0,0,1.28571428571429,0,0
2018,42,"1386*A",433,-3312,"Lupinus argenteus",6.5,5.5,1,4.5,0,0,0,1,0,0,1.12213740458015,0,0
2019,42,"1386*A",433,-3312,"Lupinus argenteus",0,6.5,-6.5,0,0,0,0,0,0,1,0.5,0,0
2015,42,"1387*A",415,-3300,"Lupinus argenteus",4,NA,NA,2.5,0,1,1,1,0,0,3.0530303030303,0,0
2016,42,"1387*A",415,-3300,"Lupinus argenteus",7,4,3,6,0,0,0,1,0,0,1.30188679245283,0,0
2017,42,"1387*A",415,-3300,"Lupinus argenteus",3,7,-4,5,0,0,0,1,0,0,1.28571428571429,0,0
2018,42,"1387*A",415,-3300,"Lupinus argenteus",0,3,-3,0,0,0,0,0,0,1,1.12213740458015,0,0
2015,42,"1388*A",400,-3310,"Lupinus argenteus",2,NA,NA,2.5,0,1,1,1,0,0,3.0530303030303,0,0
2016,42,"1388*A",400,-3310,"Lupinus argenteus",5,2,3,6,0,0,0,1,0,0,1.30188679245283,0,0
2017,42,"1388*A",400,-3310,"Lupinus argenteus",0,5,-5,0,0,0,0,0,0,1,1.28571428571429,0,0
2015,42,"1389*A",408,-3280,"Lupinus argenteus",2,NA,NA,2,0,1,1,1,0,0,3.0530303030303,0,0
2016,42,"1389*A",408,-3280,"Lupinus argenteus",6,2,4,6,0,0,0,1,0,0,1.30188679245283,0,0
2017,42,"1389*A",408,-3280,"Lupinus argenteus",10,6,4,6.5,0,0,0,1,0,0,1.28571428571429,0,0
2018,42,"1389*A",408,-3280,"Lupinus argenteus",0.5,10,-9.5,0.2,0,0,0,1,0,0,1.12213740458015,0,0
2019,42,"1389*A",408,-3280,"Lupinus argenteus",0,0.5,-0.5,0,0,0,0,0,0,1,0.5,0,0
2014,13,"139*A",944,-951,"Eriogonum umbellatum",41,NA,NA,4,44,0,NA,1,0,0,2.52336448598131,12.824581288542,0
2015,13,"139*A",944,-951,"Eriogonum umbellatum",46,41,5,4,66,0,0,1,0,0,3.0530303030303,34.3210963581085,0
2016,13,"139*A",944,-951,"Eriogonum umbellatum",49,46,3,4,57,0,0,1,0,0,1.30188679245283,31.1714225318258,0
2017,13,"139*A",944,-951,"Eriogonum umbellatum",50,49,1,4,77,0,0,1,0,0,1.28571428571429,63.3528612631337,0
2018,13,"139*A",944,-951,"Eriogonum umbellatum",48,50,-2,3,59,0,0,1,0,0,1.12213740458015,62.2563875193276,0
2019,13,"139*A",944,-951,"Eriogonum umbellatum",46,48,-2,4,145,0,0,1,0,0,0.5,42.7693761814745,0
2015,42,"1390*A",405,-3270,"Lupinus argenteus",2.5,NA,NA,2,0,1,1,1,0,0,3.0530303030303,0,0
2016,42,"1390*A",405,-3270,"Lupinus argenteus",5.5,2.5,3,6,0,0,0,1,0,0,1.30188679245283,0,0
2017,42,"1390*A",405,-3270,"Lupinus argenteus",3.5,5.5,-2,2.5,0,0,0,1,0,0,1.28571428571429,0,0
2018,42,"1390*A",405,-3270,"Lupinus argenteus",0,3.5,-3.5,0,0,0,0,0,0,1,1.12213740458015,0,0
2015,42,"1391*A",462,-3281,"Lupinus argenteus",3,NA,NA,2,0,1,1,1,0,0,3.0530303030303,0,0
2016,42,"1391*A",462,-3281,"Lupinus argenteus",7,3,4,4,0,0,0,1,0,0,1.30188679245283,0,0
2017,42,"1391*A",462,-3281,"Lupinus argenteus",0,7,-7,0,0,0,0,0,0,1,1.28571428571429,0,0
2015,42,"1392*A",401.350626173,-3232.735597,"Eriogonum umbellatum",1,NA,NA,1,0,1,1,1,0,0,3.0530303030303,99.99999999999,35.5193116611979
2015,42,"1392*B",400.875902251,-3232.4967649,"Eriogonum umbellatum",1,NA,NA,1,0,1,1,0,1,0,3.0530303030303,99.9999999999891,35.5193116611931
2015,42,"1392*C",399.814474597,-3234.6286358,"Eriogonum umbellatum",1,NA,NA,1,0,1,1,0,1,0,3.0530303030303,100,0
2016,42,"1392*A",401,-3232,"Eriogonum umbellatum",0.5,1,-0.5,1,0,0,0,1,0,0,1.30188679245283,99.9999999999909,0
2017,42,"1392*A",401,-3232,"Eriogonum umbellatum",0,0.5,-0.5,0,0,0,0,0,0,1,1.28571428571429,0,0
2015,42,"1393*A",410,-3240,"Lupinus argenteus",2.5,NA,NA,2.5,0,1,1,1,0,0,3.0530303030303,0,0.196522005958403
2016,42,"1393*A",410,-3240,"Lupinus argenteus",3,2.5,0.5,4,0,0,0,1,0,0,1.30188679245283,0,100
2017,42,"1393*A",410,-3240,"Lupinus argenteus",2,3,-1,2.5,0,0,0,1,0,0,1.28571428571429,0,0
2018,42,"1393*A",410,-3240,"Lupinus argenteus",0,2,-2,0,0,0,0,0,0,1,1.12213740458015,0,0
2015,42,"1394*A",419,-3216,"Lupinus argenteus",3,NA,NA,3,0,1,1,1,0,0,3.0530303030303,0,64.4782311669877
2016,42,"1394*A",419,-3216,"Lupinus argenteus",8,3,5,5,0,0,0,1,0,0,1.30188679245283,0,16.8127609122283
2017,42,"1394*A",419,-3216,"Lupinus argenteus",14,8,6,7,0,0,0,1,0,0,1.28571428571429,0,0
2018,42,"1394*A",419,-3216,"Lupinus argenteus",0,14,-14,0,0,0,0,0,0,1,1.12213740458015,0,0
2015,42,"1395*A",424,-3205,"Lupinus argenteus",3,NA,NA,2,0,1,1,1,0,0,3.0530303030303,0,75.3573090633815
2016,42,"1395*A",424,-3205,"Lupinus argenteus",3,3,0,2,0,0,0,1,0,0,1.30188679245283,0,52.8380454454107
2017,42,"1395*A",424,-3205,"Lupinus argenteus",0,3,-3,0,0,0,0,0,0,1,1.28571428571429,0,0
2015,42,"1396*A",424,-3203,"Lupinus argenteus",3,NA,NA,2,0,1,1,1,0,0,3.0530303030303,0,24.3964151598318
2016,42,"1396*A",424,-3203,"Lupinus argenteus",4.5,3,1.5,4,0,0,0,1,0,0,1.30188679245283,4.93827160493847,23.483575753516
2017,42,"1396*A",424,-3203,"Lupinus argenteus",0,4.5,-4.5,0,0,0,0,0,0,1,1.28571428571429,0,0
2015,42,"1397*A",423,-3216,"Lupinus argenteus",0,NA,NA,0,0,1,1,1,0,0,3.0530303030303,0,0
2016,42,"1397*A",423,-3216,"Lupinus argenteus",5,0,5,3,0,0,0,1,0,0,1.30188679245283,0,43.0406679353043
2017,42,"1397*A",423,-3216,"Lupinus argenteus",0,5,-5,0,0,0,0,0,0,1,1.28571428571429,0,0
2015,42,"1398*A",426,-3204,"Lupinus argenteus",2,NA,NA,2,0,1,1,1,0,0,3.0530303030303,0,11.9562182127341
2016,42,"1398*A",426,-3204,"Lupinus argenteus",0,2,-2,0,0,0,0,1,0,0,1.30188679245283,0,0
2017,42,"1398*A",426,-3204,"Lupinus argenteus",4,0,4,4,0,0,0,1,0,0,1.28571428571429,0,0
2018,42,"1398*A",426,-3204,"Lupinus argenteus",0,4,-4,0,0,0,0,0,0,1,1.12213740458015,0,0
2015,42,"1399*A",463,-3205,"Lupinus argenteus",2,NA,NA,2,0,1,1,1,0,0,3.0530303030303,0,0
2016,42,"1399*A",463,-3205,"Lupinus argenteus",7,2,5,4,0,0,0,1,0,0,1.30188679245283,0,0
2017,42,"1399*A",463,-3205,"Lupinus argenteus",14,7,7,10.5,0,0,0,1,0,0,1.28571428571429,0,0
2018,42,"1399*A",463,-3205,"Lupinus argenteus",0,14,-14,0,0,0,0,0,0,1,1.12213740458015,0,0
2014,1,"14*A",200,-70,"Lupinus argenteus",34,NA,NA,13,6,0,NA,1,0,0,2.52336448598131,70.9995514844674,0
2015,1,"14*A",200,-70,"Lupinus argenteus",29,34,-5,12,0,0,0,1,0,0,3.0530303030303,77.3881874065043,0
2016,1,"14*A",200,-70,"Lupinus argenteus",26,29,-3,15,0,0,0,1,0,0,1.30188679245283,81.407241716403,0
2017,1,"14*A",200,-70,"Lupinus argenteus",0,26,-26,0,0,0,0,0,0,1,1.28571428571429,0,0
2014,13,"140*A",938,-943,"Elymus lanceolatus",2,NA,NA,4,0,0,NA,1,0,0,2.52336448598131,99.9999999999982,0
2015,13,"140*A",938,-943,"Elymus lanceolatus",6,2,4,10,0,0,0,1,0,0,3.0530303030303,100.000000000001,86.4842397080905
2016,13,"140*A",938,-943,"Elymus lanceolatus",13,6,7,15.5,1,0,0,1,0,0,1.30188679245283,99.9999999999999,39.3380289780089
2017,13,"140*A",938,-943,"Elymus lanceolatus",19,13,6,22,2,0,0,0,1,0,1.28571428571429,99.9999999999999,92.8922443966747
2015,42,"1400*A",443,-3253,"Lupinus argenteus",3.5,NA,NA,2.5,0,1,1,1,0,0,3.0530303030303,0,0
2016,42,"1400*A",443,-3253,"Lupinus argenteus",6,3.5,2.5,7,0,0,0,1,0,0,1.30188679245283,0,0
2017,42,"1400*A",443,-3253,"Lupinus argenteus",0,6,-6,0,0,0,0,0,0,1,1.28571428571429,0,0
2015,42,"1401*A",484,-3233,"Lupinus argenteus",3,NA,NA,2,0,1,1,1,0,0,3.0530303030303,0,0
2016,42,"1401*A",484,-3233,"Lupinus argenteus",0,3,-3,0,0,0,0,0,0,1,1.30188679245283,0,0
2015,42,"1402*A",518,-3229,"Lupinus argenteus",3,NA,NA,2,0,1,1,1,0,0,3.0530303030303,0,0
2016,42,"1402*A",518,-3229,"Lupinus argenteus",8,3,5,4,0,0,0,1,0,0,1.30188679245283,0,2.22426907694685
2017,42,"1402*A",518,-3229,"Lupinus argenteus",10,8,2,5,0,0,0,1,0,0,1.28571428571429,0,0
2018,42,"1402*A",518,-3229,"Lupinus argenteus",0,10,-10,0,0,0,0,0,0,1,1.12213740458015,0,0
2015,42,"1403*A",542,-3333,"Lupinus argenteus",2,NA,NA,2.5,0,1,1,1,0,0,3.0530303030303,0,0
2016,42,"1403*A",542,-3333,"Lupinus argenteus",7,2,5,5.5,0,0,0,1,0,0,1.30188679245283,0,0
2017,42,"1403*A",542,-3333,"Lupinus argenteus",8,7,1,6,0,0,0,1,0,0,1.28571428571429,0,0
2018,42,"1403*A",542,-3333,"Lupinus argenteus",12.5,8,4.5,6.5,0,0,0,1,0,0,1.12213740458015,0,0
2019,42,"1403*A",542,-3333,"Lupinus argenteus",0,12.5,-12.5,0,0,0,0,0,0,1,0.5,0,0
2015,42,"1404*A",540,-3359,"Lupinus argenteus",0,NA,NA,0,0,1,1,0,0,1,3.0530303030303,0,0
2015,42,"1405*A",572,-3367,"Lupinus argenteus",2.5,NA,NA,2,0,1,1,1,0,0,3.0530303030303,0,0
2016,42,"1405*A",572,-3367,"Lupinus argenteus",8,2.5,5.5,4.5,0,0,0,1,0,0,1.30188679245283,0,0
2017,42,"1405*A",572,-3367,"Lupinus argenteus",0,8,-8,0,0,0,0,0,0,1,1.28571428571429,0,0
2015,42,"1406*A",523,-3315,"Lupinus argenteus",2,NA,NA,1.5,0,1,1,1,0,0,3.0530303030303,0,0
2016,42,"1406*A",523,-3315,"Lupinus argenteus",0,2,-2,0,0,0,0,0,0,1,1.30188679245283,0,0
2015,42,"1407*A",502,-3391,"Lupinus argenteus",2,NA,NA,1.5,0,1,1,1,0,0,3.0530303030303,0,0
2016,42,"1407*A",502,-3391,"Lupinus argenteus",1.5,2,-0.5,1,0,0,0,1,0,0,1.30188679245283,0,0
2017,42,"1407*A",502,-3391,"Lupinus argenteus",0,1.5,-1.5,0,0,0,0,0,0,1,1.28571428571429,0,0
2015,42,"1408*A",554,-3397,"Lupinus argenteus",2.5,NA,NA,2,0,1,1,1,0,0,3.0530303030303,0,0
2016,42,"1408*A",554,-3397,"Lupinus argenteus",4,2.5,1.5,2.5,0,0,0,1,0,0,1.30188679245283,0,0
2017,42,"1408*A",554,-3397,"Lupinus argenteus",0,4,-4,0,0,0,0,0,0,1,1.28571428571429,0,0
2015,42,"1409*A",451,-3265,"Lupinus argenteus",2.5,NA,NA,2.5,0,1,1,1,0,0,3.0530303030303,0,0
2016,42,"1409*A",451,-3265,"Lupinus argenteus",9,2.5,6.5,5,0,0,0,1,0,0,1.30188679245283,0,0
2017,42,"1409*A",451,-3265,"Lupinus argenteus",0,9,-9,0,0,0,0,0,0,1,1.28571428571429,0,0
2014,13,"141*A",950,-940,"Chaenactis douglasii",7,NA,NA,9,6,0,NA,1,0,0,2.52336448598131,141.88241253873,0
2015,13,"141*A",950,-940,"Chaenactis douglasii",1.5,7,-5.5,0.8,0,0,0,1,0,0,3.0530303030303,200.000000000018,0
2016,13,"141*A",950,-940,"Chaenactis douglasii",0.5,1.5,-1,0.5,0,0,0,1,0,0,1.30188679245283,200.000000000048,0
2017,13,"141*A",950,-940,"Chaenactis douglasii",0,0.5,-0.5,0,0,0,0,0,0,1,1.28571428571429,0,0
2015,42,"1410*A",442,-3203,"Lupinus argenteus",2.5,NA,NA,2.5,0,1,1,1,0,0,3.0530303030303,0,0
2016,42,"1410*A",442,-3203,"Lupinus argenteus",5,2.5,2.5,4,0,0,0,1,0,0,1.30188679245283,0,0
2017,42,"1410*A",442,-3203,"Lupinus argenteus",0,5,-5,0,0,0,0,0,0,1,1.28571428571429,0,0
2015,47,"1411*A",463,-3800,"Lupinus argenteus",3.5,NA,NA,3,0,1,1,1,0,0,3.0530303030303,0,0
2016,47,"1411*A",463,-3800,"Lupinus argenteus",6,3.5,2.5,4,0,0,0,1,0,0,1.30188679245283,0,0
2017,47,"1411*A",463,-3800,"Lupinus argenteus",0,6,-6,0,0,0,0,0,0,1,1.28571428571429,0,0
2015,47,"1412*A",426,-3785,"Lupinus argenteus",2,NA,NA,2,0,1,1,1,0,0,3.0530303030303,0,0
2016,47,"1412*A",426,-3785,"Lupinus argenteus",6,2,4,3,0,0,0,1,0,0,1.30188679245283,0,0
2017,47,"1412*A",426.29218848,-3785.61299748,"Lupinus argenteus",1,6,-5,1,0,0,0,1,0,0,1.28571428571429,0,45.380516905566
2017,47,"1412*B",425.89658521,-3785.41397075,"Lupinus argenteus",1,NA,NA,1,0,0,1,0,1,0,1.28571428571429,0,45.3805169055715
2017,47,"1412*C",425.01206216,-3787.19052983,"Lupinus argenteus",1,NA,NA,1,0,0,1,0,1,0,1.28571428571429,0,0
2018,47,"1412*A",426,-3785,"Lupinus argenteus",0,1,-1,0,0,0,0,0,0,1,1.12213740458015,0,0
2015,47,"1413*A",407,-3797,"Carex siccata",42,NA,NA,19,2,0,1,1,0,0,3.0530303030303,0,0
2016,47,"1413*A",407,-3797,"Carex siccata",37,42,-5,17,8,0,0,1,0,0,1.30188679245283,0,0
2017,47,"1413*A",407,-3797,"Carex siccata",9,37,-28,6,0,0,0,1,0,0,1.28571428571429,0,0
2018,47,"1413*A",407,-3797,"Carex siccata",0,9,-9,0,0,0,0,0,0,1,1.12213740458015,0,0
2015,47,"1414*A",474,-3753,"Lupinus argenteus",2.5,NA,NA,2.5,0,1,1,1,0,0,3.0530303030303,0,0
2016,47,"1414*A",474,-3753,"Lupinus argenteus",2,2.5,-0.5,2,0,0,0,1,0,0,1.30188679245283,0,0
2017,47,"1414*A",474,-3753,"Lupinus argenteus",0,2,-2,0,0,0,0,0,0,1,1.28571428571429,0,0
2015,47,"1415*A",446,-3699,"Lupinus argenteus",2,NA,NA,1.5,0,1,1,1,0,0,3.0530303030303,0,0
2016,47,"1415*A",446,-3699,"Lupinus argenteus",1,2,-1,1,0,0,0,1,0,0,1.30188679245283,0,0
2017,47,"1415*A",446,-3699,"Lupinus argenteus",0,1,-1,0,0,0,0,0,0,1,1.28571428571429,0,0
2015,47,"1416*A",413,-3653,"Lupinus argenteus",1,NA,NA,1,0,1,1,1,0,0,3.0530303030303,0,0
2016,47,"1416*A",413,-3653,"Lupinus argenteus",0,1,-1,0,0,0,0,0,0,1,1.30188679245283,0,0
2015,47,"1417*A",429,-3629,"Lupinus argenteus",0,NA,NA,0,0,1,1,0,0,1,3.0530303030303,0,0
2015,47,"1418*A",434,-3625,"Lupinus argenteus",0,NA,NA,0,0,1,1,0,0,1,3.0530303030303,0,0
2015,47,"1419*A",444,-3618,"Lupinus argenteus",3,NA,NA,2.5,0,1,1,1,0,0,3.0530303030303,0,0
2016,47,"1419*A",444,-3618,"Lupinus argenteus",5,3,2,3,0,0,0,1,0,0,1.30188679245283,0,0
2017,47,"1419*A",444,-3618,"Lupinus argenteus",0,5,-5,0,0,0,0,0,0,1,1.28571428571429,0,0
2014,13,"142*A",946,-948,"Elymus lanceolatus",9,NA,NA,23,1,0,NA,1,0,0,2.52336448598131,100.000000000003,39.2945372530329
2015,13,"142*A",946,-948,"Elymus lanceolatus",7,9,-2,11,0,0,0,1,0,0,3.0530303030303,100.000000000003,100.000000000003
2016,13,"142*A",946,-948,"Elymus lanceolatus",9,7,2,23,2,0,0,1,0,0,1.30188679245283,100.000000000003,109.019202350886
2017,13,"142*A",946,-948,"Elymus lanceolatus",9,9,0,15,0,0,0,1,0,0,1.28571428571429,100.000000000003,145.495031954817
2018,13,"142*A",946,-948,"Elymus lanceolatus",5,9,-4,11,2,0,0,1,0,0,1.12213740458015,100,100
2019,13,"142*A",946,-948,"Elymus lanceolatus",11,5,6,11,0,0,0,1,0,0,0.5,99.999999999999,99.999999999999
2015,47,"1420*A",401,-3603,"Lupinus argenteus",1.5,NA,NA,1.5,0,1,1,1,0,0,3.0530303030303,0,0
2016,47,"1420*A",401,-3603,"Lupinus argenteus",6,1.5,4.5,4,0,0,0,1,0,0,1.30188679245283,0,0
2017,47,"1420*A",401,-3603,"Lupinus argenteus",7,6,1,6,0,0,0,1,0,0,1.28571428571429,0,0
2018,47,"1420*A",401,-3603,"Lupinus argenteus",0,7,-7,0,0,0,0,0,0,1,1.12213740458015,0,0
2015,47,"1421*A",472,-3629,"Lupinus argenteus",3.5,NA,NA,2,0,1,1,1,0,0,3.0530303030303,0,0
2016,47,"1421*A",472,-3629,"Lupinus argenteus",0,3.5,-3.5,0,0,0,0,0,0,1,1.30188679245283,0,0
2015,47,"1422*A",518,-3641,"Lupinus argenteus",1.5,NA,NA,2.5,0,1,1,1,0,0,3.0530303030303,0,0
2016,47,"1422*A",518,-3641,"Lupinus argenteus",3.5,1.5,2,2,0,0,0,1,0,0,1.30188679245283,0,0
2017,47,"1422*A",518,-3641,"Lupinus argenteus",6,3.5,2.5,4,0,0,0,1,0,0,1.28571428571429,0,0
2018,47,"1422*A",518,-3641,"Lupinus argenteus",0,6,-6,0,0,0,0,0,0,1,1.12213740458015,0,0
2015,47,"1423*A",526,-3652,"Lupinus argenteus",2.5,NA,NA,2.5,0,1,1,1,0,0,3.0530303030303,0,65.2267600034448
2016,47,"1423*A",526,-3652,"Lupinus argenteus",0.5,2.5,-2,1,0,0,0,1,0,0,1.30188679245283,0,99.9999999999809
2017,47,"1423*A",526,-3652,"Lupinus argenteus",0,0.5,-0.5,0,0,0,0,0,0,1,1.28571428571429,0,0
2015,47,"1424*A",526,-3653,"Lupinus argenteus",3,NA,NA,2.5,0,1,1,1,0,0,3.0530303030303,0,45.2963611135009
2016,47,"1424*A",526,-3653,"Lupinus argenteus",4.5,3,1.5,3,0,0,0,1,0,0,1.30188679245283,0,1.23456790123448
2017,47,"1424*A",526,-3653,"Lupinus argenteus",0,4.5,-4.5,0,0,0,0,0,0,1,1.28571428571429,0,0
2015,47,"1425*A",551,-3645,"Lupinus argenteus",2.5,NA,NA,2.5,0,1,1,1,0,0,3.0530303030303,0,0
2016,47,"1425*A",551,-3645,"Lupinus argenteus",9,2.5,6.5,5,0,0,0,1,0,0,1.30188679245283,0,0
2017,47,"1425*A",551,-3645,"Lupinus argenteus",1,9,-8,1,0,0,0,1,0,0,1.28571428571429,0,0
2018,47,"1425*A",551,-3645,"Lupinus argenteus",10.5,1,9.5,6.5,0,0,0,1,0,0,1.12213740458015,0,0
2019,47,"1425*A",551,-3645,"Lupinus argenteus",12.2,10.5,1.7,7,0,0,0,1,0,0,0.5,0,0
2015,47,"1426*A",550,-3652,"Lupinus argenteus",3,NA,NA,2,0,1,1,1,0,0,3.0530303030303,0,0
2016,47,"1426*A",550,-3652,"Lupinus argenteus",0,3,-3,0,0,0,0,0,0,1,1.30188679245283,0,0
2015,47,"1427*A",473,-3605,"Lupinus argenteus",2.5,NA,NA,2,0,1,1,1,0,0,3.0530303030303,0,0
2016,47,"1427*A",473,-3605,"Lupinus argenteus",4,2.5,1.5,4,0,0,0,1,0,0,1.30188679245283,0,0
2017,47,"1427*A",473,-3605,"Lupinus argenteus",0,4,-4,0,0,0,0,0,0,1,1.28571428571429,0,0
2015,47,"1428*A",475,-3618,"Lupinus argenteus",2,NA,NA,2,0,1,1,1,0,0,3.0530303030303,0,0
2016,47,"1428*A",475,-3618,"Lupinus argenteus",1.5,2,-0.5,2,0,0,0,1,0,0,1.30188679245283,0,0
2017,47,"1428*A",475,-3618,"Lupinus argenteus",0,1.5,-1.5,0,0,0,0,0,0,1,1.28571428571429,0,0
2015,47,"1429*A",600,-3675,"Lupinus argenteus",3,NA,NA,3,0,1,1,1,0,0,3.0530303030303,0,0
2016,47,"1429*A",600,-3675,"Lupinus argenteus",9,3,6,5,0,0,0,1,0,0,1.30188679245283,0,0
2017,47,"1429*A",600,-3675,"Lupinus argenteus",0,9,-9,0,0,0,0,0,0,1,1.28571428571429,0,0
2014,13,"143*A",948,-944,"Elymus lanceolatus",9,NA,NA,18,2,0,NA,1,0,0,2.52336448598131,125.336274251822,39.2945372530321
2015,13,"143*A",948,-944,"Elymus lanceolatus",24,9,15,21,2,0,0,1,0,0,3.0530303030303,100.607638888889,16.9202553877018
2016,13,"143*A",948,-944,"Elymus lanceolatus",18.5,24,-5.5,21,6,0,0,1,0,0,1.30188679245283,100.073046018992,45.6376269956197
2017,13,"143*A",948,-944,"Elymus lanceolatus",32,18.5,13.5,16,3,0,0,1,0,0,1.28571428571429,99.9999999999999,46.1307556394022
2018,13,"143*A",948,-944,"Elymus lanceolatus",38,32,6,23,14,0,0,1,0,0,1.12213740458015,93.1436828956177,8.22212287173816
2019,13,"143*A",948,-944,"Elymus lanceolatus",28,38,-10,26,9,0,0,1,0,0,0.5,100,15.4336734693877
2015,47,"1430*A",595,-3693,"Lupinus argenteus",2.5,NA,NA,2,0,1,1,1,0,0,3.0530303030303,0,0
2016,47,"1430*A",595,-3693,"Lupinus argenteus",2.5,2.5,0,2,0,0,0,1,0,0,1.30188679245283,0,0
2017,47,"1430*A",595,-3693,"Lupinus argenteus",0,2.5,-2.5,0,0,0,0,0,0,1,1.28571428571429,0,0
2015,47,"1431*A",571,-3668,"Lupinus argenteus",0,NA,NA,0,0,1,1,0,0,1,3.0530303030303,0,0
2015,47,"1432*A",573,-3740,"Lupinus argenteus",2.5,NA,NA,2,0,1,1,1,0,0,3.0530303030303,0,0
2016,47,"1432*A",573,-3740,"Lupinus argenteus",7.5,2.5,5,4,0,0,0,1,0,0,1.30188679245283,0,0
2017,47,"1432*A",573,-3740,"Lupinus argenteus",13.5,7.5,6,7,0,0,0,1,0,0,1.28571428571429,0,0
2018,47,"1432*A",573,-3740,"Lupinus argenteus",0,13.5,-13.5,0,0,0,0,0,0,1,1.12213740458015,0,0
2015,47,"1433*A",574,-3689,"Lupinus argenteus",2,NA,NA,1.5,0,1,1,1,0,0,3.0530303030303,0,0
2016,47,"1433*A",574,-3689,"Lupinus argenteus",3,2,1,2,0,0,0,1,0,0,1.30188679245283,0,0
2017,47,"1433*A",574,-3689,"Lupinus argenteus",0,3,-3,0,0,0,0,0,0,1,1.28571428571429,0,0
2015,47,"1434*A",502,-3702,"Lupinus argenteus",3,NA,NA,2,0,1,1,1,0,0,3.0530303030303,0,0
2016,47,"1434*A",502,-3702,"Lupinus argenteus",0,3,-3,0,0,0,0,0,0,1,1.30188679245283,0,0
2015,49,"1435*A",1254,-3760,"Lupinus argenteus",2.5,NA,NA,2,0,1,1,1,0,0,3.0530303030303,0,0
2016,49,"1435*A",1254,-3760,"Lupinus argenteus",3,2.5,0.5,2,0,0,0,1,0,0,1.30188679245283,0,0
2017,49,"1435*A",1254,-3760,"Lupinus argenteus",0,3,-3,0,0,0,0,0,0,1,1.28571428571429,0,0
2015,49,"1436*A",1215,-3693,"Lupinus argenteus",3,NA,NA,2,0,1,1,1,0,0,3.0530303030303,0,0
2016,49,"1436*A",1215,-3693,"Lupinus argenteus",5.5,3,2.5,3.5,0,0,0,1,0,0,1.30188679245283,0,0
2017,49,"1436*A",1215,-3693,"Lupinus argenteus",7.5,5.5,2,5,0,0,0,1,0,0,1.28571428571429,0,0
2018,49,"1436*A",1215,-3693,"Lupinus argenteus",0,7.5,-7.5,0,0,0,0,0,0,1,1.12213740458015,0,0
2015,49,"1437*A",1259,-3614,"Agoseris glauca",1,NA,NA,1,0,1,1,1,0,0,3.0530303030303,99.99999999998,99.99999999998
2016,49,"1437*A",1259,-3614,"Agoseris glauca",0,1,-1,0,0,0,0,0,0,1,1.30188679245283,0,0
2015,49,"1438*A",1259,-3614,"Agoseris glauca",1,NA,NA,1,0,1,1,1,0,0,3.0530303030303,99.99999999998,99.99999999998
2016,49,"1438*A",1259,-3614,"Agoseris glauca",0,1,-1,0,0,0,0,0,0,1,1.30188679245283,0,0
2015,50,"1439*A",1682,-3647,"Lupinus argenteus",3,NA,NA,2,0,1,1,1,0,0,3.0530303030303,0,0
2016,50,"1439*A",1682,-3647,"Lupinus argenteus",4,3,1,3.5,0,0,0,1,0,0,1.30188679245283,0,0
2017,50,"1439*A",1682,-3647,"Lupinus argenteus",2,4,-2,1.5,0,0,0,1,0,0,1.28571428571429,0,0
2018,50,"1439*A",1682,-3647,"Lupinus argenteus",0,2,-2,0,0,0,0,0,0,1,1.12213740458015,0,0
2014,13,"144*A",960,-935,"Elymus lanceolatus",5,NA,NA,25,1,0,NA,1,0,0,2.52336448598131,2.32484584154373,0
2015,13,"144*A",960,-935,"Elymus lanceolatus",11,5,6,16,0,0,0,1,0,0,3.0530303030303,51.0201644112174,14.3192931721069
2016,13,"144*A",960,-935,"Elymus lanceolatus",16,11,5,20,1,0,0,1,0,0,1.30188679245283,60.9085371051274,6.25744661089588
2017,13,"144*A",960,-935,"Elymus lanceolatus",13,16,-3,24,1,0,0,1,0,0,1.28571428571429,69.71688259074,54.9638528750784
2018,13,"144*A",960,-935,"Elymus lanceolatus",10,13,-3,25,6,0,0,1,0,0,1.12213740458015,64.3923874325864,93.7274542678927
2019,13,"144*A",960,-935,"Elymus lanceolatus",0,10,-10,0,0,0,0,0,0,1,0.5,0,0
2015,46,"1440*A",10,-3795,"Lupinus argenteus",3.5,NA,NA,3,0,1,1,1,0,0,3.0530303030303,100,0
2016,46,"1440*A",10,-3795,"Lupinus argenteus",3,3.5,-0.5,3,0,0,0,1,0,0,1.30188679245283,100,0
2017,46,"1440*A",10,-3795,"Lupinus argenteus",0,3,-3,0,0,0,0,0,0,1,1.28571428571429,0,0
2015,46,"1441*A",20,-3782,"Heterotheca villosa",1.2,NA,NA,1.2,0,1,1,1,0,0,3.0530303030303,0,0
2016,46,"1441*A",20,-3782,"Heterotheca villosa",3.5,1.2,2.3,2,0,0,0,1,0,0,1.30188679245283,215.701419268689,100
2017,46,"1441*A",20,-3782,"Heterotheca villosa",0,3.5,-3.5,0,0,0,0,0,0,1,1.28571428571429,0,0
2015,46,"1442*A",29,-3783,"Senecio crassulus",0.7,NA,NA,1,0,1,1,1,0,0,3.0530303030303,99.9999999999994,0
2016,46,"1442*A",29,-3783,"Senecio crassulus",1.5,0.7,0.8,2,0,0,0,1,0,0,1.30188679245283,100,0
2017,46,"1442*A",29,-3783,"Senecio crassulus",0,1.5,-1.5,0,0,0,0,0,0,1,1.28571428571429,0,0
2015,46,"1443*A",33,-3786,"Senecio crassulus",0.8,NA,NA,0.5,0,1,1,1,0,0,3.0530303030303,0,0
2016,46,"1443*A",33,-3786,"Senecio crassulus",1.5,0.8,0.7,2.5,0,0,0,1,0,0,1.30188679245283,100,0
2017,46,"1443*A",33,-3786,"Senecio crassulus",0,1.5,-1.5,0,0,0,0,0,0,1,1.28571428571429,0,0
2015,46,"1444*A",35,-3787,"Viola praemorsa",0.7,NA,NA,0.5,0,1,1,1,0,0,3.0530303030303,100,0
2016,46,"1444*A",35,-3787,"Viola praemorsa",1,0.7,0.3,1.2,0,0,0,1,0,0,1.30188679245283,0,0
2017,46,"1444*A",35,-3787,"Viola praemorsa",0,1,-1,0,0,0,0,0,0,1,1.28571428571429,0,0
2015,46,"1445*A",46,-3783,"Eriogonum umbellatum",0.6,NA,NA,0.5,0,1,1,1,0,0,3.0530303030303,0,0
2016,46,"1445*A",46,-3783,"Eriogonum umbellatum",0,0.6,-0.6,0,0,0,0,0,0,1,1.30188679245283,0,0
2015,46,"1446*A",51,-3792,"Agoseris glauca",1.5,NA,NA,1.5,0,1,1,1,0,0,3.0530303030303,0,0
2016,46,"1446*A",51,-3792,"Agoseris glauca",2,1.5,0.5,3,1,0,0,1,0,0,1.30188679245283,0,0
2017,46,"1446*A",51,-3792,"Agoseris glauca",9,2,7,4,1,0,0,1,0,0,1.28571428571429,57.7703169573856,0
2018,46,"1446*A",51,-3792,"Agoseris glauca",3,9,-6,2.5,1,0,0,1,0,0,1.12213740458015,73.3843012049775,0
2019,46,"1446*A",51,-3792,"Agoseris glauca",7,3,4,4,2,0,0,1,0,0,0.5,0,0
2015,46,"1447*A",56.26296963,-3767.55169773,"Senecio crassulus",1,NA,NA,2,0,1,1,1,0,0,3.0530303030303,200,50.5054212225767
2015,46,"1447*B",55.90692669,-3767.37257368,"Senecio crassulus",1,NA,NA,2,0,1,1,0,1,0,3.0530303030303,200.000000000002,50.5054212225766
2016,46,"1447*A",56,-3767,"Senecio crassulus",0,1,-1,0,0,0,0,0,0,1,1.30188679245283,0,0
2015,46,"1448*A",63,-3766,"Senecio crassulus",1,NA,NA,1.5,0,1,1,1,0,0,3.0530303030303,200,0
2016,46,"1448*A",63,-3766,"Senecio crassulus",0,1,-1,0,0,0,0,0,0,1,1.30188679245283,0,0
2015,46,"1449*A",67.23375078,-3777.49039798,"Senecio crassulus",1,NA,NA,2,0,1,1,1,0,0,3.0530303030303,228.404874562648,55.7407490489
2015,46,"1449*B",66.91726817,-3777.3311766,"Senecio crassulus",1,NA,NA,2,0,1,1,1,0,0,3.0530303030303,276.262316232126,55.7407490489002
2015,46,"1449*C",66.20964973,-3778.75242386,"Senecio crassulus",1,NA,NA,2,0,1,1,0,1,0,3.0530303030303,100.822589938127,0
2016,46,"1449*A",67.17531309,-3777.36779849,"Senecio crassulus",2,1,1,4,0,0,0,1,0,0,1.30188679245283,125.000000000001,83.0884536508942
2016,46,"1449*B",66.93795113,-3777.24838245,"Senecio crassulus",2,1,1,4,0,0,0,0,1,0,1.30188679245283,125,83.0884536508926
2017,46,"1449*A",67,-3777,"Senecio crassulus",7,2,5,5,0,0,0,1,0,0,1.28571428571429,129.061327942708,0
2018,46,"1449*A",67,-3777,"Senecio crassulus",0,7,-7,0,0,0,0,0,0,1,1.12213740458015,0,0
2014,13,"145*A",901,-979,"Heterotheca villosa",28,NA,NA,8,26,0,NA,1,0,0,2.52336448598131,0,0
2015,13,"145*A",901,-979,"Heterotheca villosa",30,28,2,6,26,0,0,1,0,0,3.0530303030303,0,0
2016,13,"145*A",901,-979,"Heterotheca villosa",35,30,5,8,35,0,0,1,0,0,1.30188679245283,0,0
2017,13,"145*A",901,-979,"Heterotheca villosa",32,35,-3,7,117,0,0,1,0,0,1.28571428571429,0,0
2018,13,"145*A",901,-979,"Heterotheca villosa",20.5,32,-11.5,5.5,1,0,0,1,0,0,1.12213740458015,0,0
2019,13,"145*A",901,-979,"Heterotheca villosa",10,20.5,-10.5,6,5,0,0,1,0,0,0.5,0,0
2015,46,"1450*A",80,-3778,"Heterotheca villosa",0.8,NA,NA,1.5,0,1,1,1,0,0,3.0530303030303,100.000000000001,0
2016,46,"1450*A",80,-3778,"Heterotheca villosa",1,0.8,0.2,0.5,0,0,0,1,0,0,1.30188679245283,200.000000000002,0
2017,46,"1450*A",80,-3778,"Heterotheca villosa",0,1,-1,0,0,0,0,0,0,1,1.28571428571429,0,0
2015,46,"1451*A",83,-3787,"Lupinus argenteus",2.5,NA,NA,3,0,1,1,1,0,0,3.0530303030303,0,0
2016,46,"1451*A",83,-3787,"Lupinus argenteus",0,2.5,-2.5,0,0,0,0,0,0,1,1.30188679245283,0,0
2015,46,"1452*A",73,-3793,"Arenaria congesta",1,NA,NA,1,0,1,1,1,0,0,3.0530303030303,99.9999999999997,0
2016,46,"1452*A",73,-3793,"Arenaria congesta",3,1,2,2.5,0,0,0,1,0,0,1.30188679245283,135.618046101036,0
2017,46,"1452*A",73,-3793,"Arenaria congesta",5,3,2,1.5,0,0,0,1,0,0,1.28571428571429,19.9752962109437,0
2018,46,"1452*A",73,-3793,"Arenaria congesta",3,5,-2,1,0,0,0,1,0,0,1.12213740458015,16.8659762829704,0
2019,46,"1452*A",73,-3793,"Arenaria congesta",7,3,4,5,0,0,0,1,0,0,0.5,36.424273230213,0
2015,46,"1453*A",79,-3784,"Senecio crassulus",0.6,NA,NA,1.5,0,1,1,1,0,0,3.0530303030303,100.000000000001,0
2016,46,"1453*A",79,-3784,"Senecio crassulus",3,0.6,2.4,4,0,0,0,1,0,0,1.30188679245283,92.3233407849696,8.55013465177017
2017,46,"1453*A",79,-3784,"Senecio crassulus",7,3,4,9,1,0,0,1,0,0,1.28571428571429,68.2530814245234,38.0661363253585
2018,46,"1453*A",79,-3784,"Senecio crassulus",4,7,-3,4,0,0,0,1,0,0,1.12213740458015,68.1179138285379,53.3029210446532
2019,46,"1453*A",79,-3784,"Senecio crassulus",3,4,-1,4.5,0,0,0,1,0,0,0.5,0,0
2015,46,"1454*A",85,-3784.5,"Senecio crassulus",1,NA,NA,1.5,0,1,1,1,0,0,3.0530303030303,186.733152843233,0
2016,46,"1454*A",85,-3784.5,"Senecio crassulus",3,1,2,5,0,0,0,1,0,0,1.30188679245283,199.288653806489,100
2017,46,"1454*A",85,-3784.5,"Senecio crassulus",8,3,5,11,1,0,0,1,0,0,1.28571428571429,70.02861915635,105.343754786401
2018,46,"1454*A",85,-3784.5,"Senecio crassulus",12.5,8,4.5,10.5,1,0,0,1,0,0,1.12213740458015,58.5267233806984,41.0542090270012
2019,46,"1454*A",85,-3784.5,"Senecio crassulus",7,12.5,-5.5,5,0,0,0,1,0,0,0.5,2.71285914606324,0
2015,46,"1455*A",96,-3784,"Viola praemorsa",0.6,NA,NA,0.8,0,1,1,1,0,0,3.0530303030303,200.000000000006,100.000000000003
2016,46,"1455*A",96,-3784,"Viola praemorsa",0.7,0.6,0.1,0.8,0,0,0,1,0,0,1.30188679245283,199.999999999993,99.9999999999967
2017,46,"1455*A",96,-3784,"Viola praemorsa",1,0.7,0.3,1,0,0,0,1,0,0,1.28571428571429,100.000000000002,100.000000000002
2018,46,"1455*A",96,-3784,"Viola praemorsa",0,1,-1,0,0,0,0,0,0,1,1.12213740458015,0,0
2015,46,"1456*A",101,-3785,"Viola praemorsa",0,NA,NA,0,0,1,1,1,0,0,3.0530303030303,0,0
2016,46,"1456*A",101,-3785,"Viola praemorsa",2.5,0,2.5,2.5,0,0,0,1,0,0,1.30188679245283,100,0
2017,46,"1456*A",101,-3785,"Viola praemorsa",0,2.5,-2.5,0,0,0,0,0,0,1,1.28571428571429,0,0
2015,46,"1457*A",108,-3786,"Ivesia gordonii",0.8,NA,NA,0.8,0,1,1,1,0,0,3.0530303030303,0,0
2016,46,"1457*A",108,-3786,"Ivesia gordonii",3,0.8,2.2,1.5,0,0,0,1,0,0,1.30188679245283,0,0
2017,46,"1457*A",108,-3786,"Ivesia gordonii",0,3,-3,0,0,0,0,0,0,1,1.28571428571429,0,0
2015,46,"1458*A",111.1460942,-3790.306498738,"Heterotheca villosa",1,NA,NA,1,0,1,1,1,0,0,3.0530303030303,0,71.965128718892
2015,46,"1458*B",110.9482926,-3790.206985376,"Heterotheca villosa",1,NA,NA,1,0,1,1,0,1,0,3.0530303030303,0,71.9651287188915
2016,46,"1458*A",111,-3790,"Heterotheca villosa",0,1,-1,0,0,0,0,0,0,1,1.30188679245283,0,0
2015,46,"1459*A",104,-3765,"Phacelia hastata",1,NA,NA,0.5,0,1,1,1,0,0,3.0530303030303,200.000000000004,0
2016,46,"1459*A",104,-3765,"Phacelia hastata",1.2,1,0.2,2,0,0,0,1,0,0,1.30188679245283,200.000000000002,0
2017,46,"1459*A",104,-3765,"Phacelia hastata",0,1.2,-1.2,0,0,0,0,0,0,1,1.28571428571429,0,0
2014,14,"146*A",1265,-990,"Lupinus argenteus",10,NA,NA,6,0,0,NA,1,0,0,2.52336448598131,0,0
2015,14,"146*A",1265,-990,"Lupinus argenteus",4,10,-6,3.5,0,0,0,1,0,0,3.0530303030303,0,0
2016,14,"146*A",1265,-990,"Lupinus argenteus",5.4,4,1.4,3.5,0,0,0,1,0,0,1.30188679245283,0,0
2017,14,"146*A",1265,-990,"Lupinus argenteus",0,5.4,-5.4,0,0,0,0,0,0,1,1.28571428571429,0,0
2015,46,"1460*A",54,-3752,"Senecio crassulus",1.1,NA,NA,1.5,0,1,1,1,0,0,3.0530303030303,99.9999999999998,0
2016,46,"1460*A",54,-3752,"Senecio crassulus",1.5,1.1,0.4,3.5,0,0,0,1,0,0,1.30188679245283,100,0
2017,46,"1460*A",54,-3752,"Senecio crassulus",0,1.5,-1.5,0,0,0,0,0,0,1,1.28571428571429,0,0
2015,46,"1461*A",77,-3746,"Eriogonum umbellatum",0.5,NA,NA,0.5,0,1,1,1,0,0,3.0530303030303,299.999999999995,0
2016,46,"1461*A",77,-3746,"Eriogonum umbellatum",1.5,0.5,1,1,0,0,0,1,0,0,1.30188679245283,276.910972843028,100
2017,46,"1461*A",77,-3746,"Eriogonum umbellatum",0,1.5,-1.5,0,0,0,0,0,0,1,1.28571428571429,0,0
2015,46,"1462*A",76,-3750,"Senecio crassulus",1,NA,NA,1,0,1,1,1,0,0,3.0530303030303,300,0
2016,46,"1462*A",76,-3750,"Senecio crassulus",1.5,1,0.5,2.5,0,0,0,1,0,0,1.30188679245283,300.000000000003,0
2017,46,"1462*A",76,-3750,"Senecio crassulus",9,1.5,7.5,6,0,0,0,1,0,0,1.28571428571429,200,0
2018,46,"1462*A",76,-3750,"Senecio crassulus",9,9,0,6,0,0,0,1,0,0,1.12213740458015,101.12550350371,0
2019,46,"1462*A",76,-3750,"Senecio crassulus",9,9,0,9,0,0,0,1,0,0,0.5,109.059156428329,0
2015,46,"1463*A",120,-3784,"Lupinus argenteus",3,NA,NA,2,0,1,1,1,0,0,3.0530303030303,0,0
2016,46,"1463*A",120,-3784,"Lupinus argenteus",2,3,-1,2.5,0,0,0,1,0,0,1.30188679245283,0,0
2017,46,"1463*A",120,-3784,"Lupinus argenteus",0,2,-2,0,0,0,0,0,0,1,1.28571428571429,0,0
2015,46,"1464*A",117,-3778,"Lupinus argenteus",3.5,NA,NA,4,0,1,1,1,0,0,3.0530303030303,5.12407720595071,0
2016,46,"1464*A",117,-3778,"Lupinus argenteus",3,3.5,-0.5,4.5,0,0,0,1,0,0,1.30188679245283,22.9357565623833,0
2017,46,"1464*A",117,-3778,"Lupinus argenteus",0,3,-3,0,0,0,0,0,0,1,1.28571428571429,0,0
2015,46,"1465*A",119.1687539,-3776.4519899,"Ivesia gordonii",1,NA,NA,1,0,1,1,1,0,0,3.0530303030303,99.9999999999966,0
2015,46,"1465*B",117.5863408,-3775.65588301,"Ivesia gordonii",1,NA,NA,1,0,1,1,1,0,0,3.0530303030303,100,0
2015,46,"1465*C",114.0482487,-3782.76211931,"Ivesia gordonii",1,NA,NA,1,0,1,1,1,0,0,3.0530303030303,0,0
2015,46,"1465*D",123.8042912,-3766.62293508,"Ivesia gordonii",1,NA,NA,1,0,1,1,1,0,0,3.0530303030303,99.9999999999999,0
2015,46,"1465*E",111.2996995,-3769.85583253,"Ivesia gordonii",1,NA,NA,1,0,1,1,1,0,0,3.0530303030303,183.271691862406,0
2015,46,"1465*F",111.5211915,-3768.76037326,"Ivesia gordonii",1,NA,NA,1,0,1,1,1,0,0,3.0530303030303,199.99999999999,0
2015,46,"1465*G",120.4903564,-3767.98355967,"Ivesia gordonii",1,NA,NA,1,0,1,1,1,0,0,3.0530303030303,127.895106051756,0
2015,46,"1465*H",111.2714233,-3776.37253685,"Ivesia gordonii",1,NA,NA,1,0,1,1,1,0,0,3.0530303030303,100,0
2015,46,"1465*I",122.4732647,-3780.74757194,"Ivesia gordonii",1,NA,NA,1,0,1,1,1,0,0,3.0530303030303,0,0
2015,46,"1465*J",118.4076367,-3768.22112437,"Ivesia gordonii",1,NA,NA,1,0,1,1,1,0,0,3.0530303030303,199.999999999995,0
2015,46,"1465*K",120.6908741,-3764.64684046,"Ivesia gordonii",1,NA,NA,1,0,1,1,1,0,0,3.0530303030303,200.000000000004,0
2015,46,"1465*L",115.5354764,-3770.32281648,"Ivesia gordonii",1,NA,NA,1,0,1,1,1,0,0,3.0530303030303,199.999999999992,0
2015,46,"1465*M",125.0211036,-3780.69427189,"Ivesia gordonii",1,NA,NA,1,0,1,1,1,0,0,3.0530303030303,99.9999999999999,0
2016,46,"1465*A",119.0518785,-3776.20679091,"Ivesia gordonii",3,1,2,3,0,0,0,1,0,0,1.30188679245283,103.154686924147,35.5193154055814
2016,46,"1465*B",117.6277068,-3775.49029471,"Ivesia gordonii",3,1,2,3,0,0,0,0,1,0,1.30188679245283,105.85408442812,35.5193154055821
2016,46,"1465*C",114.4434238,-3781.88590738,"Ivesia gordonii",3,1,2,3,0,0,0,0,1,0,1.30188679245283,0,0
2016,46,"1465*D",123.2238621,-3767.36064157,"Ivesia gordonii",3,1,2,3,0,0,0,0,1,0,1.30188679245283,110.335331118883,48.9221072922354
2016,46,"1465*E",111.9697295,-3770.27024928,"Ivesia gordonii",3,1,2,3,0,0,0,0,1,0,1.30188679245283,193.112724502742,58.4769057838544
2016,46,"1465*F",112.1690724,-3769.28433594,"Ivesia gordonii",3,1,2,3,0,0,0,0,1,0,1.30188679245283,200,79.9158383104164
2016,46,"1465*G",120.2413207,-3768.58520371,"Ivesia gordonii",3,1,2,3,0,0,0,0,1,0,1.30188679245283,136.109741677658,25.4086928677171
2016,46,"1465*H",111.944281,-3776.13528316,"Ivesia gordonii",3,1,2,3,0,0,0,0,1,0,1.30188679245283,82.7227840178939,0
2016,46,"1465*I",122.0259383,-3780.07281475,"Ivesia gordonii",3,1,2,3,0,0,0,0,1,0,1.30188679245283,27.1522788422722,13.053400577561
2016,46,"1465*J",118.366873,-3768.79901193,"Ivesia gordonii",3,1,2,3,0,0,0,0,1,0,1.30188679245283,191.035421154837,25.4086928677179
2016,46,"1465*K",120.4217867,-3765.58215641,"Ivesia gordonii",3,1,2,3,0,0,0,0,1,0,1.30188679245283,195.355596194014,0
2016,46,"1465*L",115.7819288,-3770.69053483,"Ivesia gordonii",3,1,2,3,0,0,0,0,1,0,1.30188679245283,200,0
2016,46,"1465*M",124.3189932,-3780.0248447,"Ivesia gordonii",3,1,2,3,0,0,0,0,1,0,1.30188679245283,57.8046105788583,13.0534005775614
2017,46,"1465*A",118,-3774,"Ivesia gordonii",0,3,-3,0,0,0,0,0,0,1,1.28571428571429,0,0
2015,46,"1466*A",109,-3770,"Lupinus argenteus",2.5,NA,NA,2.5,0,1,1,1,0,0,3.0530303030303,100,0
2016,46,"1466*A",109,-3770,"Lupinus argenteus",2,2.5,-0.5,3,0,0,0,1,0,0,1.30188679245283,134.83068302079,0
2017,46,"1466*A",109,-3770,"Lupinus argenteus",0,2,-2,0,0,0,0,0,0,1,1.28571428571429,0,0
2015,46,"1467*A",98,-3748,"Lupinus argenteus",4,NA,NA,3,0,1,1,1,0,0,3.0530303030303,200,4.68092845540815
2016,46,"1467*A",98,-3748,"Lupinus argenteus",1,4,-3,2.5,0,0,0,1,0,0,1.30188679245283,200.000000000004,0
2017,46,"1467*A",98,-3748,"Lupinus argenteus",0,1,-1,0,0,0,0,0,0,1,1.28571428571429,0,0
2015,46,"1468*A",98,-3751,"Lupinus argenteus",3,NA,NA,3.5,0,1,1,1,0,0,3.0530303030303,200,8.32165058739247
2016,46,"1468*A",98,-3751,"Lupinus argenteus",1,3,-2,2,0,0,0,1,0,0,1.30188679245283,200.000000000004,0
2017,46,"1468*A",98,-3751,"Lupinus argenteus",0,1,-1,0,0,0,0,0,0,1,1.28571428571429,0,0
2015,46,"1469*A",102,-3751,"Lupinus argenteus",3,NA,NA,3,0,1,1,1,0,0,3.0530303030303,200,0
2016,46,"1469*A",102,-3751,"Lupinus argenteus",0,3,-3,0,0,0,0,0,0,1,1.30188679245283,0,0
2014,14,"147*A",1280,-990,"Lupinus argenteus",5,NA,NA,4,0,0,NA,1,0,0,2.52336448598131,0,0
2015,14,"147*A",1280,-990,"Lupinus argenteus",7,5,2,5.5,0,0,0,1,0,0,3.0530303030303,0,0
2016,14,"147*A",1280,-990,"Lupinus argenteus",4,7,-3,4,0,0,0,1,0,0,1.30188679245283,0,0
2017,14,"147*A",1280,-990,"Lupinus argenteus",0,4,-4,0,0,0,0,0,0,1,1.28571428571429,0,0
2015,46,"1470*A",97,-3758,"Lupinus argenteus",4,NA,NA,3.5,0,1,1,1,0,0,3.0530303030303,198.879678256778,0
2016,46,"1470*A",97,-3758,"Lupinus argenteus",3,4,-1,3.5,0,0,0,1,0,0,1.30188679245283,361.268481235719,0
2017,46,"1470*A",97,-3758,"Lupinus argenteus",0,3,-3,0,0,0,0,0,0,1,1.28571428571429,0,0
2015,46,"1471*A",128,-3760,"Senecio crassulus",1,NA,NA,2,0,1,1,1,0,0,3.0530303030303,199.999999999994,0
2016,46,"1471*A",128,-3760,"Senecio crassulus",2.5,1,1.5,3.5,0,0,0,1,0,0,1.30188679245283,200,0
2017,46,"1471*A",128,-3760,"Senecio crassulus",8,2.5,5.5,6,0,0,0,1,0,0,1.28571428571429,191.808487821763,0
2018,46,"1471*A",128,-3760,"Senecio crassulus",2,8,-6,4,0,0,0,1,0,0,1.12213740458015,171.282879166261,0
2019,46,"1471*A",128,-3760,"Senecio crassulus",0,2,-2,0,0,0,0,0,0,1,0.5,0,0
2015,46,"1472*A",78,-3751,"Heterotheca villosa",0.2,NA,NA,0.2,0,1,1,1,0,0,3.0530303030303,299.999999999997,0
2016,46,"1472*A",78,-3751,"Heterotheca villosa",0,0.2,-0.2,0,0,0,0,0,0,1,1.30188679245283,0,0
2015,46,"1473*A",88,-3768,"Arenaria congesta",0.6,NA,NA,1.5,0,1,1,1,0,0,3.0530303030303,200.000000000006,0
2016,46,"1473*A",88,-3768,"Arenaria congesta",2.5,0.6,1.9,2.5,0,0,0,1,0,0,1.30188679245283,211.892008089957,0
2017,46,"1473*A",88,-3768,"Arenaria congesta",4,2.5,1.5,2,0,0,0,1,0,0,1.28571428571429,100,0
2018,46,"1473*A",88,-3768,"Arenaria congesta",4,4,0,3.5,4,0,0,1,0,0,1.12213740458015,100,0
2019,46,"1473*A",88,-3768,"Arenaria congesta",3,4,-1,4,0,0,0,1,0,0,0.5,4.06212064000661,0
2014,46,"1474*A",103,-3800,"Lupinus argenteus",4,NA,NA,4,0,0,NA,1,0,0,2.52336448598131,0,0
2015,46,"1474*A",103,-3800,"Lupinus argenteus",4,4,0,4,0,0,0,1,0,0,3.0530303030303,0,18.3983027348698
2016,46,"1474*A",103,-3800,"Lupinus argenteus",0,4,-4,0,0,0,0,0,0,1,1.30188679245283,0,0
2015,46,"1475*A",67.11687539,-3777.24519899,"Eriogonum umbellatum",1,NA,NA,0.5,0,1,1,1,0,0,3.0530303030303,238.229627623633,86.7997243664534
2015,46,"1475*B",66.95863408,-3777.1655883,"Eriogonum umbellatum",1,NA,NA,0.5,0,1,1,0,1,0,3.0530303030303,225.672053250343,88.2225383781207
2015,46,"1475*C",66.60482487,-3777.87621193,"Eriogonum umbellatum",1,NA,NA,0.5,0,1,1,0,1,0,3.0530303030303,141.588099858928,20.0128205000766
2016,46,"1475*A",67,-3777,"Eriogonum umbellatum",1,1,0,1,0,0,0,1,0,0,1.30188679245283,299.999999999999,0
2017,46,"1475*A",67,-3777,"Eriogonum umbellatum",1,1,0,1,0,0,0,1,0,0,1.28571428571429,199.999999999999,0
2018,46,"1475*A",67,-3777,"Eriogonum umbellatum",0,1,-1,0,0,0,0,0,0,1,1.12213740458015,0,0
2015,46,"1476*A",54,-3787.5,"Eriogonum umbellatum",0.8,NA,NA,0.6,0,1,1,1,0,0,3.0530303030303,0,0
2016,46,"1476*A",54,-3787.5,"Eriogonum umbellatum",1,0.8,0.2,1,0,0,0,1,0,0,1.30188679245283,0,0
2017,46,"1476*A",54,-3787.5,"Eriogonum umbellatum",0,1,-1,0,0,0,0,0,0,1,1.28571428571429,0,0
2014,46,"1477*A",125,-3754,"Phacelia hastata",7,NA,NA,3,0,0,NA,1,0,0,2.52336448598131,246.588936623736,0
2015,46,"1477*A",125,-3754,"Phacelia hastata",7,7,0,3,0,0,0,1,0,0,3.0530303030303,185.858676059097,0
2016,46,"1477*A",125,-3754,"Phacelia hastata",8,7,1,5,3,0,0,1,0,0,1.30188679245283,228.105713694975,0
2017,46,"1477*A",125,-3754,"Phacelia hastata",9,8,1,4,2,0,0,1,0,0,1.28571428571429,288.709146824596,0
2018,46,"1477*A",125,-3754,"Phacelia hastata",3.5,9,-5.5,3.5,0,0,0,1,0,0,1.12213740458015,170.577941482064,0
2019,46,"1477*A",125,-3754,"Phacelia hastata",7,3.5,3.5,4.5,1,0,0,1,0,0,0.5,107.053908772161,0
2015,46,"1478*A",125.5259393,-3769.10339546,"Ivesia gordonii",1,NA,NA,1,0,1,1,1,0,0,3.0530303030303,199.999999999991,10.4647088773935
2015,46,"1478*B",124.8138534,-3768.74514735,"Ivesia gordonii",1,NA,NA,1,0,1,1,1,0,0,3.0530303030303,200.000000000002,10.4647088773938
2015,46,"1478*C",123.2217119,-3771.94295369,"Ivesia gordonii",1,NA,NA,1,0,1,1,1,0,0,3.0530303030303,199.999999999997,0
2015,46,"1478*D",127.6119311,-3764.68032079,"Ivesia gordonii",1,NA,NA,1,0,1,1,1,0,0,3.0530303030303,226.69721942293,0
2015,46,"1478*E",121.9848648,-3766.13512464,"Ivesia gordonii",1,NA,NA,1,0,1,1,1,0,0,3.0530303030303,103.838827177194,0
2016,46,"1478*A",125.3506262,-3768.73559697,"Ivesia gordonii",2,1,1,2,0,0,0,1,0,0,1.30188679245283,103.630215353823,66.4836082280529
2016,46,"1478*B",124.8759023,-3768.4967649,"Ivesia gordonii",2,1,1,2,0,0,0,1,0,0,1.30188679245283,103.490259936802,81.8439861397109
2016,46,"1478*C",123.8144746,-3770.62863579,"Ivesia gordonii",2,1,1,2,0,0,0,0,1,0,1.30188679245283,99.9999999999998,0
2016,46,"1478*D",126.7412874,-3765.78688052,"Ivesia gordonii",2,1,1,2,0,0,0,0,1,0,1.30188679245283,200,0
2016,46,"1478*E",122.9899098,-3766.75674976,"Ivesia gordonii",2,1,1,2,0,0,0,0,1,0,1.30188679245283,105.55669368177,94.7143634958662
2017,46,"1478*A",125,-3768,"Ivesia gordonii",5,2,3,2,0,0,0,1,0,0,1.28571428571429,100,0
2018,46,"1478*A",125.6428146,-3769.34859445,"Ivesia gordonii",10,5,5,5,2,0,0,1,0,0,1.12213740458015,46.1475044444943,108.704135982988
2017,46,"1478*B",124.7724875,-3768.91073565,"Ivesia gordonii",0,2,-2,0,0,0,0,1,0,0,1.28571428571429,0,0
2018,46,"1478*B",124.7724875,-3768.91073565,"Ivesia gordonii",10,0,10,5,1,0,0,1,0,0,1.12213740458015,47.6763584704783,103.679113445349
2019,46,"1478*A",125.964222,-3770.02289167,"Ivesia gordonii",14,10,4,6.5,0,0,0,1,0,0,0.5,67.0386568618035,125.692346571043
2019,46,"1478*B",124.6587312,-3769.36610348,"Ivesia gordonii",14,10,4,6.5,0,0,0,0,1,0,0.5,58.5811936983123,120.065346671184
2015,46,"1479*A",147,-3795,"Arenaria congesta",1,NA,NA,1,0,1,1,1,0,0,3.0530303030303,0,0
2016,46,"1479*A",147,-3795,"Arenaria congesta",1.5,1,0.5,1,0,0,0,1,0,0,1.30188679245283,0,0
2017,46,"1479*A",147,-3795,"Arenaria congesta",2,1.5,0.5,1,0,0,0,1,0,0,1.28571428571429,100,0
2018,46,"1479*A",147,-3795,"Arenaria congesta",1,2,-1,0.5,0,0,0,1,0,0,1.12213740458015,0,0
2019,46,"1479*A",147,-3795,"Arenaria congesta",0,1,-1,0,0,0,0,0,0,1,0.5,0,0
2014,14,"148*A",1285,-925,"Heterotheca villosa",60,NA,NA,10,50,0,NA,1,0,0,2.52336448598131,28.5690396242749,0
2015,14,"148*A",1285,-925,"Heterotheca villosa",59,60,-1,4,18,0,0,1,0,0,3.0530303030303,39.7484022855907,0
2016,14,"148*A",1285,-925,"Heterotheca villosa",55.7,59,-3.3,5,0,0,0,1,0,0,1.30188679245283,46.614076179827,0
2017,14,"148*A",1285,-925,"Heterotheca villosa",54,55.7,-1.7,4,0,0,0,1,0,0,1.28571428571429,66.4380616119903,0
2018,14,"148*A",1285,-925,"Heterotheca villosa",0,54,-54,0,0,0,0,0,0,1,1.12213740458015,0,0
2015,46,"1480*A",136,-3781,"Ivesia gordonii",0.6,NA,NA,0.8,0,1,1,1,0,0,3.0530303030303,99.9999999999948,0
2016,46,"1480*A",136,-3781,"Ivesia gordonii",2.5,0.6,1.9,3,0,0,0,1,0,0,1.30188679245283,24.3089815435685,0
2017,46,"1480*A",136,-3781,"Ivesia gordonii",0,2.5,-2.5,0,0,0,0,0,0,1,1.28571428571429,0,0
2015,46,"1481*A",129,-3781,"Senecio crassulus",0.6,NA,NA,2.5,0,1,1,1,0,0,3.0530303030303,144.731018803199,0
2016,46,"1481*A",129,-3781,"Senecio crassulus",3,0.6,2.4,4,0,0,0,1,0,0,1.30188679245283,50.190243355883,0
2017,46,"1481*A",129,-3781,"Senecio crassulus",4,3,1,7,0,0,0,1,0,0,1.28571428571429,16.8763790469292,0
2018,46,"1481*A",129,-3781,"Senecio crassulus",8,4,4,8.5,0,0,0,1,0,0,1.12213740458015,0,0
2019,46,"1481*A",129,-3781,"Senecio crassulus",12,8,4,11,0,0,0,1,0,0,0.5,7.22513878432973,0
2015,46,"1482*A",153,-3787,"Ivesia gordonii",1,NA,NA,1,0,1,1,1,0,0,3.0530303030303,0,0
2016,46,"1482*A",153,-3787,"Ivesia gordonii",2.5,1,1.5,2,0,0,0,1,0,0,1.30188679245283,0,0
2017,46,"1482*A",153,-3787,"Ivesia gordonii",2,2.5,-0.5,2,0,0,0,1,0,0,1.28571428571429,32.0704230316942,0
2018,46,"1482*A",153,-3787,"Ivesia gordonii",0,2,-2,0,0,0,0,0,0,1,1.12213740458015,0,0
2015,46,"1483*A",145,-3789,"Agoseris glauca",1,NA,NA,1,0,1,1,1,0,0,3.0530303030303,0,0
2016,46,"1483*A",145,-3789,"Agoseris glauca",3.5,1,2.5,5.5,0,0,0,1,0,0,1.30188679245283,0,0
2017,46,"1483*A",145,-3789,"Agoseris glauca",16,3.5,12.5,7,5,0,0,1,0,0,1.28571428571429,2.06750660987029,0
2018,46,"1483*A",145,-3789,"Agoseris glauca",11,16,-5,5.5,8,0,0,1,0,0,1.12213740458015,1.62543171157056,0
2019,46,"1483*A",145,-3789,"Agoseris glauca",17.5,11,6.5,5.5,7,0,0,1,0,0,0.5,1.30612244897963,0
2015,46,"1484*A",160.584377,-3794.22599495,"Arenaria congesta",1,NA,NA,1,0,1,1,1,0,0,3.0530303030303,0,4.4188419060064
2015,46,"1484*B",159.7931704,-3793.827941503,"Arenaria congesta",1,NA,NA,1,0,1,1,1,0,0,3.0530303030303,0,4.41884190600747
2015,46,"1484*C",158.0241243,-3797.381059653,"Arenaria congesta",1,NA,NA,1,0,1,1,1,0,0,3.0530303030303,32.2498185853493,0
2015,46,"1484*D",162.9021456,-3789.31146754,"Arenaria congesta",1,NA,NA,1,0,1,1,1,0,0,3.0530303030303,100,0
2015,46,"1484*E",156.6498497,-3790.927916266,"Arenaria congesta",1,NA,NA,1,0,1,1,0,1,0,3.0530303030303,0,32.5904496867123
2015,46,"1484*F",156.7605958,-3790.380186631,"Arenaria congesta",1,NA,NA,1,0,1,1,0,1,0,3.0530303030303,0,32.5904496867131
2016,46,"1484*A",160.5259393,-3794.103395455,"Arenaria congesta",2,1,1,3,0,0,0,1,0,0,1.30188679245283,84.1723095569921,50.5054201240315
2016,46,"1484*B",159.8138534,-3793.745147353,"Arenaria congesta",2,1,1,3,0,0,0,0,1,0,1.30188679245283,77.9307288426739,50.5054201240325
2016,46,"1484*C",158.2217119,-3796.942953688,"Arenaria congesta",2,1,1,3,0,0,0,0,1,0,1.30188679245283,0,0
2016,46,"1484*D",162.6119311,-3789.68032079,"Arenaria congesta",2,1,1,3,0,0,0,0,1,0,1.30188679245283,107.62913954058,0
2017,46,"1484*A",160,-3793,"Arenaria congesta",0,2,-2,0,0,0,0,0,0,1,1.28571428571429,0,0
2015,46,"1485*A",172,-3792,"Ivesia gordonii",0.8,NA,NA,0.8,0,1,1,1,0,0,3.0530303030303,0,0
2016,46,"1485*A",172,-3792,"Ivesia gordonii",2.5,0.8,1.7,2,0,0,0,1,0,0,1.30188679245283,175.607340234762,0
2017,46,"1485*A",172,-3792,"Ivesia gordonii",0,2.5,-2.5,0,0,0,0,0,0,1,1.28571428571429,0,0
2015,46,"1486*A",165.2337508,-3782.49039798,"Lupinus argenteus",3,NA,NA,2,0,1,1,1,0,0,3.0530303030303,100.000000000001,84.9582704733982
2015,46,"1486*B",164.9172682,-3782.3311766,"Lupinus argenteus",3,NA,NA,2,0,1,1,0,1,0,3.0530303030303,100,84.9582704733976
2016,46,"1486*A",165,-3782,"Lupinus argenteus",0,3,-3,0,0,0,0,0,0,1,1.30188679245283,0,0
2015,46,"1487*A",148,-3767,"Ivesia gordonii",1.2,NA,NA,0.6,0,1,1,1,0,0,3.0530303030303,100.101853508951,0
2016,46,"1487*A",148,-3767,"Ivesia gordonii",3,1.2,1.8,4,0,0,0,1,0,0,1.30188679245283,245.847738986108,78.442737242366
2017,46,"1487*A",148,-3767,"Ivesia gordonii",0,3,-3,0,0,0,0,0,0,1,1.28571428571429,0,0
2015,46,"1488*A",150,-3766,"Arenaria congesta",1,NA,NA,1.1,0,1,1,1,0,0,3.0530303030303,300.000000000006,0
2016,46,"1488*A",150,-3766,"Arenaria congesta",3,1,2,3,0,0,0,1,0,0,1.30188679245283,361.157398345968,0
2017,46,"1488*A",150,-3766,"Arenaria congesta",0,3,-3,0,0,0,0,0,0,1,1.28571428571429,0,0
2015,46,"1489*A",142,-3755,"Senecio crassulus",0.8,NA,NA,0.3,0,1,1,1,0,0,3.0530303030303,199.999999999994,0
2016,46,"1489*A",142,-3755,"Senecio crassulus",2,0.8,1.2,4,0,0,0,1,0,0,1.30188679245283,235.82853112917,0
2017,46,"1489*A",142,-3755,"Senecio crassulus",8,2,6,4,0,0,0,1,0,0,1.28571428571429,120.181868716628,0
2018,46,"1489*A",142,-3755,"Senecio crassulus",0,8,-8,0,0,0,0,0,0,1,1.12213740458015,0,0
2014,14,"149*A",1282,-945,"Eriogonum umbellatum",22,NA,NA,3,1,0,NA,1,0,0,2.52336448598131,99.3098549543563,0
2015,14,"149*A",1282,-945,"Eriogonum umbellatum",21.5,22,-0.5,3.5,5,0,0,1,0,0,3.0530303030303,110.150013884557,0
2016,14,"149*A",1282,-945,"Eriogonum umbellatum",23,21.5,1.5,4,3,0,0,1,0,0,1.30188679245283,97.939797109826,0
2017,14,"149*A",1282,-945,"Eriogonum umbellatum",23,23,0,2,9,0,0,1,0,0,1.28571428571429,111.030453088671,0
2018,14,"149*A",1282,-945,"Eriogonum umbellatum",24,23,1,3.5,9,0,0,1,0,0,1.12213740458015,12.3975772318243,0
2019,14,"149*A",1282,-945,"Eriogonum umbellatum",27,24,3,2,21,0,0,1,0,0,0.5,11.6224669566721,0
2015,46,"1490*A",147.1753131,-3755.36779849,"Senecio crassulus",1,NA,NA,1,0,1,1,1,0,0,3.0530303030303,300.000000000003,66.4836024564292
2015,46,"1490*B",146.9379511,-3755.24838245,"Senecio crassulus",1,NA,NA,1,0,1,1,0,1,0,3.0530303030303,300.000000000006,66.4836024564299
2016,46,"1490*A",147,-3755,"Senecio crassulus",1.5,1,0.5,3,0,0,0,1,0,0,1.30188679245283,299.99999999999,0
2017,46,"1490*A",147,-3755,"Senecio crassulus",1,1.5,-0.5,1,0,0,0,1,0,0,1.28571428571429,200.000000000002,0
2018,46,"1490*A",147,-3755,"Senecio crassulus",0,1,-1,0,0,0,0,0,0,1,1.12213740458015,0,0
2015,46,"1491*A",159,-3758,"Eriogonum umbellatum",1.5,NA,NA,1,0,1,1,1,0,0,3.0530303030303,265.922686677158,0
2016,46,"1491*A",159,-3758,"Eriogonum umbellatum",1.5,1.5,0,1.5,0,0,0,1,0,0,1.30188679245283,299.99999999999,0
2017,46,"1491*A",159,-3758,"Eriogonum umbellatum",1.5,1.5,0,1,0,0,0,1,0,0,1.28571428571429,99.9999999999968,0
2018,46,"1491*A",159,-3758,"Eriogonum umbellatum",0,1.5,-1.5,0,0,0,0,0,0,1,1.12213740458015,0,0
2015,46,"1492*A",163,-3759,"Eriogonum umbellatum",1,NA,NA,1,0,1,1,1,0,0,3.0530303030303,200.000000000004,0
2016,46,"1492*A",163,-3759,"Eriogonum umbellatum",1,1,0,1,0,0,0,1,0,0,1.30188679245283,238.61512682212,0
2017,46,"1492*A",163,-3759,"Eriogonum umbellatum",1,1,0,0.5,0,0,0,1,0,0,1.28571428571429,100.000000000002,73.8589202222726
2018,46,"1492*A",163,-3759,"Eriogonum umbellatum",0,1,-1,0,0,0,0,0,0,1,1.12213740458015,0,0
2015,46,"1493*A",177,-3777,"Ivesia gordonii",0.9,NA,NA,0.9,0,1,1,1,0,0,3.0530303030303,99.9999999999972,0
2016,46,"1493*A",177,-3777,"Ivesia gordonii",0,0.9,-0.9,0,0,0,0,0,0,1,1.30188679245283,0,0
2015,46,"1494*A",166,-3777,"Ivesia gordonii",0.6,NA,NA,0.6,0,1,1,1,0,0,3.0530303030303,0,0
2016,46,"1494*A",166,-3777,"Ivesia gordonii",0,0.6,-0.6,0,0,0,0,0,0,1,1.30188679245283,0,0
2015,46,"1495*A",191.1103162,-3792.329390406,"Eriogonum umbellatum",1,NA,NA,1,0,1,1,1,0,0,3.0530303030303,399.99999999998,0
2015,46,"1495*B",189.6070238,-3791.573088856,"Eriogonum umbellatum",1,NA,NA,1,0,1,1,1,0,0,3.0530303030303,400.000000000008,0
2015,46,"1495*C",186.2458362,-3798.324013341,"Eriogonum umbellatum",1,NA,NA,1,0,1,1,1,0,0,3.0530303030303,200,0
2015,46,"1495*D",195.5140767,-3782.99178832,"Eriogonum umbellatum",1,NA,NA,1,0,1,1,0,1,0,3.0530303030303,199.999999999998,99.9999999999989
2015,46,"1495*E",183.6347145,-3786.0630409,"Eriogonum umbellatum",1,NA,NA,1,0,1,1,0,1,0,3.0530303030303,199.999999999994,0
2015,46,"1495*F",183.845132,-3785.0223546,"Eriogonum umbellatum",1,NA,NA,1,0,1,1,0,1,0,3.0530303030303,200.000000000006,0
2015,46,"1495*G",192.3658386,-3784.28438169,"Eriogonum umbellatum",1,NA,NA,1,0,1,1,0,1,0,3.0530303030303,199.999999999995,99.9999999999975
2016,46,"1495*A",190.4675016,-3790.98079596,"Eriogonum umbellatum",0.5,1,-0.5,0.5,0,0,0,1,0,0,1.30188679245283,479.5956764046,0
2016,46,"1495*B",189.8345363,-3790.662353203,"Eriogonum umbellatum",0.5,1,-0.5,0.5,0,0,0,0,1,0,1.30188679245283,400.000000000016,0
2016,46,"1495*C",188.4192995,-3793.504847723,"Eriogonum umbellatum",0.5,1,-0.5,0.5,0,0,0,0,1,0,1.30188679245283,300.000000000009,0
2017,46,"1495*A",190,-3790,"Eriogonum umbellatum",0,0.5,-0.5,0,0,0,0,0,0,1,1.28571428571429,0,0
2015,46,"1496*A",175,-3799,"Lupinus argenteus",2,NA,NA,1,0,1,1,1,0,0,3.0530303030303,100,0
2016,46,"1496*A",175,-3799,"Lupinus argenteus",1.5,2,-0.5,1,0,0,0,1,0,0,1.30188679245283,99.9999999999984,0
2017,46,"1496*A",175,-3799,"Lupinus argenteus",0,1.5,-1.5,0,0,0,0,0,0,1,1.28571428571429,0,0
2015,46,"1497*A",193,-3732,"Lupinus argenteus",4,NA,NA,3,0,1,1,1,0,0,3.0530303030303,100,0
2016,46,"1497*A",193,-3732,"Lupinus argenteus",0.3,4,-3.7,0.5,0,0,0,1,0,0,1.30188679245283,100.000000000009,0
2017,46,"1497*A",193,-3732,"Lupinus argenteus",0,0.3,-0.3,0,0,0,0,0,0,1,1.28571428571429,0,0
2015,46,"1498*A",186,-3785,"Ivesia gordonii",1,NA,NA,0.5,0,1,1,1,0,0,3.0530303030303,308.164289345884,0
2016,46,"1498*A",186,-3785,"Ivesia gordonii",0,1,-1,0,0,0,0,0,0,1,1.30188679245283,0,0
2015,46,"1499*A",138,-3723,"Lupinus argenteus",4.5,NA,NA,4,0,1,1,1,0,0,3.0530303030303,44.8881068361699,45.198132347772
2016,46,"1499*A",138,-3723,"Lupinus argenteus",5,4.5,0.5,5,0,0,0,1,0,0,1.30188679245283,130.013950921439,0
2017,46,"1499*A",138,-3723,"Lupinus argenteus",0,5,-5,0,0,0,0,0,0,1,1.28571428571429,0,0
2014,1,"15*A",195,-56,"Ivesia gordonii",18,NA,NA,4,3,0,NA,1,0,0,2.52336448598131,55.5765638107836,0
2015,1,"15*A",195,-56,"Ivesia gordonii",18,18,0,6,23,0,0,1,0,0,3.0530303030303,38.2764471575096,0.0923727322790243
2016,1,"15*A",195,-56,"Ivesia gordonii",18.4,18,0.4,6.4,21,0,0,1,0,0,1.30188679245283,31.2626899840714,1.28638708133571
2017,1,"15*A",195,-56,"Ivesia gordonii",0,18.4,-18.4,0,0,0,0,0,0,1,1.28571428571429,0,0
2014,14,"150*A",1270,-950,"Elymus lanceolatus",6,NA,NA,6,0,0,NA,1,0,0,2.52336448598131,74.4856396287767,0
2015,14,"150*A",1270,-950,"Elymus lanceolatus",4.5,6,-1.5,12.5,0,0,0,1,0,0,3.0530303030303,56.789933982642,0
2016,14,"150*A",1270,-950,"Elymus lanceolatus",10.5,4.5,6,15,0,0,0,1,0,0,1.30188679245283,59.4724093532912,0
2017,14,"150*A",1270,-950,"Elymus lanceolatus",15,10.5,4.5,13,0,0,0,1,0,0,1.28571428571429,60.0162422694557,0
2018,14,"150*A",1270,-950,"Elymus lanceolatus",12,15,-3,15.5,3,0,0,1,0,0,1.12213740458015,34.2839908847381,0
2019,14,"150*A",1270,-950,"Elymus lanceolatus",12.5,12,0.5,17,2,0,0,1,0,0,0.5,49.7042403229445,0
2015,46,"1500*A",75,-3757,"Lupinus argenteus",3,NA,NA,3,0,1,1,1,0,0,3.0530303030303,99.9999999999998,176.504899424727
2016,46,"1500*A",75,-3757,"Lupinus argenteus",1,3,-2,2,0,0,0,1,0,0,1.30188679245283,99.9999999999997,99.9999999999997
2017,46,"1500*A",75,-3757,"Lupinus argenteus",0,1,-1,0,0,0,0,0,0,1,1.28571428571429,0,0
2015,46,"1501*A",140,-3723,"Lupinus argenteus",4.5,NA,NA,3,0,1,1,1,0,0,3.0530303030303,0.349880795343521,45.198132347772
2016,46,"1501*A",140,-3723,"Lupinus argenteus",0,4.5,-4.5,0,0,0,0,0,0,1,1.30188679245283,0,0
2015,46,"1502*A",163,-3710,"Lupinus argenteus",2.5,NA,NA,2.5,0,1,1,1,0,0,3.0530303030303,100,0
2016,46,"1502*A",163,-3710,"Lupinus argenteus",4,2.5,1.5,4,0,0,0,1,0,0,1.30188679245283,99.9999999999999,0
2017,46,"1502*A",163,-3710,"Lupinus argenteus",0,4,-4,0,0,0,0,0,0,1,1.28571428571429,0,0
2015,46,"1503*A",172,-3721,"Senecio crassulus",0.7,NA,NA,1.5,0,1,1,1,0,0,3.0530303030303,99.9999999999979,0
2016,46,"1503*A",172,-3721,"Senecio crassulus",1.5,0.7,0.8,2.5,0,0,0,1,0,0,1.30188679245283,99.9999999999984,0
2017,46,"1503*A",172,-3721,"Senecio crassulus",0,1.5,-1.5,0,0,0,0,0,0,1,1.28571428571429,0,0
2014,46,"1504*A",173,-3715,"Carex siccata",28,NA,NA,19,2,0,NA,1,0,0,2.52336448598131,6.34897973140179,0
2015,46,"1504*A",173,-3715,"Carex siccata",28,28,0,19,2,0,0,1,0,0,3.0530303030303,8.54748292875052,0.63449886394317
2016,46,"1504*A",173,-3715,"Carex siccata",34,28,6,20,0,0,0,1,0,0,1.30188679245283,24.3835451475968,9.74102545340869
2017,46,"1504*A",173,-3715,"Carex siccata",1.5,34,-32.5,0.5,0,0,0,1,0,0,1.28571428571429,0,0
2018,46,"1504*A",173,-3715,"Carex siccata",0,1.5,-1.5,0,0,0,0,0,0,1,1.12213740458015,0,0
2015,46,"1505*A",192,-3703,"Arenaria congesta",0.5,NA,NA,0.5,0,1,1,1,0,0,3.0530303030303,0,0
2016,46,"1505*A",192,-3703,"Arenaria congesta",2,0.5,1.5,2.5,0,0,0,1,0,0,1.30188679245283,112.169620116762,0
2017,46,"1505*A",192,-3703,"Arenaria congesta",9,2,7,3,0,0,0,1,0,0,1.28571428571429,156.088592535517,0
2018,46,"1505*A",192,-3703,"Arenaria congesta",5.6,9,-3.4,3.5,0,0,0,1,0,0,1.12213740458015,100,0
2019,46,"1505*A",192,-3703,"Arenaria congesta",14,5.6,8.4,10.5,18,0,0,0,1,0,0.5,6.01698474573695,17.2227714087483
2015,46,"1506*A",193,-3700,"Lupinus argenteus",3,NA,NA,3,0,1,1,1,0,0,3.0530303030303,0,0
2016,46,"1506*A",193,-3700,"Lupinus argenteus",7,3,4,6,0,0,0,1,0,0,1.30188679245283,33.0530196041466,0
2017,46,"1506*A",193,-3700,"Lupinus argenteus",9,7,2,6,0,0,0,1,0,0,1.28571428571429,156.088592535517,0
2018,46,"1506*A",193,-3700,"Lupinus argenteus",0,9,-9,0,0,0,0,0,0,1,1.12213740458015,0,0
2015,46,"1507*A",183,-3708,"Arenaria congesta",0.6,NA,NA,0.6,0,1,1,1,0,0,3.0530303030303,100.000000000008,0
2016,46,"1507*A",183,-3708,"Arenaria congesta",2,0.6,1.4,2,0,0,0,1,0,0,1.30188679245283,100,0
2017,46,"1507*A",183,-3708,"Arenaria congesta",7,2,5,4,0,0,0,1,0,0,1.28571428571429,89.7875658359895,0
2018,46,"1507*A",183,-3708,"Arenaria congesta",5.5,7,-1.5,2,0,0,0,1,0,0,1.12213740458015,69.9253146008276,0
2019,46,"1507*A",183,-3708,"Arenaria congesta",14.5,5.5,9,8,7,0,0,1,0,0,0.5,20.5513494974094,16.0554729898437
2015,46,"1508*A",180,-3700,"Chaenactis douglasii",0.7,NA,NA,1,0,1,1,1,0,0,3.0530303030303,99.9999999999984,0
2016,46,"1508*A",180,-3700,"Chaenactis douglasii",0,0.7,-0.7,0,0,0,0,0,0,1,1.30188679245283,0,0
2015,46,"1509*A",170,-3690,"Phacelia hastata",0.6,NA,NA,0.5,0,1,1,1,0,0,3.0530303030303,100,0
2016,46,"1509*A",170,-3690,"Phacelia hastata",0,0.6,-0.6,0,0,0,0,0,0,1,1.30188679245283,0,0
2014,14,"151*A",1280,-935,"Elymus lanceolatus",3,NA,NA,6,0,0,NA,1,0,0,2.52336448598131,180.295423197219,0
2015,14,"151*A",1280,-935,"Elymus lanceolatus",4.5,3,1.5,9,0,0,0,1,0,0,3.0530303030303,162.614380011595,100
2016,14,"151*A",1280,-935,"Elymus lanceolatus",2,4.5,-2.5,5.5,0,0,0,1,0,0,1.30188679245283,199.999999999996,99.9999999999982
2017,14,"151*A",1280,-935,"Elymus lanceolatus",4,2,2,8,0,0,0,1,0,0,1.28571428571429,186.640951652426,99.9999999999936
2018,14,"151*A",1280,-935,"Elymus lanceolatus",1.5,4,-2.5,7.5,0,0,0,1,0,0,1.12213740458015,99.9999999999903,99.9999999999903
2019,14,"151*A",1280,-935,"Elymus lanceolatus",0,1.5,-1.5,0,0,0,0,0,0,1,0.5,0,0
2015,46,"1510*A",165.2337508,-3688.490398,"Eriogonum umbellatum",1,NA,NA,1,0,1,1,1,0,0,3.0530303030303,99.9999999999978,55.7407490418285
2015,46,"1510*B",164.9172682,-3688.3311766,"Eriogonum umbellatum",1,NA,NA,1,0,1,1,1,0,0,3.0530303030303,100.000000000002,55.7407490418286
2015,46,"1510*C",164.2096497,-3689.7524239,"Eriogonum umbellatum",1,NA,NA,1,0,1,1,1,0,0,3.0530303030303,99.9999999999999,0
2016,46,"1510*A",165.3506262,-3688.735597,"Eriogonum umbellatum",1,1,0,1,0,0,0,1,0,0,1.30188679245283,100.000000000001,36.7704572062832
2016,46,"1510*B",164.8759023,-3688.4967649,"Eriogonum umbellatum",1,1,0,1,0,0,0,0,1,0,1.30188679245283,100.000000000001,64.8141100245024
2016,46,"1510*C",163.8144746,-3690.6286358,"Eriogonum umbellatum",1,1,0,1,0,0,0,0,1,0,1.30188679245283,100,0
2017,46,"1510*A",165,-3688,"Eriogonum umbellatum",0,1,-1,0,0,0,0,0,0,1,1.28571428571429,0,0
2015,46,"1511*A",126,-3719,"Lupinus argenteus",3,NA,NA,3,0,1,1,1,0,0,3.0530303030303,99.9999999999994,0
2016,46,"1511*A",126,-3719,"Lupinus argenteus",5,3,2,5,0,0,0,1,0,0,1.30188679245283,115.953493922012,0
2017,46,"1511*A",126,-3719,"Lupinus argenteus",0,5,-5,0,0,0,0,0,0,1,1.28571428571429,0,0
2015,46,"1512*A",125,-3712,"Lupinus argenteus",3,NA,NA,3,0,1,1,1,0,0,3.0530303030303,99.9999999999994,0
2016,46,"1512*A",125,-3712,"Lupinus argenteus",2,3,-1,4,0,0,0,1,0,0,1.30188679245283,99.9999999999989,0
2017,46,"1512*A",125,-3712,"Lupinus argenteus",0,2,-2,0,0,0,0,0,0,1,1.28571428571429,0,0
2015,46,"1513*A",126,-3702,"Eriogonum umbellatum",1,NA,NA,0.5,0,1,1,1,0,0,3.0530303030303,0,99.999999999996
2016,46,"1513*A",126,-3702,"Eriogonum umbellatum",2,1,1,1,0,0,0,1,0,0,1.30188679245283,0,99.9999999999989
2017,46,"1513*A",126,-3702,"Eriogonum umbellatum",3,2,1,1,0,0,0,1,0,0,1.28571428571429,0,99.9999999999994
2018,46,"1513*A",126,-3702,"Eriogonum umbellatum",3.5,3,0.5,1,0,0,0,1,0,0,1.12213740458015,0,97.5753754271209
2019,46,"1513*A",126,-3702,"Eriogonum umbellatum",13,3.5,9.5,1,0,0,0,1,0,0,0.5,0,73.0095680910832
2015,46,"1514*A",120,-3709,"Phacelia hastata",1.3,NA,NA,0.5,0,1,1,1,0,0,3.0530303030303,105.325947091592,0
2016,46,"1514*A",120,-3709,"Phacelia hastata",0,1.3,-1.3,0,0,0,0,0,0,1,1.30188679245283,0,0
2015,46,"1515*A",68,-3700,"Lupinus argenteus",3,NA,NA,2,0,1,1,1,0,0,3.0530303030303,0,0
2016,46,"1515*A",68,-3700,"Lupinus argenteus",7,3,4,4,0,0,0,1,0,0,1.30188679245283,3.24196165763174,0
2017,46,"1515*A",68,-3700,"Lupinus argenteus",0,7,-7,0,0,0,0,0,0,1,1.28571428571429,0,0
2015,46,"1516*A",97,-3710,"Lupinus argenteus",4,NA,NA,4,0,1,1,1,0,0,3.0530303030303,362.115989934435,0
2016,46,"1516*A",97,-3710,"Lupinus argenteus",3,4,-1,4,0,0,0,1,0,0,1.30188679245283,285.755956035802,0
2017,46,"1516*A",97,-3710,"Lupinus argenteus",0,3,-3,0,0,0,0,0,0,1,1.28571428571429,0,0
2015,46,"1517*A",60,-3675,"Lupinus argenteus",2.5,NA,NA,2,0,1,1,1,0,0,3.0530303030303,0,0
2016,46,"1517*A",60,-3675,"Lupinus argenteus",0,2.5,-2.5,0,0,0,0,0,0,1,1.30188679245283,0,0
2015,46,"1518*A",37,-3635,"Lupinus argenteus",3.5,NA,NA,2,0,1,1,1,0,0,3.0530303030303,0,0
2016,46,"1518*A",37,-3635,"Lupinus argenteus",0,3.5,-3.5,0,0,0,0,0,0,1,1.30188679245283,0,0
2015,46,"1519*A",52,-3614,"Lupinus argenteus",3,NA,NA,2,0,1,1,1,0,0,3.0530303030303,0,0
2016,46,"1519*A",52,-3614,"Lupinus argenteus",0,3,-3,0,0,0,0,0,0,1,1.30188679245283,0,0
2014,14,"152*A",1278,-932,"Elymus lanceolatus",4,NA,NA,10,0,0,NA,1,0,0,2.52336448598131,100,0
2015,14,"152*A",1278,-932,"Elymus lanceolatus",15.5,4,11.5,12,0,0,0,1,0,0,3.0530303030303,121.684539146347,8.42872008324657
2016,14,"152*A",1278,-932,"Elymus lanceolatus",11,15.5,-4.5,12,0,0,0,1,0,0,1.30188679245283,122.376458442475,3.30578512396722
2017,14,"152*A",1278,-932,"Elymus lanceolatus",16,11,5,10,0,0,0,1,0,0,1.28571428571429,127.326865023188,30.8283375803004
2018,14,"152*A",1278,-932,"Elymus lanceolatus",9,16,-7,12.5,1,0,0,1,0,0,1.12213740458015,24.4334542978824,2.77777777777759
2019,14,"152*A",1278,-932,"Elymus lanceolatus",4,9,-5,11,0,0,0,1,0,0,0.5,44.1556788096203,0
2015,46,"1520*A",84,-3640,"Lupinus argenteus",3,NA,NA,2,0,1,1,1,0,0,3.0530303030303,0,0
2016,46,"1520*A",84,-3640,"Lupinus argenteus",5,3,2,5,0,0,0,1,0,0,1.30188679245283,0,0
2017,46,"1520*A",84,-3640,"Lupinus argenteus",8.5,5,3.5,5,0,0,0,1,0,0,1.28571428571429,0,0
2018,46,"1520*A",84,-3640,"Lupinus argenteus",0,8.5,-8.5,0,0,0,0,0,0,1,1.12213740458015,0,0
2015,46,"1521*A",103,-3621,"Lupinus argenteus",3.5,NA,NA,2,0,1,1,1,0,0,3.0530303030303,45.7929015867414,0
2016,46,"1521*A",103,-3621,"Lupinus argenteus",4,3.5,0.5,4,0,0,0,1,0,0,1.30188679245283,61.5487329488634,0
2017,46,"1521*A",103,-3621,"Lupinus argenteus",9,4,5,5,0,0,0,1,0,0,1.28571428571429,42.8516571537606,0
2018,46,"1521*A",103,-3621,"Lupinus argenteus",0,9,-9,0,0,0,0,0,0,1,1.12213740458015,0,0
2015,46,"1522*A",107,-3645,"Lupinus argenteus",3.5,NA,NA,3,0,1,1,1,0,0,3.0530303030303,185.374056404861,0
2016,46,"1522*A",107,-3645,"Lupinus argenteus",2,3.5,-1.5,2.5,0,0,0,1,0,0,1.30188679245283,200.000000000002,0
2017,46,"1522*A",107,-3645,"Lupinus argenteus",0,2,-2,0,0,0,0,0,0,1,1.28571428571429,0,0
2015,46,"1523*A",91,-3625,"Lupinus argenteus",0,NA,NA,0,0,1,1,0,0,1,3.0530303030303,0,0
2015,46,"1524*A",116,-3640,"Lupinus argenteus",3,NA,NA,3,0,1,1,1,0,0,3.0530303030303,199.999999999997,0
2016,46,"1524*A",116,-3640,"Lupinus argenteus",0,3,-3,0,0,0,0,0,0,1,1.30188679245283,0,0
2015,46,"1525*A",120,-3685,"Lupinus argenteus",4.5,NA,NA,3,0,1,1,1,0,0,3.0530303030303,0,0
2016,46,"1525*A",120,-3685,"Lupinus argenteus",5,4.5,0.5,5,0,0,0,1,0,0,1.30188679245283,0,0
2017,46,"1525*A",120,-3685,"Lupinus argenteus",1,5,-4,1,0,0,0,1,0,0,1.28571428571429,81.1122743883376,0
2018,46,"1525*A",120,-3685,"Lupinus argenteus",0,1,-1,0,0,0,0,0,0,1,1.12213740458015,0,0
2015,46,"1526*A",115,-3665,"Eriogonum umbellatum",1,NA,NA,1,0,1,1,1,0,0,3.0530303030303,99.9999999999999,99.9999999999999
2016,46,"1526*A",115,-3665,"Eriogonum umbellatum",0,1,-1,0,0,0,0,0,0,1,1.30188679245283,0,0
2015,46,"1527*A",180.0584377,-3685.1225995,"Eriogonum umbellatum",0.5,NA,NA,1,0,1,1,1,0,0,3.0530303030303,100.000000000011,77.5047161021419
2015,46,"1527*B",179.979317,-3685.0827942,"Eriogonum umbellatum",0.5,NA,NA,1,0,1,1,1,0,0,3.0530303030303,100.000000000003,77.5047161021374
2016,46,"1527*A",180.2045319,-3685.4290982,"Eriogonum umbellatum",1,0.5,0.5,1,0,0,0,1,0,0,1.30188679245283,200.000000000004,61.0707194210215
2016,46,"1527*B",179.9276096,-3685.2897795,"Eriogonum umbellatum",1,0.5,0.5,1,0,0,0,0,1,0,1.30188679245283,200,61.0707194210212
2017,46,"1527*A",180,-3685,"Eriogonum umbellatum",0,1,-1,0,0,0,0,0,0,1,1.28571428571429,0,0
2015,46,"1528*A",181,-3690,"Senecio crassulus",0.7,NA,NA,1,0,1,1,1,0,0,3.0530303030303,99.9999999999984,0
2016,46,"1528*A",181,-3690,"Senecio crassulus",0,0.7,-0.7,0,0,0,0,0,0,1,1.30188679245283,0,0
2015,46,"1529*A",195,-3645,"Agoseris glauca",4,NA,NA,8,0,1,1,1,0,0,3.0530303030303,277.255264333962,0
2016,46,"1529*A",195,-3645,"Agoseris glauca",11,4,7,7,1,0,0,1,0,0,1.30188679245283,159.412447940822,0
2017,46,"1529*A",195,-3645,"Agoseris glauca",3,11,-8,3,0,0,0,1,0,0,1.28571428571429,154.223245182596,0
2018,46,"1529*A",195,-3645,"Agoseris glauca",4,3,1,4.5,0,0,0,1,0,0,1.12213740458015,118.374089531183,0
2019,46,"1529*A",195,-3645,"Agoseris glauca",5.5,4,1.5,9,1,0,0,1,0,0,0.5,143.789677536832,0
2014,14,"153*A",1285,-913,"Elymus lanceolatus",17,NA,NA,14,1,0,NA,1,0,0,2.52336448598131,100,70.4177278335422
2015,14,"153*A",1285,-913,"Elymus lanceolatus",18,17,1,21.5,5,0,0,1,0,0,3.0530303030303,100.000000000001,64.6160017434372
2016,14,"153*A",1285,-913,"Elymus lanceolatus",22,18,4,26,6,0,0,1,0,0,1.30188679245283,100.000000000002,55.3608379620682
2017,14,"153*A",1285,-913,"Elymus lanceolatus",35,22,13,21,5,0,0,1,0,0,1.28571428571429,95.0391227723635,5.13637095555661
2018,14,"153*A",1285,-913,"Elymus lanceolatus",23,35,-12,25,25,0,0,1,0,0,1.12213740458015,0,0
2019,14,"153*A",1285,-913,"Elymus lanceolatus",30,23,7,26,10,0,0,1,0,0,0.5,0,0
2015,46,"1530*A",179,-3615,"Lupinus argenteus",2.5,NA,NA,3,0,1,1,1,0,0,3.0530303030303,142.487181457305,0
2016,46,"1530*A",179,-3615,"Lupinus argenteus",5,2.5,2.5,5,0,0,0,1,0,0,1.30188679245283,144.046342142947,0
2017,46,"1530*A",179,-3615,"Lupinus argenteus",5,5,0,5,0,0,0,1,0,0,1.28571428571429,271.084618694962,0
2018,46,"1530*A",179,-3615,"Lupinus argenteus",0,5,-5,0,0,0,0,0,0,1,1.12213740458015,0,0
2015,46,"1531*A",186,-3677,"Senecio crassulus",0.6,NA,NA,0.6,0,1,1,1,0,0,3.0530303030303,300.000000000009,0
2016,46,"1531*A",186,-3677,"Senecio crassulus",3,0.6,2.4,2.5,0,0,0,1,0,0,1.30188679245283,299.999999999999,0
2017,46,"1531*A",186,-3677,"Senecio crassulus",4.5,3,1.5,2.5,0,0,0,1,0,0,1.28571428571429,200,0
2018,46,"1531*A",186,-3677,"Senecio crassulus",0,4.5,-4.5,0,0,0,0,0,0,1,1.12213740458015,0,0
2015,46,"1532*A",190,-3682,"Senecio crassulus",0.5,NA,NA,1,0,1,1,1,0,0,3.0530303030303,99.9999999999932,0
2016,46,"1532*A",190,-3682,"Senecio crassulus",1,0.5,0.5,2,0,0,0,1,0,0,1.30188679245283,288.073989836627,0
2017,46,"1532*A",190,-3682,"Senecio crassulus",0,1,-1,0,0,0,0,0,0,1,1.28571428571429,0,0
2015,46,"1533*A",178.1168754,-3682.245199,"Heterotheca villosa",0.5,NA,NA,0.2,0,1,1,1,0,0,3.0530303030303,100.000000000002,155.740749041801
2015,46,"1533*B",177.9586341,-3682.1655883,"Heterotheca villosa",0.5,NA,NA,0.2,0,1,1,1,0,0,3.0530303030303,100.000000000004,155.740749041808
2016,46,"1533*A",178.2337508,-3682.490398,"Heterotheca villosa",1,0.5,0.5,2,0,0,0,1,0,0,1.30188679245283,0,255.74074904182
2016,46,"1533*B",177.9172682,-3682.3311766,"Heterotheca villosa",1,0.5,0.5,2,0,0,0,0,1,0,1.30188679245283,0,255.74074904183
2017,46,"1533*A",178,-3682,"Heterotheca villosa",0,1,-1,0,0,0,0,1,0,0,1.28571428571429,0,0
2018,46,"1533*A",178,-3682,"Heterotheca villosa",3,0,3,2.5,0,0,0,1,0,0,1.12213740458015,99.9999999999997,99.9999999999997
2019,46,"1533*A",178,-3682,"Heterotheca villosa",3,3,0,3,0,0,0,1,0,0,0.5,114.350744870023,99.9999999999997
2015,46,"1534*A",199,-3649,"Carex siccata",14,NA,NA,13,0,0,1,1,0,0,3.0530303030303,112.267137927887,100
2016,46,"1534*A",199,-3649,"Carex siccata",9,14,-5,14,1,0,0,1,0,0,1.30188679245283,158.619845812011,100
2017,46,"1534*A",199,-3649,"Carex siccata",3,9,-6,3,0,0,0,1,0,0,1.28571428571429,99.9999999999989,0
2018,46,"1534*A",199,-3649,"Carex siccata",0,3,-3,0,0,0,0,0,0,1,1.12213740458015,0,0
2015,46,"1535*A",15,-3610,"Lupinus argenteus",1.5,NA,NA,1.5,0,1,1,1,0,0,3.0530303030303,0,0
2016,46,"1535*A",15,-3610,"Lupinus argenteus",0,1.5,-1.5,0,0,0,0,0,0,1,1.30188679245283,0,0
2015,46,"1536*A",85,-3715,"Senecio crassulus",0.8,NA,NA,0.5,0,1,1,1,0,0,3.0530303030303,199.999999999999,0
2016,46,"1536*A",85,-3715,"Senecio crassulus",0.3,0.8,-0.5,0.5,0,0,0,1,0,0,1.30188679245283,200.000000000006,0
2017,46,"1536*A",85,-3715,"Senecio crassulus",3,0.3,2.7,5,0,0,0,1,0,0,1.28571428571429,200,0
2018,46,"1536*A",85,-3715,"Senecio crassulus",2,3,-1,3,0,0,0,1,0,0,1.12213740458015,200,0
2019,46,"1536*A",85,-3715,"Senecio crassulus",0,2,-2,0,0,0,0,0,0,1,0.5,0,0
2015,46,"1537*A",73.58437695,-3698.225995,"Senecio crassulus",1,NA,NA,1,0,1,1,1,0,0,3.0530303030303,0,4.4188441750955
2015,46,"1537*B",72.79317042,-3697.8279415,"Senecio crassulus",1,NA,NA,1,0,1,1,0,1,0,3.0530303030303,0,4.41884417509595
2016,46,"1537*A",73,-3697,"Senecio crassulus",6,1,5,6,1,0,0,1,0,0,1.30188679245283,5.04753960564851,0
2017,46,"1537*A",73,-3697,"Senecio crassulus",0,6,-6,0,0,0,0,0,0,1,1.28571428571429,0,0
2015,46,"1538*A",113,-3720,"Phacelia hastata",1.5,NA,NA,0.5,0,1,1,1,0,0,3.0530303030303,299.999999999994,0
2016,46,"1538*A",113,-3720,"Phacelia hastata",2,1.5,0.5,2,0,0,0,1,0,0,1.30188679245283,399.999999999999,0
2017,46,"1538*A",113,-3720,"Phacelia hastata",0,2,-2,0,0,0,0,0,0,1,1.28571428571429,0,0
2015,46,"1539*A",120,-3733,"Agoseris glauca",6,NA,NA,2,0,0,1,1,0,0,3.0530303030303,346.228229417039,15.8888331404591
2016,46,"1539*A",120,-3733,"Agoseris glauca",2,6,-4,2,1,0,0,1,0,0,1.30188679245283,399.999999999999,0
2017,46,"1539*A",120,-3733,"Agoseris glauca",0,2,-2,0,0,0,0,0,0,1,1.28571428571429,0,0
2014,14,"154*A",1280,-915,"Elymus lanceolatus",10,NA,NA,14,1,0,NA,1,0,0,2.52336448598131,100,105.743327056028
2015,14,"154*A",1280,-915,"Elymus lanceolatus",18.5,10,8.5,23,5,0,0,1,0,0,3.0530303030303,100.000000000001,61.1704443093451
2016,14,"154*A",1280,-915,"Elymus lanceolatus",18.5,18.5,0,24,4,0,0,0,1,0,1.30188679245283,100.000000000001,78.2896875782045
2014,14,"155*A",1285,-910,"Elymus lanceolatus",11,NA,NA,21,1,0,NA,0,1,0,2.52336448598131,100.000000000005,119.183532498802
2015,1,"1551*A",179,-48,"Senecio crassulus",1,NA,NA,1.8,0,1,1,1,0,0,3.0530303030303,0,0
2016,1,"1551*A",179,-48,"Senecio crassulus",3,1,2,3.3,0,0,0,1,0,0,1.30188679245283,0,0
2017,1,"1551*A",179,-48,"Senecio crassulus",0,3,-3,0,0,0,0,0,0,1,1.28571428571429,0,0
2015,5,"1552*A",1660,-114,"Lupinus argenteus",3.5,NA,NA,2,0,0,1,1,0,0,3.0530303030303,0,0
2016,5,"1552*A",1660,-114,"Lupinus argenteus",0,3.5,-3.5,0,0,0,0,1,0,0,1.30188679245283,0,0
2017,5,"1552*A",1660,-114,"Lupinus argenteus",2.5,0,2.5,1.4,0,0,0,1,0,0,1.28571428571429,0,0
2018,5,"1552*A",1660,-114,"Lupinus argenteus",0,2.5,-2.5,0,0,0,0,0,0,1,1.12213740458015,0,0
2015,5,"1553*A",1670,-117,"Lupinus argenteus",6,NA,NA,4,0,0,1,1,0,0,3.0530303030303,0,0
2016,5,"1553*A",1670,-117,"Lupinus argenteus",5.7,6,-0.3,4,0,0,0,1,0,0,1.30188679245283,0,0
2017,5,"1553*A",1670,-117,"Lupinus argenteus",0,5.7,-5.7,0,0,0,0,0,0,1,1.28571428571429,0,0
2014,5,"1554*A",1712,-163,"Chaenactis douglasii",2.5,NA,NA,2,0,0,NA,1,0,0,2.52336448598131,99.9999999999994,0
2015,5,"1554*A",1712,-163,"Chaenactis douglasii",2.5,2.5,0,2,0,0,0,1,0,0,3.0530303030303,99.9999999999994,0
2016,5,"1554*A",1712,-163,"Chaenactis douglasii",6,2.5,3.5,4.2,0,0,0,1,0,0,1.30188679245283,105.282581585328,0
2017,5,"1554*A",1712,-163,"Chaenactis douglasii",0,6,-6,0,0,0,0,0,0,1,1.28571428571429,0,0
2014,5,"1555*A",1770,-70,"Chaenactis douglasii",2,NA,NA,1,0,0,NA,1,0,0,2.52336448598131,100.000000000011,0
2015,5,"1555*A",1770,-70,"Chaenactis douglasii",2,2,0,1,0,0,0,1,0,0,3.0530303030303,100.000000000011,0
2016,5,"1555*A",1770,-70,"Chaenactis douglasii",3.3,2,1.3,2.5,0,0,0,1,0,0,1.30188679245283,99.9999999999816,0
2017,5,"1555*A",1770,-70,"Chaenactis douglasii",0,3.3,-3.3,0,0,0,0,0,0,1,1.28571428571429,0,0
2014,5,"1556*A",1779,-75,"Chaenactis douglasii",3,NA,NA,3.5,0,0,NA,1,0,0,2.52336448598131,100.000000000023,0
2015,5,"1556*A",1779,-75,"Chaenactis douglasii",3,3,0,3.5,0,0,0,1,0,0,3.0530303030303,100.000000000023,0
2016,5,"1556*A",1779,-75,"Chaenactis douglasii",1.3,3,-1.7,2.3,0,0,0,1,0,0,1.30188679245283,200.000000000086,0
2017,5,"1556*A",1779,-75,"Chaenactis douglasii",0,1.3,-1.3,0,0,0,0,0,0,1,1.28571428571429,0,0
2015,5,"1557*A",1677,-1,"Lupinus argenteus",2.5,NA,NA,2.5,0,0,1,1,0,0,3.0530303030303,0,0
2016,5,"1557*A",1677,-1,"Lupinus argenteus",8.7,2.5,6.2,6.9,0,0,0,1,0,0,1.30188679245283,0,40.0605908809587
2017,5,"1557*A",1677,-1,"Lupinus argenteus",11,8.7,2.3,6,0,0,0,1,0,0,1.28571428571429,0,4.05126182720774
2018,5,"1557*A",1677,-1,"Lupinus argenteus",0,11,-11,0,0,0,0,0,0,1,1.12213740458015,0,0
2014,6,"1558*A",121,-537,"Elymus lanceolatus",19,NA,NA,12,0,0,NA,1,0,0,2.52336448598131,58.4694409667594,14.8347580507362
2015,6,"1558*A",121,-537,"Elymus lanceolatus",19,19,0,12,0,0,0,1,0,0,3.0530303030303,65.8567195712412,61.0541829692128
2016,6,"1558*A",121,-537,"Elymus lanceolatus",22,19,3,21,10,0,0,1,0,0,1.30188679245283,64.3979873572556,68.2252968506462
2017,6,"1558*A",121,-537,"Elymus lanceolatus",21,22,-1,19,1,0,0,1,0,0,1.28571428571429,62.6119472249026,67.6995995905002
2018,6,"1558*A",121,-537,"Elymus lanceolatus",26,21,5,19.5,12,0,0,1,0,0,1.12213740458015,50.1562356260016,35.7480796503801
2019,6,"1558*A",121,-537,"Elymus lanceolatus",25,26,-1,24,8,0,0,1,0,0,0.5,68.8808898481875,66.6822250423944
2015,8,"1559*A",844,-445,"Lupinus argenteus",4.5,NA,NA,3,0,0,1,1,0,0,3.0530303030303,0,0
2016,8,"1559*A",844,-445,"Lupinus argenteus",0,4.5,-4.5,0,0,0,0,0,0,1,1.30188679245283,0,0
2014,14,"156*A",1348,-898,"Eriogonum umbellatum",73,NA,NA,2,142,0,NA,1,0,0,2.52336448598131,10.2833552261213,0
2015,14,"156*A",1348,-898,"Eriogonum umbellatum",75,73,2,2.5,218,0,0,1,0,0,3.0530303030303,21.8222222222224,0
2016,14,"156*A",1348,-898,"Eriogonum umbellatum",74,75,-1,3.8,176,0,0,1,0,0,1.30188679245283,19.8685171658145,0
2017,14,"156*A",1348,-898,"Eriogonum umbellatum",78,74,4,3,211,0,0,1,0,0,1.28571428571429,28.6982248520709,0
2018,14,"156*A",1348,-898,"Eriogonum umbellatum",77,78,-1,2,228,0,0,1,0,0,1.12213740458015,20.3659976387248,0
2019,14,"156*A",1348,-898,"Eriogonum umbellatum",78,77,1,3,243,0,0,1,0,0,0.5,19.0129848783694,0
2015,8,"1560*A",981,-423,"Lupinus argenteus",2.5,NA,NA,2.5,0,0,1,1,0,0,3.0530303030303,0,121.151756095024
2016,8,"1560*A",981,-423,"Lupinus argenteus",0,2.5,-2.5,0,0,0,0,0,0,1,1.30188679245283,0,0
2015,8,"1561*A",994,-470,"Lupinus argenteus",5.5,NA,NA,3.5,0,0,1,1,0,0,3.0530303030303,0,0
2016,8,"1561*A",994,-470,"Lupinus argenteus",0,5.5,-5.5,0,0,0,0,0,0,1,1.30188679245283,0,0
2015,10,"1562*A",1608,-495,"Lupinus argenteus",2,NA,NA,2,0,1,1,1,0,0,3.0530303030303,0,99.9999999999645
2016,10,"1562*A",1608,-495,"Lupinus argenteus",0,2,-2,0,0,0,0,1,0,0,1.30188679245283,0,0
2017,10,"1562*A",1608,-495,"Lupinus argenteus",3.5,0,3.5,2.5,0,0,0,1,0,0,1.28571428571429,0,0
2018,10,"1562*A",1608,-495,"Lupinus argenteus",0,3.5,-3.5,0,0,0,0,0,0,1,1.12213740458015,0,0
2015,11,"1563*A",65,-985,"Eriogonum umbellatum",0.6,NA,NA,1.5,0,1,1,1,0,0,3.0530303030303,0,0
2016,11,"1563*A",65,-985,"Eriogonum umbellatum",0,0.6,-0.6,0,0,0,0,0,0,1,1.30188679245283,0,0
2015,11,"1564*A",69,-985,"Lupinus argenteus",4,NA,NA,3.5,0,0,1,1,0,0,3.0530303030303,0,0
2016,11,"1564*A",69,-985,"Lupinus argenteus",19.8,4,15.8,11,0,0,0,1,0,0,1.30188679245283,0,46.6088438547633
2017,11,"1564*A",69,-985,"Lupinus argenteus",0,19.8,-19.8,0,0,0,0,0,0,1,1.28571428571429,0,0
2015,11,"1565*A",75,-976,"Senecio crassulus",1.5,NA,NA,0.5,0,1,1,1,0,0,3.0530303030303,99.9999999999998,0
2016,11,"1565*A",75,-976,"Senecio crassulus",1,1.5,-0.5,3.2,0,0,0,1,0,0,1.30188679245283,99.9999999999999,0
2017,11,"1565*A",75,-976,"Senecio crassulus",0,1,-1,0,0,0,0,0,0,1,1.28571428571429,0,0
2014,13,"1566*A",815,-949,"Eriogonum umbellatum",1.5,NA,NA,1.5,0,0,NA,1,0,0,2.52336448598131,31.3769779105878,0
2015,13,"1566*A",815,-949,"Eriogonum umbellatum",1.5,1.5,0,1.5,0,0,0,1,0,0,3.0530303030303,0,0
2016,13,"1566*A",815,-949,"Eriogonum umbellatum",2.3,1.5,0.8,2.4,0,0,0,1,0,0,1.30188679245283,112.833482474671,0
2017,13,"1566*A",815,-949,"Eriogonum umbellatum",4,2.3,1.7,3,0,0,0,1,0,0,1.28571428571429,176.37760366353,0
2018,13,"1566*A",815,-949,"Eriogonum umbellatum",4.5,4,0.5,2.5,0,0,0,1,0,0,1.12213740458015,99.9999999999977,0
2019,13,"1566*A",815,-949,"Eriogonum umbellatum",5.5,4.5,1,3,0,0,0,1,0,0,0.5,199.999999999997,0
2015,13,"1567*A",948.5259393,-941.10339546,"Chaenactis douglasii",0.5,NA,NA,0.5,0,1,1,1,0,0,3.0530303030303,200.000000000048,0
2015,13,"1567*B",947.8138534,-940.74514735,"Chaenactis douglasii",0.5,NA,NA,0.5,0,1,1,0,1,0,3.0530303030303,200.00000000003,0
2015,13,"1567*C",946.2217119,-943.94295369,"Chaenactis douglasii",0.5,NA,NA,0.5,0,1,1,0,1,0,3.0530303030303,200.00000000007,0
2015,13,"1567*D",950.6119311,-936.68032079,"Chaenactis douglasii",0.5,NA,NA,0.5,0,1,1,0,1,0,3.0530303030303,200.00000000005,0
2015,13,"1567*E",944.9848648,-938.13512464,"Chaenactis douglasii",0.5,NA,NA,0.5,0,1,1,0,1,0,3.0530303030303,200.000000000032,0
2016,13,"1567*A",948,-940,"Chaenactis douglasii",0,0.5,-0.5,0,0,0,0,0,0,1,1.30188679245283,0,0
2015,15,"1568*A",1765,-986,"Eriogonum umbellatum",0.7,NA,NA,1,0,1,1,1,0,0,3.0530303030303,199.999999999851,0
2016,15,"1568*A",1765,-986,"Eriogonum umbellatum",1.4,0.7,0.7,1,0,0,0,1,0,0,1.30188679245283,7.37375630068219,0
2017,15,"1568*A",1765,-986,"Eriogonum umbellatum",3,1.4,1.6,1.5,0,0,0,1,0,0,1.28571428571429,0,0
2018,15,"1568*A",1765,-986,"Eriogonum umbellatum",2,3,-1,1.5,0,0,0,1,0,0,1.12213740458015,0,0
2019,15,"1568*A",1765,-986,"Eriogonum umbellatum",3.5,2,1.5,1,0,0,0,1,0,0,0.5,0,0
2015,15,"1569*A",1627,-998,"Lupinus argenteus",7,NA,NA,2.5,0,0,1,1,0,0,3.0530303030303,0,0
2016,15,"1569*A",1627,-998,"Lupinus argenteus",6,7,-1,5,0,0,0,1,0,0,1.30188679245283,0,0
2017,15,"1569*A",1627,-998,"Lupinus argenteus",0,6,-6,0,0,0,0,0,0,1,1.28571428571429,0,0
2014,14,"157*A",1335,-895,"Elymus lanceolatus",13,NA,NA,22,3,0,NA,1,0,0,2.52336448598131,99.9999999999991,17.3500384007151
2015,14,"157*A",1335,-895,"Elymus lanceolatus",13,13,0,17.5,2,0,0,1,0,0,3.0530303030303,99.9999999999991,62.1281937384204
2016,14,"157*A",1335,-895,"Elymus lanceolatus",21.5,13,8.5,17.5,2,0,0,1,0,0,1.30188679245283,100,38.8331248465996
2017,14,"157*A",1335,-895,"Elymus lanceolatus",18,21.5,-3.5,20,2,0,0,1,0,0,1.28571428571429,100,68.8913501134955
2018,14,"157*A",1335,-895,"Elymus lanceolatus",12,18,-6,21.5,2,0,0,1,0,0,1.12213740458015,100.000000000001,58.8285151475623
2019,14,"157*A",1335,-895,"Elymus lanceolatus",14,12,2,20,2,0,0,1,0,0,0.5,100.000000000001,69.097289984971
2015,15,"1570*A",1626,-884,"Lupinus argenteus",3,NA,NA,2,0,0,1,1,0,0,3.0530303030303,0,0
2016,15,"1570*A",1626,-884,"Lupinus argenteus",0,3,-3,0,0,0,0,0,0,1,1.30188679245283,0,0
2014,15,"1571*A",1671,-836,"Eriogonum umbellatum",5.5,NA,NA,2.5,0,0,NA,1,0,0,2.52336448598131,0,0
2015,15,"1571*A",1671,-836,"Eriogonum umbellatum",5.5,5.5,0,2.5,0,0,0,1,0,0,3.0530303030303,0,0
2016,15,"1571*A",1671,-836,"Eriogonum umbellatum",9,5.5,3.5,3,4,0,0,1,0,0,1.30188679245283,0,0
2017,15,"1571*A",1671,-836,"Eriogonum umbellatum",12,9,3,2.5,3,0,0,1,0,0,1.28571428571429,5.71793821270517,0
2018,15,"1571*A",1671,-836,"Eriogonum umbellatum",13,12,1,3,12,0,0,1,0,0,1.12213740458015,4.82927458369057,0
2019,15,"1571*A",1671,-836,"Eriogonum umbellatum",18,13,5,4,13,0,0,1,0,0,0.5,25.4491197175359,0
2015,15,"1572*A",1768,-897,"Senecio crassulus",1,NA,NA,1.5,0,1,1,1,0,0,3.0530303030303,0,0
2016,15,"1572*A",1768,-897,"Senecio crassulus",0,1,-1,0,0,0,0,0,0,1,1.30188679245283,0,0
2015,15,"1573*A",1778,-894,"Lupinus argenteus",3,NA,NA,2.5,0,1,1,1,0,0,3.0530303030303,0,88.3151526498453
2016,15,"1573*A",1778,-894,"Lupinus argenteus",0,3,-3,0,0,0,0,0,0,1,1.30188679245283,0,0
2015,15,"1574*A",1776,-927,"Lupinus argenteus",5.5,NA,NA,4,0,0,1,1,0,0,3.0530303030303,0,0
2016,15,"1574*A",1776,-927,"Lupinus argenteus",8,5.5,2.5,5,0,0,0,1,0,0,1.30188679245283,0,0
2017,15,"1574*A",1776,-927,"Lupinus argenteus",0,8,-8,0,0,0,0,0,0,1,1.28571428571429,0,0
2015,15,"1575*A",1745,-932,"Lupinus argenteus",12.5,NA,NA,7,0,0,1,1,0,0,3.0530303030303,0,8.94949872834735
2016,15,"1575*A",1745,-932,"Lupinus argenteus",8,12.5,-4.5,5,0,0,0,1,0,0,1.30188679245283,0,0
2017,15,"1575*A",1745,-932,"Lupinus argenteus",0,8,-8,0,0,0,0,0,0,1,1.28571428571429,0,0
2015,15,"1576*A",1760,-924,"Lupinus argenteus",13,NA,NA,7,0,0,1,1,0,0,3.0530303030303,0,0
2016,15,"1576*A",1760,-924,"Lupinus argenteus",0,13,-13,0,0,0,0,0,0,1,1.30188679245283,0,0
2015,16,"1577*A",57,-1389,"Agoseris glauca",1.5,NA,NA,2.1,0,1,1,1,0,0,3.0530303030303,99.9999999999995,0
2016,16,"1577*A",57,-1389,"Agoseris glauca",1,1.5,-0.5,2,0,0,0,1,0,0,1.30188679245283,99.9999999999998,0
2017,16,"1577*A",57,-1389,"Agoseris glauca",0,1,-1,0,0,0,0,0,0,1,1.28571428571429,0,0
2015,16,"1578*A",62,-1397,"Heterotheca villosa",1,NA,NA,0.6,0,1,1,1,0,0,3.0530303030303,99.9999999999998,0
2016,16,"1578*A",62,-1397,"Heterotheca villosa",0,1,-1,0,0,0,0,0,0,1,1.30188679245283,0,0
2015,16,"1579*A",43,-1369.5,"Arnica latifolia",1.4,NA,NA,1,0,1,1,1,0,0,3.0530303030303,193.329044455201,0
2016,16,"1579*A",43,-1369.5,"Arnica latifolia",1.4,1.4,0,1,0,0,0,1,0,0,1.30188679245283,183.149447172779,0
2017,16,"1579*A",43,-1369.5,"Arnica latifolia",2.6,1.4,1.2,5.5,0,0,0,1,0,0,1.28571428571429,0,0
2018,16,"1579*A",43,-1369.5,"Arnica latifolia",4,2.6,1.4,3,0,0,0,1,0,0,1.12213740458015,0,0
2019,16,"1579*A",43,-1369.5,"Arnica latifolia",8,4,4,6.5,0,0,0,1,0,0,0.5,5.68663151768358,0
2014,14,"158*A",1337,-889,"Elymus lanceolatus",8,NA,NA,14,1,0,NA,1,0,0,2.52336448598131,100,45.8149451518908
2015,14,"158*A",1337,-889,"Elymus lanceolatus",17,8,9,20,3,0,0,1,0,0,3.0530303030303,100,45.3320290442919
2016,14,"158*A",1337,-889,"Elymus lanceolatus",15,17,-2,18,2,0,0,1,0,0,1.30188679245283,100.000000000001,81.3708768750321
2017,14,"158*A",1337,-889,"Elymus lanceolatus",18,15,3,25,1,0,0,1,0,0,1.28571428571429,100.000000000001,107.342438835311
2018,14,"158*A",1337,-889,"Elymus lanceolatus",16,18,-2,17,1,0,0,1,0,0,1.12213740458015,99.9999999999972,53.3289202030884
2019,14,"158*A",1337,-889,"Elymus lanceolatus",18,16,2,26,3,0,0,1,0,0,0.5,100.000000000001,76.465206240785
2015,16,"1580*A",29,-1345,"Ivesia gordonii",0.6,NA,NA,0.5,0,1,1,1,0,0,3.0530303030303,0,0
2016,16,"1580*A",29,-1345,"Ivesia gordonii",0.5,0.6,-0.1,0.5,0,0,0,1,0,0,1.30188679245283,0,0
2017,16,"1580*A",29,-1345,"Ivesia gordonii",0,0.5,-0.5,0,0,0,0,0,0,1,1.28571428571429,0,0
2015,16,"1581*A",29,-1349,"Agoseris glauca",1.5,NA,NA,2,0,1,1,1,0,0,3.0530303030303,99.9999999999997,0
2016,16,"1581*A",29,-1349,"Agoseris glauca",0.5,1.5,-1,1.5,0,0,0,1,0,0,1.30188679245283,100,0
2017,16,"1581*A",29,-1349,"Agoseris glauca",0,0.5,-0.5,0,0,0,0,0,0,1,1.28571428571429,0,0
2015,16,"1582*A",52,-1355,"Eriogonum umbellatum",1.5,NA,NA,0.7,0,1,1,1,0,0,3.0530303030303,155.735165505164,0
2016,16,"1582*A",52,-1355,"Eriogonum umbellatum",2,1.5,0.5,1.5,0,0,0,1,0,0,1.30188679245283,101.155569893434,0
2017,16,"1582*A",52,-1355,"Eriogonum umbellatum",3,2,1,2.5,0,0,0,1,0,0,1.28571428571429,0,0
2018,16,"1582*A",52,-1355,"Eriogonum umbellatum",4.5,3,1.5,1,0,0,0,1,0,0,1.12213740458015,0,0
2019,16,"1582*A",52,-1355,"Eriogonum umbellatum",6,4.5,1.5,3.5,0,0,0,1,0,0,0.5,97.161910692952,0
2015,16,"1583*A",22,-1314,"Lupinus argenteus",3,NA,NA,2.5,0,1,1,1,0,0,3.0530303030303,66.8633116125693,47.4827488847819
2016,16,"1583*A",22,-1314,"Lupinus argenteus",0,3,-3,0,0,0,0,0,0,1,1.30188679245283,0,0
2015,16,"1584*A",19,-1305,"Agoseris glauca",1.5,NA,NA,2,0,1,1,1,0,0,3.0530303030303,186.030688192688,0
2016,16,"1584*A",19,-1305,"Agoseris glauca",0,1.5,-1.5,0,0,0,0,1,0,0,1.30188679245283,0,0
2017,16,"1584*A",19,-1305,"Agoseris glauca",3,0,3,4,0,0,0,1,0,0,1.28571428571429,100,0
2018,16,"1584*A",19,-1305,"Agoseris glauca",0,3,-3,0,0,0,0,0,0,1,1.12213740458015,0,0
2015,16,"1585*A",20,-1305,"Chaenactis douglasii",0.7,NA,NA,0.5,0,1,1,1,0,0,3.0530303030303,207.10050770166,0
2016,16,"1585*A",20,-1305,"Chaenactis douglasii",0,0.7,-0.7,0,0,0,0,0,0,1,1.30188679245283,0,0
2015,16,"1586*A",140,-1285,"Lupinus argenteus",6,NA,NA,4,0,0,1,1,0,0,3.0530303030303,0,0
2016,16,"1586*A",140,-1285,"Lupinus argenteus",0,6,-6,0,0,0,0,0,0,1,1.30188679245283,0,0
2015,16,"1587*A",140,-1277,"Lupinus argenteus",5.5,NA,NA,4,0,0,1,1,0,0,3.0530303030303,0,0
2016,16,"1587*A",140,-1277,"Lupinus argenteus",8,5.5,2.5,5,0,0,0,1,0,0,1.30188679245283,0,0
2017,16,"1587*A",140,-1277,"Lupinus argenteus",0,8,-8,0,0,0,0,0,0,1,1.28571428571429,0,0
2015,16,"1588*A",138,-1338,"Chaenactis douglasii",1,NA,NA,1.2,0,1,1,1,0,0,3.0530303030303,0,0
2016,16,"1588*A",138,-1338,"Chaenactis douglasii",0,1,-1,0,0,0,0,0,0,1,1.30188679245283,0,0
2014,16,"1589*A",145,-1343,"Lupinus argenteus",11,NA,NA,8,0,0,NA,1,0,0,2.52336448598131,0,12.0778906264964
2015,16,"1589*A",145,-1343,"Lupinus argenteus",11,11,0,8,0,0,0,1,0,0,3.0530303030303,0,2.32765451106246
2016,16,"1589*A",145,-1343,"Lupinus argenteus",2,11,-9,2,0,0,0,1,0,0,1.30188679245283,0,0
2017,16,"1589*A",145,-1343,"Lupinus argenteus",0,2,-2,0,0,0,0,0,0,1,1.28571428571429,0,0
2015,16,"1590*A",150,-1355,"Lupinus argenteus",10,NA,NA,8,0,0,1,1,0,0,3.0530303030303,0,48.2595126487163
2016,16,"1590*A",150,-1355,"Lupinus argenteus",0,10,-10,0,0,0,0,0,0,1,1.30188679245283,0,0
2015,17,"1591*A",431,-1322,"Elymus lanceolatus",3,NA,NA,9,0,0,1,1,0,0,3.0530303030303,99.999999999999,0
2016,17,"1591*A",431,-1322,"Elymus lanceolatus",3,3,0,12,0,0,0,1,0,0,1.30188679245283,99.999999999999,77.9585592590295
2017,17,"1591*A",431,-1322,"Elymus lanceolatus",7,3,4,9,0,0,0,1,0,0,1.28571428571429,99.9999999999989,99.9999999999989
2018,17,"1591*A",431,-1322,"Elymus lanceolatus",4.5,7,-2.5,6,0,0,0,1,0,0,1.12213740458015,100.000000000002,16.1703349206503
2019,17,"1591*A",431,-1322,"Elymus lanceolatus",0,4.5,-4.5,0,0,0,0,0,0,1,0.5,0,0
2015,17,"1592*A",434,-1225,"Lupinus argenteus",2,NA,NA,2,0,0,1,1,0,0,3.0530303030303,0,0
2016,17,"1592*A",434,-1225,"Lupinus argenteus",0,2,-2,0,0,0,0,0,0,1,1.30188679245283,0,0
2015,17,"1593*A",464,-1335,"Lupinus argenteus",5,NA,NA,4,0,0,1,1,0,0,3.0530303030303,0,0
2016,17,"1593*A",464,-1335,"Lupinus argenteus",25,5,20,3,0,0,0,1,0,0,1.30188679245283,0.0523004942611612,4.23329245138617
2017,17,"1593*A",464,-1335,"Lupinus argenteus",0,25,-25,0,0,0,0,0,0,1,1.28571428571429,0,0
2015,17,"1594*A",500,-1315,"Lupinus argenteus",1.5,NA,NA,2,0,0,1,1,0,0,3.0530303030303,0,0
2016,17,"1594*A",500,-1315,"Lupinus argenteus",0,1.5,-1.5,0,0,0,0,0,0,1,1.30188679245283,0,0
2015,17,"1595*A",500,-1310,"Lupinus argenteus",3,NA,NA,2,0,0,1,1,0,0,3.0530303030303,0,0
2016,17,"1595*A",500,-1310,"Lupinus argenteus",0,3,-3,0,0,0,0,0,0,1,1.30188679245283,0,0
2015,17,"1596*A",508,-1312,"Lupinus argenteus",3,NA,NA,3,0,0,1,1,0,0,3.0530303030303,0,0
2016,17,"1596*A",508,-1312,"Lupinus argenteus",0,3,-3,0,0,0,0,1,0,0,1.30188679245283,0,0
2017,17,"1596*A",508,-1312,"Lupinus argenteus",3.5,0,3.5,2.5,0,0,0,1,0,0,1.28571428571429,0,0
2018,17,"1596*A",508,-1312,"Lupinus argenteus",0,3.5,-3.5,0,0,0,0,0,0,1,1.12213740458015,0,0
2014,19,"1597*A",1394,-1335,"Eriogonum umbellatum",1.5,NA,NA,2.5,0,0,NA,1,0,0,2.52336448598131,99.9999999999879,0
2015,19,"1597*A",1394,-1335,"Eriogonum umbellatum",1.5,1.5,0,2.5,0,0,0,1,0,0,3.0530303030303,99.9999999999879,0
2016,19,"1597*A",1394,-1335,"Eriogonum umbellatum",7,1.5,5.5,1,0,0,0,1,0,0,1.30188679245283,99.9999999999969,0
2017,19,"1597*A",1394,-1335,"Eriogonum umbellatum",3,7,-4,1,0,0,0,1,0,0,1.28571428571429,99.999999999996,0
2018,19,"1597*A",1394,-1335,"Eriogonum umbellatum",0,3,-3,0,0,0,0,0,0,1,1.12213740458015,0,0
2014,19,"1598*A",1386,-1337,"Eriogonum umbellatum",1,NA,NA,1.5,0,0,NA,1,0,0,2.52336448598131,100.000000000022,0
2015,19,"1598*A",1386,-1337,"Eriogonum umbellatum",1,1,0,1.5,0,0,0,1,0,0,3.0530303030303,100.000000000022,0
2016,19,"1598*A",1386,-1337,"Eriogonum umbellatum",0,1,-1,0,0,0,0,0,0,1,1.30188679245283,0,0
2014,19,"1599*A",1384,-1341,"Eriogonum umbellatum",1,NA,NA,1.5,0,0,NA,1,0,0,2.52336448598131,100.000000000022,0
2015,19,"1599*A",1384,-1341,"Eriogonum umbellatum",1,1,0,1.5,0,0,0,1,0,0,3.0530303030303,100.000000000022,0
2016,19,"1599*A",1384,-1341,"Eriogonum umbellatum",0,1,-1,0,0,0,0,0,0,1,1.30188679245283,0,0
2014,1,"16*A",198,-35,"Ivesia gordonii",18,NA,NA,4,6,0,NA,1,0,0,2.52336448598131,0,0
2015,1,"16*A",198,-35,"Ivesia gordonii",21,18,3,4,17,0,0,1,0,0,3.0530303030303,0,0.136962510087099
2016,1,"16*A",198,-35,"Ivesia gordonii",19,21,-2,6.3,10,0,0,1,0,0,1.30188679245283,1.79747467071326,0
2017,1,"16*A",198,-35,"Ivesia gordonii",0,19,-19,0,0,0,0,0,0,1,1.28571428571429,0,0
2014,14,"160*A",1356,-897,"Elymus lanceolatus",7,NA,NA,17,1,0,NA,1,0,0,2.52336448598131,99.9999999999993,0
2015,14,"160*A",1356,-897,"Elymus lanceolatus",13,7,6,16.5,1,0,0,1,0,0,3.0530303030303,100.000000000001,56.903291414522
2016,14,"160*A",1356,-897,"Elymus lanceolatus",8.5,13,-4.5,18,0,0,0,1,0,0,1.30188679245283,100.000000000002,8.36326573031477
2017,14,"160*A",1356,-897,"Elymus lanceolatus",11,8.5,2.5,16,1,0,0,1,0,0,1.28571428571429,100.000000000003,45.3370394874715
2018,14,"160*A",1356,-897,"Elymus lanceolatus",12,11,1,18.5,1,0,0,1,0,0,1.12213740458015,99.9999999999992,71.8674820842636
2019,14,"160*A",1356,-897,"Elymus lanceolatus",12,12,0,16,1,0,0,1,0,0,0.5,99.9999999999992,10.8808273633692
2014,19,"1600*A",1371,-1278,"Eriogonum umbellatum",1.5,NA,NA,1.5,0,0,NA,1,0,0,2.52336448598131,0,0
2015,19,"1600*A",1371,-1278,"Eriogonum umbellatum",1.5,1.5,0,1.5,0,0,0,1,0,0,3.0530303030303,87.2316012103697,0
2016,19,"1600*A",1371,-1278,"Eriogonum umbellatum",1.5,1.5,0,1.5,0,0,0,1,0,0,1.30188679245283,162.03988249741,0
2017,19,"1600*A",1371,-1278,"Eriogonum umbellatum",0,1.5,-1.5,0,0,0,0,1,0,0,1.28571428571429,0,0
2018,19,"1600*A",1371,-1278,"Eriogonum umbellatum",1,0,1,0.3,0,0,0,1,0,0,1.12213740458015,95.7804715371137,0
2019,19,"1600*A",1371,-1278,"Eriogonum umbellatum",0,1,-1,0,0,0,0,0,0,1,0.5,0,0
2015,19,"1601*A",1365,-1265,"Eriogonum umbellatum",2,NA,NA,1,0,0,1,1,0,0,3.0530303030303,100.000000000007,0
2016,19,"1601*A",1365,-1265,"Eriogonum umbellatum",1.5,2,-0.5,1.5,0,0,0,1,0,0,1.30188679245283,100.000000000007,0
2017,19,"1601*A",1365,-1265,"Eriogonum umbellatum",0,1.5,-1.5,0,0,0,0,0,0,1,1.28571428571429,0,0
2015,19,"1602*A",1339,-1290,"Ivesia gordonii",0.5,NA,NA,0.5,0,1,1,1,0,0,3.0530303030303,0,0
2016,19,"1602*A",1339,-1290,"Ivesia gordonii",1,0.5,0.5,1,0,0,0,1,0,0,1.30188679245283,0,0
2017,19,"1602*A",1339,-1290,"Ivesia gordonii",1,1,0,1,0,0,0,1,0,0,1.28571428571429,0,0
2018,19,"1602*A",1339,-1290,"Ivesia gordonii",1.5,1,0.5,1.5,0,0,0,1,0,0,1.12213740458015,0,0
2019,19,"1602*A",1339,-1290,"Ivesia gordonii",3,1.5,1.5,2,0,0,0,1,0,0,0.5,0,0
2015,19,"1603*A",1295,-1288,"Ivesia gordonii",0.5,NA,NA,0.5,0,1,1,1,0,0,3.0530303030303,0,0
2016,19,"1603*A",1295,-1288,"Ivesia gordonii",1.5,0.5,1,1.5,0,0,0,1,0,0,1.30188679245283,0,0
2017,19,"1603*A",1295,-1288,"Ivesia gordonii",2,1.5,0.5,2,0,0,0,1,0,0,1.28571428571429,0,0
2018,19,"1603*A",1295,-1288,"Ivesia gordonii",3.5,2,1.5,2.5,0,0,0,1,0,0,1.12213740458015,0,0
2019,19,"1603*A",1295,-1288,"Ivesia gordonii",5,3.5,1.5,4,0,0,0,1,0,0,0.5,0,0
2015,19,"1604*A",1291,-1299,"Ivesia gordonii",0.5,NA,NA,0.5,0,1,1,1,0,0,3.0530303030303,0,0
2016,19,"1604*A",1291,-1299,"Ivesia gordonii",1,0.5,0.5,0.5,0,0,0,1,0,0,1.30188679245283,0,0
2017,19,"1604*A",1291,-1299,"Ivesia gordonii",1.5,1,0.5,0.5,0,0,0,1,0,0,1.28571428571429,0,0
2018,19,"1604*A",1291,-1299,"Ivesia gordonii",2,1.5,0.5,1.5,0,0,0,1,0,0,1.12213740458015,0,0
2019,19,"1604*A",1291,-1299,"Ivesia gordonii",4,2,2,3,0,0,0,1,0,0,0.5,0,0
2015,19,"1605*A",1292,-1324,"Ivesia gordonii",0.5,NA,NA,0.5,0,1,1,1,0,0,3.0530303030303,0,0
2016,19,"1605*A",1292,-1324,"Ivesia gordonii",0.5,0.5,0,0.3,0,0,0,1,0,0,1.30188679245283,100.000000000009,0
2017,19,"1605*A",1292,-1324,"Ivesia gordonii",1,0.5,0.5,1,0,0,0,1,0,0,1.28571428571429,117.516897416563,0
2018,19,"1605*A",1292,-1324,"Ivesia gordonii",2,1,1,1.5,0,0,0,1,0,0,1.12213740458015,200,0
2019,19,"1605*A",1292,-1324,"Ivesia gordonii",3,2,1,3,0,0,0,1,0,0,0.5,100.000000000009,0
2015,19,"1606*A",1303,-1311,"Ivesia gordonii",1,NA,NA,1.5,0,0,1,1,0,0,3.0530303030303,0,0
2016,19,"1606*A",1303,-1311,"Ivesia gordonii",0.5,1,-0.5,0.5,0,0,0,1,0,0,1.30188679245283,100.000000000009,0
2017,19,"1606*A",1303,-1311,"Ivesia gordonii",1.5,0.5,1,0.5,0,0,0,1,0,0,1.28571428571429,100.000000000007,0
2018,19,"1606*A",1303,-1311,"Ivesia gordonii",2,1.5,0.5,1.5,0,0,0,1,0,0,1.12213740458015,97.544751780106,0.805654635102798
2019,19,"1606*A",1303,-1311,"Ivesia gordonii",3.5,2,1.5,3,0,0,0,1,0,0,0.5,100.000000000004,21.1391301541739
2015,20,"1607*A",1639,-1388,"Chaenactis douglasii",0.7,NA,NA,1,0,1,1,1,0,0,3.0530303030303,100.000000000022,0
2016,20,"1607*A",1639,-1388,"Chaenactis douglasii",0,0.7,-0.7,0,0,0,0,0,0,1,1.30188679245283,0,0
2015,20,"1608*A",1632,-1375,"Senecio crassulus",0.4,NA,NA,2,0,1,1,1,0,0,3.0530303030303,0,0
2016,20,"1608*A",1632,-1375,"Senecio crassulus",0,0.4,-0.4,0,0,0,0,0,0,1,1.30188679245283,0,0
2015,20,"1609*A",1645,-1365,"Eriogonum umbellatum",0.5,NA,NA,1,0,1,1,1,0,0,3.0530303030303,0,0
2016,20,"1609*A",1645,-1365,"Eriogonum umbellatum",1,0.5,0.5,0.5,0,0,0,1,0,0,1.30188679245283,0,0
2017,20,"1609*A",1645,-1365,"Eriogonum umbellatum",0.5,1,-0.5,0.5,0,0,0,1,0,0,1.28571428571429,0,0
2018,20,"1609*A",1645,-1365,"Eriogonum umbellatum",0,0.5,-0.5,0,0,0,0,0,0,1,1.12213740458015,0,0
2014,14,"161*A",1345,-888,"Elymus lanceolatus",7,NA,NA,14,0,0,NA,1,0,0,2.52336448598131,99.9999999999976,0
2015,14,"161*A",1345,-888,"Elymus lanceolatus",7,7,0,21,1,0,0,1,0,0,3.0530303030303,99.9999999999976,59.8834209184796
2016,14,"161*A",1345,-888,"Elymus lanceolatus",4,7,-3,12.5,0,0,0,1,0,0,1.30188679245283,99.9999999999927,36.2986014142957
2017,14,"161*A",1345,-888,"Elymus lanceolatus",15,4,11,15,0,0,0,1,0,0,1.28571428571429,99.9999999999987,122.785586671729
2018,14,"161*A",1345,-888,"Elymus lanceolatus",6,15,-9,17,1,0,0,1,0,0,1.12213740458015,99.9999999999962,105.868013155561
2019,14,"161*A",1345,-888,"Elymus lanceolatus",13.5,6,7.5,26,1,0,0,1,0,0,0.5,100,83.0975031629287
2014,20,"1610*A",1600,-1327,"Senecio crassulus",2.5,NA,NA,4,0,0,NA,1,0,0,2.52336448598131,199.99999999996,0
2015,20,"1610*A",1600,-1327,"Senecio crassulus",2.5,2.5,0,4,0,0,0,1,0,0,3.0530303030303,224.707601401288,0
2016,20,"1610*A",1600,-1327,"Senecio crassulus",0,2.5,-2.5,0,0,0,0,1,0,0,1.30188679245283,0,0
2017,20,"1610*A",1600,-1327,"Senecio crassulus",6,0,6,9,0,0,0,1,0,0,1.28571428571429,300.000000000015,0
2018,20,"1610*A",1600,-1327,"Senecio crassulus",4.5,6,-1.5,9.5,0,0,0,1,0,0,1.12213740458015,299.99999999995,0
2019,20,"1610*A",1600,-1327,"Senecio crassulus",13,4.5,8.5,10,0,0,0,1,0,0,0.5,300.000000000015,0
2015,20,"1611*A",1644,-1335,"Lupinus argenteus",10,NA,NA,7,0,0,1,1,0,0,3.0530303030303,79.7822409060974,0
2016,20,"1611*A",1644,-1335,"Lupinus argenteus",0,10,-10,0,0,0,0,0,0,1,1.30188679245283,0,0
2015,20,"1612*A",1651,-1342,"Lupinus argenteus",5.5,NA,NA,2,0,0,1,1,0,0,3.0530303030303,0,98.4984836863659
2016,20,"1612*A",1651,-1342,"Lupinus argenteus",0,5.5,-5.5,0,0,0,0,0,0,1,1.30188679245283,0,0
2015,20,"1613*A",1656,-1332,"Lupinus argenteus",5,NA,NA,2.5,0,0,1,1,0,0,3.0530303030303,0,0
2016,20,"1613*A",1656,-1332,"Lupinus argenteus",0,5,-5,0,0,0,0,0,0,1,1.30188679245283,0,0
2015,20,"1614*A",1665,-1315,"Lupinus argenteus",9,NA,NA,8,0,0,1,1,0,0,3.0530303030303,0,0
2016,20,"1614*A",1665,-1315,"Lupinus argenteus",7,9,-2,6,0,0,0,1,0,0,1.30188679245283,0,0
2017,20,"1614*A",1665,-1315,"Lupinus argenteus",0,7,-7,0,0,0,0,0,0,1,1.28571428571429,0,0
2015,20,"1615*A",1647.87656543,-1343.83899243,"Eriogonum umbellatum",0.5,NA,NA,0.5,0,1,1,1,0,0,3.0530303030303,100.000000000065,0
2015,20,"1615*B",1646.68975563,-1343.24191225,"Eriogonum umbellatum",0.5,NA,NA,0.5,0,1,1,0,1,0,3.0530303030303,100.000000000022,0
2015,20,"1615*C",1644.03618649,-1348.57158948,"Eriogonum umbellatum",0.5,NA,NA,0.5,0,1,1,0,1,0,3.0530303030303,100.000000000047,0
2015,20,"1615*D",1651.35321844,-1336.46720131,"Eriogonum umbellatum",0.5,NA,NA,0.5,0,1,1,0,1,0,3.0530303030303,0,0
2015,20,"1615*E",1641.97477459,-1338.8918744,"Eriogonum umbellatum",0.5,NA,NA,0.5,0,1,1,0,1,0,3.0530303030303,99.9999999999745,0
2016,20,"1615*A",1647,-1342,"Eriogonum umbellatum",1,0.5,0.5,1,0,0,0,1,0,0,1.30188679245283,0,0
2017,20,"1615*A",1647,-1342,"Eriogonum umbellatum",1,1,0,2,0,0,0,1,0,0,1.28571428571429,0,0
2018,20,"1615*A",1647,-1342,"Eriogonum umbellatum",0,1,-1,0,0,0,0,0,0,1,1.12213740458015,0,0
2015,20,"1616*A",1699,-1202,"Lupinus argenteus",2.5,NA,NA,3,0,0,1,1,0,0,3.0530303030303,0,0
2016,20,"1616*A",1699,-1202,"Lupinus argenteus",0,2.5,-2.5,0,0,0,0,0,0,1,1.30188679245283,0,0
2015,20,"1617*A",1722,-1243,"Lupinus argenteus",1.5,NA,NA,1.5,0,0,1,1,0,0,3.0530303030303,0,0
2016,20,"1617*A",1722,-1243,"Lupinus argenteus",14,1.5,12.5,10,0,0,0,1,0,0,1.30188679245283,0,0
2017,20,"1617*A",1722,-1243,"Lupinus argenteus",0,14,-14,0,0,0,0,0,0,1,1.28571428571429,0,0
2015,20,"1618*A",1759,-1245,"Lupinus argenteus",2,NA,NA,2,0,1,1,1,0,0,3.0530303030303,0,0
2016,20,"1618*A",1759,-1245,"Lupinus argenteus",6,2,4,9,0,0,0,1,0,0,1.30188679245283,0,57.6230959578092
2017,20,"1618*A",1759,-1245,"Lupinus argenteus",0,6,-6,0,0,0,0,0,0,1,1.28571428571429,0,0
2015,20,"1619*A",1705,-1250,"Arenaria congesta",1,NA,NA,1,0,1,1,1,0,0,3.0530303030303,0,0
2016,20,"1619*A",1705,-1250,"Arenaria congesta",0,1,-1,0,0,0,0,0,0,1,1.30188679245283,0,0
2014,14,"162*A",1353,-888,"Elymus lanceolatus",8,NA,NA,14,1,0,NA,1,0,0,2.52336448598131,100.000000000004,0
2015,14,"162*A",1353,-888,"Elymus lanceolatus",11,8,3,14,0,0,0,1,0,0,3.0530303030303,99.9999999999987,15.7454937910594
2016,14,"162*A",1353,-888,"Elymus lanceolatus",8.5,11,-2.5,14,0,0,0,1,0,0,1.30188679245283,100,0
2017,14,"162*A",1353,-888,"Elymus lanceolatus",9,8.5,0.5,11,1,0,0,1,0,0,1.28571428571429,99.9999999999973,38.4497895300492
2018,14,"162*A",1353,-888,"Elymus lanceolatus",5,9,-4,18.5,1,0,0,1,0,0,1.12213740458015,99.9999999999971,0
2019,14,"162*A",1353,-888,"Elymus lanceolatus",4.5,5,-0.5,5.5,0,0,0,1,0,0,0.5,100.000000000006,14.311437306195
2015,21,"1621*A",15,-1679,"Senecio crassulus",0.5,NA,NA,0.7,0,1,1,1,0,0,3.0530303030303,100,0
2016,21,"1621*A",15,-1679,"Senecio crassulus",1,0.5,0.5,1,0,0,0,1,0,0,1.30188679245283,99.9999999999993,0
2017,21,"1621*A",15,-1679,"Senecio crassulus",0,1,-1,0,0,0,0,0,0,1,1.28571428571429,0,0
2015,21,"1622*A",149,-1612,"Poa stenantha",3,NA,NA,4,0,1,1,1,0,0,3.0530303030303,99.9999999999998,0
2016,21,"1622*A",149,-1612,"Poa stenantha",8,3,5,5,0,0,0,1,0,0,1.30188679245283,99.9999999999997,0
2017,21,"1622*A",149,-1612,"Poa stenantha",6,8,-2,9.5,0,0,0,1,0,0,1.28571428571429,99.9999999999999,0
2018,21,"1622*A",149,-1612,"Poa stenantha",5,6,-1,8.5,0,0,0,1,0,0,1.12213740458015,93.0927911042678,0
2019,21,"1622*A",149,-1612,"Poa stenantha",6,5,1,9.5,0,0,0,1,0,0,0.5,16.5057059953113,0
2015,21,"1623*A",106,-1635,"Phacelia hastata",0.5,NA,NA,0.5,0,1,1,1,0,0,3.0530303030303,0,0
2016,21,"1623*A",106,-1635,"Phacelia hastata",0,0.5,-0.5,0,0,0,0,0,0,1,1.30188679245283,0,0
2015,27,"1624*A",448,-2090,"Elymus lanceolatus",3,NA,NA,7,0,0,1,1,0,0,3.0530303030303,200,109.859471997181
2016,27,"1624*A",448,-2090,"Elymus lanceolatus",5,3,2,8,0,0,0,1,0,0,1.30188679245283,200.000000000002,184.91162415647
2017,27,"1624*A",448,-2090,"Elymus lanceolatus",4,5,-1,7,0,0,0,1,0,0,1.28571428571429,200.000000000004,131.740065953669
2018,27,"1624*A",448,-2090,"Elymus lanceolatus",3.5,4,-0.5,9,0,0,0,1,0,0,1.12213740458015,99.9999999999972,182.070178977663
2019,27,"1624*A",448,-2090,"Elymus lanceolatus",0,3.5,-3.5,0,0,0,0,0,0,1,0.5,0,0
2014,22,"1625*A",555,-1770,"Phacelia hastata",5,NA,NA,2,1,0,NA,1,0,0,2.52336448598131,100.000000000002,0
2015,22,"1625*A",555,-1770,"Phacelia hastata",5,5,0,2,1,0,0,1,0,0,3.0530303030303,100.000000000002,0
2016,22,"1625*A",555,-1770,"Phacelia hastata",5,5,0,2,0,0,0,1,0,0,1.30188679245283,100.000000000002,0
2017,22,"1625*A",555,-1770,"Phacelia hastata",0,5,-5,0,0,0,0,0,0,1,1.28571428571429,0,0
2015,25,"1626*A",1680,-1714,"Lupinus argenteus",2.5,NA,NA,2,0,0,1,1,0,0,3.0530303030303,0,0
2016,25,"1626*A",1680,-1714,"Lupinus argenteus",0,2.5,-2.5,0,0,0,0,0,0,1,1.30188679245283,0,0
2015,25,"1627*A",1732,-1733,"Lupinus argenteus",7,NA,NA,5,0,0,1,1,0,0,3.0530303030303,0,0
2016,25,"1627*A",1732,-1733,"Lupinus argenteus",0,7,-7,0,0,0,0,0,0,1,1.30188679245283,0,0
2015,25,"1628*A",1782,-1695,"Heterotheca villosa",1,NA,NA,0.5,0,1,1,1,0,0,3.0530303030303,225.107354005098,0
2016,25,"1628*A",1782,-1695,"Heterotheca villosa",0,1,-1,0,0,0,0,0,0,1,1.30188679245283,0,0
2015,25,"1629*A",1782,-1694,"Chaenactis douglasii",1,NA,NA,0.5,0,1,1,1,0,0,3.0530303030303,206.786718059715,0
2016,25,"1629*A",1782,-1694,"Chaenactis douglasii",0,1,-1,0,0,0,0,0,0,1,1.30188679245283,0,0
2014,14,"163*A",1359,-877,"Elymus lanceolatus",6,NA,NA,23,1,0,NA,1,0,0,2.52336448598131,100.000000000003,0
2015,14,"163*A",1359,-877,"Elymus lanceolatus",6.5,6,0.5,20.5,2,0,0,1,0,0,3.0530303030303,100.000000000002,12.6248654696692
2016,14,"163*A",1359,-877,"Elymus lanceolatus",10.5,6.5,4,11,0,0,0,1,0,0,1.30188679245283,100.000000000003,3.62399041905275
2017,14,"163*A",1359,-877,"Elymus lanceolatus",6,10.5,-4.5,12,0,0,0,1,0,0,1.28571428571429,100.000000000003,64.4981231124517
2018,14,"163*A",1359,-877,"Elymus lanceolatus",3.5,6,-2.5,15,1,0,0,1,0,0,1.12213740458015,99.9999999999926,0
2019,14,"163*A",1359,-877,"Elymus lanceolatus",7,3.5,3.5,15,0,0,0,1,0,0,0.5,100.000000000001,11.0870300627345
2015,28,"1630*A",930,-2119,"Ivesia gordonii",1,NA,NA,0.5,0,1,1,1,0,0,3.0530303030303,0,0
2016,28,"1630*A",930,-2119,"Ivesia gordonii",4,1,3,4,0,0,0,1,0,0,1.30188679245283,0,0
2017,28,"1630*A",930,-2119,"Ivesia gordonii",0,4,-4,0,0,0,0,0,0,1,1.28571428571429,0,0
2015,28,"1631*A",868,-2106,"Phacelia hastata",2,NA,NA,1,0,1,1,1,0,0,3.0530303030303,0,0
2016,28,"1631*A",868,-2106,"Phacelia hastata",8,2,6,5,2,0,0,1,0,0,1.30188679245283,67.9070480750689,0
2017,28,"1631*A",868,-2106,"Phacelia hastata",0,8,-8,0,0,0,0,0,0,1,1.28571428571429,0,0
2015,28,"1632*A",955,-2084,"Heterotheca villosa",1.5,NA,NA,0.5,0,1,1,1,0,0,3.0530303030303,200.000000000024,0
2016,28,"1632*A",955,-2084,"Heterotheca villosa",2,1.5,0.5,2.5,0,0,0,1,0,0,1.30188679245283,200.000000000014,0
2017,28,"1632*A",955,-2084,"Heterotheca villosa",0,2,-2,0,0,0,0,0,0,1,1.28571428571429,0,0
2015,28,"1633*A",970,-2064,"Phacelia hastata",1,NA,NA,0.5,0,1,1,1,0,0,3.0530303030303,99.99999999999,0
2016,28,"1633*A",970,-2064,"Phacelia hastata",2.5,1,1.5,1,0,0,0,1,0,0,1.30188679245283,100.000000000003,0
2017,28,"1633*A",970,-2064,"Phacelia hastata",0,2.5,-2.5,0,0,0,0,0,0,1,1.28571428571429,0,0
2015,29,"1634*A",1239,-2010,"Phacelia hastata",0.6,NA,NA,0.5,0,1,1,1,0,0,3.0530303030303,0,0
2016,29,"1634*A",1239,-2010,"Phacelia hastata",0,0.6,-0.6,0,0,0,0,0,0,1,1.30188679245283,0,0
2015,29,"1635*A",1265,-2035,"Lupinus argenteus",1,NA,NA,0.5,0,0,1,1,0,0,3.0530303030303,0,100
2016,29,"1635*A",1265,-2035,"Lupinus argenteus",5,1,4,3,0,0,0,1,0,0,1.30188679245283,0,0
2017,29,"1635*A",1265,-2035,"Lupinus argenteus",0,5,-5,0,0,0,0,0,0,1,1.28571428571429,0,0
2015,31,"1636*A",135,-2570,"Senecio crassulus",1,NA,NA,6,0,1,1,1,0,0,3.0530303030303,99.9999999999969,0
2016,31,"1636*A",135,-2570,"Senecio crassulus",0,1,-1,0,0,0,0,0,0,1,1.30188679245283,0,0
2015,31,"1637*A",55,-2419,"Eriogonum umbellatum",0.5,NA,NA,0.5,0,1,1,1,0,0,3.0530303030303,0,99.9999999999941
2016,31,"1637*A",55,-2419,"Eriogonum umbellatum",1.5,0.5,1,1.5,0,0,0,1,0,0,1.30188679245283,0,143.661256462185
2017,31,"1637*A",55,-2419,"Eriogonum umbellatum",0,1.5,-1.5,0,0,0,0,0,0,1,1.28571428571429,0,0
2015,31,"1638*A",54.5,-2418.5,"Eriogonum umbellatum",0.5,NA,NA,0.5,0,1,1,1,0,0,3.0530303030303,0,99.9999999999977
2016,31,"1638*A",54.5,-2418.5,"Eriogonum umbellatum",1.5,0.5,1,1.5,0,0,0,1,0,0,1.30188679245283,0,184.280085471824
2017,31,"1638*A",54.5,-2418.5,"Eriogonum umbellatum",0,1.5,-1.5,0,0,0,0,0,0,1,1.28571428571429,0,0
2015,31,"1639*A",54,-2418,"Eriogonum umbellatum",0.5,NA,NA,0.5,0,1,1,1,0,0,3.0530303030303,0,99.9999999999977
2016,31,"1639*A",54,-2418,"Eriogonum umbellatum",1.5,0.5,1,1.5,0,0,0,1,0,0,1.30188679245283,0,143.661256462185
2017,31,"1639*A",54,-2418,"Eriogonum umbellatum",0,1.5,-1.5,0,0,0,0,0,0,1,1.28571428571429,0,0
2014,14,"164*A",1366,-880,"Elymus lanceolatus",9,NA,NA,13,0,0,NA,1,0,0,2.52336448598131,100,0
2015,14,"164*A",1366,-880,"Elymus lanceolatus",11.5,9,2.5,12.5,0,0,0,1,0,0,3.0530303030303,100,4.03327460184064
2016,14,"164*A",1366,-880,"Elymus lanceolatus",7,11.5,-4.5,11.5,0,0,0,1,0,0,1.30188679245283,99.9999999999975,8.15397844286825
2017,14,"164*A",1366,-880,"Elymus lanceolatus",17,7,10,13,0,0,0,1,0,0,1.28571428571429,100,8.03436827698367
2018,14,"164*A",1366,-880,"Elymus lanceolatus",9.5,17,-7.5,19.5,1,0,0,1,0,0,1.12213740458015,100,0
2019,14,"164*A",1366,-880,"Elymus lanceolatus",11,9.5,1.5,20.5,2,0,0,1,0,0,0.5,100.000000000001,4.48978903366936
2015,32,"1640*A",508,-2564,"Lupinus argenteus",1,NA,NA,1.5,0,1,1,1,0,0,3.0530303030303,0,0
2016,32,"1640*A",508,-2564,"Lupinus argenteus",5,1,4,4,0,0,0,1,0,0,1.30188679245283,0,0
2017,32,"1640*A",508,-2564,"Lupinus argenteus",5.5,5,0.5,3,0,0,0,1,0,0,1.28571428571429,0,0
2018,32,"1640*A",508,-2564,"Lupinus argenteus",1.5,5.5,-4,1,0,0,0,1,0,0,1.12213740458015,0,0
2019,32,"1640*A",508,-2564,"Lupinus argenteus",0,1.5,-1.5,0,0,0,0,0,0,1,0.5,0,0
2015,33,"1641*A",932,-2573,"Ivesia gordonii",0.8,NA,NA,1,0,1,1,1,0,0,3.0530303030303,0,0
2016,33,"1641*A",932,-2573,"Ivesia gordonii",4,0.8,3.2,3,0,0,0,1,0,0,1.30188679245283,0,0
2017,33,"1641*A",932,-2573,"Ivesia gordonii",10,4,6,3,0,0,0,1,0,0,1.28571428571429,0,0
2018,33,"1641*A",932,-2573,"Ivesia gordonii",11,10,1,4,0,0,0,1,0,0,1.12213740458015,0,0
2019,33,"1641*A",932,-2573,"Ivesia gordonii",14,11,3,7.5,4,0,0,1,0,0,0.5,0,0
2015,33,"1642*A",829,-2436,"Lupinus argenteus",2,NA,NA,2,0,1,1,1,0,0,3.0530303030303,88.154566209117,0
2016,33,"1642*A",829,-2436,"Lupinus argenteus",1.5,2,-0.5,1.5,0,0,0,1,0,0,1.30188679245283,99.9999999999992,0
2017,33,"1642*A",829,-2436,"Lupinus argenteus",0,1.5,-1.5,0,0,0,0,0,0,1,1.28571428571429,0,0
2015,33,"1643*A",827,-2410,"Lupinus argenteus",2.5,NA,NA,3,0,1,1,1,0,0,3.0530303030303,100.000000000001,0
2016,33,"1643*A",827,-2410,"Lupinus argenteus",0,2.5,-2.5,0,0,0,0,0,0,1,1.30188679245283,0,0
2015,33,"1644*A",823,-2404,"Lupinus argenteus",3,NA,NA,3,0,1,1,1,0,0,3.0530303030303,0,0
2016,33,"1644*A",823,-2404,"Lupinus argenteus",5.5,3,2.5,5,0,0,0,1,0,0,1.30188679245283,0,0
2017,33,"1644*A",823,-2404,"Lupinus argenteus",9,5.5,3.5,4,0,0,0,1,0,0,1.28571428571429,40.0172211185075,0
2018,33,"1644*A",823,-2404,"Lupinus argenteus",0,9,-9,0,0,0,0,0,0,1,1.12213740458015,0,0
2015,33,"1645*A",820,-2400,"Phacelia hastata",1,NA,NA,1.5,0,1,1,1,0,0,3.0530303030303,0,0
2016,33,"1645*A",820,-2400,"Phacelia hastata",3.5,1,2.5,2,0,0,0,1,0,0,1.30188679245283,0,0
2017,33,"1645*A",820,-2400,"Phacelia hastata",9,3.5,5.5,4,1,0,0,1,0,0,1.28571428571429,61.8479904297628,0
2018,33,"1645*A",820,-2400,"Phacelia hastata",8,9,-1,4.5,0,0,0,1,0,0,1.12213740458015,0,0
2019,33,"1645*A",820,-2400,"Phacelia hastata",10.5,8,2.5,5,4,0,0,1,0,0,0.5,0.300586867598941,0
2015,33,"1646*A",870,-2456,"Heterotheca villosa",1,NA,NA,0.2,0,1,1,1,0,0,3.0530303030303,0,0
2016,33,"1646*A",870,-2456,"Heterotheca villosa",0,1,-1,0,0,0,0,0,0,1,1.30188679245283,0,0
2015,33,"1647*A",878,-2452,"Lupinus argenteus",1,NA,NA,2,0,1,1,1,0,0,3.0530303030303,100.000000000026,0
2016,33,"1647*A",878,-2452,"Lupinus argenteus",1.5,1,0.5,1.5,0,0,0,1,0,0,1.30188679245283,100.000000000012,100.000000000012
2017,33,"1647*A",878,-2452,"Lupinus argenteus",2,1.5,0.5,3,0,0,0,1,0,0,1.28571428571429,99.9999999999927,0
2018,33,"1647*A",878,-2452,"Lupinus argenteus",0,2,-2,0,0,0,0,0,0,1,1.12213740458015,0,0
2015,33,"1648*A",970,-2499,"Heterotheca villosa",1,NA,NA,0.2,0,1,1,1,0,0,3.0530303030303,359.338335723478,0
2016,33,"1648*A",970,-2499,"Heterotheca villosa",1.5,1,0.5,1,0,0,0,1,0,0,1.30188679245283,100.000000000013,0
2017,33,"1648*A",970,-2499,"Heterotheca villosa",0,1.5,-1.5,0,0,0,0,1,0,0,1.28571428571429,0,0
2018,33,"1648*A",970,-2499,"Heterotheca villosa",1.5,0,1.5,1,0,0,0,1,0,0,1.12213740458015,0,0
2019,33,"1648*A",970,-2499,"Heterotheca villosa",6.5,1.5,5,6,0,0,0,1,0,0,0.5,0,0
2015,34,"1649*A",1320,-2549,"Elymus lanceolatus",15,NA,NA,13,0,0,1,1,0,0,3.0530303030303,100,100
2016,34,"1649*A",1320,-2549,"Elymus lanceolatus",13,15,-2,22,3,0,0,1,0,0,1.30188679245283,110.117369513131,121.170962399181
2017,34,"1649*A",1320,-2549,"Elymus lanceolatus",0,13,-13,0,0,0,0,0,0,1,1.28571428571429,0,0
2014,15,"165*A",1664,-943,"Ivesia gordonii",13,NA,NA,5,0,0,NA,1,0,0,2.52336448598131,0,0
2015,15,"165*A",1664,-943,"Ivesia gordonii",15.5,13,2.5,4,15,0,0,1,0,0,3.0530303030303,0,0
2016,15,"165*A",1664,-943,"Ivesia gordonii",17,15.5,1.5,7,7,0,0,1,0,0,1.30188679245283,0.328523624821116,0
2017,15,"165*A",1664,-943,"Ivesia gordonii",14,17,-3,8,20,0,0,1,0,0,1.28571428571429,0,0
2018,15,"165*A",1664,-943,"Ivesia gordonii",12.5,14,-1.5,3.5,0,0,0,1,0,0,1.12213740458015,0,0
2019,15,"165*A",1664,-943,"Ivesia gordonii",0,12.5,-12.5,0,0,0,0,0,0,1,0.5,0,0
2014,36,"1650*A",165,-2972,"Eriogonum umbellatum",3.5,NA,NA,2,4,0,NA,1,0,0,2.52336448598131,0,38.5520617771324
2015,36,"1650*A",165,-2972,"Eriogonum umbellatum",3.5,3.5,0,2,4,0,0,1,0,0,3.0530303030303,0,90.0241774492594
2016,36,"1650*A",165,-2972,"Eriogonum umbellatum",3,3.5,-0.5,3,0,0,0,1,0,0,1.30188679245283,90.9447621641892,100.000000000001
2017,36,"1650*A",165,-2972,"Eriogonum umbellatum",0,3,-3,0,0,0,0,0,0,1,1.28571428571429,0,0
2015,36,"1651*A",104,-2842,"Lupinus argenteus",2,NA,NA,3.5,0,1,1,1,0,0,3.0530303030303,246.668889316432,0
2016,36,"1651*A",104,-2842,"Lupinus argenteus",2,2,0,4,0,0,0,1,0,0,1.30188679245283,315.58659634343,0
2017,36,"1651*A",104,-2842,"Lupinus argenteus",5,2,3,6,0,0,0,1,0,0,1.28571428571429,467.393083080972,0
2018,36,"1651*A",104,-2842,"Lupinus argenteus",0,5,-5,0,0,0,0,0,0,1,1.12213740458015,0,0
2015,37,"1652*A",576,-2991,"Lupinus argenteus",3.5,NA,NA,3,0,0,1,1,0,0,3.0530303030303,0,0
2016,37,"1652*A",576,-2991,"Lupinus argenteus",14,3.5,10.5,10,0,0,0,1,0,0,1.30188679245283,0,69.3827252882891
2017,37,"1652*A",576,-2991,"Lupinus argenteus",13,14,-1,8,0,0,0,1,0,0,1.28571428571429,0,0
2018,37,"1652*A",576,-2991,"Lupinus argenteus",0,13,-13,0,0,0,0,0,0,1,1.12213740458015,0,0
2015,37,"1653*A",580,-2989,"Lupinus argenteus",0.5,NA,NA,2,0,0,1,1,0,0,3.0530303030303,0,0
2016,37,"1653*A",580,-2989,"Lupinus argenteus",0,0.5,-0.5,0,0,0,0,0,0,1,1.30188679245283,0,0
2015,37,"1654*A",584,-2991,"Lupinus argenteus",2.5,NA,NA,2,0,0,1,1,0,0,3.0530303030303,0,0
2016,37,"1654*A",584,-2991,"Lupinus argenteus",0,2.5,-2.5,0,0,0,0,0,0,1,1.30188679245283,0,0
2015,37,"1655*A",408,-2927,"Lupinus argenteus",2.5,NA,NA,2.5,0,1,1,1,0,0,3.0530303030303,0,0
2016,37,"1655*A",408,-2927,"Lupinus argenteus",1.5,2.5,-1,1,0,0,0,1,0,0,1.30188679245283,0,0
2017,37,"1655*A",408,-2927,"Lupinus argenteus",0,1.5,-1.5,0,0,0,0,0,0,1,1.28571428571429,0,0
2015,37,"1656*A",598,-2880,"Lupinus argenteus",7,NA,NA,4,0,0,1,1,0,0,3.0530303030303,0,0
2016,37,"1656*A",598,-2880,"Lupinus argenteus",0,7,-7,0,0,0,0,0,0,1,1.30188679245283,0,0
2015,37,"1657*A",484,-2906,"Senecio crassulus",0.5,NA,NA,0.5,0,1,1,1,0,0,3.0530303030303,0,0
2016,37,"1657*A",484,-2906,"Senecio crassulus",0,0.5,-0.5,0,0,0,0,0,0,1,1.30188679245283,0,0
2015,37,"1658*A",483,-2904,"Heterotheca villosa",0.5,NA,NA,0.5,0,1,1,1,0,0,3.0530303030303,0,0
2016,37,"1658*A",483,-2904,"Heterotheca villosa",0.5,0.5,0,1,0,0,0,1,0,0,1.30188679245283,100.000000000002,0
2017,37,"1658*A",483,-2904,"Heterotheca villosa",0,0.5,-0.5,0,0,0,0,0,0,1,1.28571428571429,0,0
2015,37,"1659*A",478,-2909,"Heterotheca villosa",0.5,NA,NA,0.5,0,1,1,1,0,0,3.0530303030303,0,0
2016,37,"1659*A",478,-2909,"Heterotheca villosa",0.3,0.5,-0.2,0.3,0,0,0,1,0,0,1.30188679245283,0,0
2017,37,"1659*A",478,-2909,"Heterotheca villosa",2,0.3,1.7,1,0,0,0,1,0,0,1.28571428571429,0,0
2018,37,"1659*A",478,-2909,"Heterotheca villosa",1.1,2,-0.9,0.7,0,0,0,1,0,0,1.12213740458015,0,0
2019,37,"1659*A",478,-2909,"Heterotheca villosa",2.5,1.1,1.4,3,0,0,0,1,0,0,0.5,0,0
2014,15,"166*A",1670,-950,"Lupinus argenteus",1,NA,NA,1,0,1,1,1,0,0,2.52336448598131,0,0
2015,15,"166*A",1670,-950,"Lupinus argenteus",0,1,-1,0,0,0,0,0,0,1,3.0530303030303,0,0
2015,37,"1660*A",484,-2912,"Ivesia gordonii",0.5,NA,NA,1,0,1,1,1,0,0,3.0530303030303,0,100.000000000002
2016,37,"1660*A",484,-2912,"Ivesia gordonii",0,0.5,-0.5,0,0,0,0,0,0,1,1.30188679245283,0,0
2015,37,"1661*A",481,-2921,"Ivesia gordonii",0.5,NA,NA,0.5,0,1,1,1,0,0,3.0530303030303,0,100.000000000002
2016,37,"1661*A",481,-2921,"Ivesia gordonii",0,0.5,-0.5,0,0,0,0,0,0,1,1.30188679245283,0,0
2015,37,"1662*A",472,-2901,"Ivesia gordonii",0.5,NA,NA,0.5,0,1,1,1,0,0,3.0530303030303,100.000000000031,0
2016,37,"1662*A",472,-2901,"Ivesia gordonii",1.5,0.5,1,1.5,0,0,0,1,0,0,1.30188679245283,0,0
2017,37,"1662*A",472,-2901,"Ivesia gordonii",2,1.5,0.5,2.5,0,0,0,1,0,0,1.28571428571429,0,0
2018,37,"1662*A",472,-2901,"Ivesia gordonii",0,2,-2,0,0,0,0,0,0,1,1.12213740458015,0,0
2015,37,"1663*A",518,-2828,"Heterotheca villosa",0.2,NA,NA,0.1,0,1,1,1,0,0,3.0530303030303,0,0
2016,37,"1663*A",518,-2828,"Heterotheca villosa",1,0.2,0.8,1,0,0,0,1,0,0,1.30188679245283,0,0
2017,37,"1663*A",518,-2828,"Heterotheca villosa",2.5,1,1.5,1,0,0,0,1,0,0,1.28571428571429,0,0
2018,37,"1663*A",518,-2828,"Heterotheca villosa",4.5,2.5,2,2,0,0,0,1,0,0,1.12213740458015,0,0
2019,37,"1663*A",518,-2828,"Heterotheca villosa",10,4.5,5.5,4.5,0,0,0,1,0,0,0.5,14.6670650294762,0
2015,37,"1664*A",516,-2844,"Heterotheca villosa",0.5,NA,NA,0.1,0,1,1,1,0,0,3.0530303030303,0,0
2016,37,"1664*A",516,-2844,"Heterotheca villosa",1,0.5,0.5,1,0,0,0,1,0,0,1.30188679245283,169.991771036396,0
2017,37,"1664*A",516,-2844,"Heterotheca villosa",2.5,1,1.5,2,0,0,0,1,0,0,1.28571428571429,153.084693698601,0
2018,37,"1664*A",516,-2844,"Heterotheca villosa",2,2.5,-0.5,1,0,0,0,1,0,0,1.12213740458015,0,0
2019,37,"1664*A",516,-2844,"Heterotheca villosa",4.5,2,2.5,4,0,0,0,1,0,0,0.5,38.520266023279,0
2015,37,"1665*A",521,-2844,"Ivesia gordonii",0.5,NA,NA,0.5,0,1,1,1,0,0,3.0530303030303,0,0
2016,37,"1665*A",521,-2844,"Ivesia gordonii",0.5,0.5,0,1,0,0,0,1,0,0,1.30188679245283,99.9999999999809,0
2017,37,"1665*A",521,-2844,"Ivesia gordonii",2.5,0.5,2,2,0,0,0,1,0,0,1.28571428571429,100,0
2018,37,"1665*A",521,-2844,"Ivesia gordonii",3,2.5,0.5,2,0,0,0,1,0,0,1.12213740458015,46.6688893164276,0
2019,37,"1665*A",521,-2844,"Ivesia gordonii",0,3,-3,0,0,0,0,0,0,1,0.5,0,0
2015,41,"1666*A",0,-3330,"Lupinus argenteus",1.5,NA,NA,1.5,0,1,1,1,0,0,3.0530303030303,0,0
2016,41,"1666*A",0,-3330,"Lupinus argenteus",0,1.5,-1.5,0,0,0,0,0,0,1,1.30188679245283,0,0
2015,41,"1667*A",1,-3329,"Arenaria congesta",0.5,NA,NA,0.3,0,1,1,1,0,0,3.0530303030303,0,0
2016,41,"1667*A",1,-3329,"Arenaria congesta",0,0.5,-0.5,0,0,0,0,0,0,1,1.30188679245283,0,0
2015,41,"1668*A",3,-3299,"Lupinus argenteus",2.5,NA,NA,1.5,0,1,1,1,0,0,3.0530303030303,100,0
2016,41,"1668*A",3,-3299,"Lupinus argenteus",0,2.5,-2.5,0,0,0,0,0,0,1,1.30188679245283,0,0
2015,41,"1669*A",83,-3332,"Ivesia gordonii",0.5,NA,NA,0.5,0,1,1,1,0,0,3.0530303030303,0,0
2016,41,"1669*A",83,-3332,"Ivesia gordonii",0,0.5,-0.5,0,0,0,0,0,0,1,1.30188679245283,0,0
2014,15,"167*A",1654,-917,"Eriogonum umbellatum",8,NA,NA,2,2,0,NA,1,0,0,2.52336448598131,0,0
2015,15,"167*A",1654,-917,"Eriogonum umbellatum",11,8,3,2,1,0,0,1,0,0,3.0530303030303,0,0
2016,15,"167*A",1654,-917,"Eriogonum umbellatum",13,11,2,2,17,0,0,1,0,0,1.30188679245283,0,0
2017,15,"167*A",1654,-917,"Eriogonum umbellatum",14.5,13,1.5,2.5,9,0,0,1,0,0,1.28571428571429,0,0
2018,15,"167*A",1654,-917,"Eriogonum umbellatum",16.5,14.5,2,2,13,0,0,1,0,0,1.12213740458015,0,0
2019,15,"167*A",1654,-917,"Eriogonum umbellatum",18,16.5,1.5,3,8,0,0,1,0,0,0.5,0,0
2015,41,"1670*A",5,-3286,"Arenaria congesta",0.5,NA,NA,0.5,0,1,1,1,0,0,3.0530303030303,100,0
2016,41,"1670*A",5,-3286,"Arenaria congesta",0,0.5,-0.5,0,0,0,0,0,0,1,1.30188679245283,0,0
2015,41,"1671*A",144,-3218,"Senecio crassulus",1,NA,NA,1,0,1,1,1,0,0,3.0530303030303,100.000000000001,0
2016,41,"1671*A",144,-3218,"Senecio crassulus",1,1,0,2,0,0,0,1,0,0,1.30188679245283,100.000000000001,0
2017,41,"1671*A",144,-3218,"Senecio crassulus",2.5,1,1.5,1.5,0,0,0,1,0,0,1.28571428571429,99.9999999999986,0
2018,41,"1671*A",144,-3218,"Senecio crassulus",0,2.5,-2.5,0,0,0,0,0,0,1,1.12213740458015,0,0
2015,41,"1672*A",184,-3223,"Phacelia hastata",1,NA,NA,0.3,0,1,1,1,0,0,3.0530303030303,99.9999999999986,0
2016,41,"1672*A",184,-3223,"Phacelia hastata",1.5,1,0.5,1,0,0,0,1,0,0,1.30188679245283,99.9999999999984,9.34097226323093
2017,41,"1672*A",184,-3223,"Phacelia hastata",1.5,1.5,0,1.5,0,0,0,1,0,0,1.28571428571429,99.9999999999984,87.4367096511362
2018,41,"1672*A",184,-3223,"Phacelia hastata",0.9,1.5,-0.6,0.4,0,0,0,1,0,0,1.12213740458015,99.9999999999972,0
2019,41,"1672*A",184,-3223,"Phacelia hastata",0,0.9,-0.9,0,0,0,0,0,0,1,0.5,0,0
2015,41,"1673*A",105,-3201,"Phacelia hastata",0.8,NA,NA,0.3,0,1,1,1,0,0,3.0530303030303,0,0
2016,41,"1673*A",105,-3201,"Phacelia hastata",0,0.8,-0.8,0,0,0,0,0,0,1,1.30188679245283,0,0
2015,41,"1674*A",95,-3201,"Phacelia hastata",0.9,NA,NA,0.4,0,1,1,1,0,0,3.0530303030303,0,0
2016,41,"1674*A",95,-3201,"Phacelia hastata",4,0.9,3.1,2.5,1,0,0,1,0,0,1.30188679245283,0,0
2017,41,"1674*A",95,-3201,"Phacelia hastata",0,4,-4,0,0,0,0,0,0,1,1.28571428571429,0,0
2015,42,"1675*A",400,-3360,"Lupinus argenteus",2.5,NA,NA,2,0,1,1,1,0,0,3.0530303030303,100.000000000002,0
2016,42,"1675*A",400,-3360,"Lupinus argenteus",0.2,2.5,-2.3,0.5,0,0,0,1,0,0,1.30188679245283,0,0
2017,42,"1675*A",400,-3360,"Lupinus argenteus",0,0.2,-0.2,0,0,0,0,0,0,1,1.28571428571429,0,0
2015,42,"1676*A",401,-3258,"Lupinus argenteus",5.5,NA,NA,3,0,0,1,1,0,0,3.0530303030303,0,0
2016,42,"1676*A",401,-3258,"Lupinus argenteus",13,5.5,7.5,7,0,0,0,1,0,0,1.30188679245283,0,0
2017,42,"1676*A",401,-3258,"Lupinus argenteus",2.5,13,-10.5,2,0,0,0,1,0,0,1.28571428571429,0,0
2018,42,"1676*A",401,-3258,"Lupinus argenteus",0,2.5,-2.5,0,0,0,0,0,0,1,1.12213740458015,0,0
2015,42,"1677*A",414,-3202,"Senecio crassulus",0.6,NA,NA,2.5,0,1,1,1,0,0,3.0530303030303,100.000000000006,0
2016,42,"1677*A",414,-3202,"Senecio crassulus",2.5,0.6,1.9,4,0,0,0,1,0,0,1.30188679245283,0,0
2017,42,"1677*A",414,-3202,"Senecio crassulus",7,2.5,4.5,9,0,0,0,1,0,0,1.28571428571429,70.0039376410162,9.67579291364179
2018,42,"1677*A",414,-3202,"Senecio crassulus",0,7,-7,0,0,0,0,0,0,1,1.12213740458015,0,0
2015,49,"1678*A",1232,-3715,"Lupinus argenteus",8,NA,NA,4,0,0,1,1,0,0,3.0530303030303,0,0
2016,49,"1678*A",1232,-3715,"Lupinus argenteus",0,8,-8,0,0,0,0,0,0,1,1.30188679245283,0,0
2015,49,"1679*A",1232,-3710,"Eriogonum umbellatum",1,NA,NA,1,0,1,1,1,0,0,3.0530303030303,0,0
2016,49,"1679*A",1232,-3710,"Eriogonum umbellatum",0,1,-1,0,0,0,0,0,0,1,1.30188679245283,0,0
2014,50,"1680*A",1605,-3796,"Eriogonum umbellatum",2,NA,NA,1,0,0,NA,1,0,0,2.52336448598131,99.9999999999809,0
2015,50,"1680*A",1605,-3796,"Eriogonum umbellatum",2,2,0,1,0,0,0,1,0,0,3.0530303030303,99.9999999999809,0
2016,50,"1680*A",1605,-3796,"Eriogonum umbellatum",1.5,2,-0.5,2,0,0,0,1,0,0,1.30188679245283,99.9999999999879,0
2017,50,"1680*A",1605,-3796,"Eriogonum umbellatum",2.5,1.5,1,2,0,0,0,1,0,0,1.28571428571429,0,0
2018,50,"1680*A",1605,-3796,"Eriogonum umbellatum",0,2.5,-2.5,0,0,0,0,0,0,1,1.12213740458015,0,0
2015,46,"1681*A",43,-3775,"Senecio crassulus",1,NA,NA,2,0,1,1,1,0,0,3.0530303030303,199.999999999999,0
2016,46,"1681*A",43,-3775,"Senecio crassulus",0,1,-1,0,0,0,0,0,0,1,1.30188679245283,0,0
2015,46,"1682*A",43,-3776,"Heterotheca villosa",1,NA,NA,1,0,1,1,1,0,0,3.0530303030303,99.9999999999995,99.9999999999995
2016,46,"1682*A",43,-3776,"Heterotheca villosa",0.5,1,-0.5,1,0,0,0,1,0,0,1.30188679245283,100,100
2017,46,"1682*A",43,-3776,"Heterotheca villosa",0,0.5,-0.5,0,0,0,0,0,0,1,1.28571428571429,0,0
2015,46,"1683*A",50,-3774,"Heterotheca villosa",1.5,NA,NA,1,0,1,1,1,0,0,3.0530303030303,200,0
2016,46,"1683*A",50,-3774,"Heterotheca villosa",0,1.5,-1.5,0,0,0,0,0,0,1,1.30188679245283,0,0
2015,46,"1684*A",52,-3772,"Ivesia gordonii",1,NA,NA,0.8,0,1,1,1,0,0,3.0530303030303,199.999999999999,0
2016,46,"1684*A",52,-3772,"Ivesia gordonii",2,1,1,2,0,0,0,1,0,0,1.30188679245283,99.9999999999999,0
2017,46,"1684*A",52,-3772,"Ivesia gordonii",2.5,2,0.5,2.5,0,0,0,1,0,0,1.28571428571429,100,0
2018,46,"1684*A",52,-3772,"Ivesia gordonii",3,2.5,0.5,5,0,0,0,1,0,0,1.12213740458015,100,0
2019,46,"1684*A",52,-3772,"Ivesia gordonii",7.5,3,4.5,6.5,0,0,0,1,0,0,0.5,100,0
2015,46,"1685*A",50,-3781,"Senecio crassulus",1.5,NA,NA,2.5,0,1,1,1,0,0,3.0530303030303,200,0
2016,46,"1685*A",50,-3781,"Senecio crassulus",3,1.5,1.5,7,0,0,0,1,0,0,1.30188679245283,159.251351134334,0
2017,46,"1685*A",50,-3781,"Senecio crassulus",9,3,6,9,0,0,0,1,0,0,1.28571428571429,137.654320987654,0
2018,46,"1685*A",50,-3781,"Senecio crassulus",7,9,-2,6,0,0,0,1,0,0,1.12213740458015,159.787334776915,0
2019,46,"1685*A",50,-3781,"Senecio crassulus",4.5,7,-2.5,8,0,0,0,1,0,0,0.5,200,0
2015,46,"1686*A",31,-3732,"Senecio crassulus",0.8,NA,NA,1.2,0,1,1,1,0,0,3.0530303030303,0,0
2016,46,"1686*A",31,-3732,"Senecio crassulus",2,0.8,1.2,2,0,0,0,1,0,0,1.30188679245283,4.16177897988884,0
2017,46,"1686*A",31,-3732,"Senecio crassulus",5,2,3,3.5,0,0,0,1,0,0,1.28571428571429,0,0
2018,46,"1686*A",31,-3732,"Senecio crassulus",6.5,5,1.5,3,0,0,0,1,0,0,1.12213740458015,0,0
2019,46,"1686*A",31,-3732,"Senecio crassulus",8.5,6.5,2,7,0,0,0,1,0,0,0.5,0,0
2015,46,"1687*A",31,-3733,"Heterotheca villosa",0.7,NA,NA,0.2,0,1,1,1,0,0,3.0530303030303,0,0
2016,46,"1687*A",31,-3733,"Heterotheca villosa",0.6,0.7,-0.1,1,0,0,0,1,0,0,1.30188679245283,46.2419886654496,0
2017,46,"1687*A",31,-3733,"Heterotheca villosa",0,0.6,-0.6,0,0,0,0,0,0,1,1.28571428571429,0,0
2015,46,"1688*A",30,-3687,"Senecio crassulus",0.8,NA,NA,1,0,1,1,1,0,0,3.0530303030303,99.9999999999995,0
2016,46,"1688*A",30,-3687,"Senecio crassulus",1,0.8,0.2,2,0,0,0,1,0,0,1.30188679245283,47.4969639457208,0
2017,46,"1688*A",30,-3687,"Senecio crassulus",0,1,-1,0,0,0,0,0,0,1,1.28571428571429,0,0
2015,46,"1689*A",34,-3668,"Carex siccata",11,NA,NA,9,0,0,1,1,0,0,3.0530303030303,0,121.052432116048
2016,46,"1689*A",34,-3668,"Carex siccata",15,11,4,12,0,0,0,1,0,0,1.30188679245283,0,83.33236028564
2017,46,"1689*A",34,-3668,"Carex siccata",12,15,-3,8,0,0,0,1,0,0,1.28571428571429,0,47.419799162897
2018,46,"1689*A",34,-3668,"Carex siccata",13.5,12,1.5,16.5,0,0,0,1,0,0,1.12213740458015,0,79.0681924023982
2019,46,"1689*A",34,-3668,"Carex siccata",13.5,13.5,0,13,0,0,0,1,0,0,0.5,0,110.904297786555
2014,15,"169*A",1655,-895,"Lupinus argenteus",15,NA,NA,9,0,0,NA,1,0,0,2.52336448598131,0,6.92737615263573
2015,15,"169*A",1655,-895,"Lupinus argenteus",3.5,15,-11.5,1.5,0,0,0,1,0,0,3.0530303030303,0,0
2016,15,"169*A",1655,-895,"Lupinus argenteus",11,3.5,7.5,5.5,0,0,0,1,0,0,1.30188679245283,0,0
2017,15,"169*A",1655,-895,"Lupinus argenteus",7,11,-4,6,0,0,0,1,0,0,1.28571428571429,0,0
2018,15,"169*A",1655,-895,"Lupinus argenteus",0,7,-7,0,0,0,0,0,0,1,1.12213740458015,0,0
2015,46,"1690*A",36,-3673,"Carex siccata",12,NA,NA,15,0,0,1,1,0,0,3.0530303030303,0,112.044492672022
2016,46,"1690*A",36,-3673,"Carex siccata",0,12,-12,0,0,0,0,0,0,1,1.30188679245283,0,0
2015,46,"1691*A",32,-3670,"Carex siccata",8,NA,NA,11,0,0,1,1,0,0,3.0530303030303,0,212.192696005603
2016,46,"1691*A",32,-3670,"Carex siccata",14,8,6,16,0,0,0,1,0,0,1.30188679245283,0,109.225421730086
2017,46,"1691*A",32,-3670,"Carex siccata",3,14,-11,3,0,0,0,1,0,0,1.28571428571429,0,200
2018,46,"1691*A",32,-3670,"Carex siccata",8,3,5,10,0,0,0,1,0,0,1.12213740458015,0,190.434890246813
2019,46,"1691*A",32,-3670,"Carex siccata",0.5,8,-7.5,1,0,0,0,1,0,0,0.5,0,300
2015,46,"1692*A",28,-3752,"Heterotheca villosa",0.8,NA,NA,0.3,0,1,1,1,0,0,3.0530303030303,0,99.9999999999999
2016,46,"1692*A",28,-3752,"Heterotheca villosa",0.2,0.8,-0.6,0.3,0,0,0,1,0,0,1.30188679245283,199.999999999997,99.9999999999984
2017,46,"1692*A",28,-3752,"Heterotheca villosa",0,0.2,-0.2,0,0,0,0,0,0,1,1.28571428571429,0,0
2015,46,"1693*A",29.08765654,-3751.18389924,"Agoseris glauca",1,NA,NA,1.5,0,1,1,1,0,0,3.0530303030303,99.9999999999998,83.0884542159986
2015,46,"1693*B",28.96897556,-3751.12419123,"Agoseris glauca",1,NA,NA,1.5,0,1,1,1,0,0,3.0530303030303,100.000000000001,83.0884542159994
2016,46,"1693*A",29.17531309,-3751.36779849,"Agoseris glauca",3,1,2,3,0,0,0,1,0,0,1.30188679245283,100.444444444444,88.7074947139314
2016,46,"1693*B",28.93795113,-3751.24838245,"Agoseris glauca",3,1,2,3,0,0,0,0,1,0,1.30188679245283,100.444444444444,88.7074947139321
2017,46,"1693*A",29,-3751,"Agoseris glauca",0,3,-3,0,0,0,0,0,0,1,1.28571428571429,0,0
2015,46,"1694*A",30,-3750,"Eriogonum umbellatum",1,NA,NA,1.5,0,1,1,1,0,0,3.0530303030303,100,0
2016,46,"1694*A",30,-3750,"Eriogonum umbellatum",0,1,-1,0,0,0,0,0,0,1,1.30188679245283,0,0
2015,46,"1695*A",92,-3777,"Ivesia gordonii",1,NA,NA,1,0,1,1,1,0,0,3.0530303030303,300.000000000003,0
2016,46,"1695*A",92,-3777,"Ivesia gordonii",3,1,2,2,0,0,0,1,0,0,1.30188679245283,295.315274774,0
2017,46,"1695*A",92,-3777,"Ivesia gordonii",0,3,-3,0,0,0,0,0,0,1,1.28571428571429,0,0
2015,46,"1696*A",105,-3779,"Lupinus argenteus",4,NA,NA,3,0,1,1,1,0,0,3.0530303030303,99.9999999999994,35.6930520216336
2016,46,"1696*A",105,-3779,"Lupinus argenteus",3,4,-1,3.5,0,0,0,1,0,0,1.30188679245283,100,100
2017,46,"1696*A",105,-3779,"Lupinus argenteus",4,3,1,3,0,0,0,1,0,0,1.28571428571429,99.9999999999994,0
2018,46,"1696*A",105,-3779,"Lupinus argenteus",0,4,-4,0,0,0,0,0,0,1,1.12213740458015,0,0
2015,46,"1697*A",130,-3793,"Lupinus argenteus",4,NA,NA,4,0,1,1,1,0,0,3.0530303030303,0,100.000000000001
2016,46,"1697*A",130,-3793,"Lupinus argenteus",2,4,-2,2,0,0,0,1,0,0,1.30188679245283,0,100
2017,46,"1697*A",130,-3793,"Lupinus argenteus",0,2,-2,0,0,0,0,0,0,1,1.28571428571429,0,0
2015,46,"1698*A",129,-3799,"Arenaria congesta",1,NA,NA,1,0,1,1,1,0,0,3.0530303030303,46.8351008062543,0
2016,46,"1698*A",129,-3799,"Arenaria congesta",2,1,1,2,0,0,0,1,0,0,1.30188679245283,0,0
2017,46,"1698*A",129,-3799,"Arenaria congesta",0,2,-2,0,0,0,0,0,0,1,1.28571428571429,0,0
2015,46,"1699*A",82,-3764,"Chaenactis douglasii",1.5,NA,NA,1.5,0,1,1,1,0,0,3.0530303030303,199.999999999999,0
2016,46,"1699*A",82,-3764,"Chaenactis douglasii",2,1.5,0.5,2,0,0,0,1,0,0,1.30188679245283,200.000000000002,0
2017,46,"1699*A",82,-3764,"Chaenactis douglasii",0,2,-2,0,0,0,0,0,0,1,1.28571428571429,0,0
2014,2,"17*A",501,-29,"Ivesia gordonii",1,NA,NA,1,0,1,1,1,0,0,2.52336448598131,0,0
2015,2,"17*A",501,-29,"Ivesia gordonii",1.9,1,0.9,2,0,0,0,1,0,0,3.0530303030303,0,0
2016,2,"17*A",501,-29,"Ivesia gordonii",5.1,1.9,3.2,5.6,0,0,0,1,0,0,1.30188679245283,0,0
2017,2,"17*A",501,-29,"Ivesia gordonii",10,5.1,4.9,6,0,0,0,1,0,0,1.28571428571429,0,0
2018,2,"17*A",501,-29,"Ivesia gordonii",6.5,10,-3.5,5,2,0,0,1,0,0,1.12213740458015,0,0
2019,2,"17*A",501,-29,"Ivesia gordonii",9,6.5,2.5,6.5,5,0,0,1,0,0,0.5,0,0
2014,15,"170*A",1655,-885,"Lupinus argenteus",10,NA,NA,6,0,0,NA,1,0,0,2.52336448598131,0,15.5865963434294
2015,15,"170*A",1655,-885,"Lupinus argenteus",16,10,6,7.5,0,0,0,1,0,0,3.0530303030303,0,17.1950328668749
2016,15,"170*A",1655,-885,"Lupinus argenteus",7,16,-9,4,0,0,0,1,0,0,1.30188679245283,0,0
2017,15,"170*A",1655,-885,"Lupinus argenteus",7,7,0,3,0,0,0,1,0,0,1.28571428571429,0,0
2018,15,"170*A",1655,-885,"Lupinus argenteus",0,7,-7,0,0,0,0,0,0,1,1.12213740458015,0,0
2015,46,"1700*A",155,-3789,"Heterotheca villosa",0.6,NA,NA,0.2,0,1,1,1,0,0,3.0530303030303,0,0
2016,46,"1700*A",155,-3789,"Heterotheca villosa",1,0.6,0.4,1,0,0,0,1,0,0,1.30188679245283,0,0
2017,46,"1700*A",155,-3789,"Heterotheca villosa",0,1,-1,0,0,0,0,0,0,1,1.28571428571429,0,0
2015,46,"1701*A",200,-3796,"Agoseris glauca",0.6,NA,NA,0.3,0,1,1,1,0,0,3.0530303030303,100.000000000003,0
2016,46,"1701*A",200,-3796,"Agoseris glauca",2,0.6,1.4,6,0,0,0,1,0,0,1.30188679245283,100.000000000001,0
2017,46,"1701*A",200,-3796,"Agoseris glauca",0,2,-2,0,0,0,0,0,0,1,1.28571428571429,0,0
2014,46,"1702*A",198,-3786,"Agoseris glauca",2,NA,NA,4.5,0,0,NA,1,0,0,2.52336448598131,98.1512837722015,0
2015,46,"1702*A",198,-3786,"Agoseris glauca",2,2,0,4.5,0,0,0,1,0,0,3.0530303030303,181.942906513518,0
2016,46,"1702*A",198,-3786,"Agoseris glauca",4,2,2,6,0,0,0,1,0,0,1.30188679245283,182.653315693315,7.2753565895807
2017,46,"1702*A",198,-3786,"Agoseris glauca",4,4,0,3,0,0,0,1,0,0,1.28571428571429,200.000000000002,7.2753565895807
2018,46,"1702*A",198,-3786,"Agoseris glauca",0,4,-4,0,0,0,0,0,0,1,1.12213740458015,0,0
2014,46,"1703*A",192,-3767,"Agoseris glauca",2,NA,NA,6,0,0,NA,1,0,0,2.52336448598131,200,0
2015,46,"1703*A",192,-3767,"Agoseris glauca",2,2,0,6,0,0,0,1,0,0,3.0530303030303,200,0
2016,46,"1703*A",192,-3767,"Agoseris glauca",5,2,3,2,1,0,0,1,0,0,1.30188679245283,247.647582830211,0
2017,46,"1703*A",192,-3767,"Agoseris glauca",17,5,12,10,0,0,0,1,0,0,1.28571428571429,185.407665698566,0
2018,46,"1703*A",192,-3767,"Agoseris glauca",8.9,17,-8.1,5.5,1,0,0,1,0,0,1.12213740458015,287.025513233049,0
2019,46,"1703*A",192,-3767,"Agoseris glauca",5.5,8.9,-3.4,7.5,0,0,0,1,0,0,0.5,247.112435785025,0
2015,46,"1704*A",174,-3781,"Senecio crassulus",1,NA,NA,2,0,1,1,1,0,0,3.0530303030303,0,0
2016,46,"1704*A",174,-3781,"Senecio crassulus",2.5,1,1.5,5,0,0,0,1,0,0,1.30188679245283,16.6612951901878,0
2017,46,"1704*A",174,-3781,"Senecio crassulus",7,2.5,4.5,8,0,0,0,1,0,0,1.28571428571429,65.8365314974659,0
2018,46,"1704*A",174,-3781,"Senecio crassulus",0,7,-7,0,0,0,0,0,0,1,1.12213740458015,0,0
2015,46,"1705*A",152,-3763,"Agoseris glauca",1,NA,NA,3,0,1,1,1,0,0,3.0530303030303,233.84919609732,0
2016,46,"1705*A",152,-3763,"Agoseris glauca",5,1,4,7,1,0,0,1,0,0,1.30188679245283,260.606979210159,0
2017,46,"1705*A",152,-3763,"Agoseris glauca",0,5,-5,0,0,0,0,0,0,1,1.28571428571429,0,0
2015,46,"1706*A",101,-3757,"Senecio crassulus",1,NA,NA,2,0,1,1,1,0,0,3.0530303030303,300.000000000006,0
2016,46,"1706*A",101,-3757,"Senecio crassulus",2.5,1,1.5,4.5,0,0,0,1,0,0,1.30188679245283,300,0
2017,46,"1706*A",101,-3757,"Senecio crassulus",9,2.5,6.5,11,1,0,0,1,0,0,1.28571428571429,200,1.23456790123461
2018,46,"1706*A",101,-3757,"Senecio crassulus",5.5,9,-3.5,5,0,0,0,1,0,0,1.12213740458015,177.777225264634,0
2019,46,"1706*A",101,-3757,"Senecio crassulus",5,5.5,-0.5,4.5,0,0,0,1,0,0,0.5,194.86068503023,0
2015,46,"1707*A",84,-3758,"Lupinus argenteus",2.5,NA,NA,2.5,0,1,1,1,0,0,3.0530303030303,100,36.2344105239941
2016,46,"1707*A",84,-3758,"Lupinus argenteus",1,2.5,-1.5,1,0,0,0,1,0,0,1.30188679245283,100.000000000001,100.000000000001
2017,46,"1707*A",84,-3758,"Lupinus argenteus",0,1,-1,0,0,0,0,0,0,1,1.28571428571429,0,0
2015,46,"1708*A",91,-3747,"Senecio crassulus",0.8,NA,NA,1.5,0,1,1,1,0,0,3.0530303030303,220.063059566902,0
2016,46,"1708*A",91,-3747,"Senecio crassulus",1.5,0.8,0.7,3,0,0,0,1,0,0,1.30188679245283,299.999999999999,0
2017,46,"1708*A",91,-3747,"Senecio crassulus",3,1.5,1.5,2.5,0,0,0,1,0,0,1.28571428571429,200,0
2018,46,"1708*A",91,-3747,"Senecio crassulus",2,3,-1,2.5,0,0,0,1,0,0,1.12213740458015,200,0
2019,46,"1708*A",91,-3747,"Senecio crassulus",5,2,3,4,0,0,0,1,0,0,0.5,200,0
2015,46,"1709*A",78,-3701,"Heterotheca villosa",0.6,NA,NA,0.2,0,1,1,1,0,0,3.0530303030303,32.8593433773751,0
2016,46,"1709*A",78,-3701,"Heterotheca villosa",1.5,0.6,0.9,1.5,0,0,0,1,0,0,1.30188679245283,300,0
2017,46,"1709*A",78,-3701,"Heterotheca villosa",0,1.5,-1.5,0,0,0,0,0,0,1,1.28571428571429,0,0
2014,15,"171*A",1665,-880,"Lupinus argenteus",10,NA,NA,5,0,0,NA,1,0,0,2.52336448598131,0,0
2015,15,"171*A",1665,-880,"Lupinus argenteus",15.5,10,5.5,8.5,0,0,0,1,0,0,3.0530303030303,0,18.3222826802079
2016,15,"171*A",1665,-880,"Lupinus argenteus",0,15.5,-15.5,0,0,0,0,0,0,1,1.30188679245283,0,0
2015,46,"1710*A",78,-3700.5,"Senecio crassulus",0.9,NA,NA,2,0,1,1,1,0,0,3.0530303030303,14.6041526121611,0
2016,46,"1710*A",78,-3700.5,"Senecio crassulus",4,0.9,3.1,6,0,0,0,1,0,0,1.30188679245283,184.545209104139,0
2017,46,"1710*A",78,-3700.5,"Senecio crassulus",0,4,-4,0,0,0,0,0,0,1,1.28571428571429,0,0
2015,46,"1711*A",83,-3692,"Agoseris glauca",1.5,NA,NA,2,0,1,1,1,0,0,3.0530303030303,94.5629972772067,0
2016,46,"1711*A",83,-3692,"Agoseris glauca",6,1.5,4.5,7,0,0,0,1,0,0,1.30188679245283,63.4445650231526,0
2017,46,"1711*A",83,-3692,"Agoseris glauca",0,6,-6,0,0,0,0,0,0,1,1.28571428571429,0,0
2014,46,"1712*A",84,-3691,"Eriogonum umbellatum",2.5,NA,NA,0.5,0,0,NA,1,0,0,2.52336448598131,23.1395425423952,0
2015,46,"1712*A",84,-3691,"Eriogonum umbellatum",2.5,2.5,0,0.5,0,0,0,1,0,0,3.0530303030303,104.784391362427,0
2016,46,"1712*A",84,-3691,"Eriogonum umbellatum",0.5,2.5,-2,0.5,0,0,0,1,0,0,1.30188679245283,99.9999999999982,0
2017,46,"1712*A",84,-3691,"Eriogonum umbellatum",0,0.5,-0.5,0,0,0,0,0,0,1,1.28571428571429,0,0
2015,46,"1713*A",114.1168754,-3705.24519899,"Senecio crassulus",1,NA,NA,1,0,1,1,1,0,0,3.0530303030303,240.575915390433,77.5047222444257
2015,46,"1713*B",113.9586341,-3705.1655883,"Senecio crassulus",1,NA,NA,1,0,1,1,0,1,0,3.0530303030303,261.562298377615,77.5047222444279
2016,46,"1713*A",114,-3705,"Senecio crassulus",0,1,-1,0,0,0,0,0,0,1,1.30188679245283,0,0
2015,46,"1714*A",107,-3672,"Arnica latifolia",2.5,NA,NA,1.5,0,1,1,1,0,0,3.0530303030303,0,0
2016,46,"1714*A",107,-3672,"Arnica latifolia",3,2.5,0.5,4,0,0,0,1,0,0,1.30188679245283,89.5343685525306,0
2017,46,"1714*A",107,-3672,"Arnica latifolia",4,3,1,2,0,0,0,1,0,0,1.28571428571429,0,0
2018,46,"1714*A",107,-3672,"Arnica latifolia",8.5,4,4.5,4,0,0,0,1,0,0,1.12213740458015,0.599745464145997,0
2019,46,"1714*A",107,-3672,"Arnica latifolia",12,8.5,3.5,7,0,0,0,1,0,0,0.5,27.4891034272423,0
2014,46,"1715*A",137,-3685,"Senecio crassulus",19,NA,NA,12,0,0,NA,1,0,0,2.52336448598131,53.2279073117081,0
2015,46,"1715*A",137,-3685,"Senecio crassulus",19,19,0,12,0,0,0,1,0,0,3.0530303030303,7.22297334752462,0
2016,46,"1715*A",137,-3685,"Senecio crassulus",23,19,4,16,4,0,0,1,0,0,1.30188679245283,17.9785578301332,0
2017,46,"1715*A",137,-3685,"Senecio crassulus",17,23,-6,9,0,0,0,1,0,0,1.28571428571429,69.8154692842191,0
2018,46,"1715*A",137,-3685,"Senecio crassulus",0,17,-17,0,0,0,0,0,0,1,1.12213740458015,0,0
2015,46,"1716*A",140,-3698,"Phacelia hastata",0.6,NA,NA,0.3,0,1,1,1,0,0,3.0530303030303,0,0
2016,46,"1716*A",140,-3698,"Phacelia hastata",0,0.6,-0.6,0,0,0,0,0,0,1,1.30188679245283,0,0
2015,46,"1717*A",184,-3671,"Senecio crassulus",1,NA,NA,1.5,0,1,1,1,0,0,3.0530303030303,299.999999999996,0
2016,46,"1717*A",184,-3671,"Senecio crassulus",1.5,1,0.5,1.5,0,0,0,1,0,0,1.30188679245283,299.999999999995,0
2017,46,"1717*A",184,-3671,"Senecio crassulus",3,1.5,1.5,3,0,0,0,1,0,0,1.28571428571429,199.90500754236,0
2018,46,"1717*A",184,-3671,"Senecio crassulus",1.2,3,-1.8,3.5,0,0,0,1,0,0,1.12213740458015,100.000000000003,0
2019,46,"1717*A",184,-3671,"Senecio crassulus",2,1.2,0.8,5.5,0,0,0,1,0,0,0.5,200,0
2015,46,"1718*A",191,-3662,"Senecio crassulus",1,NA,NA,2,0,1,1,1,0,0,3.0530303030303,100.000000000002,0
2016,46,"1718*A",191,-3662,"Senecio crassulus",2,1,1,4,0,0,0,1,0,0,1.30188679245283,100,0
2017,46,"1718*A",191,-3662,"Senecio crassulus",0,2,-2,0,0,0,0,0,0,1,1.28571428571429,0,0
2015,46,"1719*A",177,-3659,"Viola praemorsa",3.5,NA,NA,4,0,0,1,1,0,0,3.0530303030303,239.54256197909,0
2016,46,"1719*A",177,-3659,"Viola praemorsa",5,3.5,1.5,4,0,0,0,1,0,0,1.30188679245283,329.115724984089,0
2017,46,"1719*A",177,-3659,"Viola praemorsa",4.5,5,-0.5,4.5,0,0,0,1,0,0,1.28571428571429,234.490795250758,0
2018,46,"1719*A",177,-3659,"Viola praemorsa",4,4.5,-0.5,4,0,0,0,1,0,0,1.12213740458015,100,0
2019,46,"1719*A",177,-3659,"Viola praemorsa",8,4,4,7,0,0,0,1,0,0,0.5,99.9999999999998,0
2014,15,"172*A",1635,-870,"Lupinus argenteus",21,NA,NA,9,0,0,NA,1,0,0,2.52336448598131,0,0
2015,15,"172*A",1635,-870,"Lupinus argenteus",15,21,-6,6.5,0,0,0,1,0,0,3.0530303030303,0,0
2016,15,"172*A",1635,-870,"Lupinus argenteus",9,15,-6,6,0,0,0,1,0,0,1.30188679245283,0,0
2017,15,"172*A",1635,-870,"Lupinus argenteus",7.2,9,-1.8,3.5,0,0,0,1,0,0,1.28571428571429,0,0
2018,15,"172*A",1635,-870,"Lupinus argenteus",0,7.2,-7.2,0,0,0,0,0,0,1,1.12213740458015,0,0
2015,46,"1720*A",200,-3642,"Heterotheca villosa",1,NA,NA,1,0,1,1,1,0,0,3.0530303030303,242.388493313681,0
2016,46,"1720*A",200,-3642,"Heterotheca villosa",0,1,-1,0,0,0,0,0,0,1,1.30188679245283,0,0
2015,46,"1721*A",195,-3696,"Heterotheca villosa",0.8,NA,NA,0.3,0,1,1,1,0,0,3.0530303030303,0,0
2016,46,"1721*A",195,-3696,"Heterotheca villosa",0,0.8,-0.8,0,0,0,0,0,0,1,1.30188679245283,0,0
2014,46,"1722*A",163,-3678,"Eriogonum umbellatum",2.5,NA,NA,0.8,0,0,NA,1,0,0,2.52336448598131,100,100
2015,46,"1722*A",163,-3678,"Eriogonum umbellatum",2.5,2.5,0,0.8,0,0,0,1,0,0,3.0530303030303,100,99.792273225579
2016,46,"1722*A",163,-3678,"Eriogonum umbellatum",1,2.5,-1.5,0.5,0,0,0,1,0,0,1.30188679245283,200.000000000004,16.6423075129005
2017,46,"1722*A",163,-3678,"Eriogonum umbellatum",0,1,-1,0,0,0,0,0,0,1,1.28571428571429,0,0
2014,46,"1723*A",155,-3668,"Heterotheca villosa",1,NA,NA,1.5,0,0,NA,1,0,0,2.52336448598131,100.000000000002,0
2015,46,"1723*A",155,-3668,"Heterotheca villosa",1,1,0,1.5,0,0,0,1,0,0,3.0530303030303,100.000000000002,0
2016,46,"1723*A",155,-3668,"Heterotheca villosa",1.5,1,0.5,1.5,0,0,0,1,0,0,1.30188679245283,209.180336938129,0
2017,46,"1723*A",155,-3668,"Heterotheca villosa",0,1.5,-1.5,0,0,0,0,0,0,1,1.28571428571429,0,0
2015,46,"1724*A",154,-3672,"Eriogonum umbellatum",0.5,NA,NA,1,0,1,1,1,0,0,3.0530303030303,0,99.999999999998
2016,46,"1724*A",154,-3672,"Eriogonum umbellatum",1,0.5,0.5,1,0,0,0,1,0,0,1.30188679245283,0,100.000000000002
2017,46,"1724*A",154,-3672,"Eriogonum umbellatum",0,1,-1,0,0,0,0,0,0,1,1.28571428571429,0,0
2015,46,"1725*A",170,-3663,"Senecio crassulus",0.8,NA,NA,1.5,0,1,1,1,0,0,3.0530303030303,100.000000000003,0
2016,46,"1725*A",170,-3663,"Senecio crassulus",0,0.8,-0.8,0,0,0,0,1,0,0,1.30188679245283,0,0
2017,46,"1725*A",170,-3663,"Senecio crassulus",6,0,6,3,0,0,0,1,0,0,1.28571428571429,99.9999999999999,0
2018,46,"1725*A",170,-3663,"Senecio crassulus",0,6,-6,0,0,0,0,0,0,1,1.12213740458015,0,0
2015,46,"1726*A",158.1460942,-3668.3064987,"Senecio crassulus",1,NA,NA,2,0,1,1,1,0,0,3.0530303030303,100.000000000001,71.9651321801678
2015,46,"1726*B",157.9482926,-3668.2069854,"Senecio crassulus",1,NA,NA,2,0,1,1,0,1,0,3.0530303030303,99.9999999999997,71.9651321801638
2016,46,"1726*A",158,-3668,"Senecio crassulus",3,1,2,2,0,0,0,1,0,0,1.30188679245283,109.794832401424,0
2017,46,"1726*A",158,-3668,"Senecio crassulus",2.5,3,-0.5,3,0,0,0,1,0,0,1.28571428571429,182.658546502408,0
2018,46,"1726*A",158,-3668,"Senecio crassulus",0,2.5,-2.5,0,0,0,0,1,0,0,1.12213740458015,0,0
2019,46,"1726*A",158,-3668,"Senecio crassulus",2,0,2,2,0,0,0,1,0,0,0.5,200,0
2015,46,"1727*A",135.0584377,-3667.1225995,"Senecio crassulus",0.5,NA,NA,0.3,0,1,1,1,0,0,3.0530303030303,99.9999999999977,77.5047161021333
2015,46,"1727*B",134.979317,-3667.0827942,"Senecio crassulus",0.5,NA,NA,0.3,0,1,1,0,1,0,3.0530303030303,100.000000000003,77.5047161021374
2016,46,"1727*A",135,-3667,"Senecio crassulus",4,0.5,3.5,3,0,0,0,1,0,0,1.30188679245283,200.528895435651,0
2017,46,"1727*A",135,-3667,"Senecio crassulus",6,4,2,5.5,0,0,0,1,0,0,1.28571428571429,242.837649131888,0
2018,46,"1727*A",135,-3667,"Senecio crassulus",1.5,6,-4.5,3,0,0,0,1,0,0,1.12213740458015,0,0
2019,46,"1727*A",135,-3667,"Senecio crassulus",0,1.5,-1.5,0,0,0,0,0,0,1,0.5,0,0
2015,46,"1728*A",178,-3658,"Agoseris glauca",1.5,NA,NA,3,0,1,1,1,0,0,3.0530303030303,341.939194436284,0
2016,46,"1728*A",178,-3658,"Agoseris glauca",15,1.5,13.5,7,1,0,0,1,0,0,1.30188679245283,286.244023219421,26.393778759815
2017,46,"1728*A",178,-3658,"Agoseris glauca",3,15,-12,6.5,0,0,0,1,0,0,1.28571428571429,277.604289314201,2.82030358250227
2018,46,"1728*A",178,-3658,"Agoseris glauca",0,3,-3,0,0,0,0,0,0,1,1.12213740458015,0,0
2015,46,"1729*A",185.0876565,-3658.1838992,"Viola praemorsa",1,NA,NA,1,0,1,1,1,0,0,3.0530303030303,299.999999999994,83.0884638393777
2015,46,"1729*B",184.9689756,-3658.1241912,"Viola praemorsa",1,NA,NA,1,0,1,1,0,1,0,3.0530303030303,300,83.0884638393739
2016,46,"1729*A",185,-3658,"Viola praemorsa",0,1,-1,0,0,0,0,0,0,1,1.30188679245283,0,0
2014,15,"173*A",1639,-812,"Ivesia gordonii",11,NA,NA,5,2,0,NA,1,0,0,2.52336448598131,0,0
2015,15,"173*A",1639,-812,"Ivesia gordonii",12,11,1,6,5,0,0,1,0,0,3.0530303030303,0,0
2016,15,"173*A",1639,-812,"Ivesia gordonii",11,12,-1,6,7,0,0,1,0,0,1.30188679245283,0,0
2017,15,"173*A",1639,-812,"Ivesia gordonii",15,11,4,7.5,15,0,0,1,0,0,1.28571428571429,0,0
2018,15,"173*A",1639,-812,"Ivesia gordonii",12.5,15,-2.5,8,2,0,0,1,0,0,1.12213740458015,0,0
2019,15,"173*A",1639,-812,"Ivesia gordonii",18,12.5,5.5,10.5,13,0,0,1,0,0,0.5,0,0
2015,46,"1730*A",188,-3655,"Senecio crassulus",1,NA,NA,1,0,1,1,1,0,0,3.0530303030303,200.000000000004,0
2016,46,"1730*A",188,-3655,"Senecio crassulus",3,1,2,4,0,0,0,1,0,0,1.30188679245283,199.999999999999,0.312735417942525
2017,46,"1730*A",188,-3655,"Senecio crassulus",2,3,-1,3,0,0,0,1,0,0,1.28571428571429,145.925559902383,45.751679515356
2018,46,"1730*A",188,-3655,"Senecio crassulus",0,2,-2,0,0,0,0,0,0,1,1.12213740458015,0,0
2015,46,"1731*A",189,-3653,"Senecio crassulus",1,NA,NA,1.5,0,1,1,1,0,0,3.0530303030303,100.19652200596,0
2016,46,"1731*A",189,-3653,"Senecio crassulus",1.3,1,0.3,2,0,0,0,1,0,0,1.30188679245283,199.999999999998,0
2017,46,"1731*A",189,-3653,"Senecio crassulus",4.5,1.3,3.2,6,0,0,0,1,0,0,1.28571428571429,108.792641920079,13.9756403980953
2018,46,"1731*A",189,-3653,"Senecio crassulus",0,4.5,-4.5,0,0,0,0,0,0,1,1.12213740458015,0,0
2015,46,"1733*A",184,-3649,"Carex siccata",4,NA,NA,8,0,0,1,1,0,0,3.0530303030303,125.391941146927,0
2016,46,"1733*A",184,-3649,"Carex siccata",8,4,4,9,0,0,0,1,0,0,1.30188679245283,173.014559542234,1.70650255170138
2017,46,"1733*A",184,-3649,"Carex siccata",0,8,-8,0,0,0,0,1,0,0,1.28571428571429,0,0
2018,46,"1733*A",184,-3649,"Carex siccata",4,0,4,12,0,0,0,1,0,0,1.12213740458015,100,0
2019,46,"1733*A",184,-3649,"Carex siccata",0,4,-4,0,0,0,0,1,0,0,0.5,0,0
2015,46,"1734*A",175,-3652,"Elymus lanceolatus",8,NA,NA,12,0,0,1,1,0,0,3.0530303030303,120.018954813449,0
2016,46,"1734*A",175,-3652,"Elymus lanceolatus",12,8,4,11,0,0,0,1,0,0,1.30188679245283,240.605256190339,0
2017,46,"1734*A",175,-3652,"Elymus lanceolatus",1,12,-11,4,0,0,0,1,0,0,1.28571428571429,99.9999999999987,0
2018,46,"1734*A",175,-3652,"Elymus lanceolatus",0,1,-1,0,0,0,0,0,0,1,1.12213740458015,0,0
2015,46,"1735*A",174,-3653,"Senecio crassulus",2.5,NA,NA,3,0,1,1,1,0,0,3.0530303030303,199.999999999997,0
2016,46,"1735*A",174,-3653,"Senecio crassulus",6.5,2.5,4,5,1,0,0,1,0,0,1.30188679245283,269.55725545198,23.1796140477914
2017,46,"1735*A",174,-3653,"Senecio crassulus",0,6.5,-6.5,0,0,0,0,0,0,1,1.28571428571429,0,0
2014,46,"1736*A",181,-3651,"Agoseris glauca",6,NA,NA,2,0,0,NA,1,0,0,2.52336448598131,121.112293642109,29.4126528048023
2015,46,"1736*A",181,-3651,"Agoseris glauca",6,6,0,2,0,0,0,0,1,0,3.0530303030303,134.105289829801,12.1142818339409
2015,46,"1737*A",171,-3630,"Agoseris glauca",5,NA,NA,3.5,0,0,1,1,0,0,3.0530303030303,303.265107938028,0
2016,46,"1737*A",171,-3630,"Agoseris glauca",8,5,3,4,1,0,0,1,0,0,1.30188679245283,454.594471670528,17.706761890352
2017,46,"1737*A",171,-3630,"Agoseris glauca",12,8,4,5.5,0,0,0,1,0,0,1.28571428571429,161.345134124447,0
2018,46,"1737*A",171,-3630,"Agoseris glauca",0,12,-12,0,0,0,0,0,0,1,1.12213740458015,0,0
2015,46,"1738*A",172,-3633,"Agoseris glauca",0.5,NA,NA,1,0,1,1,1,0,0,3.0530303030303,299.999999999988,0
2016,46,"1738*A",172,-3633,"Agoseris glauca",4,0.5,3.5,4.5,0,0,0,1,0,0,1.30188679245283,477.922954968931,70.8270475614076
2017,46,"1738*A",172,-3633,"Agoseris glauca",0,4,-4,0,0,0,0,0,0,1,1.28571428571429,0,0
2015,46,"1739*A",173,-3634,"Senecio crassulus",0.5,NA,NA,2,0,1,1,1,0,0,3.0530303030303,299.999999999988,0
2016,46,"1739*A",173,-3634,"Senecio crassulus",0,0.5,-0.5,0,0,0,0,0,0,1,1.30188679245283,0,0
2014,15,"174*A",1655,-820,"Lupinus argenteus",17,NA,NA,7,0,0,NA,1,0,0,2.52336448598131,38.72611323975,0
2015,15,"174*A",1655,-820,"Lupinus argenteus",10.5,17,-6.5,5,0,0,0,1,0,0,3.0530303030303,64.0793082274222,0
2016,15,"174*A",1655,-820,"Lupinus argenteus",12,10.5,1.5,5,0,0,0,1,0,0,1.30188679245283,99.7759473152312,0
2017,15,"174*A",1655,-820,"Lupinus argenteus",0.9,12,-11.1,1,0,0,0,1,0,0,1.28571428571429,99.9999999999775,0
2018,15,"174*A",1655,-820,"Lupinus argenteus",0,0.9,-0.9,0,0,0,0,0,0,1,1.12213740458015,0,0
2015,46,"1740*A",175,-3635,"Carex siccata",1,NA,NA,5,0,0,1,1,0,0,3.0530303030303,199.999999999997,99.9999999999987
2016,46,"1740*A",175,-3635,"Carex siccata",13,1,12,12,0,0,0,1,0,0,1.30188679245283,235.035337101299,189.068699571037
2017,46,"1740*A",175,-3635,"Carex siccata",0,13,-13,0,0,0,0,0,0,1,1.28571428571429,0,0
2015,6,"1741*A",130,-550,"Ivesia gordonii",1,NA,NA,1,0,1,1,1,0,0,3.0530303030303,200,0
2016,6,"1741*A",130,-550,"Ivesia gordonii",0,1,-1,0,0,0,0,0,0,1,1.30188679245283,0,0
2016,1,"1742*A",3,-29,"Ivesia gordonii",0.5,NA,NA,0.5,0,1,1,1,0,0,1.30188679245283,0,100
2017,1,"1742*A",3,-29,"Ivesia gordonii",0,0.5,-0.5,0,0,0,0,1,0,0,1.28571428571429,0,0
2018,1,"1742*A",3,-29,"Ivesia gordonii",13,0,13,4,0,0,0,1,0,0,1.12213740458015,0,0
2019,1,"1742*A",3,-29,"Ivesia gordonii",11,13,-2,5,0,0,0,1,0,0,0.5,0,0
2016,1,"1743*A",182,-164,"Ivesia gordonii",0.4,NA,NA,0.4,0,1,1,1,0,0,1.30188679245283,0,0
2017,1,"1743*A",182,-164,"Ivesia gordonii",0,0.4,-0.4,0,0,0,0,0,0,1,1.28571428571429,0,0
2016,1,"1744*A",194,-168,"Ivesia gordonii",1.3,NA,NA,1.3,0,1,1,1,0,0,1.30188679245283,0,0
2017,1,"1744*A",194,-168,"Ivesia gordonii",3.5,1.3,2.2,2.5,0,0,0,1,0,0,1.28571428571429,0,0
2018,1,"1744*A",194,-168,"Ivesia gordonii",9,3.5,5.5,4,2,0,0,1,0,0,1.12213740458015,0,0
2019,1,"1744*A",194,-168,"Ivesia gordonii",11.5,9,2.5,7,6,0,0,1,0,0,0.5,0,0
2016,1,"1745*A",198,-110,"Senecio crassulus",1.8,NA,NA,2.3,0,1,1,1,0,0,1.30188679245283,99.9282448183218,0
2017,1,"1745*A",198,-110,"Senecio crassulus",0,1.8,-1.8,0,0,0,0,0,0,1,1.28571428571429,0,0
2016,1,"1746*A",198,-54,"Senecio crassulus",2.2,NA,NA,2.4,0,1,1,1,0,0,1.30188679245283,100.333737288964,0
2017,1,"1746*A",198,-54,"Senecio crassulus",0,2.2,-2.2,0,0,0,0,0,0,1,1.28571428571429,0,0
2016,1,"1747*A",198,-56,"Senecio crassulus",1.4,NA,NA,1.9,0,1,1,1,0,0,1.30188679245283,99.9999999999987,0
2017,1,"1747*A",198,-56,"Senecio crassulus",0,1.4,-1.4,0,0,0,0,0,0,1,1.28571428571429,0,0
2016,1,"1748*A",198,-33,"Lupinus argenteus",1.3,NA,NA,1.3,0,1,1,1,0,0,1.30188679245283,100.000000000001,0
2017,1,"1748*A",198,-33,"Lupinus argenteus",0,1.3,-1.3,0,0,0,0,0,0,1,1.28571428571429,0,0
2016,1,"1749*A",198.1402505,-30.2942388,"Eriogonum umbellatum",1.1,NA,NA,1.2,0,1,1,1,0,0,1.30188679245283,100.000000000004,75.4847342375185
2016,1,"1749*B",197.9503609,-30.198706,"Eriogonum umbellatum",1.1,NA,NA,1.2,0,1,1,0,1,0,1.30188679245283,100.000000000002,75.4847342375138
2017,1,"1749*A",198,-30,"Eriogonum umbellatum",0,1.1,-1.1,0,0,0,0,0,0,1,1.28571428571429,0,0
2014,15,"175*A",1660,-819,"Ivesia gordonii",12,NA,NA,5,7,0,NA,1,0,0,2.52336448598131,77.721157821444,0
2015,15,"175*A",1660,-819,"Ivesia gordonii",14,12,2,5.5,10,0,0,1,0,0,3.0530303030303,36.0446108779255,0
2016,15,"175*A",1660,-819,"Ivesia gordonii",22,14,8,6,24,0,0,1,0,0,1.30188679245283,33.5568399580985,4.03977004014959
2017,15,"175*A",1660,-819,"Ivesia gordonii",17,22,-5,7,26,0,0,1,0,0,1.28571428571429,1.44871290495766,8.8499233803263
2018,15,"175*A",1660,-819,"Ivesia gordonii",16.5,17,-0.5,5,3,0,0,1,0,0,1.12213740458015,0,6.23640313275076
2019,15,"175*A",1660,-819,"Ivesia gordonii",14,16.5,-2.5,4,11,0,0,1,0,0,0.5,0,18.5985773017005
2016,5,"1750*A",1635,-172,"Lupinus argenteus",12.6,NA,NA,7,0,0,1,1,0,0,1.30188679245283,0,0
2017,5,"1750*A",1635,-172,"Lupinus argenteus",0,12.6,-12.6,0,0,0,0,0,0,1,1.28571428571429,0,0
2016,5,"1751*A",1715,-161,"Agoseris glauca",3,NA,NA,4.3,0,1,1,1,0,0,1.30188679245283,121.130326341317,0
2017,5,"1751*A",1715,-161,"Agoseris glauca",9,3,6,7,2,0,0,1,0,0,1.28571428571429,99.9999999999982,0
2018,5,"1751*A",1715,-161,"Agoseris glauca",8.5,9,-0.5,6.5,2,0,0,1,0,0,1.12213740458015,99.9906192507921,0
2019,5,"1751*A",1715,-161,"Agoseris glauca",9.5,8.5,1,6,3,0,0,1,0,0,0.5,99.9999999999931,0
2016,5,"1752*A",1685,-149,"Lupinus argenteus",4,NA,NA,3.7,0,0,1,1,0,0,1.30188679245283,0,0
2017,5,"1752*A",1685,-149,"Lupinus argenteus",0,4,-4,0,0,0,0,0,0,1,1.28571428571429,0,0
2016,5,"1753*A",1730,-115,"Lupinus argenteus",4,NA,NA,3.6,0,0,1,1,0,0,1.30188679245283,0,0
2017,5,"1753*A",1730,-115,"Lupinus argenteus",0,4,-4,0,0,0,0,0,0,1,1.28571428571429,0,0
2016,6,"1754*A",170,-598,"Ivesia gordonii",1,NA,NA,1,0,1,1,1,0,0,1.30188679245283,0,0
2017,6,"1754*A",170,-598,"Ivesia gordonii",2.5,1,1.5,1,0,0,0,1,0,0,1.28571428571429,0,0
2018,6,"1754*A",170,-598,"Ivesia gordonii",4,2.5,1.5,3,0,0,0,1,0,0,1.12213740458015,0,0
2019,6,"1754*A",170,-598,"Ivesia gordonii",7,4,3,4.5,1,0,0,1,0,0,0.5,0,0
2015,6,"1755*A",71,-549.5,"Ivesia gordonii",2.5,NA,NA,2,0,0,1,1,0,0,3.0530303030303,0,0
2016,6,"1755*A",71,-549.5,"Ivesia gordonii",2.5,2.5,0,2,0,0,0,1,0,0,1.30188679245283,0,0
2017,6,"1755*A",71,-549.5,"Ivesia gordonii",5,2.5,2.5,3.5,0,0,0,1,0,0,1.28571428571429,0,0
2018,6,"1755*A",71,-549.5,"Ivesia gordonii",8,5,3,4.5,2,0,0,1,0,0,1.12213740458015,0,0
2019,6,"1755*A",71,-549.5,"Ivesia gordonii",14,8,6,7,2,0,0,1,0,0,0.5,0,0
2015,6,"1756*A",14,-435,"Ivesia gordonii",2,NA,NA,2,0,0,1,1,0,0,3.0530303030303,0,0
2016,6,"1756*A",14,-435,"Ivesia gordonii",2,2,0,2,0,0,0,1,0,0,1.30188679245283,0,0
2017,6,"1756*A",14,-435,"Ivesia gordonii",1.7,2,-0.3,1,0,0,0,1,0,0,1.28571428571429,0,0
2018,6,"1756*A",14,-435,"Ivesia gordonii",9.5,1.7,7.8,4,0,0,0,1,0,0,1.12213740458015,0,0
2019,6,"1756*A",14,-435,"Ivesia gordonii",16.5,9.5,7,10.5,1,0,0,1,0,0,0.5,0,0
2016,6,"1757*A",17,-466,"Senecio crassulus",2,NA,NA,2,0,1,1,1,0,0,1.30188679245283,0,0
2017,6,"1757*A",17,-466,"Senecio crassulus",6.3,2,4.3,4.5,0,0,0,1,0,0,1.28571428571429,0,0
2018,6,"1757*A",17,-466,"Senecio crassulus",4.5,6.3,-1.8,6.5,0,0,0,1,0,0,1.12213740458015,0,0
2019,6,"1757*A",17,-466,"Senecio crassulus",12,4.5,7.5,12.5,6,0,0,1,0,0,0.5,0,0
2016,8,"1758*A",964,-428,"Lupinus argenteus",1,NA,NA,1.5,0,0,1,1,0,0,1.30188679245283,0,0
2017,8,"1758*A",964,-428,"Lupinus argenteus",0,1,-1,0,0,0,0,0,0,1,1.28571428571429,0,0
2016,8,"1759*A",956,-428,"Senecio crassulus",0.5,NA,NA,1,0,1,1,1,0,0,1.30188679245283,0,0
2017,8,"1759*A",956,-428,"Senecio crassulus",0,0.5,-0.5,0,0,0,0,0,0,1,1.28571428571429,0,0
2014,15,"176*A",1667,-827,"Ivesia gordonii",6,NA,NA,3,0,0,NA,1,0,0,2.52336448598131,0,0
2015,15,"176*A",1667,-827,"Ivesia gordonii",4,6,-2,2.5,0,0,0,1,0,0,3.0530303030303,0,0
2016,15,"176*A",1667,-827,"Ivesia gordonii",6,4,2,4,0,0,0,1,0,0,1.30188679245283,0,54.3124638731279
2017,15,"176*A",1667,-827,"Ivesia gordonii",11,6,5,5,1,0,0,1,0,0,1.28571428571429,6.80481902999651,21.1374203050784
2018,15,"176*A",1667,-827,"Ivesia gordonii",10,11,-1,3,2,0,0,1,0,0,1.12213740458015,8.16147404643567,16.9786075289144
2019,15,"176*A",1667,-827,"Ivesia gordonii",15.5,10,5.5,6,4,0,0,1,0,0,0.5,34.3205610342625,15.1730328871309
2016,8,"1760*A",968,-432,"Senecio crassulus",0.3,NA,NA,0.5,0,1,1,1,0,0,1.30188679245283,99.9999999999672,0
2017,8,"1760*A",968,-432,"Senecio crassulus",0,0.3,-0.3,0,0,0,0,1,0,0,1.28571428571429,0,0
2018,8,"1760*A",968,-432,"Senecio crassulus",1.5,0,1.5,2.5,0,0,0,1,0,0,1.12213740458015,200.000000000006,0
2019,8,"1760*A",968,-432,"Senecio crassulus",0,1.5,-1.5,0,0,0,0,0,0,1,0.5,0,0
2015,8,"1761*A",966,-435,"Chaenactis douglasii",2.5,NA,NA,2,0,0,1,1,0,0,3.0530303030303,238.995671346707,0
2016,8,"1761*A",966,-435,"Chaenactis douglasii",2.5,2.5,0,2,0,0,0,1,0,0,1.30188679245283,32.0244146752284,0
2017,8,"1761*A",966,-435,"Chaenactis douglasii",8,2.5,5.5,5,1,0,0,1,0,0,1.28571428571429,0,62.4883227295535
2018,8,"1761*A",966,-435,"Chaenactis douglasii",11,8,3,4,4,0,0,1,0,0,1.12213740458015,1.85950413223124,24.8257198302112
2019,8,"1761*A",966,-435,"Chaenactis douglasii",16,11,5,9.5,23,0,0,1,0,0,0.5,1.0027618848347,0
2015,8,"1762*A",969,-433,"Chaenactis douglasii",3.5,NA,NA,2,0,0,1,1,0,0,3.0530303030303,254.255359576603,0
2016,8,"1762*A",969,-433,"Chaenactis douglasii",3.5,3.5,0,2,0,0,0,1,0,0,1.30188679245283,30.2038384360401,0
2017,8,"1762*A",969,-433,"Chaenactis douglasii",10,3.5,6.5,6,4,0,0,1,0,0,1.28571428571429,1.83408327384488,39.9925265469173
2018,8,"1762*A",969,-433,"Chaenactis douglasii",6,10,-4,4,4,0,0,0,1,0,1.12213740458015,6.24999999999952,83.4420027626547
2016,8,"1763*A",985,-453,"Lupinus argenteus",14,NA,NA,7,0,0,1,1,0,0,1.30188679245283,0,34.3148677353745
2017,8,"1763*A",985,-453,"Lupinus argenteus",0,14,-14,0,0,0,0,0,0,1,1.28571428571429,0,0
2016,8,"1764*A",974,-445,"Lupinus argenteus",25,NA,NA,9,0,0,1,1,0,0,1.30188679245283,0.897839380098743,18.2106627515738
2017,8,"1764*A",974,-445,"Lupinus argenteus",4.5,25,-20.5,3,0,0,0,1,0,0,1.28571428571429,0,0
2018,8,"1764*A",974,-445,"Lupinus argenteus",0,4.5,-4.5,0,0,0,0,0,0,1,1.12213740458015,0,0
2016,8,"1765*A",1000,-482,"Lupinus argenteus",14,NA,NA,8,0,0,1,1,0,0,1.30188679245283,0,0
2017,8,"1765*A",1000,-482,"Lupinus argenteus",11.5,14,-2.5,8,0,0,0,1,0,0,1.28571428571429,0,0
2018,8,"1765*A",1000,-482,"Lupinus argenteus",9.5,11.5,-2,7,0,0,0,1,0,0,1.12213740458015,0,0
2019,8,"1765*A",1000,-482,"Lupinus argenteus",0,9.5,-9.5,0,0,0,0,0,0,1,0.5,0,0
2016,9,"1766*A",1393,-524,"Chaenactis douglasii",0.5,NA,NA,0.5,0,1,1,1,0,0,1.30188679245283,99.9999999999218,0
2017,9,"1766*A",1393,-524,"Chaenactis douglasii",3,0.5,2.5,2,0,0,0,1,0,0,1.28571428571429,99.9999999999927,0
2018,9,"1766*A",1393,-524,"Chaenactis douglasii",4,3,1,3.5,0,0,0,1,0,0,1.12213740458015,84.3431308160622,0
2019,9,"1766*A",1393,-524,"Chaenactis douglasii",8,4,4,4.5,3,0,0,1,0,0,0.5,107.890897177763,0
2016,9,"1767*A",1400,-535,"Ivesia gordonii",0.3,NA,NA,0.5,0,1,1,1,0,0,1.30188679245283,0,0
2017,9,"1767*A",1400,-535,"Ivesia gordonii",2,0.3,1.7,1,0,0,0,1,0,0,1.28571428571429,0,0
2018,9,"1767*A",1400,-535,"Ivesia gordonii",2.3,2,0.3,2,0,0,0,1,0,0,1.12213740458015,0,0
2019,9,"1767*A",1400,-535,"Ivesia gordonii",2.5,2.3,0.2,3,0,0,0,1,0,0,0.5,0,0
2016,10,"1768*A",1650,-565,"Lupinus argenteus",3.5,NA,NA,5.5,0,0,1,1,0,0,1.30188679245283,0,68.7421225911151
2017,10,"1768*A",1650,-565,"Lupinus argenteus",0,3.5,-3.5,0,0,0,0,0,0,1,1.28571428571429,0,0
2016,10,"1769*A",1643,-575,"Lupinus argenteus",5.5,NA,NA,5,0,0,1,1,0,0,1.30188679245283,0,100.000000000002
2017,10,"1769*A",1643,-575,"Lupinus argenteus",0,5.5,-5.5,0,0,0,0,0,0,1,1.28571428571429,0,0
2014,15,"177*A",1685,-830,"Ivesia gordonii",13,NA,NA,5,6,0,NA,1,0,0,2.52336448598131,102.582718067394,6.38029549150617
2015,15,"177*A",1685,-830,"Ivesia gordonii",9,13,-4,5,5,0,0,1,0,0,3.0530303030303,91.7056709237156,0.247794053849578
2016,15,"177*A",1685,-830,"Ivesia gordonii",8,9,-1,6,4,0,0,1,0,0,1.30188679245283,0,0
2017,15,"177*A",1685,-830,"Ivesia gordonii",5,8,-3,2.5,3,0,0,1,0,0,1.28571428571429,0,0
2018,15,"177*A",1685,-830,"Ivesia gordonii",6.5,5,1.5,3,0,0,0,1,0,0,1.12213740458015,0,0
2019,15,"177*A",1685,-830,"Ivesia gordonii",0,6.5,-6.5,0,0,0,0,0,0,1,0.5,0,0
2016,10,"1770*A",1650,-599,"Lupinus argenteus",5,NA,NA,4,0,0,1,1,0,0,1.30188679245283,0,0
2017,10,"1770*A",1650,-599,"Lupinus argenteus",0,5,-5,0,0,0,0,0,0,1,1.28571428571429,0,0
2016,10,"1772*A",1608,-487,"Lupinus argenteus",4.5,NA,NA,4,0,0,1,1,0,0,1.30188679245283,0,0
2017,10,"1772*A",1608,-487,"Lupinus argenteus",0,4.5,-4.5,0,0,0,0,0,0,1,1.28571428571429,0,0
2015,10,"1773*A",1629,-418,"Chaenactis douglasii",3,NA,NA,2,0,0,1,1,0,0,3.0530303030303,0,0
2016,10,"1773*A",1629,-418,"Chaenactis douglasii",3,3,0,2,0,0,0,1,0,0,1.30188679245283,0,0
2017,10,"1773*A",1629,-418,"Chaenactis douglasii",3.5,3,0.5,2.5,0,0,0,1,0,0,1.28571428571429,0,0
2018,10,"1773*A",1629,-418,"Chaenactis douglasii",0,3.5,-3.5,0,0,0,0,0,0,1,1.12213740458015,0,0
2016,10,"1774*A",1746,-472,"Lupinus argenteus",3.7,NA,NA,3.9,0,0,1,1,0,0,1.30188679245283,0,0
2017,10,"1774*A",1746,-472,"Lupinus argenteus",4.5,3.7,0.8,2.5,0,0,0,1,0,0,1.28571428571429,0,0
2018,10,"1774*A",1746,-472,"Lupinus argenteus",0,4.5,-4.5,0,0,0,0,0,0,1,1.12213740458015,0,0
2015,10,"1775*A",1723,-477,"Lupinus argenteus",7.7,NA,NA,5.7,0,0,1,1,0,0,3.0530303030303,0,0
2016,10,"1775*A",1723,-477,"Lupinus argenteus",7.7,7.7,0,5.7,0,0,0,1,0,0,1.30188679245283,0,0
2017,10,"1775*A",1723,-477,"Lupinus argenteus",0,7.7,-7.7,0,0,0,0,0,0,1,1.28571428571429,0,0
2016,10,"1776*A",1663,-512,"Lupinus argenteus",6.3,NA,NA,7.3,0,0,1,1,0,0,1.30188679245283,0,6.03973927482729
2017,10,"1776*A",1663,-512,"Lupinus argenteus",0,6.3,-6.3,0,0,0,0,0,0,1,1.28571428571429,0,0
2016,10,"1777*A",1668,-513,"Lupinus argenteus",5.7,NA,NA,5.8,0,0,1,1,0,0,1.30188679245283,0,7.37818565151654
2017,10,"1777*A",1668,-513,"Lupinus argenteus",7,5.7,1.3,5.5,0,0,0,1,0,0,1.28571428571429,0,0
2018,10,"1777*A",1668,-513,"Lupinus argenteus",0,7,-7,0,0,0,0,0,0,1,1.12213740458015,0,0
2016,10,"1778*A",1668,-503,"Lupinus argenteus",5.7,NA,NA,5.4,0,0,1,1,0,0,1.30188679245283,0,0
2017,10,"1778*A",1668,-503,"Lupinus argenteus",0,5.7,-5.7,0,0,0,0,0,0,1,1.28571428571429,0,0
2015,10,"1779*A",1675,-510,"Lupinus argenteus",6,NA,NA,5.8,0,0,1,1,0,0,3.0530303030303,0,0
2016,10,"1779*A",1675,-510,"Lupinus argenteus",6,6,0,5.8,0,0,0,1,0,0,1.30188679245283,0,0
2017,10,"1779*A",1675,-510,"Lupinus argenteus",6.5,6,0.5,6,0,0,0,1,0,0,1.28571428571429,0,0
2018,10,"1779*A",1675,-510,"Lupinus argenteus",0,6.5,-6.5,0,0,0,0,0,0,1,1.12213740458015,0,0
2014,15,"178*A",1690,-835,"Ivesia gordonii",5,NA,NA,5,0,0,NA,1,0,0,2.52336448598131,79.868709556542,89.0136310499872
2015,15,"178*A",1690,-835,"Ivesia gordonii",5.5,5,0.5,4,2,0,0,1,0,0,3.0530303030303,0.107691842045128,68.4683888121673
2016,15,"178*A",1690,-835,"Ivesia gordonii",5,5.5,-0.5,5,3,0,0,1,0,0,1.30188679245283,0,93.4896799213474
2017,15,"178*A",1690,-835,"Ivesia gordonii",6,5,1,7,6,0,0,1,0,0,1.28571428571429,0,65.4151898589753
2018,15,"178*A",1690,-835,"Ivesia gordonii",4.5,6,-1.5,3.5,0,0,0,1,0,0,1.12213740458015,0,66.5488994632433
2019,15,"178*A",1690,-835,"Ivesia gordonii",0,4.5,-4.5,0,0,0,0,0,0,1,0.5,0,0
2016,10,"1780*A",1675,-528,"Lupinus argenteus",3.6,NA,NA,4.9,0,0,1,1,0,0,1.30188679245283,0,0
2017,10,"1780*A",1675,-528,"Lupinus argenteus",0,3.6,-3.6,0,0,0,0,0,0,1,1.28571428571429,0,0
2016,10,"1781*A",1682,-538,"Lupinus argenteus",7.5,NA,NA,7,0,0,1,1,0,0,1.30188679245283,0,11.3580553039376
2017,10,"1781*A",1682,-538,"Lupinus argenteus",0,7.5,-7.5,0,0,0,0,0,0,1,1.28571428571429,0,0
2016,10,"1782*A",1676,-567,"Elymus lanceolatus",10,NA,NA,15,0,0,1,1,0,0,1.30188679245283,52.9596505145101,0
2017,10,"1782*A",1676,-567,"Elymus lanceolatus",19,10,9,16,4,0,0,1,0,0,1.28571428571429,8.36832948552181,0
2018,10,"1782*A",1676,-567,"Elymus lanceolatus",19,19,0,24,25,0,0,1,0,0,1.12213740458015,10.2583998893521,0
2019,10,"1782*A",1676,-567,"Elymus lanceolatus",30,19,11,29,0,0,0,1,0,0,0.5,6.25369738268015,0
2016,10,"1783*A",1692,-580,"Lupinus argenteus",4,NA,NA,4.9,0,0,1,1,0,0,1.30188679245283,0,0
2017,10,"1783*A",1692,-580,"Lupinus argenteus",0,4,-4,0,0,0,0,1,0,0,1.28571428571429,0,0
2018,10,"1783*A",1692,-580,"Lupinus argenteus",2,0,2,3,0,0,0,1,0,0,1.12213740458015,0,0
2019,10,"1783*A",1692,-580,"Lupinus argenteus",4,2,2,3,0,0,0,1,0,0,0.5,0,0
2016,11,"1784*A",110,-934,"Lupinus argenteus",1.9,NA,NA,2.2,0,0,1,1,0,0,1.30188679245283,0,0
2017,11,"1784*A",110,-934,"Lupinus argenteus",7,1.9,5.1,2,0,0,0,1,0,0,1.28571428571429,0,0
2018,11,"1784*A",110,-934,"Lupinus argenteus",0,7,-7,0,0,0,0,0,0,1,1.12213740458015,0,0
2016,11,"1785*A",100,-954,"Lupinus argenteus",11,NA,NA,7,0,0,1,1,0,0,1.30188679245283,20.6450864717828,0
2017,11,"1785*A",100,-954,"Lupinus argenteus",6.5,11,-4.5,4,0,0,0,1,0,0,1.28571428571429,34.4313820268679,0
2018,11,"1785*A",100,-954,"Lupinus argenteus",0,6.5,-6.5,0,0,0,0,0,0,1,1.12213740458015,0,0
2016,11,"1786*A",26,-985,"Ivesia gordonii",0.5,NA,NA,0.5,0,1,1,1,0,0,1.30188679245283,0,0
2017,11,"1786*A",26,-985,"Ivesia gordonii",0,0.5,-0.5,0,0,0,0,0,0,1,1.28571428571429,0,0
2016,11,"1787*A",35,-813,"Ivesia gordonii",0.5,NA,NA,0.5,0,1,1,1,0,0,1.30188679245283,0,0
2017,11,"1787*A",35,-813,"Ivesia gordonii",2.5,0.5,2,0.5,0,0,0,1,0,0,1.28571428571429,0,0
2018,11,"1787*A",35,-813,"Ivesia gordonii",0,2.5,-2.5,0,0,0,0,0,0,1,1.12213740458015,0,0
2016,11,"1788*A",60,-937,"Ivesia gordonii",0.9,NA,NA,1.1,0,1,1,1,0,0,1.30188679245283,0,0
2017,11,"1788*A",60,-937,"Ivesia gordonii",2.5,0.9,1.6,2.5,0,0,0,1,0,0,1.28571428571429,0,0
2018,11,"1788*A",60,-937,"Ivesia gordonii",4.5,2.5,2,3,1,0,0,1,0,0,1.12213740458015,0,0
2019,11,"1788*A",60,-937,"Ivesia gordonii",11,4.5,6.5,6,5,0,0,1,0,0,0.5,3.87484044998326,0
2016,11,"1789*A",57,-939,"Lupinus argenteus",0.8,NA,NA,0.5,0,1,1,1,0,0,1.30188679245283,0,0
2017,11,"1789*A",57,-939,"Lupinus argenteus",0,0.8,-0.8,0,0,0,0,0,0,1,1.28571428571429,0,0
2014,15,"179*A",1695,-835,"Ivesia gordonii",11,NA,NA,6,2,0,NA,1,0,0,2.52336448598131,61.0790063240458,14.2465147784546
2015,15,"179*A",1695,-835,"Ivesia gordonii",12,11,1,5,9,0,0,1,0,0,3.0530303030303,0.565439948200354,14.243732244488
2016,15,"179*A",1695,-835,"Ivesia gordonii",14,12,2,6,34,0,0,1,0,0,1.30188679245283,0,11.9247040716008
2017,15,"179*A",1695,-835,"Ivesia gordonii",12,14,-2,5.5,13,0,0,1,0,0,1.28571428571429,0.327360943325855,16.3537974647422
2018,15,"179*A",1695,-835,"Ivesia gordonii",11.5,12,-0.5,4,7,0,0,1,0,0,1.12213740458015,0.453635638732836,10.189907101177
2019,15,"179*A",1695,-835,"Ivesia gordonii",0,11.5,-11.5,0,0,0,0,0,0,1,0.5,0,0
2016,11,"1790*A",122,-852,"Ivesia gordonii",1.8,NA,NA,2.3,0,1,1,1,0,0,1.30188679245283,0,0
2017,11,"1790*A",122,-852,"Ivesia gordonii",5,1.8,3.2,4,0,0,0,1,0,0,1.28571428571429,0,0
2018,11,"1790*A",122,-852,"Ivesia gordonii",7,5,2,5,1,0,0,1,0,0,1.12213740458015,0,0
2019,11,"1790*A",122,-852,"Ivesia gordonii",19.5,7,12.5,9,10,0,0,1,0,0,0.5,0,0
2016,11,"1791*A",112,-824,"Ivesia gordonii",0.5,NA,NA,0.5,0,1,1,1,0,0,1.30188679245283,0,0
2017,11,"1791*A",112,-824,"Ivesia gordonii",1.8,0.5,1.3,1,0,0,0,1,0,0,1.28571428571429,0,0
2018,11,"1791*A",112,-824,"Ivesia gordonii",1.6,1.8,-0.2,1.9,0,0,0,1,0,0,1.12213740458015,0,0
2019,11,"1791*A",112,-824,"Ivesia gordonii",4.5,1.6,2.9,2.5,0,0,0,1,0,0,0.5,0,0
2016,12,"1792*A",410,-899,"Ivesia gordonii",1.2,NA,NA,1.1,0,1,1,1,0,0,1.30188679245283,0,0
2017,12,"1792*A",410,-899,"Ivesia gordonii",2,1.2,0.8,2.5,0,0,0,1,0,0,1.28571428571429,0,0
2018,12,"1792*A",410,-899,"Ivesia gordonii",2.5,2,0.5,2.2,0,0,0,1,0,0,1.12213740458015,0,0
2019,12,"1792*A",410,-899,"Ivesia gordonii",5,2.5,2.5,3.5,0,0,0,1,0,0,0.5,0,0
2016,12,"1793*A",435,-863,"Ivesia gordonii",1,NA,NA,1.8,0,0,1,1,0,0,1.30188679245283,0,0
2017,12,"1793*A",435,-863,"Ivesia gordonii",3.5,1,2.5,3.5,0,0,0,1,0,0,1.28571428571429,0,0
2018,12,"1793*A",435,-863,"Ivesia gordonii",3.5,3.5,0,4,0,0,0,1,0,0,1.12213740458015,0,0
2019,12,"1793*A",435,-863,"Ivesia gordonii",6.5,3.5,3,4.5,3,0,0,1,0,0,0.5,0,0
2016,14,"1794*A",1264,-995,"Chaenactis douglasii",0.5,NA,NA,1,0,1,1,1,0,0,1.30188679245283,0,0
2017,14,"1794*A",1264,-995,"Chaenactis douglasii",0,0.5,-0.5,0,0,0,0,0,0,1,1.28571428571429,0,0
2015,15,"1795*A",1765,-835,"Eriogonum umbellatum",2,NA,NA,1,0,0,1,1,0,0,3.0530303030303,0,0
2016,15,"1795*A",1765,-835,"Eriogonum umbellatum",2,2,0,1,0,0,0,1,0,0,1.30188679245283,0,0
2017,15,"1795*A",1765,-835,"Eriogonum umbellatum",4.5,2,2.5,2,0,0,0,1,0,0,1.28571428571429,0,0
2018,15,"1795*A",1765,-835,"Eriogonum umbellatum",9,4.5,4.5,2,0,0,0,1,0,0,1.12213740458015,0,0
2019,15,"1795*A",1765,-835,"Eriogonum umbellatum",15,9,6,3,6,0,0,1,0,0,0.5,0,0
2016,15,"1796*A",1795,-810,"Lupinus argenteus",7,NA,NA,5,0,0,1,1,0,0,1.30188679245283,0,6.64043119252034
2017,15,"1796*A",1795,-810,"Lupinus argenteus",0,7,-7,0,0,0,0,0,0,1,1.28571428571429,0,0
2016,15,"1797*A",1772,-904,"Ivesia gordonii",0.5,NA,NA,0.5,0,1,1,1,0,0,1.30188679245283,0,0
2017,15,"1797*A",1772,-904,"Ivesia gordonii",4,0.5,3.5,3,0,0,0,1,0,0,1.28571428571429,0,0
2018,15,"1797*A",1772,-904,"Ivesia gordonii",5.5,4,1.5,5,0,0,0,1,0,0,1.12213740458015,0,0
2019,15,"1797*A",1772,-904,"Ivesia gordonii",12.5,5.5,7,5.5,2,0,0,1,0,0,0.5,0,0
2016,15,"1798*A",1775,-990,"Lupinus argenteus",8.5,NA,NA,7,0,0,1,1,0,0,1.30188679245283,0,12.7020587745314
2017,15,"1798*A",1775,-990,"Lupinus argenteus",0,8.5,-8.5,0,0,0,0,0,0,1,1.28571428571429,0,0
2016,15,"1799*A",1675,-935,"Lupinus argenteus",11,NA,NA,7,0,0,1,1,0,0,1.30188679245283,0.784655599779561,0
2017,15,"1799*A",1675,-935,"Lupinus argenteus",9,11,-2,7,0,0,0,1,0,0,1.28571428571429,0,0
2018,15,"1799*A",1675,-935,"Lupinus argenteus",0,9,-9,0,0,0,0,0,0,1,1.12213740458015,0,0
2014,15,"180*A",1685,-825,"Lupinus argenteus",25,NA,NA,15,2,0,NA,1,0,0,2.52336448598131,35.4945672104951,25.0542745450438
2015,15,"180*A",1685,-825,"Lupinus argenteus",17,25,-8,5,1,0,0,1,0,0,3.0530303030303,25.9959874587677,5.43044164600867
2016,15,"180*A",1685,-825,"Lupinus argenteus",0,17,-17,0,0,0,0,0,0,1,1.30188679245283,0,0
2016,15,"1800*A",1609,-902,"Lupinus argenteus",7,NA,NA,5,0,0,1,1,0,0,1.30188679245283,0,0
2017,15,"1800*A",1609,-902,"Lupinus argenteus",2.5,7,-4.5,2,0,0,0,1,0,0,1.28571428571429,0,0
2018,15,"1800*A",1609,-902,"Lupinus argenteus",2.5,2.5,0,1,0,0,0,1,0,0,1.12213740458015,0,0
2019,15,"1800*A",1609,-902,"Lupinus argenteus",0,2.5,-2.5,0,0,0,0,0,0,1,0.5,0,0
2016,15,"1801*A",1655,-830,"Lupinus argenteus",8,NA,NA,4,0,0,1,1,0,0,1.30188679245283,29.2777207238524,58.083402258199
2017,15,"1801*A",1655,-830,"Lupinus argenteus",9,8,1,5,0,0,0,1,0,0,1.28571428571429,4.16886456213351,85.3521127169706
2018,15,"1801*A",1655,-830,"Lupinus argenteus",3.5,9,-5.5,3,0,0,0,1,0,0,1.12213740458015,0,0
2019,15,"1801*A",1655,-830,"Lupinus argenteus",0,3.5,-3.5,0,0,0,0,0,0,1,0.5,0,0
2016,15,"1802*A",1652,-834,"Lupinus argenteus",12,NA,NA,6,0,0,1,1,0,0,1.30188679245283,0,36.9236063282105
2017,15,"1802*A",1652,-834,"Lupinus argenteus",16,12,4,8,0,0,0,1,0,0,1.28571428571429,0,27.005941914356
2018,15,"1802*A",1652,-834,"Lupinus argenteus",0,16,-16,0,0,0,0,0,0,1,1.12213740458015,0,0
2016,15,"1803*A",1713,-821,"Lupinus argenteus",2,NA,NA,2,0,0,1,1,0,0,1.30188679245283,0,0
2017,15,"1803*A",1713,-821,"Lupinus argenteus",0,2,-2,0,0,0,0,0,0,1,1.28571428571429,0,0
2016,15,"1804*A",1775,-821,"Lupinus argenteus",10,NA,NA,5,0,0,1,1,0,0,1.30188679245283,56.1526810759946,0
2017,15,"1804*A",1775,-821,"Lupinus argenteus",0,10,-10,0,0,0,0,0,0,1,1.28571428571429,0,0
2016,15,"1805*A",1717,-898,"Lupinus argenteus",9,NA,NA,4,0,0,1,1,0,0,1.30188679245283,71.0983360491668,0
2017,15,"1805*A",1717,-898,"Lupinus argenteus",0,9,-9,0,0,0,0,0,0,1,1.28571428571429,0,0
2016,15,"1806*A",1720,-940,"Lupinus argenteus",5.5,NA,NA,5,0,0,1,1,0,0,1.30188679245283,0,0
2017,15,"1806*A",1720,-940,"Lupinus argenteus",2.5,5.5,-3,2.5,0,0,0,1,0,0,1.28571428571429,0,0
2018,15,"1806*A",1720,-940,"Lupinus argenteus",0,2.5,-2.5,0,0,0,0,0,0,1,1.12213740458015,0,0
2016,16,"1807*A",11,-1387,"Eriogonum umbellatum",1.5,NA,NA,1,0,1,1,1,0,0,1.30188679245283,0,0
2017,16,"1807*A",11,-1387,"Eriogonum umbellatum",1.3,1.5,-0.2,0.1,0,0,0,1,0,0,1.28571428571429,0,0
2018,16,"1807*A",11,-1387,"Eriogonum umbellatum",0,1.3,-1.3,0,0,0,0,0,0,1,1.12213740458015,0,0
2015,16,"1808*A",28,-1339,"Senecio crassulus",1,NA,NA,3,0,0,1,1,0,0,3.0530303030303,19.1719732261544,0
2016,16,"1808*A",28,-1339,"Senecio crassulus",1,1,0,3,0,0,0,1,0,0,1.30188679245283,99.9999999999999,0
2017,16,"1808*A",28,-1339,"Senecio crassulus",2.8,1,1.8,5,0,0,0,1,0,0,1.28571428571429,22.2701881628388,0
2018,16,"1808*A",28,-1339,"Senecio crassulus",0,2.8,-2.8,0,0,0,0,0,0,1,1.12213740458015,0,0
2014,16,"1809*A",32,-1356,"Eriogonum umbellatum",2,NA,NA,2,0,0,NA,1,0,0,2.52336448598131,144.693414707212,0
2015,16,"1809*A",32,-1356,"Eriogonum umbellatum",2,2,0,2,0,0,0,1,0,0,3.0530303030303,144.693414707212,0
2016,16,"1809*A",32,-1356,"Eriogonum umbellatum",2,2,0,2,0,0,0,1,0,0,1.30188679245283,200,0
2017,16,"1809*A",32,-1356,"Eriogonum umbellatum",0,2,-2,0,0,0,0,0,0,1,1.28571428571429,0,0
2014,15,"181*A",1700,-820,"Lupinus argenteus",25,NA,NA,13,3,0,NA,1,0,0,2.52336448598131,2.9852031159577,33.1795998569904
2015,15,"181*A",1700,-820,"Lupinus argenteus",19,25,-6,12.5,2,0,0,1,0,0,3.0530303030303,0,4.34736187173603
2016,15,"181*A",1700,-820,"Lupinus argenteus",0,19,-19,0,0,0,0,0,0,1,1.30188679245283,0,0
2016,16,"1810*A",42,-1353,"Eriogonum umbellatum",1,NA,NA,1,0,1,1,1,0,0,1.30188679245283,300.000000000003,0
2017,16,"1810*A",42,-1353,"Eriogonum umbellatum",1.7,1,0.7,1,0,0,0,1,0,0,1.28571428571429,0,0
2018,16,"1810*A",42,-1353,"Eriogonum umbellatum",2.5,1.7,0.8,1,0,0,0,1,0,0,1.12213740458015,0,0
2019,16,"1810*A",42,-1353,"Eriogonum umbellatum",0,2.5,-2.5,0,0,0,0,0,0,1,0.5,0,0
2016,16,"1811*A",52,-1340,"Agoseris glauca",0.5,NA,NA,0.5,0,1,1,1,0,0,1.30188679245283,100.000000000002,0
2017,16,"1811*A",52,-1340,"Agoseris glauca",1.8,0.5,1.3,1,0,0,0,1,0,0,1.28571428571429,100,0
2018,16,"1811*A",52,-1340,"Agoseris glauca",0,1.8,-1.8,0,0,0,0,0,0,1,1.12213740458015,0,0
2016,16,"1812*A",56,-1337,"Phacelia hastata",1,NA,NA,1.5,0,1,1,1,0,0,1.30188679245283,99.9999999999998,0
2017,16,"1812*A",56,-1337,"Phacelia hastata",0,1,-1,0,0,0,0,0,0,1,1.28571428571429,0,0
2016,16,"1813*A",64,-1364,"Lupinus argenteus",9,NA,NA,8,0,0,1,1,0,0,1.30188679245283,0,4.80019157827694
2017,16,"1813*A",64,-1364,"Lupinus argenteus",1.5,9,-7.5,1.5,0,0,0,1,0,0,1.28571428571429,0,0
2018,16,"1813*A",64,-1364,"Lupinus argenteus",0,1.5,-1.5,0,0,0,0,0,0,1,1.12213740458015,0,0
2015,17,"1814*A",419,-1347,"Heterotheca villosa",1.5,NA,NA,2,0,0,1,1,0,0,3.0530303030303,99.9999999999976,0
2016,17,"1814*A",419,-1347,"Heterotheca villosa",1.5,1.5,0,2,0,0,0,1,0,0,1.30188679245283,99.9999999999976,0
2017,17,"1814*A",419,-1347,"Heterotheca villosa",0,1.5,-1.5,0,0,0,0,0,0,1,1.28571428571429,0,0
2016,16,"1815*A",42,-1304,"Senecio crassulus",1,NA,NA,0.5,0,1,1,1,0,0,1.30188679245283,100.000000000001,0
2017,16,"1815*A",42,-1304,"Senecio crassulus",0,1,-1,0,0,0,0,0,0,1,1.28571428571429,0,0
2016,16,"1816*A",46,-1307,"Eriogonum umbellatum",0.5,NA,NA,0.5,0,1,1,1,0,0,1.30188679245283,0,0
2017,16,"1816*A",46,-1307,"Eriogonum umbellatum",1,0.5,0.5,1.5,0,0,0,1,0,0,1.28571428571429,100,0
2018,16,"1816*A",46,-1307,"Eriogonum umbellatum",0,1,-1,0,0,0,0,0,0,1,1.12213740458015,0,0
2016,16,"1817*A",3,-1211,"Lupinus argenteus",5,NA,NA,3,0,0,1,1,0,0,1.30188679245283,0,0
2017,16,"1817*A",3,-1211,"Lupinus argenteus",2.5,5,-2.5,3,0,0,0,1,0,0,1.28571428571429,0,0
2018,16,"1817*A",3,-1211,"Lupinus argenteus",0,2.5,-2.5,0,0,0,0,0,0,1,1.12213740458015,0,0
2016,16,"1818*A",93,-1330,"Lupinus argenteus",4.5,NA,NA,4,0,0,1,1,0,0,1.30188679245283,0,0
2017,16,"1818*A",93,-1330,"Lupinus argenteus",0,4.5,-4.5,0,0,0,0,0,0,1,1.28571428571429,0,0
2014,15,"182*A",1705,-835,"Lupinus argenteus",16,NA,NA,11,1,0,NA,1,0,0,2.52336448598131,10.4449234510946,19.8372199998712
2015,15,"182*A",1705,-835,"Lupinus argenteus",0,16,-16,0,0,0,0,0,0,1,3.0530303030303,0,0
2016,16,"1820*A",127,-1335,"Senecio crassulus",1,NA,NA,3,0,1,1,1,0,0,1.30188679245283,99.9999999999973,0
2017,16,"1820*A",127,-1335,"Senecio crassulus",5,1,4,7,0,0,0,1,0,0,1.28571428571429,31.3600000000002,0
2018,16,"1820*A",127,-1335,"Senecio crassulus",0,5,-5,0,0,0,0,0,0,1,1.12213740458015,0,0
2016,16,"1821*A",127,-1335,"Eriogonum umbellatum",1,NA,NA,1,0,1,1,1,0,0,1.30188679245283,99.9999999999973,0
2017,16,"1821*A",127,-1335,"Eriogonum umbellatum",2.8,1,1.8,1.5,0,0,0,1,0,0,1.28571428571429,99.9999999999992,0
2018,16,"1821*A",127,-1335,"Eriogonum umbellatum",1.5,2.8,-1.3,1.5,0,0,0,1,0,0,1.12213740458015,0,0
2019,16,"1821*A",127,-1335,"Eriogonum umbellatum",0,1.5,-1.5,0,0,0,0,0,0,1,0.5,0,0
2016,16,"1822*A",134,-1364,"Lupinus argenteus",2,NA,NA,3,0,0,1,1,0,0,1.30188679245283,0,117.436243401078
2017,16,"1822*A",134,-1364,"Lupinus argenteus",0,2,-2,0,0,0,0,0,0,1,1.28571428571429,0,0
2016,16,"1823*A",150,-1240,"Lupinus argenteus",9,NA,NA,6,0,0,1,1,0,0,1.30188679245283,0,0
2017,16,"1823*A",150,-1240,"Lupinus argenteus",0,9,-9,0,0,0,0,0,0,1,1.28571428571429,0,0
2016,16,"1824*A",194,-1316,"Lupinus argenteus",4,NA,NA,3,0,0,1,1,0,0,1.30188679245283,0,0
2017,16,"1824*A",194,-1316,"Lupinus argenteus",0,4,-4,0,0,0,0,0,0,1,1.28571428571429,0,0
2016,17,"1825*A",504,-1324,"Agoseris glauca",1.1,NA,NA,1,0,1,1,1,0,0,1.30188679245283,0,0
2017,17,"1825*A",504,-1324,"Agoseris glauca",1,1.1,-0.1,1,0,0,0,1,0,0,1.28571428571429,0,0
2018,17,"1825*A",504,-1324,"Agoseris glauca",2.5,1,1.5,3,0,0,0,1,0,0,1.12213740458015,0,0
2019,17,"1825*A",504,-1324,"Agoseris glauca",6,2.5,3.5,7.5,1,0,0,1,0,0,0.5,0,0
2016,17,"1826*A",490,-1315,"Lupinus argenteus",8,NA,NA,6,0,0,1,1,0,0,1.30188679245283,0,27.259317913148
2017,17,"1826*A",490,-1315,"Lupinus argenteus",0,8,-8,0,0,0,0,1,0,0,1.28571428571429,0,0
2018,17,"1826*A",490,-1315,"Lupinus argenteus",3.5,0,3.5,4,0,0,0,1,0,0,1.12213740458015,0,0
2019,17,"1826*A",490,-1315,"Lupinus argenteus",0,3.5,-3.5,0,0,0,0,0,0,1,0.5,0,0
2016,17,"1827*A",553,-1308,"Lupinus argenteus",9,NA,NA,5,0,0,1,1,0,0,1.30188679245283,0,0
2017,17,"1827*A",553,-1308,"Lupinus argenteus",7,9,-2,5,0,0,0,1,0,0,1.28571428571429,0,0
2018,17,"1827*A",553,-1308,"Lupinus argenteus",3,7,-4,3,0,0,0,1,0,0,1.12213740458015,0,0
2019,17,"1827*A",553,-1308,"Lupinus argenteus",0,3,-3,0,0,0,0,0,0,1,0.5,0,0
2016,17,"1828*A",571,-1219,"Lupinus argenteus",12,NA,NA,7,0,0,1,1,0,0,1.30188679245283,0,0
2017,17,"1828*A",571,-1219,"Lupinus argenteus",10,12,-2,11,1,0,0,1,0,0,1.28571428571429,0,0
2018,17,"1828*A",571,-1219,"Lupinus argenteus",9.5,10,-0.5,5.5,0,0,0,1,0,0,1.12213740458015,0,0
2019,17,"1828*A",571,-1219,"Lupinus argenteus",4,9.5,-5.5,3,0,0,0,1,0,0,0.5,0,0
2016,17,"1829*A",559,-1245,"Lupinus argenteus",6,NA,NA,5,0,0,1,1,0,0,1.30188679245283,0,0
2017,17,"1829*A",559,-1245,"Lupinus argenteus",2,6,-4,3,0,0,0,1,0,0,1.28571428571429,0,0
2018,17,"1829*A",559,-1245,"Lupinus argenteus",0,2,-2,0,0,0,0,0,0,1,1.12213740458015,0,0
2014,15,"183*A",1720,-830,"Lupinus argenteus",15,NA,NA,6,0,0,NA,1,0,0,2.52336448598131,0,5.13853077897193
2015,15,"183*A",1720,-830,"Lupinus argenteus",0,15,-15,0,0,0,0,0,0,1,3.0530303030303,0,0
2016,19,"1830*A",1269,-1372,"Lupinus argenteus",10,NA,NA,6,0,0,1,1,0,0,1.30188679245283,114.611678716346,0
2017,19,"1830*A",1269,-1372,"Lupinus argenteus",0,10,-10,0,0,0,0,1,0,0,1.28571428571429,0,0
2018,19,"1830*A",1269,-1372,"Lupinus argenteus",8,0,8,6,0,0,0,1,0,0,1.12213740458015,100,12.742134922041
2019,19,"1830*A",1269,-1372,"Lupinus argenteus",12,8,4,8,0,0,0,1,0,0,0.5,103.201603758354,14.9550157808042
2016,19,"1831*A",1302,-1312,"Ivesia gordonii",0.5,NA,NA,0.5,0,1,1,1,0,0,1.30188679245283,0,0
2017,19,"1831*A",1302,-1312,"Ivesia gordonii",0.5,0.5,0,0.5,0,0,0,1,0,0,1.28571428571429,100.000000000009,0
2018,19,"1831*A",1302,-1312,"Ivesia gordonii",1,0.5,0.5,0.5,0,0,0,1,0,0,1.12213740458015,9.80864380991883,3.22261854041025
2019,19,"1831*A",1302,-1312,"Ivesia gordonii",2,1,1,1.5,0,0,0,1,0,0,0.5,98.2141600387402,64.7385860971513
2016,19,"1832*A",1310,-1311,"Heterotheca villosa",0.5,NA,NA,0.5,0,1,1,1,0,0,1.30188679245283,99.9999999999945,0
2017,19,"1832*A",1310,-1311,"Heterotheca villosa",0,0.5,-0.5,0,0,0,0,0,0,1,1.28571428571429,0,0
2015,19,"1833*A",1360,-1280,"Ivesia gordonii",2,NA,NA,2,0,0,1,1,0,0,3.0530303030303,8.51584168590279,0
2016,19,"1833*A",1360,-1280,"Ivesia gordonii",2,2,0,2,0,0,0,1,0,0,1.30188679245283,35.8096984470157,0
2017,19,"1833*A",1360,-1280,"Ivesia gordonii",0.5,2,-1.5,0.5,0,0,0,1,0,0,1.28571428571429,0,0
2018,19,"1833*A",1360,-1280,"Ivesia gordonii",0,0.5,-0.5,0,0,0,0,0,0,1,1.12213740458015,0,0
2016,19,"1834*A",1354,-1284,"Heterotheca villosa",0.5,NA,NA,0.5,0,1,1,1,0,0,1.30188679245283,0,0
2017,19,"1834*A",1354,-1284,"Heterotheca villosa",0,0.5,-0.5,0,0,0,0,0,0,1,1.28571428571429,0,0
2016,19,"1835*A",1380,-1354,"Eriogonum umbellatum",1,NA,NA,0.5,0,1,1,1,0,0,1.30188679245283,100.000000000022,0
2017,19,"1835*A",1380,-1354,"Eriogonum umbellatum",1,1,0,0.5,0,0,0,1,0,0,1.28571428571429,100.000000000022,0
2018,19,"1835*A",1380,-1354,"Eriogonum umbellatum",0.5,1,-0.5,0.5,0,0,0,1,0,0,1.12213740458015,0,0.478047043106374
2019,19,"1835*A",1380,-1354,"Eriogonum umbellatum",0,0.5,-0.5,0,0,0,0,0,0,1,0.5,0,0
2016,19,"1836*A",1374,-1361,"Ivesia gordonii",0.5,NA,NA,0.5,0,1,1,1,0,0,1.30188679245283,46.668889316435,0
2017,19,"1836*A",1374,-1361,"Ivesia gordonii",1,0.5,0.5,1,0,0,0,1,0,0,1.28571428571429,0,0
2018,19,"1836*A",1374,-1361,"Ivesia gordonii",2.5,1,1.5,2.5,0,0,0,1,0,0,1.12213740458015,12.2968134394345,0
2019,19,"1836*A",1374,-1361,"Ivesia gordonii",7,2.5,4.5,4,0,0,0,1,0,0,0.5,4.59183673469402,0
2016,19,"1837*A",1374,-1360,"Eriogonum umbellatum",2,NA,NA,1,0,1,1,1,0,0,1.30188679245283,2.91680558227579,0
2017,19,"1837*A",1374,-1360,"Eriogonum umbellatum",1,2,-1,1,0,0,0,1,0,0,1.28571428571429,0,0
2018,19,"1837*A",1374,-1360,"Eriogonum umbellatum",1,1,0,1,0,0,0,1,0,0,1.12213740458015,76.8550839964759,0
2019,19,"1837*A",1374,-1360,"Eriogonum umbellatum",1.5,1,0.5,1,0,0,0,1,0,0,0.5,99.9999999999879,0
2016,19,"1838*A",1378,-1356,"Senecio crassulus",0.5,NA,NA,1,0,1,1,1,0,0,1.30188679245283,99.9999999999945,0
2017,19,"1838*A",1378,-1356,"Senecio crassulus",0,0.5,-0.5,0,0,0,0,0,0,1,1.28571428571429,0,0
2014,19,"1839*A",1330,-1336,"Ivesia gordonii",7,NA,NA,4,0,0,NA,1,0,0,2.52336448598131,99.9999999999993,90.6176964696165
2015,19,"1839*A",1330,-1336,"Ivesia gordonii",7,7,0,4,0,0,0,1,0,0,3.0530303030303,99.9999999999993,97.1231320558446
2016,19,"1839*A",1330,-1336,"Ivesia gordonii",7,7,0,4,0,0,0,1,0,0,1.30188679245283,99.9999999999993,35.7874451713008
2017,19,"1839*A",1330,-1336,"Ivesia gordonii",5,7,-2,4,0,0,0,1,0,0,1.28571428571429,99.9999999999971,5.30467365169627
2018,19,"1839*A",1330,-1336,"Ivesia gordonii",4.5,5,-0.5,4,0,0,0,1,0,0,1.12213740458015,99.9999999999946,0
2019,19,"1839*A",1330,-1336,"Ivesia gordonii",7.5,4.5,3,3.5,1,0,0,1,0,0,0.5,99.9999999999946,2.31023067950319
2014,15,"184*A",1730,-820,"Lupinus argenteus",17,NA,NA,9,0,0,NA,1,0,0,2.52336448598131,0,4.00058624660476
2015,15,"184*A",1730,-820,"Lupinus argenteus",0,17,-17,0,0,0,0,0,0,1,3.0530303030303,0,0
2016,20,"1840*A",1637,-1208,"Ivesia gordonii",2,NA,NA,3,0,0,1,1,0,0,1.30188679245283,0,0
2017,20,"1840*A",1637,-1208,"Ivesia gordonii",0,2,-2,0,0,0,0,0,0,1,1.28571428571429,0,0
2016,20,"1841*A",1789,-1285,"Lupinus argenteus",11,NA,NA,7,0,0,1,1,0,0,1.30188679245283,0,0
2017,20,"1841*A",1789,-1285,"Lupinus argenteus",15,11,4,8,2,0,0,1,0,0,1.28571428571429,0,0
2018,20,"1841*A",1789,-1285,"Lupinus argenteus",13,15,-2,8.5,1,0,0,1,0,0,1.12213740458015,0,0
2019,20,"1841*A",1789,-1285,"Lupinus argenteus",10,13,-3,5.5,0,0,0,1,0,0,0.5,0,0
2016,20,"1842*A",1743,-1253,"Heterotheca villosa",3,NA,NA,3,1,0,1,1,0,0,1.30188679245283,0,0
2017,20,"1842*A",1743,-1253,"Heterotheca villosa",4,3,1,5,0,0,0,1,0,0,1.28571428571429,0,0
2018,20,"1842*A",1743,-1253,"Heterotheca villosa",5.5,4,1.5,1.5,0,0,0,1,0,0,1.12213740458015,0,0
2019,20,"1842*A",1743,-1253,"Heterotheca villosa",16.5,5.5,11,8,8,0,0,1,0,0,0.5,0,0
2016,20,"1843*A",1735.3506262,-1217.735597,"Eriogonum umbellatum",0.5,NA,NA,0.5,0,1,1,1,0,0,1.30188679245283,0,0
2016,20,"1843*B",1734.8759023,-1217.4967649,"Eriogonum umbellatum",0.5,NA,NA,0.5,0,1,1,1,0,0,1.30188679245283,0,0
2016,20,"1843*C",1733.8144746,-1219.6286358,"Eriogonum umbellatum",0.5,NA,NA,0.5,0,1,1,0,1,0,1.30188679245283,0,0
2017,20,"1843*A",1735.1168754,-1217.245199,"Eriogonum umbellatum",0.5,0.5,0,0.5,0,0,0,1,0,0,1.28571428571429,0,55.7407490419092
2017,20,"1843*B",1734.9586341,-1217.1655883,"Eriogonum umbellatum",0.5,0.5,0,0.5,0,0,0,0,1,0,1.28571428571429,0,55.7407490418659
2018,20,"1843*A",1735,-1217,"Eriogonum umbellatum",0,0.5,-0.5,0,0,0,0,0,0,1,1.12213740458015,0,0
2016,20,"1844*A",1749,-1212,"Ivesia gordonii",0.5,NA,NA,0.5,0,1,1,1,0,0,1.30188679245283,0,0
2017,20,"1844*A",1749,-1212,"Ivesia gordonii",2,0.5,1.5,1,0,0,0,1,0,0,1.28571428571429,0,0
2018,20,"1844*A",1749,-1212,"Ivesia gordonii",0,2,-2,0,0,0,0,0,0,1,1.12213740458015,0,0
2016,20,"1845*A",1759,-1218,"Eriogonum umbellatum",1,NA,NA,1.5,0,1,1,1,0,0,1.30188679245283,40.5771084029823,0
2017,20,"1845*A",1759,-1218,"Eriogonum umbellatum",1,1,0,1,0,0,0,1,0,0,1.28571428571429,0,0
2018,20,"1845*A",1759,-1218,"Eriogonum umbellatum",0,1,-1,0,0,0,0,0,0,1,1.12213740458015,0,0
2015,20,"1846*A",1759,-1204,"Heterotheca villosa",1,NA,NA,1,0,0,1,1,0,0,3.0530303030303,200.000000000048,0
2016,20,"1846*A",1759,-1204,"Heterotheca villosa",1,1,0,1,0,0,0,1,0,0,1.30188679245283,100.000000000024,0
2017,20,"1846*A",1759,-1204,"Heterotheca villosa",3,1,2,2,0,0,0,1,0,0,1.28571428571429,0,0
2018,20,"1846*A",1759,-1204,"Heterotheca villosa",0,3,-3,0,0,0,0,0,0,1,1.12213740458015,0,0
2016,20,"1847*A",1755,-1222,"Ivesia gordonii",0.5,NA,NA,0.3,0,1,1,1,0,0,1.30188679245283,99.9999999999491,0
2017,20,"1847*A",1755,-1222,"Ivesia gordonii",0,0.5,-0.5,0,0,0,0,0,0,1,1.28571428571429,0,0
2016,20,"1848*A",1782,-1204,"Eriogonum umbellatum",1,NA,NA,0.5,0,1,1,1,0,0,1.30188679245283,68.981524301721,0
2017,20,"1848*A",1782,-1204,"Eriogonum umbellatum",0,1,-1,0,0,0,0,1,0,0,1.28571428571429,0,0
2018,20,"1848*A",1782,-1204,"Eriogonum umbellatum",1,0,1,0.5,0,0,0,1,0,0,1.12213740458015,0,0
2019,20,"1848*A",1782,-1204,"Eriogonum umbellatum",1,1,0,0.5,0,0,0,1,0,0,0.5,0,0
2016,20,"1849*A",1755,-1240,"Lupinus argenteus",14,NA,NA,12,1,0,1,1,0,0,1.30188679245283,1.22836427213157,67.1299924981387
2017,20,"1849*A",1755,-1240,"Lupinus argenteus",5,14,-9,5,0,0,0,1,0,0,1.28571428571429,0,0
2018,20,"1849*A",1755,-1240,"Lupinus argenteus",0,5,-5,0,0,0,0,0,0,1,1.12213740458015,0,0
2014,15,"185*A",1775,-825,"Lupinus argenteus",13,NA,NA,8,0,0,NA,1,0,0,2.52336448598131,21.3017751479279,39.1409088098608
2015,15,"185*A",1775,-825,"Lupinus argenteus",0,13,-13,0,0,0,0,0,0,1,3.0530303030303,0,0
2016,20,"1850*A",1764,-1254,"Poa stenantha",2,NA,NA,5,0,0,1,1,0,0,1.30188679245283,0,0
2017,20,"1850*A",1764,-1254,"Poa stenantha",10,2,8,10,0,0,0,1,0,0,1.28571428571429,0,0
2018,20,"1850*A",1764,-1254,"Poa stenantha",25,10,15,11.5,0,0,0,1,0,0,1.12213740458015,5.19653637869283,0
2019,20,"1850*A",1764,-1254,"Poa stenantha",13.5,25,-11.5,13.5,0,0,0,1,0,0,0.5,33.2543776113886,0
2016,20,"1851*A",1788,-1247,"Lupinus argenteus",10,NA,NA,8,0,0,1,1,0,0,1.30188679245283,7.959895141108,0
2017,20,"1851*A",1788,-1247,"Lupinus argenteus",0,10,-10,0,0,0,0,0,0,1,1.28571428571429,0,0
2016,20,"1852*A",1782.2337508,-1245.490398,"Eriogonum umbellatum",0.5,NA,NA,0.5,0,1,1,1,0,0,1.30188679245283,100.000000000015,17.8672618927521
2016,20,"1852*B",1781.9172682,-1245.3311766,"Eriogonum umbellatum",0.5,NA,NA,0.5,0,1,1,0,1,0,1.30188679245283,99.9999999999127,17.8672618926924
2017,20,"1852*A",1782,-1245,"Eriogonum umbellatum",1,0.5,0.5,2,0,0,0,1,0,0,1.28571428571429,100.000000000024,0
2018,20,"1852*A",1782,-1245,"Eriogonum umbellatum",0,1,-1,0,0,0,0,0,0,1,1.12213740458015,0,0
2016,20,"1853*A",1725,-1265,"Lupinus argenteus",6,NA,NA,5,0,0,1,1,0,0,1.30188679245283,0,0
2017,20,"1853*A",1725,-1265,"Lupinus argenteus",8,6,2,5,0,0,0,1,0,0,1.28571428571429,0,0
2018,20,"1853*A",1725,-1265,"Lupinus argenteus",0,8,-8,0,0,0,0,0,0,1,1.12213740458015,0,0
2016,20,"1854*A",1695,-1314,"Lupinus argenteus",8,NA,NA,6,0,0,1,1,0,0,1.30188679245283,0,0
2017,20,"1854*A",1695,-1314,"Lupinus argenteus",10,8,2,7,0,0,0,1,0,0,1.28571428571429,0,0
2018,20,"1854*A",1695,-1314,"Lupinus argenteus",0,10,-10,0,0,0,0,0,0,1,1.12213740458015,0,0
2016,20,"1855*A",1725,-1334,"Lupinus argenteus",13,NA,NA,7,0,0,1,1,0,0,1.30188679245283,47.2613964519351,0
2017,20,"1855*A",1725,-1334,"Lupinus argenteus",17,13,4,11,2,0,0,1,0,0,1.28571428571429,72.5487517733455,0
2018,20,"1855*A",1725,-1334,"Lupinus argenteus",16,17,-1,7.5,0,0,0,1,0,0,1.12213740458015,78.4700936261024,0
2019,20,"1855*A",1725,-1334,"Lupinus argenteus",17.5,16,1.5,12.5,0,0,0,1,0,0,0.5,67.8624671079494,0
2016,20,"1856*A",1622,-1344,"Agoseris glauca",1.5,NA,NA,2,0,0,1,1,0,0,1.30188679245283,100.000000000001,0
2017,20,"1856*A",1622,-1344,"Agoseris glauca",0,1.5,-1.5,0,0,0,0,0,0,1,1.28571428571429,0,0
2016,20,"1857*A",1628,-1348,"Lupinus argenteus",9,NA,NA,6,0,0,1,1,0,0,1.30188679245283,47.4643072907928,0
2017,20,"1857*A",1628,-1348,"Lupinus argenteus",0,9,-9,0,0,0,0,0,0,1,1.28571428571429,0,0
2015,20,"1858*A",1652,-1335,"Eriogonum umbellatum",1,NA,NA,1,0,0,1,1,0,0,3.0530303030303,0,0
2016,20,"1858*A",1652,-1335,"Eriogonum umbellatum",1,1,0,1,0,0,0,1,0,0,1.30188679245283,100.000000000024,0
2017,20,"1858*A",1652,-1335,"Eriogonum umbellatum",2,1,1,1.5,0,0,0,1,0,0,1.28571428571429,60.1815915900549,0
2018,20,"1858*A",1652,-1335,"Eriogonum umbellatum",0,2,-2,0,0,0,0,0,0,1,1.12213740458015,0,0
2016,20,"1859*A",1666,-1334,"Lupinus argenteus",2,NA,NA,2,0,0,1,1,0,0,1.30188679245283,0,0
2017,20,"1859*A",1666,-1334,"Lupinus argenteus",0,2,-2,0,0,0,0,0,0,1,1.28571428571429,0,0
2014,15,"186*A",1780,-830,"Lupinus argenteus",14,NA,NA,7,0,0,NA,1,0,0,2.52336448598131,5.99203624628613,87.7104927765045
2015,15,"186*A",1780,-830,"Lupinus argenteus",16,14,2,6.5,2,0,0,1,0,0,3.0530303030303,8.70139706401025,2.44140624999998
2016,15,"186*A",1780,-830,"Lupinus argenteus",0,16,-16,0,0,0,0,0,0,1,1.30188679245283,0,0
2016,20,"1860*A",1666,-1330,"Lupinus argenteus",4,NA,NA,2,0,0,1,1,0,0,1.30188679245283,0,0
2017,20,"1860*A",1666,-1330,"Lupinus argenteus",0,4,-4,0,0,0,0,0,0,1,1.28571428571429,0,0
2016,20,"1861*A",1669,-1369,"Eriogonum umbellatum",1,NA,NA,0.5,0,0,1,1,0,0,1.30188679245283,300.000000000072,0
2017,20,"1861*A",1669,-1369,"Eriogonum umbellatum",1.5,1,0.5,0.5,0,0,0,1,0,0,1.28571428571429,300.000000000003,0
2018,20,"1861*A",1669,-1369,"Eriogonum umbellatum",0,1.5,-1.5,0,0,0,0,0,0,1,1.12213740458015,0,0
2015,20,"1862*A",1656,-1383,"Phacelia hastata",1.5,NA,NA,2,0,0,1,1,0,0,3.0530303030303,80.2954231971867,0
2016,20,"1862*A",1656,-1383,"Phacelia hastata",1.5,1.5,0,2,0,0,0,1,0,0,1.30188679245283,99.9999999999879,0
2017,20,"1862*A",1656,-1383,"Phacelia hastata",5,1.5,3.5,2,0,0,0,1,0,0,1.28571428571429,32.7926565490825,0
2018,20,"1862*A",1656,-1383,"Phacelia hastata",1.5,5,-3.5,1,0,0,0,1,0,0,1.12213740458015,0,0
2019,20,"1862*A",1656,-1383,"Phacelia hastata",0,1.5,-1.5,0,0,0,0,0,0,1,0.5,0,0
2016,20,"1863*A",1664,-1367,"Lupinus argenteus",4,NA,NA,3,0,0,1,1,0,0,1.30188679245283,99.9999999999982,0
2017,20,"1863*A",1664,-1367,"Lupinus argenteus",0,4,-4,0,0,0,0,0,0,1,1.28571428571429,0,0
2016,20,"1864*A",1664,-1363,"Lupinus argenteus",3,NA,NA,3,0,0,1,1,0,0,1.30188679245283,97.6496685130392,0
2017,20,"1864*A",1664,-1363,"Lupinus argenteus",0,3,-3,0,0,0,0,0,0,1,1.28571428571429,0,0
2016,20,"1865*A",1664,-1357,"Arenaria congesta",1,NA,NA,1,0,0,1,1,0,0,1.30188679245283,100.000000000024,0
2017,20,"1865*A",1664,-1357,"Arenaria congesta",1.5,1,0.5,1.5,0,0,0,1,0,0,1.28571428571429,99.9999999999879,0
2018,20,"1865*A",1664,-1357,"Arenaria congesta",1,1.5,-0.5,1,0,0,0,1,0,0,1.12213740458015,0,0
2019,20,"1865*A",1664,-1357,"Arenaria congesta",1.5,1,0.5,2.5,0,0,0,1,0,0,0.5,0,0
2016,20,"1866*A",1649.75969004,-1372.59379344,"Arenaria congesta",1,NA,NA,1,0,0,1,1,0,0,1.30188679245283,199.999999999964,0
2016,20,"1866*B",1648.73112154,-1372.07632395,"Arenaria congesta",1,NA,NA,1,0,0,1,1,0,0,1.30188679245283,218.067051228677,0
2016,20,"1866*C",1646.43136163,-1376.69537755,"Arenaria congesta",1,NA,NA,1,0,0,1,1,0,0,1.30188679245283,3.80124341677087,0
2016,20,"1866*D",1652.77278931,-1366.2049078,"Arenaria congesta",1,NA,NA,1,0,0,1,1,0,0,1.30188679245283,0,0
2016,20,"1866*E",1644.64480465,-1368.30629115,"Arenaria congesta",1,NA,NA,1,0,0,1,1,0,0,1.30188679245283,0,16.2803488488533
2016,20,"1866*F",1644.78877451,-1367.59424262,"Arenaria congesta",1,NA,NA,1,0,0,1,1,0,0,1.30188679245283,0,16.280348848877
2016,20,"1866-old*G",1650.61873164,-1367.08931379,"Arenaria congesta",1,NA,NA,1,0,0,1,0,1,0,1.30188679245283,100.00000000002,0
2017,20,"1866*A",1649.87656543,-1372.83899243,"Arenaria congesta",2,1,1,2,0,0,0,1,0,0,1.28571428571429,165.87057904432,21.9681414328346
2017,20,"1866*B",1648.68975563,-1372.24191225,"Arenaria congesta",2,1,1,2,0,0,0,1,0,0,1.28571428571429,136.424047215708,21.9681414328283
2017,20,"1866*C",1646.03618649,-1377.57158948,"Arenaria congesta",2,1,1,2,0,0,0,1,0,0,1.28571428571429,0,0
2017,20,"1866*D",1653.35321844,-1365.46720131,"Arenaria congesta",2,1,1,2,0,0,0,1,0,0,1.28571428571429,35.2841083826743,0
2017,20,"1866*E",1643.97477459,-1367.8918744,"Arenaria congesta",2,1,1,2,0,0,0,1,0,0,1.28571428571429,0,49.2150944468022
2017,20,"1866*F",1644.14089366,-1367.07027995,"Arenaria congesta",2,1,1,2,0,0,0,1,0,0,1.28571428571429,0,50.1743853993404
2018,20,"1866*A",1649.81812774,-1372.71639293,"Arenaria congesta",1,2,-1,1,1,0,0,1,0,0,1.12213740458015,0,0
2018,20,"1866*B",1648.71043859,-1372.1591181,"Arenaria congesta",1,2,-1,1,0,0,0,1,0,0,1.12213740458015,0,0
2018,20,"1866*C",1646.23377406,-1377.13348351,"Arenaria congesta",1,2,-1,1,0,0,0,1,0,0,1.12213740458015,0,0
2018,20,"1866*D",1653.06300387,-1365.83605456,"Arenaria congesta",1,2,-1,1,0,0,0,1,0,0,1.12213740458015,0,0
2018,20,"1866*E",1644.30978962,-1368.09908277,"Arenaria congesta",1,2,-1,1,0,0,0,1,0,0,1.12213740458015,0,11.6174121803952
2018,20,"1866*F",1644.46483408,-1367.33226128,"Arenaria congesta",1,2,-1,1,0,0,0,1,0,0,1.12213740458015,0,11.6174121803896
2019,20,"1866*A",1650.46094239,-1374.06498738,"Arenaria congesta",3.5,1,2.5,6,1,0,0,1,0,0,0.5,0,25.03544275252
2019,20,"1866*B",1648.48292605,-1373.06985376,"Arenaria congesta",3.5,1,2.5,6,1,0,0,1,0,0,0.5,0,25.0354427525219
2019,20,"1866*C",1644.06031082,-1381.95264913,"Arenaria congesta",3.5,1,2.5,6,1,0,0,1,0,0,0.5,11.5049115485814,0
2019,20,"1866*D",1656.25536406,-1361.77866885,"Arenaria congesta",3.5,1,2.5,6,1,0,0,1,0,0,0.5,0,0
2019,20,"1866*E",1640.62462432,-1365.81979066,"Arenaria congesta",3.5,1,2.5,6,1,0,0,1,0,0,0.5,0,131.440031836002
2019,20,"1866*F",1640.90148944,-1364.45046658,"Arenaria congesta",3.5,1,2.5,6,0,0,0,0,1,0,0.5,0,115.222327841613
2019,20,"1866*G",1652.11294546,-1363.47944959,"Arenaria congesta",3.5,NA,NA,6,0,0,1,0,1,0,0.5,0,14.3731068834388
2019,20,"1866*H",1640.58927913,-1373.96567106,"Arenaria congesta",3.5,NA,NA,6,0,0,1,0,1,0,0.5,0,0
2019,20,"1866*I",1654.59158091,-1379.43446492,"Arenaria congesta",3.5,NA,NA,6,0,0,1,0,1,0,0.5,0,0
2019,20,"1866*J",1649.50954583,-1363.77640546,"Arenaria congesta",3.5,NA,NA,6,0,0,1,0,1,0,0.5,0,14.3731068834439
2019,20,"1866*K",1652.36359259,-1359.30855057,"Arenaria congesta",3.5,NA,NA,6,0,0,1,0,1,0,0.5,0,18.6416565514732
2016,20,"1867*A",1650,-1372,"Lupinus argenteus",11,NA,NA,6,0,0,1,1,0,0,1.30188679245283,76.6983104419705,0
2017,20,"1867*A",1650,-1372,"Lupinus argenteus",2.5,11,-8.5,2,1,0,0,1,0,0,1.28571428571429,165.720039821432,0
2018,20,"1867*A",1650,-1372,"Lupinus argenteus",0,2.5,-2.5,0,0,0,0,0,0,1,1.12213740458015,0,0
2016,20,"1868*A",1649,-1365,"Chaenactis douglasii",0.5,NA,NA,1,0,1,1,1,0,0,1.30188679245283,0,0
2017,20,"1868*A",1649,-1365,"Chaenactis douglasii",0,0.5,-0.5,0,0,0,0,0,0,1,1.28571428571429,0,0
2016,20,"1869*A",1658,-1363,"Eriogonum umbellatum",1,NA,NA,1,0,1,1,1,0,0,1.30188679245283,0,0
2017,20,"1869*A",1658,-1363,"Eriogonum umbellatum",0,1,-1,0,0,0,0,0,0,1,1.28571428571429,0,0
2014,15,"187*A",1780,-840,"Lupinus argenteus",10,NA,NA,7,0,0,NA,1,0,0,2.52336448598131,0,41.3063330640458
2015,15,"187*A",1780,-840,"Lupinus argenteus",0,10,-10,0,0,0,0,0,0,1,3.0530303030303,0,0
2016,20,"1870*A",1645,-1357,"Eriogonum umbellatum",1,NA,NA,1,0,1,1,1,0,0,1.30188679245283,0,0
2017,20,"1870*A",1645,-1357,"Eriogonum umbellatum",0,1,-1,0,0,0,0,0,0,1,1.28571428571429,0,0
2016,20,"1871*A",1639,-1361,"Lupinus argenteus",2,NA,NA,2,0,0,1,1,0,0,1.30188679245283,2.91420732798517,0
2017,20,"1871*A",1639,-1361,"Lupinus argenteus",0,2,-2,0,0,0,0,0,0,1,1.28571428571429,0,0
2016,20,"1872*A",1638,-1361,"Agoseris glauca",0.5,NA,NA,2,0,1,1,1,0,0,1.30188679245283,46.627317247766,0
2017,20,"1872*A",1638,-1361,"Agoseris glauca",0,0.5,-0.5,0,0,0,0,0,0,1,1.28571428571429,0,0
2016,20,"1873*A",1640,-1358,"Ivesia gordonii",1,NA,NA,1,0,1,1,1,0,0,1.30188679245283,22.3948442622636,0
2017,20,"1873*A",1640,-1358,"Ivesia gordonii",1,1,0,1,0,0,0,1,0,0,1.28571428571429,53.6993806846746,0
2018,20,"1873*A",1640,-1358,"Ivesia gordonii",0,1,-1,0,0,0,0,0,0,1,1.12213740458015,0,0
2015,20,"1874*A",1640,-1365,"Heterotheca villosa",1,NA,NA,1,0,0,1,1,0,0,3.0530303030303,0,0
2016,20,"1874*A",1640,-1365,"Heterotheca villosa",1,1,0,1,0,0,0,1,0,0,1.30188679245283,0,0
2017,20,"1874*A",1640,-1365,"Heterotheca villosa",1,1,0,1,0,0,0,1,0,0,1.28571428571429,0,0
2018,20,"1874*A",1640,-1365,"Heterotheca villosa",0,1,-1,0,0,0,0,0,0,1,1.12213740458015,0,0
2015,20,"1875*A",1638,-1370,"Eriogonum umbellatum",1,NA,NA,1,0,0,1,1,0,0,3.0530303030303,46.6688893164415,0
2016,20,"1875*A",1638,-1370,"Eriogonum umbellatum",1,1,0,1,0,0,0,1,0,0,1.30188679245283,0,0
2017,20,"1875*A",1638,-1370,"Eriogonum umbellatum",0,1,-1,0,0,0,0,0,0,1,1.28571428571429,0,0
2016,20,"1876*A",1635,-1356,"Lupinus argenteus",5,NA,NA,2.5,0,0,1,1,0,0,1.30188679245283,0,0
2017,20,"1876*A",1635,-1356,"Lupinus argenteus",0,5,-5,0,0,0,0,0,0,1,1.28571428571429,0,0
2016,20,"1877*A",1632,-1365,"Eriogonum umbellatum",1,NA,NA,0.5,0,1,1,1,0,0,1.30188679245283,0,0
2017,20,"1877*A",1632,-1365,"Eriogonum umbellatum",1.5,1,0.5,1,0,0,0,1,0,0,1.28571428571429,199.999999999976,0
2018,20,"1877*A",1632,-1365,"Eriogonum umbellatum",3,1.5,1.5,1,0,0,0,1,0,0,1.12213740458015,99.999999999996,0
2019,20,"1877*A",1632,-1365,"Eriogonum umbellatum",0,3,-3,0,0,0,0,0,0,1,0.5,0,0
2016,20,"1878*A",1635,-1373,"Penstemon whippleanus",1.5,NA,NA,1.5,0,1,1,1,0,0,1.30188679245283,64.2272552962323,0
2017,20,"1878*A",1635,-1373,"Penstemon whippleanus",0,1.5,-1.5,0,0,0,0,0,0,1,1.28571428571429,0,0
2014,20,"1879*A",1605.5,-1389,"Penstemon whippleanus",8,NA,NA,4,0,0,NA,1,0,0,2.52336448598131,120.355010696264,0
2015,20,"1879*A",1605.5,-1389,"Penstemon whippleanus",8,8,0,4,0,0,0,1,0,0,3.0530303030303,168.846670614511,0
2016,20,"1879*A",1605.5,-1389,"Penstemon whippleanus",8,8,0,4,0,0,0,1,0,0,1.30188679245283,100.23790338925,0
2017,20,"1879*A",1605.5,-1389,"Penstemon whippleanus",21,8,13,22,4,0,0,1,0,0,1.28571428571429,94.2953679931987,0
2018,20,"1879*A",1605.5,-1389,"Penstemon whippleanus",10.5,21,-10.5,4,0,0,0,1,0,0,1.12213740458015,38.9083234185626,0
2019,20,"1879*A",1605.5,-1389,"Penstemon whippleanus",10.5,10.5,0,14,0,0,0,1,0,0,0.5,108.226749611652,0
2014,15,"188*A",1790,-835,"Lupinus argenteus",20,NA,NA,10,1,0,NA,1,0,0,2.52336448598131,0,32.4388945960538
2015,15,"188*A",1790,-835,"Lupinus argenteus",0,20,-20,0,0,0,0,0,0,1,3.0530303030303,0,0
2016,20,"1880*A",1615,-1393,"Heterotheca villosa",1,NA,NA,1.5,0,1,1,1,0,0,1.30188679245283,0,0
2017,20,"1880*A",1615,-1393,"Heterotheca villosa",3,1,2,2,0,0,0,1,0,0,1.28571428571429,55.4432109027965,0
2018,20,"1880*A",1615,-1393,"Heterotheca villosa",0,3,-3,0,0,0,0,0,0,1,1.12213740458015,0,0
2016,20,"1881*A",1607,-1385,"Heterotheca villosa",1,NA,NA,1.5,0,1,1,1,0,0,1.30188679245283,111.266222037621,0
2017,20,"1881*A",1607,-1385,"Heterotheca villosa",0,1,-1,0,0,0,0,0,0,1,1.28571428571429,0,0
2016,20,"1882*A",1635,-1374,"Ivesia gordonii",2.5,NA,NA,2.5,0,1,1,1,0,0,1.30188679245283,23.1218119066525,0
2017,20,"1882*A",1635,-1374,"Ivesia gordonii",5,2.5,2.5,3,0,0,0,1,0,0,1.28571428571429,0,0
2018,20,"1882*A",1635,-1374,"Ivesia gordonii",2,5,-3,3,0,0,0,1,0,0,1.12213740458015,0,0
2019,20,"1882*A",1635,-1374,"Ivesia gordonii",0,2,-2,0,0,0,0,0,0,1,0.5,0,0
2016,20,"1883*A",1622,-1379,"Senecio crassulus",1,NA,NA,3,0,1,1,1,0,0,1.30188679245283,0,0
2017,20,"1883*A",1622,-1379,"Senecio crassulus",0,1,-1,0,0,0,0,0,0,1,1.28571428571429,0,0
2016,20,"1884*A",1616,-1372,"Senecio crassulus",2,NA,NA,1,0,1,1,1,0,0,1.30188679245283,135.705799939206,0
2017,20,"1884*A",1616,-1372,"Senecio crassulus",0,2,-2,0,0,0,0,0,0,1,1.28571428571429,0,0
2015,20,"1885*A",1613,-1376,"Agoseris glauca",3,NA,NA,7,1,0,1,1,0,0,3.0530303030303,222.620393902641,0
2016,20,"1885*A",1613,-1376,"Agoseris glauca",3,3,0,7,1,0,0,1,0,0,1.30188679245283,8.14218935155738,0
2017,20,"1885*A",1613,-1376,"Agoseris glauca",4.5,3,1.5,6,0,0,0,1,0,0,1.28571428571429,38.0496117480971,0
2018,20,"1885*A",1613,-1376,"Agoseris glauca",0,4.5,-4.5,0,0,0,0,0,0,1,1.12213740458015,0,0
2016,20,"1886*A",1605,-1373,"Heterotheca villosa",2,NA,NA,2,0,1,1,1,0,0,1.30188679245283,52.4796596646013,0
2017,20,"1886*A",1605,-1373,"Heterotheca villosa",0.5,2,-1.5,0.3,0,0,0,1,0,0,1.28571428571429,0,0
2018,20,"1886*A",1605,-1373,"Heterotheca villosa",0,0.5,-0.5,0,0,0,0,0,0,1,1.12213740458015,0,0
2016,20,"1887*A",1601,-1373,"Senecio crassulus",1,NA,NA,2,0,1,1,1,0,0,1.30188679245283,0,0
2017,20,"1887*A",1601,-1373,"Senecio crassulus",0,1,-1,0,0,0,0,0,0,1,1.28571428571429,0,0
2016,20,"1888*A",1616,-1371,"Lupinus argenteus",5,NA,NA,4,0,0,1,1,0,0,1.30188679245283,58.0633850502615,0
2017,20,"1888*A",1616,-1371,"Lupinus argenteus",0,5,-5,0,0,0,0,0,0,1,1.28571428571429,0,0
2016,20,"1889*A",1627.92188477,-1382.12997475,"Eriogonum umbellatum",1,NA,NA,1,0,1,1,1,0,0,1.30188679245283,0,0
2016,20,"1889*B",1623.96585209,-1380.13970752,"Eriogonum umbellatum",1,NA,NA,1,0,1,1,1,0,0,1.30188679245283,0,0
2016,20,"1889*C",1615.12062164,-1397.905298266,"Eriogonum umbellatum",1,NA,NA,1,0,1,1,1,0,0,1.30188679245283,0,0
2016,20,"1889*D",1639.51072812,-1357.5573377,"Eriogonum umbellatum",1,NA,NA,1,0,1,1,1,0,0,1.30188679245283,22.3948442622499,0
2016,20,"1889*E",1608.24924864,-1365.63958133,"Eriogonum umbellatum",1,NA,NA,1,0,1,1,1,0,0,1.30188679245283,83.1278966780051,0
2016,20,"1889*F",1608.802978874,-1362.90093316,"Eriogonum umbellatum",1,NA,NA,1,0,1,1,1,0,0,1.30188679245283,112.111428694721,0
2016,20,"1889*G",1631.22589093,-1360.95889918,"Eriogonum umbellatum",1,NA,NA,1,0,1,1,1,0,0,1.30188679245283,44.8228471110172,0
2016,20,"1889*H",1608.178558258,-1381.93134212,"Eriogonum umbellatum",1,NA,NA,1,0,1,1,1,0,0,1.30188679245283,0,0
2016,20,"1889*I",1636.18316182,-1392.86892985,"Eriogonum umbellatum",1,NA,NA,1,0,1,1,1,0,0,1.30188679245283,0,100.000000000062
2016,20,"1889*J",1626.01909165,-1361.55281091,"Eriogonum umbellatum",1,NA,NA,1,0,1,1,1,0,0,1.30188679245283,0,0
2016,20,"1889*K",1631.72718518,-1352.61710114,"Eriogonum umbellatum",1,NA,NA,1,0,1,1,1,0,0,1.30188679245283,0,0
2016,20,"1889*L",1618.83869098,-1366.80704119,"Eriogonum umbellatum",1,NA,NA,1,0,1,1,1,0,0,1.30188679245283,100.000000000064,0
2016,20,"1889*M",1642.552759,-1392.735679713,"Eriogonum umbellatum",1,NA,NA,1,0,1,1,0,1,0,1.30188679245283,0,100.000000000045
2016,20,"1889*N",1648.39794243,-1372.65915064,"Eriogonum umbellatum",1,NA,NA,1,0,1,1,0,1,0,1.30188679245283,200.310662999765,0
2016,20,"1889*O",1623.65653318,-1355.72704492,"Eriogonum umbellatum",1,NA,NA,1,0,1,1,0,1,0,1.30188679245283,0,17.6477249324009
2016,20,"1889*P",1637.74724746,-1374.56522221,"Eriogonum umbellatum",1,NA,NA,1,0,1,1,0,1,0,1.30188679245283,0,0
2016,20,"1889*Q",1601.915701801,-1380.82530128,"Eriogonum umbellatum",1,NA,NA,1,0,1,1,0,1,0,1.30188679245283,0,0
2016,20,"1889*R",1632.96840515,-1394.739646957,"Eriogonum umbellatum",1,NA,NA,1,0,1,1,0,1,0,1.30188679245283,0,100.000000000055
2016,20,"1889*S",1609.255248021,-1371.04261489,"Eriogonum umbellatum",1,NA,NA,1,0,1,1,0,1,0,1.30188679245283,0,0
2017,20,"1889*A",1627.92188477,-1382.12997475,"Eriogonum umbellatum",1.5,1,0.5,1,0,0,0,1,0,0,1.28571428571429,0,0
2017,20,"1889*B",1623.96585209,-1380.13970752,"Eriogonum umbellatum",1.5,1,0.5,1,0,0,0,1,0,0,1.28571428571429,0,0
2017,20,"1889*C",1615.12062164,-1397.905298266,"Eriogonum umbellatum",1.5,1,0.5,1,0,0,0,1,0,0,1.28571428571429,0,0
2017,20,"1889*D",1639.51072812,-1357.5573377,"Eriogonum umbellatum",1.5,1,0.5,1,0,0,0,0,1,0,1.28571428571429,23.8663914154032,0
2017,20,"1889*E",1608.24924864,-1365.63958133,"Eriogonum umbellatum",1.5,1,0.5,1,0,0,0,0,1,0,1.28571428571429,17.3834180527405,0
2017,20,"1889*F",1608.802978874,-1362.90093316,"Eriogonum umbellatum",1.5,1,0.5,1,0,0,0,0,1,0,1.28571428571429,131.108630718865,0
2017,20,"1889*G",1631.22589093,-1360.95889918,"Eriogonum umbellatum",1.5,1,0.5,1,0,0,0,0,1,0,1.28571428571429,139.322791572149,0
2017,20,"1889*H",1608.178558258,-1381.93134212,"Eriogonum umbellatum",1.5,1,0.5,1,0,0,0,0,1,0,1.28571428571429,176.725188439623,0
2017,20,"1889*I",1636.18316182,-1392.86892985,"Eriogonum umbellatum",1.5,1,0.5,1,0,0,0,0,1,0,1.28571428571429,0,99.999999999979
2017,20,"1889*J",1626.01909165,-1361.55281091,"Eriogonum umbellatum",1.5,1,0.5,1,0,0,0,0,1,0,1.28571428571429,100.000000000005,0
2017,20,"1889*K",1631.72718518,-1352.61710114,"Eriogonum umbellatum",1.5,1,0.5,1,0,0,0,0,1,0,1.28571428571429,0,0
2017,20,"1889*L",1618.83869098,-1366.80704119,"Eriogonum umbellatum",1.5,1,0.5,1,0,0,0,0,1,0,1.28571428571429,230.103182838091,0
2018,20,"1889*A",1626.2856293,-1378.69718889,"Eriogonum umbellatum",1,1.5,-0.5,1,0,0,0,1,0,0,1.12213740458015,0,0
2018,20,"1889*B",1624.54497492,-1377.82147131,"Eriogonum umbellatum",1,1.5,-0.5,1,0,0,0,0,1,0,1.12213740458015,0,0
2018,20,"1889*C",1620.65307352,-1385.63833124,"Eriogonum umbellatum",1,1.5,-0.5,1,0,0,0,0,1,0,1.12213740458015,0,0
2019,20,"1889*A",1625,-1376,"Eriogonum umbellatum",0,1,-1,0,0,0,0,0,0,1,0.5,0,0
2014,15,"189*A",1785,-830,"Lupinus argenteus",6,NA,NA,8,0,0,NA,1,0,0,2.52336448598131,0,186.021727460382
2015,15,"189*A",1785,-830,"Lupinus argenteus",2.5,6,-3.5,1,0,0,0,1,0,0,3.0530303030303,0,100.000000000001
2016,15,"189*A",1785,-830,"Lupinus argenteus",7,2.5,4.5,4.8,0,0,0,1,0,0,1.30188679245283,0,0
2017,15,"189*A",1785,-830,"Lupinus argenteus",0,7,-7,0,0,0,0,0,0,1,1.28571428571429,0,0
2016,21,"1890*A",11,-1676,"Eriogonum umbellatum",1,NA,NA,0.5,0,1,1,1,0,0,1.30188679245283,0,99.9999999999999
2017,21,"1890*A",11,-1676,"Eriogonum umbellatum",0,1,-1,0,0,0,0,0,0,1,1.28571428571429,0,0
2016,21,"1891*A",121,-1623,"Phacelia hastata",0.5,NA,NA,0.3,0,1,1,1,0,0,1.30188679245283,0,0
2017,21,"1891*A",121,-1623,"Phacelia hastata",0,0.5,-0.5,0,0,0,0,0,0,1,1.28571428571429,0,0
2016,21,"1892*A",131,-1613,"Phacelia hastata",0.5,NA,NA,0.3,0,1,1,1,0,0,1.30188679245283,100,0
2017,21,"1892*A",131,-1613,"Phacelia hastata",2.5,0.5,2,2,0,0,0,1,0,0,1.28571428571429,99.9999999999989,0
2018,21,"1892*A",131,-1613,"Phacelia hastata",0,2.5,-2.5,0,0,0,0,0,0,1,1.12213740458015,0,0
2016,21,"1893*A",133,-1630,"Phacelia hastata",0.5,NA,NA,0.3,0,1,1,1,0,0,1.30188679245283,0,0
2017,21,"1893*A",133,-1630,"Phacelia hastata",0,0.5,-0.5,0,0,0,0,0,0,1,1.28571428571429,0,0
2015,21,"1894*A",156,-1745,"Phacelia hastata",5,NA,NA,2,0,0,1,1,0,0,3.0530303030303,0,0
2016,21,"1894*A",156,-1745,"Phacelia hastata",5,5,0,2,0,0,0,1,0,0,1.30188679245283,0,0
2017,21,"1894*A",156,-1745,"Phacelia hastata",0,5,-5,0,0,0,0,0,0,1,1.28571428571429,0,0
2015,21,"1895*A",70,-1702,"Achnatherum lettermanii",7,NA,NA,5,0,0,1,1,0,0,3.0530303030303,99.9999999999999,0
2016,21,"1895*A",70,-1702,"Achnatherum lettermanii",7,7,0,5,0,0,0,1,0,0,1.30188679245283,99.9999999999999,0
2017,21,"1895*A",70,-1702,"Achnatherum lettermanii",10,7,3,7,8,0,0,1,0,0,1.28571428571429,99.9999999999999,0
2018,21,"1895*A",70,-1702,"Achnatherum lettermanii",4.5,10,-5.5,3,0,0,0,1,0,0,1.12213740458015,100,0
2019,21,"1895*A",70,-1702,"Achnatherum lettermanii",0,4.5,-4.5,0,0,0,0,0,0,1,0.5,0,0
2015,21,"1896*A",80,-1695,"Ivesia gordonii",3,NA,NA,3,0,0,1,1,0,0,3.0530303030303,99.9999999999991,0
2016,21,"1896*A",80,-1695,"Ivesia gordonii",3,3,0,3,0,0,0,1,0,0,1.30188679245283,99.9999999999991,0
2017,21,"1896*A",80,-1695,"Ivesia gordonii",5.5,3,2.5,4,0,0,0,1,0,0,1.28571428571429,99.9999999999998,0
2018,21,"1896*A",80,-1695,"Ivesia gordonii",0,5.5,-5.5,0,0,0,0,0,0,1,1.12213740458015,0,0
2016,22,"1897*A",403,-1763,"Penstemon whippleanus",2,NA,NA,2,0,1,1,1,0,0,1.30188679245283,100.000000000003,0
2017,22,"1897*A",403,-1763,"Penstemon whippleanus",8.5,2,6.5,5,0,0,0,1,0,0,1.28571428571429,100.000000000001,0
2018,22,"1897*A",403,-1763,"Penstemon whippleanus",10,8.5,1.5,15.5,2,0,0,1,0,0,1.12213740458015,100,0
2019,22,"1897*A",403,-1763,"Penstemon whippleanus",13.5,10,3.5,16,2,0,0,1,0,0,0.5,100,0
2016,22,"1898*A",544,-1778,"Arenaria congesta",1,NA,NA,1.5,0,1,1,1,0,0,1.30188679245283,100.000000000004,0
2017,22,"1898*A",544,-1778,"Arenaria congesta",5,1,4,3,0,0,0,1,0,0,1.28571428571429,100.000000000001,0
2018,22,"1898*A",544,-1778,"Arenaria congesta",2.5,5,-2.5,3,0,0,0,1,0,0,1.12213740458015,99.9999999999964,0
2019,22,"1898*A",544,-1778,"Arenaria congesta",5,2.5,2.5,7.5,1,0,0,1,0,0,0.5,100.000000000001,0
2016,22,"1899*A",544,-1769,"Agoseris glauca",0.5,NA,NA,0.5,0,1,1,1,0,0,1.30188679245283,99.9999999999873,0
2017,22,"1899*A",544,-1769,"Agoseris glauca",1.5,0.5,1,3,0,0,0,1,0,0,1.28571428571429,161.247403262836,0
2018,22,"1899*A",544,-1769,"Agoseris glauca",0,1.5,-1.5,0,0,0,0,0,0,1,1.12213740458015,0,0
2014,3,"19*A",866,-96,"Ivesia gordonii",1,NA,NA,1,0,1,1,1,0,0,2.52336448598131,0,0
2015,3,"19*A",866,-96,"Ivesia gordonii",1.1,1,0.1,0.9,0,0,0,1,0,0,3.0530303030303,0,0
2016,3,"19*A",866,-96,"Ivesia gordonii",1.5,1.1,0.4,1.6,0,0,0,1,0,0,1.30188679245283,0,0
2017,3,"19*A",866,-96,"Ivesia gordonii",2.5,1.5,1,2.4,0,0,0,1,0,0,1.28571428571429,0,0
2018,3,"19*A",866,-96,"Ivesia gordonii",3.5,2.5,1,2.5,0,0,0,1,0,0,1.12213740458015,0,0
2019,3,"19*A",866,-96,"Ivesia gordonii",7,3.5,3.5,3.5,0,0,0,1,0,0,0.5,0,0
2014,15,"190*A",1777,-823,"Ivesia gordonii",6,NA,NA,4,2,0,NA,1,0,0,2.52336448598131,132.623308451994,0
2015,15,"190*A",1777,-823,"Ivesia gordonii",6.5,6,0.5,4,1,0,0,1,0,0,3.0530303030303,52.7232579499773,0
2016,15,"190*A",1777,-823,"Ivesia gordonii",9,6.5,2.5,5.5,3,0,0,1,0,0,1.30188679245283,69.3242976246847,0
2017,15,"190*A",1777,-823,"Ivesia gordonii",9,9,0,6,5,0,0,1,0,0,1.28571428571429,0,0
2018,15,"190*A",1777,-823,"Ivesia gordonii",7,9,-2,4,0,0,0,1,0,0,1.12213740458015,0,0
2019,15,"190*A",1777,-823,"Ivesia gordonii",15,7,8,5.5,7,0,0,1,0,0,0.5,0,0
2016,22,"1900*A",546,-1767,"Phacelia hastata",4,NA,NA,3,0,1,1,1,0,0,1.30188679245283,100,0
2017,22,"1900*A",546,-1767,"Phacelia hastata",6,4,2,3,1,0,0,1,0,0,1.28571428571429,103.827962703931,0
2018,22,"1900*A",546,-1767,"Phacelia hastata",0,6,-6,0,0,0,0,0,0,1,1.12213740458015,0,0
2016,22,"1901*A",505,-1773,"Eriogonum umbellatum",0.5,NA,NA,0.5,0,1,1,1,0,0,1.30188679245283,0,99.99999999999
2017,22,"1901*A",505,-1773,"Eriogonum umbellatum",0,0.5,-0.5,0,0,0,0,0,0,1,1.28571428571429,0,0
2016,23,"1902*A",975,-1710,"Lupinus argenteus",1.5,NA,NA,1.5,0,0,1,1,0,0,1.30188679245283,0,0
2017,23,"1902*A",975,-1710,"Lupinus argenteus",0,1.5,-1.5,0,0,0,0,0,0,1,1.28571428571429,0,0
2016,23,"1903*A",985,-1703,"Lupinus argenteus",4.5,NA,NA,4,0,0,1,1,0,0,1.30188679245283,0,0
2017,23,"1903*A",985,-1703,"Lupinus argenteus",9,4.5,4.5,5,0,0,0,1,0,0,1.28571428571429,0,0
2018,23,"1903*A",985,-1703,"Lupinus argenteus",4,9,-5,3.5,0,0,0,1,0,0,1.12213740458015,0,0
2019,23,"1903*A",985,-1703,"Lupinus argenteus",7,4,3,4,0,0,0,1,0,0,0.5,0,0
2016,24,"1904*A",1272,-1623,"Elymus lanceolatus",3,NA,NA,7,0,1,1,1,0,0,1.30188679245283,205.794438521476,0
2017,24,"1904*A",1272,-1623,"Elymus lanceolatus",8,3,5,9,0,0,0,1,0,0,1.28571428571429,245.658477966287,0
2018,24,"1904*A",1272,-1623,"Elymus lanceolatus",5,8,-3,6.5,0,0,0,1,0,0,1.12213740458015,99.9999999999948,0
2019,24,"1904*A",1272,-1623,"Elymus lanceolatus",4.5,5,-0.5,10,0,0,0,1,0,0,0.5,120.840594361847,0
2015,24,"1905*A",1388,-1715,"Agoseris glauca",2,NA,NA,3.5,0,0,1,1,0,0,3.0530303030303,99.9999999999927,0
2016,24,"1905*A",1388,-1715,"Agoseris glauca",2,2,0,3.5,0,0,0,1,0,0,1.30188679245283,99.9999999999927,0
2017,24,"1905*A",1388,-1715,"Agoseris glauca",3,2,1,6,0,0,0,1,0,0,1.28571428571429,200.000000000018,0
2018,24,"1905*A",1388,-1715,"Agoseris glauca",2,3,-1,2,0,0,0,1,0,0,1.12213740458015,199.999999999985,0
2019,24,"1905*A",1388,-1715,"Agoseris glauca",1.9,2,-0.1,3.5,0,0,0,1,0,0,0.5,131.260812928524,0
2016,24,"1906*A",1384,-1697,"Chaenactis douglasii",0.5,NA,NA,0.5,0,1,1,1,0,0,1.30188679245283,99.9999999999945,0
2017,24,"1906*A",1384,-1697,"Chaenactis douglasii",0.5,0.5,0,1,0,0,0,1,0,0,1.28571428571429,99.9999999999945,0
2018,24,"1906*A",1384,-1697,"Chaenactis douglasii",0,0.5,-0.5,0,0,0,0,0,0,1,1.12213740458015,0,0
2015,24,"1907*A",1358,-1752,"Senecio crassulus",4,NA,NA,6,0,0,1,1,0,0,3.0530303030303,107.278023673719,103.528374276439
2016,24,"1907*A",1358,-1752,"Senecio crassulus",4,4,0,6,0,0,0,1,0,0,1.30188679245283,0,98.352901818656
2017,24,"1907*A",1358,-1752,"Senecio crassulus",11,4,7,9,0,0,0,1,0,0,1.28571428571429,93.9305549222076,119.700531065789
2018,24,"1907*A",1358,-1752,"Senecio crassulus",0,11,-11,0,0,0,0,0,0,1,1.12213740458015,0,0
2015,24,"1908*A",1356,-1749,"Senecio crassulus",4,NA,NA,4,0,0,1,1,0,0,3.0530303030303,99.9999999999909,103.528374276439
2016,24,"1908*A",1356,-1749,"Senecio crassulus",4,4,0,4,0,0,0,1,0,0,1.30188679245283,80.9898309672029,60.3028152410255
2017,24,"1908*A",1356,-1749,"Senecio crassulus",9,4,5,7,0,0,0,1,0,0,1.28571428571429,118.482855214531,134.37151088048
2018,24,"1908*A",1356,-1749,"Senecio crassulus",0,9,-9,0,0,0,0,0,0,1,1.12213740458015,0,0
2016,24,"1909*A",1324,-1759,"Chaenactis douglasii",0.5,NA,NA,0.5,0,1,1,1,0,0,1.30188679245283,0,0
2017,24,"1909*A",1324,-1759,"Chaenactis douglasii",0,0.5,-0.5,0,0,0,0,0,0,1,1.28571428571429,0,0
2014,15,"191*A",1800,-885,"Lupinus argenteus",14,NA,NA,8,0,0,NA,1,0,0,2.52336448598131,0,0
2015,15,"191*A",1800,-885,"Lupinus argenteus",8.5,14,-5.5,4,0,0,0,1,0,0,3.0530303030303,0,0
2016,15,"191*A",1800,-885,"Lupinus argenteus",0,8.5,-8.5,0,0,0,0,0,0,1,1.30188679245283,0,0
2016,24,"1910*A",1331,-1787,"Chaenactis douglasii",0.5,NA,NA,0.5,0,1,1,1,0,0,1.30188679245283,199.999999999989,0
2017,24,"1910*A",1331,-1787,"Chaenactis douglasii",0,0.5,-0.5,0,0,0,0,0,0,1,1.28571428571429,0,0
2016,25,"1911*A",1703,-1790,"Lupinus argenteus",6,NA,NA,4.5,0,0,1,1,0,0,1.30188679245283,0,59.0668077432459
2017,25,"1911*A",1703,-1790,"Lupinus argenteus",0,6,-6,0,0,0,0,0,0,1,1.28571428571429,0,0
2016,25,"1912*A",1706,-1793,"Lupinus argenteus",10,NA,NA,7,0,0,1,1,0,0,1.30188679245283,0,21.2640507875654
2017,25,"1912*A",1706,-1793,"Lupinus argenteus",0,10,-10,0,0,0,0,0,0,1,1.28571428571429,0,0
2016,25,"1913*A",1737,-1777,"Lupinus argenteus",12,NA,NA,8,0,0,1,1,0,0,1.30188679245283,0,12.4247944272187
2017,25,"1913*A",1737,-1777,"Lupinus argenteus",0,12,-12,0,0,0,0,0,0,1,1.28571428571429,0,0
2016,25,"1914*A",1738,-1771,"Lupinus argenteus",6.5,NA,NA,5,0,0,1,1,0,0,1.30188679245283,0,58.27104543947
2017,25,"1914*A",1738,-1771,"Lupinus argenteus",0,6.5,-6.5,0,0,0,0,0,0,1,1.28571428571429,0,0
2016,25,"1915*A",1740,-1767,"Lupinus argenteus",6,NA,NA,4,0,0,1,1,0,0,1.30188679245283,0,21.2574295248655
2017,25,"1915*A",1740,-1767,"Lupinus argenteus",0,6,-6,0,0,0,0,0,0,1,1.28571428571429,0,0
2016,25,"1916*A",1741,-1758,"Lupinus argenteus",13,NA,NA,8,0,0,1,1,0,0,1.30188679245283,0,34.8586184770155
2017,25,"1916*A",1741,-1758,"Lupinus argenteus",0,13,-13,0,0,0,0,0,0,1,1.28571428571429,0,0
2016,25,"1917*A",1733,-1758,"Lupinus argenteus",9,NA,NA,6,0,0,1,1,0,0,1.30188679245283,0,66.1801703952754
2017,25,"1917*A",1733,-1758,"Lupinus argenteus",0,9,-9,0,0,0,0,0,0,1,1.28571428571429,0,0
2016,25,"1918*A",1736,-1755,"Lupinus argenteus",8,NA,NA,5,0,0,1,1,0,0,1.30188679245283,0,135.187067071455
2017,25,"1918*A",1736,-1755,"Lupinus argenteus",0,8,-8,0,0,0,0,0,0,1,1.28571428571429,0,0
2016,25,"1919*A",1734,-1749,"Lupinus argenteus",12,NA,NA,6,0,0,1,1,0,0,1.30188679245283,0,24.4198258116814
2017,25,"1919*A",1734,-1749,"Lupinus argenteus",0,12,-12,0,0,0,0,0,0,1,1.28571428571429,0,0
2014,15,"192*A",1785,-905,"Lupinus argenteus",13,NA,NA,9,0,0,NA,1,0,0,2.52336448598131,0,0
2015,15,"192*A",1785,-905,"Lupinus argenteus",0,13,-13,0,0,0,0,0,0,1,3.0530303030303,0,0
2016,25,"1920*A",1756,-1700,"Lupinus argenteus",12,NA,NA,6,0,0,1,1,0,0,1.30188679245283,0,30.3058118623122
2017,25,"1920*A",1756,-1700,"Lupinus argenteus",0,12,-12,0,0,0,0,0,0,1,1.28571428571429,0,0
2016,25,"1921*A",1743,-1687,"Lupinus argenteus",4,NA,NA,2,0,0,1,1,0,0,1.30188679245283,0,0
2017,25,"1921*A",1743,-1687,"Lupinus argenteus",0,4,-4,0,0,0,0,0,0,1,1.28571428571429,0,0
2016,25,"1922*A",1750,-1670,"Lupinus argenteus",9,NA,NA,6,0,0,1,1,0,0,1.30188679245283,0,0
2017,25,"1922*A",1750,-1670,"Lupinus argenteus",0,9,-9,0,0,0,0,0,0,1,1.28571428571429,0,0
2016,25,"1923*A",1724,-1627,"Lupinus argenteus",11,NA,NA,7,0,0,1,1,0,0,1.30188679245283,0,0
2017,25,"1923*A",1724,-1627,"Lupinus argenteus",0,11,-11,0,0,0,0,0,0,1,1.28571428571429,0,0
2016,25,"1924*A",1770,-1661,"Lupinus argenteus",9,NA,NA,5,0,0,1,1,0,0,1.30188679245283,0,0
2017,25,"1924*A",1770,-1661,"Lupinus argenteus",0,9,-9,0,0,0,0,0,0,1,1.28571428571429,0,0
2016,25,"1925*A",1792,-1665,"Lupinus argenteus",7,NA,NA,5,0,0,1,1,0,0,1.30188679245283,0,0
2017,25,"1925*A",1792,-1665,"Lupinus argenteus",0,7,-7,0,0,0,0,0,0,1,1.28571428571429,0,0
2016,25,"1926*A",1795,-1697,"Lupinus argenteus",2,NA,NA,3,0,0,1,1,0,0,1.30188679245283,0,0
2017,25,"1926*A",1795,-1697,"Lupinus argenteus",5,2,3,2,0,0,0,1,0,0,1.28571428571429,0,0
2018,25,"1926*A",1795,-1697,"Lupinus argenteus",0,5,-5,0,0,0,0,0,0,1,1.12213740458015,0,0
2016,25,"1927*A",1770,-1696,"Lupinus argenteus",8,NA,NA,5,0,0,1,1,0,0,1.30188679245283,0,0
2017,25,"1927*A",1770,-1696,"Lupinus argenteus",0,8,-8,0,0,0,0,0,0,1,1.28571428571429,0,0
2016,25,"1928*A",1780,-1691,"Lupinus argenteus",7,NA,NA,5,0,0,1,1,0,0,1.30188679245283,0,0
2017,25,"1928*A",1780,-1691,"Lupinus argenteus",0,7,-7,0,0,0,0,0,0,1,1.28571428571429,0,0
2016,25,"1929*A",1787,-1720,"Lupinus argenteus",11,NA,NA,5,0,0,1,1,0,0,1.30188679245283,0,0
2017,25,"1929*A",1787,-1720,"Lupinus argenteus",0,11,-11,0,0,0,0,0,0,1,1.28571428571429,0,0
2014,15,"193*A",1775,-915,"Lupinus argenteus",8,NA,NA,12,1,0,NA,1,0,0,2.52336448598131,0,0
2015,15,"193*A",1775,-915,"Lupinus argenteus",6,8,-2,4.5,0,0,0,1,0,0,3.0530303030303,0,0
2016,15,"193*A",1775,-915,"Lupinus argenteus",0,6,-6,0,0,0,0,0,0,1,1.30188679245283,0,0
2016,27,"1930*A",421,-2084,"Ivesia gordonii",0.5,NA,NA,0.5,0,1,1,1,0,0,1.30188679245283,199.99999999996,0
2017,27,"1930*A",421,-2084,"Ivesia gordonii",0,0.5,-0.5,0,0,0,0,0,0,1,1.28571428571429,0,0
2016,27,"1931*A",405,-2052,"Eriogonum umbellatum",0.5,NA,NA,1,0,1,1,1,0,0,1.30188679245283,99.9999999999982,0
2017,27,"1931*A",405,-2052,"Eriogonum umbellatum",0,0.5,-0.5,0,0,0,0,0,0,1,1.28571428571429,0,0
2016,27,"1932*A",415,-2048,"Eriogonum umbellatum",0.5,NA,NA,0.5,0,1,1,1,0,0,1.30188679245283,99.9999999999945,0
2017,27,"1932*A",415,-2048,"Eriogonum umbellatum",0,0.5,-0.5,0,0,0,0,0,0,1,1.28571428571429,0,0
2016,27,"1933*A",413,-2050,"Eriogonum umbellatum",0.3,NA,NA,0.3,0,1,1,1,0,0,1.30188679245283,100.000000000018,0
2017,27,"1933*A",413,-2050,"Eriogonum umbellatum",0,0.3,-0.3,0,0,0,0,0,0,1,1.28571428571429,0,0
2016,27,"1934*A",433,-2035,"Ivesia gordonii",0.3,NA,NA,0.3,0,1,1,1,0,0,1.30188679245283,0,0
2017,27,"1934*A",433,-2035,"Ivesia gordonii",0.5,0.3,0.2,0.5,0,0,0,1,0,0,1.28571428571429,0,0
2018,27,"1934*A",433,-2035,"Ivesia gordonii",0,0.5,-0.5,0,0,0,0,0,0,1,1.12213740458015,0,0
2016,27,"1935*A",534,-2098,"Eriogonum umbellatum",0.3,NA,NA,1,0,1,1,1,0,0,1.30188679245283,0,0
2017,27,"1935*A",534,-2098,"Eriogonum umbellatum",0,0.3,-0.3,0,0,0,0,0,0,1,1.28571428571429,0,0
2015,27,"1936*A",590,-2127,"Agoseris glauca",2,NA,NA,4,0,0,1,1,0,0,3.0530303030303,100,0
2016,27,"1936*A",590,-2127,"Agoseris glauca",2,2,0,4,0,0,0,1,0,0,1.30188679245283,100,0
2017,27,"1936*A",590,-2127,"Agoseris glauca",4,2,2,9,0,0,0,1,0,0,1.28571428571429,100,0
2018,27,"1936*A",590,-2127,"Agoseris glauca",0,4,-4,0,0,0,0,0,0,1,1.12213740458015,0,0
2016,27,"1937*A",600,-2135,"Agoseris glauca",1.5,NA,NA,5,0,1,1,1,0,0,1.30188679245283,100.000000000005,0
2017,27,"1937*A",600,-2135,"Agoseris glauca",5,1.5,3.5,5,0,0,0,1,0,0,1.28571428571429,99.9999999999957,0
2018,27,"1937*A",600,-2135,"Agoseris glauca",0,5,-5,0,0,0,0,0,0,1,1.12213740458015,0,0
2016,27,"1938*A",510.4090639,-2157.85819647,"Eriogonum umbellatum",1,NA,NA,1,0,1,1,1,0,0,1.30188679245283,0,26.292638318985
2016,27,"1938*B",509.8552193,-2157.57955905,"Eriogonum umbellatum",1,NA,NA,1,0,1,1,0,1,0,1.30188679245283,0,26.2926383189721
2016,27,"1938*C",508.616887,-2160.06674176,"Eriogonum umbellatum",1,NA,NA,1,0,1,1,0,1,0,1.30188679245283,0,0
2016,27,"1938*D",512.0315019,-2154.41802728,"Eriogonum umbellatum",1,NA,NA,1,0,1,1,0,1,0,1.30188679245283,0,100
2016,27,"1938*E",507.6548948,-2155.54954139,"Eriogonum umbellatum",1,NA,NA,1,0,1,1,0,1,0,1.30188679245283,0,51.3722837287989
2016,27,"1938*F",507.732417,-2155.16613064,"Eriogonum umbellatum",1,NA,NA,1,0,1,1,0,1,0,1.30188679245283,0,51.3722837287851
2016,27,"1938*G",510.8716247,-2154.89424589,"Eriogonum umbellatum",1,NA,NA,1,0,1,1,0,1,0,1.30188679245283,0,37.5484690129214
2016,27,"1938*H",507.6449982,-2157.8303879,"Eriogonum umbellatum",1,NA,NA,1,0,1,1,0,1,0,1.30188679245283,0,0
2016,27,"1938*I",511.5656427,-2159.36165018,"Eriogonum umbellatum",1,NA,NA,1,0,1,1,0,1,0,1.30188679245283,0,0
2016,27,"1938*J",510.1426728,-2154.97739353,"Eriogonum umbellatum",1,NA,NA,1,0,1,1,0,1,0,1.30188679245283,0,15.652209650679
2017,27,"1938*A",510,-2157,"Eriogonum umbellatum",3,1,2,2,0,0,0,1,0,0,1.28571428571429,0,0
2018,27,"1938*A",510,-2157,"Eriogonum umbellatum",0,3,-3,0,0,0,0,0,0,1,1.12213740458015,0,0
2016,28,"1939*A",820.0584377,-2180.1225995,"Eriogonum umbellatum",0.5,NA,NA,0.5,0,1,1,1,0,0,1.30188679245283,0,177.50471943561
2016,28,"1939*B",819.97931704,-2180.08279415,"Eriogonum umbellatum",0.5,NA,NA,0.5,0,1,1,0,1,0,1.30188679245283,0,177.504719435735
2017,28,"1939*A",820,-2180,"Eriogonum umbellatum",0,0.5,-0.5,0,0,0,0,0,0,1,1.28571428571429,0,0
2014,15,"194*A",1780,-895,"Lupinus argenteus",7,NA,NA,5,0,0,NA,1,0,0,2.52336448598131,0,0
2015,15,"194*A",1780,-895,"Lupinus argenteus",1,7,-6,0.4,0,0,0,1,0,0,3.0530303030303,0,0
2016,15,"194*A",1780,-895,"Lupinus argenteus",0,1,-1,0,0,0,0,0,0,1,1.30188679245283,0,0
2016,28,"1940*A",840,-2183,"Eriogonum umbellatum",0.5,NA,NA,1,0,1,1,1,0,0,1.30188679245283,299.999999999978,99.9999999999927
2017,28,"1940*A",840,-2183,"Eriogonum umbellatum",0,0.5,-0.5,0,0,0,0,0,0,1,1.28571428571429,0,0
2015,28,"1941*A",832,-2173,"Agoseris glauca",4,NA,NA,8,0,0,1,1,0,0,3.0530303030303,378.914100499144,0
2016,28,"1941*A",832,-2173,"Agoseris glauca",4,4,0,8,0,0,0,1,0,0,1.30188679245283,399.999999999999,0
2017,28,"1941*A",832,-2173,"Agoseris glauca",0,4,-4,0,0,0,0,0,0,1,1.28571428571429,0,0
2016,28,"1942*A",937.1460942,-2051.3064987,"Eriogonum umbellatum",0.5,NA,NA,0.5,0,1,1,1,0,0,1.30188679245283,100.000000000016,145.380530745253
2016,28,"1942*B",936.9482926,-2051.2069854,"Eriogonum umbellatum",0.5,NA,NA,0.5,0,1,1,0,1,0,1.30188679245283,100.000000000005,145.380530745227
2017,28,"1942*A",937,-2051,"Eriogonum umbellatum",0,0.5,-0.5,0,0,0,0,0,0,1,1.28571428571429,0,0
2015,28,"1944*A",962,-2099,"Eriogonum umbellatum",6,NA,NA,2,0,0,1,1,0,0,3.0530303030303,14.0343007535702,0
2016,28,"1944*A",962,-2099,"Eriogonum umbellatum",6,6,0,2,0,0,0,1,0,0,1.30188679245283,54.670543778775,0
2017,28,"1944*A",962,-2099,"Eriogonum umbellatum",0,6,-6,0,0,0,0,0,0,1,1.28571428571429,0,0
2016,28,"1945*A",983,-2099,"Ivesia gordonii",2,NA,NA,2,0,1,1,1,0,0,1.30188679245283,0,0
2017,28,"1945*A",983,-2099,"Ivesia gordonii",0,2,-2,0,0,0,0,0,0,1,1.28571428571429,0,0
2015,28,"1946*A",986,-2158,"Heterotheca villosa",5,NA,NA,4,0,0,1,1,0,0,3.0530303030303,0,0
2016,28,"1946*A",986,-2158,"Heterotheca villosa",5,5,0,4,0,0,0,1,0,0,1.30188679245283,0,0
2017,28,"1946*A",986,-2158,"Heterotheca villosa",0,5,-5,0,0,0,0,0,0,1,1.28571428571429,0,0
2016,28,"1947*A",992,-2185,"Phacelia hastata",1.5,NA,NA,1,0,1,1,1,0,0,1.30188679245283,0,0
2017,28,"1947*A",992,-2185,"Phacelia hastata",0,1.5,-1.5,0,0,0,0,0,0,1,1.28571428571429,0,0
2016,29,"1948*A",1208,-2191,"Lupinus argenteus",4,NA,NA,3,0,1,1,1,0,0,1.30188679245283,0,0
2017,29,"1948*A",1208,-2191,"Lupinus argenteus",9,4,5,5,0,0,0,1,0,0,1.28571428571429,0,0
2018,29,"1948*A",1208,-2191,"Lupinus argenteus",0,9,-9,0,0,0,0,0,0,1,1.12213740458015,0,0
2016,29,"1949*A",1252,-2122,"Lupinus argenteus",2.5,NA,NA,3,0,1,1,1,0,0,1.30188679245283,0,0
2017,29,"1949*A",1252,-2122,"Lupinus argenteus",0,2.5,-2.5,0,0,0,0,0,0,1,1.28571428571429,0,0
2014,15,"195*A",1765,-900,"Lupinus argenteus",22,NA,NA,11,1,0,NA,1,0,0,2.52336448598131,0,0
2015,15,"195*A",1765,-900,"Lupinus argenteus",0,22,-22,0,0,0,0,0,0,1,3.0530303030303,0,0
2016,29,"1950*A",1204,-2031,"Lupinus argenteus",3,NA,NA,4,0,0,1,1,0,0,1.30188679245283,111.500423255217,100.00000000001
2017,29,"1950*A",1204,-2031,"Lupinus argenteus",0,3,-3,0,0,0,0,0,0,1,1.28571428571429,0,0
2016,29,"1951*A",1208,-2023,"Chaenactis douglasii",0.5,NA,NA,0.5,0,1,1,1,0,0,1.30188679245283,100.000000000009,0
2017,29,"1951*A",1208,-2023,"Chaenactis douglasii",0,0.5,-0.5,0,0,0,0,0,0,1,1.28571428571429,0,0
2016,29,"1952*A",1206,-2025,"Lupinus argenteus",18,NA,NA,9,0,0,1,1,0,0,1.30188679245283,35.6381782014719,3.11664803252838
2017,29,"1952*A",1206,-2025,"Lupinus argenteus",13,18,-5,3,0,0,0,1,0,0,1.28571428571429,22.2484847378436,0
2018,29,"1952*A",1206,-2025,"Lupinus argenteus",3.5,13,-9.5,3,0,0,0,1,0,0,1.12213740458015,0,0
2019,29,"1952*A",1206,-2025,"Lupinus argenteus",5,3.5,1.5,5.5,0,0,0,1,0,0,0.5,0,0
2016,29,"1953*A",1217,-2016,"Lupinus argenteus",5,NA,NA,4,0,0,1,1,0,0,1.30188679245283,0,0
2017,29,"1953*A",1217,-2016,"Lupinus argenteus",7,5,2,2,0,0,0,1,0,0,1.28571428571429,0,0
2018,29,"1953*A",1217,-2016,"Lupinus argenteus",0,7,-7,0,0,0,0,0,0,1,1.12213740458015,0,0
2016,29,"1954*A",1215,-2019,"Eriogonum umbellatum",0.3,NA,NA,0.3,0,1,1,1,0,0,1.30188679245283,0,0
2017,29,"1954*A",1215,-2019,"Eriogonum umbellatum",0,0.3,-0.3,0,0,0,0,0,0,1,1.28571428571429,0,0
2015,29,"1955*A",1250,-2015,"Eriogonum umbellatum",1.5,NA,NA,1.5,0,0,1,1,0,0,3.0530303030303,99.9999999999927,0
2016,29,"1955*A",1250,-2015,"Eriogonum umbellatum",1.5,1.5,0,1.5,0,0,0,1,0,0,1.30188679245283,0,0
2017,29,"1955*A",1250,-2015,"Eriogonum umbellatum",1.5,1.5,0,1.5,0,0,0,1,0,0,1.28571428571429,0,0
2018,29,"1955*A",1250,-2015,"Eriogonum umbellatum",0,1.5,-1.5,0,0,0,0,0,0,1,1.12213740458015,0,0
2016,29,"1956*A",1271,-2040,"Eriogonum umbellatum",1,NA,NA,1,0,1,1,1,0,0,1.30188679245283,0,0
2017,29,"1956*A",1271,-2040,"Eriogonum umbellatum",1,1,0,1,0,0,0,1,0,0,1.28571428571429,0,0
2018,29,"1956*A",1271,-2040,"Eriogonum umbellatum",0,1,-1,0,0,0,0,0,0,1,1.12213740458015,0,0
2016,29,"1957*A",1328,-2092,"Lupinus argenteus",6,NA,NA,5,0,0,1,1,0,0,1.30188679245283,0,0
2017,29,"1957*A",1328,-2092,"Lupinus argenteus",0,6,-6,0,0,0,0,0,0,1,1.28571428571429,0,0
2016,29,"1958*A",1377,-2093,"Lupinus argenteus",4,NA,NA,3,0,0,1,1,0,0,1.30188679245283,0,0
2017,29,"1958*A",1377,-2093,"Lupinus argenteus",0,4,-4,0,0,0,0,0,0,1,1.28571428571429,0,0
2016,29,"1959*A",1398,-2093,"Lupinus argenteus",8.5,NA,NA,5,0,0,1,1,0,0,1.30188679245283,0,0
2017,29,"1959*A",1398,-2093,"Lupinus argenteus",0,8.5,-8.5,0,0,0,0,0,0,1,1.28571428571429,0,0
2014,15,"196*A",1720,-905,"Ivesia gordonii",14,NA,NA,4,0,0,NA,1,0,0,2.52336448598131,0,0.871129361765121
2015,15,"196*A",1720,-905,"Ivesia gordonii",16.5,14,2.5,5.5,8,0,0,1,0,0,3.0530303030303,0,3.07870526030067
2016,15,"196*A",1720,-905,"Ivesia gordonii",19,16.5,2.5,7,0,0,0,1,0,0,1.30188679245283,15.9528122437196,9.37994051117751
2017,15,"196*A",1720,-905,"Ivesia gordonii",0,19,-19,0,0,0,0,0,0,1,1.28571428571429,0,0
2015,29,"1960*A",1383,-2137,"Eriogonum umbellatum",2,NA,NA,1.5,0,0,1,1,0,0,3.0530303030303,100.000000000004,0
2016,29,"1960*A",1383,-2137,"Eriogonum umbellatum",2,2,0,1.5,0,0,0,1,0,0,1.30188679245283,0,0
2017,29,"1960*A",1383,-2137,"Eriogonum umbellatum",3,2,1,2,0,0,0,1,0,0,1.28571428571429,0,0
2018,29,"1960*A",1383,-2137,"Eriogonum umbellatum",0,3,-3,0,0,0,0,0,0,1,1.12213740458015,0,0
2016,29,"1961*A",1371,-2142,"Chaenactis douglasii",1,NA,NA,1,0,1,1,1,0,0,1.30188679245283,0,0
2017,29,"1961*A",1371,-2142,"Chaenactis douglasii",0,1,-1,0,0,0,0,0,0,1,1.28571428571429,0,0
2016,29,"1962*A",1358,-2175,"Lupinus argenteus",5,NA,NA,3,0,0,1,1,0,0,1.30188679245283,0,0
2017,29,"1962*A",1358,-2175,"Lupinus argenteus",0,5,-5,0,0,0,0,0,0,1,1.28571428571429,0,0
2015,31,"1963*A",135,-2597,"Agoseris glauca",1.5,NA,NA,5,0,0,1,1,0,0,3.0530303030303,99.9999999999976,0
2016,31,"1963*A",135,-2597,"Agoseris glauca",1.5,1.5,0,5,0,0,0,1,0,0,1.30188679245283,99.9999999999976,0
2017,31,"1963*A",135,-2597,"Agoseris glauca",0,1.5,-1.5,0,0,0,0,0,0,1,1.28571428571429,0,0
2016,31,"1964*A",118,-2577,"Achnatherum lettermanii",2,NA,NA,13,0,0,1,1,0,0,1.30188679245283,99.9999999999998,0
2017,31,"1964*A",118,-2577,"Achnatherum lettermanii",9,2,7,12,0,0,0,1,0,0,1.28571428571429,159.096813159671,4.70981484147462
2018,31,"1964*A",118,-2577,"Achnatherum lettermanii",8,9,-1,13,0,0,0,1,0,0,1.12213740458015,193.671513964862,0
2019,31,"1964*A",118,-2577,"Achnatherum lettermanii",6.5,8,-1.5,9.5,0,0,0,1,0,0,0.5,206.464708124984,0
2016,32,"1965*A",568.2337508,-2525.49039798,"Ivesia gordonii",0.5,NA,NA,0.5,0,1,1,1,0,0,1.30188679245283,0,17.8672635054255
2016,32,"1965*B",567.9172682,-2525.3311766,"Ivesia gordonii",0.5,NA,NA,0.5,0,1,1,0,1,0,1.30188679245283,0,17.867263505466
2016,32,"1965*C",567.2096497,-2526.75242386,"Ivesia gordonii",0.5,NA,NA,0.5,0,1,1,0,1,0,1.30188679245283,0,0
2016,32,"1965*D",569.1608582,-2523.52458702,"Ivesia gordonii",0.5,NA,NA,0.5,0,1,1,0,1,0,1.30188679245283,0,0
2016,32,"1965*E",566.6599399,-2524.17116651,"Ivesia gordonii",0.5,NA,NA,0.5,0,1,1,0,1,0,1.30188679245283,0,44.8999301271858
2016,32,"1965*F",566.7042383,-2523.95207465,"Ivesia gordonii",0.5,NA,NA,0.5,0,1,1,0,1,0,1.30188679245283,0,44.8999301271796
2016,32,"1965*G",568.4980713,-2523.79671193,"Ivesia gordonii",0.5,NA,NA,0.5,0,1,1,0,1,0,1.30188679245283,0,0
2017,32,"1965*A",568,-2525,"Ivesia gordonii",0,0.5,-0.5,0,0,0,0,0,0,1,1.28571428571429,0,0
2016,32,"1966*A",566,-2532,"Ivesia gordonii",0.5,NA,NA,0.5,0,1,1,1,0,0,1.30188679245283,0,0
2017,32,"1966*A",566,-2532,"Ivesia gordonii",0.5,0.5,0,0.5,0,0,0,1,0,0,1.28571428571429,0,0
2018,32,"1966*A",566,-2532,"Ivesia gordonii",0.8,0.5,0.3,0.9,0,0,0,1,0,0,1.12213740458015,0,0
2019,32,"1966*A",566,-2532,"Ivesia gordonii",0,0.8,-0.8,0,0,0,0,0,0,1,0.5,0,0
2016,32,"1967*A",582,-2541,"Ivesia gordonii",0.5,NA,NA,0.5,0,1,1,1,0,0,1.30188679245283,0,0
2017,32,"1967*A",582,-2541,"Ivesia gordonii",0.5,0.5,0,0.5,0,0,0,1,0,0,1.28571428571429,0,0
2018,32,"1967*A",582,-2541,"Ivesia gordonii",0.5,0.5,0,0.5,0,0,0,1,0,0,1.12213740458015,0,0
2019,32,"1967*A",582,-2541,"Ivesia gordonii",0.8,0.5,0.3,1.3,0,0,0,1,0,0,0.5,0,0
2016,33,"1968*A",801,-2565,"Agoseris glauca",2.5,NA,NA,2.5,0,1,1,1,0,0,1.30188679245283,100.000000000001,0
2017,33,"1968*A",801,-2565,"Agoseris glauca",7,2.5,4.5,8,0,0,0,1,0,0,1.28571428571429,99.9999999999953,0
2018,33,"1968*A",801,-2565,"Agoseris glauca",0.6,7,-6.4,3,0,0,0,1,0,0,1.12213740458015,99.9999999999874,0
2019,33,"1968*A",801,-2565,"Agoseris glauca",0,0.6,-0.6,0,0,0,0,0,0,1,0.5,0,0
2016,33,"1969*A",880,-2445,"Lupinus argenteus",17,NA,NA,10,0,0,1,1,0,0,1.30188679245283,100,0.778546712802753
2017,33,"1969*A",880,-2445,"Lupinus argenteus",0,17,-17,0,0,0,0,0,0,1,1.28571428571429,0,0
2014,15,"197*A",1715,-910,"Ivesia gordonii",2,NA,NA,2,0,0,NA,1,0,0,2.52336448598131,0,42.6853387264566
2015,15,"197*A",1715,-910,"Ivesia gordonii",3,2,1,2,0,0,0,1,0,0,3.0530303030303,0,93.1308341240709
2016,15,"197*A",1715,-910,"Ivesia gordonii",6,3,3,4,0,0,0,1,0,0,1.30188679245283,0,94.0599590148653
2017,15,"197*A",1715,-910,"Ivesia gordonii",9.5,6,3.5,5,4,0,0,1,0,0,1.28571428571429,0,0
2018,15,"197*A",1715,-910,"Ivesia gordonii",0,9.5,-9.5,0,0,0,0,0,0,1,1.12213740458015,0,0
2016,33,"1970*A",873,-2420,"Elymus lanceolatus",9,NA,NA,10,0,0,1,1,0,0,1.30188679245283,100.880666832485,0
2017,33,"1970*A",873,-2420,"Elymus lanceolatus",6,9,-3,13,0,0,0,1,0,0,1.28571428571429,199.999999999998,0
2018,33,"1970*A",873,-2420,"Elymus lanceolatus",9,6,3,16,0,0,0,1,0,0,1.12213740458015,100.000000000001,0
2019,33,"1970*A",873,-2420,"Elymus lanceolatus",10.5,9,1.5,14,0,0,0,1,0,0,0.5,99.9999999999995,0
2016,33,"1971*A",878,-2416,"Heterotheca villosa",1,NA,NA,1,0,1,1,1,0,0,1.30188679245283,100.000000000026,0
2017,33,"1971*A",878,-2416,"Heterotheca villosa",1,1,0,1,0,0,0,1,0,0,1.28571428571429,109.455620604637,100.000000000026
2018,33,"1971*A",878,-2416,"Heterotheca villosa",0,1,-1,0,0,0,0,0,0,1,1.12213740458015,0,0
2016,33,"1972*A",879.52593926,-2415.1033955,"Eriogonum umbellatum",1,NA,NA,1,0,1,1,1,0,0,1.30188679245283,0,110.464710594017
2016,33,"1972*B",878.81385338,-2414.7451474,"Eriogonum umbellatum",1,NA,NA,1,0,1,1,0,1,0,1.30188679245283,0,110.464710594006
2016,33,"1972*C",877.2217119,-2417.9429537,"Eriogonum umbellatum",1,NA,NA,1,0,1,1,0,1,0,1.30188679245283,23.4580166198912,100.000000000022
2016,33,"1972*D",881.61193106,-2410.6803208,"Eriogonum umbellatum",1,NA,NA,1,0,1,1,0,1,0,1.30188679245283,73.7930974889455,100
2016,33,"1972*E",875.98486476,-2412.1351246,"Eriogonum umbellatum",1,NA,NA,1,0,1,1,0,1,0,1.30188679245283,100.000000000024,138.716489798206
2016,33,"1972*F",876.0845362,-2411.642168,"Eriogonum umbellatum",1,NA,NA,1,0,1,1,0,1,0,1.30188679245283,100.000000000032,138.628308445144
2016,33,"1972*G",880.12066037,-2411.2926019,"Eriogonum umbellatum",1,NA,NA,1,0,1,1,0,1,0,1.30188679245283,99.9999999999955,101.500855288922
2016,33,"1972*H",875.97214049,-2415.0676416,"Eriogonum umbellatum",1,NA,NA,1,0,1,1,0,1,0,1.30188679245283,17.6480749665441,99.9999999999864
2016,33,"1972*I",881.01296913,-2417.0364074,"Eriogonum umbellatum",1,NA,NA,1,0,1,1,0,1,0,1.30188679245283,0,121.472012428969
2016,33,"1972*J",879.1834365,-2411.399506,"Eriogonum umbellatum",1,NA,NA,1,0,1,1,0,1,0,1.30188679245283,100.000000000011,101.500855288936
2016,33,"1972*K",880.21089333,-2409.7910782,"Eriogonum umbellatum",1,NA,NA,1,0,1,1,0,1,0,1.30188679245283,99.9999999999754,99.9999999999754
2016,33,"1972*L",877.89096438,-2412.3452674,"Eriogonum umbellatum",1,NA,NA,1,0,1,1,0,1,0,1.30188679245283,100.00000000004,100.00000000004
2016,33,"1972*M",882.15949662,-2417.0124223,"Eriogonum umbellatum",1,NA,NA,1,0,1,1,0,1,0,1.30188679245283,0,99.9999999999873
2016,33,"1972*N",883.21162964,-2413.3986471,"Eriogonum umbellatum",1,NA,NA,1,0,1,1,0,1,0,1.30188679245283,0,100.000000000018
2016,33,"1972*O",878.75817597,-2410.3508681,"Eriogonum umbellatum",1,NA,NA,1,0,1,1,0,1,0,1.30188679245283,99.9999999999845,99.9999999999845
2016,33,"1972*P",881.29450454,-2413.74174,"Eriogonum umbellatum",1,NA,NA,1,0,1,1,0,1,0,1.30188679245283,0,99.9999999999891
2016,33,"1972*Q",874.84482632,-2414.8685542,"Eriogonum umbellatum",1,NA,NA,1,0,1,1,0,1,0,1.30188679245283,90.2681434080997,100.000000000007
2016,33,"1972*R",880.43431293,-2417.3731365,"Eriogonum umbellatum",1,NA,NA,1,0,1,1,0,1,0,1.30188679245283,0,121.472012428983
2016,33,"1972*S",876.16594464,-2413.1076707,"Eriogonum umbellatum",1,NA,NA,1,0,1,1,0,1,0,1.30188679245283,99.9999999999864,100.088181353056
2017,33,"1972*A",879,-2414,"Eriogonum umbellatum",0,1,-1,0,0,0,0,0,0,1,1.28571428571429,0,0
2016,33,"1973*A",877,-2409,"Chaenactis douglasii",0.5,NA,NA,0.5,0,1,1,1,0,0,1.30188679245283,199.999999999956,0
2017,33,"1973*A",877,-2409,"Chaenactis douglasii",0,0.5,-0.5,0,0,0,0,0,0,1,1.28571428571429,0,0
2016,33,"1974*A",975,-2488,"Lupinus argenteus",1.5,NA,NA,1.5,0,0,1,1,0,0,1.30188679245283,0,0
2017,33,"1974*A",975,-2488,"Lupinus argenteus",0,1.5,-1.5,0,0,0,0,1,0,0,1.28571428571429,0,0
2018,33,"1974*A",975,-2488,"Lupinus argenteus",3,0,3,2,0,0,0,1,0,0,1.12213740458015,0,0
2019,33,"1974*A",975,-2488,"Lupinus argenteus",0,3,-3,0,0,0,0,0,0,1,0.5,0,0
2016,33,"1975*A",902,-2411,"Lupinus argenteus",9,NA,NA,6,0,0,1,1,0,0,1.30188679245283,100.000000000002,0
2017,33,"1975*A",902,-2411,"Lupinus argenteus",5,9,-4,4,0,0,0,1,0,0,1.28571428571429,99.9999999999988,0
2018,33,"1975*A",902,-2411,"Lupinus argenteus",0,5,-5,0,0,0,0,0,0,1,1.12213740458015,0,0
2015,33,"1976*A",980,-2507,"Heterotheca villosa",2,NA,NA,2,0,0,1,1,0,0,3.0530303030303,100.000000000004,0
2016,33,"1976*A",980,-2507,"Heterotheca villosa",2,2,0,2,0,0,0,1,0,0,1.30188679245283,200.000000000008,0
2017,33,"1976*A",980,-2507,"Heterotheca villosa",3.5,2,1.5,1.5,0,0,0,1,0,0,1.28571428571429,143.270571437975,0
2018,33,"1976*A",980,-2507,"Heterotheca villosa",7.5,3.5,4,3.5,2,0,0,1,0,0,1.12213740458015,81.6871133563075,0
2019,33,"1976*A",980,-2507,"Heterotheca villosa",17.5,7.5,10,7.5,3,0,0,1,0,0,0.5,86.9758763718751,0
2015,33,"1977*A",979,-2501,"Heterotheca villosa",2.5,NA,NA,3,0,0,1,1,0,0,3.0530303030303,118.737322297932,0
2016,33,"1977*A",979,-2501,"Heterotheca villosa",2.5,2.5,0,3,0,0,0,1,0,0,1.30188679245283,200.000000000006,0
2017,33,"1977*A",979,-2501,"Heterotheca villosa",0,2.5,-2.5,0,0,0,0,0,0,1,1.28571428571429,0,0
2016,33,"1978*A",855,-2445,"Lupinus argenteus",8.5,NA,NA,7,0,0,1,1,0,0,1.30188679245283,36.7598996295359,8.39374893244143
2017,33,"1978*A",855,-2445,"Lupinus argenteus",0,8.5,-8.5,0,0,0,0,0,0,1,1.28571428571429,0,0
2016,33,"1979*A",853,-2433,"Eriogonum umbellatum",0.8,NA,NA,0.5,0,1,1,1,0,0,1.30188679245283,185.290047087617,0
2017,33,"1979*A",853,-2433,"Eriogonum umbellatum",1,0.8,0.2,1,0,0,0,1,0,0,1.28571428571429,100.000000000005,0
2018,33,"1979*A",853,-2433,"Eriogonum umbellatum",0,1,-1,0,0,0,0,0,0,1,1.12213740458015,0,0
2014,15,"198*A",1707,-920,"Arenaria congesta",4,NA,NA,5,2,0,NA,1,0,0,2.52336448598131,0,0
2015,15,"198*A",1707,-920,"Arenaria congesta",14,4,10,5.5,7,0,0,1,0,0,3.0530303030303,8.94615908771018,0
2016,15,"198*A",1707,-920,"Arenaria congesta",9,14,-5,4,0,0,0,1,0,0,1.30188679245283,0,0
2017,15,"198*A",1707,-920,"Arenaria congesta",13,9,4,6,6,0,0,1,0,0,1.28571428571429,0,0
2018,15,"198*A",1707,-920,"Arenaria congesta",10,13,-3,3,0,0,0,1,0,0,1.12213740458015,0,0
2019,15,"198*A",1707,-920,"Arenaria congesta",11,10,1,5.5,0,0,0,1,0,0,0.5,0,0
2016,33,"1980*A",856,-2432,"Lupinus argenteus",9,NA,NA,9,0,0,1,1,0,0,1.30188679245283,68.4524405851651,98.5594267144804
2017,33,"1980*A",856,-2432,"Lupinus argenteus",13,9,4,9,0,0,0,1,0,0,1.28571428571429,37.8463765997812,20.8567574759237
2018,33,"1980*A",856,-2432,"Lupinus argenteus",0,13,-13,0,0,0,0,0,0,1,1.12213740458015,0,0
2016,33,"1981*A",856,-2427,"Lupinus argenteus",3,NA,NA,2,0,0,1,1,0,0,1.30188679245283,83.565985293468,100.837910067089
2017,33,"1981*A",856,-2427,"Lupinus argenteus",3,3,0,2,0,0,0,1,0,0,1.28571428571429,0,106.471013829876
2018,33,"1981*A",856,-2427,"Lupinus argenteus",0,3,-3,0,0,0,0,0,0,1,1.12213740458015,0,0
2016,33,"1982*A",861,-2426,"Lupinus argenteus",11,NA,NA,7,0,0,1,1,0,0,1.30188679245283,100,51.7465455015961
2017,33,"1982*A",861,-2426,"Lupinus argenteus",8,11,-3,5,0,0,0,1,0,0,1.28571428571429,99.674845129914,25.3403368305746
2018,33,"1982*A",861,-2426,"Lupinus argenteus",0,8,-8,0,0,0,0,0,0,1,1.12213740458015,0,0
2016,33,"1983*A",861,-2435,"Lupinus argenteus",17,NA,NA,8,2,0,1,1,0,0,1.30188679245283,92.4382283237222,40.2924805912458
2017,33,"1983*A",861,-2435,"Lupinus argenteus",1,17,-16,1,0,0,0,1,0,0,1.28571428571429,100.000000000005,100.000000000005
2018,33,"1983*A",861,-2435,"Lupinus argenteus",0,1,-1,0,0,0,0,0,0,1,1.12213740458015,0,0
2016,33,"1984*A",924,-2458,"Poa stenantha",4,NA,NA,7,0,0,1,1,0,0,1.30188679245283,199.999999999985,99.9999999999925
2017,33,"1984*A",924,-2458,"Poa stenantha",0,4,-4,0,0,0,0,0,0,1,1.28571428571429,0,0
2016,33,"1985*A",951,-2466,"Lupinus argenteus",7,NA,NA,6,0,0,1,1,0,0,1.30188679245283,0,0
2017,33,"1985*A",951,-2466,"Lupinus argenteus",0,7,-7,0,0,0,0,0,0,1,1.28571428571429,0,0
2016,33,"1986*A",909,-2473,"Eriogonum umbellatum",1,NA,NA,1,0,1,1,1,0,0,1.30188679245283,76.5168308671413,100.000000000012
2017,33,"1986*A",909,-2473,"Eriogonum umbellatum",0,1,-1,0,0,0,0,0,0,1,1.28571428571429,0,0
2016,33,"1987*A",919,-2472,"Eriogonum umbellatum",0.3,NA,NA,0.5,0,1,1,1,0,0,1.30188679245283,100.000000000025,100.000000000025
2017,33,"1987*A",919,-2472,"Eriogonum umbellatum",0,0.3,-0.3,0,0,0,0,0,0,1,1.28571428571429,0,0
2016,33,"1988*A",924,-2476,"Agoseris glauca",0.3,NA,NA,0.5,0,1,1,1,0,0,1.30188679245283,200.00000000005,0
2017,33,"1988*A",924,-2476,"Agoseris glauca",0,0.3,-0.3,0,0,0,0,0,0,1,1.28571428571429,0,0
2016,33,"1989*A",945,-2561,"Elymus lanceolatus",7,NA,NA,13,0,0,1,1,0,0,1.30188679245283,30.5254797439502,0
2017,33,"1989*A",945,-2561,"Elymus lanceolatus",11,7,4,14,1,0,0,1,0,0,1.28571428571429,38.1496970268027,0
2018,33,"1989*A",945,-2561,"Elymus lanceolatus",19,11,8,19.5,1,0,0,1,0,0,1.12213740458015,30.5607965934461,0
2019,33,"1989*A",945,-2561,"Elymus lanceolatus",15,19,-4,15,0,0,0,1,0,0,0.5,46.7473127503927,13.1681619376042
2014,15,"199*A",1730,-930,"Lupinus argenteus",16,NA,NA,12,2,0,NA,1,0,0,2.52336448598131,0,22.1302190528982
2015,15,"199*A",1730,-930,"Lupinus argenteus",22,16,6,10.5,0,0,0,1,0,0,3.0530303030303,0,2.88917185186777
2016,15,"199*A",1730,-930,"Lupinus argenteus",0,22,-22,0,0,0,0,0,0,1,1.30188679245283,0,0
2016,34,"1990*A",1400,-2432,"Lupinus argenteus",2.5,NA,NA,3,0,0,1,1,0,0,1.30188679245283,0,0
2017,34,"1990*A",1400,-2432,"Lupinus argenteus",0,2.5,-2.5,0,0,0,0,0,0,1,1.28571428571429,0,0
2016,34,"1991*A",1315,-2540,"Elymus lanceolatus",6,NA,NA,23,0,0,1,1,0,0,1.30188679245283,99.9999999999994,99.9999999999994
2017,34,"1991*A",1315,-2540,"Elymus lanceolatus",0,6,-6,0,0,0,0,0,0,1,1.28571428571429,0,0
2016,34,"1992*A",1318,-2546,"Elymus lanceolatus",6,NA,NA,27,0,0,1,1,0,0,1.30188679245283,135.232275506742,199.385906818394
2017,34,"1992*A",1318,-2546,"Elymus lanceolatus",13,6,7,17,0,0,0,1,0,0,1.28571428571429,147.31627121193,99.9999999999998
2018,34,"1992*A",1318,-2546,"Elymus lanceolatus",20,13,7,22.5,0,0,0,1,0,0,1.12213740458015,149.206298491177,100
2019,34,"1992*A",1318,-2546,"Elymus lanceolatus",15.5,20,-4.5,28,2,0,0,1,0,0,0.5,199.999999999998,99.9999999999988
2016,34,"1993*A",1319,-2544,"Phacelia hastata",4.5,NA,NA,3,0,0,1,1,0,0,1.30188679245283,347.071474862375,0
2017,34,"1993*A",1319,-2544,"Phacelia hastata",9,4.5,4.5,5,0,0,0,1,0,0,1.28571428571429,298.721602898963,0
2018,34,"1993*A",1319,-2544,"Phacelia hastata",14,9,5,7,2,0,0,1,0,0,1.12213740458015,300.000000000003,0
2019,34,"1993*A",1319,-2544,"Phacelia hastata",32,14,18,13.5,25,0,0,1,0,0,0.5,210.909970860297,0
2016,36,"1994*A",86,-3000,"Lupinus argenteus",2.5,NA,NA,3,0,0,1,1,0,0,1.30188679245283,0,0
2017,36,"1994*A",86,-3000,"Lupinus argenteus",0,2.5,-2.5,0,0,0,0,0,0,1,1.28571428571429,0,0
2015,36,"1995*A",80,-2987,"Agoseris glauca",12,NA,NA,5,3,0,1,1,0,0,3.0530303030303,65.8734209053563,0
2016,36,"1995*A",80,-2987,"Agoseris glauca",12,12,0,5,3,0,0,1,0,0,1.30188679245283,73.0771600334751,0
2017,36,"1995*A",80,-2987,"Agoseris glauca",16.5,12,4.5,4,3,0,0,1,0,0,1.28571428571429,81.6630097704437,0
2018,36,"1995*A",80,-2987,"Agoseris glauca",0,16.5,-16.5,0,0,0,0,0,0,1,1.12213740458015,0,0
2016,36,"1996*A",153,-2995,"Lupinus argenteus",2.5,NA,NA,4,0,1,1,1,0,0,1.30188679245283,103.827210560631,0
2017,36,"1996*A",153,-2995,"Lupinus argenteus",2,2.5,-0.5,2,0,0,0,1,0,0,1.28571428571429,200,0
2018,36,"1996*A",153,-2995,"Lupinus argenteus",0,2,-2,0,0,0,0,0,0,1,1.12213740458015,0,0
2016,36,"1997*A",104,-2840,"Agoseris glauca",3,NA,NA,8,0,0,1,1,0,0,1.30188679245283,306.927376152636,0
2017,36,"1997*A",104,-2840,"Agoseris glauca",9,3,6,11,0,0,0,1,0,0,1.28571428571429,365.668437966461,0
2018,36,"1997*A",104,-2840,"Agoseris glauca",0,9,-9,0,0,0,0,0,0,1,1.12213740458015,0,0
2016,36,"1998*A",108,-2864,"Heterotheca villosa",2,NA,NA,2,0,1,1,1,0,0,1.30188679245283,200.000000000002,0
2017,36,"1998*A",108,-2864,"Heterotheca villosa",4,2,2,5,1,0,0,1,0,0,1.28571428571429,199.999999999999,0
2018,36,"1998*A",108,-2864,"Heterotheca villosa",0,4,-4,0,0,0,0,0,0,1,1.12213740458015,0,0
2016,36,"1999*A",114,-2847,"Lupinus argenteus",2,NA,NA,4,0,1,1,1,0,0,1.30188679245283,217.437714048536,0
2017,36,"1999*A",114,-2847,"Lupinus argenteus",0,2,-2,0,0,0,0,0,0,1,1.28571428571429,0,0
2014,1,"2*A",7,-31,"Ivesia gordonii",4.5,NA,NA,4,0,0,NA,1,0,0,2.52336448598131,0,0
2015,1,"2*A",7,-31,"Ivesia gordonii",5.5,4.5,1,3.5,0,0,0,1,0,0,3.0530303030303,0,0
2016,1,"2*A",7,-31,"Ivesia gordonii",9.5,5.5,4,6,3,0,0,1,0,0,1.30188679245283,0,0.277008310249308
2017,1,"2*A",7,-31,"Ivesia gordonii",10,9.5,0.5,5,4,0,0,1,0,0,1.28571428571429,0,0
2018,1,"2*A",7,-31,"Ivesia gordonii",0,10,-10,0,0,0,0,0,0,1,1.12213740458015,0,0
2014,5,"20*A",1625,-172,"Lupinus argenteus",23,NA,NA,11,2,0,NA,1,0,0,2.52336448598131,0,23.1676106984303
2015,5,"20*A",1625,-172,"Lupinus argenteus",15,23,-8,7,0,0,0,1,0,0,3.0530303030303,0,24.6028333144181
2016,5,"20*A",1625,-172,"Lupinus argenteus",6.4,15,-8.6,4.9,0,0,0,1,0,0,1.30188679245283,0,0
2017,5,"20*A",1625,-172,"Lupinus argenteus",0,6.4,-6.4,0,0,0,0,0,0,1,1.28571428571429,0,0
2014,15,"200*A",1725,-960,"Lupinus argenteus",19,NA,NA,16,3,0,NA,1,0,0,2.52336448598131,0,66.2051271048527
2015,15,"200*A",1725,-960,"Lupinus argenteus",21,19,2,11.5,0,0,0,1,0,0,3.0530303030303,0,0
2016,15,"200*A",1725,-960,"Lupinus argenteus",13,21,-8,9,0,0,0,1,0,0,1.30188679245283,0,0
2017,15,"200*A",1725,-960,"Lupinus argenteus",0,13,-13,0,0,0,0,0,0,1,1.28571428571429,0,0
2016,36,"2000*A",112,-2847,"Agoseris glauca",1,NA,NA,2,0,1,1,1,0,0,1.30188679245283,200,99.9999999999999
2017,36,"2000*A",112,-2847,"Agoseris glauca",1.3,1,0.3,3,0,0,0,1,0,0,1.28571428571429,200.000000000002,84.4765607288543
2018,36,"2000*A",112,-2847,"Agoseris glauca",0,1.3,-1.3,0,0,0,0,0,0,1,1.12213740458015,0,0
2016,36,"2001*A",102,-2848,"Agoseris glauca",0.3,NA,NA,0.5,0,1,1,1,0,0,1.30188679245283,199.999999999989,0
2017,36,"2001*A",102,-2848,"Agoseris glauca",1,0.3,0.7,2.5,0,0,0,1,0,0,1.28571428571429,200.000000000004,0
2018,36,"2001*A",102,-2848,"Agoseris glauca",0,1,-1,0,0,0,0,0,0,1,1.12213740458015,0,0
2015,36,"2002*A",178,-2872,"Lupinus argenteus",2.5,NA,NA,2.5,0,0,1,1,0,0,3.0530303030303,0,0
2016,36,"2002*A",178,-2872,"Lupinus argenteus",2.5,2.5,0,2.5,0,0,0,1,0,0,1.30188679245283,1.44508962657683,0
2017,36,"2002*A",178,-2872,"Lupinus argenteus",0,2.5,-2.5,0,0,0,0,0,0,1,1.28571428571429,0,0
2014,36,"2003*A",97,-2843,"Eriogonum umbellatum",70,NA,NA,3.5,105,0,NA,1,0,0,2.52336448598131,8.20544058270085,0
2015,36,"2003*A",97,-2843,"Eriogonum umbellatum",70,70,0,3.5,105,0,0,1,0,0,3.0530303030303,13.9117884417932,0
2016,36,"2003*A",97,-2843,"Eriogonum umbellatum",79,70,9,3.5,193,0,0,1,0,0,1.30188679245283,16.7241903299314,0
2017,36,"2003*A",97,-2843,"Eriogonum umbellatum",75,79,-4,5,120,0,0,1,0,0,1.28571428571429,32.7496469167376,0
2018,36,"2003*A",97,-2843,"Eriogonum umbellatum",81,75,6,3,166,0,0,1,0,0,1.12213740458015,12.0980033531474,0
2019,36,"2003*A",97,-2843,"Eriogonum umbellatum",77,81,-4,7.5,105,0,0,1,0,0,0.5,31.6071850227693,0
2016,37,"2004*A",452,-2998,"Ivesia gordonii",0.3,NA,NA,0.3,0,1,1,1,0,0,1.30188679245283,0,0
2017,37,"2004*A",452,-2998,"Ivesia gordonii",1.5,0.3,1.2,1.2,0,0,0,1,0,0,1.28571428571429,0,0
2018,37,"2004*A",452,-2998,"Ivesia gordonii",0,1.5,-1.5,0,0,0,0,0,0,1,1.12213740458015,0,0
2016,37,"2005*A",450,-3000,"Poa stenantha",1,NA,NA,2,0,1,1,1,0,0,1.30188679245283,0,0
2017,37,"2005*A",450,-3000,"Poa stenantha",1.5,1,0.5,2.5,0,0,0,1,0,0,1.28571428571429,0,0
2018,37,"2005*A",450,-3000,"Poa stenantha",3,1.5,1.5,4,0,0,0,1,0,0,1.12213740458015,0,0
2019,37,"2005*A",450,-3000,"Poa stenantha",8.1,3,5.1,6,0,0,0,1,0,0,0.5,0,0
2016,37,"2006*A",454,-2993,"Ivesia gordonii",0.3,NA,NA,0.3,0,1,1,1,0,0,1.30188679245283,0,0
2017,37,"2006*A",454,-2993,"Ivesia gordonii",0,0.3,-0.3,0,0,0,0,0,0,1,1.28571428571429,0,0
2016,37,"2007*A",457,-2983,"Ivesia gordonii",0.3,NA,NA,0.3,0,1,1,1,0,0,1.30188679245283,0,0
2017,37,"2007*A",457,-2983,"Ivesia gordonii",0,0.3,-0.3,0,0,0,0,0,0,1,1.28571428571429,0,0
2016,37,"2008*A",459,-2987,"Agoseris glauca",0.3,NA,NA,0.5,0,1,1,1,0,0,1.30188679245283,0,0
2017,37,"2008*A",459,-2987,"Agoseris glauca",0,0.3,-0.3,0,0,0,0,0,0,1,1.28571428571429,0,0
2016,37,"2009*A",454,-2976,"Ivesia gordonii",0.3,NA,NA,0.3,0,1,1,1,0,0,1.30188679245283,0,0
2017,37,"2009*A",454,-2976,"Ivesia gordonii",0,0.3,-0.3,0,0,0,0,0,0,1,1.28571428571429,0,0
2014,15,"201*A",1735,-950,"Lupinus argenteus",35,NA,NA,13,7,0,NA,1,0,0,2.52336448598131,0,27.6595841491386
2015,15,"201*A",1735,-950,"Lupinus argenteus",0,35,-35,0,0,0,0,1,0,0,3.0530303030303,0,0
2016,15,"201*A",1735,-950,"Lupinus argenteus",3,0,3,2,0,0,0,1,0,0,1.30188679245283,0,0
2017,15,"201*A",1735,-950,"Lupinus argenteus",0,3,-3,0,0,0,0,0,0,1,1.28571428571429,0,0
2016,37,"2010*A",458,-2972,"Ivesia gordonii",0.3,NA,NA,0.3,0,1,1,1,0,0,1.30188679245283,0,0
2017,37,"2010*A",458,-2972,"Ivesia gordonii",0,0.3,-0.3,0,0,0,0,0,0,1,1.28571428571429,0,0
2016,37,"2011*A",459,-2973,"Ivesia gordonii",0.5,NA,NA,0.5,0,1,1,1,0,0,1.30188679245283,0,0
2017,37,"2011*A",459,-2973,"Ivesia gordonii",0,0.5,-0.5,0,0,0,0,0,0,1,1.28571428571429,0,0
2016,37,"2012*A",467,-2974,"Ivesia gordonii",0.3,NA,NA,0.3,0,1,1,1,0,0,1.30188679245283,0,0
2017,37,"2012*A",467,-2974,"Ivesia gordonii",0,0.3,-0.3,0,0,0,0,0,0,1,1.28571428571429,0,0
2016,37,"2013*A",482,-2975,"Ivesia gordonii",0.3,NA,NA,0.3,0,1,1,1,0,0,1.30188679245283,0,0
2017,37,"2013*A",482,-2975,"Ivesia gordonii",0,0.3,-0.3,0,0,0,0,0,0,1,1.28571428571429,0,0
2016,37,"2014*A",479.11687539,-2971.24519899,"Ivesia gordonii",0.3,NA,NA,0.5,0,1,1,1,0,0,1.30188679245283,0,29.2883714286538
2016,37,"2014*B",478.95863408,-2971.1655883,"Ivesia gordonii",0.3,NA,NA,0.5,0,1,1,0,1,0,1.30188679245283,0,29.2883714286452
2016,37,"2014*C",478.60482487,-2971.87621193,"Ivesia gordonii",0.3,NA,NA,0.5,0,1,1,0,1,0,1.30188679245283,0,0
2017,37,"2014*A",479,-2971,"Ivesia gordonii",0,0.3,-0.3,0,0,0,0,0,0,1,1.28571428571429,0,0
2016,37,"2015*A",486,-2973,"Ivesia gordonii",0.3,NA,NA,0.3,0,1,1,1,0,0,1.30188679245283,0,0
2017,37,"2015*A",486,-2973,"Ivesia gordonii",0,0.3,-0.3,0,0,0,0,0,0,1,1.28571428571429,0,0
2016,37,"2016*A",487,-2971,"Ivesia gordonii",0.2,NA,NA,0.2,0,1,1,1,0,0,1.30188679245283,0,0
2017,37,"2016*A",487,-2971,"Ivesia gordonii",0,0.2,-0.2,0,0,0,0,0,0,1,1.28571428571429,0,0
2016,37,"2017*A",482,-2963,"Ivesia gordonii",0.2,NA,NA,0.2,0,1,1,1,0,0,1.30188679245283,0,0
2017,37,"2017*A",482,-2963,"Ivesia gordonii",0,0.2,-0.2,0,0,0,0,0,0,1,1.28571428571429,0,0
2016,37,"2018*A",459,-2940,"Eriogonum umbellatum",1.5,NA,NA,0.5,0,1,1,1,0,0,1.30188679245283,100.000000000001,0
2017,37,"2018*A",459,-2940,"Eriogonum umbellatum",2,1.5,0.5,1,0,0,0,1,0,0,1.28571428571429,100.000000000003,0
2018,37,"2018*A",459,-2940,"Eriogonum umbellatum",1.5,2,-0.5,0.5,0,0,0,1,0,0,1.12213740458015,0,0
2019,37,"2018*A",459,-2940,"Eriogonum umbellatum",0.7,1.5,-0.8,0.5,0,0,0,1,0,0,0.5,0,0
2016,37,"2019*A",463,-2934,"Ivesia gordonii",0.3,NA,NA,0.3,0,1,1,1,0,0,1.30188679245283,0,0
2017,37,"2019*A",463,-2934,"Ivesia gordonii",0,0.3,-0.3,0,0,0,0,0,0,1,1.28571428571429,0,0
2014,15,"202*A",1755,-960,"Lupinus argenteus",17,NA,NA,11,1,0,NA,1,0,0,2.52336448598131,0,34.1168273495093
2015,15,"202*A",1755,-960,"Lupinus argenteus",16.5,17,-0.5,10.5,0,0,0,1,0,0,3.0530303030303,0,22.2331174834555
2016,15,"202*A",1755,-960,"Lupinus argenteus",7.7,16.5,-8.8,6.5,0,0,0,1,0,0,1.30188679245283,0,0
2017,15,"202*A",1755,-960,"Lupinus argenteus",0,7.7,-7.7,0,0,0,0,0,0,1,1.28571428571429,0,0
2016,37,"2020*A",470.64281465,-2931.34859445,"Ivesia gordonii",0.5,NA,NA,0.5,0,1,1,1,0,0,1.30188679245283,0,0
2016,37,"2020*B",469.77248746,-2930.91073565,"Ivesia gordonii",0.5,NA,NA,0.5,0,1,1,0,1,0,1.30188679245283,0,0
2016,37,"2020*C",467.82653676,-2934.81916562,"Ivesia gordonii",0.5,NA,NA,0.5,0,1,1,0,1,0,1.30188679245283,0,0
2016,37,"2020*D",473.19236019,-2925.94261429,"Ivesia gordonii",0.5,NA,NA,0.5,0,1,1,0,1,0,1.30188679245283,100.00000000001,0
2017,37,"2020*A",470,-2930,"Ivesia gordonii",1,0.5,0.5,1,0,0,0,1,0,0,1.28571428571429,99.9999999999968,0
2018,37,"2020*A",470,-2930,"Ivesia gordonii",0,1,-1,0,0,0,0,0,0,1,1.12213740458015,0,0
2016,37,"2021*A",473,-2928,"Agoseris glauca",0.5,NA,NA,1,0,1,1,1,0,0,1.30188679245283,100.000000000016,0
2017,37,"2021*A",473,-2928,"Agoseris glauca",0,0.5,-0.5,0,0,0,0,0,0,1,1.28571428571429,0,0
2016,37,"2022*A",464,-2928,"Lupinus argenteus",8,NA,NA,5,0,0,1,1,0,0,1.30188679245283,0,56.8814548535214
2017,37,"2022*A",464,-2928,"Lupinus argenteus",16,8,8,8,0,0,0,1,0,0,1.28571428571429,1.55808237570649,9.67960865999942
2018,37,"2022*A",464,-2928,"Lupinus argenteus",0,16,-16,0,0,0,0,0,0,1,1.12213740458015,0,0
2016,37,"2023*A",459,-2927,"Lupinus argenteus",9,NA,NA,4,0,0,1,1,0,0,1.30188679245283,9.43196862508321,29.2509553123206
2017,37,"2023*A",459,-2927,"Lupinus argenteus",0,9,-9,0,0,0,0,1,0,0,1.28571428571429,0,0
2018,37,"2023*A",459,-2927,"Lupinus argenteus",5.5,0,5.5,4.5,0,0,0,1,0,0,1.12213740458015,0,0
2019,37,"2023*A",459,-2927,"Lupinus argenteus",0,5.5,-5.5,0,0,0,0,0,0,1,0.5,0,0
2016,37,"2024*A",474,-2926,"Lupinus argenteus",5,NA,NA,3,0,0,1,1,0,0,1.30188679245283,2.00000000000006,0
2017,37,"2024*A",474,-2926,"Lupinus argenteus",0,5,-5,0,0,0,0,0,0,1,1.28571428571429,0,0
2016,37,"2025*A",483,-2904,"Agoseris glauca",2,NA,NA,3,0,0,1,1,0,0,1.30188679245283,6.24999999999945,0
2017,37,"2025*A",483,-2904,"Agoseris glauca",2,2,0,4,0,0,0,1,0,0,1.28571428571429,0,0
2018,37,"2025*A",483,-2904,"Agoseris glauca",0,2,-2,0,0,0,0,0,0,1,1.12213740458015,0,0
2016,37,"2026*A",486.23375078,-2896.490398,"Ivesia gordonii",0.5,NA,NA,0.5,0,1,1,1,0,0,1.30188679245283,0,117.867260287287
2016,37,"2026*B",485.91726817,-2896.3311766,"Ivesia gordonii",0.5,NA,NA,0.5,0,1,1,0,1,0,1.30188679245283,0,117.867260287281
2016,37,"2026*C",485.20964973,-2897.7524239,"Ivesia gordonii",0.5,NA,NA,0.5,0,1,1,0,1,0,1.30188679245283,0.58175462645701,0
2016,37,"2026*D",487.16085825,-2894.524587,"Ivesia gordonii",0.5,NA,NA,0.5,0,1,1,0,1,0,1.30188679245283,0,100.000000000015
2017,37,"2026*A",486,-2896,"Ivesia gordonii",9,0.5,8.5,7.5,0,0,0,1,0,0,1.28571428571429,0,64.6488739242125
2018,37,"2026*A",486,-2896,"Ivesia gordonii",0,9,-9,0,0,0,0,0,0,1,1.12213740458015,0,0
2015,37,"2027*A",484,-2898,"Senecio crassulus",2,NA,NA,3,0,0,1,1,0,0,3.0530303030303,3.27051276798194,0
2016,37,"2027*A",484,-2898,"Senecio crassulus",2,2,0,3,0,0,0,1,0,0,1.30188679245283,0.0363596641535642,0
2017,37,"2027*A",484,-2898,"Senecio crassulus",0,2,-2,0,0,0,0,1,0,0,1.28571428571429,0,0
2018,37,"2027*A",484,-2898,"Senecio crassulus",5,0,5,6,0,0,0,1,0,0,1.12213740458015,30.6630370306707,0
2019,37,"2027*A",484,-2898,"Senecio crassulus",11,5,6,11,0,0,0,1,0,0,0.5,60.5889546728706,0
2015,37,"2028*A",476,-2898,"Ivesia gordonii",2,NA,NA,1,0,0,1,1,0,0,3.0530303030303,97.4088554283328,0
2016,37,"2028*A",476,-2898,"Ivesia gordonii",2,2,0,1,0,0,0,1,0,0,1.30188679245283,0,0
2017,37,"2028*A",476,-2898,"Ivesia gordonii",2.5,2,0.5,2.5,0,0,0,1,0,0,1.28571428571429,0,0
2018,37,"2028*A",476,-2898,"Ivesia gordonii",3,2.5,0.5,3,0,0,0,1,0,0,1.12213740458015,0,0
2019,37,"2028*A",476,-2898,"Ivesia gordonii",4.5,3,1.5,3,0,0,0,1,0,0,0.5,0,0
2016,37,"2029*A",480,-2891,"Eriogonum umbellatum",0.5,NA,NA,0.3,0,1,1,1,0,0,1.30188679245283,0,0
2017,37,"2029*A",480,-2891,"Eriogonum umbellatum",1.5,0.5,1,1,0,0,0,1,0,0,1.28571428571429,0,0
2018,37,"2029*A",480,-2891,"Eriogonum umbellatum",0,1.5,-1.5,0,0,0,0,0,0,1,1.12213740458015,0,0
2014,15,"203*A",1785,-945,"Lupinus argenteus",18,NA,NA,12,1,0,NA,1,0,0,2.52336448598131,0,0
2015,15,"203*A",1785,-945,"Lupinus argenteus",10.5,18,-7.5,5,0,0,0,1,0,0,3.0530303030303,0,0
2016,15,"203*A",1785,-945,"Lupinus argenteus",9,10.5,-1.5,8,0,0,0,1,0,0,1.30188679245283,0,0
2017,15,"203*A",1785,-945,"Lupinus argenteus",11,9,2,7,0,0,0,1,0,0,1.28571428571429,0,0
2018,15,"203*A",1785,-945,"Lupinus argenteus",0,11,-11,0,0,0,0,0,0,1,1.12213740458015,0,0
2016,37,"2030*A",448,-2858,"Ivesia gordonii",0.3,NA,NA,0.3,0,1,1,1,0,0,1.30188679245283,0,0
2017,37,"2030*A",448,-2858,"Ivesia gordonii",1.5,0.3,1.2,1,0,0,0,1,0,0,1.28571428571429,0,0
2018,37,"2030*A",448,-2858,"Ivesia gordonii",2,1.5,0.5,2,0,0,0,1,0,0,1.12213740458015,0,0
2019,37,"2030*A",448,-2858,"Ivesia gordonii",5.5,2,3.5,2.5,0,0,0,1,0,0,0.5,0,0
2016,37,"2031*A",405,-2823,"Eriogonum umbellatum",0.3,NA,NA,0.5,0,1,1,1,0,0,1.30188679245283,0,0
2017,37,"2031*A",405,-2823,"Eriogonum umbellatum",0,0.3,-0.3,0,0,0,0,0,0,1,1.28571428571429,0,0
2016,37,"2032*A",511,-2813,"Heterotheca villosa",1,NA,NA,0.5,0,1,1,1,0,0,1.30188679245283,0,0
2017,37,"2032*A",511,-2813,"Heterotheca villosa",0,1,-1,0,0,0,0,0,0,1,1.28571428571429,0,0
2016,37,"2033*A",496,-2853,"Lupinus argenteus",7,NA,NA,7,0,0,1,1,0,0,1.30188679245283,1.4086919734616,0
2017,37,"2033*A",496,-2853,"Lupinus argenteus",7,7,0,6,0,0,0,1,0,0,1.28571428571429,0,0
2018,37,"2033*A",496,-2853,"Lupinus argenteus",5.5,7,-1.5,4,0,0,0,1,0,0,1.12213740458015,0,0
2019,37,"2033*A",496,-2853,"Lupinus argenteus",4.5,5.5,-1,3.5,0,0,0,1,0,0,0.5,0,0
2016,37,"2034*A",470,-2844,"Lupinus argenteus",8,NA,NA,5,0,0,1,1,0,0,1.30188679245283,0,0
2017,37,"2034*A",470,-2844,"Lupinus argenteus",0,8,-8,0,0,0,0,0,0,1,1.28571428571429,0,0
2016,37,"2035*A",510.8765654,-2845.8389924,"Ivesia gordonii",0.5,NA,NA,0.5,0,1,1,1,0,0,1.30188679245283,0,0
2016,37,"2035*B",509.6897556,-2845.2419123,"Ivesia gordonii",0.5,NA,NA,0.5,0,1,1,1,0,0,1.30188679245283,0,0
2016,37,"2035*C",507.0361865,-2850.5715895,"Ivesia gordonii",0.5,NA,NA,0.5,0,1,1,1,0,0,1.30188679245283,0,0
2016,37,"2035*D",514.3532184,-2838.4672013,"Ivesia gordonii",0.5,NA,NA,0.5,0,1,1,1,0,0,1.30188679245283,0,100.000000000007
2016,37,"2035*E",504.9747746,-2840.8918744,"Ivesia gordonii",0.5,NA,NA,0.5,0,1,1,1,0,0,1.30188679245283,0,0
2016,37,"2035*F",505.1408937,-2840.0702799,"Ivesia gordonii",0.5,NA,NA,0.5,0,1,1,1,0,0,1.30188679245283,0,0
2016,37,"2035*G",511.8677673,-2839.4876698,"Ivesia gordonii",0.5,NA,NA,0.5,0,1,1,1,0,0,1.30188679245283,0,0
2016,37,"2035*H",504.9535675,-2845.7794026,"Ivesia gordonii",0.5,NA,NA,0.5,0,1,1,1,0,0,1.30188679245283,0,0
2016,37,"2035*I",513.3549485,-2849.060679,"Ivesia gordonii",0.5,NA,NA,0.5,0,1,1,1,0,0,1.30188679245283,99.9999999999955,0
2016,37,"2035*J",510.3057275,-2839.6658433,"Ivesia gordonii",0.5,NA,NA,0.5,0,1,1,1,0,0,1.30188679245283,0,0
2016,37,"2035*K",512.0181556,-2836.9851303,"Ivesia gordonii",0.5,NA,NA,0.5,0,1,1,1,0,0,1.30188679245283,0,0
2016,37,"2035*L",508.1516073,-2841.2421124,"Ivesia gordonii",0.5,NA,NA,0.5,0,1,1,0,1,0,1.30188679245283,0,0
2016,37,"2035*M",515.2658277,-2849.0207039,"Ivesia gordonii",0.5,NA,NA,0.5,0,1,1,0,1,0,1.30188679245283,99.9999999999782,0
2016,37,"2035*N",517.0193827,-2842.9977452,"Ivesia gordonii",0.5,NA,NA,0.5,0,1,1,0,1,0,1.30188679245283,128.805911708817,0
2016,37,"2035*O",509.59696,-2837.9181135,"Ivesia gordonii",0.5,NA,NA,0.5,0,1,1,0,1,0,1.30188679245283,0,0
2017,37,"2035*A",510.8765654,-2845.8389924,"Ivesia gordonii",1.5,0.5,1,1.5,0,0,0,1,0,0,1.28571428571429,0,4.41884664025127
2017,37,"2035*B",509.6897556,-2845.2419123,"Ivesia gordonii",1.5,0.5,1,1.5,0,0,0,1,0,0,1.28571428571429,0,4.41884664025023
2017,37,"2035*C",507.0361865,-2850.5715895,"Ivesia gordonii",1.5,0.5,1,1.5,0,0,0,1,0,0,1.28571428571429,0,0
2017,37,"2035*D",514.3532184,-2838.4672013,"Ivesia gordonii",1.5,0.5,1,1.5,0,0,0,1,0,0,1.28571428571429,0,0
2017,37,"2035*E",504.9747746,-2840.8918744,"Ivesia gordonii",1.5,0.5,1,1.5,0,0,0,1,0,0,1.28571428571429,0,32.5904471060701
2017,37,"2035*F",505.1408937,-2840.0702799,"Ivesia gordonii",1.5,0.5,1,1.5,0,0,0,1,0,0,1.28571428571429,0,32.5904471060674
2017,37,"2035*G",511.8677673,-2839.4876698,"Ivesia gordonii",1.5,0.5,1,1.5,0,0,0,0,1,0,1.28571428571429,0,0
2017,37,"2035*H",504.9535675,-2845.7794026,"Ivesia gordonii",1.5,0.5,1,1.5,0,0,0,0,1,0,1.28571428571429,0,0
2017,37,"2035*I",513.3549485,-2849.060679,"Ivesia gordonii",1.5,0.5,1,1.5,0,0,0,0,1,0,1.28571428571429,72.1297067060828,0
2017,37,"2035*J",510.3057275,-2839.6658433,"Ivesia gordonii",1.5,0.5,1,1.5,0,0,0,0,1,0,1.28571428571429,0,0
2017,37,"2035*K",512.0181556,-2836.9851303,"Ivesia gordonii",1.5,0.5,1,1.5,0,0,0,0,1,0,1.28571428571429,0,0
2018,37,"2035*A",510.7304712,-2845.5324937,"Ivesia gordonii",2,1.5,0.5,2,0,0,0,1,0,0,1.12213740458015,0,33.1469960709112
2018,37,"2035*B",509.741463,-2845.0349269,"Ivesia gordonii",2,1.5,0.5,2,0,0,0,1,0,0,1.12213740458015,0,33.146996070914
2018,37,"2035*C",507.5301554,-2849.4763246,"Ivesia gordonii",2,1.5,0.5,2,0,0,0,1,0,0,1.12213740458015,0,0
2018,37,"2035*D",513.627682,-2839.3893344,"Ivesia gordonii",2,1.5,0.5,2,0,0,0,1,0,0,1.12213740458015,0,0
2018,37,"2035*E",505.8123122,-2841.4098953,"Ivesia gordonii",2,1.5,0.5,2,0,0,0,1,0,0,1.12213740458015,0,107.270191325563
2018,37,"2035*F",505.9507447,-2840.7252333,"Ivesia gordonii",2,1.5,0.5,2,0,0,0,0,1,0,1.12213740458015,0,146.723437136295
2019,37,"2035*A",510.9057843,-2845.9002922,"Ivesia gordonii",5,2,3,2.7,0,0,0,1,0,0,0.5,0,65.3952942952052
2019,37,"2035*B",509.6794141,-2845.2833093,"Ivesia gordonii",5,2,3,2.7,0,0,0,0,1,0,0.5,0,65.3952942952081
2019,37,"2035*C",506.9373927,-2850.7906425,"Ivesia gordonii",5,2,3,2.7,0,0,0,0,1,0,0.5,0,0
2019,37,"2035*D",514.4983257,-2838.2827747,"Ivesia gordonii",5,2,3,2.7,0,0,0,0,1,0,0.5,0,100.000000000001
2019,37,"2035*E",504.8072671,-2840.7882702,"Ivesia gordonii",5,2,3,2.7,0,0,0,0,1,0,0.5,0,0
2016,37,"2036*A",528,-2822,"Lupinus argenteus",9,NA,NA,6,0,0,1,1,0,0,1.30188679245283,0,41.7065822339505
2017,37,"2036*A",528,-2822,"Lupinus argenteus",5,9,-4,3,0,0,0,1,0,0,1.28571428571429,0,0
2018,37,"2036*A",528,-2822,"Lupinus argenteus",0,5,-5,0,0,0,0,0,0,1,1.12213740458015,0,0
2016,37,"2037*A",534,-2822,"Lupinus argenteus",12,NA,NA,8,0,0,1,1,0,0,1.30188679245283,0,50.9861151436351
2017,37,"2037*A",534,-2822,"Lupinus argenteus",0,12,-12,0,0,0,0,0,0,1,1.28571428571429,0,0
2016,37,"2038*A",540,-2825,"Lupinus argenteus",11,NA,NA,7,0,0,1,1,0,0,1.30188679245283,0,32.7584084275486
2017,37,"2038*A",540,-2825,"Lupinus argenteus",0,11,-11,0,0,0,0,0,0,1,1.28571428571429,0,0
2016,37,"2039*A",537,-2832,"Ivesia gordonii",0.5,NA,NA,0.3,0,0,1,1,0,0,1.30188679245283,0,0
2017,37,"2039*A",537,-2832,"Ivesia gordonii",0,0.5,-0.5,0,0,0,0,0,0,1,1.28571428571429,0,0
2014,15,"204*A",1695,-990,"Lupinus argenteus",19,NA,NA,9,1,0,NA,1,0,0,2.52336448598131,0,2.3214580545106
2015,15,"204*A",1695,-990,"Lupinus argenteus",11.5,19,-7.5,6.5,0,0,0,1,0,0,3.0530303030303,0,0
2016,15,"204*A",1695,-990,"Lupinus argenteus",0,11.5,-11.5,0,0,0,0,0,0,1,1.30188679245283,0,0
2016,37,"2040*A",568,-2855,"Ivesia gordonii",0.5,NA,NA,0.3,0,1,1,1,0,0,1.30188679245283,0,0
2017,37,"2040*A",568,-2855,"Ivesia gordonii",1,0.5,0.5,1,0,0,0,1,0,0,1.28571428571429,0,0
2018,37,"2040*A",568,-2855,"Ivesia gordonii",0,1,-1,0,0,0,0,0,0,1,1.12213740458015,0,0
2016,37,"2041*A",498,-2910,"Ivesia gordonii",1,NA,NA,1.5,0,1,1,1,0,0,1.30188679245283,0,0
2017,37,"2041*A",498,-2910,"Ivesia gordonii",0,1,-1,0,0,0,0,0,0,1,1.28571428571429,0,0
2016,37,"2042*A",565,-2930,"Lupinus argenteus",12,NA,NA,7,0,0,1,1,0,0,1.30188679245283,0,0
2017,37,"2042*A",565,-2930,"Lupinus argenteus",8.5,12,-3.5,5,0,0,0,1,0,0,1.28571428571429,0,0
2018,37,"2042*A",565,-2930,"Lupinus argenteus",0,8.5,-8.5,0,0,0,0,0,0,1,1.12213740458015,0,0
2016,37,"2043*A",581,-2962,"Lupinus argenteus",8,NA,NA,5,0,0,1,1,0,0,1.30188679245283,7.56953883969971,175.89899132115
2017,37,"2043*A",581,-2962,"Lupinus argenteus",6.5,8,-1.5,3,0,0,0,1,0,0,1.28571428571429,0,0
2018,37,"2043*A",581,-2962,"Lupinus argenteus",0,6.5,-6.5,0,0,0,0,0,0,1,1.12213740458015,0,0
2016,37,"2044*A",589,-2967,"Lupinus argenteus",1.5,NA,NA,1.5,0,0,1,1,0,0,1.30188679245283,0,0
2017,37,"2044*A",589,-2967,"Lupinus argenteus",0,1.5,-1.5,0,0,0,0,0,0,1,1.28571428571429,0,0
2016,37,"2045*A",580,-2986,"Lupinus argenteus",19,NA,NA,12,0,0,1,1,0,0,1.30188679245283,0,37.6703993254979
2017,37,"2045*A",580,-2986,"Lupinus argenteus",0,19,-19,0,0,0,0,0,0,1,1.28571428571429,0,0
2016,37,"2046*A",594,-2962,"Eriogonum umbellatum",1,NA,NA,0.8,0,0,1,1,0,0,1.30188679245283,0,0
2017,37,"2046*A",594,-2962,"Eriogonum umbellatum",1.5,1,0.5,1,0,0,0,1,0,0,1.28571428571429,0,0
2018,37,"2046*A",594,-2962,"Eriogonum umbellatum",0,1.5,-1.5,0,0,0,0,0,0,1,1.12213740458015,0,0
2016,40,"2047*A",1648,-2984,"Elymus lanceolatus",5,NA,NA,7,0,0,1,1,0,0,1.30188679245283,0,0
2017,40,"2047*A",1648,-2984,"Elymus lanceolatus",12,5,7,10,0,0,0,1,0,0,1.28571428571429,0,0
2018,40,"2047*A",1648,-2984,"Elymus lanceolatus",20.5,12,8.5,21,8,0,0,1,0,0,1.12213740458015,0,17.4657415274354
2019,40,"2047*A",1648,-2984,"Elymus lanceolatus",22.5,20.5,2,24.5,29,0,0,1,0,0,0.5,0,8.1408241619838
2016,41,"2048*A",30,-3388,"Ivesia gordonii",0.4,NA,NA,0.2,0,1,1,1,0,0,1.30188679245283,0,0
2017,41,"2048*A",30,-3388,"Ivesia gordonii",3,0.4,2.6,2,0,0,0,1,0,0,1.28571428571429,0,0
2018,41,"2048*A",30,-3388,"Ivesia gordonii",6,3,3,3,1,0,0,1,0,0,1.12213740458015,0,0
2019,41,"2048*A",30,-3388,"Ivesia gordonii",7.2,6,1.2,5,0,0,0,1,0,0,0.5,0,0
2015,41,"2049*A",67,-3348,"Arenaria congesta",1.3,NA,NA,2.5,0,0,1,1,0,0,3.0530303030303,0,0
2016,41,"2049*A",67,-3348,"Arenaria congesta",1.3,1.3,0,2.5,0,0,0,1,0,0,1.30188679245283,0,0
2017,41,"2049*A",67,-3348,"Arenaria congesta",5,1.3,3.7,3,0,0,0,1,0,0,1.28571428571429,6.47987911637902,0
2018,41,"2049*A",67,-3348,"Arenaria congesta",6,5,1,4,3,0,0,1,0,0,1.12213740458015,0,0
2019,41,"2049*A",67,-3348,"Arenaria congesta",11.5,6,5.5,8.5,10,0,0,1,0,0,0.5,0,0
2014,15,"205*A",1710,-990,"Lupinus argenteus",14,NA,NA,8,1,0,NA,1,0,0,2.52336448598131,0,4.2757467228486
2015,15,"205*A",1710,-990,"Lupinus argenteus",10.5,14,-3.5,6,0,0,0,1,0,0,3.0530303030303,0,2.07205977490006
2016,15,"205*A",1710,-990,"Lupinus argenteus",0,10.5,-10.5,0,0,0,0,0,0,1,1.30188679245283,0,0
2016,41,"2050*A",156,-3282,"Lupinus argenteus",6,NA,NA,3,0,0,1,1,0,0,1.30188679245283,0,0.0277777777777625
2017,41,"2050*A",156,-3282,"Lupinus argenteus",0,6,-6,0,0,0,0,0,0,1,1.28571428571429,0,0
2016,41,"2051*A",126,-3272,"Heterotheca villosa",2.5,NA,NA,2.5,0,0,1,1,0,0,1.30188679245283,0,0
2017,41,"2051*A",126,-3272,"Heterotheca villosa",0,2.5,-2.5,0,0,0,0,1,0,0,1.28571428571429,0,0
2018,41,"2051*A",126,-3272,"Heterotheca villosa",9.5,0,9.5,6,3,0,0,1,0,0,1.12213740458015,99.9999999999999,0
2019,41,"2051*A",126,-3272,"Heterotheca villosa",11,9.5,1.5,6,3,0,0,1,0,0,0.5,4.72203632969985,0
2016,41,"2052*A",134,-3268,"Phacelia hastata",0.6,NA,NA,0.3,0,1,1,1,0,0,1.30188679245283,0,0
2017,41,"2052*A",134,-3268,"Phacelia hastata",0,0.6,-0.6,0,0,0,0,0,0,1,1.28571428571429,0,0
2015,41,"2053*A",112,-3246,"Senecio crassulus",3,NA,NA,4,0,0,1,1,0,0,3.0530303030303,39.714648435377,0
2016,41,"2053*A",112,-3246,"Senecio crassulus",3,3,0,4,0,0,0,1,0,0,1.30188679245283,0,0
2017,41,"2053*A",112,-3246,"Senecio crassulus",8.5,3,5.5,12,4,0,0,1,0,0,1.28571428571429,0,0
2018,41,"2053*A",112,-3246,"Senecio crassulus",14,8.5,5.5,6.5,0,0,0,1,0,0,1.12213740458015,0,0
2019,41,"2053*A",112,-3246,"Senecio crassulus",23,14,9,19.5,12,0,0,1,0,0,0.5,0,0
2016,41,"2054*A",157,-3238,"Heterotheca villosa",4,NA,NA,3,0,0,1,1,0,0,1.30188679245283,99.9999999999999,0
2017,41,"2054*A",157,-3238,"Heterotheca villosa",5.5,4,1.5,4,0,0,0,1,0,0,1.28571428571429,99.9999999999995,0
2018,41,"2054*A",157,-3238,"Heterotheca villosa",9,5.5,3.5,5.5,0,0,0,1,0,0,1.12213740458015,99.9999999999998,0
2019,41,"2054*A",157,-3238,"Heterotheca villosa",15,9,6,6,1,0,0,1,0,0,0.5,99.9999999999999,0
2016,41,"2055*A",153,-3222,"Arnica latifolia",1,NA,NA,1,0,1,1,1,0,0,1.30188679245283,100.000000000002,68.8968640894341
2017,41,"2055*A",153,-3222,"Arnica latifolia",0,1,-1,0,0,0,0,0,0,1,1.28571428571429,0,0
2016,41,"2056*A",155,-3225,"Arnica latifolia",1,NA,NA,2,0,1,1,1,0,0,1.30188679245283,100.000000000002,0
2017,41,"2056*A",155,-3225,"Arnica latifolia",1,1,0,2.5,0,0,0,1,0,0,1.28571428571429,100.000000000002,47.20750586806
2018,41,"2056*A",155,-3225,"Arnica latifolia",7,1,6,4,0,0,0,1,0,0,1.12213740458015,100.000000000001,10.879482638351
2019,41,"2056*A",155,-3225,"Arnica latifolia",0,7,-7,0,0,0,0,0,0,1,0.5,0,0
2015,41,"2057*A",150,-3213,"Arenaria congesta",3,NA,NA,3,0,0,1,1,0,0,3.0530303030303,100.000000000001,0
2016,41,"2057*A",150,-3213,"Arenaria congesta",3,3,0,3,0,0,0,1,0,0,1.30188679245283,100.000000000001,0
2017,41,"2057*A",150,-3213,"Arenaria congesta",4,3,1,4,2,0,0,1,0,0,1.28571428571429,129.365706773864,0
2018,41,"2057*A",150,-3213,"Arenaria congesta",2,4,-2,2,0,0,0,1,0,0,1.12213740458015,100,0
2019,41,"2057*A",150,-3213,"Arenaria congesta",7.5,2,5.5,10.2,2,0,0,1,0,0,0.5,99.9999999999998,0
2016,41,"2058*A",146,-3210,"Pseudocymopterus montanus",0.4,NA,NA,1,0,1,1,1,0,0,1.30188679245283,200.000000000016,0
2017,41,"2058*A",146,-3210,"Pseudocymopterus montanus",0,0.4,-0.4,0,0,0,0,0,0,1,1.28571428571429,0,0
2016,41,"2059*A",162,-3220,"Lupinus argenteus",2,NA,NA,2,0,1,1,1,0,0,1.30188679245283,151.566853817128,0
2017,41,"2059*A",162,-3220,"Lupinus argenteus",0,2,-2,0,0,0,0,0,0,1,1.28571428571429,0,0
2014,15,"206*A",1745,-970,"Lupinus argenteus",12,NA,NA,12,0,0,NA,1,0,0,2.52336448598131,0,22.6302972350855
2015,15,"206*A",1745,-970,"Lupinus argenteus",14,12,2,9.5,0,0,0,1,0,0,3.0530303030303,0.346334516367532,19.9414640178113
2016,15,"206*A",1745,-970,"Lupinus argenteus",8,14,-6,7.5,0,0,0,1,0,0,1.30188679245283,0,0
2017,15,"206*A",1745,-970,"Lupinus argenteus",0,8,-8,0,0,0,0,0,0,1,1.28571428571429,0,0
2016,41,"2060*A",140.1460942,-3211.3064987,"Senecio crassulus",1,NA,NA,2.5,0,1,1,1,0,0,1.30188679245283,99.9999999999991,71.9651321801664
2016,41,"2060*B",139.9482926,-3211.2069854,"Senecio crassulus",1,NA,NA,2.5,0,1,1,1,0,0,1.30188679245283,99.9999999999997,71.9651321801638
2017,41,"2060*A",140.2921885,-3211.6129975,"Senecio crassulus",2.5,1,1.5,2.5,0,0,0,1,0,0,1.28571428571429,123.564734493577,77.5047205644635
2017,41,"2060*B",139.8965852,-3211.4139708,"Senecio crassulus",2.5,1,1.5,2.5,0,0,0,0,1,0,1.28571428571429,110.726622266017,77.5047205644614
2018,41,"2060*A",140,-3211,"Senecio crassulus",0,2.5,-2.5,0,0,0,0,0,0,1,1.12213740458015,0,0
2016,41,"2061*A",138,-3213,"Arnica latifolia",0.3,NA,NA,0.3,0,1,1,1,0,0,1.30188679245283,99.9999999999972,0
2017,41,"2061*A",138,-3213,"Arnica latifolia",0,0.3,-0.3,0,0,0,0,0,0,1,1.28571428571429,0,0
2016,41,"2062*A",139,-3224,"Senecio crassulus",0.3,NA,NA,0.3,0,1,1,1,0,0,1.30188679245283,99.9999999999972,0
2017,41,"2062*A",139,-3224,"Senecio crassulus",1.8,0.3,1.5,1,0,0,0,1,0,0,1.28571428571429,100.000000000001,0
2018,41,"2062*A",139,-3224,"Senecio crassulus",0,1.8,-1.8,0,0,0,0,0,0,1,1.12213740458015,0,0
2016,41,"2063*A",49,-3221,"Lupinus argenteus",6,NA,NA,4,0,0,1,1,0,0,1.30188679245283,0,0
2017,41,"2063*A",49,-3221,"Lupinus argenteus",0,6,-6,0,0,0,0,0,0,1,1.28571428571429,0,0
2016,42,"2064*A",400,-3235,"Heterotheca villosa",3,NA,NA,2,0,0,1,1,0,0,1.30188679245283,99.9999999999943,0
2017,42,"2064*A",400,-3235,"Heterotheca villosa",0,3,-3,0,0,0,0,0,0,1,1.28571428571429,0,0
2016,42,"2065*A",412,-3203,"Senecio crassulus",0.5,NA,NA,0.7,0,1,1,1,0,0,1.30188679245283,0,0
2017,42,"2065*A",412,-3203,"Senecio crassulus",2,0.5,1.5,2,0,0,0,1,0,0,1.28571428571429,17.437958290063,100.000000000005
2018,42,"2065*A",412,-3203,"Senecio crassulus",0,2,-2,0,0,0,0,0,0,1,1.12213740458015,0,0
2016,42,"2066*A",417,-3203,"Penstemon whippleanus",2,NA,NA,2.5,0,1,1,1,0,0,1.30188679245283,0,0
2017,42,"2066*A",417,-3203,"Penstemon whippleanus",9,2,7,6,0,0,0,1,0,0,1.28571428571429,41.0515036134685,0
2018,42,"2066*A",417,-3203,"Penstemon whippleanus",0,9,-9,0,0,0,0,0,0,1,1.12213740458015,0,0
2016,42,"2067*A",424,-3202,"Eriogonum umbellatum",1,NA,NA,1,0,1,1,1,0,0,1.30188679245283,99.9999999999968,0
2017,42,"2067*A",424,-3202,"Eriogonum umbellatum",0,1,-1,0,0,0,0,0,0,1,1.28571428571429,0,0
2016,42,"2068*A",420,-3210,"Elymus lanceolatus",0.5,NA,NA,2,0,1,1,1,0,0,1.30188679245283,0,0
2017,42,"2068*A",420,-3210,"Elymus lanceolatus",0,0.5,-0.5,0,0,0,0,0,0,1,1.28571428571429,0,0
2016,42,"2069*A",535,-3200,"Lupinus argenteus",7,NA,NA,5,0,0,1,1,0,0,1.30188679245283,0,0
2017,42,"2069*A",535,-3200,"Lupinus argenteus",12,7,5,8,0,0,0,1,0,0,1.28571428571429,0,0
2018,42,"2069*A",535,-3200,"Lupinus argenteus",0,12,-12,0,0,0,0,0,0,1,1.12213740458015,0,0
2014,15,"207*A",1755,-975,"Lupinus argenteus",13,NA,NA,11,0,0,NA,1,0,0,2.52336448598131,0,140.482832002573
2015,15,"207*A",1755,-975,"Lupinus argenteus",0,13,-13,0,0,0,0,1,0,0,3.0530303030303,0,0
2016,15,"207*A",1755,-975,"Lupinus argenteus",5.8,0,5.8,5.5,0,0,0,1,0,0,1.30188679245283,0,99.9999999999989
2017,15,"207*A",1755,-975,"Lupinus argenteus",0,5.8,-5.8,0,0,0,0,0,0,1,1.28571428571429,0,0
2016,42,"2070*A",535,-3310,"Lupinus argenteus",12,NA,NA,6,0,0,1,1,0,0,1.30188679245283,0.249999999999925,0
2017,42,"2070*A",535,-3310,"Lupinus argenteus",13,12,1,7,0,0,0,1,0,0,1.28571428571429,0,0
2018,42,"2070*A",535,-3310,"Lupinus argenteus",0,13,-13,0,0,0,0,0,0,1,1.12213740458015,0,0
2016,42,"2071*A",536,-3310,"Heterotheca villosa",0.6,NA,NA,0.4,0,1,1,1,0,0,1.30188679245283,100.000000000008,0
2017,42,"2071*A",536,-3310,"Heterotheca villosa",0,0.6,-0.6,0,0,0,0,0,0,1,1.28571428571429,0,0
2016,42,"2072*A",585,-3359,"Lupinus argenteus",8.5,NA,NA,6,0,0,1,1,0,0,1.30188679245283,0,0
2017,42,"2072*A",585,-3359,"Lupinus argenteus",0,8.5,-8.5,0,0,0,0,0,0,1,1.28571428571429,0,0
2016,43,"2073*A",936,-3325,"Lupinus argenteus",6,NA,NA,4.5,0,0,1,1,0,0,1.30188679245283,0,0
2017,43,"2073*A",936,-3325,"Lupinus argenteus",7.5,6,1.5,3,0,0,0,1,0,0,1.28571428571429,0,0
2018,43,"2073*A",936,-3325,"Lupinus argenteus",0,7.5,-7.5,0,0,0,0,0,0,1,1.12213740458015,0,0
2016,45,"2074*A",1603,-3373,"Eriogonum umbellatum",1,NA,NA,1,0,1,1,1,0,0,1.30188679245283,0,0
2017,45,"2074*A",1603,-3373,"Eriogonum umbellatum",0,1,-1,0,0,0,0,0,0,1,1.28571428571429,0,0
2015,45,"2075*A",1678,-3342,"Agoseris glauca",9,NA,NA,7,0,0,1,1,0,0,3.0530303030303,100.003190753277,0
2016,45,"2075*A",1678,-3342,"Agoseris glauca",9,9,0,7,0,0,0,1,0,0,1.30188679245283,99.9999999999989,0
2017,45,"2075*A",1678,-3342,"Agoseris glauca",25,9,16,7,4,0,0,1,0,0,1.28571428571429,72.3367691505408,0
2018,45,"2075*A",1678,-3342,"Agoseris glauca",5,25,-20,6,1,0,0,1,0,0,1.12213740458015,99.9999999999921,0
2019,45,"2075*A",1678,-3342,"Agoseris glauca",0,5,-5,0,0,0,0,0,0,1,0.5,0,0
2016,45,"2076*A",1724,-3303,"Lupinus argenteus",2,NA,NA,2.5,0,0,1,1,0,0,1.30188679245283,0,0
2017,45,"2076*A",1724,-3303,"Lupinus argenteus",0,2,-2,0,0,0,0,0,0,1,1.28571428571429,0,0
2016,50,"2077*A",1697,-3800,"Senecio crassulus",2,NA,NA,3,0,0,1,1,0,0,1.30188679245283,99.9999999999927,0
2017,50,"2077*A",1697,-3800,"Senecio crassulus",10,2,8,8,0,0,0,1,0,0,1.28571428571429,81.1204452154651,0
2018,50,"2077*A",1697,-3800,"Senecio crassulus",0,10,-10,0,0,0,0,0,0,1,1.12213740458015,0,0
2016,50,"2078*A",1777,-3751,"Arnica latifolia",1,NA,NA,1,0,1,1,1,0,0,1.30188679245283,0,0
2017,50,"2078*A",1777,-3751,"Arnica latifolia",1.5,1,0.5,1.5,0,0,0,1,0,0,1.28571428571429,0,0
2018,50,"2078*A",1777,-3751,"Arnica latifolia",4.5,1.5,3,2,0,0,0,1,0,0,1.12213740458015,0,0
2019,50,"2078*A",1777,-3751,"Arnica latifolia",7,4.5,2.5,5,0,0,0,1,0,0,0.5,0,0
2016,50,"2079*A",1765,-3725,"Eriogonum umbellatum",0.6,NA,NA,0.5,0,1,1,1,0,0,1.30188679245283,100.000000000038,0
2017,50,"2079*A",1765,-3725,"Eriogonum umbellatum",0,0.6,-0.6,0,0,0,0,0,0,1,1.28571428571429,0,0
2014,15,"208*A",1760,-975,"Lupinus argenteus",25,NA,NA,13,4,0,NA,1,0,0,2.52336448598131,0,91.2430595453938
2015,15,"208*A",1760,-975,"Lupinus argenteus",25,25,0,15.5,3,0,0,1,0,0,3.0530303030303,0.308799999999987,59.0970434264215
2016,15,"208*A",1760,-975,"Lupinus argenteus",18,25,-7,17,1,0,0,1,0,0,1.30188679245283,0.303043500531511,34.7330989114496
2017,15,"208*A",1760,-975,"Lupinus argenteus",9,18,-9,4,0,0,0,1,0,0,1.28571428571429,0,7.03524527111093
2018,15,"208*A",1760,-975,"Lupinus argenteus",0,9,-9,0,0,0,0,0,0,1,1.12213740458015,0,0
2016,50,"2080*A",1627,-3712,"Elymus lanceolatus",6,NA,NA,3,0,0,1,1,0,0,1.30188679245283,0,0
2017,50,"2080*A",1627,-3712,"Elymus lanceolatus",7,6,1,9,0,0,0,1,0,0,1.28571428571429,0,0
2018,50,"2080*A",1627,-3712,"Elymus lanceolatus",0,7,-7,0,0,0,0,0,0,1,1.12213740458015,0,0
2016,49,"2081*A",1266,-3790,"Lupinus argenteus",4.5,NA,NA,2,0,0,1,1,0,0,1.30188679245283,0,0
2017,49,"2081*A",1266,-3790,"Lupinus argenteus",0,4.5,-4.5,0,0,0,0,0,0,1,1.28571428571429,0,0
2016,49,"2082*A",1358,-3740,"Lupinus argenteus",7,NA,NA,6,0,0,1,1,0,0,1.30188679245283,0,0
2017,49,"2082*A",1358,-3740,"Lupinus argenteus",0,7,-7,0,0,0,0,0,0,1,1.28571428571429,0,0
2016,49,"2083*A",1377,-3731,"Lupinus argenteus",6,NA,NA,4,0,0,1,1,0,0,1.30188679245283,0,0
2017,49,"2083*A",1377,-3731,"Lupinus argenteus",9.5,6,3.5,7,0,0,0,1,0,0,1.28571428571429,0,0
2018,49,"2083*A",1377,-3731,"Lupinus argenteus",0,9.5,-9.5,0,0,0,0,0,0,1,1.12213740458015,0,0
2016,49,"2084*A",1262,-3610,"Eriogonum umbellatum",0.5,NA,NA,0.3,0,1,1,1,0,0,1.30188679245283,0,0
2017,49,"2084*A",1262,-3610,"Eriogonum umbellatum",0,0.5,-0.5,0,0,0,0,0,0,1,1.28571428571429,0,0
2016,48,"2085*A",942,-3793,"Lupinus argenteus",3,NA,NA,3,0,0,1,1,0,0,1.30188679245283,0,0
2017,48,"2085*A",942,-3793,"Lupinus argenteus",0,3,-3,0,0,0,0,0,0,1,1.28571428571429,0,0
2016,46,"2086*A",69,-3601,"Lupinus argenteus",7,NA,NA,6,0,0,1,1,0,0,1.30188679245283,0,0
2017,46,"2086*A",69,-3601,"Lupinus argenteus",11,7,4,8,0,0,0,1,0,0,1.28571428571429,0,0
2018,46,"2086*A",69,-3601,"Lupinus argenteus",0,11,-11,0,0,0,0,0,0,1,1.12213740458015,0,0
2016,46,"2087*A",84,-3614,"Senecio crassulus",0.5,NA,NA,1,0,1,1,1,0,0,1.30188679245283,0,0
2017,46,"2087*A",84,-3614,"Senecio crassulus",1,0.5,0.5,1,0,0,0,1,0,0,1.28571428571429,0,0
2018,46,"2087*A",84,-3614,"Senecio crassulus",0,1,-1,0,0,0,0,0,0,1,1.12213740458015,0,0
2016,46,"2088*A",21,-3683,"Carex siccata",6,NA,NA,15,0,0,1,1,0,0,1.30188679245283,0,0
2017,46,"2088*A",21,-3683,"Carex siccata",8,6,2,6,0,0,0,1,0,0,1.28571428571429,0,4.41406289014421
2018,46,"2088*A",21,-3683,"Carex siccata",9.5,8,1.5,8.5,0,0,0,1,0,0,1.12213740458015,0,0.0607806830073414
2019,46,"2088*A",21,-3683,"Carex siccata",11,9.5,1.5,13,0,0,0,1,0,0,0.5,0,5.19027124938019
2016,46,"2089*A",24,-3716,"Viola praemorsa",0.5,NA,NA,0.6,0,1,1,1,0,0,1.30188679245283,0,0
2017,46,"2089*A",24,-3716,"Viola praemorsa",0,0.5,-0.5,0,0,0,0,0,0,1,1.28571428571429,0,0
2014,15,"209*A",1765,-980,"Lupinus argenteus",21,NA,NA,11,3,0,NA,1,0,0,2.52336448598131,0,87.7283244352993
2015,15,"209*A",1765,-980,"Lupinus argenteus",19,21,-2,13,0,0,0,1,0,0,3.0530303030303,0.135734072022053,77.2738739813033
2016,15,"209*A",1765,-980,"Lupinus argenteus",11,19,-8,9,0,0,0,1,0,0,1.30188679245283,0.119442664044042,65.2026780769374
2017,15,"209*A",1765,-980,"Lupinus argenteus",8,11,-3,6,0,0,0,1,0,0,1.28571428571429,0,8.90398229624841
2018,15,"209*A",1765,-980,"Lupinus argenteus",0,8,-8,0,0,0,0,0,0,1,1.12213740458015,0,0
2016,46,"2090*A",62,-3723,"Eriogonum umbellatum",0.5,NA,NA,1,0,1,1,1,0,0,1.30188679245283,99.9999999999959,0
2017,46,"2090*A",62,-3723,"Eriogonum umbellatum",0,0.5,-0.5,0,0,0,0,0,0,1,1.28571428571429,0,0
2015,46,"2091*A",66,-3725,"Arenaria congesta",1.2,NA,NA,2,0,0,1,1,0,0,3.0530303030303,99.9999999999999,0
2016,46,"2091*A",66,-3725,"Arenaria congesta",1.2,1.2,0,2,0,0,0,1,0,0,1.30188679245283,99.9999999999999,0
2017,46,"2091*A",66,-3725,"Arenaria congesta",2,1.2,0.8,1,0,0,0,1,0,0,1.28571428571429,200,0
2018,46,"2091*A",66,-3725,"Arenaria congesta",3,2,1,3,0,0,0,1,0,0,1.12213740458015,99.9999999999998,0
2019,46,"2091*A",66,-3725,"Arenaria congesta",7.5,3,4.5,4,1,0,0,1,0,0,0.5,0.26812062178506,0
2016,46,"2092*A",7,-3754,"Viola praemorsa",3,NA,NA,1,0,0,1,1,0,0,1.30188679245283,109.198044811966,0
2017,46,"2092*A",7,-3754,"Viola praemorsa",4,3,1,2.5,0,0,0,1,0,0,1.28571428571429,101.908816629703,0
2018,46,"2092*A",7,-3754,"Viola praemorsa",0,4,-4,0,0,0,0,0,0,1,1.12213740458015,0,0
2016,46,"2093*A",11,-3751,"Lupinus argenteus",8,NA,NA,3,0,0,1,1,0,0,1.30188679245283,125.07381449526,1.17572618604479
2017,46,"2093*A",11,-3751,"Lupinus argenteus",6.5,8,-1.5,3.5,0,0,0,1,0,0,1.28571428571429,100.722865469237,0.0125936578966999
2018,46,"2093*A",11,-3751,"Lupinus argenteus",0,6.5,-6.5,0,0,0,0,0,0,1,1.12213740458015,0,0
2016,46,"2094*A",13,-3755,"Lupinus argenteus",2,NA,NA,2,0,0,1,1,0,0,1.30188679245283,200,18.8116189767161
2017,46,"2094*A",13,-3755,"Lupinus argenteus",2.5,2,0.5,2.5,0,0,0,1,0,0,1.28571428571429,100,0.0851331273816873
2018,46,"2094*A",13,-3755,"Lupinus argenteus",0,2.5,-2.5,0,0,0,0,0,0,1,1.12213740458015,0,0
2015,46,"2095*A",16,-3750,"Senecio crassulus",3,NA,NA,2,0,0,1,1,0,0,3.0530303030303,100,0
2016,46,"2095*A",16,-3750,"Senecio crassulus",3,3,0,2,0,0,0,1,0,0,1.30188679245283,206.314269543166,0
2017,46,"2095*A",16,-3750,"Senecio crassulus",0,3,-3,0,0,0,0,0,0,1,1.28571428571429,0,0
2016,46,"2096*A",12,-3760,"Agoseris glauca",0.5,NA,NA,1.5,0,1,1,1,0,0,1.30188679245283,199.999999999999,0
2017,46,"2096*A",12,-3760,"Agoseris glauca",4.5,0.5,4,3,0,0,0,1,0,0,1.28571428571429,100.167690179927,0
2018,46,"2096*A",12,-3760,"Agoseris glauca",0,4.5,-4.5,0,0,0,0,0,0,1,1.12213740458015,0,0
2016,46,"2097*A",20.17531309,-3741.36779849,"Senecio crassulus",1.5,NA,NA,2,0,1,1,1,0,0,1.30188679245283,0,77.5047213081883
2016,46,"2097*B",19.93795113,-3741.24838245,"Senecio crassulus",1.5,NA,NA,2,0,1,1,0,1,0,1.30188679245283,0,77.5047213081886
2017,46,"2097*A",20,-3741,"Senecio crassulus",0,1.5,-1.5,0,0,0,0,0,0,1,1.28571428571429,0,0
2016,46,"2098*A",12.11687539,-3771.24519899,"Senecio crassulus",1,NA,NA,2,0,1,1,1,0,0,1.30188679245283,100,77.5047211222493
2016,46,"2098*B",11.95863408,-3771.1655883,"Senecio crassulus",1,NA,NA,2,0,1,1,0,1,0,1.30188679245283,100,77.5047211222497
2017,46,"2098*A",12,-3771,"Senecio crassulus",0,1,-1,0,0,0,0,0,0,1,1.28571428571429,0,0
2016,46,"2099*A",14.23375078,-3777.49039798,"Senecio crassulus",0.5,NA,NA,1,0,1,1,1,0,0,1.30188679245283,200,17.8672618999861
2016,46,"2099*B",13.91726817,-3777.3311766,"Senecio crassulus",0.5,NA,NA,1,0,1,1,0,1,0,1.30188679245283,200,17.8672618999858
2017,46,"2099*A",14,-3777,"Senecio crassulus",0,0.5,-0.5,0,0,0,0,0,0,1,1.28571428571429,0,0
2014,5,"21*A",1633,-160,"Lupinus argenteus",22,NA,NA,13,6,0,NA,1,0,0,2.52336448598131,0,25.3216240898124
2015,5,"21*A",1633,-160,"Lupinus argenteus",24,22,2,14,6,0,0,1,0,0,3.0530303030303,0,13.2314402368838
2016,5,"21*A",1633,-160,"Lupinus argenteus",0,24,-24,0,0,0,0,0,0,1,1.30188679245283,0,0
2014,15,"210*A",1785,-980,"Lupinus argenteus",17,NA,NA,11,1,0,NA,1,0,0,2.52336448598131,0,0
2015,15,"210*A",1785,-980,"Lupinus argenteus",1.5,17,-15.5,2,0,0,0,1,0,0,3.0530303030303,0,0
2016,15,"210*A",1785,-980,"Lupinus argenteus",5,1.5,3.5,5,0,0,0,1,0,0,1.30188679245283,0,0
2017,15,"210*A",1785,-980,"Lupinus argenteus",0,5,-5,0,0,0,0,0,0,1,1.28571428571429,0,0
2016,46,"2100*A",13,-3781,"Eriogonum umbellatum",1,NA,NA,1,0,1,1,1,0,0,1.30188679245283,0,100
2017,46,"2100*A",13,-3781,"Eriogonum umbellatum",0,1,-1,0,0,0,0,0,0,1,1.28571428571429,0,0
2016,46,"2101*A",5,-3790,"Senecio crassulus",0.5,NA,NA,1,0,1,1,1,0,0,1.30188679245283,100,0
2017,46,"2101*A",5,-3790,"Senecio crassulus",0,0.5,-0.5,0,0,0,0,0,0,1,1.28571428571429,0,0
2016,46,"2102*A",8,-3787,"Eriogonum umbellatum",0.5,NA,NA,1,0,1,1,1,0,0,1.30188679245283,0,99.9999999999998
2017,46,"2102*A",8,-3787,"Eriogonum umbellatum",0,0.5,-0.5,0,0,0,0,0,0,1,1.28571428571429,0,0
2016,46,"2103*A",15,-3785,"Carex siccata",2,NA,NA,6,0,0,1,1,0,0,1.30188679245283,100,100
2017,46,"2103*A",15,-3785,"Carex siccata",4,2,2,3,0,0,0,1,0,0,1.28571428571429,100,100
2018,46,"2103*A",15,-3785,"Carex siccata",0,4,-4,0,0,0,0,0,0,1,1.12213740458015,0,0
2016,46,"2104*A",28,-3789,"Heterotheca villosa",0.5,NA,NA,0.3,0,1,1,1,0,0,1.30188679245283,25.7170595718129,0
2017,46,"2104*A",28,-3789,"Heterotheca villosa",0,0.5,-0.5,0,0,0,0,0,0,1,1.28571428571429,0,0
2016,46,"2105*A",45,-3785,"Heterotheca villosa",1,NA,NA,1.5,0,1,1,1,0,0,1.30188679245283,10.8828524131775,0
2017,46,"2105*A",45,-3785,"Heterotheca villosa",0,1,-1,0,0,0,0,0,0,1,1.28571428571429,0,0
2016,46,"2106*A",16,-3773,"Senecio crassulus",0.5,NA,NA,1,0,1,1,1,0,0,1.30188679245283,99.9999999999999,0
2017,46,"2106*A",16,-3773,"Senecio crassulus",0,0.5,-0.5,0,0,0,0,0,0,1,1.28571428571429,0,0
2016,46,"2107*A",52,-3788,"Senecio crassulus",1.3,NA,NA,3,0,0,1,1,0,0,1.30188679245283,0,0
2017,46,"2107*A",52,-3788,"Senecio crassulus",0,1.3,-1.3,0,0,0,0,0,0,1,1.28571428571429,0,0
2016,46,"2108*A",61,-3794,"Agoseris glauca",7,NA,NA,3,1,0,1,1,0,0,1.30188679245283,119.80060084741,0
2017,46,"2108*A",61,-3794,"Agoseris glauca",5,7,-2,6,0,0,0,1,0,0,1.28571428571429,37.2473032135991,0
2018,46,"2108*A",61,-3794,"Agoseris glauca",2.5,5,-2.5,1,0,0,0,1,0,0,1.12213740458015,0,0
2019,46,"2108*A",61,-3794,"Agoseris glauca",0,2.5,-2.5,0,0,0,0,0,0,1,0.5,0,0
2016,46,"2109*A",58,-3797,"Arenaria congesta",6,NA,NA,3,0,0,1,1,0,0,1.30188679245283,126.950817820086,0
2017,46,"2109*A",58,-3797,"Arenaria congesta",8,6,2,5,1,0,0,1,0,0,1.28571428571429,15.6667308580511,0
2018,46,"2109*A",58,-3797,"Arenaria congesta",5,8,-3,3,0,0,0,1,0,0,1.12213740458015,0,0
2019,46,"2109*A",58,-3797,"Arenaria congesta",10,5,5,7,2,0,0,1,0,0,0.5,0,0
2014,15,"211*A",1800,-975,"Lupinus argenteus",8,NA,NA,8,0,0,NA,1,0,0,2.52336448598131,0,0
2015,15,"211*A",1800,-975,"Lupinus argenteus",1,8,-7,0.5,0,0,0,1,0,0,3.0530303030303,0,0
2016,15,"211*A",1800,-975,"Lupinus argenteus",11.5,1,10.5,8,0,0,0,1,0,0,1.30188679245283,0,0
2017,15,"211*A",1800,-975,"Lupinus argenteus",0,11.5,-11.5,0,0,0,0,0,0,1,1.28571428571429,0,0
2016,46,"2110*A",59,-3773,"Senecio crassulus",0.5,NA,NA,1.5,0,1,1,1,0,0,1.30188679245283,299.999999999988,0
2017,46,"2110*A",59,-3773,"Senecio crassulus",0,0.5,-0.5,0,0,0,0,0,0,1,1.28571428571429,0,0
2016,46,"2111*A",50,-3782,"Arenaria congesta",3,NA,NA,4,0,1,1,1,0,0,1.30188679245283,158.251351134334,0
2017,46,"2111*A",50,-3782,"Arenaria congesta",5.5,3,2.5,4,0,0,0,1,0,0,1.28571428571429,200.826446280991,0
2018,46,"2111*A",50,-3782,"Arenaria congesta",5.5,5.5,0,4,0,0,0,1,0,0,1.12213740458015,196.845600134508,0
2019,46,"2111*A",50,-3782,"Arenaria congesta",7.5,5.5,2,5,0,0,0,1,0,0,0.5,121.039843204395,0
2015,46,"2112*A",79,-3774,"Penstemon whippleanus",4,NA,NA,3,0,0,1,1,0,0,3.0530303030303,100,0
2016,46,"2112*A",79,-3774,"Penstemon whippleanus",4,4,0,3,0,0,0,1,0,0,1.30188679245283,188.168014011261,0
2017,46,"2112*A",79,-3774,"Penstemon whippleanus",0,4,-4,0,0,0,0,0,0,1,1.28571428571429,0,0
2016,46,"2113*A",60,-3776,"Agoseris glauca",3,NA,NA,4,0,0,1,1,0,0,1.30188679245283,157.357511842337,0
2017,46,"2113*A",60,-3776,"Agoseris glauca",12.5,3,9.5,3,1,0,0,1,0,0,1.28571428571429,134.333893446083,0
2018,46,"2113*A",60,-3776,"Agoseris glauca",4,12.5,-8.5,3,0,0,0,1,0,0,1.12213740458015,120.665696197671,0
2019,46,"2113*A",60,-3776,"Agoseris glauca",4,4,0,4,0,0,0,1,0,0,0.5,31.4146833493152,0
2016,46,"2114*A",76,-3773,"Arenaria congesta",2,NA,NA,3,0,0,1,1,0,0,1.30188679245283,200,0
2017,46,"2114*A",76,-3773,"Arenaria congesta",5,2,3,3,1,0,0,1,0,0,1.28571428571429,100,0
2018,46,"2114*A",76,-3773,"Arenaria congesta",2,5,-3,0.5,0,0,0,1,0,0,1.12213740458015,99.9999999999999,0
2019,46,"2114*A",76,-3773,"Arenaria congesta",0,2,-2,0,0,0,0,0,0,1,0.5,0,0
2016,46,"2115*A",70,-3790,"Phacelia hastata",8,NA,NA,4,1,0,1,1,0,0,1.30188679245283,105.008787732958,0
2017,46,"2115*A",70,-3790,"Phacelia hastata",6.5,8,-1.5,1.5,0,0,0,1,0,0,1.28571428571429,11.819701899967,0
2018,46,"2115*A",70,-3790,"Phacelia hastata",7,6.5,0.5,2,1,0,0,1,0,0,1.12213740458015,3.09783237850464,0
2019,46,"2115*A",70,-3790,"Phacelia hastata",8,7,1,3,1,0,0,1,0,0,0.5,27.8873341918825,0
2016,46,"2116*A",98.46750156,-3784.98079596,"Viola praemorsa",1,NA,NA,1,0,1,1,1,0,0,1.30188679245283,99.9999999999962,17.8672610972464
2016,46,"2116*B",97.83453633,-3784.6623532,"Viola praemorsa",1,NA,NA,1,0,1,1,0,1,0,1.30188679245283,117.840058880297,70.5844599692082
2016,46,"2116*C",96.41929946,-3787.50484772,"Viola praemorsa",1,NA,NA,1,0,1,1,0,1,0,1.30188679245283,99.9999999999999,0
2017,46,"2116*A",98,-3784,"Viola praemorsa",0,1,-1,0,0,0,0,0,0,1,1.28571428571429,0,0
2016,46,"2117*A",84.70125235,-3763.47119394,"Ivesia gordonii",1,NA,NA,1,0,1,1,1,0,0,1.30188679245283,199.999999999997,0
2016,46,"2117*B",83.7518045,-3762.9935298,"Ivesia gordonii",1,NA,NA,1,0,1,1,0,1,0,1.30188679245283,200.000000000004,0
2016,46,"2117*C",81.62894919,-3767.25727158,"Ivesia gordonii",1,NA,NA,1,0,1,1,0,1,0,1.30188679245283,207.406239011976,0
2016,46,"2117*D",87.48257475,-3757.57376105,"Ivesia gordonii",1,NA,NA,1,0,1,1,0,1,0,1.30188679245283,230.129380977443,0
2016,46,"2117*E",79.97981967,-3759.51349952,"Ivesia gordonii",1,NA,NA,1,0,1,1,0,1,0,1.30188679245283,200.000000000002,21.3696561375929
2016,46,"2117*F",80.11271493,-3758.85622396,"Ivesia gordonii",1,NA,NA,1,0,1,1,0,1,0,1.30188679245283,200,21.3696561375935
2017,46,"2117*A",84,-3762,"Ivesia gordonii",3.5,1,2.5,2,0,0,0,1,0,0,1.28571428571429,191.716666147494,0
2018,46,"2117*A",84,-3762,"Ivesia gordonii",4.5,3.5,1,4,0,0,0,1,0,0,1.12213740458015,99.9999999999997,0
2019,46,"2117*A",84,-3762,"Ivesia gordonii",12,4.5,7.5,5,2,0,0,1,0,0,0.5,84.84117817711,0
2016,46,"2118*A",109,-3775,"Viola praemorsa",0.8,NA,NA,1,0,1,1,1,0,0,1.30188679245283,99.9999999999988,0
2017,46,"2118*A",109,-3775,"Viola praemorsa",0,0.8,-0.8,0,0,0,0,0,0,1,1.28571428571429,0,0
2016,46,"2119*A",139,-3791,"Ivesia gordonii",0.3,NA,NA,0.5,0,1,1,1,0,0,1.30188679245283,99.9999999999972,0
2017,46,"2119*A",139,-3791,"Ivesia gordonii",0,0.3,-0.3,0,0,0,0,0,0,1,1.28571428571429,0,0
2014,15,"212*A",1795,-985,"Lupinus argenteus",2,NA,NA,2,0,0,NA,1,0,0,2.52336448598131,0,0
2015,15,"212*A",1795,-985,"Lupinus argenteus",3.5,2,1.5,3,0,0,0,1,0,0,3.0530303030303,0,0
2016,15,"212*A",1795,-985,"Lupinus argenteus",8,3.5,4.5,8,0,0,0,1,0,0,1.30188679245283,0,0
2017,15,"212*A",1795,-985,"Lupinus argenteus",0,8,-8,0,0,0,0,0,0,1,1.28571428571429,0,0
2016,46,"2120*A",141,-3791,"Ivesia gordonii",0.2,NA,NA,0.2,0,1,1,1,0,0,1.30188679245283,0,0
2017,46,"2120*A",141,-3791,"Ivesia gordonii",0,0.2,-0.2,0,0,0,0,0,0,1,1.28571428571429,0,0
2016,46,"2121*A",122,-3796,"Ivesia gordonii",0.3,NA,NA,0.5,0,1,1,1,0,0,1.30188679245283,0,0
2017,46,"2121*A",122,-3796,"Ivesia gordonii",1.5,0.3,1.2,1.5,0,0,0,1,0,0,1.28571428571429,0,0
2018,46,"2121*A",122,-3796,"Ivesia gordonii",5.5,1.5,4,3.5,0,0,0,1,0,0,1.12213740458015,0,0
2019,46,"2121*A",122,-3796,"Ivesia gordonii",12.5,5.5,7,4,1,0,0,1,0,0,0.5,0,0
2016,46,"2122*A",166.1168754,-3792.24519899,"Ivesia gordonii",0.5,NA,NA,0.5,0,1,1,1,0,0,1.30188679245283,99.999999999995,55.7407502219556
2016,46,"2122*B",165.9586341,-3792.165588301,"Ivesia gordonii",0.5,NA,NA,0.5,0,1,1,0,1,0,1.30188679245283,99.9999999999986,55.740750221959
2017,46,"2122*A",166,-3792,"Ivesia gordonii",0,0.5,-0.5,0,0,0,0,0,0,1,1.28571428571429,0,0
2016,46,"2123*A",154,-3760,"Agoseris glauca",0.5,NA,NA,0.3,0,1,1,1,0,0,1.30188679245283,271.667160812849,0
2017,46,"2123*A",154,-3760,"Agoseris glauca",0,0.5,-0.5,0,0,0,0,0,0,1,1.28571428571429,0,0
2016,46,"2124*A",161,-3755,"Senecio crassulus",0.5,NA,NA,1,0,1,1,1,0,0,1.30188679245283,299.999999999994,0
2017,46,"2124*A",161,-3755,"Senecio crassulus",0,0.5,-0.5,0,0,0,0,0,0,1,1.28571428571429,0,0
2016,46,"2125*A",176,-3760,"Lupinus argenteus",12,NA,NA,5,0,0,1,1,0,0,1.30188679245283,275.973378411443,2.65614004824146
2017,46,"2125*A",176,-3760,"Lupinus argenteus",7,12,-5,6,0,0,0,1,0,0,1.28571428571429,300,0
2018,46,"2125*A",176,-3760,"Lupinus argenteus",0,7,-7,0,0,0,0,0,0,1,1.12213740458015,0,0
2016,46,"2126*A",180,-3752,"Lupinus argenteus",8,NA,NA,5,0,0,1,1,0,0,1.30188679245283,265.818217874138,5.97631510854333
2017,46,"2126*A",180,-3752,"Lupinus argenteus",0,8,-8,0,0,0,0,0,0,1,1.28571428571429,0,0
2016,46,"2127*A",172.3506262,-3791.73559697,"Eriogonum umbellatum",0.5,NA,NA,0.5,0,1,1,1,0,0,1.30188679245283,299.046488675265,0
2016,46,"2127*B",171.8759023,-3791.496764902,"Eriogonum umbellatum",0.5,NA,NA,0.5,0,1,1,0,1,0,1.30188679245283,299.999999999997,0
2017,46,"2127*A",172,-3791,"Eriogonum umbellatum",0,0.5,-0.5,0,0,0,0,0,0,1,1.28571428571429,0,0
2016,46,"2128*A",170,-3790,"Senecio crassulus",0.5,NA,NA,1,0,0,1,1,0,0,1.30188679245283,199.999999999992,0
2017,46,"2128*A",170,-3790,"Senecio crassulus",3,0.5,2.5,2.5,0,0,0,1,0,0,1.28571428571429,0,0
2018,46,"2128*A",170,-3790,"Senecio crassulus",0,3,-3,0,0,0,0,0,0,1,1.12213740458015,0,0
2015,46,"2129*A",158,-3784,"Ivesia gordonii",1,NA,NA,1,0,0,1,1,0,0,3.0530303030303,32.3468591619113,0
2016,46,"2129*A",158,-3784,"Ivesia gordonii",1,1,0,1,0,0,0,1,0,0,1.30188679245283,100.000000000002,0
2017,46,"2129*A",158,-3784,"Ivesia gordonii",0,1,-1,0,0,0,0,0,0,1,1.28571428571429,0,0
2014,15,"213*A",1755,-995,"Lupinus argenteus",17,NA,NA,8,1,0,NA,1,0,0,2.52336448598131,0,2.26520941592035
2015,15,"213*A",1755,-995,"Lupinus argenteus",17,17,0,10,2,0,0,1,0,0,3.0530303030303,0,0.404643770485651
2016,15,"213*A",1755,-995,"Lupinus argenteus",16.5,17,-0.5,5,0,0,0,1,0,0,1.30188679245283,0,0
2017,15,"213*A",1755,-995,"Lupinus argenteus",0,16.5,-16.5,0,0,0,0,0,0,1,1.28571428571429,0,0
2016,46,"2130*A",169,-3799,"Arenaria congesta",2,NA,NA,2,0,0,1,1,0,0,1.30188679245283,100,0
2017,46,"2130*A",169,-3799,"Arenaria congesta",0,2,-2,0,0,0,0,0,0,1,1.28571428571429,0,0
2016,46,"2131*A",188,-3795,"Heterotheca villosa",1,NA,NA,1,0,1,1,1,0,0,1.30188679245283,300.000000000006,0
2017,46,"2131*A",188,-3795,"Heterotheca villosa",3,1,2,2,0,0,0,1,0,0,1.28571428571429,226.966313845681,0
2018,46,"2131*A",188,-3795,"Heterotheca villosa",0,3,-3,0,0,0,0,0,0,1,1.12213740458015,0,0
2016,46,"2132*A",188,-3784,"Heterotheca villosa",4,NA,NA,3,0,0,1,1,0,0,1.30188679245283,313.581265467553,6.24999999999991
2017,46,"2132*A",188,-3784,"Heterotheca villosa",0,4,-4,0,0,0,0,0,0,1,1.28571428571429,0,0
2015,46,"2133*A",194,-3755,"Carex siccata",19,NA,NA,20,0,0,1,1,0,0,3.0530303030303,102.405646235308,0.351582298357531
2016,46,"2133*A",194,-3755,"Carex siccata",19,19,0,20,0,0,0,1,0,0,1.30188679245283,118.822965856629,9.00314088248025
2017,46,"2133*A",194,-3755,"Carex siccata",15,19,-4,25,0,0,0,1,0,0,1.28571428571429,118.770294550138,35.8404220813982
2018,46,"2133*A",194,-3755,"Carex siccata",17,15,2,17.5,0,0,0,1,0,0,1.12213740458015,103.677561848958,4.9756673327919
2019,46,"2133*A",194,-3755,"Carex siccata",12,17,-5,14,0,0,0,1,0,0,0.5,100,0
2016,46,"2134*A",189,-3785,"Heterotheca villosa",1,NA,NA,1,0,0,1,1,0,0,1.30188679245283,296.714583963664,100.000000000002
2017,46,"2134*A",189,-3785,"Heterotheca villosa",0,1,-1,0,0,0,0,0,0,1,1.28571428571429,0,0
2016,46,"2135*A",145,-3774,"Agoseris glauca",3,NA,NA,6,0,0,1,1,0,0,1.30188679245283,209.517095823674,32.6643274250685
2017,46,"2135*A",145,-3774,"Agoseris glauca",0,3,-3,0,0,0,0,0,0,1,1.28571428571429,0,0
2016,46,"2136*A",146,-3776,"Agoseris glauca",4,NA,NA,8,0,0,1,1,0,0,1.30188679245283,189.068145058939,18.3736841765999
2017,46,"2136*A",146,-3776,"Agoseris glauca",0,4,-4,0,0,0,0,0,0,1,1.28571428571429,0,0
2016,46,"2137*A",148,-3776,"Senecio crassulus",6,NA,NA,6,0,0,1,1,0,0,1.30188679245283,141.591973551711,0
2017,46,"2137*A",148,-3776,"Senecio crassulus",0,6,-6,0,0,0,0,0,0,1,1.28571428571429,0,0
2016,46,"2138*A",147,-3771,"Agoseris glauca",4,NA,NA,6,0,0,1,1,0,0,1.30188679245283,208.479748777522,0
2017,46,"2138*A",147,-3771,"Agoseris glauca",0,4,-4,0,0,0,0,0,0,1,1.28571428571429,0,0
2016,46,"2139*A",97.35062617,-3758.73559697,"Ivesia gordonii",1,NA,NA,2,0,1,1,1,0,0,1.30188679245283,399.999999999998,114.889253950337
2016,46,"2139*B",96.87590225,-3758.4967649,"Ivesia gordonii",1,NA,NA,2,0,1,1,0,1,0,1.30188679245283,399.999999999994,52.8083803590326
2016,46,"2139*C",95.8144746,-3760.62863579,"Ivesia gordonii",1,NA,NA,2,0,1,1,0,1,0,1.30188679245283,239.944133551536,0
2017,46,"2139*A",97,-3758,"Ivesia gordonii",0,1,-1,0,0,0,0,0,0,1,1.28571428571429,0,0
2014,15,"214*A",1770,-995,"Lupinus argenteus",5,NA,NA,4,0,0,NA,1,0,0,2.52336448598131,0,0
2015,15,"214*A",1770,-995,"Lupinus argenteus",8,5,3,4,0,0,0,1,0,0,3.0530303030303,0,0
2016,15,"214*A",1770,-995,"Lupinus argenteus",9.5,8,1.5,5,0,0,0,1,0,0,1.30188679245283,0,10.1686841712999
2017,15,"214*A",1770,-995,"Lupinus argenteus",0,9.5,-9.5,0,0,0,0,0,0,1,1.28571428571429,0,0
2016,46,"2140*A",88,-3745,"Senecio crassulus",1,NA,NA,1,0,1,1,1,0,0,1.30188679245283,300.000000000003,0
2017,46,"2140*A",88,-3745,"Senecio crassulus",0,1,-1,0,0,0,0,0,0,1,1.28571428571429,0,0
2015,46,"2141*A",87,-3740,"Agoseris glauca",2,NA,NA,5,0,0,1,1,0,0,3.0530303030303,405.32297630106,0
2016,46,"2141*A",87,-3740,"Agoseris glauca",2,2,0,5,0,0,0,1,0,0,1.30188679245283,315.579391819234,0
2017,46,"2141*A",87,-3740,"Agoseris glauca",13,2,11,4,0,0,0,1,0,0,1.28571428571429,204.017797313005,0
2018,46,"2141*A",87,-3740,"Agoseris glauca",9,13,-4,4,0,0,0,1,0,0,1.12213740458015,202.748080913292,0
2019,46,"2141*A",87,-3740,"Agoseris glauca",0,9,-9,0,0,0,0,0,0,1,0.5,0,0
2016,46,"2142*A",75,-3737,"Lupinus argenteus",6,NA,NA,5,0,0,1,1,0,0,1.30188679245283,200,100
2017,46,"2142*A",75,-3737,"Lupinus argenteus",0,6,-6,0,0,0,0,0,0,1,1.28571428571429,0,0
2016,46,"2143*A",84,-3730,"Senecio crassulus",1,NA,NA,4,0,0,1,1,0,0,1.30188679245283,300.000000000003,0
2017,46,"2143*A",84,-3730,"Senecio crassulus",3,1,2,4,0,0,0,1,0,0,1.28571428571429,200,0
2018,46,"2143*A",84,-3730,"Senecio crassulus",6,3,3,5,1,0,0,1,0,0,1.12213740458015,200,0
2019,46,"2143*A",84,-3730,"Senecio crassulus",0,6,-6,0,0,0,0,0,0,1,0.5,0,0
2016,46,"2144*A",83,-3691,"Heterotheca villosa",1,NA,NA,0.5,0,1,1,1,0,0,1.30188679245283,100.000000000001,0
2017,46,"2144*A",83,-3691,"Heterotheca villosa",0,1,-1,0,0,0,0,0,0,1,1.28571428571429,0,0
2016,46,"2145*A",88,-3696,"Lupinus argenteus",12,NA,NA,8,0,0,1,1,0,0,1.30188679245283,182.976291318194,0
2017,46,"2145*A",88,-3696,"Lupinus argenteus",0,12,-12,0,0,0,0,0,0,1,1.28571428571429,0,0
2016,46,"2146*A",88,-3693,"Senecio crassulus",2,NA,NA,5,0,0,1,1,0,0,1.30188679245283,285.443000104213,0
2017,46,"2146*A",88,-3693,"Senecio crassulus",8,2,6,4,0,0,0,1,0,0,1.28571428571429,114.743924017818,0
2018,46,"2146*A",88,-3693,"Senecio crassulus",0,8,-8,0,0,0,0,0,0,1,1.12213740458015,0,0
2016,46,"2147*A",90,-3697,"Senecio crassulus",2,NA,NA,5,0,0,1,1,0,0,1.30188679245283,300,0
2017,46,"2147*A",90,-3697,"Senecio crassulus",0,2,-2,0,0,0,0,0,0,1,1.28571428571429,0,0
2016,46,"2148*A",78,-3703,"Lupinus argenteus",10,NA,NA,5,0,0,1,1,0,0,1.30188679245283,101.005306666531,0
2017,46,"2148*A",78,-3703,"Lupinus argenteus",9,10,-1,5,0,0,0,1,0,0,1.28571428571429,101.968500504282,0
2018,46,"2148*A",78,-3703,"Lupinus argenteus",0,9,-9,0,0,0,0,0,0,1,1.12213740458015,0,0
2016,46,"2149*A",91,-3672,"Lupinus argenteus",3.5,NA,NA,2,0,0,1,1,0,0,1.30188679245283,0,0
2017,46,"2149*A",91,-3672,"Lupinus argenteus",13,3.5,9.5,7,0,0,0,1,0,0,1.28571428571429,0,0
2018,46,"2149*A",91,-3672,"Lupinus argenteus",0,13,-13,0,0,0,0,0,0,1,1.12213740458015,0,0
2014,16,"215*A",10,-1400,"Lupinus argenteus",28,NA,NA,11,0,0,NA,1,0,0,2.52336448598131,0,0
2015,16,"215*A",10,-1400,"Lupinus argenteus",0,28,-28,0,0,0,0,0,0,1,3.0530303030303,0,0
2016,46,"2150*A",101,-3728,"Senecio crassulus",3,NA,NA,7,0,0,1,1,0,0,1.30188679245283,300,0
2017,46,"2150*A",101,-3728,"Senecio crassulus",9,3,6,9,0,0,0,1,0,0,1.28571428571429,215.535633688966,31.1075640304894
2018,46,"2150*A",101,-3728,"Senecio crassulus",0,9,-9,0,0,0,0,0,0,1,1.12213740458015,0,0
2016,46,"2151*A",110,-3727,"Senecio crassulus",2,NA,NA,5,0,0,1,1,0,0,1.30188679245283,351.750419568728,0
2017,46,"2151*A",110,-3727,"Senecio crassulus",9,2,7,6,0,0,0,1,0,0,1.28571428571429,329.468590598243,0
2018,46,"2151*A",110,-3727,"Senecio crassulus",2.5,9,-6.5,5.5,1,0,0,1,0,0,1.12213740458015,206.113203401608,0
2019,46,"2151*A",110,-3727,"Senecio crassulus",0,2.5,-2.5,0,0,0,0,0,0,1,0.5,0,0
2016,46,"2152*A",67,-3691,"Senecio crassulus",3,NA,NA,5,0,0,1,1,0,0,1.30188679245283,0,0
2017,46,"2152*A",67,-3691,"Senecio crassulus",2,3,-1,1,0,0,0,1,0,0,1.28571428571429,0,0
2018,46,"2152*A",67,-3691,"Senecio crassulus",0,2,-2,0,0,0,0,0,0,1,1.12213740458015,0,0
2016,46,"2153*A",120,-3713,"Phacelia hastata",3,NA,NA,3.5,0,0,1,1,0,0,1.30188679245283,99.9999999999986,0
2017,46,"2153*A",120,-3713,"Phacelia hastata",0,3,-3,0,0,0,0,0,0,1,1.28571428571429,0,0
2016,46,"2154*A",118,-3718,"Phacelia hastata",4,NA,NA,4,0,0,1,1,0,0,1.30188679245283,213.642706407408,0
2017,46,"2154*A",118,-3718,"Phacelia hastata",0,4,-4,0,0,0,0,0,0,1,1.28571428571429,0,0
2015,46,"2155*A",121,-3724,"Heterotheca villosa",11,NA,NA,8,0,0,1,1,0,0,3.0530303030303,175.584541129394,0
2016,46,"2155*A",121,-3724,"Heterotheca villosa",11,11,0,8,0,0,0,1,0,0,1.30188679245283,242.976821399104,0
2017,46,"2155*A",121,-3724,"Heterotheca villosa",0,11,-11,0,0,0,0,0,0,1,1.28571428571429,0,0
2016,46,"2156*A",112.4675016,-3665.980796,"Senecio crassulus",1,NA,NA,2,0,1,1,1,0,0,1.30188679245283,199.999999999998,17.8672538653273
2016,46,"2156*B",111.8345363,-3665.6623532,"Senecio crassulus",1,NA,NA,2,0,1,1,0,1,0,1.30188679245283,199.999999999998,17.8672538653248
2016,46,"2156*C",110.4192995,-3668.5048477,"Senecio crassulus",1,NA,NA,2,0,1,1,0,1,0,1.30188679245283,166.969218522883,0
2016,46,"2156*D",114.3217165,-3662.049174,"Senecio crassulus",1,NA,NA,2,0,1,1,0,1,0,1.30188679245283,200.000000000002,0
2017,46,"2156*A",112,-3665,"Senecio crassulus",3,1,2,4,0,0,0,1,0,0,1.28571428571429,200,0
2018,46,"2156*A",112,-3665,"Senecio crassulus",0,3,-3,0,0,0,0,0,0,1,1.12213740458015,0,0
2016,46,"2157*A",120,-3662,"Senecio crassulus",2,NA,NA,3,0,0,1,1,0,0,1.30188679245283,200,0
2017,46,"2157*A",120,-3662,"Senecio crassulus",4,2,2,4,0,0,0,1,0,0,1.28571428571429,200.000000000002,0
2018,46,"2157*A",120,-3662,"Senecio crassulus",0,4,-4,0,0,0,0,0,0,1,1.12213740458015,0,0
2016,46,"2158*A",105,-3697,"Elymus lanceolatus",8,NA,NA,11,0,0,1,1,0,0,1.30188679245283,228.076054317348,0
2017,46,"2158*A",105,-3697,"Elymus lanceolatus",0,8,-8,0,0,0,0,0,0,1,1.28571428571429,0,0
2016,46,"2159*A",102,-3624,"Heterotheca villosa",0.2,NA,NA,0.2,0,1,1,1,0,0,1.30188679245283,100.00000000001,0
2017,46,"2159*A",102,-3624,"Heterotheca villosa",1.5,0.2,1.3,1.5,0,0,0,1,0,0,1.28571428571429,199.999999999999,0
2018,46,"2159*A",102,-3624,"Heterotheca villosa",0,1.5,-1.5,0,0,0,0,0,0,1,1.12213740458015,0,0
2014,16,"216*A",5,-1370,"Lupinus argenteus",12,NA,NA,6,0,0,NA,1,0,0,2.52336448598131,0,0
2015,16,"216*A",5,-1370,"Lupinus argenteus",9.5,12,-2.5,6,0,0,0,1,0,0,3.0530303030303,0,0
2016,16,"216*A",5,-1370,"Lupinus argenteus",12,9.5,2.5,7,0,0,0,1,0,0,1.30188679245283,0,0
2017,16,"216*A",5,-1370,"Lupinus argenteus",6.5,12,-5.5,3.5,0,0,0,1,0,0,1.28571428571429,0,0
2018,16,"216*A",5,-1370,"Lupinus argenteus",0,6.5,-6.5,0,0,0,0,0,0,1,1.12213740458015,0,0
2016,46,"2160*A",118,-3676,"Eriogonum umbellatum",1.5,NA,NA,1,0,1,1,1,0,0,1.30188679245283,99.9999999999977,0
2017,46,"2160*A",118,-3676,"Eriogonum umbellatum",2.5,1.5,1,2,0,0,0,1,0,0,1.28571428571429,0,0
2018,46,"2160*A",118,-3676,"Eriogonum umbellatum",3,2.5,0.5,1.5,0,0,0,1,0,0,1.12213740458015,0,0
2019,46,"2160*A",118,-3676,"Eriogonum umbellatum",4,3,1,1.5,0,0,0,1,0,0,0.5,0,0
2016,46,"2161*A",132.3506262,-3680.735597,"Eriogonum umbellatum",1,NA,NA,1,0,0,1,1,0,0,1.30188679245283,100.000000000002,35.5193137839463
2016,46,"2161*B",131.8759023,-3680.4967649,"Eriogonum umbellatum",1,NA,NA,1,0,0,1,0,1,0,1.30188679245283,100.000000000001,35.519313783945
2017,46,"2161*A",132,-3680,"Eriogonum umbellatum",0,1,-1,0,0,0,0,0,0,1,1.28571428571429,0,0
2016,46,"2162*A",158,-3680,"Lupinus argenteus",6,NA,NA,5,0,0,1,1,0,0,1.30188679245283,268.870791171907,0
2017,46,"2162*A",158,-3680,"Lupinus argenteus",0,6,-6,0,0,0,0,0,0,1,1.28571428571429,0,0
2016,46,"2163*A",148,-3700,"Senecio crassulus",1,NA,NA,3,0,0,1,1,0,0,1.30188679245283,100.000000000002,0
2017,46,"2163*A",148,-3700,"Senecio crassulus",0,1,-1,0,0,0,0,0,0,1,1.28571428571429,0,0
2016,46,"2164*A",143,-3708,"Arenaria congesta",4.5,NA,NA,4,0,0,1,1,0,0,1.30188679245283,0,0
2017,46,"2164*A",143,-3708,"Arenaria congesta",5,4.5,0.5,2.5,0,0,0,1,0,0,1.28571428571429,70.3348902472075,0
2018,46,"2164*A",143,-3708,"Arenaria congesta",5,5,0,3.5,0,0,0,1,0,0,1.12213740458015,0,0
2019,46,"2164*A",143,-3708,"Arenaria congesta",14,5,9,9.5,9,0,0,1,0,0,0.5,0,0
2015,46,"2165*A",147,-3676,"Arenaria congesta",1.3,NA,NA,3,0,0,1,1,0,0,3.0530303030303,99.9999999999978,0
2016,46,"2165*A",147,-3676,"Arenaria congesta",1.3,1.3,0,3,0,0,0,1,0,0,1.30188679245283,99.9999999999978,0
2017,46,"2165*A",147,-3676,"Arenaria congesta",2,1.3,0.7,2,0,0,0,1,0,0,1.28571428571429,198.371173723932,0
2018,46,"2165*A",147,-3676,"Arenaria congesta",2,2,0,3,2,0,0,1,0,0,1.12213740458015,200,0
2019,46,"2165*A",147,-3676,"Arenaria congesta",5.5,2,3.5,4.5,0,0,0,1,0,0,0.5,199.999999999999,0
2016,46,"2166*A",165,-3612,"Carex siccata",14,NA,NA,16,0,0,1,1,0,0,1.30188679245283,23.6303611923484,15.2833043279658
2017,46,"2166*A",165,-3612,"Carex siccata",0,14,-14,0,0,0,0,0,0,1,1.28571428571429,0,0
2016,46,"2167*A",166,-3621,"Lupinus argenteus",1.5,NA,NA,2.5,0,0,1,1,0,0,1.30188679245283,176.194158737368,0
2017,46,"2167*A",166,-3621,"Lupinus argenteus",0,1.5,-1.5,0,0,0,0,0,0,1,1.28571428571429,0,0
2016,46,"2168*A",155,-3622,"Lupinus argenteus",3,NA,NA,3.5,0,0,1,1,0,0,1.30188679245283,51.3421216722873,0
2017,46,"2168*A",155,-3622,"Lupinus argenteus",0,3,-3,0,0,0,0,0,0,1,1.28571428571429,0,0
2016,46,"2169*A",183,-3637,"Carex siccata",17,NA,NA,20,1,0,1,1,0,0,1.30188679245283,136.247276303304,102.735366163139
2017,46,"2169*A",183,-3637,"Carex siccata",18,17,1,18,0,0,0,1,0,0,1.28571428571429,107.297940982507,10.9596198468465
2018,46,"2169*A",183,-3637,"Carex siccata",11,18,-7,10,0,0,0,1,0,0,1.12213740458015,110.836282007626,0
2019,46,"2169*A",183,-3637,"Carex siccata",15,11,4,17,0,0,0,1,0,0,0.5,170.310036554295,0
2014,16,"217*A",58,-1390,"Lupinus argenteus",27,NA,NA,12,5,0,NA,1,0,0,2.52336448598131,0,4.30249379280151
2015,16,"217*A",58,-1390,"Lupinus argenteus",19,27,-8,14,1,0,0,1,0,0,3.0530303030303,0.900277008310245,0
2016,16,"217*A",58,-1390,"Lupinus argenteus",11,19,-8,8,0,0,0,1,0,0,1.30188679245283,0.826446280991764,0
2017,16,"217*A",58,-1390,"Lupinus argenteus",0,11,-11,0,0,0,0,0,0,1,1.28571428571429,0,0
2016,46,"2170*A",167,-3668,"Arenaria congesta",3,NA,NA,3,0,0,1,1,0,0,1.30188679245283,200.000000000002,0
2017,46,"2170*A",167,-3668,"Arenaria congesta",0,3,-3,0,0,0,0,1,0,0,1.28571428571429,0,0
2018,46,"2170*A",167,-3668,"Arenaria congesta",2.5,0,2.5,1.5,0,0,0,1,0,0,1.12213740458015,99.9999999999985,0
2019,46,"2170*A",167,-3668,"Arenaria congesta",6,2.5,3.5,5.5,1,0,0,1,0,0,0.5,117.437714048533,0
2016,46,"2171*A",193,-3691,"Carex siccata",12,NA,NA,11,0,0,1,1,0,0,1.30188679245283,92.5742548486584,0
2017,46,"2171*A",193,-3691,"Carex siccata",6,12,-6,3,0,0,0,1,0,0,1.28571428571429,0,8.93524750050004
2018,46,"2171*A",193,-3691,"Carex siccata",7,6,1,8.5,0,0,0,1,0,0,1.12213740458015,54.4117148536936,0
2019,46,"2171*A",193,-3691,"Carex siccata",11,7,4,11.5,0,0,0,1,0,0,0.5,113.106319681522,0
2016,46,"2172*A",158,-3679,"Eriogonum umbellatum",7,NA,NA,3,0,0,1,1,0,0,1.30188679245283,252.858991537177,2.16227607609488
2017,46,"2172*A",158,-3679,"Eriogonum umbellatum",5,7,-2,2.5,0,0,0,1,0,0,1.28571428571429,100,100
2018,46,"2172*A",158,-3679,"Eriogonum umbellatum",3.5,5,-1.5,3,0,0,0,1,0,0,1.12213740458015,100.000000000001,100.000000000001
2019,46,"2172*A",158,-3679,"Eriogonum umbellatum",4,3.5,0.5,1,0,0,0,1,0,0,0.5,102.249999999999,99.9999999999999
2016,46,"2173*A",164,-3676,"Eriogonum umbellatum",2,NA,NA,3,0,0,1,1,0,0,1.30188679245283,200,100
2017,46,"2173*A",164,-3676,"Eriogonum umbellatum",2,2,0,2,0,0,0,1,0,0,1.28571428571429,100,100
2018,46,"2173*A",164,-3676,"Eriogonum umbellatum",0,2,-2,0,0,0,0,1,0,0,1.12213740458015,0,0
2019,46,"2173*A",164,-3676,"Eriogonum umbellatum",1.5,0,1.5,1.5,0,0,0,1,0,0,0.5,99.9999999999984,99.9999999999984
2016,46,"2174*A",161,-3691,"Senecio crassulus",1.5,NA,NA,3,0,0,1,1,0,0,1.30188679245283,99.9999999999952,0
2017,46,"2174*A",161,-3691,"Senecio crassulus",0,1.5,-1.5,0,0,0,0,0,0,1,1.28571428571429,0,0
2016,46,"2175*A",164.4090639,-3688.8581965,"Eriogonum umbellatum",1,NA,NA,1,0,1,1,1,0,0,1.30188679245283,100.000000000002,56.8385788807828
2016,46,"2175*B",163.8552193,-3688.5795591,"Eriogonum umbellatum",1,NA,NA,1,0,1,1,0,1,0,1.30188679245283,100.000000000004,26.2926392178918
2016,46,"2175*C",162.616887,-3691.0667418,"Eriogonum umbellatum",1,NA,NA,1,0,1,1,0,1,0,1.30188679245283,99.9999999999991,0
2017,46,"2175*A",164,-3688,"Eriogonum umbellatum",0,1,-1,0,0,0,0,0,0,1,1.28571428571429,0,0
2015,28,"2176*A",980,-2095,"Eriogonum umbellatum",1.2,NA,NA,1,0,0,1,1,0,0,3.0530303030303,0,0
2016,28,"2176*A",980,-2095,"Eriogonum umbellatum",1.2,1.2,0,1,0,0,0,1,0,0,1.30188679245283,0,0
2017,28,"2176*A",980,-2095,"Eriogonum umbellatum",0,1.2,-1.2,0,0,0,0,0,0,1,1.28571428571429,0,0
2015,28,"2177*A",982,-2095,"Chaenactis douglasii",1.3,NA,NA,1,0,0,1,1,0,0,3.0530303030303,0,0
2016,28,"2177*A",982,-2095,"Chaenactis douglasii",1.3,1.3,0,1,0,0,0,1,0,0,1.30188679245283,0,0
2017,28,"2177*A",982,-2095,"Chaenactis douglasii",0,1.3,-1.3,0,0,0,0,0,0,1,1.28571428571429,0,0
2015,20,"2178*A",1773,-1348,"Phacelia hastata",1.5,NA,NA,1.5,0,1,1,1,0,0,3.0530303030303,0,0
2016,20,"2178*A",1773,-1348,"Phacelia hastata",12,1.5,10.5,5,3,0,0,1,0,0,1.30188679245283,0,0
2017,20,"2178*A",1773,-1348,"Phacelia hastata",20,12,8,6,8,0,0,1,0,0,1.28571428571429,0,0
2018,20,"2178*A",1773,-1348,"Phacelia hastata",0,20,-20,0,0,0,0,0,0,1,1.12213740458015,0,0
2017,5,"2179*A",1607.5,-104,"Lupinus argenteus",3,NA,NA,2,0,0,1,1,0,0,1.28571428571429,0,0
2018,5,"2179*A",1607.5,-104,"Lupinus argenteus",0,3,-3,0,0,0,0,0,0,1,1.12213740458015,0,0
2014,16,"218*A",50,-1380,"Lupinus argenteus",7,NA,NA,5,0,0,NA,1,0,0,2.52336448598131,0,59.1955562567123
2015,16,"218*A",50,-1380,"Lupinus argenteus",0,7,-7,0,0,0,0,0,0,1,3.0530303030303,0,0
2017,5,"2180*A",1621,-101,"Lupinus argenteus",0.7,NA,NA,0.3,0,1,1,1,0,0,1.28571428571429,0,0
2018,5,"2180*A",1621,-101,"Lupinus argenteus",0,0.7,-0.7,0,0,0,0,0,0,1,1.12213740458015,0,0
2017,5,"2181*A",1651,-77,"Lupinus argenteus",2.5,NA,NA,3,0,0,1,1,0,0,1.28571428571429,0,0
2018,5,"2181*A",1651,-77,"Lupinus argenteus",0,2.5,-2.5,0,0,0,0,0,0,1,1.12213740458015,0,0
2017,5,"2182*A",1652,-18,"Lupinus argenteus",2,NA,NA,2.5,0,0,1,1,0,0,1.28571428571429,0,0
2018,5,"2182*A",1652,-18,"Lupinus argenteus",0,2,-2,0,0,0,0,0,0,1,1.12213740458015,0,0
2017,5,"2183*A",1681,-65,"Lupinus argenteus",10,NA,NA,4.5,0,0,1,1,0,0,1.28571428571429,0,0
2018,5,"2183*A",1681,-65,"Lupinus argenteus",0,10,-10,0,0,0,0,0,0,1,1.12213740458015,0,0
2017,5,"2184*A",1710,-21,"Lupinus argenteus",2.5,NA,NA,1.5,0,0,1,1,0,0,1.28571428571429,0,0
2018,5,"2184*A",1710,-21,"Lupinus argenteus",0,2.5,-2.5,0,0,0,0,0,0,1,1.12213740458015,0,0
2016,5,"2185*A",1764,-102,"Phacelia hastata",6.5,NA,NA,3,1,0,1,1,0,0,1.30188679245283,99.9999999999988,0
2017,5,"2185*A",1764,-102,"Phacelia hastata",6.5,6.5,0,3,1,0,0,1,0,0,1.28571428571429,99.9999999999988,0
2018,5,"2185*A",1764,-102,"Phacelia hastata",0,6.5,-6.5,0,0,0,0,0,0,1,1.12213740458015,0,0
2016,5,"2186*A",1774,-92,"Elymus lanceolatus",12,NA,NA,19,1,0,1,1,0,0,1.30188679245283,164.20255225398,76.3425799707543
2017,5,"2186*A",1774,-92,"Elymus lanceolatus",12,12,0,19,1,0,0,1,0,0,1.28571428571429,99.9999999999998,76.3425799707543
2018,5,"2186*A",1774,-92,"Elymus lanceolatus",11,12,-1,18,1,0,0,1,0,0,1.12213740458015,100.000000000001,68.6897573270995
2019,5,"2186*A",1774,-92,"Elymus lanceolatus",12,11,1,22,1,0,0,1,0,0,0.5,99.9999999999998,90.1427925576935
2016,5,"2187*A",1783,-93,"Elymus lanceolatus",13,NA,NA,15,1,0,1,1,0,0,1.30188679245283,193.152329828412,109.958346789591
2017,5,"2187*A",1783,-93,"Elymus lanceolatus",13,13,0,15,1,0,0,1,0,0,1.28571428571429,100.000000000002,109.958346789591
2018,5,"2187*A",1783,-93,"Elymus lanceolatus",11,13,-2,20,1,0,0,1,0,0,1.12213740458015,100.000000000001,108.372710254588
2019,5,"2187*A",1783,-93,"Elymus lanceolatus",16,11,5,12,0,0,0,1,0,0,0.5,100,103.639360199083
2017,5,"2188*A",1711,-171,"Eriogonum umbellatum",0.5,NA,NA,0.5,0,1,1,1,0,0,1.28571428571429,0,0
2018,5,"2188*A",1711,-171,"Eriogonum umbellatum",0,0.5,-0.5,0,0,0,0,0,0,1,1.12213740458015,0,0
2017,5,"2189*A",1730,-148,"Heterotheca villosa",0.5,NA,NA,0.4,0,1,1,1,0,0,1.28571428571429,0,0
2018,5,"2189*A",1730,-148,"Heterotheca villosa",0,0.5,-0.5,0,0,0,0,0,0,1,1.12213740458015,0,0
2014,16,"219*A",42,-1375,"Lupinus argenteus",11,NA,NA,9,0,0,NA,1,0,0,2.52336448598131,0,19.4246584225746
2015,16,"219*A",42,-1375,"Lupinus argenteus",15,11,4,10,2,0,0,1,0,0,3.0530303030303,0.871111111111091,20.1423930545966
2016,16,"219*A",42,-1375,"Lupinus argenteus",12,15,-3,6,0,0,0,1,0,0,1.30188679245283,1.13175636429613,25.3111657535579
2017,16,"219*A",42,-1375,"Lupinus argenteus",0,12,-12,0,0,0,0,0,0,1,1.28571428571429,0,0
2016,10,"2190*A",1626,-533,"Phacelia hastata",1,NA,NA,0.5,0,1,1,1,0,0,1.30188679245283,99.9999999999764,0
2017,10,"2190*A",1626,-533,"Phacelia hastata",8,1,7,3.5,0,0,0,1,0,0,1.28571428571429,0,0
2018,10,"2190*A",1626,-533,"Phacelia hastata",16.5,8,8.5,7.5,0,0,0,1,0,0,1.12213740458015,0,0
2019,10,"2190*A",1626,-533,"Phacelia hastata",45,16.5,28.5,9.5,38,0,0,1,0,0,0.5,0,0
2017,10,"2191*A",1631,-526,"Lupinus argenteus",2,NA,NA,1.5,0,0,1,1,0,0,1.28571428571429,0,0
2018,10,"2191*A",1631,-526,"Lupinus argenteus",0,2,-2,0,0,0,0,0,0,1,1.12213740458015,0,0
2017,10,"2192*A",1617,-497,"Agoseris glauca",11,NA,NA,5.5,0,0,1,1,0,0,1.28571428571429,0,0
2018,10,"2192*A",1617,-497,"Agoseris glauca",0,11,-11,0,0,0,0,0,0,1,1.12213740458015,0,0
2017,10,"2193*A",1664,-523,"Lupinus argenteus",1,NA,NA,1.5,0,0,1,1,0,0,1.28571428571429,0,0
2018,10,"2193*A",1664,-523,"Lupinus argenteus",0,1,-1,0,0,0,0,0,0,1,1.12213740458015,0,0
2017,10,"2194*A",1681,-561,"Lupinus argenteus",2,NA,NA,1,0,0,1,1,0,0,1.28571428571429,99.9999999999991,0
2018,10,"2194*A",1681,-561,"Lupinus argenteus",6.5,2,4.5,3.5,0,0,0,1,0,0,1.12213740458015,78.5166910250489,20.6870788591411
2019,10,"2194*A",1681,-561,"Lupinus argenteus",4,6.5,-2.5,4,0,0,0,1,0,0,0.5,99.9999999999923,0
2017,10,"2195*A",1688,-572,"Lupinus argenteus",13,NA,NA,6,0,0,1,1,0,0,1.28571428571429,13.7728439164529,0
2018,10,"2195*A",1688,-572,"Lupinus argenteus",6.5,13,-6.5,3,0,0,0,1,0,0,1.12213740458015,0,0
2019,10,"2195*A",1688,-572,"Lupinus argenteus",7,6.5,0.5,5,0,0,0,1,0,0,0.5,82.2107682533062,0
2017,10,"2196*A",1687,-592,"Lupinus argenteus",11,NA,NA,4,0,0,1,1,0,0,1.28571428571429,0,0
2018,10,"2196*A",1687,-592,"Lupinus argenteus",0,11,-11,0,0,0,0,0,0,1,1.12213740458015,0,0
2017,10,"2197*A",1715,-541,"Lupinus argenteus",3,NA,NA,1.5,0,0,1,1,0,0,1.28571428571429,99.9999999999798,0
2018,10,"2197*A",1715,-541,"Lupinus argenteus",9.5,3,6.5,6,0,0,0,1,0,0,1.12213740458015,9.28831125059429,0
2019,10,"2197*A",1715,-541,"Lupinus argenteus",11.5,9.5,2,9,1,0,0,1,0,0,0.5,38.4619429440964,0
2017,10,"2198*A",1735,-485,"Lupinus argenteus",5,NA,NA,3,0,0,1,1,0,0,1.28571428571429,0,0
2018,10,"2198*A",1735,-485,"Lupinus argenteus",0,5,-5,0,0,0,0,0,0,1,1.12213740458015,0,0
2017,8,"2199*A",885,-447,"Phacelia hastata",1,NA,NA,0.5,0,1,1,1,0,0,1.28571428571429,0,0
2018,8,"2199*A",885,-447,"Phacelia hastata",0,1,-1,0,0,0,0,0,0,1,1.12213740458015,0,0
2014,5,"22*A",1648,-140,"Lupinus argenteus",7,NA,NA,5,0,0,NA,1,0,0,2.52336448598131,0,0
2015,5,"22*A",1648,-140,"Lupinus argenteus",9,7,2,4,0,0,0,1,0,0,3.0530303030303,0,0
2016,5,"22*A",1648,-140,"Lupinus argenteus",7.8,9,-1.2,6.7,0,0,0,1,0,0,1.30188679245283,0,0
2017,5,"22*A",1648,-140,"Lupinus argenteus",0,7.8,-7.8,0,0,0,0,0,0,1,1.28571428571429,0,0
2014,16,"220*A",37,-1366,"Lupinus argenteus",16,NA,NA,10,0,0,NA,1,0,0,2.52336448598131,0,49.3518614311381
2015,16,"220*A",37,-1366,"Lupinus argenteus",15,16,-1,11,0,0,0,1,0,0,3.0530303030303,1.47522189836529,59.980402296076
2016,16,"220*A",37,-1366,"Lupinus argenteus",17,15,2,10,0,0,0,1,0,0,1.30188679245283,1.54325259515569,56.0651432778968
2017,16,"220*A",37,-1366,"Lupinus argenteus",0,17,-17,0,0,0,0,0,0,1,1.28571428571429,0,0
2017,8,"2200*A",973,-437,"Lupinus argenteus",3,NA,NA,3,0,0,1,1,0,0,1.28571428571429,20.3787030427166,0
2018,8,"2200*A",973,-437,"Lupinus argenteus",0,3,-3,0,0,0,0,0,0,1,1.12213740458015,0,0
2017,8,"2201*A",971,-516,"Phacelia hastata",1,NA,NA,0.5,0,1,1,1,0,0,1.28571428571429,0,0
2018,8,"2201*A",971,-516,"Phacelia hastata",0,1,-1,0,0,0,0,0,0,1,1.12213740458015,0,0
2017,8,"2202*A",972,-516,"Phacelia hastata",1,NA,NA,0.5,0,1,1,1,0,0,1.28571428571429,0,0
2018,8,"2202*A",972,-516,"Phacelia hastata",0,1,-1,0,0,0,0,0,0,1,1.12213740458015,0,0
2017,8,"2203*A",987,-531,"Senecio crassulus",7,NA,NA,5,0,0,1,1,0,0,1.28571428571429,111.415147121202,0
2018,8,"2203*A",987,-531,"Senecio crassulus",6.5,7,-0.5,4.5,0,0,0,1,0,0,1.12213740458015,133.858157249624,0
2019,8,"2203*A",987,-531,"Senecio crassulus",8,6.5,1.5,9,0,0,0,1,0,0,0.5,143.370403869564,0
2017,6,"2204*A",164,-502,"Ivesia gordonii",1,NA,NA,1,0,1,1,1,0,0,1.28571428571429,0,0
2018,6,"2204*A",164,-502,"Ivesia gordonii",5,1,4,2.5,0,0,0,1,0,0,1.12213740458015,0,0
2019,6,"2204*A",164,-502,"Ivesia gordonii",7.5,5,2.5,4,6,0,0,1,0,0,0.5,0,0
2017,1,"2205*A",12.5,-35,"Ivesia gordonii",0.4,NA,NA,0.3,0,1,1,1,0,0,1.28571428571429,0,0
2018,1,"2205*A",12.5,-35,"Ivesia gordonii",0,0.4,-0.4,0,0,0,0,0,0,1,1.12213740458015,0,0
2017,11,"2206*A",64,-949,"Lupinus argenteus",4.5,NA,NA,2,0,0,1,1,0,0,1.28571428571429,0,0
2018,11,"2206*A",64,-949,"Lupinus argenteus",9.5,4.5,5,7.5,0,0,0,1,0,0,1.12213740458015,0,0
2019,11,"2206*A",64,-949,"Lupinus argenteus",10,9.5,0.5,6.5,0,0,0,1,0,0,0.5,0,0
2017,11,"2207*A",68,-940,"Lupinus argenteus",5,NA,NA,2,0,0,1,1,0,0,1.28571428571429,0,0
2018,11,"2207*A",68,-940,"Lupinus argenteus",8.5,5,3.5,6.5,0,0,0,1,0,0,1.12213740458015,0,0
2019,11,"2207*A",68,-940,"Lupinus argenteus",8.5,8.5,0,5.5,0,0,0,1,0,0,0.5,6.48935217229034,0
2017,11,"2208*A",38,-821,"Ivesia gordonii",0.5,NA,NA,0.5,0,1,1,1,0,0,1.28571428571429,0,0
2018,11,"2208*A",38,-821,"Ivesia gordonii",1.7,0.5,1.2,1.5,0,0,0,1,0,0,1.12213740458015,0,0
2019,11,"2208*A",38,-821,"Ivesia gordonii",4,1.7,2.3,3,0,0,0,1,0,0,0.5,0,0
2017,11,"2209*A",125,-919,"Lupinus argenteus",3,NA,NA,2,0,0,1,1,0,0,1.28571428571429,0,0
2018,11,"2209*A",125,-919,"Lupinus argenteus",12,3,9,7,0,0,0,1,0,0,1.12213740458015,0,0
2019,11,"2209*A",125,-919,"Lupinus argenteus",4.5,12,-7.5,4.5,0,0,0,1,0,0,0.5,0,0
2014,16,"221*A",25,-1355,"Lupinus argenteus",18,NA,NA,9,0,0,NA,1,0,0,2.52336448598131,1.23456790123458,5.78496566167691
2015,16,"221*A",25,-1355,"Lupinus argenteus",19,18,1,12,3,0,0,1,0,0,3.0530303030303,1.73130193905817,8.03155079256023
2016,16,"221*A",25,-1355,"Lupinus argenteus",17,19,-2,10,0,0,0,1,0,0,1.30188679245283,1.47058823529414,11.0822674038656
2017,16,"221*A",25,-1355,"Lupinus argenteus",0,17,-17,0,0,0,0,0,0,1,1.28571428571429,0,0
2017,11,"2210*A",104,-944,"Lupinus argenteus",10,NA,NA,2,0,0,1,1,0,0,1.28571428571429,0,39.9925265469141
2018,11,"2210*A",104,-944,"Lupinus argenteus",8.5,10,-1.5,6,0,0,0,1,0,0,1.12213740458015,0,102.570225443615
2019,11,"2210*A",104,-944,"Lupinus argenteus",3.5,8.5,-5,2,0,0,0,1,0,0,0.5,0,0
2017,11,"2211*A",86,-987,"Lupinus argenteus",3,NA,NA,2,0,0,1,1,0,0,1.28571428571429,0,0
2018,11,"2211*A",86,-987,"Lupinus argenteus",0,3,-3,0,0,0,0,0,0,1,1.12213740458015,0,0
2017,11,"2212*A",95,-966,"Lupinus argenteus",9,NA,NA,3,0,0,1,1,0,0,1.28571428571429,100,0
2018,11,"2212*A",95,-966,"Lupinus argenteus",0,9,-9,0,0,0,0,0,0,1,1.12213740458015,0,0
2017,11,"2213*A",70,-981,"Lupinus argenteus",1.5,NA,NA,1.5,0,0,1,1,0,0,1.28571428571429,0,0
2018,11,"2213*A",70,-981,"Lupinus argenteus",0,1.5,-1.5,0,0,0,0,0,0,1,1.12213740458015,0,0
2017,11,"2214*A",72,-985,"Lupinus argenteus",3.2,NA,NA,2.5,0,0,1,1,0,0,1.28571428571429,0,0
2018,11,"2214*A",72,-985,"Lupinus argenteus",5,3.2,1.8,5,0,0,0,1,0,0,1.12213740458015,0,0
2019,11,"2214*A",72,-985,"Lupinus argenteus",5,5,0,4,0,0,0,1,0,0,0.5,0,0
2017,11,"2215*A",73,-994,"Lupinus argenteus",1.5,NA,NA,1,0,1,1,1,0,0,1.28571428571429,0,0
2018,11,"2215*A",73,-994,"Lupinus argenteus",7.5,1.5,6,5.5,0,0,0,1,0,0,1.12213740458015,0,0
2019,11,"2215*A",73,-994,"Lupinus argenteus",0,7.5,-7.5,0,0,0,0,0,0,1,0.5,0,0
2017,13,"2216*A",834,-984,"Phacelia hastata",0.8,NA,NA,0.5,0,1,1,1,0,0,1.28571428571429,199.999999999977,0
2018,13,"2216*A",834,-984,"Phacelia hastata",1.4,0.8,0.6,0.3,0,0,0,1,0,0,1.12213740458015,100,0
2019,13,"2216*A",834,-984,"Phacelia hastata",0,1.4,-1.4,0,0,0,0,0,0,1,0.5,0,0
2017,14,"2217*A",1266,-925,"Agoseris glauca",0.5,NA,NA,1,0,1,1,1,0,0,1.28571428571429,99.9999999999654,0
2018,14,"2217*A",1266,-925,"Agoseris glauca",0,0.5,-0.5,0,0,0,0,0,0,1,1.12213740458015,0,0
2017,14,"2218*A",1344,-884,"Elymus lanceolatus",11,NA,NA,13,0,0,1,1,0,0,1.28571428571429,99.9999999999987,128.521965116937
2018,14,"2218*A",1344,-884,"Elymus lanceolatus",10,11,-1,21.5,0,0,0,1,0,0,1.12213740458015,99.9999999999958,58.0571816038115
2019,14,"2218*A",1344,-884,"Elymus lanceolatus",7.5,10,-2.5,11.5,0,0,0,1,0,0,0.5,99.9999999999996,139.164564123722
2017,15,"2219*A",1689.5,-828,"Phacelia hastata",1.5,NA,NA,1,0,1,1,1,0,0,1.28571428571429,0,0
2018,15,"2219*A",1689.5,-828,"Phacelia hastata",0,1.5,-1.5,0,0,0,0,0,0,1,1.12213740458015,0,0
2014,16,"222*A",56,-1360,"Lupinus argenteus",16,NA,NA,16,2,0,NA,1,0,0,2.52336448598131,0,50.1980809480683
2015,16,"222*A",56,-1360,"Lupinus argenteus",13,16,-3,13,2,0,0,1,0,0,3.0530303030303,0.742036227139749,53.166293156556
2016,16,"222*A",56,-1360,"Lupinus argenteus",11,13,-2,9,0,0,0,1,0,0,1.30188679245283,0.0382006576342174,41.2926326447955
2017,16,"222*A",56,-1360,"Lupinus argenteus",0,11,-11,0,0,0,0,0,0,1,1.28571428571429,0,0
2017,15,"2220*A",1701,-835,"Heterotheca villosa",1,NA,NA,1,0,1,1,1,0,0,1.28571428571429,47.1399758389177,0
2018,15,"2220*A",1701,-835,"Heterotheca villosa",1.5,1,0.5,1.5,0,0,0,1,0,0,1.12213740458015,26.66369476553,0
2019,15,"2220*A",1701,-835,"Heterotheca villosa",10.5,1.5,9,5,3,0,0,1,0,0,0.5,0,0
2017,15,"2221*A",1745,-996,"Lupinus argenteus",2,NA,NA,2,0,0,1,1,0,0,1.28571428571429,0,0
2018,15,"2221*A",1745,-996,"Lupinus argenteus",0,2,-2,0,0,0,0,0,0,1,1.12213740458015,0,0
2017,20,"2222*A",1604,-1396,"Elymus lanceolatus",7.5,NA,NA,11,0,0,1,1,0,0,1.28571428571429,185.025174893053,0
2018,20,"2222*A",1604,-1396,"Elymus lanceolatus",8,7.5,0.5,14,0,0,0,1,0,0,1.12213740458015,35.868246132286,0
2019,20,"2222*A",1604,-1396,"Elymus lanceolatus",19,8,11,6.5,0,0,0,1,0,0,0.5,62.4198666507733,0
2017,20,"2223*A",1777,-1390,"Phacelia hastata",1,NA,NA,1.5,0,1,1,1,0,0,1.28571428571429,0,0
2018,20,"2223*A",1777,-1390,"Phacelia hastata",0,1,-1,0,0,0,0,0,0,1,1.12213740458015,0,0
2016,20,"2224*A",1609.5,-1362,"Heterotheca villosa",2,NA,NA,2.5,0,0,1,1,0,0,1.30188679245283,100.970759709341,0
2017,20,"2224*A",1609.5,-1362,"Heterotheca villosa",2,2,0,2.5,0,0,0,1,0,0,1.28571428571429,119.894017959908,0
2018,20,"2224*A",1609.5,-1362,"Heterotheca villosa",0,2,-2,0,0,0,0,0,0,1,1.12213740458015,0,0
2017,20,"2225*A",1624,-1367,"Agoseris glauca",1,NA,NA,1,0,1,1,1,0,0,1.28571428571429,200.000000000048,0
2018,20,"2225*A",1624,-1367,"Agoseris glauca",0,1,-1,0,0,0,0,0,0,1,1.12213740458015,0,0
2017,20,"2226*A",1638,-1370,"Eriogonum umbellatum",1,NA,NA,1,0,0,1,1,0,0,1.28571428571429,0,0
2018,20,"2226*A",1638,-1370,"Eriogonum umbellatum",0,1,-1,0,0,0,0,0,0,1,1.12213740458015,0,0
2017,20,"2227*A",1633,-1356,"Ivesia gordonii",3,NA,NA,1.5,0,0,1,1,0,0,1.28571428571429,0,0
2018,20,"2227*A",1633,-1356,"Ivesia gordonii",3,3,0,2.5,0,0,0,1,0,0,1.12213740458015,0,0
2019,20,"2227*A",1633,-1356,"Ivesia gordonii",6,3,3,5,0,0,0,1,0,0,0.5,61.1752216062001,0
2017,20,"2228*A",1642,-1360,"Heterotheca villosa",1,NA,NA,1.5,0,1,1,1,0,0,1.28571428571429,77.6390039708696,0
2018,20,"2228*A",1642,-1360,"Heterotheca villosa",0,1,-1,0,0,0,0,0,0,1,1.12213740458015,0,0
2016,19,"2229*A",1205,-1323,"Senecio crassulus",3,NA,NA,3,0,0,1,1,0,0,1.30188679245283,100.000000000005,0
2017,19,"2229*A",1205,-1323,"Senecio crassulus",3,3,0,3,0,0,0,1,0,0,1.28571428571429,24.216229343655,0
2018,19,"2229*A",1205,-1323,"Senecio crassulus",0,3,-3,0,0,0,0,0,0,1,1.12213740458015,0,0
2014,16,"223*A",45,-1355,"Lupinus argenteus",26,NA,NA,18,0,0,NA,1,0,0,2.52336448598131,0.264458075190603,92.3428743554111
2015,16,"223*A",45,-1355,"Lupinus argenteus",26,26,0,13,7,0,0,1,0,0,3.0530303030303,0.870966950930253,80.3116081268201
2016,16,"223*A",45,-1355,"Lupinus argenteus",23,26,-3,12,1,0,0,1,0,0,1.30188679245283,1.60680529300568,80.9061777210435
2017,16,"223*A",45,-1355,"Lupinus argenteus",0,23,-23,0,0,0,0,0,0,1,1.28571428571429,0,0
2017,20,"2230*A",1650,-1365,"Heterotheca villosa",1,NA,NA,1,0,1,1,1,0,0,1.28571428571429,0,0
2018,20,"2230*A",1650,-1365,"Heterotheca villosa",0,1,-1,0,0,0,0,0,0,1,1.12213740458015,0,0
2017,20,"2231*A",1780,-1256,"Lupinus argenteus",9,NA,NA,6,0,0,1,1,0,0,1.28571428571429,0,0
2018,20,"2231*A",1780,-1256,"Lupinus argenteus",0,9,-9,0,0,0,0,0,0,1,1.12213740458015,0,0
2017,20,"2232*A",1760,-1230,"Ivesia gordonii",0.5,NA,NA,0.5,0,1,1,1,0,0,1.28571428571429,199.999999999898,0
2018,20,"2232*A",1760,-1230,"Ivesia gordonii",0,0.5,-0.5,0,0,0,0,0,0,1,1.12213740458015,0,0
2017,20,"2233*A",1725,-1229,"Lupinus argenteus",1,NA,NA,1,0,0,1,1,0,0,1.28571428571429,0,0
2018,20,"2233*A",1725,-1229,"Lupinus argenteus",0,1,-1,0,0,0,0,0,0,1,1.12213740458015,0,0
2017,19,"2234*A",1292,-1328,"Lupinus argenteus",7.5,NA,NA,4,0,0,1,1,0,0,1.28571428571429,100.311411509628,0
2018,19,"2234*A",1292,-1328,"Lupinus argenteus",11.5,7.5,4,8.5,0,0,0,1,0,0,1.12213740458015,103.024574669186,0
2019,19,"2234*A",1292,-1328,"Lupinus argenteus",5,11.5,-6.5,5,0,0,0,1,0,0,0.5,99.9999999999994,0
2017,19,"2235*A",1330,-1342,"Elymus lanceolatus",2,NA,NA,4,0,1,1,1,0,0,1.28571428571429,99.9999999999927,0
2018,19,"2235*A",1330,-1342,"Elymus lanceolatus",2.5,2,0.5,4.5,0,0,0,1,0,0,1.12213740458015,100.000000000004,0
2019,19,"2235*A",1330,-1342,"Elymus lanceolatus",4.5,2.5,2,8,0,0,0,1,0,0,0.5,99.9999999999946,0
2017,16,"2236*A",67,-1392,"Lupinus argenteus",7,NA,NA,4,0,0,1,1,0,0,1.28571428571429,0,0
2018,16,"2236*A",67,-1392,"Lupinus argenteus",0,7,-7,0,0,0,0,0,0,1,1.12213740458015,0,0
2017,19,"2237*A",1372,-1354,"Lupinus argenteus",5,NA,NA,3,0,0,1,1,0,0,1.28571428571429,69.8213727201447,0
2018,19,"2237*A",1372,-1354,"Lupinus argenteus",2.5,5,-2.5,2.5,0,0,0,1,0,0,1.12213740458015,0,0
2019,19,"2237*A",1372,-1354,"Lupinus argenteus",0,2.5,-2.5,0,0,0,0,0,0,1,0.5,0,0
2017,16,"2238*A",13,-1327,"Agoseris glauca",6,NA,NA,5,0,0,1,1,0,0,1.28571428571429,23.2678796403783,0
2018,16,"2238*A",13,-1327,"Agoseris glauca",0,6,-6,0,0,0,0,0,0,1,1.12213740458015,0,0
2017,16,"2239*A",11,-1320,"Lupinus argenteus",4,NA,NA,2.5,0,0,1,1,0,0,1.28571428571429,0,0
2018,16,"2239*A",11,-1320,"Lupinus argenteus",0,4,-4,0,0,0,0,0,0,1,1.12213740458015,0,0
2014,16,"224*A",37,-1355,"Lupinus argenteus",7,NA,NA,6,0,0,NA,1,0,0,2.52336448598131,0,134.79324900609
2015,16,"224*A",37,-1355,"Lupinus argenteus",7.5,7,0.5,5,0,0,0,1,0,0,3.0530303030303,1.27668993891616,125.972540285263
2016,16,"224*A",37,-1355,"Lupinus argenteus",14,7.5,6.5,11,0,0,0,1,0,0,1.30188679245283,4.33673469387758,122.70805507391
2017,16,"224*A",37,-1355,"Lupinus argenteus",0,14,-14,0,0,0,0,0,0,1,1.28571428571429,0,0
2017,16,"2240*A",36,-1330,"Senecio crassulus",2,NA,NA,2.5,0,0,1,1,0,0,1.28571428571429,0,0
2018,16,"2240*A",36,-1330,"Senecio crassulus",0,2,-2,0,0,0,0,0,0,1,1.12213740458015,0,0
2017,16,"2241*A",41,-1321,"Senecio crassulus",0.5,NA,NA,1,0,0,1,1,0,0,1.28571428571429,0,0
2018,16,"2241*A",41,-1321,"Senecio crassulus",0,0.5,-0.5,0,0,0,0,0,0,1,1.12213740458015,0,0
2017,16,"2242*A",36,-1328,"Senecio crassulus",1.5,NA,NA,1,0,0,1,1,0,0,1.28571428571429,0,0
2018,16,"2242*A",36,-1328,"Senecio crassulus",0,1.5,-1.5,0,0,0,0,0,0,1,1.12213740458015,0,0
2017,16,"2243*A",153,-1250,"Senecio crassulus",0.6,NA,NA,0.5,0,1,1,1,0,0,1.28571428571429,0,0
2018,16,"2243*A",153,-1250,"Senecio crassulus",0,0.6,-0.6,0,0,0,0,0,0,1,1.12213740458015,0,0
2016,21,"2244*A",25,-1686,"Ivesia gordonii",3,NA,NA,4,0,0,1,1,0,0,1.30188679245283,100,0
2017,21,"2244*A",25,-1686,"Ivesia gordonii",3,3,0,4,0,0,0,1,0,0,1.28571428571429,100,0
2018,21,"2244*A",25,-1686,"Ivesia gordonii",5,3,2,4,0,0,0,1,0,0,1.12213740458015,99.9999999999999,0
2019,21,"2244*A",25,-1686,"Ivesia gordonii",4.5,5,-0.5,5,0,0,0,1,0,0,0.5,102.41975308642,0
2016,22,"2245*A",410,-1750,"Phacelia hastata",5,NA,NA,3,0,0,1,1,0,0,1.30188679245283,171.455613321632,0
2017,22,"2245*A",410,-1750,"Phacelia hastata",5,5,0,3,0,0,0,1,0,0,1.28571428571429,107.577965512907,0
2018,22,"2245*A",410,-1750,"Phacelia hastata",6,5,1,4,0,0,0,1,0,0,1.12213740458015,99.9999999999991,0
2019,22,"2245*A",410,-1750,"Phacelia hastata",7.5,6,1.5,4.5,4,0,0,1,0,0,0.5,99.9999999999988,0
2017,22,"2246*A",499,-1797,"Chaenactis douglasii",1.5,NA,NA,1,0,1,1,1,0,0,1.28571428571429,0,0
2018,22,"2246*A",499,-1797,"Chaenactis douglasii",0,1.5,-1.5,0,0,0,0,0,0,1,1.12213740458015,0,0
2017,22,"2247*A",562,-1736,"Phacelia hastata",6,NA,NA,2.5,0,0,1,1,0,0,1.28571428571429,103.094523494558,0
2018,22,"2247*A",562,-1736,"Phacelia hastata",0,6,-6,0,0,0,0,0,0,1,1.12213740458015,0,0
2017,22,"2248*A",550,-1746,"Elymus lanceolatus",5,NA,NA,11,0,0,1,1,0,0,1.28571428571429,100.000000000001,0
2018,22,"2248*A",550,-1746,"Elymus lanceolatus",6,5,1,13,0,0,0,1,0,0,1.12213740458015,100.000000000004,0
2019,22,"2248*A",550,-1746,"Elymus lanceolatus",17.5,6,11.5,14,0,0,0,1,0,0,0.5,100,0
2017,22,"2249*A",545,-1737,"Chaenactis douglasii",1.1,NA,NA,1,0,1,1,1,0,0,1.28571428571429,100.000000000005,0
2018,22,"2249*A",545,-1737,"Chaenactis douglasii",0,1.1,-1.1,0,0,0,0,0,0,1,1.12213740458015,0,0
2014,16,"225*A",35,-1342,"Lupinus argenteus",11,NA,NA,10,0,0,NA,1,0,0,2.52336448598131,0,110.195212365236
2015,16,"225*A",35,-1342,"Lupinus argenteus",8,11,-3,10,1,0,0,1,0,0,3.0530303030303,1.6689852349536e-05,70.510877208128
2016,16,"225*A",35,-1342,"Lupinus argenteus",6,8,-2,6,0,0,0,1,0,0,1.30188679245283,0,90.8049746115219
2017,16,"225*A",35,-1342,"Lupinus argenteus",0,6,-6,0,0,0,0,0,0,1,1.28571428571429,0,0
2017,24,"2250*A",1381,-1717,"Chaenactis douglasii",1,NA,NA,1,0,1,1,1,0,0,1.28571428571429,99.9999999999927,0
2018,24,"2250*A",1381,-1717,"Chaenactis douglasii",1.2,1,0.2,0.5,0,0,0,1,0,0,1.12213740458015,100.00000000001,0
2019,24,"2250*A",1381,-1717,"Chaenactis douglasii",0,1.2,-1.2,0,0,0,0,0,0,1,0.5,0,0
2016,28,"2251*A",818,-2177,"Senecio crassulus",4,NA,NA,4,0,0,1,1,0,0,1.30188679245283,100.000000000003,0
2017,28,"2251*A",818,-2177,"Senecio crassulus",4,4,0,4,0,0,0,1,0,0,1.28571428571429,100.893339276077,0
2018,28,"2251*A",818,-2177,"Senecio crassulus",2.5,4,-1.5,2.5,0,0,0,1,0,0,1.12213740458015,100.000000000001,0
2019,28,"2251*A",818,-2177,"Senecio crassulus",0,2.5,-2.5,0,0,0,0,0,0,1,0.5,0,0
2017,28,"2252*A",823,-2165,"Senecio crassulus",2,NA,NA,5,0,0,1,1,0,0,1.28571428571429,255.814077976728,0
2018,28,"2252*A",823,-2165,"Senecio crassulus",0,2,-2,0,0,0,0,0,0,1,1.12213740458015,0,0
2016,28,"2253*A",848,-2154,"Elymus lanceolatus",13,NA,NA,13,0,0,1,1,0,0,1.30188679245283,213.131802300498,0
2017,28,"2253*A",848,-2154,"Elymus lanceolatus",13,13,0,13,0,0,0,1,0,0,1.28571428571429,202.727935493431,0
2018,28,"2253*A",848,-2154,"Elymus lanceolatus",20,13,7,15,3,0,0,1,0,0,1.12213740458015,100,0
2019,28,"2253*A",848,-2154,"Elymus lanceolatus",21,20,1,25.5,6,0,0,1,0,0,0.5,99.9999999999992,0
2017,28,"2254*A",871,-2070,"Phacelia hastata",1,NA,NA,0.3,0,1,1,1,0,0,1.28571428571429,0,0
2018,28,"2254*A",871,-2070,"Phacelia hastata",14,1,13,4,1,0,0,1,0,0,1.12213740458015,0,0
2019,28,"2254*A",871,-2070,"Phacelia hastata",44,14,30,7,17,0,0,1,0,0,0.5,0,0
2017,28,"2255*A",969,-2102,"Arnica latifolia",1.5,NA,NA,3,0,1,1,1,0,0,1.28571428571429,0,0
2018,28,"2255*A",969,-2102,"Arnica latifolia",0,1.5,-1.5,0,0,0,0,0,0,1,1.12213740458015,0,0
2017,27,"2256*A",438,-2104,"Agoseris glauca",17,NA,NA,7,0,0,1,1,0,0,1.28571428571429,176.44269633773,0
2018,27,"2256*A",438,-2104,"Agoseris glauca",0,17,-17,0,0,0,0,0,0,1,1.12213740458015,0,0
2017,27,"2257*A",454,-2100,"Agoseris glauca",8,NA,NA,6,0,0,1,1,0,0,1.28571428571429,207.506636250646,0
2018,27,"2257*A",454,-2100,"Agoseris glauca",2.5,8,-5.5,3.5,0,0,0,1,0,0,1.12213740458015,100.000000000001,0
2019,27,"2257*A",454,-2100,"Agoseris glauca",3,2.5,0.5,4.5,0,0,0,1,0,0,0.5,100,0
2017,27,"2258*A",438,-2090,"Agoseris glauca",1,NA,NA,2,0,1,1,1,0,0,1.28571428571429,199.999999999986,0
2018,27,"2258*A",438,-2090,"Agoseris glauca",0,1,-1,0,0,0,0,0,0,1,1.12213740458015,0,0
2017,27,"2259*A",421,-2084,"Senecio crassulus",1,NA,NA,1,0,1,1,1,0,0,1.28571428571429,199.999999999994,0
2018,27,"2259*A",421,-2084,"Senecio crassulus",0,1,-1,0,0,0,0,0,0,1,1.12213740458015,0,0
2014,16,"226*A",44,-1348,"Lupinus argenteus",18,NA,NA,15,2,0,NA,1,0,0,2.52336448598131,0,126.450364246014
2015,16,"226*A",44,-1348,"Lupinus argenteus",16,18,-2,12,3,0,0,1,0,0,3.0530303030303,0.0429555100552813,126.430478621874
2016,16,"226*A",44,-1348,"Lupinus argenteus",12,16,-4,11,0,0,0,1,0,0,1.30188679245283,0.69444444444446,131.390687202776
2017,16,"226*A",44,-1348,"Lupinus argenteus",0,12,-12,0,0,0,0,0,0,1,1.28571428571429,0,0
2017,27,"2260*A",462,-2098,"Agoseris glauca",1.5,NA,NA,3,0,1,1,1,0,0,1.28571428571429,200.000000000002,0
2018,27,"2260*A",462,-2098,"Agoseris glauca",0,1.5,-1.5,0,0,0,0,0,0,1,1.12213740458015,0,0
2017,27,"2261*A",464,-2097,"Elymus lanceolatus",2,NA,NA,5,0,1,1,1,0,0,1.28571428571429,200.000000000006,0
2018,27,"2261*A",464,-2097,"Elymus lanceolatus",0,2,-2,0,0,0,0,0,0,1,1.12213740458015,0,0
2017,27,"2262*A",403,-2059,"Ivesia gordonii",1.5,NA,NA,1.5,0,1,1,1,0,0,1.28571428571429,100.000000000004,0
2018,27,"2262*A",403,-2059,"Ivesia gordonii",0,1.5,-1.5,0,0,0,0,0,0,1,1.12213740458015,0,0
2016,27,"2263*A",408,-2053,"Eriogonum umbellatum",0.8,NA,NA,0.5,0,0,1,1,0,0,1.30188679245283,100.000000000004,0
2017,27,"2263*A",408,-2053,"Eriogonum umbellatum",0.8,0.8,0,0.5,0,0,0,1,0,0,1.28571428571429,100.000000000004,0
2018,27,"2263*A",408,-2053,"Eriogonum umbellatum",0,0.8,-0.8,0,0,0,0,0,0,1,1.12213740458015,0,0
2017,27,"2264*A",409,-2051,"Heterotheca villosa",1,NA,NA,1,0,1,1,1,0,0,1.28571428571429,99.9999999999895,0
2018,27,"2264*A",409,-2051,"Heterotheca villosa",0,1,-1,0,0,0,0,0,0,1,1.12213740458015,0,0
2016,27,"2265*A",409,-2048,"Ivesia gordonii",1,NA,NA,1,0,0,1,1,0,0,1.30188679245283,99.9999999999932,0
2017,27,"2265*A",409,-2048,"Ivesia gordonii",1,1,0,1,0,0,0,1,0,0,1.28571428571429,99.9999999999932,0
2018,27,"2265*A",409,-2048,"Ivesia gordonii",2.5,1,1.5,1,0,0,0,1,0,0,1.12213740458015,0,0
2019,27,"2265*A",409,-2048,"Ivesia gordonii",3,2.5,0.5,2.5,0,0,0,1,0,0,0.5,0,0
2017,33,"2266*A",812,-2558,"Senecio crassulus",2,NA,NA,5.5,0,0,1,1,0,0,1.28571428571429,99.9999999999927,0
2018,33,"2266*A",812,-2558,"Senecio crassulus",0,2,-2,0,0,0,0,0,0,1,1.12213740458015,0,0
2017,33,"2267*A",848,-2578,"Ivesia gordonii",0.5,NA,NA,0.3,0,1,1,1,0,0,1.28571428571429,99.9999999999927,0
2018,33,"2267*A",848,-2578,"Ivesia gordonii",0,0.5,-0.5,0,0,0,0,0,0,1,1.12213740458015,0,0
2016,33,"2268*A",817,-2524,"Chaenactis douglasii",2,NA,NA,1.5,0,0,1,1,0,0,1.30188679245283,99.9999999999927,0
2017,33,"2268*A",817,-2524,"Chaenactis douglasii",2,2,0,1.5,0,0,0,1,0,0,1.28571428571429,99.9999999999927,0
2018,33,"2268*A",817,-2524,"Chaenactis douglasii",3.5,2,1.5,2,0,0,0,1,0,0,1.12213740458015,100.000000000003,0
2019,33,"2268*A",817,-2524,"Chaenactis douglasii",3,3.5,-0.5,2.5,0,0,0,1,0,0,0.5,99.9999999999943,0
2017,33,"2269*A",852,-2472,"Eriogonum umbellatum",6,NA,NA,2.5,0,0,1,1,0,0,1.28571428571429,0,5.74052998320691
2018,33,"2269*A",852,-2472,"Eriogonum umbellatum",0,6,-6,0,0,0,0,0,0,1,1.12213740458015,0,0
2014,16,"227*A",46,-1338,"Lupinus argenteus",17,NA,NA,13,0,0,NA,1,0,0,2.52336448598131,4.9694443840031,103.205530583519
2015,16,"227*A",46,-1338,"Lupinus argenteus",18,17,1,13,5,0,0,1,0,0,3.0530303030303,6.36131367460032,96.4661911485423
2016,16,"227*A",46,-1338,"Lupinus argenteus",17,18,-1,12,0,0,0,1,0,0,1.30188679245283,5.05594957431452,40.0225625548233
2017,16,"227*A",46,-1338,"Lupinus argenteus",0,17,-17,0,0,0,0,0,0,1,1.28571428571429,0,0
2017,33,"2270*A",887,-2407,"Heterotheca villosa",1,NA,NA,1,0,1,1,1,0,0,1.28571428571429,100.000000000026,100.000000000026
2018,33,"2270*A",887,-2407,"Heterotheca villosa",0,1,-1,0,0,0,0,0,0,1,1.12213740458015,0,0
2017,33,"2271*A",882,-2415,"Heterotheca villosa",1,NA,NA,0.5,0,1,1,1,0,0,1.28571428571429,200.000000000052,100.000000000026
2018,33,"2271*A",882,-2415,"Heterotheca villosa",0,1,-1,0,0,0,0,0,0,1,1.12213740458015,0,0
2017,33,"2272*A",890,-2415,"Elymus lanceolatus",1,NA,NA,4,0,1,1,1,0,0,1.28571428571429,100.000000000026,100.000000000026
2018,33,"2272*A",890,-2415,"Elymus lanceolatus",0,1,-1,0,0,0,0,0,0,1,1.12213740458015,0,0
2017,33,"2273*A",844,-2438,"Lupinus argenteus",3,NA,NA,4,0,0,1,1,0,0,1.28571428571429,0,0
2018,33,"2273*A",844,-2438,"Lupinus argenteus",1,3,-2,0.2,0,0,0,1,0,0,1.12213740458015,0,0
2019,33,"2273*A",844,-2438,"Lupinus argenteus",0,1,-1,0,0,0,0,0,0,1,0.5,0,0
2017,33,"2274*A",848,-2432,"Lupinus argenteus",7,NA,NA,7,0,0,1,1,0,0,1.28571428571429,15.7288442743197,19.6451058162979
2018,33,"2274*A",848,-2432,"Lupinus argenteus",3,7,-4,1,0,0,0,1,0,0,1.12213740458015,52.7344494072243,0
2019,33,"2274*A",848,-2432,"Lupinus argenteus",0,3,-3,0,0,0,0,0,0,1,0.5,0,0
2017,33,"2275*A",872,-2424,"Ivesia gordonii",1,NA,NA,1,0,1,1,1,0,0,1.28571428571429,189.361500009093,0
2018,33,"2275*A",872,-2424,"Ivesia gordonii",0,1,-1,0,0,0,0,0,0,1,1.12213740458015,0,0
2017,33,"2276*A",877,-2425,"Poa stenantha",1,NA,NA,5,0,1,1,1,0,0,1.28571428571429,100.000000000026,0
2018,33,"2276*A",877,-2425,"Poa stenantha",0,1,-1,0,0,0,0,0,0,1,1.12213740458015,0,0
2017,33,"2277*A",884,-2420,"Senecio crassulus",3,NA,NA,7,0,0,1,1,0,0,1.28571428571429,149.884277903104,0
2018,33,"2277*A",884,-2420,"Senecio crassulus",0,3,-3,0,0,0,0,0,0,1,1.12213740458015,0,0
2017,33,"2278*A",962,-2488,"Lupinus argenteus",4,NA,NA,3,0,0,1,1,0,0,1.28571428571429,0,0
2018,33,"2278*A",962,-2488,"Lupinus argenteus",0,4,-4,0,0,0,0,0,0,1,1.12213740458015,0,0
2017,33,"2279*A",954,-2483,"Lupinus argenteus",5,NA,NA,4,0,0,1,1,0,0,1.28571428571429,0,0
2018,33,"2279*A",954,-2483,"Lupinus argenteus",0,5,-5,0,0,0,0,0,0,1,1.12213740458015,0,0
2014,16,"228*A",36,-1335,"Lupinus argenteus",14,NA,NA,13,0,0,NA,1,0,0,2.52336448598131,0,199.920949321482
2015,16,"228*A",36,-1335,"Lupinus argenteus",12,14,-2,13,2,0,0,1,0,0,3.0530303030303,0,210.072209899575
2016,16,"228*A",36,-1335,"Lupinus argenteus",0,12,-12,0,0,0,0,0,0,1,1.30188679245283,0,0
2017,40,"2280*A",1709,-2844,"Eriogonum umbellatum",1,NA,NA,1,0,1,1,1,0,0,1.28571428571429,0,0
2018,40,"2280*A",1709,-2844,"Eriogonum umbellatum",0,1,-1,0,0,0,0,0,0,1,1.12213740458015,0,0
2017,37,"2281*A",458,-2963,"Lupinus argenteus",5,NA,NA,4,0,0,1,1,0,0,1.28571428571429,0,0
2018,37,"2281*A",458,-2963,"Lupinus argenteus",0,5,-5,0,0,0,0,0,0,1,1.12213740458015,0,0
2017,37,"2282*A",466,-2981,"Ivesia gordonii",1.5,NA,NA,1.3,0,1,1,1,0,0,1.28571428571429,0,0
2018,37,"2282*A",466,-2981,"Ivesia gordonii",0,1.5,-1.5,0,0,0,0,0,0,1,1.12213740458015,0,0
2017,36,"2283*A",56,-2980,"Lupinus argenteus",1.5,NA,NA,2,0,1,1,1,0,0,1.28571428571429,0,0
2018,36,"2283*A",56,-2980,"Lupinus argenteus",0,1.5,-1.5,0,0,0,0,0,0,1,1.12213740458015,0,0
2016,37,"2284*A",450,-2922,"Eriogonum umbellatum",2,NA,NA,2,0,0,1,1,0,0,1.30188679245283,106.075475881974,0
2017,37,"2284*A",450,-2922,"Eriogonum umbellatum",2,2,0,2,0,0,0,1,0,0,1.28571428571429,100.000000000003,0
2018,37,"2284*A",450,-2922,"Eriogonum umbellatum",2,2,0,1.5,0,0,0,1,0,0,1.12213740458015,100.000000000003,0
2019,37,"2284*A",450,-2922,"Eriogonum umbellatum",2.5,2,0.5,2,0,0,0,1,0,0,0.5,100.000000000001,0
2017,37,"2285*A",473,-2939,"Ivesia gordonii",0.5,NA,NA,0.5,0,1,1,1,0,0,1.28571428571429,100.000000000016,0
2018,37,"2285*A",473,-2939,"Ivesia gordonii",1.5,0.5,1,0.5,0,0,0,1,0,0,1.12213740458015,0,0
2019,37,"2285*A",473,-2939,"Ivesia gordonii",3.4,1.5,1.9,2,0,0,0,1,0,0,0.5,0,0
2016,37,"2286*A",467,-2886,"Eriogonum umbellatum",1,NA,NA,1,0,0,1,1,0,0,1.30188679245283,99.9999999999932,0
2017,37,"2286*A",467,-2886,"Eriogonum umbellatum",1,1,0,1,0,0,0,1,0,0,1.28571428571429,5.20763789760782,0
2018,37,"2286*A",467,-2886,"Eriogonum umbellatum",0,1,-1,0,0,0,0,0,0,1,1.12213740458015,0,0
2017,37,"2287*A",493,-2882,"Phacelia hastata",0.3,NA,NA,0.3,0,1,1,1,0,0,1.28571428571429,0,0
2018,37,"2287*A",493,-2882,"Phacelia hastata",0,0.3,-0.3,0,0,0,0,0,0,1,1.12213740458015,0,0
2016,37,"2288*A",521,-2850,"Lupinus argenteus",16,NA,NA,10,0,0,1,1,0,0,1.30188679245283,0.594504878763986,1.73153033421101
2017,37,"2288*A",521,-2850,"Lupinus argenteus",16,16,0,10,0,0,0,1,0,0,1.28571428571429,4.46667543162684,1.73153033421101
2018,37,"2288*A",521,-2850,"Lupinus argenteus",12,16,-4,7,0,0,0,1,0,0,1.12213740458015,2.91680558227698,0
2019,37,"2288*A",521,-2850,"Lupinus argenteus",12.5,12,0.5,8,0,0,0,1,0,0,0.5,1.04968314747131,0
2016,37,"2289*A",515,-2843,"Lupinus argenteus",5,NA,NA,2.5,0,0,1,1,0,0,1.30188679245283,5.74865360512621,17.730870622322
2017,37,"2289*A",515,-2843,"Lupinus argenteus",5,5,0,2.5,0,0,0,1,0,0,1.28571428571429,24.0240906083373,17.730870622322
2018,37,"2289*A",515,-2843,"Lupinus argenteus",0,5,-5,0,0,0,0,0,0,1,1.12213740458015,0,0
2014,16,"229*A",33,-1335,"Lupinus argenteus",11,NA,NA,13,0,0,NA,1,0,0,2.52336448598131,0,179.402678715031
2015,16,"229*A",33,-1335,"Lupinus argenteus",12,11,1,13,0,0,0,1,0,0,3.0530303030303,0.991199190632697,177.724922968009
2016,16,"229*A",33,-1335,"Lupinus argenteus",19,12,7,12,0,0,0,1,0,0,1.30188679245283,0.277008310249315,69.2019951973327
2017,16,"229*A",33,-1335,"Lupinus argenteus",0,19,-19,0,0,0,0,0,0,1,1.28571428571429,0,0
2017,37,"2290*A",541,-2869,"Ivesia gordonii",1,NA,NA,1,0,1,1,1,0,0,1.28571428571429,0,0
2018,37,"2290*A",541,-2869,"Ivesia gordonii",2,1,1,1.5,0,0,0,1,0,0,1.12213740458015,0,0
2019,37,"2290*A",541,-2869,"Ivesia gordonii",9.5,2,7.5,3.2,0,0,0,1,0,0,0.5,0,0
2017,36,"2291*A",106,-2855,"Arnica latifolia",9,NA,NA,8,0,0,1,1,0,0,1.28571428571429,217.113456723213,0
2018,36,"2291*A",106,-2855,"Arnica latifolia",8,9,-1,10,0,0,0,1,0,0,1.12213740458015,151.775508461772,0
2019,36,"2291*A",106,-2855,"Arnica latifolia",3.5,8,-4.5,6.5,0,0,0,1,0,0,0.5,200,0
2017,41,"2292*A",125,-3267,"Elymus lanceolatus",4,NA,NA,3.5,0,1,1,1,0,0,1.28571428571429,0,0
2018,41,"2292*A",125,-3267,"Elymus lanceolatus",22.5,4,18.5,19,1,0,0,1,0,0,1.12213740458015,17.8765432098765,0
2019,41,"2292*A",125,-3267,"Elymus lanceolatus",3,22.5,-19.5,6.5,0,0,0,1,0,0,0.5,63.4851550992987,0
2017,36,"2293*A",98,-2834,"Arnica latifolia",6,NA,NA,4.5,0,0,1,1,0,0,1.28571428571429,162.258279131763,8.49647001383527
2018,36,"2293*A",98,-2834,"Arnica latifolia",0,6,-6,0,0,0,0,1,0,0,1.12213740458015,0,0
2019,36,"2293*A",98,-2834,"Arnica latifolia",10,0,10,7,0,0,0,1,0,0,0.5,196.030334105414,25.5406779031325
2017,36,"2294*A",102,-2842,"Arnica latifolia",6,NA,NA,8,1,0,1,1,0,0,1.28571428571429,422.904117733022,0
2018,36,"2294*A",102,-2842,"Arnica latifolia",6,6,0,4,0,0,0,1,0,0,1.12213740458015,246.584860080713,0
2019,36,"2294*A",102,-2842,"Arnica latifolia",4.5,6,-1.5,7.5,0,0,0,1,0,0,0.5,300,0
2016,36,"2295*A",106,-2845,"Ivesia gordonii",3,NA,NA,3,0,0,1,1,0,0,1.30188679245283,216.384031160157,0
2017,36,"2295*A",106,-2845,"Ivesia gordonii",3,3,0,3,0,0,0,1,0,0,1.28571428571429,295.838694788988,0
2018,36,"2295*A",106,-2845,"Ivesia gordonii",4,3,1,3.5,0,0,0,1,0,0,1.12213740458015,237.645816203645,0
2019,36,"2295*A",106,-2845,"Ivesia gordonii",3,4,-1,5,0,0,0,1,0,0,0.5,300,0
2017,36,"2296*A",103,-2832,"Ivesia gordonii",1,NA,NA,2,0,1,1,1,0,0,1.28571428571429,200.000000000004,0
2018,36,"2296*A",103,-2832,"Ivesia gordonii",0,1,-1,0,0,0,0,0,0,1,1.12213740458015,0,0
2017,36,"2297*A",179,-2872,"Ivesia gordonii",0.5,NA,NA,0.5,0,1,1,1,0,0,1.28571428571429,0,0
2018,36,"2297*A",179,-2872,"Ivesia gordonii",0,0.5,-0.5,0,0,0,0,0,0,1,1.12213740458015,0,0
2017,36,"2298*A",154,-2973,"Lupinus argenteus",2,NA,NA,3,0,1,1,1,0,0,1.28571428571429,200,0
2018,36,"2298*A",154,-2973,"Lupinus argenteus",0,2,-2,0,0,0,0,0,0,1,1.12213740458015,0,0
2017,41,"2299*A",136,-3249,"Lupinus argenteus",5,NA,NA,2.5,0,0,1,1,0,0,1.28571428571429,0,0
2018,41,"2299*A",136,-3249,"Lupinus argenteus",0,5,-5,0,0,0,0,0,0,1,1.12213740458015,0,0
2014,5,"23*A",1627,-146,"Lupinus argenteus",7,NA,NA,8,0,0,NA,1,0,0,2.52336448598131,0,51.9931721678997
2015,5,"23*A",1627,-146,"Lupinus argenteus",12,7,5,10,0,0,0,1,0,0,3.0530303030303,0,24.7416055912596
2016,5,"23*A",1627,-146,"Lupinus argenteus",0,12,-12,0,0,0,0,0,0,1,1.30188679245283,0,0
2014,16,"230*A",24,-1330,"Lupinus argenteus",14,NA,NA,13,1,0,NA,1,0,0,2.52336448598131,0,76.6767605862579
2015,16,"230*A",24,-1330,"Lupinus argenteus",15,14,1,12,4,0,0,1,0,0,3.0530303030303,0,110.127324839758
2016,16,"230*A",24,-1330,"Lupinus argenteus",15,15,0,13,1,0,0,1,0,0,1.30188679245283,0,108.906160751503
2017,16,"230*A",24,-1330,"Lupinus argenteus",6.5,15,-8.5,3,0,0,0,1,0,0,1.28571428571429,0,2.85489774780606
2018,16,"230*A",24,-1330,"Lupinus argenteus",0,6.5,-6.5,0,0,0,0,0,0,1,1.12213740458015,0,0
2017,41,"2300*A",158,-3246,"Heterotheca villosa",1,NA,NA,0.5,0,1,1,1,0,0,1.28571428571429,100.000000000002,0
2018,41,"2300*A",158,-3246,"Heterotheca villosa",0,1,-1,0,0,0,0,0,0,1,1.12213740458015,0,0
2017,41,"2301*A",152,-3251,"Eriogonum umbellatum",1,NA,NA,1,0,1,1,1,0,0,1.28571428571429,0,87.1055611911966
2018,41,"2301*A",152,-3251,"Eriogonum umbellatum",0,1,-1,0,0,0,0,0,0,1,1.12213740458015,0,0
2017,41,"2302*A",147,-3210,"Senecio crassulus",1.5,NA,NA,1,0,1,1,1,0,0,1.28571428571429,299.99999999999,0
2018,41,"2302*A",147,-3210,"Senecio crassulus",0,1.5,-1.5,0,0,0,0,0,0,1,1.12213740458015,0,0
2017,41,"2303*A",0,-3317,"Arenaria congesta",1,NA,NA,1,0,1,1,1,0,0,1.28571428571429,100,0
2018,41,"2303*A",0,-3317,"Arenaria congesta",1.5,1,0.5,2.5,0,0,0,1,0,0,1.12213740458015,100,0
2019,41,"2303*A",0,-3317,"Arenaria congesta",2,1.5,0.5,4,0,0,0,1,0,0,0.5,100,0
2017,41,"2304*A",1,-3322,"Arenaria congesta",1,NA,NA,1,0,1,1,1,0,0,1.28571428571429,100,0
2018,41,"2304*A",1,-3322,"Arenaria congesta",1,1,0,2,0,0,0,1,0,0,1.12213740458015,100,0
2019,41,"2304*A",1,-3322,"Arenaria congesta",1.5,1,0.5,4,0,0,0,1,0,0,0.5,100,0
2017,41,"2305*A",27,-3353,"Lupinus argenteus",2,NA,NA,1.5,0,0,1,1,0,0,1.28571428571429,0,0
2018,41,"2305*A",27,-3353,"Lupinus argenteus",0,2,-2,0,0,0,0,0,0,1,1.12213740458015,0,0
2017,46,"2306*A",81.14609424,-3776.30649874,"Eriogonum umbellatum",0.5,NA,NA,0.5,0,1,1,1,0,0,1.28571428571429,99.9999999999982,45.3805163985556
2017,46,"2306*B",80.9482926,-3776.20698538,"Eriogonum umbellatum",0.5,NA,NA,0.5,0,1,1,0,1,0,1.28571428571429,100.000000000001,45.3805163985574
2018,46,"2306*A",81,-3776,"Eriogonum umbellatum",0,0.5,-0.5,0,0,0,0,0,0,1,1.12213740458015,0,0
2017,46,"2307*A",87,-3772,"Lupinus argenteus",3.5,NA,NA,3.5,0,0,1,1,0,0,1.28571428571429,100,0
2018,46,"2307*A",87,-3772,"Lupinus argenteus",0,3.5,-3.5,0,0,0,0,0,0,1,1.12213740458015,0,0
2016,46,"2308*A",86,-3782,"Senecio crassulus",12.5,NA,NA,9,0,0,1,1,0,0,1.30188679245283,187.482094402975,6.2524877559419
2017,46,"2308*A",86,-3782,"Senecio crassulus",12.5,12.5,0,9,0,0,0,1,0,0,1.28571428571429,107.246902918987,47.8789867263453
2018,46,"2308*A",86,-3782,"Senecio crassulus",7.5,12.5,-5,6,0,0,0,1,0,0,1.12213740458015,98.4261996869017,98.8777497556342
2019,46,"2308*A",86,-3782,"Senecio crassulus",0,7.5,-7.5,0,0,0,0,0,0,1,0.5,0,0
2017,46,"2309*A",100,-3759,"Senecio crassulus",1,NA,NA,1,0,1,1,1,0,0,1.28571428571429,200.000000000004,100.000000000002
2018,46,"2309*A",100,-3759,"Senecio crassulus",0,1,-1,0,0,0,0,0,0,1,1.12213740458015,0,0
2014,16,"231*A",18,-1327,"Lupinus argenteus",19,NA,NA,12,2,0,NA,1,0,0,2.52336448598131,0,48.3169946534475
2015,16,"231*A",18,-1327,"Lupinus argenteus",26,19,7,11,8,0,0,1,0,0,3.0530303030303,0.635466344189606,35.0495300160561
2016,16,"231*A",18,-1327,"Lupinus argenteus",21,26,-5,9,0,0,0,1,0,0,1.30188679245283,0,43.6479585361337
2017,16,"231*A",18,-1327,"Lupinus argenteus",8,21,-13,2,0,0,0,1,0,0,1.28571428571429,13.0881822977128,1.88467859132511
2018,16,"231*A",18,-1327,"Lupinus argenteus",0,8,-8,0,0,0,0,0,0,1,1.12213740458015,0,0
2017,46,"2310*A",87,-3740,"Senecio crassulus",1.5,NA,NA,2.5,0,1,1,1,0,0,1.28571428571429,299.999999999999,0
2018,46,"2310*A",87,-3740,"Senecio crassulus",0,1.5,-1.5,0,0,0,0,1,0,0,1.12213740458015,0,0
2019,46,"2310*A",87,-3740,"Senecio crassulus",5,0,5,5,0,0,0,1,0,0,0.5,200,0
2017,46,"2311*A",79,-3738,"Viola praemorsa",6,NA,NA,8,0,0,1,1,0,0,1.28571428571429,212.61132627494,0
2018,46,"2311*A",79,-3738,"Viola praemorsa",9,6,3,4,0,0,0,1,0,0,1.12213740458015,202.748080913293,0
2019,46,"2311*A",79,-3738,"Viola praemorsa",8,9,-1,6,1,0,0,1,0,0,0.5,200,0
2017,46,"2312*A",94,-3708,"Senecio crassulus",7,NA,NA,7,0,0,1,1,0,0,1.28571428571429,196.01533406179,0
2018,46,"2312*A",94,-3708,"Senecio crassulus",0,7,-7,0,0,0,0,0,0,1,1.12213740458015,0,0
2017,46,"2313*A",90,-3706,"Agoseris glauca",7,NA,NA,8,0,0,1,1,0,0,1.28571428571429,169.489167542193,0
2018,46,"2313*A",90,-3706,"Agoseris glauca",7.5,7,0.5,5.5,0,0,0,1,0,0,1.12213740458015,136.916299588866,0
2019,46,"2313*A",90,-3706,"Agoseris glauca",9.5,7.5,2,11,1,0,0,1,0,0,0.5,99.9999999999999,0
2017,46,"2314*A",98,-3690,"Senecio crassulus",3,NA,NA,2,0,0,1,1,0,0,1.28571428571429,300,0
2018,46,"2314*A",98,-3690,"Senecio crassulus",0,3,-3,0,0,0,0,0,0,1,1.12213740458015,0,0
2014,46,"2315*A",87,-3746,"Carex siccata",80,NA,NA,18,0,0,NA,1,0,0,2.52336448598131,128.495815857043,1.65957227661674
2015,46,"2315*A",87,-3746,"Carex siccata",80,80,0,18,0,0,0,1,0,0,3.0530303030303,127.018813492262,10.3153594132994
2016,46,"2315*A",87,-3746,"Carex siccata",80,80,0,18,0,0,0,1,0,0,1.30188679245283,125.723313039516,19.7928986349168
2017,46,"2315*A",87,-3746,"Carex siccata",80,80,0,18,0,0,0,1,0,0,1.28571428571429,107.849269897879,11.9296647476975
2018,46,"2315*A",87,-3746,"Carex siccata",79,80,-1,14.5,1,0,0,1,0,0,1.12213740458015,60.7460682459242,6.36883034794488
2019,46,"2315*A",87,-3746,"Carex siccata",40,79,-39,13,0,0,0,1,0,0,0.5,88.4460498936417,1.27124999999999
2014,46,"2316*A",114,-3750,"Eriogonum umbellatum",17,NA,NA,2,0,0,NA,1,0,0,2.52336448598131,107.263335184537,183.073188057895
2015,46,"2316*A",114,-3750,"Eriogonum umbellatum",17,17,0,2,0,0,0,1,0,0,3.0530303030303,120.100191422969,174.720927448547
2016,46,"2316*A",114,-3750,"Eriogonum umbellatum",17,17,0,2,0,0,0,1,0,0,1.30188679245283,192.528396517756,183.073188057895
2017,46,"2316*A",114,-3750,"Eriogonum umbellatum",17,17,0,2,0,0,0,1,0,0,1.28571428571429,121.995801681761,175.995709721236
2018,46,"2316*A",114,-3750,"Eriogonum umbellatum",0,17,-17,0,0,0,0,1,0,0,1.12213740458015,0,0
2019,46,"2316*A",114,-3750,"Eriogonum umbellatum",0.5,0,0.5,1,0,0,0,1,0,0,0.5,0,100.000000000006
2017,46,"2317*A",115,-3748,"Agoseris glauca",1.5,NA,NA,2,0,0,1,1,0,0,1.28571428571429,399.999999999991,0
2018,46,"2317*A",115,-3748,"Agoseris glauca",2.5,1.5,1,6,0,0,0,1,0,0,1.12213740458015,200,0
2019,46,"2317*A",115,-3748,"Agoseris glauca",0,2.5,-2.5,0,0,0,0,0,0,1,0.5,0,0
2017,46,"2318*A",112,-3770,"Ivesia gordonii",4,NA,NA,2,0,0,1,1,0,0,1.28571428571429,158.835500605958,0
2018,46,"2318*A",112,-3770,"Ivesia gordonii",0,4,-4,0,0,0,0,0,0,1,1.12213740458015,0,0
2017,46,"2319*A",150,-3789,"Arenaria congesta",0.1,NA,NA,0.3,0,1,1,1,0,0,1.28571428571429,100.000000000011,0
2018,46,"2319*A",150,-3789,"Arenaria congesta",1.5,0.1,1.4,1,0,0,0,1,0,0,1.12213740458015,87.4121053777954,0
2019,46,"2319*A",150,-3789,"Arenaria congesta",2,1.5,0.5,2.5,0,0,0,1,0,0,0.5,100,0
2014,16,"232*A",38,-1327,"Lupinus argenteus",16,NA,NA,13,0,0,NA,1,0,0,2.52336448598131,0,221.306688013657
2015,16,"232*A",38,-1327,"Lupinus argenteus",17,16,1,11,1,0,0,1,0,0,3.0530303030303,1.14253267690897,187.01996892106
2016,16,"232*A",38,-1327,"Lupinus argenteus",12,17,-5,9,0,0,0,1,0,0,1.30188679245283,0,68.9215792861601
2017,16,"232*A",38,-1327,"Lupinus argenteus",0,12,-12,0,0,0,0,0,0,1,1.28571428571429,0,0
2017,46,"2320*A",130,-3770,"Agoseris glauca",1.5,NA,NA,3.5,0,1,1,1,0,0,1.28571428571429,99.9999999999992,0
2018,46,"2320*A",130,-3770,"Agoseris glauca",0,1.5,-1.5,0,0,0,0,0,0,1,1.12213740458015,0,0
2017,46,"2321*A",128,-3749,"Senecio crassulus",6,NA,NA,7,0,0,1,1,0,0,1.28571428571429,242.161416907859,0
2018,46,"2321*A",128,-3749,"Senecio crassulus",0,6,-6,0,0,0,0,0,0,1,1.12213740458015,0,0
2017,46,"2322*A",190,-3782,"Agoseris glauca",0.3,NA,NA,0.3,0,1,1,1,0,0,1.28571428571429,300.000000000027,0
2018,46,"2322*A",190,-3782,"Agoseris glauca",0,0.3,-0.3,0,0,0,0,0,0,1,1.12213740458015,0,0
2017,46,"2323*A",191,-3782,"Senecio crassulus",1,NA,NA,1,0,1,1,1,0,0,1.28571428571429,300.000000000006,0
2018,46,"2323*A",191,-3782,"Senecio crassulus",0,1,-1,0,0,0,0,0,0,1,1.12213740458015,0,0
2016,46,"2324*A",196,-3784,"Agoseris glauca",3,NA,NA,3,0,0,1,1,0,0,1.30188679245283,212.35587637912,12.9339672703654
2017,46,"2324*A",196,-3784,"Agoseris glauca",3,3,0,3,0,0,0,1,0,0,1.28571428571429,151.44410437135,12.9339672703654
2018,46,"2324*A",196,-3784,"Agoseris glauca",0,3,-3,0,0,0,0,0,0,1,1.12213740458015,0,0
2017,46,"2325*A",188,-3777,"Senecio crassulus",0.3,NA,NA,0.3,0,1,1,1,0,0,1.28571428571429,200.000000000018,0
2018,46,"2325*A",188,-3777,"Senecio crassulus",0,0.3,-0.3,0,0,0,0,0,0,1,1.12213740458015,0,0
2017,46,"2326*A",194,-3766,"Senecio crassulus",2,NA,NA,1,0,1,1,1,0,0,1.28571428571429,200,0
2018,46,"2326*A",194,-3766,"Senecio crassulus",7,2,5,4.5,0,0,0,1,0,0,1.12213740458015,272.843858107789,0
2019,46,"2326*A",194,-3766,"Senecio crassulus",7.5,7,0.5,8.5,0,0,0,1,0,0,0.5,167.328412172305,0
2017,46,"2327*A",168,-3751,"Eriogonum umbellatum",4,NA,NA,5,0,0,1,1,0,0,1.28571428571429,227.413704704925,99.9999999999999
2018,46,"2327*A",168,-3751,"Eriogonum umbellatum",0,4,-4,0,0,0,0,0,0,1,1.12213740458015,0,0
2017,46,"2328*A",97,-3743,"Senecio crassulus",4,NA,NA,8,0,0,1,1,0,0,1.28571428571429,200,12.7468612349155
2018,46,"2328*A",97,-3743,"Senecio crassulus",0,4,-4,0,0,0,0,0,0,1,1.12213740458015,0,0
2017,46,"2329*A",99,-3740,"Senecio crassulus",5,NA,NA,7,0,0,1,1,0,0,1.28571428571429,200,37.7979667139522
2018,46,"2329*A",99,-3740,"Senecio crassulus",0,5,-5,0,0,0,0,0,0,1,1.12213740458015,0,0
2014,16,"233*A",40,-1330,"Lupinus argenteus",15,NA,NA,13,1,0,NA,1,0,0,2.52336448598131,0,233.711383281274
2015,16,"233*A",40,-1330,"Lupinus argenteus",15.5,15,0.5,12,0,0,0,1,0,0,3.0530303030303,0,199.202608807614
2016,16,"233*A",40,-1330,"Lupinus argenteus",0,15.5,-15.5,0,0,0,0,0,0,1,1.30188679245283,0,0
2017,46,"2330*A",100,-3735,"Senecio crassulus",9,NA,NA,10,0,0,1,1,0,0,1.28571428571429,204.907464447591,20.5026182044419
2018,46,"2330*A",100,-3735,"Senecio crassulus",0,9,-9,0,0,0,0,0,0,1,1.12213740458015,0,0
2017,46,"2331*A",102,-3727,"Senecio crassulus",4,NA,NA,5,0,0,1,1,0,0,1.28571428571429,219.423807229796,99.9999999999994
2018,46,"2331*A",102,-3727,"Senecio crassulus",0,4,-4,0,0,0,0,0,0,1,1.12213740458015,0,0
2017,46,"2332*A",101,-3700,"Lupinus argenteus",7,NA,NA,5,0,0,1,1,0,0,1.28571428571429,278.566417290351,0
2018,46,"2332*A",101,-3700,"Lupinus argenteus",0,7,-7,0,0,0,0,0,0,1,1.12213740458015,0,0
2017,46,"2333*A",127,-3705,"Eriogonum umbellatum",1,NA,NA,1,0,1,1,1,0,0,1.28571428571429,0,99.999999999996
2018,46,"2333*A",127,-3705,"Eriogonum umbellatum",0,1,-1,0,0,0,0,0,0,1,1.12213740458015,0,0
2017,46,"2334*A",156,-3734,"Senecio crassulus",5,NA,NA,4,0,0,1,1,0,0,1.28571428571429,99.9999999999994,0
2018,46,"2334*A",156,-3734,"Senecio crassulus",0,5,-5,0,0,0,0,0,0,1,1.12213740458015,0,0
2017,46,"2335*A",133,-3725,"Senecio crassulus",3,NA,NA,5,0,0,1,1,0,0,1.28571428571429,101.050610589604,46.0834192629348
2018,46,"2335*A",133,-3725,"Senecio crassulus",0,3,-3,0,0,0,0,0,0,1,1.12213740458015,0,0
2017,46,"2336*A",130,-3720,"Senecio crassulus",2,NA,NA,2,0,1,1,1,0,0,1.28571428571429,100,0
2018,46,"2336*A",130,-3720,"Senecio crassulus",0,2,-2,0,0,0,0,0,0,1,1.12213740458015,0,0
2017,46,"2337*A",134.584377,-3720.22599495,"Senecio crassulus",4,NA,NA,3,0,1,1,1,0,0,1.28571428571429,100.000000000001,71.9651231274565
2017,46,"2337*B",133.7931704,-3719.8279415,"Senecio crassulus",4,NA,NA,3,0,1,1,0,1,0,1.28571428571429,100,72.0078951741843
2017,46,"2337*C",132.0241243,-3723.38105965,"Senecio crassulus",4,NA,NA,3,0,1,1,0,1,0,1.28571428571429,99.9999999999997,25.9646953821271
2017,46,"2337*D",136.9021456,-3715.31146754,"Senecio crassulus",4,NA,NA,3,0,1,1,0,1,0,1.28571428571429,99.9999999999996,0
2018,46,"2337*A",134,-3719,"Senecio crassulus",3,4,-1,6.5,0,0,0,1,0,0,1.12213740458015,100.000000000001,0
2019,46,"2337*A",134,-3719,"Senecio crassulus",12,3,9,12,0,0,0,1,0,0,0.5,102.466472267966,0
2017,46,"2338*A",116,-3697,"Lupinus argenteus",7,NA,NA,3,0,0,1,1,0,0,1.28571428571429,100,0
2018,46,"2338*A",116,-3697,"Lupinus argenteus",0,7,-7,0,0,0,0,0,0,1,1.12213740458015,0,0
2017,46,"2339*A",190,-3715,"Phacelia hastata",1,NA,NA,0.5,0,1,1,1,0,0,1.28571428571429,102.856741422505,0
2018,46,"2339*A",190,-3715,"Phacelia hastata",0,1,-1,0,0,0,0,0,0,1,1.12213740458015,0,0
2014,16,"234*A",45,-1319,"Lupinus argenteus",20,NA,NA,13,0,0,NA,1,0,0,2.52336448598131,0,147.855017309342
2015,16,"234*A",45,-1319,"Lupinus argenteus",16,20,-4,14,3,0,0,1,0,0,3.0530303030303,3.1851585590183,124.146125259804
2016,16,"234*A",45,-1319,"Lupinus argenteus",12,16,-4,10,0,0,0,1,0,0,1.30188679245283,0,79.864335015216
2017,16,"234*A",45,-1319,"Lupinus argenteus",0,12,-12,0,0,0,0,0,0,1,1.28571428571429,0,0
2017,46,"2340*A",185,-3667,"Ivesia gordonii",0.5,NA,NA,0.5,0,1,1,1,0,0,1.28571428571429,99.9999999999932,0
2018,46,"2340*A",185,-3667,"Ivesia gordonii",1,0.5,0.5,0.7,0,0,0,1,0,0,1.12213740458015,99.9999999999986,0
2019,46,"2340*A",185,-3667,"Ivesia gordonii",0,1,-1,0,0,0,0,0,0,1,0.5,0,0
2017,46,"2341*A",151,-3684,"Agoseris glauca",6,NA,NA,5,0,0,1,1,0,0,1.28571428571429,0,0
2018,46,"2341*A",151,-3684,"Agoseris glauca",7,6,1,6,1,0,0,1,0,0,1.12213740458015,61.2512102320994,0
2019,46,"2341*A",151,-3684,"Agoseris glauca",11.5,7,4.5,6,1,0,0,1,0,0,0.5,73.9643658485212,0
2017,46,"2342*A",190,-3654,"Senecio crassulus",1,NA,NA,2,0,1,1,1,0,0,1.28571428571429,100.000000000002,100.000000000002
2018,46,"2342*A",190,-3654,"Senecio crassulus",0,1,-1,0,0,0,0,0,0,1,1.12213740458015,0,0
2017,46,"2343*A",181,-3665,"Senecio crassulus",6,NA,NA,12,1,0,1,1,0,0,1.28571428571429,100,52.1794293855257
2018,46,"2343*A",181,-3665,"Senecio crassulus",0,6,-6,0,0,0,0,0,0,1,1.12213740458015,0,0
2017,46,"2344*A",178,-3655,"Agoseris glauca",3.5,NA,NA,4,0,0,1,1,0,0,1.28571428571429,150.211010597278,11.9063174171781
2018,46,"2344*A",178,-3655,"Agoseris glauca",0,3.5,-3.5,0,0,0,0,0,0,1,1.12213740458015,0,0
2017,46,"2345*A",196,-3643,"Lupinus argenteus",5,NA,NA,5,0,0,1,1,0,0,1.28571428571429,119.520368265735,0
2018,46,"2345*A",196,-3643,"Lupinus argenteus",3,5,-2,4,0,0,0,1,0,0,1.12213740458015,132.665048055434,0
2019,46,"2345*A",196,-3643,"Lupinus argenteus",0,3,-3,0,0,0,0,1,0,0,0.5,0,0
2016,46,"2346*A",153,-3637,"Senecio crassulus",6,NA,NA,8,0,0,1,1,0,0,1.30188679245283,200,38.6289606855985
2017,46,"2346*A",153,-3637,"Senecio crassulus",6,6,0,8,0,0,0,1,0,0,1.28571428571429,200,19.4824063192797
2018,46,"2346*A",153,-3637,"Senecio crassulus",0,6,-6,0,0,0,0,0,0,1,1.12213740458015,0,0
2016,46,"2347*A",159,-3635,"Senecio crassulus",10,NA,NA,12,3,0,1,1,0,0,1.30188679245283,314.765171740317,42.9243370740291
2017,46,"2347*A",159,-3635,"Senecio crassulus",10,10,0,12,3,0,0,1,0,0,1.28571428571429,207.310133860554,25.6746562994624
2018,46,"2347*A",159,-3635,"Senecio crassulus",0,10,-10,0,0,0,0,0,0,1,1.12213740458015,0,0
2017,46,"2348*A",162,-3633,"Heterotheca villosa",1.5,NA,NA,1,0,1,1,1,0,0,1.28571428571429,199.999999999997,99.9999999999984
2018,46,"2348*A",162,-3633,"Heterotheca villosa",0,1.5,-1.5,0,0,0,0,0,0,1,1.12213740458015,0,0
2017,46,"2349*A",181,-3600,"Carex siccata",1,NA,NA,1,0,0,1,1,0,0,1.28571428571429,0,0
2018,46,"2349*A",181,-3600,"Carex siccata",0,1,-1,0,0,0,0,0,0,1,1.12213740458015,0,0
2014,16,"235*A",40,-1315,"Lupinus argenteus",30,NA,NA,17,6,0,NA,1,0,0,2.52336448598131,4.70801725978472,119.788334218833
2015,16,"235*A",40,-1315,"Lupinus argenteus",24,30,-6,15,6,0,0,1,0,0,3.0530303030303,39.0248626558092,74.45685026922
2016,16,"235*A",40,-1315,"Lupinus argenteus",19,24,-5,14,2,0,0,1,0,0,1.30188679245283,40.8159669022377,38.3601901826066
2017,16,"235*A",40,-1315,"Lupinus argenteus",0,19,-19,0,0,0,0,0,0,1,1.28571428571429,0,0
2016,46,"2350*A",116,-3648,"Ivesia gordonii",2,NA,NA,2.5,0,0,1,1,0,0,1.30188679245283,200,0
2017,46,"2350*A",116,-3648,"Ivesia gordonii",2,2,0,2.5,0,0,0,1,0,0,1.28571428571429,200,0
2018,46,"2350*A",116,-3648,"Ivesia gordonii",9.5,2,7.5,6.5,0,0,0,1,0,0,1.12213740458015,100,0
2019,46,"2350*A",116,-3648,"Ivesia gordonii",17,9.5,7.5,7,0,0,0,1,0,0,0.5,100,0
2016,46,"2351*A",112,-3671,"Eriogonum umbellatum",1.5,NA,NA,2.5,0,0,1,1,0,0,1.30188679245283,99.9999999999981,0
2017,46,"2351*A",112,-3671,"Eriogonum umbellatum",1.5,1.5,0,2.5,0,0,0,1,0,0,1.28571428571429,101.521213726271,0
2018,46,"2351*A",112,-3671,"Eriogonum umbellatum",0,1.5,-1.5,0,0,0,0,0,0,1,1.12213740458015,0,0
2016,46,"2352*A",101,-3668,"Senecio crassulus",2.5,NA,NA,3.5,0,0,1,1,0,0,1.30188679245283,21.5603202945432,0
2017,46,"2352*A",101,-3668,"Senecio crassulus",2.5,2.5,0,3.5,0,0,0,1,0,0,1.28571428571429,0,0
2018,46,"2352*A",101,-3668,"Senecio crassulus",0,2.5,-2.5,0,0,0,0,0,0,1,1.12213740458015,0,0
2017,46,"2353*A",111,-3672,"Senecio crassulus",1.5,NA,NA,2,0,0,1,1,0,0,1.28571428571429,25.8041241765633,0
2018,46,"2353*A",111,-3672,"Senecio crassulus",0,1.5,-1.5,0,0,0,0,0,0,1,1.12213740458015,0,0
2017,46,"2354*A",142,-3752,"Heterotheca villosa",1,NA,NA,1,0,0,1,1,0,0,1.28571428571429,199.999999999997,0
2018,46,"2354*A",142,-3752,"Heterotheca villosa",0,1,-1,0,0,0,0,0,0,1,1.12213740458015,0,0
2017,47,"2355*A",401,-3777,"Carex siccata",6,NA,NA,5,0,0,1,1,0,0,1.28571428571429,0,0
2018,47,"2355*A",401,-3777,"Carex siccata",21,6,15,11,0,0,0,1,0,0,1.12213740458015,0,0
2019,47,"2355*A",401,-3777,"Carex siccata",23,21,2,14,0,0,0,1,0,0,0.5,0,19.8633252046145
2017,47,"2356*A",400,-3722,"Carex siccata",13,NA,NA,14,0,0,1,1,0,0,1.28571428571429,0,18.4183151496097
2018,47,"2356*A",400,-3722,"Carex siccata",0,13,-13,0,0,0,0,0,0,1,1.12213740458015,0,0
2017,47,"2357*A",400,-3714,"Carex siccata",11,NA,NA,10,0,0,1,1,0,0,1.28571428571429,0,25.7247542172229
2018,47,"2357*A",400,-3714,"Carex siccata",0,11,-11,0,0,0,0,0,0,1,1.12213740458015,0,0
2017,47,"2358*A",472,-3654,"Lupinus argenteus",2,NA,NA,3,0,0,1,1,0,0,1.28571428571429,0,0
2018,47,"2358*A",472,-3654,"Lupinus argenteus",0,2,-2,0,0,0,0,0,0,1,1.12213740458015,0,0
2017,47,"2359*A",526,-3650,"Lupinus argenteus",2,NA,NA,2,0,1,1,1,0,0,1.28571428571429,0,0
2018,47,"2359*A",526,-3650,"Lupinus argenteus",0,2,-2,0,0,0,0,0,0,1,1.12213740458015,0,0
2014,16,"236*A",23,-1305,"Lupinus argenteus",34,NA,NA,18,13,0,NA,1,0,0,2.52336448598131,4.32525951557096,54.7295799527648
2015,16,"236*A",23,-1305,"Lupinus argenteus",17,34,-17,15,2,0,0,1,0,0,3.0530303030303,76.1754497551247,3.30464257554052
2016,16,"236*A",23,-1305,"Lupinus argenteus",22,17,5,18,3,0,0,1,0,0,1.30188679245283,64.8879000140543,10.0562344459425
2017,16,"236*A",23,-1305,"Lupinus argenteus",0,22,-22,0,0,0,0,0,0,1,1.28571428571429,0,0
2017,49,"2360*A",1281,-3628,"Lupinus argenteus",1.5,NA,NA,2,0,1,1,1,0,0,1.28571428571429,0,0
2018,49,"2360*A",1281,-3628,"Lupinus argenteus",3,1.5,1.5,3,0,0,0,1,0,0,1.12213740458015,0,0
2019,49,"2360*A",1281,-3628,"Lupinus argenteus",4.9,3,1.9,4.6,0,0,0,1,0,0,0.5,0,0
2016,49,"2361*A",1389,-3713,"Elymus lanceolatus",2.5,NA,NA,2,0,0,1,1,0,0,1.30188679245283,0,0
2017,49,"2361*A",1389,-3713,"Elymus lanceolatus",2.5,2.5,0,2,0,0,0,1,0,0,1.28571428571429,0,0
2018,49,"2361*A",1389,-3713,"Elymus lanceolatus",0,2.5,-2.5,0,0,0,0,0,0,1,1.12213740458015,0,0
2016,50,"2362*A",1611,-3619,"Phacelia hastata",4,NA,NA,3,0,0,1,1,0,0,1.30188679245283,99.9999999999909,0
2017,50,"2362*A",1611,-3619,"Phacelia hastata",4,4,0,3,0,0,0,1,0,0,1.28571428571429,99.9999999999909,0
2018,50,"2362*A",1611,-3619,"Phacelia hastata",0,4,-4,0,0,0,0,0,0,1,1.12213740458015,0,0
2017,50,"2363*A",1770,-3749,"Senecio crassulus",3,NA,NA,4,0,0,1,1,0,0,1.28571428571429,99.9999999999992,0
2018,50,"2363*A",1770,-3749,"Senecio crassulus",0,3,-3,0,0,0,0,0,0,1,1.12213740458015,0,0
2018,1,"2364*A",179,-150,"Lupinus argenteus",11,NA,NA,4.5,0,0,1,1,0,0,1.12213740458015,0,0
2019,1,"2364*A",179,-150,"Lupinus argenteus",3,11,-8,1.5,0,0,0,1,0,0,0.5,0,0
2014,3,"2365*A",904,-75,"Eriogonum umbellatum",29,NA,NA,6,42,0,NA,1,0,0,2.52336448598131,0,0
2015,3,"2365*A",904,-75,"Eriogonum umbellatum",37,29,8,4,84,0,0,1,0,0,3.0530303030303,0,0
2016,3,"2365*A",904,-75,"Eriogonum umbellatum",36,37,-1,5,51,0,0,1,0,0,1.30188679245283,0,0
2017,3,"2365*A",904,-75,"Eriogonum umbellatum",40.5,36,4.5,4,82,0,0,1,0,0,1.28571428571429,0,0
2018,3,"2365*A",904,-75,"Eriogonum umbellatum",43,40.5,2.5,4,51,0,0,1,0,0,1.12213740458015,0,0
2019,3,"2365*A",904,-75,"Eriogonum umbellatum",40,43,-3,4,70,0,0,1,0,0,0.5,0,0
2018,5,"2366*A",1672,-39,"Lupinus argenteus",1.5,NA,NA,2,0,0,1,1,0,0,1.12213740458015,0,0
2019,5,"2366*A",1672,-39,"Lupinus argenteus",0,1.5,-1.5,0,0,0,0,0,0,1,0.5,0,0
2014,5,"2367*A",1769,-88,"Eriogonum umbellatum",41,NA,NA,5,29,0,NA,1,0,0,2.52336448598131,11.9552690675396,28.799227543655
2015,5,"2367*A",1769,-88,"Eriogonum umbellatum",42,41,1,3.5,54,0,0,1,0,0,3.0530303030303,17.3081275048554,30.8481797745354
2016,5,"2367*A",1769,-88,"Eriogonum umbellatum",40,42,-2,3.5,40,0,0,1,0,0,1.30188679245283,62.655766065015,39.8422675381647
2017,5,"2367*A",1769,-88,"Eriogonum umbellatum",72,40,32,3.5,143,0,0,1,0,0,1.28571428571429,25.4508632103849,0
2018,5,"2367*A",1769,-88,"Eriogonum umbellatum",71,72,-1,5,73,0,0,1,0,0,1.12213740458015,19.7724104996691,0
2019,5,"2367*A",1769,-88,"Eriogonum umbellatum",67,71,-4,3,100,0,0,1,0,0,0.5,25.4436858151967,0
2018,5,"2368*A",1624,-122,"Lupinus argenteus",7,NA,NA,4.5,0,0,1,1,0,0,1.12213740458015,0,0
2019,5,"2368*A",1624,-122,"Lupinus argenteus",6.5,7,-0.5,5.5,0,0,0,1,0,0,0.5,0,0
2014,16,"237*A",48,-1305,"Lupinus argenteus",14,NA,NA,7,0,0,NA,1,0,0,2.52336448598131,0,74.8890801288622
2015,16,"237*A",48,-1305,"Lupinus argenteus",10,14,-4,5,0,0,0,1,0,0,3.0530303030303,1.25734896142479,35.3256559604026
2016,16,"237*A",48,-1305,"Lupinus argenteus",4,10,-6,3,0,0,0,1,0,0,1.30188679245283,0,0
2017,16,"237*A",48,-1305,"Lupinus argenteus",0,4,-4,0,0,0,0,0,0,1,1.28571428571429,0,0
2018,13,"2370*A",886,-976,"Elymus lanceolatus",3,NA,NA,9.5,0,1,1,1,0,0,1.12213740458015,0,0
2019,13,"2370*A",886,-976,"Elymus lanceolatus",0,3,-3,0,0,0,0,0,0,1,0.5,0,0
2014,16,"2371*A",66,-1337,"Elymus lanceolatus",27,NA,NA,18,3,0,NA,1,0,0,2.52336448598131,72.3791754146576,0
2015,16,"2371*A",66,-1337,"Elymus lanceolatus",27,27,0,18,3,0,0,1,0,0,3.0530303030303,46.7433572657309,0
2016,16,"2371*A",66,-1337,"Elymus lanceolatus",27,27,0,18,3,0,0,1,0,0,1.30188679245283,48.552548895727,0
2017,16,"2371*A",66,-1337,"Elymus lanceolatus",36,27,9,26,9,0,0,1,0,0,1.28571428571429,0.250000000000009,0
2018,16,"2371*A",66,-1337,"Elymus lanceolatus",33,36,-3,30,35,0,0,1,0,0,1.12213740458015,0,0
2019,16,"2371*A",66,-1337,"Elymus lanceolatus",51,33,18,30.5,18,0,0,1,0,0,0.5,1.34480153208237,0.655404196434848
2018,18,"2372*A",858,-1328,"Heterotheca villosa",10.5,NA,NA,5,4,0,1,1,0,0,1.12213740458015,179.29732575388,0
2019,18,"2372*A",858,-1328,"Heterotheca villosa",20.5,10.5,10,8.5,7,0,0,1,0,0,0.5,189.938109362292,0
2018,19,"2373*A",1284,-1260,"Heterotheca villosa",1,NA,NA,2,0,0,1,1,0,0,1.12213740458015,100.000000000029,0
2019,19,"2373*A",1284,-1260,"Heterotheca villosa",4,1,3,3.5,0,0,0,1,0,0,0.5,94.0173402710556,0
2018,19,"2374*A",1265,-1366,"Lupinus argenteus",10,NA,NA,8,0,0,1,1,0,0,1.12213740458015,99.9999999999978,8.15496635010568
2019,19,"2374*A",1265,-1366,"Lupinus argenteus",9,10,-1,8,0,0,0,1,0,0,0.5,100.000000000001,26.5866947214299
2018,19,"2375*A",1249,-1371,"Lupinus argenteus",7,NA,NA,8,0,0,1,1,0,0,1.12213740458015,0,0
2019,19,"2375*A",1249,-1371,"Lupinus argenteus",6.5,7,-0.5,6,0,0,0,1,0,0,0.5,0,0
2018,19,"2376*A",1292,-1358,"Lupinus argenteus",6,NA,NA,6,0,0,1,1,0,0,1.12213740458015,200.000000000002,0
2019,19,"2376*A",1292,-1358,"Lupinus argenteus",6,6,0,5.5,0,0,0,1,0,0,0.5,200.000000000002,0
2018,19,"2377*A",1283,-1347,"Chaenactis douglasii",0.9,NA,NA,0.5,0,1,1,1,0,0,1.12213740458015,100.000000000012,0
2019,19,"2377*A",1283,-1347,"Chaenactis douglasii",0,0.9,-0.9,0,0,0,0,0,0,1,0.5,0,0
2018,19,"2378*A",1274,-1352,"Ivesia gordonii",1,NA,NA,1,0,1,1,1,0,0,1.12213740458015,100.000000000029,0
2019,19,"2378*A",1274,-1352,"Ivesia gordonii",2,1,1,2,0,0,0,1,0,0,0.5,99.9999999999927,0
2018,19,"2379*A",1370,-1280,"Eriogonum umbellatum",2.5,NA,NA,0.5,0,0,1,1,0,0,1.12213740458015,100.000000000004,0
2019,19,"2379*A",1370,-1280,"Eriogonum umbellatum",1,2.5,-1.5,0.5,0,0,0,1,0,0,0.5,100.000000000022,0
2014,16,"238*A",37,-1292,"Lupinus argenteus",14,NA,NA,13,1,0,NA,1,0,0,2.52336448598131,0,53.6726834277768
2015,16,"238*A",37,-1292,"Lupinus argenteus",22.5,14,8.5,13,5,0,0,1,0,0,3.0530303030303,26.8845051289181,19.3771497353032
2016,16,"238*A",37,-1292,"Lupinus argenteus",0,22.5,-22.5,0,0,0,0,0,0,1,1.30188679245283,0,0
2018,19,"2380*A",1378,-1365,"Eriogonum umbellatum",1,NA,NA,0.5,0,0,1,1,0,0,1.12213740458015,0,0
2019,19,"2380*A",1378,-1365,"Eriogonum umbellatum",1,1,0,1.5,0,0,0,1,0,0,0.5,0,0
2014,20,"2381*A",1604,-1324,"Elymus lanceolatus",6,NA,NA,20,2,0,NA,1,0,0,2.52336448598131,114.811065760783,0
2015,20,"2381*A",1604,-1324,"Elymus lanceolatus",8.5,6,2.5,14,3,0,0,1,0,0,3.0530303030303,126.597643552809,0.357688183879965
2016,20,"2381*A",1604,-1324,"Elymus lanceolatus",35,8.5,26.5,29,18,0,0,1,0,0,1.30188679245283,132.104489002558,0
2017,20,"2381*A",1604,-1324,"Elymus lanceolatus",35,35,0,27,10,0,0,1,0,0,1.28571428571429,126.767185332469,0
2018,20,"2381*A",1604,-1324,"Elymus lanceolatus",37,35,2,27,49,0,0,1,0,0,1.12213740458015,103.225368627782,0
2019,20,"2381*A",1604,-1324,"Elymus lanceolatus",39,37,2,27,9,0,0,1,0,0,0.5,120.152417442238,0
2018,20,"2382*A",1630,-1367,"Chaenactis douglasii",1,NA,NA,1,0,1,1,1,0,0,1.12213740458015,100.000000000024,0
2019,20,"2382*A",1630,-1367,"Chaenactis douglasii",0,1,-1,0,0,0,0,0,0,1,0.5,0,0
2014,21,"2383*A",31,-1664,"Eriogonum umbellatum",63,NA,NA,4,52,0,NA,1,0,0,2.52336448598131,5.1950413222754,0
2015,21,"2383*A",31,-1664,"Eriogonum umbellatum",83,63,20,5,72,0,0,1,0,0,3.0530303030303,12.3763794334411,0.237536607503135
2016,21,"2383*A",31,-1664,"Eriogonum umbellatum",71,83,-12,5,67,0,0,1,0,0,1.30188679245283,26.1882079439603,0.0203640808273414
2017,21,"2383*A",31,-1664,"Eriogonum umbellatum",72,71,1,4,41,0,0,1,0,0,1.28571428571429,17.7329932619263,0
2018,21,"2383*A",31,-1664,"Eriogonum umbellatum",51,72,-21,2.5,4,0,0,1,0,0,1.12213740458015,5.12860450501301,0
2019,21,"2383*A",31,-1664,"Eriogonum umbellatum",51.5,51,0.5,3,8,0,0,1,0,0,0.5,0.781977566217377,0
2018,22,"2384*A",536,-1762,"Phacelia hastata",5,NA,NA,3,0,0,1,1,0,0,1.12213740458015,100.000000000001,0
2019,22,"2384*A",536,-1762,"Phacelia hastata",0,5,-5,0,0,0,0,0,0,1,0.5,0,0
2018,23,"2385*A",894,-1800,"Heterotheca villosa",6,NA,NA,3,1,0,1,1,0,0,1.12213740458015,97.5329966351723,0
2019,23,"2385*A",894,-1800,"Heterotheca villosa",10,6,4,5.5,3,0,0,1,0,0,0.5,74.2459509731254,0
2018,24,"2386*A",1379,-1709,"Elymus lanceolatus",5.5,NA,NA,10,0,0,1,1,0,0,1.12213740458015,3.47478432198869,99.9999999999966
2019,24,"2386*A",1379,-1709,"Elymus lanceolatus",8,5.5,2.5,11.5,0,0,0,1,0,0,0.5,42.602560929405,43.3829542496617
2018,24,"2387*A",1301,-1790.5,"Elymus lanceolatus",7,NA,NA,15,0,0,1,1,0,0,1.12213740458015,96.0387294822943,84.9204035227462
2019,24,"2387*A",1301,-1790.5,"Elymus lanceolatus",3.5,7,-3.5,18,1,0,0,1,0,0,0.5,99.9999999999988,124.429490969428
2018,24,"2388*A",1300,-1795,"Elymus lanceolatus",8,NA,NA,15,1,0,1,1,0,0,1.12213740458015,94.51306826986,90.8124221044713
2019,24,"2388*A",1300,-1795,"Elymus lanceolatus",8,8,0,12,0,0,0,1,0,0,0.5,100,104.675957255868
2018,27,"2389*A",415,-2079,"Ivesia gordonii",2.5,NA,NA,4,0,0,1,1,0,0,1.12213740458015,200.000000000006,0
2019,27,"2389*A",415,-2079,"Ivesia gordonii",3,2.5,0.5,3,0,0,0,1,0,0,0.5,200,0
2014,16,"239*A",24,-1290,"Chaenactis douglasii",1,NA,NA,1,0,1,1,1,0,0,2.52336448598131,200,0
2015,16,"239*A",24,-1290,"Chaenactis douglasii",1.5,1,0.5,1,0,0,0,1,0,0,3.0530303030303,100,0
2016,16,"239*A",24,-1290,"Chaenactis douglasii",0,1.5,-1.5,0,0,0,0,0,0,1,1.30188679245283,0,0
2018,28,"2390*A",890,-2099,"Elymus lanceolatus",2,NA,NA,2,0,1,1,1,0,0,1.12213740458015,0,0
2019,28,"2390*A",890,-2099,"Elymus lanceolatus",1,2,-1,3.5,0,0,0,1,0,0,0.5,0,0
2018,28,"2391*A",975,-2066,"Elymus lanceolatus",3,NA,NA,7,0,1,1,1,0,0,1.12213740458015,100.000000000004,0
2019,28,"2391*A",975,-2066,"Elymus lanceolatus",2,3,-1,9.8,0,0,0,1,0,0,0.5,100.000000000004,0
2018,33,"2392*A",868,-2400,"Senecio crassulus",6.5,NA,NA,5,0,0,1,1,0,0,1.12213740458015,72.5318306475719,0
2019,33,"2392*A",868,-2400,"Senecio crassulus",0,6.5,-6.5,0,0,0,0,0,0,1,0.5,0,0
2018,33,"2393*A",991,-2515,"Senecio crassulus",2.5,NA,NA,3,0,1,1,1,0,0,1.12213740458015,157.901788052192,0
2019,33,"2393*A",991,-2515,"Senecio crassulus",0,2.5,-2.5,0,0,0,0,0,0,1,0.5,0,0
2018,34,"2394*A",1308,-2549,"Chaenactis douglasii",2,NA,NA,2,0,1,1,1,0,0,1.12213740458015,220.629849117637,0
2019,34,"2394*A",1308,-2549,"Chaenactis douglasii",4,2,2,3.5,0,0,0,1,0,0,0.5,299.999999999989,0
2018,36,"2395*A",108,-2842,"Senecio crassulus",2,NA,NA,3.5,0,1,1,1,0,0,1.12213740458015,300.000000000003,0
2019,36,"2395*A",108,-2842,"Senecio crassulus",0,2,-2,0,0,0,0,0,0,1,0.5,0,0
2014,36,"2396*A",106,-2848,"Poa stenantha",9,NA,NA,9,0,0,NA,1,0,0,2.52336448598131,132.075272461636,0
2015,36,"2396*A",106,-2848,"Poa stenantha",16,9,7,14,0,0,0,1,0,0,3.0530303030303,116.871359875974,0
2016,36,"2396*A",106,-2848,"Poa stenantha",23,16,7,16,1,0,0,1,0,0,1.30188679245283,138.380012613567,0
2017,36,"2396*A",106,-2848,"Poa stenantha",25,23,2,18,6,0,0,1,0,0,1.28571428571429,174.78349021887,0
2018,36,"2396*A",106,-2848,"Poa stenantha",15,25,-10,18,12,0,0,1,0,0,1.12213740458015,151.742633370188,0
2019,36,"2396*A",106,-2848,"Poa stenantha",29,15,14,21.5,0,0,0,1,0,0,0.5,146.393664232299,0
2018,37,"2397*A",419,-2800,"Lupinus argenteus",9,NA,NA,9,0,0,1,1,0,0,1.12213740458015,0,73.1561214717102
2019,37,"2397*A",419,-2800,"Lupinus argenteus",19.5,9,10.5,10.5,0,0,0,1,0,0,0.5,0,0
2018,37,"2398*A",422,-2801,"Lupinus argenteus",10,NA,NA,7.5,0,0,1,1,0,0,1.12213740458015,0,47.2683273390014
2019,37,"2398*A",422,-2801,"Lupinus argenteus",0,10,-10,0,0,0,0,0,0,1,0.5,0,0
2018,37,"2399*A",468,-2910,"Lupinus argenteus",3,NA,NA,3,0,0,1,1,0,0,1.12213740458015,0,0
2019,37,"2399*A",468,-2910,"Lupinus argenteus",0,3,-3,0,0,0,0,0,0,1,0.5,0,0
2014,5,"24*A",1625,-135,"Lupinus argenteus",23,NA,NA,12,1,0,NA,1,0,0,2.52336448598131,0,31.7194275985288
2015,5,"24*A",1625,-135,"Lupinus argenteus",15,23,-8,14,3,0,0,1,0,0,3.0530303030303,0,19.403207384939
2016,5,"24*A",1625,-135,"Lupinus argenteus",0,15,-15,0,0,0,0,0,0,1,1.30188679245283,0,0
2014,16,"240*A",5,-1295,"Lupinus argenteus",19,NA,NA,13,0,0,NA,1,0,0,2.52336448598131,0,98.7580729161138
2015,16,"240*A",5,-1295,"Lupinus argenteus",20,19,1,14,3,0,0,1,0,0,3.0530303030303,0,31.0834371309748
2016,16,"240*A",5,-1295,"Lupinus argenteus",26,20,6,13,0,0,0,1,0,0,1.30188679245283,0,24.1592997974384
2017,16,"240*A",5,-1295,"Lupinus argenteus",0,26,-26,0,0,0,0,0,0,1,1.28571428571429,0,0
2014,41,"2400*A",175,-3224,"Heterotheca villosa",5,NA,NA,5,1,0,NA,1,0,0,2.52336448598131,99.9999999999994,0
2015,41,"2400*A",175,-3224,"Heterotheca villosa",10,5,5,5.5,2,0,0,1,0,0,3.0530303030303,144.586511337173,0
2016,41,"2400*A",175,-3224,"Heterotheca villosa",10,10,0,5,1,0,0,1,0,0,1.30188679245283,196.498092956452,0
2017,41,"2400*A",175,-3224,"Heterotheca villosa",12,10,2,6,3,0,0,1,0,0,1.28571428571429,136.108416816811,0
2018,41,"2400*A",175,-3224,"Heterotheca villosa",11,12,-1,7,2,0,0,1,0,0,1.12213740458015,100,0
2019,41,"2400*A",175,-3224,"Heterotheca villosa",10.5,11,-0.5,8,1,0,0,1,0,0,0.5,151.020408163265,0
2018,46,"2401*A",28,-3697,"Carex siccata",2,NA,NA,3,0,0,1,1,0,0,1.12213740458015,0,0
2019,46,"2401*A",28,-3697,"Carex siccata",11,2,9,9.5,0,0,0,1,0,0,0.5,0,0
2018,46,"2402*A",28,-3668,"Carex siccata",7.5,NA,NA,11,0,0,1,1,0,0,1.12213740458015,0,164.950769342751
2019,46,"2402*A",28,-3668,"Carex siccata",20,7.5,12.5,13,0,0,0,1,0,0,0.5,0,82.8210344077592
2018,46,"2403*A",23,-3758,"Carex siccata",7.5,NA,NA,8.5,0,0,1,1,0,0,1.12213740458015,0,70.3916024662795
2019,46,"2403*A",23,-3758,"Carex siccata",0,7.5,-7.5,0,0,0,0,0,0,1,0.5,0,0
2014,46,"2404*A",191,-3782,"Carex siccata",9,NA,NA,11,1,0,NA,1,0,0,2.52336448598131,182.920668367851,0
2015,46,"2404*A",191,-3782,"Carex siccata",13,9,4,15,0,0,0,1,0,0,3.0530303030303,182.752399414627,9.09741088680016
2016,46,"2404*A",191,-3782,"Carex siccata",8,13,-5,10,0,0,0,1,0,0,1.30188679245283,239.021196032723,58.3686508762417
2017,46,"2404*A",191,-3782,"Carex siccata",9,8,1,12,0,0,0,1,0,0,1.28571428571429,126.673252314159,51.2515286262387
2018,46,"2404*A",191,-3782,"Carex siccata",31,9,22,16,0,0,0,1,0,0,1.12213740458015,86.9301113870714,100.877962580703
2019,46,"2404*A",191,-3782,"Carex siccata",23,31,-8,19,0,0,0,1,0,0,0.5,87.0581543788674,159.269633836649
2018,46,"2405*A",100,-3632,"Heterotheca villosa",8,NA,NA,3.5,1,0,1,1,0,0,1.12213740458015,15.0371091977695,0
2019,46,"2405*A",100,-3632,"Heterotheca villosa",14,8,6,6.5,3,0,0,1,0,0,0.5,21.4772821637542,0
2018,46,"2406*A",105,-3629,"Phacelia hastata",1,NA,NA,0.5,0,1,1,1,0,0,1.12213740458015,0,0
2019,46,"2406*A",105,-3629,"Phacelia hastata",0,1,-1,0,0,0,0,0,0,1,0.5,0,0
2014,46,"2407*A",130,-3630,"Carex siccata",13,NA,NA,14,0,0,NA,1,0,0,2.52336448598131,0,0
2015,46,"2407*A",130,-3630,"Carex siccata",12,13,-1,6,0,0,0,1,0,0,3.0530303030303,0,0
2016,46,"2407*A",130,-3630,"Carex siccata",16,12,4,11,0,0,0,1,0,0,1.30188679245283,14.3272321181699,0
2017,46,"2407*A",130,-3630,"Carex siccata",15,16,-1,7,0,0,0,1,0,0,1.28571428571429,0,0
2018,46,"2407*A",130,-3630,"Carex siccata",18.5,15,3.5,14,0,0,0,1,0,0,1.12213740458015,7.68121248307172,0
2019,46,"2407*A",130,-3630,"Carex siccata",0,18.5,-18.5,0,0,0,0,0,0,1,0.5,0,0
2014,46,"2408*A",164,-3644,"Carex siccata",10,NA,NA,10,0,0,NA,1,0,0,2.52336448598131,117.256661871889,0
2015,46,"2408*A",164,-3644,"Carex siccata",9,10,-1,21,0,0,0,1,0,0,3.0530303030303,118.954592892995,6.03836949922825
2016,46,"2408*A",164,-3644,"Carex siccata",11,9,2,12,0,0,0,1,0,0,1.30188679245283,267.265977722081,4.189994287783
2017,46,"2408*A",164,-3644,"Carex siccata",13,11,2,15,0,0,0,1,0,0,1.28571428571429,182.37999023431,0
2018,46,"2408*A",164,-3644,"Carex siccata",19,13,6,4,0,0,0,1,0,0,1.12213740458015,214.541468596379,0
2019,46,"2408*A",164,-3644,"Carex siccata",8,19,-11,9,0,0,0,1,0,0,0.5,282.786991458267,0
2018,46,"2409*A",157,-3608,"Carex siccata",8,NA,NA,13,0,0,1,1,0,0,1.12213740458015,30.4992879041729,0
2019,46,"2409*A",157,-3608,"Carex siccata",0.5,8,-7.5,2,0,0,0,1,0,0,0.5,0.375897660271946,0
2014,16,"241*A",5,-1285,"Lupinus argenteus",12,NA,NA,10,0,0,NA,1,0,0,2.52336448598131,0,179.060356305201
2015,16,"241*A",5,-1285,"Lupinus argenteus",10,12,-2,12,1,0,0,1,0,0,3.0530303030303,0,148.511858973487
2016,16,"241*A",5,-1285,"Lupinus argenteus",0,10,-10,0,0,0,0,1,0,0,1.30188679245283,0,0
2017,16,"241*A",5,-1285,"Lupinus argenteus",1.5,0,1.5,1,0,0,0,1,0,0,1.28571428571429,0,0
2018,16,"241*A",5,-1285,"Lupinus argenteus",0,1.5,-1.5,0,0,0,0,0,0,1,1.12213740458015,0,0
2014,46,"2410*A",117,-3653,"Eriogonum umbellatum",35,NA,NA,2,7,0,NA,1,0,0,2.52336448598131,97.6940391357095,0.324292324414404
2015,46,"2410*A",117,-3653,"Eriogonum umbellatum",38,35,3,2,5,0,0,1,0,0,3.0530303030303,84.6661232435286,0.761772853185583
2016,46,"2410*A",117,-3653,"Eriogonum umbellatum",34,38,-4,2,7,0,0,1,0,0,1.30188679245283,105.221264994647,1.63675428959667
2017,46,"2410*A",117,-3653,"Eriogonum umbellatum",34,34,0,2,16,0,0,1,0,0,1.28571428571429,105.922300709792,0.268345069576043
2018,46,"2410*A",117,-3653,"Eriogonum umbellatum",35,34,1,3,11,0,0,1,0,0,1.12213740458015,7.46547471340071,1.37991240447118
2019,46,"2410*A",117,-3653,"Eriogonum umbellatum",36,35,1,3,1,0,0,1,0,0,0.5,23.7646343982459,2.92765930159992
2018,42,"2411*A",535,-3206,"Lupinus argenteus",4,NA,NA,1.5,0,0,1,1,0,0,1.12213740458015,0,0
2019,42,"2411*A",535,-3206,"Lupinus argenteus",0,4,-4,0,0,0,0,0,0,1,0.5,0,0
2018,46,"2412*A",31,-3785,"Arenaria congesta",6,NA,NA,6,9,0,1,1,0,0,1.12213740458015,119.500768725247,0
2019,46,"2412*A",31,-3785,"Arenaria congesta",14,6,8,4,14,0,0,1,0,0,0.5,100,16.6875869663355
2018,46,"2413*A",37,-3780,"Arenaria congesta",4.5,NA,NA,3.5,1,0,1,1,0,0,1.12213740458015,128.647014770136,0
2019,46,"2413*A",37,-3780,"Arenaria congesta",10,4.5,5.5,5.5,3,0,0,1,0,0,0.5,44.1813059965084,32.7076704540176
2018,46,"2414*A",20,-3769,"Agoseris glauca",4.5,NA,NA,3,1,0,1,1,0,0,1.12213740458015,197.997191837448,0
2019,46,"2414*A",20,-3769,"Agoseris glauca",12,4.5,7.5,6,2,0,0,1,0,0,0.5,78.9790233725985,0
2018,46,"2415*A",166,-3795,"Carex siccata",12,NA,NA,7.5,0,0,1,1,0,0,1.12213740458015,0,0
2019,46,"2415*A",166,-3795,"Carex siccata",5,12,-7,7.5,0,0,0,1,0,0,0.5,0,0
2018,46,"2416*A",176,-3769,"Carex siccata",17,NA,NA,16,0,0,1,1,0,0,1.12213740458015,107.36834389067,72.7723845049483
2019,46,"2416*A",176,-3769,"Carex siccata",20,17,3,18,0,0,0,1,0,0,0.5,108.35716683857,71.2189771180939
2018,46,"2417*A",103,-3774,"Elymus lanceolatus",1.5,NA,NA,3.5,0,0,1,1,0,0,1.12213740458015,99.9999999999993,0
2019,46,"2417*A",103,-3774,"Elymus lanceolatus",6,1.5,4.5,7,0,0,0,1,0,0,0.5,9.17199685576133,0
2018,46,"2418*A",96,-3748,"Agoseris glauca",5,NA,NA,5,0,0,1,1,0,0,1.12213740458015,200,0
2019,46,"2418*A",96,-3748,"Agoseris glauca",0,5,-5,0,0,0,0,0,0,1,0.5,0,0
2018,46,"2419*A",65,-3705,"Carex siccata",8,NA,NA,10,0,0,1,1,0,0,1.12213740458015,21.1497101758602,0
2019,46,"2419*A",65,-3705,"Carex siccata",0,8,-8,0,0,0,0,0,0,1,0.5,0,0
2014,16,"242*A",3,-1280,"Lupinus argenteus",29,NA,NA,17,4,0,NA,1,0,0,2.52336448598131,0,99.9706152139909
2015,16,"242*A",3,-1280,"Lupinus argenteus",19,29,-10,12,2,0,0,1,0,0,3.0530303030303,0,78.187641787656
2016,16,"242*A",3,-1280,"Lupinus argenteus",0,19,-19,0,0,0,0,0,0,1,1.30188679245283,0,0
2018,46,"2420*A",83,-3695,"Phacelia hastata",2,NA,NA,0.5,0,1,1,1,0,0,1.12213740458015,0,0
2019,46,"2420*A",83,-3695,"Phacelia hastata",4,2,2,2.5,0,0,0,1,0,0,0.5,0,0
2018,46,"2421*A",101,-3673,"Carex siccata",3.5,NA,NA,9.5,0,0,1,1,0,0,1.12213740458015,0,0
2019,46,"2421*A",101,-3673,"Carex siccata",7,3.5,3.5,6.5,0,0,0,1,0,0,0.5,42.0298921101235,0
2018,46,"2422*A",139,-3684,"Senecio crassulus",3.5,NA,NA,1,0,0,1,1,0,0,1.12213740458015,0,0
2019,46,"2422*A",139,-3684,"Senecio crassulus",0,3.5,-3.5,0,0,0,0,0,0,1,0.5,0,0
2018,46,"2423*A",163,-3671,"Senecio crassulus",2,NA,NA,2.5,0,1,1,1,0,0,1.12213740458015,187.631420049573,0
2019,46,"2423*A",163,-3671,"Senecio crassulus",3.5,2,1.5,7,0,0,0,1,0,0,0.5,186.973746843136,0
2018,46,"2425*A",200,-3673,"Agoseris glauca",1.5,NA,NA,4,0,1,1,1,0,0,1.12213740458015,99.9999999999985,0
2019,46,"2425*A",200,-3673,"Agoseris glauca",3,1.5,1.5,4.5,0,0,0,1,0,0,0.5,200.000000000004,0
2018,46,"2426*A",178,-3719,"Arenaria congesta",1.5,NA,NA,1.5,0,0,1,1,0,0,1.12213740458015,0,0
2019,46,"2426*A",178,-3719,"Arenaria congesta",1,1.5,-0.5,2,0,0,0,1,0,0,0.5,47.2599924859859,0
2018,46,"2427*A",179,-3718,"Carex siccata",1,NA,NA,2.5,0,0,1,1,0,0,1.12213740458015,0,0
2019,46,"2427*A",179,-3718,"Carex siccata",1.5,1,0.5,2,0,0,0,1,0,0,0.5,0,99.9999999999984
2018,46,"2428*A",181,-3715,"Carex siccata",2,NA,NA,2.5,0,0,1,1,0,0,1.12213740458015,0,0
2019,46,"2428*A",181,-3715,"Carex siccata",10,2,8,5,0,0,0,1,0,0,0.5,45.8948238389458,2.24999999999996
2018,46,"2429*A",185,-3730,"Carex siccata",16,NA,NA,16,0,0,1,1,0,0,1.12213740458015,100,0
2019,46,"2429*A",185,-3730,"Carex siccata",18.5,16,2.5,15.5,0,0,0,1,0,0,0.5,100,0
2018,46,"2430*A",134,-3771,"Elymus lanceolatus",4.5,NA,NA,9.5,0,0,1,1,0,0,1.12213740458015,7.82553752940566,0
2019,46,"2430*A",134,-3771,"Elymus lanceolatus",8.5,4.5,4,13.5,0,0,0,1,0,0,0.5,80.1511262821577,0
2018,46,"2431*A",130,-3767,"Ivesia gordonii",7,NA,NA,4.5,0,0,1,1,0,0,1.12213740458015,117.859925940655,75.9585255271897
2019,46,"2431*A",130,-3767,"Ivesia gordonii",11,7,4,6,0,0,0,1,0,0,0.5,161.203822665518,117.214791705445
2018,46,"2432*A",130,-3762,"Agoseris glauca",5.5,NA,NA,5,1,0,1,1,0,0,1.12213740458015,168.068665177277,0
2019,46,"2432*A",130,-3762,"Agoseris glauca",11,5.5,5.5,8,1,0,0,1,0,0,0.5,261.814076372894,0
2016,28,"2433*A",978,-2032,"Ivesia gordonii",0.2,NA,NA,0.2,0,1,1,1,0,0,1.30188679245283,0,0
2017,28,"2433*A",978,-2032,"Ivesia gordonii",0.7,0.2,0.5,0.3,0,0,0,1,0,0,1.28571428571429,0,0
2018,28,"2433*A",978,-2032,"Ivesia gordonii",1,0.7,0.3,1,0,0,0,1,0,0,1.12213740458015,0,0
2019,28,"2433*A",978,-2032,"Ivesia gordonii",2,1,1,1.5,0,0,0,1,0,0,0.5,0,0
2019,6,"2434*A",110,-563,"Ivesia gordonii",0.5,NA,NA,0.5,0,1,1,1,0,0,0.5,0,100.000000000003
2019,8,"2436*A",960,-409,"Heterotheca villosa",0.7,NA,NA,0.5,0,1,1,1,0,0,0.5,0,0
2019,8,"2437*A",955,-415,"Heterotheca villosa",0.9,NA,NA,0.5,0,1,1,1,0,0,0.5,0,0
2019,8,"2438*A",951,-411,"Heterotheca villosa",1,NA,NA,0.3,0,1,1,1,0,0,0.5,0,0
2019,8,"2439*A",964,-434,"Heterotheca villosa",1.5,NA,NA,1,0,1,1,1,0,0,0.5,100.000000000003,0
2014,16,"243A*A",22,-1280,"Lupinus argenteus",34,NA,NA,16,11,0,NA,1,0,0,2.52336448598131,0.0865051903114213,61.5423931705124
2015,16,"243A*A",22,-1280,"Lupinus argenteus",29,34,-5,11,9,0,0,1,0,0,3.0530303030303,0.267538644470864,21.4516611984644
2016,16,"243A*A",22,-1280,"Lupinus argenteus",31,29,2,14,6,0,0,1,0,0,1.30188679245283,0.171190896461206,9.95941112800997
2017,16,"243A*A",22,-1280,"Lupinus argenteus",0,31,-31,0,0,0,0,0,0,1,1.28571428571429,0,0
2014,16,"244*A",35,-1265,"Lupinus argenteus",20,NA,NA,13,2,0,NA,1,0,0,2.52336448598131,0,26.8946987160063
2015,16,"244*A",35,-1265,"Lupinus argenteus",8,20,-12,5,0,0,0,1,0,0,3.0530303030303,0,0
2016,16,"244*A",35,-1265,"Lupinus argenteus",0,8,-8,0,0,0,0,0,0,1,1.30188679245283,0,0
2019,8,"2440*A",961,-432,"Heterotheca villosa",0.5,NA,NA,0.5,0,1,1,1,0,0,0.5,99.9999999999363,0
2019,8,"2441*A",959,-431,"Heterotheca villosa",0.5,NA,NA,0.5,0,1,1,1,0,0,0.5,26.828170070803,0
2019,8,"2442*A",958,-429,"Heterotheca villosa",1.5,NA,NA,0.5,0,1,1,1,0,0,0.5,0,0
2019,11,"2443*A",78,-976,"Phacelia hastata",0.9,NA,NA,1,0,1,1,1,0,0,0.5,0,0
2014,14,"2444*A",1354,-904,"Elymus lanceolatus",6,NA,NA,20,0,0,NA,1,0,0,2.52336448598131,99.9999999999994,0
2015,14,"2444*A",1354,-904,"Elymus lanceolatus",16,6,10,13,0,0,0,1,0,0,3.0530303030303,99.9999999999997,31.4236229427119
2016,14,"2444*A",1354,-904,"Elymus lanceolatus",9,16,-7,15.5,1,0,0,1,0,0,1.30188679245283,100.000000000001,7.45982653105222
2017,14,"2444*A",1354,-904,"Elymus lanceolatus",15,9,6,16,0,0,0,1,0,0,1.28571428571429,99.9999999999996,23.8133776032675
2018,14,"2444*A",1354,-904,"Elymus lanceolatus",20,15,5,16.5,1,0,0,1,0,0,1.12213740458015,99.9999999999991,25.8722935503332
2019,14,"2444*A",1354,-904,"Elymus lanceolatus",8,20,-12,15.5,0,0,0,1,0,0,0.5,100,24.4818615675814
2019,19,"2445*A",1305,-1319,"Ivesia gordonii",0.5,NA,NA,1,0,1,1,1,0,0,0.5,75.5729547911316,0
2019,20,"2446*A",1612,-1342,"Penstemon whippleanus",5,NA,NA,6,0,0,1,1,0,0,0.5,142.455063667357,0
2019,20,"2447*A",1603,-1385,"Arenaria congesta",1.5,NA,NA,1.5,0,0,1,1,0,0,0.5,89.639557058369,0
2018,20,"2448*A",1619,-1375,"Ivesia gordonii",9,NA,NA,5,0,0,1,1,0,0,1.12213740458015,24.2895512444419,0
2019,20,"2448*A",1619,-1375,"Ivesia gordonii",8,9,-1,4.5,0,0,0,1,0,0,0.5,77.6746062863975,0
2019,20,"2449*A",1648,-1356,"Arenaria congesta",2,NA,NA,3.5,0,0,1,1,0,0,0.5,0,0
2014,16,"245*A",74,-1310,"Lupinus argenteus",15,NA,NA,30,4,0,NA,1,0,0,2.52336448598131,0,15.5554144855082
2015,16,"245*A",74,-1310,"Lupinus argenteus",24,15,9,12,2,0,0,1,0,0,3.0530303030303,0,14.9152434278914
2016,16,"245*A",74,-1310,"Lupinus argenteus",7,24,-17,11,0,0,0,1,0,0,1.30188679245283,0,0
2017,16,"245*A",74,-1310,"Lupinus argenteus",0,7,-7,0,0,0,0,0,0,1,1.28571428571429,0,0
2019,20,"2450*A",1656,-1352,"Ivesia gordonii",1,NA,NA,1,0,1,1,1,0,0,0.5,0,0
2019,20,"2451*A",1765,-1230,"Elymus lanceolatus",11,NA,NA,7,0,0,1,1,0,0,0.5,0,99.9999999999994
2019,20,"2452*A",1710,-1297,"Elymus lanceolatus",1.5,NA,NA,7,0,0,1,1,0,0,0.5,43.1633478398234,0
2019,46,"2453*A",44,-3782,"Arenaria congesta",0.5,NA,NA,0.5,0,1,1,1,0,0,0.5,0,0
2019,46,"2454*A",44,-3784.5,"Eriogonum umbellatum",0.2,NA,NA,0.3,0,1,1,1,0,0,0.5,0,0
2019,46,"2455*A",3,-3796,"Carex siccata",12,NA,NA,13,0,0,1,1,0,0,0.5,100,0
2019,46,"2456*A",80,-3780,"Eriogonum umbellatum",0.9,NA,NA,1,0,1,1,1,0,0,0.5,0,0
2019,46,"2457*A",89,-3772,"Ivesia gordonii",0.5,NA,NA,0.5,0,1,1,1,0,0,0.5,0,0
2019,46,"2458*A",132,-3781,"Ivesia gordonii",0.5,NA,NA,0.5,0,1,1,1,0,0,0.5,100.000000000003,0
2019,46,"2459*A",122,-3772,"Senecio crassulus",1,NA,NA,2,0,1,1,1,0,0,0.5,199.999999999996,0
2014,16,"246*A",65,-1326,"Lupinus argenteus",29,NA,NA,18,4,0,NA,1,0,0,2.52336448598131,47.4410305733607,13.6224226545631
2015,16,"246*A",65,-1326,"Lupinus argenteus",25,29,-4,14,2,0,0,1,0,0,3.0530303030303,51.2237469058357,13.7458883431447
2016,16,"246*A",65,-1326,"Lupinus argenteus",25,25,0,13,0,0,0,1,0,0,1.30188679245283,51.2237469058357,0
2017,16,"246*A",65,-1326,"Lupinus argenteus",0,25,-25,0,0,0,0,0,0,1,1.28571428571429,0,0
2019,46,"2460*A",119,-3758,"Phacelia hastata",0.6,NA,NA,0.5,0,1,1,1,0,0,0.5,0,0
2019,46,"2461*A",127,-3761,"Phacelia hastata",0.7,NA,NA,0.5,0,1,1,1,0,0,0.5,299.999999999997,0
2019,46,"2462*A",127.5,-3760.5,"Eriogonum umbellatum",0.3,NA,NA,0.3,0,1,1,1,0,0,0.5,199.999999999984,99.9999999999921
2019,46,"2463*A",187,-3700,"Carex siccata",2.5,NA,NA,5,0,0,1,1,0,0,0.5,98.5387230531673,0
2019,46,"2464*A",178,-3685,"Eriogonum umbellatum",0.9,NA,NA,0.5,0,1,1,1,0,0,0.5,99.9999999999972,99.9999999999972
2019,46,"2465*A",176,-3675,"Eriogonum umbellatum",1,NA,NA,0.8,0,1,1,1,0,0,0.5,0,99.9999999999987
2019,46,"2466*A",183,-3679,"Eriogonum umbellatum",0.8,NA,NA,1,0,1,1,1,0,0,0.5,100.000000000003,100.000000000003
2019,46,"2467*A",186,-3667,"Agoseris glauca",1.1,NA,NA,2,0,1,1,1,0,0,0.5,101.073538133513,0
2019,46,"2468*A",159,-3679,"Senecio crassulus",0.6,NA,NA,0.5,0,1,1,1,0,0,0.5,299.999999999986,0
2019,46,"2469*A",167,-3689,"Senecio crassulus",2,NA,NA,4,0,0,1,1,0,0,0.5,100,0
2014,16,"247*A",85,-1340,"Lupinus argenteus",25,NA,NA,18,6,0,NA,1,0,0,2.52336448598131,16.3370665438111,22.5536885792258
2015,16,"247*A",85,-1340,"Lupinus argenteus",0,25,-25,0,0,0,0,1,0,0,3.0530303030303,0,0
2016,16,"247*A",85,-1340,"Lupinus argenteus",5,0,5,9,0,0,0,1,0,0,1.30188679245283,0,0
2017,16,"247*A",85,-1340,"Lupinus argenteus",0,5,-5,0,0,0,0,0,0,1,1.28571428571429,0,0
2019,46,"2470*A",116,-3692,"Carex siccata",8,NA,NA,10,0,0,1,1,0,0,0.5,37.5532697600348,0
2018,46,"2471*A",73,-3704,"Elymus lanceolatus",13,NA,NA,19.5,2,0,1,1,0,0,1.12213740458015,26.9109912730708,0
2019,46,"2471*A",73,-3704,"Elymus lanceolatus",13,13,0,19.5,2,0,0,1,0,0,0.5,20.0094223372951,0
2019,46,"2472*A",81,-3722,"Arenaria congesta",0.3,NA,NA,1,0,1,1,1,0,0,0.5,100.000000000008,0
2019,46,"2473*A",94,-3714,"Senecio crassulus",0.3,NA,NA,0.5,0,1,1,1,0,0,0.5,99.9999999999953,0
2019,46,"2474*A",97,-3705,"Carex siccata",1,NA,NA,5,0,1,1,1,0,0,0.5,100.000000000002,0
2019,46,"2475*A",92,-3733,"Agoseris glauca",1,NA,NA,2.5,0,1,1,1,0,0,0.5,200.000000000002,0
2019,46,"2476*A",82,-3732,"Carex siccata",4.5,NA,NA,9.5,0,0,1,1,0,0,0.5,99.9999999999997,99.9999999999997
2019,46,"2477*A",85,-3735,"Carex siccata",0.3,NA,NA,2,0,0,1,1,0,0,0.5,100.000000000003,100.000000000003
2019,46,"2478*A",99,-3778.5,"Viola praemorsa",1,NA,NA,1,0,1,1,1,0,0,0.5,0,100.000000000002
2019,46,"2479*A",198,-3640,"Agoseris glauca",0.5,NA,NA,1.5,0,1,1,1,0,0,0.5,99.999999999995,0
2014,16,"248*A",80,-1355,"Lupinus argenteus",22,NA,NA,15,5,0,NA,1,0,0,2.52336448598131,2.51999204179761,48.4751986987138
2015,16,"248*A",80,-1355,"Lupinus argenteus",13,22,-9,13,0,0,0,1,0,0,3.0530303030303,0,0
2016,16,"248*A",80,-1355,"Lupinus argenteus",23,13,10,11,2,0,0,1,0,0,1.30188679245283,3.48543837780863,0
2017,16,"248*A",80,-1355,"Lupinus argenteus",0,23,-23,0,0,0,0,0,0,1,1.28571428571429,0,0
2019,46,"2480*A",184,-3628,"Agoseris glauca",0.6,NA,NA,2,0,1,1,1,0,0,0.5,200.000000000016,0
2019,46,"2481*A",120,-3720,"Agoseris glauca",2,NA,NA,4,0,1,1,1,0,0,0.5,99.9999999999998,0
2019,21,"2482*A",26.5,-1686,"Heterotheca villosa",0.7,NA,NA,1,0,1,1,1,0,0,0.5,200,0
2019,22,"2483*A",549,-1759,"Elymus lanceolatus",7,NA,NA,9.5,0,0,1,1,0,0,0.5,99.9999999999992,0
2019,22,"2484*A",567,-1745,"Heterotheca villosa",0.7,NA,NA,1,0,1,1,1,0,0,0.5,99.9999999999916,0
2019,24,"2485*A",1380,-1704,"Chaenactis douglasii",0.4,NA,NA,0.5,0,1,1,1,0,0,0.5,100.000000000088,0
2019,24,"2486*A",1261.5,-1603,"Chaenactis douglasii",0.6,NA,NA,1,0,1,1,1,0,0,0.5,199.999999999955,0
2019,24,"2487*A",1322,-1786,"Chaenactis douglasii",0.9,NA,NA,1.5,0,1,1,1,0,0,0.5,200.00000000006,0
2019,24,"2488*A",1325,-1793,"Heterotheca villosa",1,NA,NA,0.5,0,1,1,1,0,0,0.5,200,0
2019,27,"2489*A",595,-2130,"Chaenactis douglasii",0.5,NA,NA,0.8,0,1,1,1,0,0,0.5,99.9999999999627,0
2014,16,"249*A",83,-1365,"Lupinus argenteus",16,NA,NA,10,0,0,NA,1,0,0,2.52336448598131,0,67.0450819498818
2015,16,"249*A",83,-1365,"Lupinus argenteus",7,16,-9,3,0,0,0,1,0,0,3.0530303030303,0,0
2016,16,"249*A",83,-1365,"Lupinus argenteus",0,7,-7,0,0,0,0,0,0,1,1.30188679245283,0,0
2019,28,"2490*A",839,-2175,"Arnica latifolia",0.7,NA,NA,0.5,0,1,1,1,0,0,0.5,200.00000000001,0
2019,28,"2491*A",838,-2168.5,"Elymus lanceolatus",5.5,NA,NA,13,0,0,1,1,0,0,0.5,100.000000000002,80.9341733132593
2019,28,"2492*A",845,-2173,"Elymus lanceolatus",11,NA,NA,10,0,0,1,1,0,0,0.5,100,87.4352475359358
2019,28,"2493*A",953,-2051,"Heterotheca villosa",0.8,NA,NA,1.5,0,1,1,1,0,0,0.5,0,0
2019,28,"2494*A",952,-2050,"Heterotheca villosa",1,NA,NA,1.5,0,1,1,1,0,0,0.5,0,0
2019,33,"2495*A",945,-2554,"Elymus lanceolatus",7.5,NA,NA,18,0,0,1,1,0,0,0.5,161.545803410549,52.6726477504169
2019,33,"2496*A",850,-2587,"Ivesia gordonii",0.9,NA,NA,0.8,0,1,1,1,0,0,0.5,0,0
2019,33,"2497*A",803,-2560,"Heterotheca villosa",1,NA,NA,1.1,0,1,1,1,0,0,0.5,100.000000000005,0
2019,33,"2498*A",945,-2411,"Eriogonum umbellatum",0.4,NA,NA,1,0,1,1,1,0,0,0.5,0,100.000000000045
2019,33,"2499*A",933,-2406,"Ivesia gordonii",0.8,NA,NA,0.9,0,1,1,1,0,0,0.5,100.000000000014,88.8517600051024
2014,5,"25*A",1622,-130,"Lupinus argenteus",12,NA,NA,9,0,0,NA,1,0,0,2.52336448598131,0,98.8327205791295
2015,5,"25*A",1622,-130,"Lupinus argenteus",6,12,-6,2,0,0,0,1,0,0,3.0530303030303,0,80.2389593658555
2016,5,"25*A",1622,-130,"Lupinus argenteus",20,6,14,8.1,0,0,0,1,0,0,1.30188679245283,0,0
2017,5,"25*A",1622,-130,"Lupinus argenteus",8.5,20,-11.5,5.5,0,0,0,1,0,0,1.28571428571429,0,0
2018,5,"25*A",1622,-130,"Lupinus argenteus",0,8.5,-8.5,0,0,0,0,0,0,1,1.12213740458015,0,0
2014,16,"250*A",95,-1370,"Lupinus argenteus",20,NA,NA,13,1,0,NA,1,0,0,2.52336448598131,0,13.6687786512693
2015,16,"250*A",95,-1370,"Lupinus argenteus",0,20,-20,0,0,0,0,0,0,1,3.0530303030303,0,0
2019,33,"2500*A",937,-2409.5,"Ivesia gordonii",0.3,NA,NA,0.3,0,1,1,1,0,0,0.5,100.000000000025,0
2019,33,"2501*A",934,-2417,"Ivesia gordonii",0.4,NA,NA,0.5,0,1,1,1,0,0,0.5,100.000000000045,0
2019,33,"2502*A",927,-2410,"Ivesia gordonii",0.7,NA,NA,0.5,0,1,1,1,0,0,0.5,99.9999999999749,46.1215884692288
2019,33,"2503*A",929,-2408,"Ivesia gordonii",0.6,NA,NA,0.7,0,1,1,1,0,0,0.5,99.9999999999975,99.9999999999975
2018,33,"2504*A",970,-2516,"Eriogonum umbellatum",3,NA,NA,1.5,0,0,1,1,0,0,1.12213740458015,0,100.000000000004
2019,33,"2504*A",970,-2516,"Eriogonum umbellatum",3,3,0,1.5,0,0,0,1,0,0,0.5,0,100.000000000004
2019,33,"2505*A",828,-2549,"Agoseris glauca",0.5,NA,NA,1.4,0,1,1,1,0,0,0.5,199.999999999985,0
2019,33,"2506*A",810,-2493,"Senecio crassulus",0.6,NA,NA,2.5,0,1,1,1,0,0,0.5,199.999999999934,0
2019,32,"2507*A",534,-2491,"Lupinus argenteus",4.9,NA,NA,3.5,0,0,1,1,0,0,0.5,0,0
2019,31,"2508*A",137,-2574,"Elymus lanceolatus",12,NA,NA,10,0,0,1,1,0,0,0.5,99.9999999999998,99.9999999999998
2019,36,"2509*A",114,-2852,"Arnica latifolia",5,NA,NA,14.5,4,0,1,1,0,0,0.5,200,0
2014,16,"251*A",107,-1365,"Lupinus argenteus",7,NA,NA,3,0,0,NA,1,0,0,2.52336448598131,0,2.4701437216868
2015,16,"251*A",107,-1365,"Lupinus argenteus",0,7,-7,0,0,0,0,0,0,1,3.0530303030303,0,0
2019,37,"2510*A",407,-2804,"Ivesia gordonii",0.7,NA,NA,0.6,0,1,1,1,0,0,0.5,0,0
2019,47,"2511*A",405,-3798,"Carex siccata",16.5,NA,NA,13.5,0,0,1,1,0,0,0.5,0,31.1742309846095
2019,47,"2512*A",403,-3790,"Carex siccata",1.5,NA,NA,2.5,0,0,1,1,0,0,0.5,0,47.4635655375915
2019,47,"2513*A",412,-3787,"Carex siccata",17,NA,NA,11,0,0,1,1,0,0,0.5,0,82.872508365445
2019,47,"2514*A",417,-3789.5,"Carex siccata",14.5,NA,NA,13,0,0,1,1,0,0,0.5,0,85.3384451763946
2019,47,"2515*A",418,-3799,"Carex siccata",13.5,NA,NA,14.5,0,0,1,1,0,0,0.5,0,55.5434266126135
2019,42,"2516*A",407,-3220,"Phacelia hastata",1.2,NA,NA,0.9,0,1,1,1,0,0,0.5,0,0
2018,37,"2517*A",481,-2928.5,"Lupinus argenteus",3.5,NA,NA,3.5,0,0,1,1,0,0,1.12213740458015,0,0
2019,37,"2517*A",481,-2928.5,"Lupinus argenteus",3.5,3.5,0,3.5,0,0,0,1,0,0,0.5,0,0
2019,37,"2518*A",504,-2893,"Ivesia gordonii",0.8,NA,NA,0.6,0,0,1,1,0,0,0.5,0,100.000000000009
2019,1,"2519*A",185,-110,"Lupinus argenteus",2,NA,NA,1,0,0,1,1,0,0,0.5,0,0
2014,16,"252*A",115,-1345,"Lupinus argenteus",30,NA,NA,17,4,0,NA,1,0,0,2.52336448598131,1.36657251091236,58.7267467789176
2015,16,"252*A",115,-1345,"Lupinus argenteus",10,30,-20,7,1,0,0,1,0,0,3.0530303030303,0,92.3849094903552
2016,16,"252*A",115,-1345,"Lupinus argenteus",0,10,-10,0,0,0,0,0,0,1,1.30188679245283,0,0
2014,8,"2520*A",912,-438,"Eriogonum umbellatum",4,NA,NA,1,0,0,NA,1,0,0,2.52336448598131,99.9999999999998,0
2015,8,"2520*A",912,-438,"Eriogonum umbellatum",5.5,4,1.5,2.5,0,0,0,1,0,0,3.0530303030303,0,0
2016,8,"2520*A",912,-438,"Eriogonum umbellatum",9,5.5,3.5,2.5,0,0,0,1,0,0,1.30188679245283,0,0
2017,8,"2520*A",912,-438,"Eriogonum umbellatum",14,9,5,4,9,0,0,1,0,0,1.28571428571429,0,0
2018,8,"2520*A",912,-438,"Eriogonum umbellatum",16,14,2,3,3,0,0,1,0,0,1.12213740458015,0,0
2019,8,"2520*A",912,-438,"Eriogonum umbellatum",19,16,3,3.5,19,0,0,1,0,0,0.5,0,0
2019,46,"2521*A",157,-3695,"Eriogonum umbellatum",1,NA,NA,0.5,0,0,1,1,0,0,0.5,0,0
2014,16,"253*A",122,-1350,"Lupinus argenteus",22,NA,NA,18,4,0,NA,1,0,0,2.52336448598131,7.43801652892553,122.512699493761
2015,16,"253*A",122,-1350,"Lupinus argenteus",25,22,3,12,6,0,0,1,0,0,3.0530303030303,14.7999999999999,57.8496046648351
2016,16,"253*A",122,-1350,"Lupinus argenteus",13,25,-12,8,0,0,0,1,0,0,1.30188679245283,41.5077727151859,0
2017,16,"253*A",122,-1350,"Lupinus argenteus",0,13,-13,0,0,0,0,0,0,1,1.28571428571429,0,0
2014,16,"254*A",135,-1350,"Lupinus argenteus",18,NA,NA,15,1,0,NA,1,0,0,2.52336448598131,4.11253720445932,149.505372534524
2015,16,"254*A",135,-1350,"Lupinus argenteus",15,18,-3,10,1,0,0,1,0,0,3.0530303030303,8.55444689992393,137.148122480539
2016,16,"254*A",135,-1350,"Lupinus argenteus",4,15,-11,2,0,0,0,1,0,0,1.30188679245283,0,25.0000000000001
2017,16,"254*A",135,-1350,"Lupinus argenteus",0,4,-4,0,0,0,0,0,0,1,1.28571428571429,0,0
2014,16,"255*A",123,-1335,"Lupinus argenteus",13,NA,NA,7,0,0,NA,1,0,0,2.52336448598131,0,76.9409531855448
2015,16,"255*A",123,-1335,"Lupinus argenteus",11,13,-2,7,0,0,0,1,0,0,3.0530303030303,0,18.5313509564188
2016,16,"255*A",123,-1335,"Lupinus argenteus",0,11,-11,0,0,0,0,0,0,1,1.30188679245283,0,0
2014,16,"256*A",131,-1360,"Lupinus argenteus",14,NA,NA,13,0,0,NA,1,0,0,2.52336448598131,10.581804542772,201.377238892287
2015,16,"256*A",131,-1360,"Lupinus argenteus",16,14,2,15,4,0,0,1,0,0,3.0530303030303,22.7341792922553,115.337524051735
2016,16,"256*A",131,-1360,"Lupinus argenteus",9,16,-7,10,0,0,0,1,0,0,1.30188679245283,50.9931327569434,26.1973233086673
2017,16,"256*A",131,-1360,"Lupinus argenteus",0,9,-9,0,0,0,0,0,0,1,1.28571428571429,0,0
2014,16,"257*A",135,-1350,"Lupinus argenteus",13,NA,NA,10,1,0,NA,1,0,0,2.52336448598131,0.0145546193484851,166.503167842398
2015,16,"257*A",135,-1350,"Lupinus argenteus",13,13,0,8,0,0,0,1,0,0,3.0530303030303,6.07953883830897,157.790761330122
2016,16,"257*A",135,-1350,"Lupinus argenteus",2,13,-11,1,0,0,0,1,0,0,1.30188679245283,0,99.9999999999999
2017,16,"257*A",135,-1350,"Lupinus argenteus",0,2,-2,0,0,0,0,0,0,1,1.28571428571429,0,0
2014,16,"258*A",133,-1364,"Lupinus argenteus",16,NA,NA,12,4,0,NA,1,0,0,2.52336448598131,0.0826384726743378,160.167204128559
2015,16,"258*A",133,-1364,"Lupinus argenteus",10,16,-6,8,0,0,0,1,0,0,3.0530303030303,0,102.45004767339
2016,16,"258*A",133,-1364,"Lupinus argenteus",7,10,-3,7,0,0,0,1,0,0,1.30188679245283,0,50.0456778448515
2017,16,"258*A",133,-1364,"Lupinus argenteus",0,7,-7,0,0,0,0,0,0,1,1.28571428571429,0,0
2014,16,"259*A",148,-1360,"Lupinus argenteus",17,NA,NA,12,0,0,NA,1,0,0,2.52336448598131,0,145.690988643801
2015,16,"259*A",148,-1360,"Lupinus argenteus",12,17,-5,11,1,0,0,1,0,0,3.0530303030303,0,79.9704132446544
2016,16,"259*A",148,-1360,"Lupinus argenteus",0,12,-12,0,0,0,0,0,0,1,1.30188679245283,0,0
2014,5,"26*A",1713,-152,"Eriogonum umbellatum",30,NA,NA,3,19,0,NA,1,0,0,2.52336448598131,0.694444444444499,0
2015,5,"26*A",1713,-152,"Eriogonum umbellatum",35,30,5,3,34,0,0,1,0,0,3.0530303030303,0.510204081632693,0
2016,5,"26*A",1713,-152,"Eriogonum umbellatum",35,35,0,4,30,0,0,1,0,0,1.30188679245283,3.67346938775504,0
2017,5,"26*A",1713,-152,"Eriogonum umbellatum",34,35,-1,3,40,0,0,1,0,0,1.28571428571429,7.00692041522483,0
2018,5,"26*A",1713,-152,"Eriogonum umbellatum",27,34,-7,3,11,0,0,1,0,0,1.12213740458015,9.90990705194741,0
2019,5,"26*A",1713,-152,"Eriogonum umbellatum",29,27,2,2,20,0,0,1,0,0,0.5,10.7312722948865,0
2014,16,"260*A",147,-1368,"Lupinus argenteus",26,NA,NA,16,7,0,NA,1,0,0,2.52336448598131,0,92.1590847169746
2015,16,"260*A",147,-1368,"Lupinus argenteus",17,26,-9,15,2,0,0,1,0,0,3.0530303030303,0,23.2788233843063
2016,16,"260*A",147,-1368,"Lupinus argenteus",8,17,-9,6,0,0,0,1,0,0,1.30188679245283,0,0
2017,16,"260*A",147,-1368,"Lupinus argenteus",0,8,-8,0,0,0,0,0,0,1,1.28571428571429,0,0
2014,16,"261*A",162,-1360,"Lupinus argenteus",27,NA,NA,11,0,0,NA,1,0,0,2.52336448598131,0,38.9138311055586
2015,16,"261*A",162,-1360,"Lupinus argenteus",14,27,-13,10,0,0,0,1,0,0,3.0530303030303,0,0
2016,16,"261*A",162,-1360,"Lupinus argenteus",0,14,-14,0,0,0,0,0,0,1,1.30188679245283,0,0
2014,16,"262*A",195,-1340,"Lupinus argenteus",28,NA,NA,20,4,0,NA,1,0,0,2.52336448598131,0,0.293176627973925
2015,16,"262*A",195,-1340,"Lupinus argenteus",0,28,-28,0,0,0,0,0,0,1,3.0530303030303,0,0
2014,16,"263*A",175,-1315,"Lupinus argenteus",37,NA,NA,16,9,0,NA,1,0,0,2.52336448598131,0,9.10375193859229
2015,16,"263*A",175,-1315,"Lupinus argenteus",9,37,-28,8,1,0,0,1,0,0,3.0530303030303,0,0
2016,16,"263*A",175,-1315,"Lupinus argenteus",3,9,-6,2,0,0,0,1,0,0,1.30188679245283,0,0
2017,16,"263*A",175,-1315,"Lupinus argenteus",0,3,-3,0,0,0,0,0,0,1,1.28571428571429,0,0
2014,16,"264*A",175,-1300,"Lupinus argenteus",5,NA,NA,6,0,0,NA,1,0,0,2.52336448598131,0,99.9999999999998
2015,16,"264*A",175,-1300,"Lupinus argenteus",0,5,-5,0,0,0,0,0,0,1,3.0530303030303,0,0
2014,16,"265*A",155,-1315,"Lupinus argenteus",13,NA,NA,10,0,0,NA,1,0,0,2.52336448598131,0,83.8684933697363
2015,16,"265*A",155,-1315,"Lupinus argenteus",11,13,-2,8,0,0,0,1,0,0,3.0530303030303,0,50.4857257678115
2016,16,"265*A",155,-1315,"Lupinus argenteus",0,11,-11,0,0,0,0,0,0,1,1.30188679245283,0,0
2014,16,"266*A",155,-1310,"Lupinus argenteus",13,NA,NA,12,2,0,NA,1,0,0,2.52336448598131,0,95.2775385319734
2015,16,"266*A",155,-1310,"Lupinus argenteus",12,13,-1,9,0,0,0,1,0,0,3.0530303030303,0,42.4360582594614
2016,16,"266*A",155,-1310,"Lupinus argenteus",0,12,-12,0,0,0,0,0,0,1,1.30188679245283,0,0
2014,16,"267*A",152,-1300,"Lupinus argenteus",15,NA,NA,13,2,0,NA,1,0,0,2.52336448598131,0,12.6867511346567
2015,16,"267*A",152,-1300,"Lupinus argenteus",9,15,-6,7,0,0,0,1,0,0,3.0530303030303,0,0.0249329809553046
2016,16,"267*A",152,-1300,"Lupinus argenteus",0,9,-9,0,0,0,0,0,0,1,1.30188679245283,0,0
2014,16,"268*A",145,-1280,"Lupinus argenteus",25,NA,NA,11,2,0,NA,1,0,0,2.52336448598131,0,32.6409189184818
2015,16,"268*A",145,-1280,"Lupinus argenteus",0,25,-25,0,0,0,0,0,0,1,3.0530303030303,0,0
2014,16,"269*A",160,-1285,"Lupinus argenteus",12,NA,NA,11,1,0,NA,1,0,0,2.52336448598131,0,24.1105167534811
2015,16,"269*A",160,-1285,"Lupinus argenteus",12,12,0,2,0,0,0,1,0,0,3.0530303030303,0,0
2016,16,"269*A",160,-1285,"Lupinus argenteus",9,12,-3,5,0,0,0,1,0,0,1.30188679245283,0,0
2017,16,"269*A",160,-1285,"Lupinus argenteus",0,9,-9,0,0,0,0,0,0,1,1.28571428571429,0,0
2014,5,"27*A",1800,-180,"Ivesia gordonii",9,NA,NA,2,0,0,NA,1,0,0,2.52336448598131,0,0
2015,5,"27*A",1800,-180,"Ivesia gordonii",8.5,9,-0.5,4.5,9,0,0,1,0,0,3.0530303030303,0,0
2016,5,"27*A",1800,-180,"Ivesia gordonii",8.2,8.5,-0.3,1.5,7,0,0,1,0,0,1.30188679245283,0,0
2017,5,"27*A",1800,-180,"Ivesia gordonii",0,8.2,-8.2,0,0,0,0,0,0,1,1.28571428571429,0,0
2014,16,"270*A",175,-1285,"Lupinus argenteus",8,NA,NA,6,0,0,NA,1,0,0,2.52336448598131,0,0
2015,16,"270*A",175,-1285,"Lupinus argenteus",0,8,-8,0,0,0,0,0,0,1,3.0530303030303,0,0
2014,16,"271*A",155,-1270,"Lupinus argenteus",24,NA,NA,12,2,0,NA,1,0,0,2.52336448598131,0,34.4789738094373
2015,16,"271*A",155,-1270,"Lupinus argenteus",14,24,-10,9,0,0,0,1,0,0,3.0530303030303,0,0
2016,16,"271*A",155,-1270,"Lupinus argenteus",0,14,-14,0,0,0,0,0,0,1,1.30188679245283,0,0
2014,16,"272*A",190,-1285,"Lupinus argenteus",10,NA,NA,6,0,0,NA,1,0,0,2.52336448598131,0,0
2015,16,"272*A",190,-1285,"Lupinus argenteus",7,10,-3,4,0,0,0,1,0,0,3.0530303030303,0,0
2016,16,"272*A",190,-1285,"Lupinus argenteus",0,7,-7,0,0,0,0,0,0,1,1.30188679245283,0,0
2019,22,"2723*A",514,-1775,"Chaenactis douglasii",0.8,NA,NA,2,0,0,1,1,0,0,0.5,100.000000000003,0
2014,16,"273*A",180,-1270,"Lupinus argenteus",13,NA,NA,7,0,0,NA,1,0,0,2.52336448598131,0,0
2015,16,"273*A",180,-1270,"Lupinus argenteus",0,13,-13,0,0,0,0,0,0,1,3.0530303030303,0,0
2014,16,"274*A",185,-1250,"Lupinus argenteus",10,NA,NA,6,0,0,NA,1,0,0,2.52336448598131,0,0
2015,16,"274*A",185,-1250,"Lupinus argenteus",13,10,3,8.5,0,0,0,1,0,0,3.0530303030303,0,0
2016,16,"274*A",185,-1250,"Lupinus argenteus",11,13,-2,8,0,0,0,1,0,0,1.30188679245283,0,0
2017,16,"274*A",185,-1250,"Lupinus argenteus",0,11,-11,0,0,0,0,0,0,1,1.28571428571429,0,0
2014,16,"275*A",158,-1229,"Ivesia gordonii",3,NA,NA,2,0,0,NA,1,0,0,2.52336448598131,0,0
2015,16,"275*A",158,-1229,"Ivesia gordonii",1,3,-2,0.8,0,0,0,1,0,0,3.0530303030303,0,0
2016,16,"275*A",158,-1229,"Ivesia gordonii",7,1,6,5,1,0,0,1,0,0,1.30188679245283,0,0
2017,16,"275*A",158,-1229,"Ivesia gordonii",10,7,3,7,8,0,0,1,0,0,1.28571428571429,0,0
2018,16,"275*A",158,-1229,"Ivesia gordonii",9,10,-1,4.5,14,0,0,1,0,0,1.12213740458015,0,0
2019,16,"275*A",158,-1229,"Ivesia gordonii",15,9,6,7.5,10,0,0,1,0,0,0.5,0,0
2014,16,"276*A",155,-1210,"Lupinus argenteus",5,NA,NA,3,0,0,NA,1,0,0,2.52336448598131,0,0
2015,16,"276*A",155,-1210,"Lupinus argenteus",0,5,-5,0,0,0,0,0,0,1,3.0530303030303,0,0
2018,17,"2764*A",564,-1200,"Lupinus argenteus",2,NA,NA,1.5,0,0,1,1,0,0,1.12213740458015,0,0
2019,17,"2764*A",564,-1200,"Lupinus argenteus",3,2,1,4,0,0,0,1,0,0,0.5,0,0
2015,18,"2765*A",961,-1231,"Ivesia gordonii",0.5,NA,NA,0.3,0,1,1,1,0,0,3.0530303030303,0,0
2016,18,"2765*A",961,-1231,"Ivesia gordonii",2.5,0.5,2,3,0,0,0,1,0,0,1.30188679245283,0,0
2017,18,"2765*A",961,-1231,"Ivesia gordonii",7,2.5,4.5,3.5,2,0,0,1,0,0,1.28571428571429,0,0
2018,18,"2765*A",961,-1231,"Ivesia gordonii",9,7,2,4.5,0,0,0,1,0,0,1.12213740458015,0,0
2019,18,"2765*A",961,-1231,"Ivesia gordonii",14,9,5,6,1,0,0,1,0,0,0.5,0,0
2019,20,"2766*A",1630,-1375,"Arenaria congesta",14,NA,NA,9,10,0,1,1,0,0,0.5,0,61.9870597816669
2014,20,"2767*A",1776,-1231,"Elymus lanceolatus",12,NA,NA,10,0,0,NA,1,0,0,2.52336448598131,122.746373011677,0
2015,20,"2767*A",1776,-1231,"Elymus lanceolatus",20,12,8,22,2,0,0,1,0,0,3.0530303030303,152.814357987548,0
2016,20,"2767*A",1776,-1231,"Elymus lanceolatus",33,20,13,27,26,0,0,1,0,0,1.30188679245283,58.9503279417921,0
2017,20,"2767*A",1776,-1231,"Elymus lanceolatus",39,33,6,30,40,0,0,1,0,0,1.28571428571429,42.5269332007618,0
2018,20,"2767*A",1776,-1231,"Elymus lanceolatus",33,39,-6,34,69,0,0,1,0,0,1.12213740458015,23.3561877804962,0
2019,20,"2767*A",1776,-1231,"Elymus lanceolatus",49,33,16,35,31,0,0,1,0,0,0.5,4.57158307987567,5.04681342125609
2014,16,"277*A",50,-1245,"Lupinus argenteus",15,NA,NA,8,0,0,NA,1,0,0,2.52336448598131,0,0
2015,16,"277*A",50,-1245,"Lupinus argenteus",4,15,-11,3,0,0,0,1,0,0,3.0530303030303,0,0
2016,16,"277*A",50,-1245,"Lupinus argenteus",0,4,-4,0,0,0,0,0,0,1,1.30188679245283,0,0
2019,24,"2770*A",1285,-1603,"Ivesia gordonii",2.5,NA,NA,2.5,0,0,1,1,0,0,0.5,100.000000000018,0
2019,29,"2772*A",1217,-2049,"Elymus lanceolatus",10,NA,NA,14,0,0,1,1,0,0,0.5,100.000000000001,53.3546625484508
2014,16,"278*A",55,-1200,"Lupinus argenteus",14,NA,NA,7,0,0,NA,1,0,0,2.52336448598131,0,0
2015,16,"278*A",55,-1200,"Lupinus argenteus",0,14,-14,0,0,0,0,0,0,1,3.0530303030303,0,0
2019,41,"2783*A",174,-3224,"Penstemon whippleanus",7.5,NA,NA,3,0,0,1,1,0,0,0.5,200,0
2014,16,"279*A",31,-1306,"Elymus lanceolatus",7,NA,NA,23,1,0,NA,1,0,0,2.52336448598131,186.473786404208,0
2015,16,"279*A",31,-1306,"Elymus lanceolatus",25,7,18,24,1,0,0,1,0,0,3.0530303030303,96.9586677790399,0
2016,16,"279*A",31,-1306,"Elymus lanceolatus",25,25,0,26,8,0,0,1,0,0,1.30188679245283,73.8877153760152,0
2017,16,"279*A",31,-1306,"Elymus lanceolatus",35,25,10,27,24,0,0,1,0,0,1.28571428571429,0.816326530612254,0
2018,16,"279*A",31,-1306,"Elymus lanceolatus",40,35,5,31,36,0,0,1,0,0,1.12213740458015,0,0
2019,16,"279*A",31,-1306,"Elymus lanceolatus",46,40,6,38.5,31,0,0,1,0,0,0.5,0,0.805626802895575
2019,46,"2794*A",187,-3708,"Eriogonum umbellatum",1.1,NA,NA,0.6,0,0,1,1,0,0,0.5,138.965517796616,0
2014,5,"28*A",1730,-132,"Ivesia gordonii",8,NA,NA,5,2,0,NA,1,0,0,2.52336448598131,0,0
2015,5,"28*A",1730,-132,"Ivesia gordonii",9.5,8,1.5,4,1,0,0,1,0,0,3.0530303030303,0,0
2016,5,"28*A",1730,-132,"Ivesia gordonii",15.4,9.5,5.9,4.5,0,0,0,1,0,0,1.30188679245283,0,0
2017,5,"28*A",1730,-132,"Ivesia gordonii",15,15.4,-0.4,7,12,0,0,1,0,0,1.28571428571429,0,0
2018,5,"28*A",1730,-132,"Ivesia gordonii",0,15,-15,0,0,0,0,0,0,1,1.12213740458015,0,0
2014,16,"280*A",127,-1355,"Phacelia hastata",6,NA,NA,2,0,0,NA,1,0,0,2.52336448598131,230.958125434751,0
2015,16,"280*A",127,-1355,"Phacelia hastata",9.5,6,3.5,5,0,0,0,1,0,0,3.0530303030303,194.982188531573,0
2016,16,"280*A",127,-1355,"Phacelia hastata",14,9.5,4.5,6,1,0,0,1,0,0,1.30188679245283,61.1242876988639,0
2017,16,"280*A",127,-1355,"Phacelia hastata",27,14,13,12,24,0,0,1,0,0,1.28571428571429,8.91632373113862,0
2018,16,"280*A",127,-1355,"Phacelia hastata",0,27,-27,0,0,0,0,0,0,1,1.12213740458015,0,0
2014,16,"281*A",137,-1360,"Lupinus argenteus",17,NA,NA,18,2,0,NA,1,0,0,2.52336448598131,0.188464814972866,214.595922555786
2015,16,"281*A",137,-1360,"Lupinus argenteus",7,17,-10,8,0,0,0,1,0,0,3.0530303030303,0,117.309453256535
2016,16,"281*A",137,-1360,"Lupinus argenteus",0,7,-7,0,0,0,0,0,0,1,1.30188679245283,0,0
2014,17,"282*A",431,-1390,"Lupinus argenteus",5,NA,NA,4,0,0,NA,1,0,0,2.52336448598131,0,0
2015,17,"282*A",431,-1390,"Lupinus argenteus",6.5,5,1.5,4,0,0,0,1,0,0,3.0530303030303,0,0
2016,17,"282*A",431,-1390,"Lupinus argenteus",4,6.5,-2.5,3,0,0,0,1,0,0,1.30188679245283,0,0
2017,17,"282*A",431,-1390,"Lupinus argenteus",0,4,-4,0,0,0,0,0,0,1,1.28571428571429,0,0
2014,17,"283*A",412,-1356,"Lupinus argenteus",17,NA,NA,13,1,0,NA,1,0,0,2.52336448598131,55.9740450690015,0
2015,17,"283*A",412,-1356,"Lupinus argenteus",0,17,-17,0,0,0,0,1,0,0,3.0530303030303,0,0
2016,17,"283*A",412,-1356,"Lupinus argenteus",2,0,2,4,0,0,0,1,0,0,1.30188679245283,100.000000000003,0
2017,17,"283*A",412,-1356,"Lupinus argenteus",0,2,-2,0,0,0,0,0,0,1,1.28571428571429,0,0
2014,17,"284*A",410,-1339,"Lupinus argenteus",3,NA,NA,3,0,0,NA,1,0,0,2.52336448598131,100.000000000002,0
2015,17,"284*A",410,-1339,"Lupinus argenteus",0,3,-3,0,0,0,0,0,0,1,3.0530303030303,0,0
2014,17,"285*A",416,-1324,"Eriogonum umbellatum",67,NA,NA,4,46,0,NA,1,0,0,2.52336448598131,17.3456856856182,0
2015,17,"285*A",416,-1324,"Eriogonum umbellatum",68,67,1,3,62,0,0,1,0,0,3.0530303030303,17.3646241843626,0
2016,17,"285*A",416,-1324,"Eriogonum umbellatum",74,68,6,5,127,0,0,1,0,0,1.30188679245283,31.9471117050728,0
2017,17,"285*A",416,-1324,"Eriogonum umbellatum",77,74,3,4,119,0,0,1,0,0,1.28571428571429,53.7437482623841,0
2018,17,"285*A",416,-1324,"Eriogonum umbellatum",65,77,-12,3.5,98,0,0,1,0,0,1.12213740458015,37.3372952051054,0
2019,17,"285*A",416,-1324,"Eriogonum umbellatum",62,65,-3,4,48,0,0,1,0,0,0.5,22.4621802835607,0
2014,17,"286*A",402,-1313,"Heterotheca villosa",4,NA,NA,5,0,0,NA,1,0,0,2.52336448598131,100.000000000001,0
2015,17,"286*A",402,-1313,"Heterotheca villosa",4,4,0,4,16,0,0,1,0,0,3.0530303030303,100.000000000001,0
2016,17,"286*A",402,-1313,"Heterotheca villosa",32,4,28,12,49,0,0,1,0,0,1.30188679245283,113.022970901339,0
2017,17,"286*A",402,-1313,"Heterotheca villosa",27,32,-5,10,6,0,0,1,0,0,1.28571428571429,134.51200009487,0
2018,17,"286*A",402,-1313,"Heterotheca villosa",0,27,-27,0,0,0,0,0,0,1,1.12213740458015,0,0
2014,17,"287*A",420,-1324,"Elymus lanceolatus",12,NA,NA,17,1,0,NA,1,0,0,2.52336448598131,99.9999999999991,28.5531630448218
2015,17,"287*A",420,-1324,"Elymus lanceolatus",11,12,-1,17,0,0,0,1,0,0,3.0530303030303,99.9999999999996,30.8939379030356
2016,17,"287*A",420,-1324,"Elymus lanceolatus",14,11,3,21,4,0,0,1,0,0,1.30188679245283,106.648908920989,47.5873584622401
2017,17,"287*A",420,-1324,"Elymus lanceolatus",12,14,-2,23,1,0,0,1,0,0,1.28571428571429,99.9999999999991,120.093870290156
2018,17,"287*A",420,-1324,"Elymus lanceolatus",20,12,8,22,9,0,0,1,0,0,1.12213740458015,99.9999999999996,10.6095339818272
2019,17,"287*A",420,-1324,"Elymus lanceolatus",14,20,-6,21.5,0,0,0,1,0,0,0.5,99.9999999999997,17.6657635592069
2014,20,"2875*A",1619,-1371,"Arenaria congesta",1,NA,NA,1,0,1,1,1,0,0,2.52336448598131,200.000000000048,0
2015,20,"2875*A",1619,-1371,"Arenaria congesta",2.5,1,1.5,2,0,0,0,1,0,0,3.0530303030303,111.828509308105,2.00633132970441
2016,20,"2875*A",1619.81812774,-1372.71639293,"Arenaria congesta",2.5,2.5,0,2,0,0,0,1,0,0,1.30188679245283,14.3273273229973,39.8130120398109
2016,20,"2875*B",1618.71043859,-1372.1591181,"Arenaria congesta",2.5,NA,NA,2,0,0,1,0,1,0,1.30188679245283,23.5203542903696,65.4060169587285
2016,20,"2875*C",1616.23377406,-1377.13348351,"Arenaria congesta",2.5,NA,NA,2,0,0,1,0,1,0,1.30188679245283,0,1.7851019089068
2016,20,"2875*D",1623.06300387,-1365.83605456,"Arenaria congesta",2.5,NA,NA,2,0,0,1,0,1,0,1.30188679245283,0,0
2016,20,"2875*E",1614.30978962,-1368.09908277,"Arenaria congesta",2.5,NA,NA,2,0,0,1,0,1,0,1.30188679245283,8.13434942632259,60.7140870357284
2016,20,"2875*F",1614.46483408,-1367.33226128,"Arenaria congesta",2.5,NA,NA,2,0,0,1,0,1,0,1.30188679245283,0,60.7140870357392
2016,20,"2875*G",1620.74324946,-1366.78849177,"Arenaria congesta",2.5,NA,NA,2,0,0,1,0,1,0,1.30188679245283,0,89.6333286154339
2016,20,"2875*H",1614.28999631,-1372.66077579,"Arenaria congesta",2.5,NA,NA,2,0,0,1,0,1,0,1.30188679245283,57.4717025531262,27.4815337853533
2016,20,"2875*I",1622.13128531,-1375.72330036,"Arenaria congesta",2.5,NA,NA,2,0,0,1,0,1,0,1.30188679245283,55.7302979450476,21.0288747096335
2016,20,"2875*J",1619.28534566,-1366.95478706,"Arenaria congesta",2.5,NA,NA,2,0,0,1,0,1,0,1.30188679245283,16.0000000000037,45.2136202064445
2017,20,"2875*A",1619,-1371,"Arenaria congesta",11.5,2.5,9,4,7,0,0,1,0,0,1.28571428571429,1.86233889593242,87.1956707871457
2018,20,"2875*A",1619,-1371,"Arenaria congesta",3.5,11.5,-8,3,2,0,0,1,0,0,1.12213740458015,63.5655790259309,33.5361140806229
2019,20,"2875*A",1619,-1371,"Arenaria congesta",8.5,3.5,5,7.5,1,0,0,1,0,0,0.5,38.2377110064689,53.6989571892987
2014,22,"2878*A",521,-1751,"Elymus lanceolatus",16,NA,NA,19,2,0,NA,1,0,0,2.52336448598131,199.999999999999,0
2015,22,"2878*A",521,-1751,"Elymus lanceolatus",6.5,16,-9.5,18.5,0,0,0,1,0,0,3.0530303030303,199.999999999995,0
2016,22,"2878*A",521,-1751,"Elymus lanceolatus",10,6.5,3.5,22,4,0,0,1,0,0,1.30188679245283,200,0
2017,22,"2878*A",521,-1751,"Elymus lanceolatus",24,10,14,15,0,0,0,1,0,0,1.28571428571429,167.450689772634,0
2018,22,"2878*A",521,-1751,"Elymus lanceolatus",20,24,-4,22.5,11,0,0,1,0,0,1.12213740458015,99.9999999999998,0
2019,22,"2878*A",521,-1751,"Elymus lanceolatus",19.5,20,-0.5,23,14,0,0,1,0,0,0.5,99.9999999999998,0
2014,17,"288*A",418,-1318,"Elymus lanceolatus",10,NA,NA,11,0,0,NA,1,0,0,2.52336448598131,100,37.093044292874
2015,17,"288*A",418,-1318,"Elymus lanceolatus",11,10,1,23,2,0,0,1,0,0,3.0530303030303,100,30.8939379030356
2016,17,"288*A",418,-1318,"Elymus lanceolatus",13,11,2,14,0,0,0,1,0,0,1.30188679245283,138.023354151595,49.6997372339395
2017,17,"288*A",418,-1318,"Elymus lanceolatus",20,13,7,22,2,0,0,1,0,0,1.28571428571429,123.680654322765,97.315137071996
2018,17,"288*A",418,-1318,"Elymus lanceolatus",2.5,20,-17.5,18.5,1,0,0,1,0,0,1.12213740458015,99.9999999999988,99.9999999999988
2019,17,"288*A",418,-1318,"Elymus lanceolatus",8,2.5,5.5,16.5,0,0,0,1,0,0,0.5,99.999999999998,54.834501656411
2014,29,"2885*A",1234,-2041,"Heterotheca villosa",0.5,NA,NA,0.5,0,1,1,1,0,0,2.52336448598131,100.000000000009,0
2015,29,"2885*A",1234,-2041,"Heterotheca villosa",2,0.5,1.5,1.5,0,0,0,1,0,0,3.0530303030303,99.9999999999927,0
2016,29,"2885*A",1234,-2041,"Heterotheca villosa",2,2,0,2,0,0,0,1,0,0,1.30188679245283,199.999999999985,0
2017,29,"2885*A",1234,-2041,"Heterotheca villosa",4.5,2,2.5,5,0,0,0,1,0,0,1.28571428571429,193.544837270596,0
2018,29,"2885*A",1234,-2041,"Heterotheca villosa",7.5,4.5,3,3.5,2,0,0,1,0,0,1.12213740458015,199.999999999995,0
2019,29,"2885*A",1234,-2041,"Heterotheca villosa",14.5,7.5,7,8.5,15,0,0,1,0,0,0.5,169.468942284864,0
2014,17,"289*A",428,-1319,"Elymus lanceolatus",9,NA,NA,19,4,0,NA,1,0,0,2.52336448598131,100,4.96729690329649
2015,17,"289*A",428,-1319,"Elymus lanceolatus",4,9,-5,7,0,0,0,1,0,0,3.0530303030303,99.999999999999,0
2016,17,"289*A",428,-1319,"Elymus lanceolatus",10,4,6,21,5,0,0,1,0,0,1.30188679245283,100,29.7215702184981
2017,17,"289*A",428,-1319,"Elymus lanceolatus",18,10,8,18,0,0,0,1,0,0,1.28571428571429,99.9999999999999,110.503519543817
2018,17,"289*A",428,-1319,"Elymus lanceolatus",3,18,-15,9,0,0,0,1,0,0,1.12213740458015,99.999999999999,70.9876992878437
2019,17,"289*A",428,-1319,"Elymus lanceolatus",2.5,3,-0.5,10,0,0,0,1,0,0,0.5,99.9999999999988,0
2014,5,"29*A",1605,-77,"Ivesia gordonii",8,NA,NA,4,0,0,NA,1,0,0,2.52336448598131,0,0
2015,5,"29*A",1605,-77,"Ivesia gordonii",14.5,8,6.5,6.5,1,0,0,1,0,0,3.0530303030303,0,0
2016,5,"29*A",1605,-77,"Ivesia gordonii",0,14.5,-14.5,0,0,0,0,0,0,1,1.30188679245283,0,0
2014,17,"290*A",424,-1311,"Elymus lanceolatus",5,NA,NA,9,0,0,NA,1,0,0,2.52336448598131,100,11.1497615147901
2015,17,"290*A",424,-1311,"Elymus lanceolatus",5,5,0,11,0,0,0,1,0,0,3.0530303030303,100,11.4182445993813
2016,17,"290*A",424,-1311,"Elymus lanceolatus",5,5,0,13,0,0,0,1,0,0,1.30188679245283,100,3.91569062352305
2017,17,"290*A",424,-1311,"Elymus lanceolatus",5,5,0,9,0,0,0,1,0,0,1.28571428571429,100,297.693358797529
2018,17,"290*A",424,-1311,"Elymus lanceolatus",4,5,-1,9,0,0,0,1,0,0,1.12213740458015,99.999999999999,99.999999999999
2019,17,"290*A",424,-1311,"Elymus lanceolatus",11,4,7,17,0,0,0,1,0,0,0.5,99.9999999999996,42.6581604575841
2014,17,"291*A",423,-1301,"Elymus lanceolatus",6,NA,NA,18,4,0,NA,1,0,0,2.52336448598131,100.000000000001,0
2015,17,"291*A",423,-1301,"Elymus lanceolatus",17,6,11,23,2,0,0,1,0,0,3.0530303030303,99.9999999999998,4.87166262899666
2016,17,"291*A",423,-1301,"Elymus lanceolatus",13,17,-4,25,6,0,0,1,0,0,1.30188679245283,100.000000000001,1.38371306850653
2017,17,"291*A",423,-1301,"Elymus lanceolatus",30,13,17,18,1,0,0,1,0,0,1.28571428571429,105.453847716885,37.8439407029064
2018,17,"291*A",423,-1301,"Elymus lanceolatus",32,30,2,23,10,0,0,1,0,0,1.12213740458015,77.736282266937,5.7153076337862
2019,17,"291*A",423,-1301,"Elymus lanceolatus",18,32,-14,24.5,5,0,0,1,0,0,0.5,92.4864531637105,13.5819534429864
2014,17,"292*A",428,-1309,"Elymus lanceolatus",6,NA,NA,12,0,0,NA,1,0,0,2.52336448598131,99.9999999999991,7.74288994082677
2015,17,"292*A",428,-1309,"Elymus lanceolatus",2,6,-4,13,0,0,0,1,0,0,3.0530303030303,99.9999999999961,0.345151715155998
2016,17,"292*A",428,-1309,"Elymus lanceolatus",5,2,3,11,0,0,0,1,0,0,1.30188679245283,100,3.91569062352317
2017,17,"292*A",428,-1309,"Elymus lanceolatus",12,5,7,16,0,0,0,1,0,0,1.28571428571429,99.999999999999,158.165538709765
2018,17,"292*A",428,-1309,"Elymus lanceolatus",4,12,-8,15,1,0,0,1,0,0,1.12213740458015,99.999999999999,99.999999999999
2019,17,"292*A",428,-1309,"Elymus lanceolatus",4,4,0,11,0,0,0,1,0,0,0.5,99.999999999999,111.382827024897
2014,46,"2927*A",192,-3705,"Carex siccata",12,NA,NA,18,3,0,NA,1,0,0,2.52336448598131,0,0
2015,46,"2927*A",192,-3705,"Carex siccata",0,12,-12,0,0,0,0,1,0,0,3.0530303030303,0,0
2016,46,"2927*A",192,-3705,"Carex siccata",4,0,4,11,1,0,0,1,0,0,1.30188679245283,15.103709369479,0
2017,46,"2927*A",192,-3705,"Carex siccata",24,4,20,12,0,0,0,1,0,0,1.28571428571429,44.8448202700313,0.626544072827297
2018,46,"2927*A",192,-3705,"Carex siccata",21,24,-3,11,0,0,0,1,0,0,1.12213740458015,12.7533945455416,0
2019,46,"2927*A",192,-3705,"Carex siccata",2,21,-19,5,0,0,0,1,0,0,0.5,100,0
2014,17,"293*A",430,-1295,"Elymus lanceolatus",3,NA,NA,18,1,0,NA,1,0,0,2.52336448598131,94.7859737710852,0
2015,17,"293*A",430,-1295,"Elymus lanceolatus",6,3,3,17,0,0,0,1,0,0,3.0530303030303,83.7292785617426,31.1409382759719
2016,17,"293*A",430,-1295,"Elymus lanceolatus",7,6,1,18,1,0,0,1,0,0,1.30188679245283,100,4.77239813423612
2017,17,"293*A",430,-1295,"Elymus lanceolatus",0,7,-7,0,0,0,0,0,0,1,1.28571428571429,0,0
2014,17,"294*A",440,-1277,"Lupinus argenteus",7,NA,NA,5,0,0,NA,1,0,0,2.52336448598131,0,0
2015,17,"294*A",440,-1277,"Lupinus argenteus",0,7,-7,0,0,0,0,0,0,1,3.0530303030303,0,0
2014,17,"295*A",428,-1260,"Lupinus argenteus",11,NA,NA,9,0,0,NA,1,0,0,2.52336448598131,0,0
2015,17,"295*A",428,-1260,"Lupinus argenteus",0,11,-11,0,0,0,0,0,0,1,3.0530303030303,0,0
2014,17,"296*A",428,-1217,"Lupinus argenteus",7,NA,NA,4,0,0,NA,1,0,0,2.52336448598131,0,0
2015,17,"296*A",428,-1217,"Lupinus argenteus",10,7,3,5,0,0,0,1,0,0,3.0530303030303,0,0
2016,17,"296*A",428,-1217,"Lupinus argenteus",0,10,-10,0,0,0,0,0,0,1,1.30188679245283,0,0
2014,17,"297*A",440,-1217,"Lupinus argenteus",8,NA,NA,5,0,0,NA,1,0,0,2.52336448598131,0,0
2015,17,"297*A",440,-1217,"Lupinus argenteus",4,8,-4,3,0,0,0,1,0,0,3.0530303030303,0,0
2016,17,"297*A",440,-1217,"Lupinus argenteus",6,4,2,6,0,0,0,1,0,0,1.30188679245283,0,0
2017,17,"297*A",440,-1217,"Lupinus argenteus",2,6,-4,1,0,0,0,1,0,0,1.28571428571429,0,0
2018,17,"297*A",440,-1217,"Lupinus argenteus",0,2,-2,0,0,0,0,0,0,1,1.12213740458015,0,0
2014,17,"298*A",445,-1290,"Lupinus argenteus",6,NA,NA,4,0,0,NA,1,0,0,2.52336448598131,0,0
2015,17,"298*A",445,-1290,"Lupinus argenteus",7,6,1,6,0,0,0,1,0,0,3.0530303030303,0,0
2016,17,"298*A",445,-1290,"Lupinus argenteus",0,7,-7,0,0,0,0,0,0,1,1.30188679245283,0,0
2014,17,"299*A",470,-1290,"Lupinus argenteus",8,NA,NA,7,0,0,NA,1,0,0,2.52336448598131,0,0
2015,17,"299*A",470,-1290,"Lupinus argenteus",0,8,-8,0,0,0,0,0,0,1,3.0530303030303,0,0
2014,1,"3*A",104,-181,"Ivesia gordonii",14,NA,NA,4,4,0,NA,1,0,0,2.52336448598131,0,16.1712607167751
2015,1,"3*A",104,-181,"Ivesia gordonii",14,14,0,4,5,0,0,1,0,0,3.0530303030303,0,16.1712607167751
2016,1,"3*A",104,-181,"Ivesia gordonii",18,14,4,7.3,30,0,0,1,0,0,1.30188679245283,0,20.1980886178099
2017,1,"3*A",104,-181,"Ivesia gordonii",0,18,-18,0,0,0,0,0,0,1,1.28571428571429,0,0
2014,5,"30*A",1655,-30,"Lupinus argenteus",12,NA,NA,5,0,0,NA,1,0,0,2.52336448598131,0,0
2015,5,"30*A",1655,-30,"Lupinus argenteus",9,12,-3,5,0,0,0,1,0,0,3.0530303030303,0,0
2016,5,"30*A",1655,-30,"Lupinus argenteus",3.5,9,-5.5,3.6,0,0,0,1,0,0,1.30188679245283,0,0
2017,5,"30*A",1655,-30,"Lupinus argenteus",6.5,3.5,3,5.5,0,0,0,1,0,0,1.28571428571429,0,0
2018,5,"30*A",1655,-30,"Lupinus argenteus",0,6.5,-6.5,0,0,0,0,0,0,1,1.12213740458015,0,0
2014,17,"300*A",480,-1290,"Lupinus argenteus",7,NA,NA,6,0,0,NA,1,0,0,2.52336448598131,0,0
2015,17,"300*A",480,-1290,"Lupinus argenteus",6,7,-1,4,0,0,0,1,0,0,3.0530303030303,0,0
2016,17,"300*A",480,-1290,"Lupinus argenteus",4,6,-2,4,0,0,0,1,0,0,1.30188679245283,0,0
2017,17,"300*A",480,-1290,"Lupinus argenteus",0,4,-4,0,0,0,0,0,0,1,1.28571428571429,0,0
2014,17,"301*A",490,-1290,"Lupinus argenteus",2,NA,NA,3,0,0,NA,1,0,0,2.52336448598131,0,0
2015,17,"301*A",490,-1290,"Lupinus argenteus",0,2,-2,0,0,0,0,0,0,1,3.0530303030303,0,0
2014,17,"302*A",492,-1260,"Lupinus argenteus",3,NA,NA,4,0,0,NA,1,0,0,2.52336448598131,0,0
2015,17,"302*A",492,-1260,"Lupinus argenteus",0,3,-3,0,0,0,0,0,0,1,3.0530303030303,0,0
2014,17,"303*A",495,-1275,"Lupinus argenteus",6,NA,NA,5,0,0,NA,1,0,0,2.52336448598131,0,0
2015,17,"303*A",495,-1275,"Lupinus argenteus",0,6,-6,0,0,0,0,0,0,1,3.0530303030303,0,0
2014,17,"304*A",451,-1385,"Lupinus argenteus",2,NA,NA,1,0,0,NA,1,0,0,2.52336448598131,0,0
2015,17,"304*A",451,-1385,"Lupinus argenteus",0,2,-2,0,0,0,0,0,0,1,3.0530303030303,0,0
2014,17,"305*A",465,-1399,"Lupinus argenteus",4,NA,NA,5,0,0,NA,1,0,0,2.52336448598131,0,0
2015,17,"305*A",465,-1399,"Lupinus argenteus",10,4,6,7,0,0,0,1,0,0,3.0530303030303,5.75147181021359,0
2016,17,"305*A",465,-1399,"Lupinus argenteus",3,10,-7,3,0,0,0,1,0,0,1.30188679245283,52.972878924057,0
2017,17,"305*A",465,-1399,"Lupinus argenteus",15,3,12,8,0,0,0,1,0,0,1.28571428571429,29.8094607605971,0
2018,17,"305*A",465,-1399,"Lupinus argenteus",8.5,15,-6.5,9,0,0,0,1,0,0,1.12213740458015,0,0
2019,17,"305*A",465,-1399,"Lupinus argenteus",6,8.5,-2.5,4.5,0,0,0,1,0,0,0.5,0,0
2014,17,"306*A",465,-1390,"Heterotheca villosa",10,NA,NA,4,6,0,NA,1,0,0,2.52336448598131,0,0
2015,17,"306*A",465,-1390,"Heterotheca villosa",10,10,0,2,4,0,0,1,0,0,3.0530303030303,3.60507626566653,0
2016,17,"306*A",465,-1390,"Heterotheca villosa",18,10,8,6,13,0,0,1,0,0,1.30188679245283,1.31152403618624,0
2017,17,"306*A",465,-1390,"Heterotheca villosa",12,18,-6,5,14,0,0,1,0,0,1.28571428571429,27.2410514275486,0
2018,17,"306*A",465,-1390,"Heterotheca villosa",3,12,-9,2.5,0,0,0,1,0,0,1.12213740458015,0,0
2019,17,"306*A",465,-1390,"Heterotheca villosa",0,3,-3,0,0,0,0,0,0,1,0.5,0,0
2014,17,"307*A",480,-1360,"Lupinus argenteus",13,NA,NA,10,0,0,NA,1,0,0,2.52336448598131,0,0
2015,17,"307*A",480,-1360,"Lupinus argenteus",9,13,-4,5,0,0,0,1,0,0,3.0530303030303,0,0
2016,17,"307*A",480,-1360,"Lupinus argenteus",7,9,-2,4,0,0,0,1,0,0,1.30188679245283,0,0
2017,17,"307*A",480,-1360,"Lupinus argenteus",0,7,-7,0,0,0,0,0,0,1,1.28571428571429,0,0
2014,17,"308*A",495,-1360,"Lupinus argenteus",6,NA,NA,7,0,0,NA,1,0,0,2.52336448598131,0,0
2015,17,"308*A",495,-1360,"Lupinus argenteus",5,6,-1,5,0,0,0,1,0,0,3.0530303030303,0,0
2016,17,"308*A",495,-1360,"Lupinus argenteus",0,5,-5,0,0,0,0,0,0,1,1.30188679245283,0,0
2014,17,"309*A",475,-1340,"Lupinus argenteus",16,NA,NA,10,2,0,NA,1,0,0,2.52336448598131,0,23.1166269393288
2015,17,"309*A",475,-1340,"Lupinus argenteus",3.5,16,-12.5,2.5,0,0,0,1,0,0,3.0530303030303,0,0
2016,17,"309*A",475,-1340,"Lupinus argenteus",7,3.5,3.5,3,0,0,0,1,0,0,1.30188679245283,0,53.9960771860465
2017,17,"309*A",475,-1340,"Lupinus argenteus",0,7,-7,0,0,0,0,0,0,1,1.28571428571429,0,0
2014,5,"31*A",1657,-15,"Lupinus argenteus",12,NA,NA,6,0,0,NA,1,0,0,2.52336448598131,0,0
2015,5,"31*A",1657,-15,"Lupinus argenteus",9,12,-3,5,0,0,0,1,0,0,3.0530303030303,0,0
2016,5,"31*A",1657,-15,"Lupinus argenteus",5.8,9,-3.2,5.5,0,0,0,1,0,0,1.30188679245283,0,0
2017,5,"31*A",1657,-15,"Lupinus argenteus",3.5,5.8,-2.3,3,0,0,0,1,0,0,1.28571428571429,0,0
2018,5,"31*A",1657,-15,"Lupinus argenteus",0,3.5,-3.5,0,0,0,0,0,0,1,1.12213740458015,0,0
2014,17,"310*A",485,-1340,"Lupinus argenteus",14,NA,NA,10,2,0,NA,1,0,0,2.52336448598131,0,49.0742355274151
2015,17,"310*A",485,-1340,"Lupinus argenteus",0,14,-14,0,0,0,0,0,0,1,3.0530303030303,0,0
2014,17,"311*A",475,-1330,"Lupinus argenteus",8,NA,NA,7,1,0,NA,1,0,0,2.52336448598131,0,51.3158641724023
2015,17,"311*A",475,-1330,"Lupinus argenteus",4.5,8,-3.5,5,0,0,0,1,0,0,3.0530303030303,0,27.9448219637357
2016,17,"311*A",475,-1330,"Lupinus argenteus",0,4.5,-4.5,0,0,0,0,0,0,1,1.30188679245283,0,0
2014,17,"312*A",475,-1327,"Lupinus argenteus",6,NA,NA,5,0,0,NA,1,0,0,2.52336448598131,0,62.2452489520984
2015,17,"312*A",475,-1327,"Lupinus argenteus",5,6,-1,5,0,0,0,1,0,0,3.0530303030303,0,22.6353057906259
2016,17,"312*A",475,-1327,"Lupinus argenteus",0,5,-5,0,0,0,0,0,0,1,1.30188679245283,0,0
2014,17,"313*A",485,-1320,"Lupinus argenteus",6,NA,NA,6,0,0,NA,1,0,0,2.52336448598131,0,6.83837468258008
2015,17,"313*A",485,-1320,"Lupinus argenteus",4,6,-2,5,0,0,0,1,0,0,3.0530303030303,0,0
2016,17,"313*A",485,-1320,"Lupinus argenteus",12,4,8,6,0,0,0,1,0,0,1.30188679245283,0,12.115252405844
2017,17,"313*A",485,-1320,"Lupinus argenteus",9,12,-3,5,0,0,0,1,0,0,1.28571428571429,0,0
2018,17,"313*A",485,-1320,"Lupinus argenteus",0,9,-9,0,0,0,0,0,0,1,1.12213740458015,0,0
2014,17,"314*A",490,-1330,"Lupinus argenteus",18,NA,NA,11,1,0,NA,1,0,0,2.52336448598131,0,15.4020416673963
2015,17,"314*A",490,-1330,"Lupinus argenteus",0.5,18,-17.5,0.5,0,0,0,1,0,0,3.0530303030303,0,0
2016,17,"314*A",490,-1330,"Lupinus argenteus",0,0.5,-0.5,0,0,0,0,0,0,1,1.30188679245283,0,0
2014,17,"315*A",505,-1320,"Lupinus argenteus",8,NA,NA,6,0,0,NA,1,0,0,2.52336448598131,0,0
2015,17,"315*A",505,-1320,"Lupinus argenteus",6,8,-2,3,0,0,0,1,0,0,3.0530303030303,0,0
2016,17,"315*A",505,-1320,"Lupinus argenteus",0.5,6,-5.5,1,0,0,0,1,0,0,1.30188679245283,0,0
2017,17,"315*A",505,-1320,"Lupinus argenteus",0,0.5,-0.5,0,0,0,0,0,0,1,1.28571428571429,0,0
2014,17,"316*A",530,-1345,"Lupinus argenteus",10,NA,NA,7,0,0,NA,1,0,0,2.52336448598131,0,0
2015,17,"316*A",530,-1345,"Lupinus argenteus",15,10,5,9,0,0,0,1,0,0,3.0530303030303,0,0
2016,17,"316*A",530,-1345,"Lupinus argenteus",0,15,-15,0,0,0,0,0,0,1,1.30188679245283,0,0
2014,17,"318*A",549,-1350,"Lupinus argenteus",12,NA,NA,10,1,0,NA,1,0,0,2.52336448598131,0,0
2015,17,"318*A",549,-1350,"Lupinus argenteus",8,12,-4,2,0,0,0,1,0,0,3.0530303030303,0,0
2016,17,"318*A",549,-1350,"Lupinus argenteus",11,8,3,7,0,0,0,1,0,0,1.30188679245283,0,0
2017,17,"318*A",549,-1350,"Lupinus argenteus",3,11,-8,2,0,0,0,1,0,0,1.28571428571429,0,0
2018,17,"318*A",549,-1350,"Lupinus argenteus",0,3,-3,0,0,0,0,0,0,1,1.12213740458015,0,0
2014,17,"319*A",510,-1385,"Lupinus argenteus",5,NA,NA,4,0,0,NA,1,0,0,2.52336448598131,0,0.999999999999951
2015,17,"319*A",510,-1385,"Lupinus argenteus",6,5,1,4,0,0,0,1,0,0,3.0530303030303,0,35.9925567087142
2016,17,"319*A",510,-1385,"Lupinus argenteus",4,6,-2,1,0,0,0,1,0,0,1.30188679245283,0,0
2017,17,"319*A",510,-1385,"Lupinus argenteus",0,4,-4,0,0,0,0,0,0,1,1.28571428571429,0,0
2014,5,"32*A",1705,-45,"Lupinus argenteus",11,NA,NA,6,0,0,NA,1,0,0,2.52336448598131,0,11.2621902596953
2015,5,"32*A",1705,-45,"Lupinus argenteus",0,11,-11,0,0,0,0,0,0,1,3.0530303030303,0,0
2014,17,"320*A",510,-1383,"Lupinus argenteus",0.5,NA,NA,1,0,1,1,1,0,0,2.52336448598131,0,99.9999999999827
2015,17,"320*A",510,-1383,"Lupinus argenteus",0,0.5,-0.5,0,0,0,0,0,0,1,3.0530303030303,0,0
2014,17,"321*A",511,-1382,"Lupinus argenteus",1,NA,NA,2,0,0,NA,1,0,0,2.52336448598131,0,0
2015,17,"321*A",511,-1382,"Lupinus argenteus",6,1,5,4,0,0,0,1,0,0,3.0530303030303,0,35.9925567087123
2016,17,"321*A",511,-1382,"Lupinus argenteus",0,6,-6,0,0,0,0,0,0,1,1.30188679245283,0,0
2014,17,"322*A",517,-1385,"Lupinus argenteus",7,NA,NA,6,0,0,NA,1,0,0,2.52336448598131,0,0
2015,17,"322*A",517,-1385,"Lupinus argenteus",0.6,7,-6.4,1,0,0,0,1,0,0,3.0530303030303,0,0
2016,17,"322*A",517,-1385,"Lupinus argenteus",0,0.6,-0.6,0,0,0,0,0,0,1,1.30188679245283,0,0
2014,17,"323*A",599,-1270,"Lupinus argenteus",16,NA,NA,11,0,0,NA,1,0,0,2.52336448598131,0,0
2015,17,"323*A",599,-1270,"Lupinus argenteus",7,16,-9,6,0,0,0,1,0,0,3.0530303030303,0,0
2016,17,"323*A",599,-1270,"Lupinus argenteus",1,7,-6,2,0,0,0,1,0,0,1.30188679245283,0,0
2017,17,"323*A",599,-1270,"Lupinus argenteus",0,1,-1,0,0,0,0,0,0,1,1.28571428571429,0,0
2014,17,"324*A",550,-1295,"Lupinus argenteus",1,NA,NA,1,0,1,1,1,0,0,2.52336448598131,0,0
2015,17,"324*A",550,-1295,"Lupinus argenteus",6,1,5,4,0,0,0,1,0,0,3.0530303030303,0,0
2016,17,"324*A",550,-1295,"Lupinus argenteus",0,6,-6,0,0,0,0,0,0,1,1.30188679245283,0,0
2014,17,"326*A",555,-1250,"Lupinus argenteus",3,NA,NA,2,0,0,NA,1,0,0,2.52336448598131,0,0
2015,17,"326*A",555,-1250,"Lupinus argenteus",0,3,-3,0,0,0,0,0,0,1,3.0530303030303,0,0
2014,17,"327*A",515,-1240,"Lupinus argenteus",8,NA,NA,6,0,0,NA,1,0,0,2.52336448598131,0,0
2015,17,"327*A",515,-1240,"Lupinus argenteus",0,8,-8,0,0,0,0,0,0,1,3.0530303030303,0,0
2014,18,"328*A",834,-1388.5,"Ivesia gordonii",11,NA,NA,6,2,0,NA,1,0,0,2.52336448598131,0,72.5239493708514
2015,18,"328*A",834,-1388.5,"Ivesia gordonii",18,11,7,8.5,18,0,0,1,0,0,3.0530303030303,0,76.0212223639392
2016,18,"328*A",834,-1388.5,"Ivesia gordonii",25,18,7,10,40,0,0,1,0,0,1.30188679245283,0,0
2017,18,"328*A",834,-1388.5,"Ivesia gordonii",1.5,25,-23.5,1.5,0,0,0,1,0,0,1.28571428571429,0,0
2018,18,"328*A",834,-1388.5,"Ivesia gordonii",0,1.5,-1.5,0,0,0,0,0,0,1,1.12213740458015,0,0
2014,18,"329*A",837,-1388,"Ivesia gordonii",12,NA,NA,5,1,0,NA,1,0,0,2.52336448598131,0,60.9402630130058
2015,18,"329*A",837,-1388,"Ivesia gordonii",17.5,12,5.5,7,10,0,0,0,1,0,3.0530303030303,0,80.4273503540128
2014,5,"33*A",1698,-45,"Lupinus argenteus",8,NA,NA,5,0,0,NA,1,0,0,2.52336448598131,0,21.2925784597288
2015,5,"33*A",1698,-45,"Lupinus argenteus",5.5,8,-2.5,4,0,0,0,1,0,0,3.0530303030303,0,0
2016,5,"33*A",1698,-45,"Lupinus argenteus",0,5.5,-5.5,0,0,0,0,0,0,1,1.30188679245283,0,0
2014,18,"330*A",854,-1322,"Eriogonum umbellatum",32,NA,NA,3,32,0,NA,1,0,0,2.52336448598131,6.61556614663634,0
2015,18,"330*A",854,-1322,"Eriogonum umbellatum",37,32,5,2.5,32,0,0,1,0,0,3.0530303030303,10.3913438454864,0
2016,18,"330*A",854,-1322,"Eriogonum umbellatum",42,37,5,4,95,0,0,1,0,0,1.30188679245283,40.0345357125631,0
2017,18,"330*A",854,-1322,"Eriogonum umbellatum",40,42,-2,2,18,0,0,1,0,0,1.28571428571429,45.5624999999996,0
2018,18,"330*A",854,-1322,"Eriogonum umbellatum",35,40,-5,3,30,0,0,1,0,0,1.12213740458015,69.4927053635362,0
2019,18,"330*A",854,-1322,"Eriogonum umbellatum",34,35,-1,3.5,55,0,0,1,0,0,0.5,125.635914357959,0
2014,18,"331*A",830,-1310,"Ivesia gordonii",13,NA,NA,6,13,0,NA,1,0,0,2.52336448598131,0,13.1295626304226
2015,18,"331*A",830,-1310,"Ivesia gordonii",15.5,13,2.5,5,30,0,0,1,0,0,3.0530303030303,0,26.9244985720655
2016,18,"331*A",830,-1310,"Ivesia gordonii",0,15.5,-15.5,0,0,0,0,0,0,1,1.30188679245283,0,0
2014,18,"332*A",835,-1315,"Ivesia gordonii",8,NA,NA,6,6,0,NA,1,0,0,2.52336448598131,0,43.5749863309362
2015,18,"332*A",835,-1315,"Ivesia gordonii",11.5,8,3.5,5,1,0,0,1,0,0,3.0530303030303,27.7532096820614,64.2821356387006
2016,18,"332*A",835,-1315,"Ivesia gordonii",12,11.5,0.5,4,0,0,0,1,0,0,1.30188679245283,54.3528427572129,0
2017,18,"332*A",835,-1315,"Ivesia gordonii",0,12,-12,0,0,0,0,0,0,1,1.28571428571429,0,0
2014,18,"333*A",840,-1320,"Ivesia gordonii",9,NA,NA,7,9,0,NA,1,0,0,2.52336448598131,72.5227127673513,7.03584000788179
2015,18,"333*A",840,-1320,"Ivesia gordonii",9,9,0,5.5,0,0,0,1,0,0,3.0530303030303,99.4492314076307,25.095082176292
2016,18,"333*A",840,-1320,"Ivesia gordonii",0,9,-9,0,0,0,0,0,0,1,1.30188679245283,0,0
2014,18,"334*A",856,-1317,"Elymus lanceolatus",3,NA,NA,9,0,0,NA,1,0,0,2.52336448598131,99.9999999999962,0
2015,18,"334*A",856,-1317,"Elymus lanceolatus",5,3,2,12,0,0,0,1,0,0,3.0530303030303,99.9999999999984,0
2016,18,"334*A",856,-1317,"Elymus lanceolatus",24,5,19,20,4,0,0,1,0,0,1.30188679245283,99.9999999999995,0
2017,18,"334*A",856,-1317,"Elymus lanceolatus",27,24,3,29,15,0,0,1,0,0,1.28571428571429,100.000000000001,0
2018,18,"334*A",856,-1317,"Elymus lanceolatus",28,27,1,24,30,0,0,1,0,0,1.12213740458015,105.671038564664,0
2019,18,"334*A",856,-1317,"Elymus lanceolatus",38,28,10,30,7,0,0,1,0,0,0.5,98.4716604499451,0
2014,18,"335*A",880,-1319,"Ivesia gordonii",14,NA,NA,6,8,0,NA,1,0,0,2.52336448598131,0,0
2015,18,"335*A",880,-1319,"Ivesia gordonii",14.5,14,0.5,3,5,0,0,1,0,0,3.0530303030303,0,0
2016,18,"335*A",880,-1319,"Ivesia gordonii",19,14.5,4.5,5,30,0,0,1,0,0,1.30188679245283,14.3881208862138,0
2017,18,"335*A",880,-1319,"Ivesia gordonii",3,19,-16,3,0,0,0,1,0,0,1.28571428571429,0,0
2018,18,"335*A",880,-1319,"Ivesia gordonii",5.5,3,2.5,3.5,2,0,0,1,0,0,1.12213740458015,0,0
2019,18,"335*A",880,-1319,"Ivesia gordonii",12,5.5,6.5,6.5,2,0,0,1,0,0,0.5,2.78740186997313,0
2014,18,"336*A",894,-1285,"Elymus lanceolatus",8,NA,NA,15,4,0,NA,1,0,0,2.52336448598131,0,0
2015,18,"336*A",894,-1285,"Elymus lanceolatus",16,8,8,22,1,0,0,1,0,0,3.0530303030303,0,0
2016,18,"336*A",894,-1285,"Elymus lanceolatus",26,16,10,24,18,0,0,1,0,0,1.30188679245283,0,0
2017,18,"336*A",894,-1285,"Elymus lanceolatus",32,26,6,24,11,0,0,1,0,0,1.28571428571429,0,0
2018,18,"336*A",894,-1285,"Elymus lanceolatus",22.5,32,-9.5,25,28,0,0,1,0,0,1.12213740458015,0,0
2019,18,"336*A",894,-1285,"Elymus lanceolatus",30,22.5,7.5,22.5,4,0,0,1,0,0,0.5,0,0
2014,18,"337*A",976,-1234,"Ivesia gordonii",8,NA,NA,6,3,0,NA,1,0,0,2.52336448598131,0,0
2015,18,"337*A",976,-1234,"Ivesia gordonii",10.5,8,2.5,4.5,4,0,0,1,0,0,3.0530303030303,0,0
2016,18,"337*A",976,-1234,"Ivesia gordonii",12,10.5,1.5,6,0,0,0,1,0,0,1.30188679245283,0,0
2017,18,"337*A",976,-1234,"Ivesia gordonii",11,12,-1,5,9,0,0,1,0,0,1.28571428571429,0,0
2018,18,"337*A",976,-1234,"Ivesia gordonii",13.5,11,2.5,5.5,0,0,0,1,0,0,1.12213740458015,0,0
2019,18,"337*A",976,-1234,"Ivesia gordonii",15,13.5,1.5,8,2,0,0,1,0,0,0.5,0,0
2014,18,"338*A",908,-1340,"Ivesia gordonii",14,NA,NA,8,5,0,NA,1,0,0,2.52336448598131,0,0
2015,18,"338*A",908,-1340,"Ivesia gordonii",15,14,1,7.5,3,0,0,1,0,0,3.0530303030303,0,0
2016,18,"338*A",908,-1340,"Ivesia gordonii",24,15,9,9,27,0,0,1,0,0,1.30188679245283,0,0
2017,18,"338*A",908,-1340,"Ivesia gordonii",23,24,-1,9,13,0,0,1,0,0,1.28571428571429,0,0
2018,18,"338*A",908,-1340,"Ivesia gordonii",23,23,0,9,17,0,0,1,0,0,1.12213740458015,0,0
2019,18,"338*A",908,-1340,"Ivesia gordonii",25,23,2,9.5,14,0,0,1,0,0,0.5,0,0
2014,18,"339*A",945,-1205,"Heterotheca villosa",22,NA,NA,7,24,0,NA,1,0,0,2.52336448598131,0,0
2015,18,"339*A",945,-1205,"Heterotheca villosa",18.5,22,-3.5,4.5,12,0,0,1,0,0,3.0530303030303,0,0
2016,18,"339*A",945,-1205,"Heterotheca villosa",20,18.5,1.5,5,3,0,0,1,0,0,1.30188679245283,0,0
2017,18,"339*A",945,-1205,"Heterotheca villosa",0,20,-20,0,0,0,0,0,0,1,1.28571428571429,0,0
2014,5,"34*A",1770,-20,"Lupinus argenteus",11,NA,NA,6,0,0,NA,1,0,0,2.52336448598131,0,0
2015,5,"34*A",1770,-20,"Lupinus argenteus",10,11,-1,7,0,0,0,1,0,0,3.0530303030303,0,0
2016,5,"34*A",1770,-20,"Lupinus argenteus",5.7,10,-4.3,3.7,0,0,0,1,0,0,1.30188679245283,0,0
2017,5,"34*A",1770,-20,"Lupinus argenteus",5.5,5.7,-0.2,4.5,0,0,0,1,0,0,1.28571428571429,0,0
2018,5,"34*A",1770,-20,"Lupinus argenteus",0,5.5,-5.5,0,0,0,0,0,0,1,1.12213740458015,0,0
2014,19,"340*A",1253,-1383,"Ivesia gordonii",11,NA,NA,6,7,0,NA,1,0,0,2.52336448598131,17.7681565464164,0
2015,19,"340*A",1253,-1383,"Ivesia gordonii",13.5,11,2.5,6,9,0,0,1,0,0,3.0530303030303,2.55392884001282,0
2016,19,"340*A",1253,-1383,"Ivesia gordonii",12,13.5,-1.5,6,1,0,0,1,0,0,1.30188679245283,20.0928021846585,0
2017,19,"340*A",1253,-1383,"Ivesia gordonii",12,12,0,7,1,0,0,1,0,0,1.28571428571429,20.0928021846585,0
2018,19,"340*A",1253,-1383,"Ivesia gordonii",11.5,12,-0.5,6,0,0,0,1,0,0,1.12213740458015,28.8862074849578,0
2019,19,"340*A",1253,-1383,"Ivesia gordonii",12,11.5,0.5,7,9,0,0,1,0,0,0.5,24.7828599857224,0
2014,19,"341*A",1277,-1372,"Ivesia gordonii",10,NA,NA,5,7,0,NA,1,0,0,2.52336448598131,158.997125052027,0
2015,19,"341*A",1277,-1372,"Ivesia gordonii",12.5,10,2.5,3.5,0,0,0,1,0,0,3.0530303030303,161.554409974559,0
2016,19,"341*A",1277,-1372,"Ivesia gordonii",11,12.5,-1.5,5,3,0,0,1,0,0,1.30188679245283,181.402515855702,0
2017,19,"341*A",1277,-1372,"Ivesia gordonii",11,11,0,6,5,0,0,1,0,0,1.28571428571429,177.538420083396,0
2018,19,"341*A",1277,-1372,"Ivesia gordonii",8,11,-3,5,5,0,0,1,0,0,1.12213740458015,123.286060944793,0
2019,19,"341*A",1277,-1372,"Ivesia gordonii",6.5,8,-1.5,6,0,0,0,1,0,0,0.5,166.486106911962,0
2014,19,"342*A",1310,-1374,"Eriogonum umbellatum",110,NA,NA,3,30,0,NA,1,0,0,2.52336448598131,43.2396206549416,0
2015,19,"342*A",1310,-1374,"Eriogonum umbellatum",104,110,-6,4.5,84,0,0,1,0,0,3.0530303030303,52.4075426737544,0.0114817918237385
2016,19,"342*A",1310,-1374,"Eriogonum umbellatum",110,104,6,3,41,0,0,1,0,0,1.30188679245283,54.617643336752,0.0104607780827919
2017,19,"342*A",1310,-1374,"Eriogonum umbellatum",110,110,0,2,28,0,0,1,0,0,1.28571428571429,56.3984425564271,0
2018,19,"342*A",1310,-1374,"Eriogonum umbellatum",112,110,2,3.5,50,0,0,1,0,0,1.12213740458015,38.7615194097765,0
2019,19,"342*A",1310,-1374,"Eriogonum umbellatum",111,112,-1,3.5,56,0,0,1,0,0,0.5,46.9172022090274,0
2014,19,"343*A",1303,-1390,"Senecio crassulus",5,NA,NA,9,0,0,NA,1,0,0,2.52336448598131,200.000000000008,0
2015,19,"343*A",1303,-1390,"Senecio crassulus",7.5,5,2.5,7.5,0,0,0,1,0,0,3.0530303030303,200.000000000004,0
2016,19,"343*A",1303,-1390,"Senecio crassulus",5,7.5,-2.5,7,0,0,0,1,0,0,1.30188679245283,200.000000000008,0
2017,19,"343*A",1303,-1390,"Senecio crassulus",14,5,9,10.5,0,0,0,1,0,0,1.28571428571429,200,0
2018,19,"343*A",1303,-1390,"Senecio crassulus",0,14,-14,0,0,0,0,0,0,1,1.12213740458015,0,0
2014,19,"344*A",1305,-1370,"Heterotheca villosa",58,NA,NA,5,16,0,NA,1,0,0,2.52336448598131,110.493374704281,0
2015,19,"344*A",1305,-1370,"Heterotheca villosa",59,58,1,4.5,10,0,0,1,0,0,3.0530303030303,109.193484357854,0
2016,19,"344*A",1305,-1370,"Heterotheca villosa",60,59,1,6,17,0,0,1,0,0,1.30188679245283,117.104703720858,0
2017,19,"344*A",1305,-1370,"Heterotheca villosa",61.5,60,1.5,6,3,0,0,1,0,0,1.28571428571429,119.865214289383,0
2018,19,"344*A",1305,-1370,"Heterotheca villosa",53,61.5,-8.5,7,7,0,0,1,0,0,1.12213740458015,106.662622962074,0
2019,19,"344*A",1305,-1370,"Heterotheca villosa",57,53,4,7,11,0,0,1,0,0,0.5,111.102803039652,0
2014,19,"345*A",1291,-1368,"Lupinus argenteus",13,NA,NA,8,0,0,NA,1,0,0,2.52336448598131,199.999999999998,0
2015,19,"345*A",1291,-1368,"Lupinus argenteus",6.5,13,-6.5,3.5,0,0,0,1,0,0,3.0530303030303,200.000000000002,0
2016,19,"345*A",1291,-1368,"Lupinus argenteus",18,6.5,11.5,10,1,0,0,1,0,0,1.30188679245283,200,0
2017,19,"345*A",1291,-1368,"Lupinus argenteus",14.5,18,-3.5,8,0,0,0,1,0,0,1.28571428571429,199.999999999997,0
2018,19,"345*A",1291,-1368,"Lupinus argenteus",8,14.5,-6.5,6.5,0,0,0,1,0,0,1.12213740458015,200.000000000002,0
2019,19,"345*A",1291,-1368,"Lupinus argenteus",11.5,8,3.5,10,1,0,0,1,0,0,0.5,200.000000000006,0
2014,19,"346*A",1309,-1377,"Elymus lanceolatus",10,NA,NA,17,1,0,NA,1,0,0,2.52336448598131,199.999999999996,0
2015,19,"346*A",1309,-1377,"Elymus lanceolatus",11,10,1,12,1,0,0,1,0,0,3.0530303030303,200.000000000002,0
2016,19,"346*A",1309,-1377,"Elymus lanceolatus",12,11,1,9,0,0,0,1,0,0,1.30188679245283,199.999999999998,0
2017,19,"346*A",1309,-1377,"Elymus lanceolatus",14,12,2,14.5,0,0,0,1,0,0,1.28571428571429,200,0
2018,19,"346*A",1309,-1377,"Elymus lanceolatus",8.5,14,-5.5,14,0,0,0,1,0,0,1.12213740458015,200.000000000002,0
2019,19,"346*A",1309,-1377,"Elymus lanceolatus",13,8.5,4.5,14.5,0,0,0,1,0,0,0.5,200.000000000004,0
2014,19,"347*A",1342,-1386,"Elymus lanceolatus",7,NA,NA,14,2,0,NA,1,0,0,2.52336448598131,100,0
2015,19,"347*A",1342,-1386,"Elymus lanceolatus",19,7,12,14,2,0,0,1,0,0,3.0530303030303,100,0
2016,19,"347*A",1342,-1386,"Elymus lanceolatus",27,19,8,18,3,0,0,1,0,0,1.30188679245283,105.333877706702,0
2017,19,"347*A",1342,-1386,"Elymus lanceolatus",27,27,0,18,2,0,0,1,0,0,1.28571428571429,107.385121515563,0
2018,19,"347*A",1342,-1386,"Elymus lanceolatus",20,27,-7,15,2,0,0,1,0,0,1.12213740458015,99.9999999999992,0
2019,19,"347*A",1342,-1386,"Elymus lanceolatus",23,20,3,16,1,0,0,1,0,0,0.5,99.9999999999999,0
2014,19,"348*A",1325,-1338,"Ivesia gordonii",16,NA,NA,6,14,0,NA,1,0,0,2.52336448598131,99.9999999999976,17.3447934648878
2015,19,"348*A",1325,-1338,"Ivesia gordonii",17,16,1,6.5,9,0,0,1,0,0,3.0530303030303,100.119870211648,16.4672438433774
2016,19,"348*A",1325,-1338,"Ivesia gordonii",10,17,-7,4,6,0,0,1,0,0,1.30188679245283,99.9999999999978,17.535848133938
2017,19,"348*A",1325,-1338,"Ivesia gordonii",7,10,-3,3,0,0,0,1,0,0,1.28571428571429,100,2.70646614882325
2018,19,"348*A",1325,-1338,"Ivesia gordonii",2.5,7,-4.5,3,0,0,0,1,0,0,1.12213740458015,99.9999999999994,0
2019,19,"348*A",1325,-1338,"Ivesia gordonii",4.5,2.5,2,4,0,0,0,1,0,0,0.5,100.000000000003,6.41730744306118
2014,19,"349*A",1385,-1338,"Heterotheca villosa",39,NA,NA,7,16,0,NA,1,0,0,2.52336448598131,1.56173737115654,0
2015,19,"349*A",1385,-1338,"Heterotheca villosa",41,39,2,5.5,15,0,0,1,0,0,3.0530303030303,2.29333995386249,0
2016,19,"349*A",1385,-1338,"Heterotheca villosa",40,41,-1,7,21,0,0,1,0,0,1.30188679245283,4.727725482305,0
2017,19,"349*A",1385,-1338,"Heterotheca villosa",43,40,3,6,0,0,0,1,0,0,1.28571428571429,5.21682361378237,0
2018,19,"349*A",1385,-1338,"Heterotheca villosa",0,43,-43,0,0,0,0,0,0,1,1.12213740458015,0,0
2014,5,"35*A",1750,-70,"Eriogonum umbellatum",19,NA,NA,3,15,0,NA,1,0,0,2.52336448598131,0,11.9453594360848
2015,5,"35*A",1750,-70,"Eriogonum umbellatum",20,19,1,3,16,0,0,1,0,0,3.0530303030303,0,15.576187958084
2016,5,"35*A",1750,-70,"Eriogonum umbellatum",19,20,-1,3.5,28,0,0,0,1,0,1.30188679245283,0.465229066340884,9.90554020845814
2014,19,"350*A",1382,-1353,"Eriogonum umbellatum",3,NA,NA,2,0,0,NA,1,0,0,2.52336448598131,100.000000000002,0
2015,19,"350*A",1382,-1353,"Eriogonum umbellatum",2.5,3,-0.5,2.5,0,0,0,1,0,0,3.0530303030303,99.9999999999948,0
2016,19,"350*A",1382,-1353,"Eriogonum umbellatum",2,2.5,-0.5,2,0,0,0,1,0,0,1.30188679245283,99.9999999999927,0
2017,19,"350*A",1382,-1353,"Eriogonum umbellatum",3,2,1,2.5,0,0,0,1,0,0,1.28571428571429,100.000000000002,0
2018,19,"350*A",1382,-1353,"Eriogonum umbellatum",4,3,1,1,0,0,0,1,0,0,1.12213740458015,0,0.00746948504845247
2019,19,"350*A",1382,-1353,"Eriogonum umbellatum",4.5,4,0.5,2.5,0,0,0,1,0,0,0.5,0,0
2014,19,"351*A",1361,-1334,"Ivesia gordonii",4,NA,NA,4,0,0,NA,1,0,0,2.52336448598131,0,0
2015,19,"351*A",1361,-1334,"Ivesia gordonii",4.5,4,0.5,3.5,0,0,0,1,0,0,3.0530303030303,0,0
2016,19,"351*A",1361,-1334,"Ivesia gordonii",5,4.5,0.5,3,0,0,0,1,0,0,1.30188679245283,0,0
2017,19,"351*A",1361,-1334,"Ivesia gordonii",7,5,2,4.5,2,0,0,1,0,0,1.28571428571429,3.89823529153807,0
2018,19,"351*A",1361,-1334,"Ivesia gordonii",9,7,2,4,4,0,0,1,0,0,1.12213740458015,0,0
2019,19,"351*A",1361,-1334,"Ivesia gordonii",12,9,3,8.5,5,0,0,1,0,0,0.5,0,0
2014,19,"352*A",1379,-1334,"Ivesia gordonii",3,NA,NA,2,0,0,NA,1,0,0,2.52336448598131,99.9999999999863,0
2015,19,"352*A",1379,-1334,"Ivesia gordonii",5,3,2,2.5,0,0,0,1,0,0,3.0530303030303,100.000000000002,0
2016,19,"352*A",1379,-1334,"Ivesia gordonii",4,5,-1,4,0,0,0,1,0,0,1.30188679245283,100.000000000001,0
2017,19,"352*A",1379,-1334,"Ivesia gordonii",7,4,3,3.5,0,0,0,1,0,0,1.28571428571429,99.9999999999999,0
2018,19,"352*A",1379,-1334,"Ivesia gordonii",6,7,-1,3.5,3,0,0,1,0,0,1.12213740458015,0,0
2019,19,"352*A",1379,-1334,"Ivesia gordonii",10,6,4,6,1,0,0,1,0,0,0.5,0,0
2014,19,"353*A",1308,-1310,"Eriogonum umbellatum",10,NA,NA,2,2,0,NA,1,0,0,2.52336448598131,0,0
2015,19,"353*A",1308,-1310,"Eriogonum umbellatum",9,10,-1,2,2,0,0,1,0,0,3.0530303030303,0,0
2016,19,"353*A",1308,-1310,"Eriogonum umbellatum",12,9,3,2,1,0,0,1,0,0,1.30188679245283,0.347222222222291,0
2017,19,"353*A",1308,-1310,"Eriogonum umbellatum",13.5,12,1.5,2,2,0,0,1,0,0,1.28571428571429,1.37174211248294,0
2018,19,"353*A",1308,-1310,"Eriogonum umbellatum",12,13.5,-1.5,1,4,0,0,1,0,0,1.12213740458015,6.77135987646615,0
2019,19,"353*A",1308,-1310,"Eriogonum umbellatum",14.5,12,2.5,2,2,0,0,1,0,0,0.5,14.3188646685027,0
2014,19,"354*A",1305,-1300,"Ivesia gordonii",7,NA,NA,3,0,0,NA,1,0,0,2.52336448598131,0,42.2219837818833
2015,19,"354*A",1305,-1300,"Ivesia gordonii",7.5,7,0.5,4.5,4,0,0,1,0,0,3.0530303030303,0,61.1661713598593
2016,19,"354*A",1305,-1300,"Ivesia gordonii",8,7.5,0.5,4,1,0,0,1,0,0,1.30188679245283,0,28.378613744802
2017,19,"354*A",1305,-1300,"Ivesia gordonii",0,8,-8,0,0,0,0,0,0,1,1.28571428571429,0,0
2014,19,"355*A",1305,-1295,"Ivesia gordonii",8,NA,NA,3,0,0,NA,1,0,0,2.52336448598131,0,28.1875204624499
2015,19,"355*A",1305,-1295,"Ivesia gordonii",10.5,8,2.5,5,5,0,0,1,0,0,3.0530303030303,0,32.1505264715619
2016,19,"355*A",1305,-1295,"Ivesia gordonii",8,10.5,-2.5,5,0,0,0,1,0,0,1.30188679245283,0,39.8553117117976
2017,19,"355*A",1305,-1295,"Ivesia gordonii",9,8,1,4,0,0,0,1,0,0,1.28571428571429,0,25.0000000000011
2018,19,"355*A",1305,-1295,"Ivesia gordonii",6,9,-3,4,0,0,0,1,0,0,1.12213740458015,0,49.023796353213
2019,19,"355*A",1305,-1295,"Ivesia gordonii",5,6,-1,3,0,0,0,1,0,0,0.5,0,106.555935170522
2014,19,"356*A",1310,-1300,"Ivesia gordonii",7,NA,NA,3,2,0,NA,1,0,0,2.52336448598131,0,19.0992483533972
2015,19,"356*A",1310,-1300,"Ivesia gordonii",6.5,7,-0.5,2,3,0,0,1,0,0,3.0530303030303,0,33.0978908121495
2016,19,"356*A",1310,-1300,"Ivesia gordonii",3,6.5,-3.5,3,0,0,0,1,0,0,1.30188679245283,0,9.19930784955145
2017,19,"356*A",1310,-1300,"Ivesia gordonii",4,3,1,3,0,0,0,1,0,0,1.28571428571429,0,0
2018,19,"356*A",1310,-1300,"Ivesia gordonii",11,4,7,2,4,0,0,1,0,0,1.12213740458015,4.75279480397304,4.60487936512581
2019,19,"356*A",1310,-1300,"Ivesia gordonii",10.5,11,-0.5,3.5,4,0,0,1,0,0,0.5,12.6320603754892,3.96009538549418
2014,19,"357*A",1305,-1295,"Ivesia gordonii",1,NA,NA,0.5,0,1,1,1,0,0,2.52336448598131,0,200
2015,19,"357*A",1305,-1295,"Ivesia gordonii",2,1,1,1,0,0,0,1,0,0,3.0530303030303,0,100.000000000007
2016,19,"357*A",1305,-1295,"Ivesia gordonii",3,2,1,3,0,0,0,1,0,0,1.30188679245283,0,109.18861771849
2017,19,"357*A",1305,-1295,"Ivesia gordonii",4.5,3,1.5,3,2,0,0,1,0,0,1.28571428571429,0,100.000000000003
2018,19,"357*A",1305,-1295,"Ivesia gordonii",3.5,4.5,-1,2.5,0,0,0,1,0,0,1.12213740458015,0,101.414998731807
2019,19,"357*A",1305,-1295,"Ivesia gordonii",5.5,3.5,2,4,0,0,0,1,0,0,0.5,0,91.6595747764546
2014,19,"358*A",1369,-1300,"Ivesia gordonii",5,NA,NA,3,2,0,NA,1,0,0,2.52336448598131,0,0
2015,19,"358*A",1369,-1300,"Ivesia gordonii",7,5,2,1.5,0,0,0,1,0,0,3.0530303030303,0,0
2016,19,"358*A",1369,-1300,"Ivesia gordonii",4.5,7,-2.5,2,0,0,0,1,0,0,1.30188679245283,0,0
2017,19,"358*A",1369,-1300,"Ivesia gordonii",3,4.5,-1.5,2,0,0,0,1,0,0,1.28571428571429,0,0
2018,19,"358*A",1369,-1300,"Ivesia gordonii",5.5,3,2.5,2.5,0,0,0,1,0,0,1.12213740458015,0,0
2019,19,"358*A",1369,-1300,"Ivesia gordonii",7.5,5.5,2,4,1,0,0,1,0,0,0.5,0,0
2014,19,"359*A",1350,-1290,"Eriogonum umbellatum",2,NA,NA,1,0,0,NA,1,0,0,2.52336448598131,0,0
2015,19,"359*A",1350,-1290,"Eriogonum umbellatum",4,2,2,1.5,0,0,0,1,0,0,3.0530303030303,0,0
2016,19,"359*A",1350,-1290,"Eriogonum umbellatum",4.5,4,0.5,2,0,0,0,1,0,0,1.30188679245283,0,0
2017,19,"359*A",1350,-1290,"Eriogonum umbellatum",7,4.5,2.5,2.5,0,0,0,1,0,0,1.28571428571429,0,0
2018,19,"359*A",1350,-1290,"Eriogonum umbellatum",7,7,0,1.5,0,0,0,1,0,0,1.12213740458015,0,0
2019,19,"359*A",1350,-1290,"Eriogonum umbellatum",8,7,1,2,0,0,0,1,0,0,0.5,0,0
2014,5,"36*A",1755,-85,"Heterotheca villosa",10,NA,NA,5,0,0,NA,1,0,0,2.52336448598131,136.252150866529,0
2015,5,"36*A",1755,-85,"Heterotheca villosa",10,10,0,6,6,0,0,1,0,0,3.0530303030303,136.252150866529,0
2016,5,"36*A",1755,-85,"Heterotheca villosa",13.7,10,3.7,12,10,0,0,1,0,0,1.30188679245283,139.431027052501,0
2017,5,"36*A",1755,-85,"Heterotheca villosa",14,13.7,0.3,10,11,0,0,1,0,0,1.28571428571429,99.9999999999997,0
2018,5,"36*A",1755,-85,"Heterotheca villosa",0,14,-14,0,0,0,0,0,0,1,1.12213740458015,0,0
2014,19,"360*A",1336,-1287,"Ivesia gordonii",0.5,NA,NA,0.5,0,1,1,1,0,0,2.52336448598131,0,0
2015,19,"360*A",1336,-1287,"Ivesia gordonii",1.5,0.5,1,2,0,0,0,1,0,0,3.0530303030303,0,0
2016,19,"360*A",1336,-1287,"Ivesia gordonii",2,1.5,0.5,2,0,0,0,1,0,0,1.30188679245283,0,0
2017,19,"360*A",1336,-1287,"Ivesia gordonii",2.5,2,0.5,2,0,0,0,1,0,0,1.28571428571429,0,0
2018,19,"360*A",1336,-1287,"Ivesia gordonii",3,2.5,0.5,2.5,0,0,0,1,0,0,1.12213740458015,0,0
2019,19,"360*A",1336,-1287,"Ivesia gordonii",4,3,1,4,0,0,0,1,0,0,0.5,0,0
2014,19,"361*A",1370,-1293,"Ivesia gordonii",2,NA,NA,2,0,0,NA,1,0,0,2.52336448598131,0,0
2015,19,"361*A",1370,-1293,"Ivesia gordonii",2.5,2,0.5,1.5,0,0,0,1,0,0,3.0530303030303,0,0
2016,19,"361*A",1370,-1293,"Ivesia gordonii",2.5,2.5,0,2,0,0,0,1,0,0,1.30188679245283,0,0
2017,19,"361*A",1370,-1293,"Ivesia gordonii",1,2.5,-1.5,1,0,0,0,1,0,0,1.28571428571429,39.9422617607501,0
2018,19,"361*A",1370,-1293,"Ivesia gordonii",0,1,-1,0,0,0,0,0,0,1,1.12213740458015,0,0
2014,19,"362*A",1360,-1290,"Ivesia gordonii",1,NA,NA,1,0,1,1,1,0,0,2.52336448598131,0,0
2015,19,"362*A",1360,-1290,"Ivesia gordonii",0.5,1,-0.5,0.3,0,0,0,1,0,0,3.0530303030303,0,0
2016,19,"362*A",1360,-1290,"Ivesia gordonii",0.5,0.5,0,1,0,0,0,1,0,0,1.30188679245283,0,0
2017,19,"362*A",1360,-1290,"Ivesia gordonii",0,0.5,-0.5,0,0,0,0,0,0,1,1.28571428571429,0,0
2014,19,"363*A",1369,-1284,"Heterotheca villosa",10,NA,NA,5,4,0,NA,1,0,0,2.52336448598131,0,0
2015,19,"363*A",1369,-1284,"Heterotheca villosa",10,10,0,5,4,0,0,1,0,0,3.0530303030303,3.72912253225326,0
2016,19,"363*A",1369,-1284,"Heterotheca villosa",13,10,3,5,1,0,0,1,0,0,1.30188679245283,14.5369861423687,0
2017,19,"363*A",1369,-1284,"Heterotheca villosa",18,13,5,9,10,0,0,1,0,0,1.28571428571429,17.1147402082884,0
2018,19,"363*A",1369,-1284,"Heterotheca villosa",13.5,18,-4.5,3.5,5,0,0,1,0,0,1.12213740458015,3.95489970665044,0
2019,19,"363*A",1369,-1284,"Heterotheca villosa",18,13.5,4.5,7,6,0,0,1,0,0,0.5,17.3001035979158,0
2014,19,"364*A",1361,-1272,"Eriogonum umbellatum",4,NA,NA,2,0,0,NA,1,0,0,2.52336448598131,109.313084431286,0
2015,19,"364*A",1361,-1272,"Eriogonum umbellatum",5,4,1,1,0,0,0,1,0,0,3.0530303030303,143.466883424514,0
2016,19,"364*A",1361,-1272,"Eriogonum umbellatum",7,5,2,1,0,0,0,1,0,0,1.30188679245283,114.181145502172,0
2017,19,"364*A",1361,-1272,"Eriogonum umbellatum",7,7,0,2,0,0,0,1,0,0,1.28571428571429,100,0
2018,19,"364*A",1361,-1272,"Eriogonum umbellatum",7,7,0,1,1,0,0,1,0,0,1.12213740458015,84.7941374562269,0
2019,19,"364*A",1361,-1272,"Eriogonum umbellatum",10.5,7,3.5,2,1,0,0,1,0,0,0.5,122.676820658803,0
2014,19,"365*A",1355,-1270,"Ivesia gordonii",10,NA,NA,5,3,0,NA,1,0,0,2.52336448598131,8.55600218232265,0
2015,19,"365*A",1355,-1270,"Ivesia gordonii",12.5,10,2.5,7,5,0,0,1,0,0,3.0530303030303,55.2217127959748,0
2016,19,"365*A",1355,-1270,"Ivesia gordonii",9,12.5,-3.5,5,9,0,0,1,0,0,1.30188679245283,67.8688412743498,0
2017,19,"365*A",1355,-1270,"Ivesia gordonii",3.5,9,-5.5,2,0,0,0,1,0,0,1.28571428571429,65.4048676878977,0
2018,19,"365*A",1355,-1270,"Ivesia gordonii",5,3.5,1.5,4,0,0,0,1,0,0,1.12213740458015,0,0
2019,19,"365*A",1355,-1270,"Ivesia gordonii",9.5,5,4.5,6,2,0,0,1,0,0,0.5,79.1211050693373,0
2014,19,"366*A",1365,-1270,"Elymus lanceolatus",13,NA,NA,16,3,0,NA,1,0,0,2.52336448598131,13.6484666706025,0
2015,19,"366*A",1365,-1270,"Elymus lanceolatus",21,13,8,14,1,0,0,1,0,0,3.0530303030303,25.0452772368491,0
2016,19,"366*A",1365,-1270,"Elymus lanceolatus",22,21,1,18,7,0,0,1,0,0,1.30188679245283,26.059710185631,0
2017,19,"366*A",1365,-1270,"Elymus lanceolatus",21,22,-1,13,1,0,0,1,0,0,1.28571428571429,25.4114358161032,0
2018,19,"366*A",1365,-1270,"Elymus lanceolatus",13.5,21,-7.5,12.5,4,0,0,1,0,0,1.12213740458015,22.7978750911097,0
2019,19,"366*A",1365,-1270,"Elymus lanceolatus",21,13.5,7.5,12,0,0,0,1,0,0,0.5,48.0063351941014,0
2014,19,"367*A",1380,-1244,"Eriogonum umbellatum",1,NA,NA,1,0,1,1,1,0,0,2.52336448598131,0,0
2015,19,"367*A",1380,-1244,"Eriogonum umbellatum",2,1,1,1.5,0,0,0,1,0,0,3.0530303030303,0,0
2016,19,"367*A",1380,-1244,"Eriogonum umbellatum",2,2,0,1.5,0,0,0,1,0,0,1.30188679245283,0,0
2017,19,"367*A",1380,-1244,"Eriogonum umbellatum",3,2,1,2,0,0,0,1,0,0,1.28571428571429,0,0
2018,19,"367*A",1380,-1244,"Eriogonum umbellatum",4,3,1,1.5,0,0,0,1,0,0,1.12213740458015,0,0
2019,19,"367*A",1380,-1244,"Eriogonum umbellatum",3,4,-1,2,0,0,0,1,0,0,0.5,0,0
2014,19,"368*A",1313,-1223,"Eriogonum umbellatum",34,NA,NA,2,15,0,NA,1,0,0,2.52336448598131,0,0
2015,19,"368*A",1313,-1223,"Eriogonum umbellatum",39,34,5,3,35,0,0,1,0,0,3.0530303030303,0,0
2016,19,"368*A",1313,-1223,"Eriogonum umbellatum",43,39,4,4,29,0,0,1,0,0,1.30188679245283,0,0
2017,19,"368*A",1313,-1223,"Eriogonum umbellatum",43,43,0,4,32,0,0,1,0,0,1.28571428571429,0,0
2018,19,"368*A",1313,-1223,"Eriogonum umbellatum",43,43,0,3.5,26,0,0,1,0,0,1.12213740458015,0,0
2019,19,"368*A",1313,-1223,"Eriogonum umbellatum",47,43,4,3,73,0,0,1,0,0,0.5,0,0
2014,19,"369*A",1303,-1255,"Heterotheca villosa",4,NA,NA,6,0,0,NA,1,0,0,2.52336448598131,0,0
2015,19,"369*A",1303,-1255,"Heterotheca villosa",9,4,5,4,2,0,0,1,0,0,3.0530303030303,0,0
2016,19,"369*A",1303,-1255,"Heterotheca villosa",13,9,4,5,8,0,0,1,0,0,1.30188679245283,0,0
2017,19,"369*A",1303,-1255,"Heterotheca villosa",14.5,13,1.5,4,7,0,0,1,0,0,1.28571428571429,0,0
2018,19,"369*A",1303,-1255,"Heterotheca villosa",15,14.5,0.5,4,3,0,0,1,0,0,1.12213740458015,0,0
2019,19,"369*A",1303,-1255,"Heterotheca villosa",19,15,4,7,1,0,0,1,0,0,0.5,0,0
2014,5,"37*A",1760,-82,"Eriogonum umbellatum",11,NA,NA,4,6,0,NA,1,0,0,2.52336448598131,29.9604552615951,100
2015,5,"37*A",1760,-82,"Eriogonum umbellatum",11,11,0,3.5,10,0,0,1,0,0,3.0530303030303,29.9604552615951,100
2016,5,"37*A",1760,-82,"Eriogonum umbellatum",13,11,2,4,5,0,0,0,1,0,1.30188679245283,48.5462258775515,100.542917776823
2014,19,"370*A",1286,-1255,"Eriogonum umbellatum",8,NA,NA,2,1,0,NA,1,0,0,2.52336448598131,35.2380298800742,0
2015,19,"370*A",1286,-1255,"Eriogonum umbellatum",9.5,8,1.5,3,3,0,0,1,0,0,3.0530303030303,12.9806171004526,0
2016,19,"370*A",1286,-1255,"Eriogonum umbellatum",12,9.5,2.5,3,2,0,0,1,0,0,1.30188679245283,25.9415432024322,0
2017,19,"370*A",1286,-1255,"Eriogonum umbellatum",14,12,2,3.5,4,0,0,1,0,0,1.28571428571429,15.5432236775441,0
2018,19,"370*A",1286,-1255,"Eriogonum umbellatum",14,14,0,3.5,6,0,0,1,0,0,1.12213740458015,25.3189608024472,0
2019,19,"370*A",1286,-1255,"Eriogonum umbellatum",14,14,0,2.5,0,0,0,1,0,0,0.5,34.5228201488215,0
2014,19,"371*A",1279,-1250,"Ivesia gordonii",16,NA,NA,7,27,0,NA,1,0,0,2.52336448598131,8.80950747001941,0
2015,19,"371*A",1279,-1250,"Ivesia gordonii",12,16,-4,4,5,0,0,1,0,0,3.0530303030303,8.13542148136058,0
2016,19,"371*A",1279,-1250,"Ivesia gordonii",14,12,2,4,0,0,0,1,0,0,1.30188679245283,19.0590929650517,0
2017,19,"371*A",1279,-1250,"Ivesia gordonii",11,14,-3,3,0,0,0,1,0,0,1.28571428571429,25.1774532297403,0
2018,19,"371*A",1279,-1250,"Ivesia gordonii",13.5,11,2.5,5,0,0,0,1,0,0,1.12213740458015,26.6804736201918,0
2019,19,"371*A",1279,-1250,"Ivesia gordonii",14,13.5,0.5,5.5,8,0,0,1,0,0,0.5,26.8479352287346,0
2014,19,"372*A",1205,-1320,"Ivesia gordonii",22,NA,NA,7,54,0,NA,1,0,0,2.52336448598131,0,0
2015,19,"372*A",1205,-1320,"Ivesia gordonii",21,22,-1,6,14,0,0,1,0,0,3.0530303030303,0,0
2016,19,"372*A",1205,-1320,"Ivesia gordonii",22,21,1,6,7,0,0,1,0,0,1.30188679245283,2.38464059293439,0
2017,19,"372*A",1205,-1320,"Ivesia gordonii",5,22,-17,4,0,0,0,1,0,0,1.28571428571429,8.71784256371549,0
2018,19,"372*A",1205,-1320,"Ivesia gordonii",0,5,-5,0,0,0,0,0,0,1,1.12213740458015,0,0
2014,19,"373*A",1305,-1295,"Ivesia gordonii",2,NA,NA,1,4,0,NA,1,0,0,2.52336448598131,0,125.000000000006
2015,19,"373*A",1305,-1295,"Ivesia gordonii",0,2,-2,0,0,0,0,0,0,1,3.0530303030303,0,0
2014,20,"374*A",1606,-1392,"Ivesia gordonii",10,NA,NA,4,3,0,NA,1,0,0,2.52336448598131,71.4273241359878,0
2015,20,"374*A",1606,-1392,"Ivesia gordonii",13,10,3,5,7,0,0,1,0,0,3.0530303030303,75.1384693428639,0
2016,20,"374*A",1606,-1392,"Ivesia gordonii",15,13,2,7,14,0,0,1,0,0,1.30188679245283,32.8899257219718,0
2017,20,"374*A",1606,-1392,"Ivesia gordonii",14,15,-1,4,4,0,0,1,0,0,1.28571428571429,130.814894314117,0
2018,20,"374*A",1606,-1392,"Ivesia gordonii",6,14,-8,5.5,0,0,0,1,0,0,1.12213740458015,122.646079650625,0
2019,20,"374*A",1606,-1392,"Ivesia gordonii",5.5,6,-0.5,4,3,0,0,1,0,0,0.5,193.01283864901,0
2014,20,"375*A",1608,-1392,"Eriogonum umbellatum",4,NA,NA,1,0,0,NA,1,0,0,2.52336448598131,147.266516215141,0
2015,20,"375*A",1608,-1392,"Eriogonum umbellatum",4,4,0,1,0,0,0,1,0,0,3.0530303030303,153.332471980613,11.6510164556182
2016,20,"375*A",1608,-1392,"Eriogonum umbellatum",0,4,-4,0,0,0,0,0,0,1,1.30188679245283,0,0
2014,20,"376*A",1608,-1382,"Lupinus argenteus",14,NA,NA,10,0,0,NA,1,0,0,2.52336448598131,16.9290017304574,46.2136147712182
2015,20,"376*A",1608,-1382,"Lupinus argenteus",17,14,3,13,0,0,0,1,0,0,3.0530303030303,34.3801907305864,35.0859436135419
2016,20,"376*A",1608,-1382,"Lupinus argenteus",0,17,-17,0,0,0,0,0,0,1,1.30188679245283,0,0
2014,20,"377*A",1614,-1376,"Lupinus argenteus",16,NA,NA,13,1,0,NA,1,0,0,2.52336448598131,0.390625000000016,84.0154569689089
2015,20,"377*A",1614,-1376,"Lupinus argenteus",15,16,-1,10,1,0,0,1,0,0,3.0530303030303,8.55565469952203,78.0426606993885
2016,20,"377*A",1614,-1376,"Lupinus argenteus",0,15,-15,0,0,0,0,0,0,1,1.30188679245283,0,0
2014,20,"378*A",1620,-1373,"Lupinus argenteus",8,NA,NA,5,0,0,NA,1,0,0,2.52336448598131,4.48054869241968,73.4401394131729
2015,20,"378*A",1620,-1373,"Lupinus argenteus",0,8,-8,0,0,0,0,0,0,1,3.0530303030303,0,0
2014,20,"379*A",1624,-1373,"Ivesia gordonii",2,NA,NA,2,0,0,NA,1,0,0,2.52336448598131,46.688779078711,0
2015,20,"379*A",1624,-1373,"Ivesia gordonii",1.5,2,-0.5,2.5,0,0,0,1,0,0,3.0530303030303,0,0
2016,20,"379*A",1624,-1373,"Ivesia gordonii",7,1.5,5.5,5,1,0,0,1,0,0,1.30188679245283,29.2389042751761,0
2017,20,"379*A",1624,-1373,"Ivesia gordonii",0,7,-7,0,0,0,0,0,0,1,1.28571428571429,0,0
2014,20,"381*A",1620,-1355,"Lupinus argenteus",9,NA,NA,7,0,0,NA,1,0,0,2.52336448598131,0,70.7830339015801
2015,20,"381*A",1620,-1355,"Lupinus argenteus",11.5,9,2.5,10,0,0,0,1,0,0,3.0530303030303,18.9516630908287,58.5979072720849
2016,20,"381*A",1620,-1355,"Lupinus argenteus",0,11.5,-11.5,0,0,0,0,0,0,1,1.30188679245283,0,0
2014,20,"382*A",1612,-1363,"Ivesia gordonii",0.5,NA,NA,0.5,0,1,1,1,0,0,2.52336448598131,0,0
2015,20,"382*A",1612,-1363,"Ivesia gordonii",2.5,0.5,2,1.5,0,0,0,1,0,0,3.0530303030303,2.47952005782785,0
2016,20,"382*A",1612,-1363,"Ivesia gordonii",7,2.5,4.5,4,1,0,0,1,0,0,1.30188679245283,13.2566874315714,0
2017,20,"382*A",1612,-1363,"Ivesia gordonii",8,7,1,4,5,0,0,1,0,0,1.28571428571429,28.0062040942012,0
2018,20,"382*A",1612,-1363,"Ivesia gordonii",2.5,8,-5.5,2,1,0,0,1,0,0,1.12213740458015,0,0
2019,20,"382*A",1612,-1363,"Ivesia gordonii",0,2.5,-2.5,0,0,0,0,0,0,1,0.5,0,0
2014,20,"383*A",1613,-1370,"Lupinus argenteus",10,NA,NA,7,0,0,NA,1,0,0,2.52336448598131,0,94.6146191889222
2015,20,"383*A",1613,-1370,"Lupinus argenteus",12,10,2,6,0,0,0,1,0,0,3.0530303030303,7.18934700984633,70.9005289939517
2016,20,"383*A",1613,-1370,"Lupinus argenteus",0,12,-12,0,0,0,0,0,0,1,1.30188679245283,0,0
2014,20,"384*A",1600,-1370,"Lupinus argenteus",20,NA,NA,12,2,0,NA,1,0,0,2.52336448598131,0,76.5676712906425
2015,20,"384*A",1600,-1370,"Lupinus argenteus",0,20,-20,0,0,0,0,0,0,1,3.0530303030303,0,0
2014,20,"385*A",1605,-1370,"Lupinus argenteus",10,NA,NA,8,0,0,NA,1,0,0,2.52336448598131,0,123.136435721761
2015,20,"385*A",1605,-1370,"Lupinus argenteus",9,10,-1,8,0,0,0,1,0,0,3.0530303030303,1.23456790123474,26.1758778964492
2016,20,"385*A",1605,-1370,"Lupinus argenteus",0,9,-9,0,0,0,0,0,0,1,1.30188679245283,0,0
2014,20,"386*A",1630.5,-1366,"Arenaria congesta",1,NA,NA,0.5,0,1,1,1,0,0,2.52336448598131,0,0
2015,20,"386*A",1630.5,-1366,"Arenaria congesta",0.5,1,-0.5,0.5,0,0,0,1,0,0,3.0530303030303,0,0
2016,20,"386*A",1631.08437695,-1367.22599495,"Arenaria congesta",1,0.5,0.5,1,0,0,0,1,0,0,1.30188679245283,0,4.41884549499364
2016,20,"386*B",1630.29317042,-1366.8279415,"Arenaria congesta",1,NA,NA,1,0,0,1,0,1,0,1.30188679245283,0,23.2658682454832
2016,20,"386*C",1628.52412433,-1370.38105965,"Arenaria congesta",1,NA,NA,1,0,0,1,0,1,0,1.30188679245283,0,0
2016,20,"386*D",1633.40214562,-1362.31146754,"Arenaria congesta",1,NA,NA,1,0,0,1,0,1,0,1.30188679245283,0,0
2016,20,"386*E",1627.14984973,-1363.92791627,"Arenaria congesta",1,NA,NA,1,0,0,1,0,1,0,1.30188679245283,0,32.59045042979
2016,20,"386*F",1627.26059577,-1363.38018663,"Arenaria congesta",1,NA,NA,1,0,0,1,0,1,0,1.30188679245283,0,32.5904504298073
2016,20,"386*G",1631.74517819,-1362.99177984,"Arenaria congesta",1,NA,NA,1,0,0,1,0,1,0,1.30188679245283,0,0
2016,20,"386*H",1627.13571165,-1367.18626842,"Arenaria congesta",1,NA,NA,1,0,0,1,0,1,0,1.30188679245283,0,54.5291915689536
2017,20,"386*A",1630.5,-1366,"Arenaria congesta",10,1,9,5,7,0,0,1,0,0,1.28571428571429,3.13476281037383,105.061494995734
2018,20,"386*A",1630.5,-1366,"Arenaria congesta",11.5,10,1.5,3,14,0,0,1,0,0,1.12213740458015,7.56143667296796,0.756143667296931
2019,20,"386*A",1630.5,-1366,"Arenaria congesta",22,11.5,10.5,7,6,0,0,1,0,0,0.5,4.72947677539122,54.3507046227496
2014,20,"387*A",1628,-1365,"Arenaria congesta",1,NA,NA,0.5,0,1,1,1,0,0,2.52336448598131,0,0
2015,20,"387*A",1628,-1365,"Arenaria congesta",2.5,1,1.5,2,0,0,0,1,0,0,3.0530303030303,0,0
2016,20,"387*A",1628.81812774,-1366.71639293,"Arenaria congesta",2.5,2.5,0,2.5,0,0,0,1,0,0,1.30188679245283,0,42.4110344931977
2016,20,"387*B",1627.71043859,-1366.1591181,"Arenaria congesta",2.5,NA,NA,2.5,0,0,1,0,1,0,1.30188679245283,0,48.1195301088734
2016,20,"387*C",1625.23377406,-1371.13348351,"Arenaria congesta",2.5,NA,NA,2.5,0,0,1,0,1,0,1.30188679245283,99.9999999999994,0.284479455191558
2016,20,"387*D",1632.06300387,-1359.83605456,"Arenaria congesta",2.5,NA,NA,2.5,0,0,1,0,1,0,1.30188679245283,4.36977651241434,0
2016,20,"387*E",1623.30978962,-1362.09908277,"Arenaria congesta",2.5,NA,NA,2.5,0,0,1,0,1,0,1.30188679245283,0,60.7140870357242
2016,20,"387*F",1623.46483408,-1361.33226128,"Arenaria congesta",2.5,NA,NA,2.5,0,0,1,0,1,0,1.30188679245283,0,60.7140870357298
2016,20,"387*G",1629.74324946,-1360.78849177,"Arenaria congesta",2.5,NA,NA,2.5,0,0,1,0,1,0,1.30188679245283,2.80187902535298,0
2017,20,"387*A",1628,-1365,"Arenaria congesta",14,2.5,11.5,4,9,0,0,1,0,0,1.28571428571429,3.95408163265295,77.1628566544846
2018,20,"387*A",1628,-1365,"Arenaria congesta",1,14,-13,2,0,0,0,1,0,0,1.12213740458015,0,100.000000000024
2019,20,"387*A",1628,-1365,"Arenaria congesta",4.5,1,3.5,4.5,0,0,0,0,1,0,0.5,0,194.543142848352
2014,20,"388*A",1610,-1351,"Lupinus argenteus",2,NA,NA,2,0,0,NA,1,0,0,2.52336448598131,0,0
2015,20,"388*A",1610,-1351,"Lupinus argenteus",12,2,10,6,0,0,0,1,0,0,3.0530303030303,98.0765824984562,5.25625961505496
2016,20,"388*A",1610,-1351,"Lupinus argenteus",0,12,-12,0,0,0,0,0,0,1,1.30188679245283,0,0
2014,5,"39*A",1790,-95,"Eriogonum umbellatum",30,NA,NA,4,17,0,NA,1,0,0,2.52336448598131,12.0413880996428,39.8898126164301
2015,5,"39*A",1790,-95,"Eriogonum umbellatum",31,30,1,5,32,0,0,1,0,0,3.0530303030303,23.7685909986392,42.6228011022962
2016,5,"39*A",1790,-95,"Eriogonum umbellatum",36,31,5,6.7,32,0,0,0,1,0,1.30188679245283,71.9086572885961,40.0560323496457
2014,20,"390*A",1625,-1355,"Lupinus argenteus",14,NA,NA,5,0,0,NA,1,0,0,2.52336448598131,0,29.2521721736127
2015,20,"390*A",1625,-1355,"Lupinus argenteus",13,14,-1,11,0,0,0,1,0,0,3.0530303030303,2.03461998094794,43.6263310567026
2016,20,"390*A",1625,-1355,"Lupinus argenteus",0,13,-13,0,0,0,0,0,0,1,1.30188679245283,0,0
2014,20,"391*A",1618,-1342,"Lupinus argenteus",11,NA,NA,6,0,0,NA,1,0,0,2.52336448598131,41.8546700578675,0
2015,20,"391*A",1618,-1342,"Lupinus argenteus",14,11,3,10,0,0,0,1,0,0,3.0530303030303,100.000000000003,1.93968416539356
2016,20,"391*A",1618,-1342,"Lupinus argenteus",0,14,-14,0,0,0,0,0,0,1,1.30188679245283,0,0
2014,20,"392*A",1643,-1330,"Ivesia gordonii",19,NA,NA,8,0,0,NA,1,0,0,2.52336448598131,0,0
2015,20,"392*A",1643,-1330,"Ivesia gordonii",16,19,-3,7,10,0,0,1,0,0,3.0530303030303,31.0672816039453,0
2016,20,"392*A",1643,-1330,"Ivesia gordonii",23,16,7,6,4,0,0,1,0,0,1.30188679245283,7.89163017057668,0
2017,20,"392*A",1643,-1330,"Ivesia gordonii",21,23,-2,7,30,0,0,1,0,0,1.28571428571429,7.54177253228251,0
2018,20,"392*A",1643,-1330,"Ivesia gordonii",19,21,-2,7,4,0,0,1,0,0,1.12213740458015,0.246636557424032,0
2019,20,"392*A",1643,-1330,"Ivesia gordonii",17,19,-2,8.5,1,0,0,1,0,0,0.5,0,0
2014,20,"393*A",1642,-1345,"Heterotheca villosa",0.5,NA,NA,0.5,0,1,1,1,0,0,2.52336448598131,0,0
2015,20,"393*A",1642,-1345,"Heterotheca villosa",2.5,0.5,2,2,0,0,0,1,0,0,3.0530303030303,0,0
2016,20,"393*A",1642,-1345,"Heterotheca villosa",5,2.5,2.5,2,0,0,0,1,0,0,1.30188679245283,0,0
2017,20,"393*A",1642,-1345,"Heterotheca villosa",3,5,-2,4,0,0,0,1,0,0,1.28571428571429,0,0
2018,20,"393*A",1642,-1345,"Heterotheca villosa",0,3,-3,0,0,0,0,0,0,1,1.12213740458015,0,0
2014,20,"394*A",1649,-1345,"Eriogonum umbellatum",0.5,NA,NA,0.5,0,1,1,1,0,0,2.52336448598131,99.9999999999491,99.9999999999491
2015,20,"394*A",1649,-1345,"Eriogonum umbellatum",0.5,0.5,0,0.5,0,0,0,1,0,0,3.0530303030303,99.9999999999491,99.9999999999491
2016,20,"394*A",1649,-1345,"Eriogonum umbellatum",0.5,0.5,0,0.5,0,0,0,1,0,0,1.30188679245283,0,99.9999999999491
2017,20,"394*A",1649,-1345,"Eriogonum umbellatum",1.5,0.5,1,1.5,0,0,0,1,0,0,1.28571428571429,0,100.000000000001
2018,20,"394*A",1649,-1345,"Eriogonum umbellatum",0,1.5,-1.5,0,0,0,0,0,0,1,1.12213740458015,0,0
2014,20,"395*A",1649,-1345,"Eriogonum umbellatum",0.5,NA,NA,0.5,0,1,1,1,0,0,2.52336448598131,99.9999999999491,99.9999999999491
2015,20,"395*A",1649,-1345,"Eriogonum umbellatum",1,0.5,0.5,1,0,0,0,1,0,0,3.0530303030303,100.000000000024,25.0000000000114
2016,20,"395*A",1649,-1345,"Eriogonum umbellatum",0.5,1,-0.5,0.5,0,0,0,1,0,0,1.30188679245283,0,99.9999999999491
2017,20,"395*A",1649,-1345,"Eriogonum umbellatum",2,0.5,1.5,1.5,0,0,0,1,0,0,1.28571428571429,0,56.2499999999872
2018,20,"395*A",1649,-1345,"Eriogonum umbellatum",1,2,-1,1,0,0,0,1,0,0,1.12213740458015,0,0
2019,20,"395*A",1649,-1345,"Eriogonum umbellatum",1,1,0,1,0,0,0,1,0,0,0.5,0,0
2014,20,"396*A",1655,-1350,"Lupinus argenteus",21,NA,NA,13,0,0,NA,1,0,0,2.52336448598131,4.00236210114271,43.9720722906585
2015,20,"396*A",1655,-1350,"Lupinus argenteus",23,21,2,15,1,0,0,1,0,0,3.0530303030303,11.6419325733683,72.8621028791099
2016,20,"396*A",1655,-1350,"Lupinus argenteus",0,23,-23,0,0,0,0,0,0,1,1.30188679245283,0,0
2014,20,"397*A",1658,-1357,"Lupinus argenteus",18,NA,NA,11,0,0,NA,1,0,0,2.52336448598131,7.31099705553597,59.8508761733951
2015,20,"397*A",1658,-1357,"Lupinus argenteus",20,18,2,13,1,0,0,1,0,0,3.0530303030303,17.5745570540829,88.9111832288382
2016,20,"397*A",1658,-1357,"Lupinus argenteus",0,20,-20,0,0,0,0,0,0,1,1.30188679245283,0,0
2014,20,"398*A",1655,-1374,"Ivesia gordonii",12,NA,NA,6,0,0,NA,1,0,0,2.52336448598131,0,41.1709140595115
2015,20,"398*A",1655,-1374,"Ivesia gordonii",14,12,2,5,3,0,0,1,0,0,3.0530303030303,0.382653061224733,43.0666177568308
2016,20,"398*A",1655,-1374,"Ivesia gordonii",14,14,0,6,1,0,0,1,0,0,1.30188679245283,43.5957218967626,48.6279929538371
2017,20,"398*A",1655,-1374,"Ivesia gordonii",17,14,3,9,24,0,0,1,0,0,1.28571428571429,19.0929656938964,0
2018,20,"398*A",1655,-1374,"Ivesia gordonii",0.2,17,-16.8,0.6,0,0,0,1,0,0,1.12213740458015,0,0
2019,20,"398*A",1655,-1374,"Ivesia gordonii",0,0.2,-0.2,0,0,0,0,0,0,1,0.5,0,0
2014,20,"399*A",1657,-1378,"Ivesia gordonii",10,NA,NA,4,1,0,NA,1,0,0,2.52336448598131,0,59.2861162456934
2015,20,"399*A",1657,-1378,"Ivesia gordonii",11,10,1,5,4,0,0,1,0,0,3.0530303030303,1.49309671234469,69.7608023168534
2016,20,"399*A",1657,-1378,"Ivesia gordonii",12,11,1,4,0,0,0,1,0,0,1.30188679245283,13.9090915482648,66.188101520502
2017,20,"399*A",1657,-1378,"Ivesia gordonii",0,12,-12,0,0,0,0,0,0,1,1.28571428571429,0,0
2014,1,"4*A",102,-174,"Ivesia gordonii",9,NA,NA,3,0,0,NA,1,0,0,2.52336448598131,0,39.1304580307151
2015,1,"4*A",102,-174,"Ivesia gordonii",9,9,0,4,4,0,0,1,0,0,3.0530303030303,0,39.1304580307151
2016,1,"4*A",102,-174,"Ivesia gordonii",10,9,1,5.2,8,0,0,1,0,0,1.30188679245283,0,65.4418071217042
2017,1,"4*A",102,-174,"Ivesia gordonii",0,10,-10,0,0,0,0,0,0,1,1.28571428571429,0,0
2014,5,"40*A",1790,-80,"Heterotheca villosa",7,NA,NA,5,1,0,NA,1,0,0,2.52336448598131,61.4909103288732,0
2015,5,"40*A",1790,-80,"Heterotheca villosa",12.5,7,5.5,6,6,0,0,1,0,0,3.0530303030303,105.695983603656,0
2016,5,"40*A",1790,-80,"Heterotheca villosa",0,12.5,-12.5,0,0,0,0,0,0,1,1.30188679245283,0,0
2014,20,"400*A",1643,-1396,"Eriogonum umbellatum",28,NA,NA,2,9,0,NA,1,0,0,2.52336448598131,4.78692950797458,0
2015,20,"400*A",1643,-1396,"Eriogonum umbellatum",28,28,0,3,9,0,0,1,0,0,3.0530303030303,11.8517613859943,0
2016,20,"400*A",1643,-1396,"Eriogonum umbellatum",31,28,3,3,24,0,0,1,0,0,1.30188679245283,11.6896457605354,0.470943318378732
2017,20,"400*A",1643,-1396,"Eriogonum umbellatum",32,31,1,4,24,0,0,1,0,0,1.28571428571429,1.19688697451221,0.333985649884009
2018,20,"400*A",1643,-1396,"Eriogonum umbellatum",26,32,-6,3,14,0,0,1,0,0,1.12213740458015,0,0
2019,20,"400*A",1643,-1396,"Eriogonum umbellatum",26,26,0,4,35,0,0,1,0,0,0.5,0.300734842071982,0
2014,20,"401*A",1641,-1399,"Chaenactis douglasii",6,NA,NA,2,0,0,NA,1,0,0,2.52336448598131,100,0
2015,20,"401*A",1641,-1399,"Chaenactis douglasii",10,6,4,4,3,0,0,1,0,0,3.0530303030303,99.9999999999996,0
2016,20,"401*A",1641,-1399,"Chaenactis douglasii",11,10,1,6,16,0,0,1,0,0,1.30188679245283,100,0
2017,20,"401*A",1641,-1399,"Chaenactis douglasii",3,11,-8,2,0,0,0,1,0,0,1.28571428571429,99.9999999999991,0
2018,20,"401*A",1641,-1399,"Chaenactis douglasii",0,3,-3,0,0,0,0,0,0,1,1.12213740458015,0,0
2014,20,"402*A",1676,-1374,"Arenaria congesta",18,NA,NA,9,83,0,NA,1,0,0,2.52336448598131,14.9967311467565,27.5740816669427
2015,20,"402*A",1676,-1374,"Arenaria congesta",20,18,2,5,29,0,0,1,0,0,3.0530303030303,43.152028216842,36.8228675247956
2016,20,"402*A",1676,-1374,"Arenaria congesta",21,20,1,2,0,0,0,1,0,0,1.30188679245283,83.2427641760905,28.3971092417528
2017,20,"402*A",1676,-1374,"Arenaria congesta",22,21,1,5,39,0,0,1,0,0,1.28571428571429,89.5402122232569,41.539524257624
2018,20,"402*A",1676,-1374,"Arenaria congesta",13.5,22,-8.5,4.5,21,0,0,1,0,0,1.12213740458015,72.5698913575221,25.7402061346951
2019,20,"402*A",1676,-1374,"Arenaria congesta",14,13.5,0.5,8,10,0,0,1,0,0,0.5,105.061538734724,25.6589407305028
2014,20,"403*A",1672,-1370,"Elymus lanceolatus",7,NA,NA,13,1,0,NA,1,0,0,2.52336448598131,189.404427087658,0
2015,20,"403*A",1672,-1370,"Elymus lanceolatus",12,7,5,12,1,0,0,1,0,0,3.0530303030303,171.941483660227,0
2016,20,"403*A",1672,-1370,"Elymus lanceolatus",24,12,12,18,3,0,0,1,0,0,1.30188679245283,92.1349296141868,0
2017,20,"403*A",1672,-1370,"Elymus lanceolatus",24,24,0,15,3,0,0,1,0,0,1.28571428571429,120.38998335484,1.08175213868661
2018,20,"403*A",1672,-1370,"Elymus lanceolatus",18,24,-6,17,10,0,0,1,0,0,1.12213740458015,71.6847614194678,0
2019,20,"403*A",1672,-1370,"Elymus lanceolatus",25,18,7,24,6,0,0,1,0,0,0.5,47.2513994505764,2.87330400231788
2014,20,"404*A",1674,-1368,"Arenaria congesta",11,NA,NA,6,53,0,NA,1,0,0,2.52336448598131,36.5444300474912,73.8347310751183
2015,20,"404*A",1674,-1368,"Arenaria congesta",14,11,3,5,17,0,0,1,0,0,3.0530303030303,61.4352031791317,75.1487092342735
2016,20,"404*A",1674,-1368,"Arenaria congesta",12,14,-2,3,0,0,0,1,0,0,1.30188679245283,100.694444444444,86.9661470528726
2017,20,"404*A",1674,-1368,"Arenaria congesta",16,12,4,6,22,0,0,1,0,0,1.28571428571429,102.74241269295,78.5356630495731
2018,20,"404*A",1674,-1368,"Arenaria congesta",10,16,-6,5,18,0,0,1,0,0,1.12213740458015,99.9999999999996,46.9115256804797
2019,20,"404*A",1674,-1368,"Arenaria congesta",10,10,0,8,0,0,0,1,0,0,0.5,99.9999999999996,50.2915238317843
2014,20,"405*A",1702,-1385,"Arenaria congesta",10,NA,NA,5,64,0,NA,1,0,0,2.52336448598131,4.56376200189338,0
2015,20,"405*A",1702,-1385,"Arenaria congesta",10,10,0,3,1,0,0,1,0,0,3.0530303030303,99.9999999999996,0
2016,20,"405*A",1702,-1385,"Arenaria congesta",9,10,-1,2,1,0,0,1,0,0,1.30188679245283,100.000000000001,0
2017,20,"405*A",1702,-1385,"Arenaria congesta",0,9,-9,0,0,0,0,0,0,1,1.28571428571429,0,0
2014,20,"406*A",1665,-1353,"Senecio crassulus",6,NA,NA,7,0,0,NA,1,0,0,2.52336448598131,113.439020349929,0
2015,20,"406*A",1665,-1353,"Senecio crassulus",10,6,4,13,2,0,0,1,0,0,3.0530303030303,127.22653247969,0
2016,20,"406*A",1665,-1353,"Senecio crassulus",15,10,5,10,2,0,0,1,0,0,1.30188679245283,4.54938012221434,0
2017,20,"406*A",1665,-1353,"Senecio crassulus",21,15,6,12,12,0,0,1,0,0,1.28571428571429,17.4889126501404,0
2018,20,"406*A",1665,-1353,"Senecio crassulus",0,21,-21,0,0,0,0,0,0,1,1.12213740458015,0,0
2014,20,"407*A",1670,-1345,"Heterotheca villosa",3,NA,NA,3,0,0,NA,1,0,0,2.52336448598131,0,0
2015,20,"407*A",1670,-1345,"Heterotheca villosa",8,3,5,2,0,0,0,1,0,0,3.0530303030303,0,0
2016,20,"407*A",1670,-1345,"Heterotheca villosa",6,8,-2,3,2,0,0,1,0,0,1.30188679245283,10.0554387667006,0
2017,20,"407*A",1670,-1345,"Heterotheca villosa",6,6,0,2,0,0,0,1,0,0,1.28571428571429,68.9299950880013,0
2018,20,"407*A",1670,-1345,"Heterotheca villosa",0,6,-6,0,0,0,0,0,0,1,1.12213740458015,0,0
2014,20,"408*A",1697,-1380,"Elymus lanceolatus",5,NA,NA,8,0,0,NA,1,0,0,2.52336448598131,3.22261854040059,0
2015,20,"408*A",1697,-1380,"Elymus lanceolatus",29,5,24,14,0,0,0,1,0,0,3.0530303030303,22.4849850290099,0
2016,20,"408*A",1697,-1380,"Elymus lanceolatus",28,29,-1,20,11,0,0,1,0,0,1.30188679245283,13.4254014195481,0
2017,20,"408*A",1697,-1380,"Elymus lanceolatus",32,28,4,23,4,0,0,1,0,0,1.28571428571429,6.6595055865701,0.608485578011252
2018,20,"408*A",1697,-1380,"Elymus lanceolatus",20.5,32,-11.5,19,13,0,0,1,0,0,1.12213740458015,0,0
2019,20,"408*A",1697,-1380,"Elymus lanceolatus",33,20.5,12.5,24,8,0,0,1,0,0,0.5,0.973312153715392,1.6490495881069
2014,20,"409*A",1692,-1379,"Elymus lanceolatus",4,NA,NA,10,1,0,NA,0,1,0,2.52336448598131,0,0
2014,5,"41*A",1784,-85,"Elymus lanceolatus",9,NA,NA,14,2,0,NA,1,0,0,2.52336448598131,191.230119666718,0
2015,5,"41*A",1784,-85,"Elymus lanceolatus",12,9,3,17.5,2,0,0,1,0,0,3.0530303030303,209.763661785615,0
2016,5,"41*A",1784,-85,"Elymus lanceolatus",27,12,15,26,13,0,0,1,0,0,1.30188679245283,135.385404428505,33.5245076451579
2017,5,"41*A",1784,-85,"Elymus lanceolatus",27,27,0,29,12,0,0,1,0,0,1.28571428571429,100,33.5245076451579
2018,5,"41*A",1784,-85,"Elymus lanceolatus",27,27,0,21,25,0,0,1,0,0,1.12213740458015,100,26.5598737595207
2019,5,"41*A",1784,-85,"Elymus lanceolatus",27,27,0,14,0,0,0,1,0,0,0.5,100,41.7021276602561
2014,20,"410*A",1710,-1379,"Elymus lanceolatus",12,NA,NA,12,2,0,NA,0,1,0,2.52336448598131,2.60979678249499,0
2014,20,"411*A",1725,-1300,"Heterotheca villosa",23,NA,NA,5,24,0,NA,1,0,0,2.52336448598131,107.067478512634,0
2015,20,"411*A",1725,-1300,"Heterotheca villosa",28,23,5,7,35,0,0,1,0,0,3.0530303030303,126.178708294871,0
2016,20,"411*A",1725,-1300,"Heterotheca villosa",34,28,6,8.5,55,0,0,1,0,0,1.30188679245283,134.604410436096,0
2017,20,"411*A",1725,-1300,"Heterotheca villosa",0,34,-34,0,0,0,0,0,0,1,1.28571428571429,0,0
2014,20,"412*A",1730,-1298,"Eriogonum umbellatum",43,NA,NA,3,24,0,NA,1,0,0,2.52336448598131,36.1172947740047,0
2015,20,"412*A",1730,-1298,"Eriogonum umbellatum",47,43,4,3,47,0,0,1,0,0,3.0530303030303,59.2390815811711,0
2016,20,"412*A",1730,-1298,"Eriogonum umbellatum",44,47,-3,4,64,0,0,1,0,0,1.30188679245283,83.817121012185,0
2017,20,"412*A",1730,-1298,"Eriogonum umbellatum",47,44,3,4,58,0,0,1,0,0,1.28571428571429,31.098627070393,0
2018,20,"412*A",1730,-1298,"Eriogonum umbellatum",44,47,-3,3,10,0,0,1,0,0,1.12213740458015,21.6297193740216,0
2019,20,"412*A",1730,-1298,"Eriogonum umbellatum",40,44,-4,3,8,0,0,1,0,0,0.5,18.2774726284446,0
2014,20,"413*A",1718,-1321,"Elymus lanceolatus",7,NA,NA,11,0,0,NA,1,0,0,2.52336448598131,0,11.0870300627382
2015,20,"413*A",1718,-1321,"Elymus lanceolatus",22,7,15,13,0,0,0,1,0,0,3.0530303030303,36.9939546648608,32.9947293025631
2016,20,"413*A",1718,-1321,"Elymus lanceolatus",30,22,8,22,9,0,0,1,0,0,1.30188679245283,58.2882984186334,8.51251307301003
2017,20,"413*A",1718,-1321,"Elymus lanceolatus",37,30,7,24,47,0,0,1,0,0,1.28571428571429,49.0602311621591,10.5304110421984
2018,20,"413*A",1718,-1321,"Elymus lanceolatus",38,37,1,26,49,0,0,1,0,0,1.12213740458015,42.9109976983301,0
2019,20,"413*A",1718,-1321,"Elymus lanceolatus",36,38,-2,32,57,0,0,1,0,0,0.5,38.5260179202789,0
2014,20,"414*A",1725,-1313,"Elymus lanceolatus",3,NA,NA,5,0,0,NA,1,0,0,2.52336448598131,99.9999999999927,67.651474610983
2015,20,"414*A",1725,-1313,"Elymus lanceolatus",0,3,-3,0,0,0,0,0,0,1,3.0530303030303,0,0
2014,20,"415*A",1725,-1318,"Elymus lanceolatus",11,NA,NA,8,0,0,NA,1,0,0,2.52336448598131,56.8667606374711,9.52171689729778
2015,20,"415*A",1725,-1318,"Elymus lanceolatus",14,11,3,14,1,0,0,0,1,0,3.0530303030303,85.291334401633,98.2802371905657
2014,20,"416*A",1730,-1310,"Elymus lanceolatus",6,NA,NA,5,0,0,NA,1,0,0,2.52336448598131,153.352955216799,0
2015,20,"416*A",1730,-1310,"Elymus lanceolatus",15,6,9,8,0,0,0,1,0,0,3.0530303030303,167.715835179878,28.8224049633537
2016,20,"416*A",1730,-1310,"Elymus lanceolatus",15,15,0,17,1,0,0,1,0,0,1.30188679245283,192.050658269136,34.0500522920386
2017,20,"416*A",1730,-1310,"Elymus lanceolatus",15,15,0,17,1,0,0,1,0,0,1.28571428571429,99.999999999995,64.0717009634227
2018,20,"416*A",1730,-1310,"Elymus lanceolatus",0,15,-15,0,0,0,0,0,0,1,1.12213740458015,0,0
2014,20,"417*A",1735,-1305,"Elymus lanceolatus",4,NA,NA,3,0,0,NA,0,1,0,2.52336448598131,157.374359086161,0
2014,20,"418*A",1735,-1300,"Elymus lanceolatus",3,NA,NA,5,0,0,NA,0,1,0,2.52336448598131,199.999999999985,0
2014,20,"419*A",1790,-1255,"Lupinus argenteus",19,NA,NA,10,1,0,NA,1,0,0,2.52336448598131,0,0
2015,20,"419*A",1790,-1255,"Lupinus argenteus",11,19,-8,10,1,0,0,1,0,0,3.0530303030303,0,0
2016,20,"419*A",1790,-1255,"Lupinus argenteus",0,11,-11,0,0,0,0,0,0,1,1.30188679245283,0,0
2014,20,"420*A",1780,-1230,"Lupinus argenteus",18,NA,NA,13,2,0,NA,1,0,0,2.52336448598131,74.6670064323343,23.0990181525682
2015,20,"420*A",1780,-1230,"Lupinus argenteus",21,18,3,13,5,0,0,1,0,0,3.0530303030303,119.536290784914,41.602704644386
2016,20,"420*A",1780,-1230,"Lupinus argenteus",0,21,-21,0,0,0,0,0,0,1,1.30188679245283,0,0
2014,20,"421*A",1760,-1230,"Lupinus argenteus",2,NA,NA,2,0,0,NA,1,0,0,2.52336448598131,0,0
2015,20,"421*A",1760,-1230,"Lupinus argenteus",0,2,-2,0,0,0,0,1,0,0,3.0530303030303,0,0
2016,20,"421*A",1760,-1230,"Lupinus argenteus",24,0,24,11,0,0,0,1,0,0,1.30188679245283,47.2096799530428,21.5970290258197
2017,20,"421*A",1760,-1230,"Lupinus argenteus",13,24,-11,11,1,0,0,1,0,0,1.28571428571429,79.5451543673476,10.8282079629031
2018,20,"421*A",1760,-1230,"Lupinus argenteus",0,13,-13,0,0,0,0,0,0,1,1.12213740458015,0,0
2014,20,"422*A",1780,-1220,"Lupinus argenteus",15,NA,NA,11,0,0,NA,1,0,0,2.52336448598131,85.508423819916,34.3347777862439
2015,20,"422*A",1780,-1220,"Lupinus argenteus",21,15,6,15,3,0,0,1,0,0,3.0530303030303,111.596463657271,49.2454061335247
2016,20,"422*A",1780,-1220,"Lupinus argenteus",0,21,-21,0,0,0,0,0,0,1,1.30188679245283,0,0
2014,20,"423*A",1779,-1222,"Ivesia gordonii",15,NA,NA,8,0,0,NA,1,0,0,2.52336448598131,143.995825823835,0
2015,20,"423*A",1779,-1222,"Ivesia gordonii",20,15,5,8,7,0,0,1,0,0,3.0530303030303,189.357251007998,0
2016,20,"423*A",1779,-1222,"Ivesia gordonii",21,20,1,9,17,0,0,1,0,0,1.30188679245283,87.8877222428288,0
2017,20,"423*A",1779,-1222,"Ivesia gordonii",23,21,2,8,20,0,0,1,0,0,1.28571428571429,95.9065913674347,0
2018,20,"423*A",1779,-1222,"Ivesia gordonii",15,23,-8,6,1,0,0,1,0,0,1.12213740458015,98.6091255834524,0
2019,20,"423*A",1779,-1222,"Ivesia gordonii",7,15,-8,5.5,0,0,0,1,0,0,0.5,100.000000000002,0
2014,20,"424*A",1755,-1215,"Lupinus argenteus",4,NA,NA,4,0,0,NA,1,0,0,2.52336448598131,0,153.452409762379
2015,20,"424*A",1755,-1215,"Lupinus argenteus",16,4,12,8,0,0,0,1,0,0,3.0530303030303,0,51.160759274615
2016,20,"424*A",1755,-1215,"Lupinus argenteus",0,16,-16,0,0,0,0,0,0,1,1.30188679245283,0,0
2014,20,"425*A",1750,-1215,"Lupinus argenteus",16,NA,NA,9,0,0,NA,1,0,0,2.52336448598131,0,22.1103592891057
2015,20,"425*A",1750,-1215,"Lupinus argenteus",0,16,-16,0,0,0,0,0,0,1,3.0530303030303,0,0
2014,20,"426*A",1780,-1202,"Chaenactis douglasii",2,NA,NA,1,0,0,NA,1,0,0,2.52336448598131,0,0
2015,20,"426*A",1780,-1202,"Chaenactis douglasii",5,2,3,2,0,0,0,1,0,0,3.0530303030303,0,0
2016,20,"426*A",1780,-1202,"Chaenactis douglasii",6,5,1,3,0,0,0,1,0,0,1.30188679245283,2.14983489216004,0
2017,20,"426*A",1780,-1202,"Chaenactis douglasii",12,6,6,5,10,0,0,1,0,0,1.28571428571429,0,0
2018,20,"426*A",1780,-1202,"Chaenactis douglasii",2,12,-10,1,0,0,0,1,0,0,1.12213740458015,0,0
2019,20,"426*A",1780,-1202,"Chaenactis douglasii",0,2,-2,0,0,0,0,0,0,1,0.5,0,0
2014,20,"427*A",1765,-1207,"Lupinus argenteus",26,NA,NA,13,5,0,NA,1,0,0,2.52336448598131,0,71.2917021179245
2015,20,"427*A",1765,-1207,"Lupinus argenteus",25,26,-1,14,0,0,0,1,0,0,3.0530303030303,3.03967938057621,86.871039788483
2016,20,"427*A",1765,-1207,"Lupinus argenteus",6,25,-19,4,0,0,0,1,0,0,1.30188679245283,0,99.9999999999945
2017,20,"427*A",1765,-1207,"Lupinus argenteus",0,6,-6,0,0,0,0,0,0,1,1.28571428571429,0,0
2014,20,"428*A",1765,-1202,"Lupinus argenteus",24,NA,NA,14,7,0,NA,1,0,0,2.52336448598131,0,99.4014311222003
2015,20,"428*A",1765,-1202,"Lupinus argenteus",23,24,-1,15,5,0,0,1,0,0,3.0530303030303,0.309667752211162,107.583897847924
2016,20,"428*A",1765,-1202,"Lupinus argenteus",17,23,-6,13,0,0,0,1,0,0,1.30188679245283,0.533333936410429,19.2000217107745
2017,20,"428*A",1765,-1202,"Lupinus argenteus",6,17,-11,6,0,0,0,1,0,0,1.28571428571429,0,0
2018,20,"428*A",1765,-1202,"Lupinus argenteus",0,6,-6,0,0,0,0,0,0,1,1.12213740458015,0,0
2014,20,"429*A",1705,-1202,"Lupinus argenteus",0.5,NA,NA,1,0,1,1,1,0,0,2.52336448598131,0,0
2015,20,"429*A",1705,-1202,"Lupinus argenteus",3,0.5,2.5,3,0,0,0,1,0,0,3.0530303030303,0,32.846336027569
2016,20,"429*A",1705,-1202,"Lupinus argenteus",0,3,-3,0,0,0,0,0,0,1,1.30188679245283,0,0
2014,6,"43*A",195,-575,"Ivesia gordonii",18,NA,NA,9,21,0,NA,1,0,0,2.52336448598131,0,0
2015,6,"43*A",195,-575,"Ivesia gordonii",21,18,3,6.5,16,0,0,1,0,0,3.0530303030303,0,0
2016,6,"43*A",195,-575,"Ivesia gordonii",23,21,2,10,23,0,0,1,0,0,1.30188679245283,0,0
2017,6,"43*A",195,-575,"Ivesia gordonii",0,23,-23,0,0,0,0,0,0,1,1.28571428571429,0,0
2014,20,"430*A",1710,-1205,"Lupinus argenteus",11,NA,NA,7,0,0,NA,1,0,0,2.52336448598131,0,0
2015,20,"430*A",1710,-1205,"Lupinus argenteus",11,11,0,8,0,0,0,1,0,0,3.0530303030303,0,2.48179548648226
2016,20,"430*A",1710,-1205,"Lupinus argenteus",0,11,-11,0,0,0,0,0,0,1,1.30188679245283,0,0
2014,20,"431*A",1700,-1225,"Lupinus argenteus",15,NA,NA,7,0,0,NA,1,0,0,2.52336448598131,0,0
2015,20,"431*A",1700,-1225,"Lupinus argenteus",2,15,-13,2,0,0,0,1,0,0,3.0530303030303,0,0
2016,20,"431*A",1700,-1225,"Lupinus argenteus",11,2,9,7,0,0,0,1,0,0,1.30188679245283,0,0
2017,20,"431*A",1700,-1225,"Lupinus argenteus",10,11,-1,4,0,0,0,1,0,0,1.28571428571429,0,0
2018,20,"431*A",1700,-1225,"Lupinus argenteus",0,10,-10,0,0,0,0,0,0,1,1.12213740458015,0,0
2014,20,"432*A",1640,-1219,"Ivesia gordonii",7,NA,NA,3,0,0,NA,1,0,0,2.52336448598131,0,0
2015,20,"432*A",1640,-1219,"Ivesia gordonii",10,7,3,5,2,0,0,1,0,0,3.0530303030303,0,0
2016,20,"432*A",1640,-1219,"Ivesia gordonii",14,10,4,10,6,0,0,1,0,0,1.30188679245283,0,0
2017,20,"432*A",1640,-1219,"Ivesia gordonii",11,14,-3,6,1,0,0,1,0,0,1.28571428571429,0,0
2018,20,"432*A",1640,-1219,"Ivesia gordonii",8.5,11,-2.5,4,0,0,0,1,0,0,1.12213740458015,0,0
2019,20,"432*A",1640,-1219,"Ivesia gordonii",12.5,8.5,4,5,0,0,0,1,0,0,0.5,0,0
2014,20,"433*A",1607,-1233,"Ivesia gordonii",9,NA,NA,5,0,0,NA,1,0,0,2.52336448598131,0,0
2015,20,"433*A",1607,-1233,"Ivesia gordonii",10,9,1,4,6,0,0,1,0,0,3.0530303030303,0,0
2016,20,"433*A",1607,-1233,"Ivesia gordonii",17,10,7,6,13,0,0,1,0,0,1.30188679245283,0,0
2017,20,"433*A",1607,-1233,"Ivesia gordonii",16.5,17,-0.5,8,15,0,0,1,0,0,1.28571428571429,0,0
2018,20,"433*A",1607,-1233,"Ivesia gordonii",13,16.5,-3.5,3.5,0,0,0,1,0,0,1.12213740458015,0,0
2019,20,"433*A",1607,-1233,"Ivesia gordonii",12.5,13,-0.5,4.5,0,0,0,1,0,0,0.5,0,0
2014,20,"434*A",1600,-1249,"Ivesia gordonii",7,NA,NA,5,2,0,NA,1,0,0,2.52336448598131,0,0
2015,20,"434*A",1600,-1249,"Ivesia gordonii",8,7,1,5,0,0,0,1,0,0,3.0530303030303,0,7.00214190289594
2016,20,"434*A",1600,-1249,"Ivesia gordonii",12,8,4,7,5,0,0,1,0,0,1.30188679245283,0,71.2865481052759
2017,20,"434*A",1600,-1249,"Ivesia gordonii",12.5,12,0.5,6,9,0,0,1,0,0,1.28571428571429,0,35.4178242608241
2018,20,"434*A",1600,-1249,"Ivesia gordonii",7.5,12.5,-5,4,0,0,0,1,0,0,1.12213740458015,0,12.3925257245814
2019,20,"434*A",1600,-1249,"Ivesia gordonii",4,7.5,-3.5,3.5,0,0,0,1,0,0,0.5,0,74.4405753289089
2014,20,"435*A",1610,-1253,"Ivesia gordonii",12,NA,NA,6,3,0,NA,1,0,0,2.52336448598131,0,0
2015,20,"435*A",1610,-1253,"Ivesia gordonii",15,12,3,6,8,0,0,1,0,0,3.0530303030303,0,0.995802794228216
2016,20,"435*A",1610,-1253,"Ivesia gordonii",20,15,5,6,17,0,0,1,0,0,1.30188679245283,0,12.8308392253895
2017,20,"435*A",1610,-1253,"Ivesia gordonii",16,20,-4,6,33,0,0,1,0,0,1.28571428571429,0,10.8080393281549
2018,20,"435*A",1610,-1253,"Ivesia gordonii",16,16,0,6,4,0,0,1,0,0,1.12213740458015,0,1.36140508212028
2019,20,"435*A",1610,-1253,"Ivesia gordonii",21,16,5,7.5,16,0,0,1,0,0,0.5,0,1.35810034986403
2014,20,"436*A",1600,-1327,"Eriogonum umbellatum",46,NA,NA,2,89,0,NA,1,0,0,2.52336448598131,31.5309729867177,0
2015,20,"436*A",1600,-1327,"Eriogonum umbellatum",63,46,17,3,112,0,0,1,0,0,3.0530303030303,37.0206982195446,0
2016,20,"436*A",1600,-1327,"Eriogonum umbellatum",70,63,7,3,167,0,0,1,0,0,1.30188679245283,45.9635032371841,0
2017,20,"436*A",1600,-1327,"Eriogonum umbellatum",71,70,1,3,181,0,0,1,0,0,1.28571428571429,41.2481646440885,0
2018,20,"436*A",1600,-1327,"Eriogonum umbellatum",68,71,-3,2,140,0,0,1,0,0,1.12213740458015,38.9709671677636,0
2019,20,"436*A",1600,-1327,"Eriogonum umbellatum",69,68,1,5,198,0,0,1,0,0,0.5,48.9716648949963,0
2014,20,"437*A",1601,-1315,"Agoseris glauca",7,NA,NA,7,1,0,NA,1,0,0,2.52336448598131,288.116061946039,0
2015,20,"437*A",1601,-1315,"Agoseris glauca",8,7,1,7,0,0,0,1,0,0,3.0530303030303,285.572040515145,0
2016,20,"437*A",1601,-1315,"Agoseris glauca",13,8,5,10,1,0,0,1,0,0,1.30188679245283,221.101538396506,0
2017,20,"437*A",1601,-1315,"Agoseris glauca",4,13,-9,4,0,0,0,1,0,0,1.28571428571429,199.999999999975,0
2018,20,"437*A",1601,-1315,"Agoseris glauca",0,4,-4,0,0,0,0,0,0,1,1.12213740458015,0,0
2014,20,"439*A",1605,-1315,"Elymus lanceolatus",10,NA,NA,15,2,0,NA,1,0,0,2.52336448598131,168.306105909092,0
2015,20,"439*A",1605,-1315,"Elymus lanceolatus",10,10,0,15,2,0,0,0,1,0,3.0530303030303,181.775422722537,3.34168370479183
2014,6,"44*A",124,-547,"Eriogonum umbellatum",26,NA,NA,4,3,0,NA,1,0,0,2.52336448598131,50.7924188863075,0
2015,6,"44*A",124,-547,"Eriogonum umbellatum",28,26,2,7,7,0,0,1,0,0,3.0530303030303,103.900600382105,0
2016,6,"44*A",124,-547,"Eriogonum umbellatum",29,28,1,4,5,0,0,1,0,0,1.30188679245283,133.409069757588,0
2017,6,"44*A",124,-547,"Eriogonum umbellatum",28,29,-1,2,2,0,0,1,0,0,1.28571428571429,119.210205264929,0
2018,6,"44*A",124,-547,"Eriogonum umbellatum",26,28,-2,3,3,0,0,1,0,0,1.12213740458015,96.8658399856175,0
2019,6,"44*A",124,-547,"Eriogonum umbellatum",32,26,6,3,2,0,0,1,0,0,0.5,124.637888944398,0
2014,20,"440*A",1613,-1316,"Elymus lanceolatus",6,NA,NA,18,1,0,NA,1,0,0,2.52336448598131,99.9999999999913,0
2015,20,"440*A",1613,-1316,"Elymus lanceolatus",8,6,2,11,2,0,0,0,1,0,3.0530303030303,100.000000000007,4.82080119519754
2014,20,"441*A",1602,-1394,"Eriogonum umbellatum",0.5,NA,NA,0.5,0,1,1,1,0,0,2.52336448598131,99.9999999998909,0
2015,20,"441*A",1602,-1394,"Eriogonum umbellatum",0.8,0.5,0.3,0.2,0,0,0,1,0,0,3.0530303030303,100.000000000028,0
2016,20,"441*A",1602,-1394,"Eriogonum umbellatum",0.5,0.8,-0.3,0.5,0,0,0,1,0,0,1.30188679245283,99.9999999998909,0
2017,20,"441*A",1602,-1394,"Eriogonum umbellatum",0,0.5,-0.5,0,0,0,0,0,0,1,1.28571428571429,0,0
2014,20,"442*A",1600,-1327,"Achnatherum lettermanii",7,NA,NA,7,1,0,NA,1,0,0,2.52336448598131,134.519554909814,0
2015,20,"442*A",1600,-1327,"Achnatherum lettermanii",8,7,1,9,3,0,0,1,0,0,3.0530303030303,166.930292126123,0
2016,20,"442*A",1600,-1327,"Achnatherum lettermanii",17,8,9,19,12,0,0,1,0,0,1.30188679245283,209.217753689182,0
2017,20,"442*A",1600,-1327,"Achnatherum lettermanii",19,17,2,15,18,0,0,1,0,0,1.28571428571429,209.972299168971,0
2018,20,"442*A",1600,-1327,"Achnatherum lettermanii",6,19,-13,12,0,0,0,1,0,0,1.12213740458015,256.250000000013,0
2019,20,"442*A",1600,-1327,"Achnatherum lettermanii",14,6,8,11,3,0,0,1,0,0,0.5,286.224489795932,0
2014,20,"443*A",1600,-1315,"Pseudocymopterus montanus",10,NA,NA,3,6,0,NA,1,0,0,2.52336448598131,244.538521988584,0
2015,20,"443*A",1600,-1315,"Pseudocymopterus montanus",11,10,1,5,5,0,0,1,0,0,3.0530303030303,245.216012520839,0
2016,20,"443*A",1600,-1315,"Pseudocymopterus montanus",4,11,-7,2,2,0,0,1,0,0,1.30188679245283,299.999999999967,0
2017,20,"443*A",1600,-1315,"Pseudocymopterus montanus",0,4,-4,0,0,0,0,0,0,1,1.28571428571429,0,0
2014,21,"444*A",73,-1706,"Eriogonum umbellatum",32,NA,NA,4,16,0,NA,1,0,0,2.52336448598131,0.0976562500000028,0
2015,21,"444*A",73,-1706,"Eriogonum umbellatum",39,32,7,5,17,0,0,1,0,0,3.0530303030303,4.86522024983565,0.997795241529456
2016,21,"444*A",73,-1706,"Eriogonum umbellatum",43,39,4,6,28,0,0,1,0,0,1.30188679245283,4.48891292590593,0
2017,21,"444*A",73,-1706,"Eriogonum umbellatum",45,43,2,5,17,0,0,1,0,0,1.28571428571429,7.66666666666667,0
2018,21,"444*A",73,-1706,"Eriogonum umbellatum",30,45,-15,3,21,0,0,1,0,0,1.12213740458015,2.25000000000005,0
2019,21,"444*A",73,-1706,"Eriogonum umbellatum",31.5,30,1.5,4,7,0,0,1,0,0,0.5,0,0
2014,21,"445*A",65,-1715,"Heterotheca villosa",1,NA,NA,2,0,0,NA,1,0,0,2.52336448598131,100,0
2015,21,"445*A",65,-1715,"Heterotheca villosa",4,1,3,2,0,0,0,1,0,0,3.0530303030303,99.9999999999998,0
2016,21,"445*A",65,-1715,"Heterotheca villosa",5,4,1,4,0,0,0,1,0,0,1.30188679245283,99.9999999999998,0
2017,21,"445*A",65,-1715,"Heterotheca villosa",5,5,0,3,0,0,0,1,0,0,1.28571428571429,99.9999999999998,0
2018,21,"445*A",65,-1715,"Heterotheca villosa",0,5,-5,0,0,0,0,0,0,1,1.12213740458015,0,0
2014,21,"446*A",131,-1765,"Eriogonum umbellatum",20,NA,NA,2,3,0,NA,1,0,0,2.52336448598131,17.2152070372116,0
2015,21,"446*A",131,-1765,"Eriogonum umbellatum",23,20,3,2.5,4,0,0,1,0,0,3.0530303030303,58.7795576020743,0
2016,21,"446*A",131,-1765,"Eriogonum umbellatum",28,23,5,3,8,0,0,1,0,0,1.30188679245283,68.2817625654378,0
2017,21,"446*A",131,-1765,"Eriogonum umbellatum",29,28,1,2,8,0,0,1,0,0,1.28571428571429,0,0
2018,21,"446*A",131,-1765,"Eriogonum umbellatum",25,29,-4,2.5,5,0,0,1,0,0,1.12213740458015,0,0
2019,21,"446*A",131,-1765,"Eriogonum umbellatum",18,25,-7,2.5,1,0,0,1,0,0,0.5,0,0
2014,21,"447*A",140,-1760,"Elymus lanceolatus",7,NA,NA,18,0,0,NA,1,0,0,2.52336448598131,40.5323023445845,0
2015,21,"447*A",140,-1760,"Elymus lanceolatus",12,7,5,11,0,0,0,1,0,0,3.0530303030303,56.7031854423149,17.9111751017467
2016,21,"447*A",140,-1760,"Elymus lanceolatus",14,12,2,16,1,0,0,1,0,0,1.30188679245283,77.6992421763856,36.8463716454655
2017,21,"447*A",140,-1760,"Elymus lanceolatus",0,14,-14,0,0,0,0,0,0,1,1.28571428571429,0,0
2014,21,"448*A",135,-1770,"Elymus lanceolatus",7,NA,NA,13,0,0,NA,1,0,0,2.52336448598131,100,0
2015,21,"448*A",135,-1770,"Elymus lanceolatus",17,7,10,13,1,0,0,1,0,0,3.0530303030303,79.3395407190447,8.92459935865592
2016,21,"448*A",135,-1770,"Elymus lanceolatus",21,17,4,22,12,0,0,1,0,0,1.30188679245283,86.8568035934959,16.3761651757625
2017,21,"448*A",135,-1770,"Elymus lanceolatus",0,21,-21,0,0,0,0,0,0,1,1.28571428571429,0,0
2014,21,"449*A",180,-1640,"Ivesia gordonii",2,NA,NA,2,0,0,NA,1,0,0,2.52336448598131,0,0
2015,21,"449*A",180,-1640,"Ivesia gordonii",5,2,3,3,0,0,0,1,0,0,3.0530303030303,0,0
2016,21,"449*A",180,-1640,"Ivesia gordonii",8,5,3,4,2,0,0,1,0,0,1.30188679245283,0,0
2017,21,"449*A",180,-1640,"Ivesia gordonii",7.9,8,-0.1,3,3,0,0,1,0,0,1.28571428571429,0,0
2018,21,"449*A",180,-1640,"Ivesia gordonii",0,7.9,-7.9,0,0,0,0,0,0,1,1.12213740458015,0,0
2014,6,"45*A",116,-545,"Elymus lanceolatus",11,NA,NA,8,0,0,NA,1,0,0,2.52336448598131,96.1008841168896,44.2590715397996
2015,6,"45*A",116,-545,"Elymus lanceolatus",23,11,12,11,0,0,0,1,0,0,3.0530303030303,71.8030149987759,59.6497886093917
2016,6,"45*A",116,-545,"Elymus lanceolatus",20,23,-3,17,6,0,0,1,0,0,1.30188679245283,81.5710044630494,98.174610784445
2017,6,"45*A",116,-545,"Elymus lanceolatus",24,20,4,18,2,0,0,1,0,0,1.28571428571429,69.8766184054215,69.828267560811
2018,6,"45*A",116,-545,"Elymus lanceolatus",17.5,24,-6.5,18,8,0,0,1,0,0,1.12213740458015,76.6553226027768,77.2952294288805
2019,6,"45*A",116,-545,"Elymus lanceolatus",21,17.5,3.5,24.5,9,0,0,1,0,0,0.5,88.6736899761537,102.99009936591
2014,21,"450*A",175,-1640,"Eriogonum umbellatum",0.5,NA,NA,0.5,0,1,1,1,0,0,2.52336448598131,0,0
2015,21,"450*A",175,-1640,"Eriogonum umbellatum",0.5,0.5,0,0.5,0,0,0,1,0,0,3.0530303030303,0,0
2016,21,"450*A",175,-1640,"Eriogonum umbellatum",0,0.5,-0.5,0,0,0,0,0,0,1,1.30188679245283,0,0
2014,21,"451*A",150,-1690,"Indet indet",0.5,NA,NA,0.5,0,1,1,1,0,0,2.52336448598131,0,0
2015,21,"451*A",150,-1690,"Indet indet",0,0.5,-0.5,0,0,0,0,0,0,1,3.0530303030303,0,0
2014,21,"452*A",165,-1640,"Eriogonum umbellatum",0.5,NA,NA,0.5,0,1,1,1,0,0,2.52336448598131,0,0
2015,21,"452*A",165,-1640,"Eriogonum umbellatum",0,0.5,-0.5,0,0,0,0,0,0,1,3.0530303030303,0,0
2014,21,"453*A",135,-1670,"Eriogonum umbellatum",0.5,NA,NA,0.5,0,1,1,1,0,0,2.52336448598131,0,0
2015,21,"453*A",135,-1670,"Eriogonum umbellatum",0.8,0.5,0.3,0.4,0,0,0,1,0,0,3.0530303030303,0,0
2016,21,"453*A",135,-1670,"Eriogonum umbellatum",0,0.8,-0.8,0,0,0,0,0,0,1,1.30188679245283,0,0
2014,21,"454*A",130,-1625,"Eriogonum umbellatum",0.5,NA,NA,0.5,0,1,1,1,0,0,2.52336448598131,0,0
2015,21,"454*A",130,-1625,"Eriogonum umbellatum",0,0.5,-0.5,0,0,0,0,0,0,1,3.0530303030303,0,0
2014,21,"455*A",90,-1670,"Eriogonum umbellatum",0.5,NA,NA,0.5,0,1,1,1,0,0,2.52336448598131,0,0
2015,21,"455*A",90,-1670,"Eriogonum umbellatum",1,0.5,0.5,0.5,0,0,0,1,0,0,3.0530303030303,0,0
2016,21,"455*A",90,-1670,"Eriogonum umbellatum",0,1,-1,0,0,0,0,0,0,1,1.30188679245283,0,0
2014,21,"456*A",105,-1620,"Eriogonum umbellatum",0.5,NA,NA,1,0,1,1,1,0,0,2.52336448598131,0,0
2015,21,"456*A",105,-1620,"Eriogonum umbellatum",2,0.5,1.5,0.5,0,0,0,1,0,0,3.0530303030303,0,0
2016,21,"456*A",105,-1620,"Eriogonum umbellatum",0,2,-2,0,0,0,0,0,0,1,1.30188679245283,0,0
2014,21,"457*A",160,-1620,"Eriogonum umbellatum",0.5,NA,NA,0.5,0,1,1,1,0,0,2.52336448598131,0,0
2015,21,"457*A",160,-1620,"Eriogonum umbellatum",0,0.5,-0.5,0,0,0,0,0,0,1,3.0530303030303,0,0
2014,21,"458*A",141,-1603,"Eriogonum umbellatum",43,NA,NA,2,33,0,NA,1,0,0,2.52336448598131,0,1.6534255895014
2015,21,"458*A",141,-1603,"Eriogonum umbellatum",49,43,6,2,64,0,0,1,0,0,3.0530303030303,0.648553741362113,1.76550740704129
2016,21,"458*A",141,-1603,"Eriogonum umbellatum",52,49,3,2,73,0,0,1,0,0,1.30188679245283,4.14322654169349,2.61168365663171
2017,21,"458*A",141,-1603,"Eriogonum umbellatum",55,52,3,2,48,0,0,1,0,0,1.28571428571429,2.45248797311802,0
2018,21,"458*A",141,-1603,"Eriogonum umbellatum",28,55,-27,1.5,0,0,0,1,0,0,1.12213740458015,4.66948506178849,0
2019,21,"458*A",141,-1603,"Eriogonum umbellatum",21,28,-7,2,0,0,0,1,0,0,0.5,1.98189060139449,0
2014,21,"459*A",140,-1600,"Eriogonum umbellatum",6,NA,NA,2,0,0,NA,1,0,0,2.52336448598131,0,100
2015,21,"459*A",140,-1600,"Eriogonum umbellatum",7,6,1,2,0,0,0,1,0,0,3.0530303030303,0,100.000000000001
2016,21,"459*A",140,-1600,"Eriogonum umbellatum",9,7,2,3,0,0,0,1,0,0,1.30188679245283,0,100
2017,21,"459*A",140,-1600,"Eriogonum umbellatum",0,9,-9,0,0,0,0,0,0,1,1.28571428571429,0,0
2014,6,"46*A",124,-550,"Elymus lanceolatus",4,NA,NA,20,0,0,NA,1,0,0,2.52336448598131,100,0
2015,6,"46*A",124,-550,"Elymus lanceolatus",14,4,10,14,0,0,0,1,0,0,3.0530303030303,100.510204081632,74.8162692005416
2016,6,"46*A",124,-550,"Elymus lanceolatus",22,14,8,24,6,0,0,1,0,0,1.30188679245283,100,68.2252620084351
2017,6,"46*A",124,-550,"Elymus lanceolatus",16,22,-6,21,1,0,0,1,0,0,1.28571428571429,100,84.6670686734119
2018,6,"46*A",124,-550,"Elymus lanceolatus",9,16,-7,26,11,0,0,1,0,0,1.12213740458015,99.9999999999997,76.1242439677014
2019,6,"46*A",124,-550,"Elymus lanceolatus",21,9,12,20,5,0,0,1,0,0,0.5,100,80.815678996317
2014,21,"461*A",40,-1640,"Heterotheca villosa",4,NA,NA,3,0,0,NA,1,0,0,2.52336448598131,100,0
2015,21,"461*A",40,-1640,"Heterotheca villosa",9,4,5,4,0,0,0,1,0,0,3.0530303030303,100,0
2016,21,"461*A",40,-1640,"Heterotheca villosa",9,9,0,5,0,0,0,1,0,0,1.30188679245283,100,0
2017,21,"461*A",40,-1640,"Heterotheca villosa",0,9,-9,0,0,0,0,0,0,1,1.28571428571429,0,0
2014,21,"462*A",30,-1660,"Heterotheca villosa",9,NA,NA,5,0,0,NA,1,0,0,2.52336448598131,109.381936086828,0
2015,21,"462*A",30,-1660,"Heterotheca villosa",5,9,-4,4,0,0,0,1,0,0,3.0530303030303,200,0
2016,21,"462*A",30,-1660,"Heterotheca villosa",12,5,7,7,3,0,0,1,0,0,1.30188679245283,192.965926852256,0
2017,21,"462*A",30,-1660,"Heterotheca villosa",9,12,-3,7,1,0,0,1,0,0,1.28571428571429,195.533676840914,0
2018,21,"462*A",30,-1660,"Heterotheca villosa",0,9,-9,0,0,0,0,0,0,1,1.12213740458015,0,0
2014,21,"463*A",20,-1645,"Achnatherum lettermanii",8,NA,NA,12,13,0,NA,1,0,0,2.52336448598131,100,0
2015,21,"463*A",20,-1645,"Achnatherum lettermanii",18,8,10,11,18,0,0,1,0,0,3.0530303030303,100.151234567901,0.0901011295753613
2016,21,"463*A",20,-1645,"Achnatherum lettermanii",23,18,5,22,40,0,0,1,0,0,1.30188679245283,100,8.71880153223679
2017,21,"463*A",20,-1645,"Achnatherum lettermanii",21,23,-2,12,22,0,0,1,0,0,1.28571428571429,100,3.76278961858907
2018,21,"463*A",20,-1645,"Achnatherum lettermanii",11,21,-10,5,0,0,0,1,0,0,1.12213740458015,86.2768621284209,0
2019,21,"463*A",20,-1645,"Achnatherum lettermanii",0,11,-11,0,0,0,0,0,0,1,0.5,0,0
2014,21,"464*A",34,-1656,"Achnatherum lettermanii",6,NA,NA,12,10,0,NA,1,0,0,2.52336448598131,121.109356195364,0
2015,21,"464*A",34,-1656,"Achnatherum lettermanii",18,6,12,14,19,0,0,1,0,0,3.0530303030303,107.716049382716,0.0901011295753608
2016,21,"464*A",34,-1656,"Achnatherum lettermanii",21,18,3,20,63,0,0,1,0,0,1.30188679245283,130.356221012982,10.4586077336809
2017,21,"464*A",34,-1656,"Achnatherum lettermanii",19,21,-2,9,29,0,0,1,0,0,1.28571428571429,121.43553413882,4.59664881384425
2018,21,"464*A",34,-1656,"Achnatherum lettermanii",2,19,-17,2,0,0,0,1,0,0,1.12213740458015,100,0
2019,21,"464*A",34,-1656,"Achnatherum lettermanii",0,2,-2,0,0,0,0,0,0,1,0.5,0,0
2014,21,"465*A",35,-1672,"Achnatherum lettermanii",3,NA,NA,5,0,0,NA,1,0,0,2.52336448598131,100,0
2015,21,"465*A",35,-1672,"Achnatherum lettermanii",6,3,3,7,2,0,0,1,0,0,3.0530303030303,100,0
2016,21,"465*A",35,-1672,"Achnatherum lettermanii",9,6,3,16,24,0,0,1,0,0,1.30188679245283,100,0
2017,21,"465*A",35,-1672,"Achnatherum lettermanii",0,9,-9,0,0,0,0,0,0,1,1.28571428571429,0,0
2014,22,"466*A",463,-1800,"Eriogonum umbellatum",51,NA,NA,4,34,0,NA,1,0,0,2.52336448598131,0,0
2015,22,"466*A",463,-1800,"Eriogonum umbellatum",54,51,3,2,66,0,0,1,0,0,3.0530303030303,0,0
2016,22,"466*A",463,-1800,"Eriogonum umbellatum",55,54,1,3,38,0,0,1,0,0,1.30188679245283,0,0
2017,22,"466*A",463,-1800,"Eriogonum umbellatum",55,55,0,2,64,0,0,1,0,0,1.28571428571429,0,0
2018,22,"466*A",463,-1800,"Eriogonum umbellatum",52,55,-3,3,36,0,0,1,0,0,1.12213740458015,0,0
2019,22,"466*A",463,-1800,"Eriogonum umbellatum",52,52,0,3.5,68,0,0,1,0,0,0.5,0,0
2014,22,"467*A",449,-1764,"Eriogonum umbellatum",6,NA,NA,1,0,0,NA,1,0,0,2.52336448598131,0,0
2015,22,"467*A",449,-1764,"Eriogonum umbellatum",5.5,6,-0.5,1.5,0,0,0,1,0,0,3.0530303030303,0,0
2016,22,"467*A",449,-1764,"Eriogonum umbellatum",8,5.5,2.5,2,0,0,0,1,0,0,1.30188679245283,0,0
2017,22,"467*A",449,-1764,"Eriogonum umbellatum",11.5,8,3.5,2,0,0,0,1,0,0,1.28571428571429,0,0
2018,22,"467*A",449,-1764,"Eriogonum umbellatum",13.5,11.5,2,2.5,2,0,0,1,0,0,1.12213740458015,0,0
2019,22,"467*A",449,-1764,"Eriogonum umbellatum",14.5,13.5,1,2.5,4,0,0,1,0,0,0.5,0,0
2014,22,"468*A",527,-1754,"Eriogonum umbellatum",90,NA,NA,3,114,0,NA,1,0,0,2.52336448598131,15.1851851851851,0
2015,22,"468*A",527,-1754,"Eriogonum umbellatum",86,90,-4,2.5,172,0,0,1,0,0,3.0530303030303,9.0623309897242,0
2016,22,"468*A",527,-1754,"Eriogonum umbellatum",93,86,7,3,167,0,0,1,0,0,1.30188679245283,12.2177985629832,0.00289178664212609
2017,22,"468*A",527,-1754,"Eriogonum umbellatum",92,93,-1,3,160,0,0,1,0,0,1.28571428571429,18.53095463138,0
2018,22,"468*A",527,-1754,"Eriogonum umbellatum",92,92,0,2.5,196,0,0,1,0,0,1.12213740458015,6.01961247637049,0
2019,22,"468*A",527,-1754,"Eriogonum umbellatum",98,92,6,4.5,223,0,0,1,0,0,0.5,8.37607412435608,0
2014,22,"469*A",520,-1745,"Heterotheca villosa",30,NA,NA,6,48,0,NA,1,0,0,2.52336448598131,128.444444444444,0
2015,22,"469*A",520,-1745,"Heterotheca villosa",23,30,-7,4,7,0,0,1,0,0,3.0530303030303,107.986767485822,0
2016,22,"469*A",520,-1745,"Heterotheca villosa",28,23,5,7,34,0,0,1,0,0,1.30188679245283,112.755102040817,0
2017,22,"469*A",520,-1745,"Heterotheca villosa",23,28,-5,8,12,0,0,1,0,0,1.28571428571429,170.215831194811,0
2018,22,"469*A",520,-1745,"Heterotheca villosa",0,23,-23,0,0,0,0,0,0,1,1.12213740458015,0,0
2014,6,"47*A",70,-510,"Ivesia gordonii",13,NA,NA,4,12,0,NA,1,0,0,2.52336448598131,0,2.59584940774839
2015,6,"47*A",70,-510,"Ivesia gordonii",17,13,4,5,14,0,0,1,0,0,3.0530303030303,0,9.89973531352952
2016,6,"47*A",70,-510,"Ivesia gordonii",19,17,2,5,15,0,0,1,0,0,1.30188679245283,0,18.3489381653405
2017,6,"47*A",70,-510,"Ivesia gordonii",0,19,-19,0,0,0,0,0,0,1,1.28571428571429,0,0
2014,22,"471*A",425,-1630,"Ivesia gordonii",2,NA,NA,1,0,0,NA,1,0,0,2.52336448598131,0,0
2015,22,"471*A",425,-1630,"Ivesia gordonii",3,2,1,3,0,0,0,1,0,0,3.0530303030303,0,0
2016,22,"471*A",425,-1630,"Ivesia gordonii",8,3,5,5,0,0,0,1,0,0,1.30188679245283,0,0
2017,22,"471*A",425,-1630,"Ivesia gordonii",1,8,-7,1,0,0,0,1,0,0,1.28571428571429,0,0
2018,22,"471*A",425,-1630,"Ivesia gordonii",0,1,-1,0,0,0,0,0,0,1,1.12213740458015,0,0
2014,22,"472*A",408,-1747,"Eriogonum umbellatum",33,NA,NA,2,71,0,NA,1,0,0,2.52336448598131,8.41270548822618,0
2015,22,"472*A",408,-1747,"Eriogonum umbellatum",45,33,12,2.5,97,0,0,1,0,0,3.0530303030303,1.265294844398,0
2016,22,"472*A",408,-1747,"Eriogonum umbellatum",47,45,2,3,96,0,0,1,0,0,1.30188679245283,50.3987118909268,0
2017,22,"472*A",408,-1747,"Eriogonum umbellatum",53,47,6,3,81,0,0,1,0,0,1.28571428571429,42.6808970149062,0
2018,22,"472*A",408,-1747,"Eriogonum umbellatum",53,53,0,2.5,48,0,0,1,0,0,1.12213740458015,18.0829737654097,0
2019,22,"472*A",408,-1747,"Eriogonum umbellatum",54,53,1,3.5,119,0,0,1,0,0,0.5,34.6701028434166,0
2014,22,"473*A",409,-1737,"Elymus lanceolatus",8,NA,NA,9,0,0,NA,1,0,0,2.52336448598131,100.000000000001,8.75753357501974
2015,22,"473*A",409,-1737,"Elymus lanceolatus",3.5,8,-4.5,14,0,0,0,1,0,0,3.0530303030303,100.000000000003,0
2016,22,"473*A",409,-1737,"Elymus lanceolatus",28,3.5,24.5,8,0,0,0,1,0,0,1.30188679245283,101.719191420588,11.7429623329307
2017,22,"473*A",409,-1737,"Elymus lanceolatus",9,28,-19,10,1,0,0,1,0,0,1.28571428571429,99.9999999999983,99.9999999999983
2018,22,"473*A",409,-1737,"Elymus lanceolatus",12.5,9,3.5,17.5,9,0,0,1,0,0,1.12213740458015,100,37.6797509322388
2019,22,"473*A",409,-1737,"Elymus lanceolatus",8.5,12.5,-4,12.5,0,0,0,1,0,0,0.5,100.000000000001,100.000000000001
2014,22,"474*A",407,-1734,"Elymus lanceolatus",3,NA,NA,9,0,0,NA,1,0,0,2.52336448598131,100.000000000002,62.2757943112503
2015,22,"474*A",407,-1734,"Elymus lanceolatus",2.5,3,-0.5,9.5,0,0,0,1,0,0,3.0530303030303,99.9999999999988,0
2016,22,"474*A",407,-1734,"Elymus lanceolatus",9,2.5,6.5,12,0,0,0,1,0,0,1.30188679245283,99.9999999999987,99.9999999999987
2017,22,"474*A",407,-1734,"Elymus lanceolatus",29,9,20,18,0,0,0,1,0,0,1.28571428571429,98.2000286739911,12.1050046799324
2018,22,"474*A",407,-1734,"Elymus lanceolatus",8.5,29,-20.5,16,1,0,0,1,0,0,1.12213740458015,100.000000000001,81.4873506320057
2019,22,"474*A",407,-1734,"Elymus lanceolatus",22,8.5,13.5,21.5,1,0,0,1,0,0,0.5,100.000000000001,17.0282918077456
2014,23,"475*A",812,-1769,"Eriogonum umbellatum",4,NA,NA,1,0,0,NA,1,0,0,2.52336448598131,0,0
2015,23,"475*A",812,-1769,"Eriogonum umbellatum",7,4,3,1,0,0,0,1,0,0,3.0530303030303,0,0
2016,23,"475*A",812,-1769,"Eriogonum umbellatum",10,7,3,2,0,0,0,1,0,0,1.30188679245283,0,0
2017,23,"475*A",812,-1769,"Eriogonum umbellatum",11,10,1,2,0,0,0,1,0,0,1.28571428571429,0,0
2018,23,"475*A",812,-1769,"Eriogonum umbellatum",12,11,1,1.5,1,0,0,1,0,0,1.12213740458015,0,0
2019,23,"475*A",812,-1769,"Eriogonum umbellatum",13,12,1,2.5,6,0,0,1,0,0,0.5,0,0
2014,23,"476*A",872,-1770,"Heterotheca villosa",21,NA,NA,4,13,0,NA,1,0,0,2.52336448598131,0,0
2015,23,"476*A",872,-1770,"Heterotheca villosa",18.5,21,-2.5,8,13,0,0,1,0,0,3.0530303030303,0,0
2016,23,"476*A",872,-1770,"Heterotheca villosa",26,18.5,7.5,8,17,0,0,1,0,0,1.30188679245283,0,0
2017,23,"476*A",872,-1770,"Heterotheca villosa",23,26,-3,7,16,0,0,1,0,0,1.28571428571429,0,0
2018,23,"476*A",872,-1770,"Heterotheca villosa",0,23,-23,0,0,0,0,0,0,1,1.12213740458015,0,0
2014,23,"477*A",896,-1797,"Ivesia gordonii",13,NA,NA,3,2,0,NA,1,0,0,2.52336448598131,0,0
2015,23,"477*A",896,-1797,"Ivesia gordonii",14,13,1,3,6,0,0,1,0,0,3.0530303030303,0,0
2016,23,"477*A",896,-1797,"Ivesia gordonii",14,14,0,4,11,0,0,1,0,0,1.30188679245283,0,0
2017,23,"477*A",896,-1797,"Ivesia gordonii",11,14,-3,5,2,0,0,1,0,0,1.28571428571429,0,0
2018,23,"477*A",896,-1797,"Ivesia gordonii",10.5,11,-0.5,3,13,0,0,1,0,0,1.12213740458015,18.8741815537767,0
2019,23,"477*A",896,-1797,"Ivesia gordonii",8.5,10.5,-2,8.5,7,0,0,1,0,0,0.5,56.4967794943319,0
2014,23,"478*A",875,-1728,"Eriogonum umbellatum",7,NA,NA,2,0,0,NA,1,0,0,2.52336448598131,0,0
2015,23,"478*A",875,-1728,"Eriogonum umbellatum",8,7,1,2,0,0,0,1,0,0,3.0530303030303,0,0
2016,23,"478*A",875,-1728,"Eriogonum umbellatum",11.5,8,3.5,5,2,0,0,1,0,0,1.30188679245283,0,0
2017,23,"478*A",875,-1728,"Eriogonum umbellatum",13,11.5,1.5,4,1,0,0,1,0,0,1.28571428571429,0,0
2018,23,"478*A",875,-1728,"Eriogonum umbellatum",13,13,0,2,2,0,0,1,0,0,1.12213740458015,0,0
2019,23,"478*A",875,-1728,"Eriogonum umbellatum",13,13,0,4.5,6,0,0,1,0,0,0.5,0,0
2014,23,"479*A",913,-1767,"Ivesia gordonii",4,NA,NA,2,0,0,NA,1,0,0,2.52336448598131,0,0
2015,23,"479*A",913,-1767,"Ivesia gordonii",6,4,2,4,0,0,0,1,0,0,3.0530303030303,0,0
2016,23,"479*A",913,-1767,"Ivesia gordonii",12,6,6,6,4,0,0,1,0,0,1.30188679245283,0,0
2017,23,"479*A",913,-1767,"Ivesia gordonii",12,12,0,7,5,0,0,1,0,0,1.28571428571429,0,0
2018,23,"479*A",913,-1767,"Ivesia gordonii",14,12,2,6.5,5,0,0,1,0,0,1.12213740458015,0,0
2019,23,"479*A",913,-1767,"Ivesia gordonii",32,14,18,11,4,0,0,1,0,0,0.5,0,0
2014,6,"48*A",70,-495,"Ivesia gordonii",19,NA,NA,8,30,0,NA,1,0,0,2.52336448598131,0,1.21523144019246
2015,6,"48*A",70,-495,"Ivesia gordonii",19.5,19,0.5,3,13,0,0,1,0,0,3.0530303030303,0,7.52405918635114
2016,6,"48*A",70,-495,"Ivesia gordonii",22,19.5,2.5,7,24,0,0,1,0,0,1.30188679245283,0,13.6858815654709
2017,6,"48*A",70,-495,"Ivesia gordonii",0,22,-22,0,0,0,0,0,0,1,1.28571428571429,0,0
2014,23,"480*A",905,-1730,"Ivesia gordonii",22,NA,NA,4,3,0,NA,1,0,0,2.52336448598131,0,0
2015,23,"480*A",905,-1730,"Ivesia gordonii",19,22,-3,5,35,0,0,1,0,0,3.0530303030303,0,0
2016,23,"480*A",905,-1730,"Ivesia gordonii",30,19,11,9,88,0,0,1,0,0,1.30188679245283,0,0
2017,23,"480*A",905,-1730,"Ivesia gordonii",18,30,-12,10,19,0,0,1,0,0,1.28571428571429,0,0
2018,23,"480*A",905,-1730,"Ivesia gordonii",0,18,-18,0,0,0,0,0,0,1,1.12213740458015,0,0
2014,23,"481*A",992,-1747,"Eriogonum umbellatum",50,NA,NA,3,76,0,NA,1,0,0,2.52336448598131,34.2187971214823,0
2015,23,"481*A",992,-1747,"Eriogonum umbellatum",49,50,-1,4,116,0,0,1,0,0,3.0530303030303,20.21374245449,0
2016,23,"481*A",992,-1747,"Eriogonum umbellatum",49,49,0,3,87,0,0,1,0,0,1.30188679245283,62.9956700801956,0
2017,23,"481*A",992,-1747,"Eriogonum umbellatum",52,49,3,2,75,0,0,1,0,0,1.28571428571429,100.546908443628,0
2018,23,"481*A",992,-1747,"Eriogonum umbellatum",48,52,-4,3.5,41,0,0,1,0,0,1.12213740458015,70.9169473624796,0
2019,23,"481*A",992,-1747,"Eriogonum umbellatum",47,48,-1,11,94,0,0,1,0,0,0.5,58.9698019245573,0
2014,23,"482*A",981,-1747,"Elymus lanceolatus",6,NA,NA,4,0,0,NA,1,0,0,2.52336448598131,143.306185454048,0
2015,23,"482*A",981,-1747,"Elymus lanceolatus",6,6,0,17,1,0,0,1,0,0,3.0530303030303,154.278927700625,11.841327312007
2016,23,"482*A",981,-1747,"Elymus lanceolatus",12,6,6,20,3,0,0,1,0,0,1.30188679245283,154.494235765338,72.8639008613676
2017,23,"482*A",981,-1747,"Elymus lanceolatus",29,12,17,16,4,0,0,1,0,0,1.28571428571429,134.363852556482,57.8845791665343
2018,23,"482*A",981,-1747,"Elymus lanceolatus",22,29,-7,21,13,0,0,1,0,0,1.12213740458015,100.000000000001,58.8687444928454
2019,23,"482*A",981,-1747,"Elymus lanceolatus",20.5,22,-1.5,20,1,0,0,1,0,0,0.5,100.000000000001,31.541365500629
2014,23,"483*A",985,-1750,"Agoseris glauca",10,NA,NA,8,0,0,NA,1,0,0,2.52336448598131,115.590226763458,0
2015,23,"483*A",985,-1750,"Agoseris glauca",11,10,1,6,0,0,0,1,0,0,3.0530303030303,118.367838615393,0
2016,23,"483*A",985,-1750,"Agoseris glauca",13,11,2,8,0,0,0,1,0,0,1.30188679245283,203.989703279599,0
2017,23,"483*A",985,-1750,"Agoseris glauca",17,13,4,10,1,0,0,1,0,0,1.28571428571429,261.23716048372,0
2018,23,"483*A",985,-1750,"Agoseris glauca",0,17,-17,0,0,0,0,0,0,1,1.12213740458015,0,0
2014,23,"484*A",994,-1740,"Elymus lanceolatus",10,NA,NA,25,2,0,NA,1,0,0,2.52336448598131,101.906935360219,0
2015,23,"484*A",994,-1740,"Elymus lanceolatus",8,10,-2,19.5,3,0,0,1,0,0,3.0530303030303,100.000000000002,0
2016,23,"484*A",994,-1740,"Elymus lanceolatus",24,8,16,24,10,0,0,1,0,0,1.30188679245283,111.166746956256,36.3689017478478
2017,23,"484*A",994,-1740,"Elymus lanceolatus",26,24,2,22,1,0,0,1,0,0,1.28571428571429,121.572485327722,75.2924037685615
2018,23,"484*A",994,-1740,"Elymus lanceolatus",24,26,-2,15,3,0,0,1,0,0,1.12213740458015,100,50.9384684785638
2019,23,"484*A",994,-1740,"Elymus lanceolatus",25,24,1,22.5,3,0,0,1,0,0,0.5,100,26.6058351177382
2014,23,"485*A",990,-1720,"Lupinus argenteus",32,NA,NA,17,11,0,NA,1,0,0,2.52336448598131,36.9252813331428,0
2015,23,"485*A",990,-1720,"Lupinus argenteus",0,32,-32,0,0,0,0,0,0,1,3.0530303030303,0,0
2014,23,"486*A",980,-1690,"Lupinus argenteus",16,NA,NA,7,1,0,NA,1,0,0,2.52336448598131,0,13.5697856235811
2015,23,"486*A",980,-1690,"Lupinus argenteus",2,16,-14,2.5,0,0,0,1,0,0,3.0530303030303,0,1.70923384452123
2016,23,"486*A",980,-1690,"Lupinus argenteus",0,2,-2,0,0,0,0,0,0,1,1.30188679245283,0,0
2014,23,"487*A",985,-1688,"Lupinus argenteus",6,NA,NA,3,0,0,NA,1,0,0,2.52336448598131,0,96.4962533232457
2015,23,"487*A",985,-1688,"Lupinus argenteus",9,6,3,5,0,0,0,1,0,0,3.0530303030303,0,0.0844066096061375
2016,23,"487*A",985,-1688,"Lupinus argenteus",0,9,-9,0,0,0,0,0,0,1,1.30188679245283,0,0
2014,23,"488*A",990,-1665,"Heterotheca villosa",23,NA,NA,2,2,0,NA,1,0,0,2.52336448598131,0,0
2015,23,"488*A",990,-1665,"Heterotheca villosa",26,23,3,3,2,0,0,1,0,0,3.0530303030303,0,0
2016,23,"488*A",990,-1665,"Heterotheca villosa",27,26,1,5,0,0,0,1,0,0,1.30188679245283,0,0
2017,23,"488*A",990,-1665,"Heterotheca villosa",26,27,-1,7,3,0,0,1,0,0,1.28571428571429,0,0
2018,23,"488*A",990,-1665,"Heterotheca villosa",0,26,-26,0,0,0,0,0,0,1,1.12213740458015,0,0
2014,23,"489*A",911,-1643,"Ivesia gordonii",5,NA,NA,3,2,0,NA,1,0,0,2.52336448598131,0,0
2015,23,"489*A",911,-1643,"Ivesia gordonii",6,5,1,3,0,0,0,1,0,0,3.0530303030303,0,0
2016,23,"489*A",911,-1643,"Ivesia gordonii",9,6,3,6,2,0,0,1,0,0,1.30188679245283,0,0
2017,23,"489*A",911,-1643,"Ivesia gordonii",10.5,9,1.5,4,6,0,0,1,0,0,1.28571428571429,0,0
2018,23,"489*A",911,-1643,"Ivesia gordonii",17,10.5,6.5,5.5,9,0,0,1,0,0,1.12213740458015,0,0
2019,23,"489*A",911,-1643,"Ivesia gordonii",16,17,-1,3.5,7,0,0,1,0,0,0.5,0,0
2014,6,"49*A",149,-434,"Ivesia gordonii",5,NA,NA,4,2,0,NA,1,0,0,2.52336448598131,0,0
2015,6,"49*A",149,-434,"Ivesia gordonii",8.5,5,3.5,4,0,0,0,1,0,0,3.0530303030303,0,0
2016,6,"49*A",149,-434,"Ivesia gordonii",9,8.5,0.5,6,6,0,0,1,0,0,1.30188679245283,0,0
2017,6,"49*A",149,-434,"Ivesia gordonii",9,9,0,5,0,0,0,1,0,0,1.28571428571429,0,0
2018,6,"49*A",149,-434,"Ivesia gordonii",15.5,9,6.5,6,11,0,0,1,0,0,1.12213740458015,0,0
2019,6,"49*A",149,-434,"Ivesia gordonii",18,15.5,2.5,7,2,0,0,1,0,0,0.5,0,0
2014,23,"490*A",983,-1740,"Elymus lanceolatus",6,NA,NA,18,3,0,NA,1,0,0,2.52336448598131,100.000000000001,0
2015,23,"490*A",983,-1740,"Elymus lanceolatus",11,6,5,14,0,0,0,1,0,0,3.0530303030303,102.218736159006,3.52303953084491
2016,23,"490*A",983,-1740,"Elymus lanceolatus",17,11,6,20,7,0,0,1,0,0,1.30188679245283,115.735498544391,76.5144149775493
2017,23,"490*A",983,-1740,"Elymus lanceolatus",15,17,-2,21,2,0,0,1,0,0,1.28571428571429,127.86054770515,159.575875165474
2018,23,"490*A",983,-1740,"Elymus lanceolatus",14.5,15,-0.5,20,5,0,0,1,0,0,1.12213740458015,99.9999999999986,126.707138826008
2019,23,"490*A",983,-1740,"Elymus lanceolatus",3.5,14.5,-11,19,1,0,0,1,0,0,0.5,99.9999999999944,195.926800129081
2014,24,"491*A",1200,-1772,"Eriogonum umbellatum",4,NA,NA,1,0,0,NA,1,0,0,2.52336448598131,0,0
2015,24,"491*A",1200,-1772,"Eriogonum umbellatum",4,4,0,1,0,0,0,1,0,0,3.0530303030303,0,0
2016,24,"491*A",1200,-1772,"Eriogonum umbellatum",3.5,4,-0.5,1.5,0,0,0,1,0,0,1.30188679245283,0,0
2017,24,"491*A",1200,-1772,"Eriogonum umbellatum",0,3.5,-3.5,0,0,0,0,0,0,1,1.28571428571429,0,0
2014,24,"492*A",1319,-1798,"Eriogonum umbellatum",49,NA,NA,3,48,0,NA,1,0,0,2.52336448598131,20.0306718319264,0
2015,24,"492*A",1319,-1798,"Eriogonum umbellatum",50,49,1,4,59,0,0,1,0,0,3.0530303030303,37.1681815246775,0
2016,24,"492*A",1319,-1798,"Eriogonum umbellatum",48,50,-2,4,48,0,0,1,0,0,1.30188679245283,78.6157652896463,0
2017,24,"492*A",1319,-1798,"Eriogonum umbellatum",50,48,2,4,58,0,0,1,0,0,1.28571428571429,61.0153448661943,0
2018,24,"492*A",1319,-1798,"Eriogonum umbellatum",45,50,-5,3,30,0,0,1,0,0,1.12213740458015,73.5905530163168,0
2019,24,"492*A",1319,-1798,"Eriogonum umbellatum",47.5,45,2.5,6.5,61,0,0,1,0,0,0.5,91.4749363054028,0
2014,24,"493*A",1317,-1800,"Elymus lanceolatus",13,NA,NA,14,0,0,NA,1,0,0,2.52336448598131,99.9999999999979,0.0290266913075905
2015,24,"493*A",1317,-1800,"Elymus lanceolatus",14,13,1,13,0,0,0,1,0,0,3.0530303030303,100.000000000002,1.50311021789652
2016,24,"493*A",1317,-1800,"Elymus lanceolatus",22,14,8,14,7,0,0,1,0,0,1.30188679245283,99.9999999999992,86.8796494182429
2017,24,"493*A",1317,-1800,"Elymus lanceolatus",41,22,19,22,9,0,0,1,0,0,1.28571428571429,99.9999999999992,0
2018,24,"493*A",1317,-1800,"Elymus lanceolatus",38,41,-3,25,10,0,0,1,0,0,1.12213740458015,99.9999999999998,9.64885587424569
2019,24,"493*A",1317,-1800,"Elymus lanceolatus",46.5,38,8.5,29,13,0,0,1,0,0,0.5,98.6481218639651,7.05283847843676
2014,24,"494*A",1319,-1786.75,"Elymus lanceolatus",8,NA,NA,18,2,0,NA,1,0,0,2.52336448598131,99.9999999999997,50.284368988206
2015,24,"494*A",1319,-1786.75,"Elymus lanceolatus",9,8,1,14,0,0,0,1,0,0,3.0530303030303,100,128.685024622442
2016,24,"494*A",1319,-1786.75,"Elymus lanceolatus",28,9,19,24,5,0,0,1,0,0,1.30188679245283,97.5950169304484,27.0029341795285
2017,24,"494*A",1319,-1786.75,"Elymus lanceolatus",0,28,-28,0,0,0,0,0,0,1,1.28571428571429,0,0
2014,24,"495*A",1318,-1780,"Elymus lanceolatus",7,NA,NA,15,1,0,NA,1,0,0,2.52336448598131,100,10.6566258670508
2015,24,"495*A",1318,-1780,"Elymus lanceolatus",10,7,3,12,0,0,0,0,1,0,3.0530303030303,99.999999999999,102.58929796405
2014,24,"496*A",1320,-1782,"Elymus lanceolatus",2,NA,NA,11,0,0,NA,1,0,0,2.52336448598131,100,90.0043364848487
2015,24,"496*A",1320,-1782,"Elymus lanceolatus",13,2,11,12,0,0,0,0,1,0,3.0530303030303,99.9999999999991,91.162556173614
2014,24,"497*A",1320,-1790,"Elymus lanceolatus",8,NA,NA,17,1,0,NA,1,0,0,2.52336448598131,100,47.4645628754695
2015,24,"497*A",1320,-1790,"Elymus lanceolatus",8,8,0,14,1,0,0,0,1,0,3.0530303030303,100,80.7840583068326
2014,24,"498*A",1347,-1765,"Eriogonum umbellatum",9,NA,NA,1,0,0,NA,1,0,0,2.52336448598131,0,0
2015,24,"498*A",1347,-1765,"Eriogonum umbellatum",10,9,1,1.5,0,0,0,1,0,0,3.0530303030303,0,0
2016,24,"498*A",1347,-1765,"Eriogonum umbellatum",10,10,0,2,1,0,0,1,0,0,1.30188679245283,0,0
2017,24,"498*A",1347,-1765,"Eriogonum umbellatum",11,10,1,2,0,0,0,1,0,0,1.28571428571429,0.198277219064131,0
2018,24,"498*A",1347,-1765,"Eriogonum umbellatum",11,11,0,2.5,1,0,0,1,0,0,1.12213740458015,0,0
2019,24,"498*A",1347,-1765,"Eriogonum umbellatum",11,11,0,2,0,0,0,1,0,0,0.5,1.76019584394943,0
2014,24,"499*A",1353,-1756,"Elymus lanceolatus",4,NA,NA,7,0,0,NA,1,0,0,2.52336448598131,24.9500883320788,99.549108063267
2015,24,"499*A",1353,-1756,"Elymus lanceolatus",3,4,-1,8,0,0,0,1,0,0,3.0530303030303,99.9999999999992,45.4847372330718
2016,24,"499*A",1353,-1756,"Elymus lanceolatus",3,3,0,6,0,0,0,1,0,0,1.30188679245283,0,0
2017,24,"499*A",1353,-1756,"Elymus lanceolatus",11,3,8,5,0,0,0,1,0,0,1.28571428571429,52.2989796552687,27.6065642397893
2018,24,"499*A",1353,-1756,"Elymus lanceolatus",8,11,-3,9,0,0,0,1,0,0,1.12213740458015,0,5.46191383824687
2019,24,"499*A",1353,-1756,"Elymus lanceolatus",12,8,4,7.5,0,0,0,1,0,0,0.5,1.47905345220736,46.5848788930463
2014,1,"5*A",153,-192,"Ivesia gordonii",13,NA,NA,5,5,0,NA,1,0,0,2.52336448598131,0,0
2015,1,"5*A",153,-192,"Ivesia gordonii",15,13,2,5,15,0,0,1,0,0,3.0530303030303,0,0
2016,1,"5*A",153,-192,"Ivesia gordonii",16.3,15,1.3,6.9,31,0,0,1,0,0,1.30188679245283,0,0
2017,1,"5*A",153,-192,"Ivesia gordonii",0,16.3,-16.3,0,0,0,0,0,0,1,1.28571428571429,0,0
2014,6,"50*A",154,-442,"Ivesia gordonii",1,NA,NA,1,0,1,1,1,0,0,2.52336448598131,0,0
2015,6,"50*A",154,-442,"Ivesia gordonii",2,1,1,2.5,0,0,0,1,0,0,3.0530303030303,0,0
2016,6,"50*A",154,-442,"Ivesia gordonii",5,2,3,3,0,0,0,1,0,0,1.30188679245283,0,0
2017,6,"50*A",154,-442,"Ivesia gordonii",4,5,-1,3,0,0,0,1,0,0,1.28571428571429,0,0
2018,6,"50*A",154,-442,"Ivesia gordonii",0,4,-4,0,0,0,0,0,0,1,1.12213740458015,0,0
2014,24,"500*A",1354,-1744,"Elymus lanceolatus",28,NA,NA,19,2,0,NA,1,0,0,2.52336448598131,30.9523806104154,2.03161445027091
2015,24,"500*A",1354,-1744,"Elymus lanceolatus",24,28,-4,19,1,0,0,1,0,0,3.0530303030303,56.5649827714428,0.710699019266853
2016,24,"500*A",1354,-1744,"Elymus lanceolatus",13,24,-11,13,0,0,0,1,0,0,1.30188679245283,16.4085843499006,0
2017,24,"500*A",1354,-1744,"Elymus lanceolatus",21,13,8,16,2,0,0,1,0,0,1.28571428571429,57.0019476251159,7.57459018824139
2018,24,"500*A",1354,-1744,"Elymus lanceolatus",18,21,-3,15,3,0,0,1,0,0,1.12213740458015,0,1.07889656064139
2019,24,"500*A",1354,-1744,"Elymus lanceolatus",24.5,18,6.5,25,7,0,0,1,0,0,0.5,0,11.1757143866704
2014,24,"501*A",1360,-1750,"Senecio crassulus",17,NA,NA,9,0,0,NA,1,0,0,2.52336448598131,85.3490235705131,0
2015,24,"501*A",1360,-1750,"Senecio crassulus",22,17,5,17,4,0,0,1,0,0,3.0530303030303,62.5649381742772,6.61157024793374
2016,24,"501*A",1360,-1750,"Senecio crassulus",9,22,-13,8,0,0,0,1,0,0,1.30188679245283,19.4717711068879,29.9454752606036
2017,24,"501*A",1360,-1750,"Senecio crassulus",12,9,3,17,4,0,0,1,0,0,1.28571428571429,75.5633913110305,101.017494001459
2018,24,"501*A",1360,-1750,"Senecio crassulus",0,12,-12,0,0,0,0,0,0,1,1.12213740458015,0,0
2014,24,"502*A",1360,-1750,"Eriogonum umbellatum",0.5,NA,NA,0.5,0,1,1,1,0,0,2.52336448598131,199.999999999989,0
2015,24,"502*A",1360,-1750,"Eriogonum umbellatum",3,0.5,2.5,1,0,0,0,1,0,0,3.0530303030303,212.93870875328,0
2016,24,"502*A",1360,-1750,"Eriogonum umbellatum",1,3,-2,1.5,0,0,0,1,0,0,1.30188679245283,100.000000000022,0
2017,24,"502*A",1360,-1750,"Eriogonum umbellatum",1.5,1,0.5,2,0,0,0,1,0,0,1.28571428571429,378.574608575992,0
2018,24,"502*A",1360,-1750,"Eriogonum umbellatum",0,1.5,-1.5,0,0,0,0,0,0,1,1.12213740458015,0,0
2014,24,"503*A",1380,-1717,"Elymus lanceolatus",14,NA,NA,13,2,0,NA,1,0,0,2.52336448598131,7.94044720697561,0
2015,24,"503*A",1380,-1717,"Elymus lanceolatus",10,14,-4,13,1,0,0,1,0,0,3.0530303030303,2.15988812692006,0
2016,24,"503*A",1380,-1717,"Elymus lanceolatus",14,10,4,16,0,0,0,1,0,0,1.30188679245283,7.94044720697561,0
2017,24,"503*A",1380,-1717,"Elymus lanceolatus",21,14,7,14,0,0,0,1,0,0,1.28571428571429,27.0020338681277,0
2018,24,"503*A",1380,-1717,"Elymus lanceolatus",22.5,21,1.5,21,6,0,0,1,0,0,1.12213740458015,17.3129937002685,5.97530864197509
2019,24,"503*A",1380,-1717,"Elymus lanceolatus",16,22.5,-6.5,23.5,5,0,0,1,0,0,0.5,20.8703111793629,10.8457385624156
2014,24,"504*A",1395,-1704,"Eriogonum umbellatum",30,NA,NA,3,22,0,NA,1,0,0,2.52336448598131,2.43977908204732,0
2015,24,"504*A",1395,-1704,"Eriogonum umbellatum",31,30,1,3,18,0,0,1,0,0,3.0530303030303,0.912717224670708,0
2016,24,"504*A",1395,-1704,"Eriogonum umbellatum",30,31,-1,3,9,0,0,1,0,0,1.30188679245283,3.10603088844541,0
2017,24,"504*A",1395,-1704,"Eriogonum umbellatum",33,30,3,3,27,0,0,1,0,0,1.28571428571429,15.7383202455235,0
2018,24,"504*A",1395,-1704,"Eriogonum umbellatum",29,33,-4,2.5,15,0,0,1,0,0,1.12213740458015,14.4975006007955,0
2019,24,"504*A",1395,-1704,"Eriogonum umbellatum",33,29,4,5.5,34,0,0,1,0,0,0.5,11.0839705405744,0
2014,24,"505*A",1395,-1670,"Lupinus argenteus",10,NA,NA,6,0,0,NA,1,0,0,2.52336448598131,0,0
2015,24,"505*A",1395,-1670,"Lupinus argenteus",12,10,2,7,0,0,0,1,0,0,3.0530303030303,0,0
2016,24,"505*A",1395,-1670,"Lupinus argenteus",27,12,15,14,3,0,0,1,0,0,1.30188679245283,0,0
2017,24,"505*A",1395,-1670,"Lupinus argenteus",0,27,-27,0,0,0,0,0,0,1,1.28571428571429,0,0
2014,24,"506*A",1395,-1625,"Elymus lanceolatus",8,NA,NA,7,0,0,NA,1,0,0,2.52336448598131,0,0
2015,24,"506*A",1395,-1625,"Elymus lanceolatus",13,8,5,12,0,0,0,1,0,0,3.0530303030303,0,0
2016,24,"506*A",1395,-1625,"Elymus lanceolatus",7,13,-6,9,0,0,0,1,0,0,1.30188679245283,0,0
2017,24,"506*A",1395,-1625,"Elymus lanceolatus",12,7,5,8,0,0,0,1,0,0,1.28571428571429,0,0
2018,24,"506*A",1395,-1625,"Elymus lanceolatus",17,12,5,18.5,7,0,0,1,0,0,1.12213740458015,0,0
2019,24,"506*A",1395,-1625,"Elymus lanceolatus",16,17,-1,20,10,0,0,1,0,0,0.5,0,0
2014,24,"507*A",1266,-1618,"Eriogonum umbellatum",63,NA,NA,3,97,0,NA,1,0,0,2.52336448598131,70.4572283352201,0
2015,24,"507*A",1266,-1618,"Eriogonum umbellatum",66,63,3,4,154,0,0,1,0,0,3.0530303030303,66.2113433400116,0
2016,24,"507*A",1266,-1618,"Eriogonum umbellatum",65,66,-1,2,125,0,0,1,0,0,1.30188679245283,54.1396515678599,0
2017,24,"507*A",1266,-1618,"Eriogonum umbellatum",67,65,2,4,108,0,0,1,0,0,1.28571428571429,60.361767787824,0
2018,24,"507*A",1266,-1618,"Eriogonum umbellatum",67,67,0,4,80,0,0,1,0,0,1.12213740458015,28.5840857907963,0
2019,24,"507*A",1266,-1618,"Eriogonum umbellatum",59.5,67,-7.5,5,153,0,0,1,0,0,0.5,24.7266799259474,0
2014,24,"508*A",1268,-1624,"Senecio crassulus",3,NA,NA,15,2,0,NA,1,0,0,2.52336448598131,200.00000000002,0
2015,24,"508*A",1268,-1624,"Senecio crassulus",9,3,6,9,2,0,0,1,0,0,3.0530303030303,200,0
2016,24,"508*A",1268,-1624,"Senecio crassulus",6,9,-3,7,0,0,0,1,0,0,1.30188679245283,201.448609630368,0
2017,24,"508*A",1268,-1624,"Senecio crassulus",9,6,3,10,0,0,0,1,0,0,1.28571428571429,236.075834442495,0
2018,24,"508*A",1268,-1624,"Senecio crassulus",2.5,9,-6.5,5,0,0,0,1,0,0,1.12213740458015,100.000000000004,0
2019,24,"508*A",1268,-1624,"Senecio crassulus",6.5,2.5,4,11,0,0,0,1,0,0,0.5,109.988687238522,0
2014,24,"509*A",1280,-1625,"Heterotheca villosa",53,NA,NA,5,30,0,NA,1,0,0,2.52336448598131,84.2616011387142,0
2015,24,"509*A",1280,-1625,"Heterotheca villosa",38,53,-15,2,7,0,0,1,0,0,3.0530303030303,122.48991999635,0
2016,24,"509*A",1280,-1625,"Heterotheca villosa",38,38,0,6,10,0,0,1,0,0,1.30188679245283,105.807430446786,0
2017,24,"509*A",1280,-1625,"Heterotheca villosa",38,38,0,5,0,0,0,1,0,0,1.28571428571429,122.561968844435,0
2018,24,"509*A",1280,-1625,"Heterotheca villosa",0,38,-38,0,0,0,0,0,0,1,1.12213740458015,0,0
2014,6,"51*A",130,-490,"Ivesia gordonii",10,NA,NA,4,5,0,NA,1,0,0,2.52336448598131,0,0
2015,6,"51*A",130,-490,"Ivesia gordonii",7.5,10,-2.5,3.5,2,0,0,1,0,0,3.0530303030303,0,0
2016,6,"51*A",130,-490,"Ivesia gordonii",13,7.5,5.5,5.5,14,0,0,1,0,0,1.30188679245283,0,0
2017,6,"51*A",130,-490,"Ivesia gordonii",12,13,-1,4,5,0,0,1,0,0,1.28571428571429,0,0
2018,6,"51*A",130,-490,"Ivesia gordonii",0,12,-12,0,0,0,0,0,0,1,1.12213740458015,0,0
2014,24,"510*A",1262,-1611,"Elymus lanceolatus",4,NA,NA,9,1,0,NA,1,0,0,2.52336448598131,200,99.9740450193686
2015,24,"510*A",1262,-1611,"Elymus lanceolatus",9,4,5,15,0,0,0,1,0,0,3.0530303030303,102.805307845281,112.175823425445
2016,24,"510*A",1262,-1611,"Elymus lanceolatus",9,9,0,20,1,0,0,1,0,0,1.30188679245283,102.805307845281,117.333984619481
2017,24,"510*A",1262,-1611,"Elymus lanceolatus",15,9,6,15,0,0,0,1,0,0,1.28571428571429,116.404768690569,54.3462062419909
2018,24,"510*A",1262,-1611,"Elymus lanceolatus",24,15,9,14,2,0,0,1,0,0,1.12213740458015,99.9999999999996,58.8744555701161
2019,24,"510*A",1262,-1611,"Elymus lanceolatus",14,24,-10,15,1,0,0,1,0,0,0.5,99.9999999999999,122.708216673616
2014,24,"511*A",1264,-1611,"Elymus lanceolatus",8,NA,NA,13,2,0,NA,1,0,0,2.52336448598131,200,24.9935112548432
2015,24,"511*A",1264,-1611,"Elymus lanceolatus",15,8,7,14,0,0,0,1,0,0,3.0530303030303,127.334015499385,65.2622675038557
2016,24,"511*A",1264,-1611,"Elymus lanceolatus",10,15,-5,12,1,0,0,1,0,0,1.30188679245283,119.763109566733,117.042441533699
2017,24,"511*A",1264,-1611,"Elymus lanceolatus",0,10,-10,0,0,0,0,1,0,0,1.28571428571429,0,0
2018,24,"511*A",1264,-1611,"Elymus lanceolatus",9,0,9,22,2,0,0,1,0,0,1.12213740458015,100.000000000002,181.247128393917
2019,24,"511*A",1264,-1611,"Elymus lanceolatus",15,9,6,16,1,0,0,1,0,0,0.5,100,120.641927452965
2014,24,"512*A",1269,-1603,"Elymus lanceolatus",8,NA,NA,12,0,0,NA,1,0,0,2.52336448598131,182.971427976121,0
2015,24,"512*A",1269,-1603,"Elymus lanceolatus",16,8,8,11,0,0,0,1,0,0,3.0530303030303,110.56878837972,55.7333245262462
2016,24,"512*A",1269,-1603,"Elymus lanceolatus",20,16,4,23,11,0,0,1,0,0,1.30188679245283,119.464552075592,29.3324349308215
2017,24,"512*A",1269,-1603,"Elymus lanceolatus",24,20,4,16,0,0,0,1,0,0,1.28571428571429,126.333935759687,32.2681831297198
2018,24,"512*A",1269,-1603,"Elymus lanceolatus",24,24,0,16,6,0,0,1,0,0,1.12213740458015,100.000000000001,84.2607259610076
2019,24,"512*A",1269,-1603,"Elymus lanceolatus",19.5,24,-4.5,22.5,4,0,0,1,0,0,0.5,100.13656655308,63.3838644888272
2014,24,"513*A",1285,-1605,"Elymus lanceolatus",7,NA,NA,15,1,0,NA,1,0,0,2.52336448598131,200,0
2015,24,"513*A",1285,-1605,"Elymus lanceolatus",23,7,16,20,6,0,0,0,1,0,3.0530303030303,143.638046109698,7.12558750292946
2014,24,"514*A",1210,-1690,"Eriogonum umbellatum",34,NA,NA,4,25,0,NA,1,0,0,2.52336448598131,55.9400164222015,0
2015,24,"514*A",1210,-1690,"Eriogonum umbellatum",32,34,-2,5,24,0,0,1,0,0,3.0530303030303,121.911897412547,0
2016,24,"514*A",1210,-1690,"Eriogonum umbellatum",35,32,3,5,28,0,0,1,0,0,1.30188679245283,83.5587900819421,0
2017,24,"514*A",1210,-1690,"Eriogonum umbellatum",35,35,0,5,18,0,0,1,0,0,1.28571428571429,104.009032499279,0
2018,24,"514*A",1210,-1690,"Eriogonum umbellatum",31,35,-4,3,22,0,0,1,0,0,1.12213740458015,99.620331535056,0
2019,24,"514*A",1210,-1690,"Eriogonum umbellatum",35,31,4,7.5,30,0,0,1,0,0,0.5,93.3857002867692,0
2014,24,"515*A",1200,-1695,"Heterotheca villosa",5,NA,NA,2,0,0,NA,1,0,0,2.52336448598131,99.9999999999988,0
2015,24,"515*A",1200,-1695,"Heterotheca villosa",4,5,-1,1.5,1,0,0,1,0,0,3.0530303030303,199.998881340358,0
2016,24,"515*A",1200,-1695,"Heterotheca villosa",9,4,5,5,0,0,0,1,0,0,1.30188679245283,200.000000000002,0
2017,24,"515*A",1200,-1695,"Heterotheca villosa",11,9,2,6,11,0,0,1,0,0,1.28571428571429,199.999999999989,0
2018,24,"515*A",1200,-1695,"Heterotheca villosa",0,11,-11,0,0,0,0,0,0,1,1.12213740458015,0,0
2014,24,"516*A",1208,-1691,"Elymus lanceolatus",11,NA,NA,17,1,0,NA,1,0,0,2.52336448598131,99.9999999999992,29.3718768286343
2015,24,"516*A",1208,-1691,"Elymus lanceolatus",20,11,9,17,2,0,0,1,0,0,3.0530303030303,102.107871094706,80.1122760298221
2016,24,"516*A",1208,-1691,"Elymus lanceolatus",32,20,12,24,7,0,0,1,0,0,1.30188679245283,104.739097343868,0
2017,24,"516*A",1208,-1691,"Elymus lanceolatus",38,32,6,26,10,0,0,1,0,0,1.28571428571429,97.8777058398166,0
2018,24,"516*A",1208,-1691,"Elymus lanceolatus",35,38,-3,22.5,17,0,0,1,0,0,1.12213740458015,88.1223720991885,0
2019,24,"516*A",1208,-1691,"Elymus lanceolatus",36,35,1,25.5,14,0,0,1,0,0,0.5,96.2152934986124,0
2014,24,"517*A",1220,-1685,"Elymus lanceolatus",24,NA,NA,22,12,0,NA,1,0,0,2.52336448598131,72.5251973439987,6.17013384768152
2015,24,"517*A",1220,-1685,"Elymus lanceolatus",37,24,13,21,3,0,0,0,1,0,3.0530303030303,51.1230748016778,22.2081138495398
2014,25,"518*A",1618,-1787,"Lupinus argenteus",4,NA,NA,3,0,0,NA,1,0,0,2.52336448598131,0,0
2015,25,"518*A",1618,-1787,"Lupinus argenteus",0,4,-4,0,0,0,0,0,0,1,3.0530303030303,0,0
2014,25,"519*A",1668,-1730,"Lupinus argenteus",10,NA,NA,6,0,0,NA,1,0,0,2.52336448598131,0,82.9997494069425
2015,25,"519*A",1668,-1730,"Lupinus argenteus",0,10,-10,0,0,0,0,0,0,1,3.0530303030303,0,0
2014,7,"52*A",535,-520,"Ivesia gordonii",7,NA,NA,2,0,0,NA,1,0,0,2.52336448598131,0,0
2015,7,"52*A",535,-520,"Ivesia gordonii",9.5,7,2.5,2.5,0,0,0,1,0,0,3.0530303030303,0,0
2016,7,"52*A",535,-520,"Ivesia gordonii",9.5,9.5,0,5.5,2,0,0,1,0,0,1.30188679245283,0,0
2017,7,"52*A",535,-520,"Ivesia gordonii",10,9.5,0.5,5,5,0,0,1,0,0,1.28571428571429,0,0
2018,7,"52*A",535,-520,"Ivesia gordonii",11.5,10,1.5,3.5,1,0,0,1,0,0,1.12213740458015,0,0
2019,7,"52*A",535,-520,"Ivesia gordonii",0,11.5,-11.5,0,0,0,0,0,0,1,0.5,0,0
2014,25,"520*A",1670,-1730,"Lupinus argenteus",11,NA,NA,5,0,0,NA,1,0,0,2.52336448598131,0,68.5948342206189
2015,25,"520*A",1670,-1730,"Lupinus argenteus",7,11,-4,5,0,0,0,1,0,0,3.0530303030303,0,0
2016,25,"520*A",1670,-1730,"Lupinus argenteus",0,7,-7,0,0,0,0,0,0,1,1.30188679245283,0,0
2014,25,"521*A",1685,-1727,"Lupinus argenteus",5,NA,NA,4,0,0,NA,1,0,0,2.52336448598131,0,0
2015,25,"521*A",1685,-1727,"Lupinus argenteus",8,5,3,4,0,0,0,1,0,0,3.0530303030303,0,0
2016,25,"521*A",1685,-1727,"Lupinus argenteus",0,8,-8,0,0,0,0,0,0,1,1.30188679245283,0,0
2014,25,"522*A",1688,-1745,"Lupinus argenteus",13,NA,NA,5,0,0,NA,1,0,0,2.52336448598131,0,0
2015,25,"522*A",1688,-1745,"Lupinus argenteus",13,13,0,7,2,0,0,1,0,0,3.0530303030303,0,0
2016,25,"522*A",1688,-1745,"Lupinus argenteus",0,13,-13,0,0,0,0,0,0,1,1.30188679245283,0,0
2014,25,"523*A",1745,-1735,"Lupinus argenteus",10,NA,NA,5,0,0,NA,1,0,0,2.52336448598131,0,0
2015,25,"523*A",1745,-1735,"Lupinus argenteus",16,10,6,8,1,0,0,1,0,0,3.0530303030303,0,0
2016,25,"523*A",1745,-1735,"Lupinus argenteus",12,16,-4,7,0,0,0,1,0,0,1.30188679245283,0,0
2017,25,"523*A",1745,-1735,"Lupinus argenteus",0,12,-12,0,0,0,0,0,0,1,1.28571428571429,0,0
2014,25,"524*A",1755,-1705,"Lupinus argenteus",25,NA,NA,17,5,0,NA,1,0,0,2.52336448598131,0,39.4863167309048
2015,25,"524*A",1755,-1705,"Lupinus argenteus",25,25,0,15,2,0,0,1,0,0,3.0530303030303,0,40.1040611393897
2016,25,"524*A",1755,-1705,"Lupinus argenteus",9,25,-16,9,0,0,0,1,0,0,1.30188679245283,0,53.8769988663256
2017,25,"524*A",1755,-1705,"Lupinus argenteus",0,9,-9,0,0,0,0,0,0,1,1.28571428571429,0,0
2014,25,"525*A",1765,-1700,"Lupinus argenteus",21,NA,NA,10,1,0,NA,1,0,0,2.52336448598131,0,89.0822449622808
2015,25,"525*A",1765,-1700,"Lupinus argenteus",19,21,-2,10,1,0,0,1,0,0,3.0530303030303,0,143.391153860137
2016,25,"525*A",1765,-1700,"Lupinus argenteus",0,19,-19,0,0,0,0,0,0,1,1.30188679245283,0,0
2014,25,"526*A",1765,-1700,"Lupinus argenteus",7,NA,NA,6,0,0,NA,1,0,0,2.52336448598131,0,176.187503911695
2015,25,"526*A",1765,-1700,"Lupinus argenteus",9,7,2,6,0,0,0,1,0,0,3.0530303030303,0,242.115078546704
2016,25,"526*A",1765,-1700,"Lupinus argenteus",0,9,-9,0,0,0,0,0,0,1,1.30188679245283,0,0
2014,25,"527*A",1770,-1695,"Lupinus argenteus",9,NA,NA,11,1,0,NA,1,0,0,2.52336448598131,0,161.596718983007
2015,25,"527*A",1770,-1695,"Lupinus argenteus",11,9,2,7,0,0,0,1,0,0,3.0530303030303,0,188.090933783554
2016,25,"527*A",1770,-1695,"Lupinus argenteus",0,11,-11,0,0,0,0,0,0,1,1.30188679245283,0,0
2014,25,"528*A",1775,-1692,"Lupinus argenteus",15,NA,NA,12,1,0,NA,1,0,0,2.52336448598131,0,70.0206798593954
2015,25,"528*A",1775,-1692,"Lupinus argenteus",27,15,12,15,4,0,0,1,0,0,3.0530303030303,0.274348422496622,89.5796298227296
2016,25,"528*A",1775,-1692,"Lupinus argenteus",0,27,-27,0,0,0,0,0,0,1,1.30188679245283,0,0
2014,25,"529*A",1785,-1700,"Lupinus argenteus",20,NA,NA,12,1,0,NA,1,0,0,2.52336448598131,0,42.5544393306592
2015,25,"529*A",1785,-1700,"Lupinus argenteus",22,20,2,12,0,0,0,1,0,0,3.0530303030303,0.41322314049595,100.119059894305
2016,25,"529*A",1785,-1700,"Lupinus argenteus",0,22,-22,0,0,0,0,0,0,1,1.30188679245283,0,0
2014,8,"53*A",815,-520,"Ivesia gordonii",1,NA,NA,1,0,1,1,1,0,0,2.52336448598131,0,0
2015,8,"53*A",815,-520,"Ivesia gordonii",3.4,1,2.4,3.2,0,0,0,1,0,0,3.0530303030303,0,0
2016,8,"53*A",815,-520,"Ivesia gordonii",7.5,3.4,4.1,5.5,3,0,0,1,0,0,1.30188679245283,0,0
2017,8,"53*A",815,-520,"Ivesia gordonii",11,7.5,3.5,6,2,0,0,1,0,0,1.28571428571429,0,0
2018,8,"53*A",815,-520,"Ivesia gordonii",13,11,2,5.5,0,0,0,1,0,0,1.12213740458015,0,0
2019,8,"53*A",815,-520,"Ivesia gordonii",0,13,-13,0,0,0,0,0,0,1,0.5,0,0
2014,25,"530*A",1795,-1697,"Lupinus argenteus",18,NA,NA,12,3,0,NA,1,0,0,2.52336448598131,0,44.6649315297867
2015,25,"530*A",1795,-1697,"Lupinus argenteus",26,18,8,15,6,0,0,1,0,0,3.0530303030303,0.0638187519072552,69.6677607036926
2016,25,"530*A",1795,-1697,"Lupinus argenteus",0,26,-26,0,0,0,0,0,0,1,1.30188679245283,0,0
2014,27,"531*A",486,-2200,"Eriogonum umbellatum",82,NA,NA,4,61,0,NA,1,0,0,2.52336448598131,1.918500892326,0
2015,27,"531*A",486,-2200,"Eriogonum umbellatum",83,82,1,4,67,0,0,1,0,0,3.0530303030303,4.10799825809261,0
2016,27,"531*A",486,-2200,"Eriogonum umbellatum",83,83,0,4,84,0,0,1,0,0,1.30188679245283,9.53819385972914,0
2017,27,"531*A",486,-2200,"Eriogonum umbellatum",89,83,6,3,87,0,0,1,0,0,1.28571428571429,7.76379752578979,0
2018,27,"531*A",486,-2200,"Eriogonum umbellatum",88,89,-1,2.5,36,0,0,1,0,0,1.12213740458015,6.98977988117019,0
2019,27,"531*A",486,-2200,"Eriogonum umbellatum",86.5,88,-1.5,6,79,0,0,1,0,0,0.5,0,0
2014,27,"532*A",512,-2195,"Elymus lanceolatus",2,NA,NA,7,0,0,NA,1,0,0,2.52336448598131,100.000000000004,0
2015,27,"532*A",512,-2195,"Elymus lanceolatus",9,2,7,7,0,0,0,1,0,0,3.0530303030303,99.9999999999992,0
2016,27,"532*A",512,-2195,"Elymus lanceolatus",15,9,6,10,0,0,0,1,0,0,1.30188679245283,99.9999999999999,0
2017,27,"532*A",512,-2195,"Elymus lanceolatus",16,15,1,10,0,0,0,1,0,0,1.28571428571429,100,0
2018,27,"532*A",512,-2195,"Elymus lanceolatus",18,16,2,13,1,0,0,1,0,0,1.12213740458015,100.000000000001,0
2019,27,"532*A",512,-2195,"Elymus lanceolatus",0,18,-18,0,0,0,0,0,0,1,0.5,0,0
2014,27,"533*A",518,-2145,"Eriogonum umbellatum",19,NA,NA,3,3,0,NA,1,0,0,2.52336448598131,0,0
2015,27,"533*A",518,-2145,"Eriogonum umbellatum",23,19,4,3,24,0,0,1,0,0,3.0530303030303,0,0
2016,27,"533*A",518,-2145,"Eriogonum umbellatum",24,23,1,4,9,0,0,1,0,0,1.30188679245283,0,0.211625450281683
2017,27,"533*A",518,-2145,"Eriogonum umbellatum",24.5,24,0.5,3,12,0,0,1,0,0,1.28571428571429,0,0
2018,27,"533*A",518,-2145,"Eriogonum umbellatum",25,24.5,0.5,3,18,0,0,1,0,0,1.12213740458015,0,0
2019,27,"533*A",518,-2145,"Eriogonum umbellatum",23.5,25,-1.5,5.5,25,0,0,1,0,0,0.5,0,0
2014,27,"534*A",562,-2175,"Heterotheca villosa",8,NA,NA,2,0,0,NA,1,0,0,2.52336448598131,0,0
2015,27,"534*A",562,-2175,"Heterotheca villosa",8.5,8,0.5,2,1,0,0,1,0,0,3.0530303030303,0,0
2016,27,"534*A",562,-2175,"Heterotheca villosa",12,8.5,3.5,5,3,0,0,1,0,0,1.30188679245283,0,0
2017,27,"534*A",562,-2175,"Heterotheca villosa",10,12,-2,3,2,0,0,1,0,0,1.28571428571429,0,0
2018,27,"534*A",562,-2175,"Heterotheca villosa",0,10,-10,0,0,0,0,0,0,1,1.12213740458015,0,0
2014,27,"535*A",591,-2135,"Eriogonum umbellatum",57,NA,NA,3,58,0,NA,1,0,0,2.52336448598131,0,0
2015,27,"535*A",591,-2135,"Eriogonum umbellatum",53,57,-4,4,122,0,0,1,0,0,3.0530303030303,0.199843251604351,0
2016,27,"535*A",591,-2135,"Eriogonum umbellatum",57,53,4,3,93,0,0,1,0,0,1.30188679245283,0.22593770605513,0
2017,27,"535*A",591,-2135,"Eriogonum umbellatum",57,57,0,4,83,0,0,1,0,0,1.28571428571429,1.25644993493713,0
2018,27,"535*A",591,-2135,"Eriogonum umbellatum",53,57,-4,2.5,93,0,0,1,0,0,1.12213740458015,0,0
2019,27,"535*A",591,-2135,"Eriogonum umbellatum",56,53,3,4,130,0,0,1,0,0,0.5,0.0113627154377937,0
2014,27,"536*A",506,-2103,"Eriogonum umbellatum",21,NA,NA,2,4,0,NA,1,0,0,2.52336448598131,0.597890539644755,0
2015,27,"536*A",506,-2103,"Eriogonum umbellatum",22,21,1,2,9,0,0,1,0,0,3.0530303030303,2.86261399187386,0.187158026680701
2016,27,"536*A",506,-2103,"Eriogonum umbellatum",26,22,4,2,6,0,0,1,0,0,1.30188679245283,12.154228709908,0.332840236686388
2017,27,"536*A",506,-2103,"Eriogonum umbellatum",25,26,-1,2,3,0,0,1,0,0,1.28571428571429,6.22434160832513,0.964423517351563
2018,27,"536*A",506,-2103,"Eriogonum umbellatum",15.5,25,-9.5,4,6,0,0,1,0,0,1.12213740458015,0,0
2019,27,"536*A",506,-2103,"Eriogonum umbellatum",20,15.5,4.5,4,6,0,0,1,0,0,0.5,0,0
2014,27,"537*A",510,-2115,"Heterotheca villosa",6,NA,NA,6,1,0,NA,1,0,0,2.52336448598131,7.32415911064817,0
2015,27,"537*A",510,-2115,"Heterotheca villosa",0,6,-6,0,0,0,0,0,0,1,3.0530303030303,0,0
2014,27,"538*A",515,-2110,"Eriogonum umbellatum",0.5,NA,NA,0.5,0,1,1,1,0,0,2.52336448598131,0,0
2015,27,"538*A",515,-2110,"Eriogonum umbellatum",2,0.5,1.5,1,0,0,0,1,0,0,3.0530303030303,0,22.6461212283653
2016,27,"538*A",515,-2110,"Eriogonum umbellatum",1.5,2,-0.5,1.5,0,0,0,1,0,0,1.30188679245283,0,99.9999999999976
2017,27,"538*A",515,-2110,"Eriogonum umbellatum",2.5,1.5,1,3,0,0,0,1,0,0,1.28571428571429,0,96.442351735162
2018,27,"538*A",515,-2110,"Eriogonum umbellatum",0,2.5,-2.5,0,0,0,0,0,0,1,1.12213740458015,0,0
2014,27,"539*A",495,-2060,"Agoseris glauca",7,NA,NA,4,1,0,NA,1,0,0,2.52336448598131,0,0
2015,27,"539*A",495,-2060,"Agoseris glauca",10,7,3,4,0,0,0,1,0,0,3.0530303030303,0,0
2016,27,"539*A",495,-2060,"Agoseris glauca",10,10,0,5,9,0,0,1,0,0,1.30188679245283,0,0
2017,27,"539*A",495,-2060,"Agoseris glauca",10,10,0,5,0,0,0,1,0,0,1.28571428571429,0,0
2018,27,"539*A",495,-2060,"Agoseris glauca",0,10,-10,0,0,0,0,0,0,1,1.12213740458015,0,0
2014,8,"54*A",830,-490,"Lupinus argenteus",7,NA,NA,4,0,0,NA,1,0,0,2.52336448598131,0,0
2015,8,"54*A",830,-490,"Lupinus argenteus",5.8,7,-1.2,2.5,0,0,0,1,0,0,3.0530303030303,0,0
2016,8,"54*A",830,-490,"Lupinus argenteus",0,5.8,-5.8,0,0,0,0,0,0,1,1.30188679245283,0,0
2014,27,"540*A",515,-2015,"Heterotheca villosa",16,NA,NA,8,1,0,NA,1,0,0,2.52336448598131,0,0
2015,27,"540*A",515,-2015,"Heterotheca villosa",16,16,0,6,1,0,0,1,0,0,3.0530303030303,0,0
2016,27,"540*A",515,-2015,"Heterotheca villosa",21,16,5,7,2,0,0,1,0,0,1.30188679245283,0,0
2017,27,"540*A",515,-2015,"Heterotheca villosa",24,21,3,6,6,0,0,1,0,0,1.28571428571429,0,0
2018,27,"540*A",515,-2015,"Heterotheca villosa",0,24,-24,0,0,0,0,0,0,1,1.12213740458015,0,0
2014,27,"541*A",430,-2020,"Agoseris glauca",6,NA,NA,12,0,0,NA,1,0,0,2.52336448598131,65.4151898589697,0
2015,27,"541*A",430,-2020,"Agoseris glauca",4.5,6,-1.5,7,1,0,0,1,0,0,3.0530303030303,100.828206172877,0
2016,27,"541*A",430,-2020,"Agoseris glauca",5,4.5,0.5,4,1,0,0,1,0,0,1.30188679245283,100,0
2017,27,"541*A",430,-2020,"Agoseris glauca",14,5,9,10,0,0,0,1,0,0,1.28571428571429,81.0633128098284,0
2018,27,"541*A",430,-2020,"Agoseris glauca",0,14,-14,0,0,0,0,0,0,1,1.12213740458015,0,0
2014,27,"542*A",424,-2019,"Achnatherum lettermanii",3,NA,NA,5,0,0,NA,1,0,0,2.52336448598131,0,0
2015,27,"542*A",424,-2019,"Achnatherum lettermanii",8,3,5,6,0,0,0,1,0,0,3.0530303030303,5.61061784635563,0
2016,27,"542*A",424,-2019,"Achnatherum lettermanii",7,8,-1,6,0,0,0,1,0,0,1.30188679245283,12.7471672316089,0
2017,27,"542*A",424,-2019,"Achnatherum lettermanii",9,7,2,9,0,0,0,1,0,0,1.28571428571429,58.1753901349391,0
2018,27,"542*A",424,-2019,"Achnatherum lettermanii",6,9,-3,5.5,0,0,0,1,0,0,1.12213740458015,0,0
2019,27,"542*A",424,-2019,"Achnatherum lettermanii",0,6,-6,0,0,0,0,0,0,1,0.5,0,0
2014,27,"543*A",435,-2020,"Heterotheca villosa",12,NA,NA,3,5,0,NA,1,0,0,2.52336448598131,16.3537974647418,0
2015,27,"543*A",435,-2020,"Heterotheca villosa",16,12,4,4,3,0,0,1,0,0,3.0530303030303,9.24729830924246,0
2016,27,"543*A",435,-2020,"Heterotheca villosa",18,16,2,6,18,0,0,1,0,0,1.30188679245283,9.64386171095313,0
2017,27,"543*A",435,-2020,"Heterotheca villosa",14.5,18,-3.5,4,6,0,0,1,0,0,1.28571428571429,55.2432746520411,0
2018,27,"543*A",435,-2020,"Heterotheca villosa",0,14.5,-14.5,0,0,0,0,0,0,1,1.12213740458015,0,0
2014,27,"544*A",403,-2029,"Ivesia gordonii",10,NA,NA,4,1,0,NA,1,0,0,2.52336448598131,0,0
2015,27,"544*A",403,-2029,"Ivesia gordonii",11.5,10,1.5,4,6,0,0,1,0,0,3.0530303030303,2.4517269701088,0
2016,27,"544*A",403,-2029,"Ivesia gordonii",13,11.5,1.5,5,10,0,0,1,0,0,1.30188679245283,5.5114067648005,0
2017,27,"544*A",403,-2029,"Ivesia gordonii",10,13,-3,2.5,0,0,0,1,0,0,1.28571428571429,4.73513536168937,0
2018,27,"544*A",403,-2029,"Ivesia gordonii",10.5,10,0.5,3.5,0,0,0,1,0,0,1.12213740458015,10.0913662902685,0
2019,27,"544*A",403,-2029,"Ivesia gordonii",17.5,10.5,7,6,9,0,0,1,0,0,0.5,47.5397219183145,0
2014,27,"545*A",408,-2037,"Eriogonum umbellatum",8,NA,NA,1,0,0,NA,1,0,0,2.52336448598131,1.5625000000001,0
2015,27,"545*A",408,-2037,"Eriogonum umbellatum",9,8,1,2,0,0,0,1,0,0,3.0530303030303,3.27094624955114,0
2016,27,"545*A",408,-2037,"Eriogonum umbellatum",9,9,0,2,0,0,0,1,0,0,1.30188679245283,43.7818410295615,0
2017,27,"545*A",408,-2037,"Eriogonum umbellatum",11,9,2,1.5,2,0,0,1,0,0,1.28571428571429,34.0071970330254,0
2018,27,"545*A",408,-2037,"Eriogonum umbellatum",12,11,1,1.5,1,0,0,1,0,0,1.12213740458015,6.51867792364826,0
2019,27,"545*A",408,-2037,"Eriogonum umbellatum",17.5,12,5.5,2.5,2,0,0,1,0,0,0.5,34.4537722095937,0
2014,27,"546*A",405,-2048,"Ivesia gordonii",3,NA,NA,1,0,0,NA,1,0,0,2.52336448598131,100,0
2015,27,"546*A",405,-2048,"Ivesia gordonii",2.5,3,-0.5,2,0,0,0,1,0,0,3.0530303030303,100,0
2016,27,"546*A",405,-2048,"Ivesia gordonii",3,2.5,0.5,3,0,0,0,1,0,0,1.30188679245283,100,0
2017,27,"546*A",405,-2048,"Ivesia gordonii",0,3,-3,0,0,0,0,0,0,1,1.28571428571429,0,0
2014,27,"547*A",402,-2050,"Senecio crassulus",17,NA,NA,6,4,0,NA,1,0,0,2.52336448598131,4.79985015924188,0
2015,27,"547*A",402,-2050,"Senecio crassulus",18,17,1,10,0,0,0,1,0,0,3.0530303030303,4.09481389306248,0
2016,27,"547*A",402,-2050,"Senecio crassulus",27,18,9,19,0,0,0,1,0,0,1.30188679245283,9.20946426908229,0
2017,27,"547*A",402,-2050,"Senecio crassulus",26,27,-1,18,16,0,0,1,0,0,1.28571428571429,10.8815680107282,0
2018,27,"547*A",402,-2050,"Senecio crassulus",0,26,-26,0,0,0,0,0,0,1,1.12213740458015,0,0
2014,27,"548*A",444,-2090,"Eriogonum umbellatum",80,NA,NA,3,83,0,NA,1,0,0,2.52336448598131,56.3605683380353,0
2015,27,"548*A",444,-2090,"Eriogonum umbellatum",85,80,5,4,64,0,0,1,0,0,3.0530303030303,72.6720136989223,0
2016,27,"548*A",444,-2090,"Eriogonum umbellatum",85,85,0,5,57,0,0,1,0,0,1.30188679245283,74.7832551790878,0
2017,27,"548*A",444,-2090,"Eriogonum umbellatum",89,85,4,3,82,0,0,1,0,0,1.28571428571429,78.3939052674773,0
2018,27,"548*A",444,-2090,"Eriogonum umbellatum",76,89,-13,3,64,0,0,1,0,0,1.12213740458015,22.479566343716,0
2019,27,"548*A",444,-2090,"Eriogonum umbellatum",75.5,76,-0.5,6.5,100,0,0,1,0,0,0.5,18.7076783229941,0
2014,27,"549*A",465,-2095,"Heterotheca villosa",60,NA,NA,6,9,0,NA,1,0,0,2.52336448598131,92.8957868467084,0
2015,27,"549*A",465,-2095,"Heterotheca villosa",65,60,5,6,10,0,0,1,0,0,3.0530303030303,115.309999331035,0
2016,27,"549*A",465,-2095,"Heterotheca villosa",68,65,3,6,11,0,0,1,0,0,1.30188679245283,106.28082626989,0
2017,27,"549*A",465,-2095,"Heterotheca villosa",65,68,-3,6,1,0,0,1,0,0,1.28571428571429,125.512189782532,0
2018,27,"549*A",465,-2095,"Heterotheca villosa",0,65,-65,0,0,0,0,0,0,1,1.12213740458015,0,0
2014,8,"55*A",832,-465,"Ivesia gordonii",4,NA,NA,2,0,0,NA,1,0,0,2.52336448598131,0,0
2015,8,"55*A",832,-465,"Ivesia gordonii",7.8,4,3.8,3.5,2,0,0,1,0,0,3.0530303030303,0,0
2016,8,"55*A",832,-465,"Ivesia gordonii",11,7.8,3.2,5,15,0,0,1,0,0,1.30188679245283,0,0
2017,8,"55*A",832,-465,"Ivesia gordonii",13,11,2,7,5,0,0,1,0,0,1.28571428571429,0,0
2018,8,"55*A",832,-465,"Ivesia gordonii",14,13,1,6,1,0,0,1,0,0,1.12213740458015,0,0
2019,8,"55*A",832,-465,"Ivesia gordonii",17,14,3,5.5,3,0,0,1,0,0,0.5,0,0
2014,27,"550*A",415,-2079,"Elymus lanceolatus",14,NA,NA,11,1,0,NA,1,0,0,2.52336448598131,100.000000000001,0
2015,27,"550*A",415,-2079,"Elymus lanceolatus",19,14,5,16,1,0,0,1,0,0,3.0530303030303,99.9999999999996,0
2016,27,"550*A",415,-2079,"Elymus lanceolatus",22,19,3,17,6,0,0,1,0,0,1.30188679245283,100.298332666046,0
2017,27,"550*A",415,-2079,"Elymus lanceolatus",27,22,5,17,5,0,0,1,0,0,1.28571428571429,102.108487778435,0
2018,27,"550*A",415,-2079,"Elymus lanceolatus",24,27,-3,24.5,11,0,0,1,0,0,1.12213740458015,83.4496097244853,0
2019,27,"550*A",415,-2079,"Elymus lanceolatus",24.5,24,0.5,27.5,1,0,0,1,0,0,0.5,81.9465945200281,0
2014,27,"551*A",430,-2080,"Agoseris glauca",6,NA,NA,5,0,0,NA,1,0,0,2.52336448598131,100.000000000001,0
2015,27,"551*A",430,-2080,"Agoseris glauca",4.5,6,-1.5,3.5,0,0,0,1,0,0,3.0530303030303,100.000000000003,0
2016,27,"551*A",430,-2080,"Agoseris glauca",9,4.5,4.5,6,0,0,0,1,0,0,1.30188679245283,102.552739789622,0
2017,27,"551*A",430,-2080,"Agoseris glauca",8,9,-1,6,0,0,0,1,0,0,1.28571428571429,123.354051450945,0
2018,27,"551*A",430,-2080,"Agoseris glauca",0,8,-8,0,0,0,0,0,0,1,1.12213740458015,0,0
2014,27,"552*A",459,-2108,"Elymus lanceolatus",4,NA,NA,11,0,0,NA,1,0,0,2.52336448598131,224.62408953119,100.000000000004
2015,27,"552*A",459,-2108,"Elymus lanceolatus",19,4,15,8,0,0,0,1,0,0,3.0530303030303,206.925207756232,51.7806603028174
2016,27,"552*A",459,-2108,"Elymus lanceolatus",14,19,-5,16,2,0,0,1,0,0,1.30188679245283,200.000000000002,27.1796301969671
2017,27,"552*A",459,-2108,"Elymus lanceolatus",12,14,-2,20,1,0,0,1,0,0,1.28571428571429,201.01619383239,66.1934461754909
2018,27,"552*A",459,-2108,"Elymus lanceolatus",15,12,3,15.5,2,0,0,1,0,0,1.12213740458015,99.9999999999994,0
2019,27,"552*A",459,-2108,"Elymus lanceolatus",15,15,0,7.5,0,0,0,1,0,0,0.5,99.9999999999994,0
2014,27,"553*A",440,-2080,"Agoseris glauca",3,NA,NA,6,0,0,NA,1,0,0,2.52336448598131,179.579561280016,0
2015,27,"553*A",440,-2080,"Agoseris glauca",3.5,3,0.5,3,0,0,0,1,0,0,3.0530303030303,257.31983131123,0
2016,27,"553*A",440,-2080,"Agoseris glauca",6,3.5,2.5,6,0,0,0,1,0,0,1.30188679245283,200.000000000002,0
2017,27,"553*A",440,-2080,"Agoseris glauca",9,6,3,6,0,0,0,1,0,0,1.28571428571429,232.656820212346,0
2018,27,"553*A",440,-2080,"Agoseris glauca",0,9,-9,0,0,0,0,0,0,1,1.12213740458015,0,0
2014,27,"554*A",447,-2086,"Elymus lanceolatus",4,NA,NA,12,0,0,NA,1,0,0,2.52336448598131,200,0
2015,27,"554*A",447,-2086,"Elymus lanceolatus",19,4,15,13,0,0,0,1,0,0,3.0530303030303,201.945063527873,39.6897899775363
2016,27,"554*A",447,-2086,"Elymus lanceolatus",12,19,-7,11,0,0,0,1,0,0,1.30188679245283,200,93.2173302463543
2017,27,"554*A",447,-2086,"Elymus lanceolatus",18,12,6,12,0,0,0,1,0,0,1.28571428571429,210.337033281809,54.107257147172
2018,27,"554*A",447,-2086,"Elymus lanceolatus",10.5,18,-7.5,10,0,0,0,1,0,0,1.12213740458015,100,86.2879523036866
2019,27,"554*A",447,-2086,"Elymus lanceolatus",2,10.5,-8.5,8,0,0,0,1,0,0,0.5,100.000000000003,100.000000000003
2014,27,"555*A",453,-2071,"Elymus lanceolatus",12,NA,NA,11,0,0,NA,1,0,0,2.52336448598131,179.867911341699,0
2015,27,"555*A",453,-2071,"Elymus lanceolatus",14,12,2,16,0,0,0,1,0,0,3.0530303030303,194.229301157363,4.32202034301904
2016,27,"555*A",453,-2071,"Elymus lanceolatus",16,14,2,17,1,0,0,1,0,0,1.30188679245283,197.480017510041,24.0016364110403
2017,27,"555*A",453,-2071,"Elymus lanceolatus",20,16,4,10,0,0,0,1,0,0,1.28571428571429,182.522392666171,19.1980071617859
2018,27,"555*A",453,-2071,"Elymus lanceolatus",8,20,-12,16.5,1,0,0,1,0,0,1.12213740458015,100.000000000001,5.55291231538327
2019,27,"555*A",453,-2071,"Elymus lanceolatus",5.5,8,-2.5,7,0,0,0,1,0,0,0.5,99.9999999999989,0
2014,27,"556*A",445,-2075,"Ivesia gordonii",0.5,NA,NA,1,0,1,1,1,0,0,2.52336448598131,200.000000000076,0
2015,27,"556*A",445,-2075,"Ivesia gordonii",1.2,0.5,0.7,1.3,0,0,0,1,0,0,3.0530303030303,200.000000000022,0
2016,27,"556*A",445,-2075,"Ivesia gordonii",1.5,1.2,0.3,1.5,0,0,0,1,0,0,1.30188679245283,200.000000000002,0
2017,27,"556*A",445,-2075,"Ivesia gordonii",2,1.5,0.5,1.5,0,0,0,1,0,0,1.28571428571429,300.000000000009,0
2018,27,"556*A",445,-2075,"Ivesia gordonii",0,2,-2,0,0,0,0,0,0,1,1.12213740458015,0,0
2014,27,"557*A",454,-2084,"Elymus lanceolatus",10,NA,NA,16,0,0,NA,1,0,0,2.52336448598131,200,0
2015,27,"557*A",454,-2084,"Elymus lanceolatus",15,10,5,21,1,0,0,1,0,0,3.0530303030303,200.000000000002,63.1268026329052
2016,27,"557*A",454,-2084,"Elymus lanceolatus",21,15,6,15,0,0,0,1,0,0,1.30188679245283,200,44.5455574589759
2017,27,"557*A",454,-2084,"Elymus lanceolatus",16,21,-5,14,0,0,0,1,0,0,1.28571428571429,199.999999999999,75.5167175063366
2018,27,"557*A",454,-2084,"Elymus lanceolatus",20,16,4,14,2,0,0,1,0,0,1.12213740458015,99.9999999999998,24.9972764180259
2019,27,"557*A",454,-2084,"Elymus lanceolatus",17.5,20,-2.5,12.5,0,0,0,1,0,0,0.5,100,1.30612244897969
2014,27,"558*A",455,-2110,"Elymus lanceolatus",14,NA,NA,11,0,0,NA,1,0,0,2.52336448598131,205.296589817394,8.16326530612276
2015,27,"558*A",455,-2110,"Elymus lanceolatus",15,14,1,7,0,0,0,1,0,0,3.0530303030303,211.11111111111,83.0791927525204
2016,27,"558*A",455,-2110,"Elymus lanceolatus",8,15,-7,10,0,0,0,1,0,0,1.30188679245283,200.000000000002,83.2376174782111
2017,27,"558*A",455,-2110,"Elymus lanceolatus",14,8,6,10,0,0,0,1,0,0,1.28571428571429,201.704555143761,48.6319196391364
2018,27,"558*A",455,-2110,"Elymus lanceolatus",0,14,-14,0,0,0,0,0,0,1,1.12213740458015,0,0
2014,27,"559*A",450,-2105,"Ivesia gordonii",1,NA,NA,2,0,0,NA,1,0,0,2.52336448598131,238.131604208721,0
2015,27,"559*A",450,-2105,"Ivesia gordonii",0,1,-1,0,0,0,0,0,0,1,3.0530303030303,0,0
2014,8,"56*A",835,-425,"Lupinus argenteus",12,NA,NA,7,0,0,NA,1,0,0,2.52336448598131,0,0
2015,8,"56*A",835,-425,"Lupinus argenteus",2.5,12,-9.5,2,0,0,0,1,0,0,3.0530303030303,0,0
2016,8,"56*A",835,-425,"Lupinus argenteus",0,2.5,-2.5,0,0,0,0,0,0,1,1.30188679245283,0,0
2014,27,"560*A",460,-2110,"Ivesia gordonii",3,NA,NA,2,0,0,NA,1,0,0,2.52336448598131,332.665048055434,0
2015,27,"560*A",460,-2110,"Ivesia gordonii",5,3,2,3,0,0,0,1,0,0,3.0530303030303,400.000000000004,0
2016,27,"560*A",460,-2110,"Ivesia gordonii",0,5,-5,0,0,0,0,0,0,1,1.30188679245283,0,0
2014,27,"561*A",459,-2107,"Arenaria congesta",1,NA,NA,1,0,0,NA,1,0,0,2.52336448598131,399.999999999973,0
2015,27,"561*A",459,-2107,"Arenaria congesta",0,1,-1,0,0,0,0,0,0,1,3.0530303030303,0,0
2014,27,"562*A",411,-2038,"Ivesia gordonii",1,NA,NA,1,0,1,1,1,0,0,2.52336448598131,99.9999999999927,0
2015,27,"562*A",411,-2038,"Ivesia gordonii",0,1,-1,0,0,0,0,0,0,1,3.0530303030303,0,0
2014,28,"563*A",827,-2168,"Eriogonum umbellatum",76,NA,NA,3,80,0,NA,1,0,0,2.52336448598131,61.8126447399103,0
2015,28,"563*A",827,-2168,"Eriogonum umbellatum",81,76,5,4,95,0,0,1,0,0,3.0530303030303,76.1168343310242,0
2016,28,"563*A",827,-2168,"Eriogonum umbellatum",84,81,3,5,129,0,0,1,0,0,1.30188679245283,88.6620849679906,0.0130665561709394
2017,28,"563*A",827,-2168,"Eriogonum umbellatum",90,84,6,6,70,0,0,1,0,0,1.28571428571429,76.0704247512016,0
2018,28,"563*A",827,-2168,"Eriogonum umbellatum",91,90,1,4,68,0,0,1,0,0,1.12213740458015,30.2412508597481,0
2019,28,"563*A",827,-2168,"Eriogonum umbellatum",93.5,91,2.5,10,80,0,0,1,0,0,0.5,34.9412275987789,0
2014,28,"564*A",850,-2175,"Heterotheca villosa",50,NA,NA,13,22,0,NA,1,0,0,2.52336448598131,103.962158397173,0
2015,28,"564*A",850,-2175,"Heterotheca villosa",57,50,7,9,27,0,0,1,0,0,3.0530303030303,112.579114360078,0
2016,28,"564*A",850,-2175,"Heterotheca villosa",57,57,0,8.5,31,0,0,1,0,0,1.30188679245283,127.445662641533,0
2017,28,"564*A",850,-2175,"Heterotheca villosa",58,57,1,7,7,0,0,1,0,0,1.28571428571429,110.706995440896,0
2018,28,"564*A",850,-2175,"Heterotheca villosa",0,58,-58,0,0,0,0,0,0,1,1.12213740458015,0,0
2014,28,"565*A",801,-2185,"Arnica latifolia",6,NA,NA,3,0,0,NA,1,0,0,2.52336448598131,100.000000000001,0
2015,28,"565*A",801,-2185,"Arnica latifolia",7,6,1,4,0,0,0,1,0,0,3.0530303030303,99.9999999999953,0
2016,28,"565*A",801,-2185,"Arnica latifolia",0,7,-7,0,0,0,0,0,0,1,1.30188679245283,0,0
2014,28,"566*A",837,-2180,"Elymus lanceolatus",4,NA,NA,9,0,0,NA,1,0,0,2.52336448598131,200.000000000006,138.951303673321
2015,28,"566*A",837,-2180,"Elymus lanceolatus",7,4,3,8,0,0,0,0,1,0,3.0530303030303,199.999999999999,199.999999999999
2014,28,"567*A",845,-2170,"Elymus lanceolatus",10,NA,NA,16,1,0,NA,1,0,0,2.52336448598131,199.999999999999,68.6107799609627
2015,28,"567*A",845,-2170,"Elymus lanceolatus",15,10,5,13,0,0,0,0,1,0,3.0530303030303,200,48.4272543665604
2014,28,"568*A",828,-2170,"Elymus lanceolatus",9,NA,NA,14,1,0,NA,1,0,0,2.52336448598131,180.757064997182,5.69867608143157
2015,28,"568*A",828,-2170,"Elymus lanceolatus",14,9,5,22,1,0,0,0,1,0,3.0530303030303,203.911672002937,13.0042959755639
2014,28,"569*A",835,-2180,"Elymus lanceolatus",4,NA,NA,7,0,0,NA,1,0,0,2.52336448598131,200.000000000006,138.951303673321
2015,28,"569*A",835,-2180,"Elymus lanceolatus",13,4,9,13,0,0,0,1,0,0,3.0530303030303,201.353922938479,110.468439477615
2016,28,"569*A",835,-2180,"Elymus lanceolatus",26,13,13,29,8,0,0,1,0,0,1.30188679245283,202.046208077805,58.0236530932718
2017,28,"569*A",835,-2180,"Elymus lanceolatus",0,26,-26,0,0,0,0,0,0,1,1.28571428571429,0,0
2014,8,"57*A",840,-405,"Lupinus argenteus",10,NA,NA,7,0,0,NA,1,0,0,2.52336448598131,0,0
2015,8,"57*A",840,-405,"Lupinus argenteus",14.5,10,4.5,6.5,0,0,0,1,0,0,3.0530303030303,0,0
2016,8,"57*A",840,-405,"Lupinus argenteus",0,14.5,-14.5,0,0,0,0,0,0,1,1.30188679245283,0,0
2014,28,"570*A",840,-2177,"Elymus lanceolatus",21,NA,NA,17,3,0,NA,1,0,0,2.52336448598131,199.999999999998,23.8609314256068
2015,28,"570*A",840,-2177,"Elymus lanceolatus",19,21,-2,19,2,0,0,1,0,0,3.0530303030303,202.866979857001,85.5536480851462
2016,28,"570*A",840,-2177,"Elymus lanceolatus",22,19,3,26,11,0,0,1,0,0,1.30188679245283,203.357438016528,81.041300601347
2017,28,"570*A",840,-2177,"Elymus lanceolatus",22,22,0,10,0,0,0,1,0,0,1.28571428571429,199.999999999999,0
2018,28,"570*A",840,-2177,"Elymus lanceolatus",21,22,-1,17,14,0,0,1,0,0,1.12213740458015,99.9999999999992,0
2019,28,"570*A",840,-2177,"Elymus lanceolatus",20.5,21,-0.5,22,5,0,0,1,0,0,0.5,100.116597263534,31.0004133124918
2014,28,"571*A",855,-2155,"Ivesia gordonii",4,NA,NA,3,0,0,NA,1,0,0,2.52336448598131,200.000000000006,0
2015,28,"571*A",855,-2155,"Ivesia gordonii",7,4,3,5,0,0,0,1,0,0,3.0530303030303,199.999999999999,0
2016,28,"571*A",855,-2155,"Ivesia gordonii",8,7,1,7,0,0,0,1,0,0,1.30188679245283,234.676165449756,0
2017,28,"571*A",855,-2155,"Ivesia gordonii",4,8,-4,3,3,0,0,1,0,0,1.28571428571429,228.813818649404,0
2018,28,"571*A",855,-2155,"Ivesia gordonii",0,4,-4,0,0,0,0,0,0,1,1.12213740458015,0,0
2014,28,"572*A",815,-2162,"Elymus lanceolatus",8,NA,NA,13,0,0,NA,1,0,0,2.52336448598131,99.9999999999994,55.7943133072683
2015,28,"572*A",815,-2162,"Elymus lanceolatus",7,8,-1,16,0,0,0,1,0,0,3.0530303030303,99.9999999999992,87.4844681769758
2016,28,"572*A",815,-2162,"Elymus lanceolatus",11,7,4,33,6,0,0,1,0,0,1.30188679245283,100.000000000001,142.085609432807
2017,28,"572*A",815,-2162,"Elymus lanceolatus",11,11,0,14,0,0,0,1,0,0,1.28571428571429,100.000000000001,100.000000000001
2018,28,"572*A",815,-2162,"Elymus lanceolatus",0,11,-11,0,0,0,0,0,0,1,1.12213740458015,0,0
2014,28,"573*A",820,-2155,"Elymus lanceolatus",13,NA,NA,19,2,0,NA,1,0,0,2.52336448598131,101.278581781856,10.3663714648454
2015,28,"573*A",820,-2155,"Elymus lanceolatus",15,13,2,17,1,0,0,1,0,0,3.0530303030303,102.152576018994,18.5349557808399
2016,28,"573*A",820,-2155,"Elymus lanceolatus",19,15,4,23,5,0,0,1,0,0,1.30188679245283,116.071255460984,51.542286503057
2017,28,"573*A",820,-2155,"Elymus lanceolatus",0,19,-19,0,0,0,0,0,0,1,1.28571428571429,0,0
2014,28,"574*A",815,-2146,"Pseudocymopterus montanus",9,NA,NA,5,7,0,NA,1,0,0,2.52336448598131,107.012764751385,0
2015,28,"574*A",815,-2146,"Pseudocymopterus montanus",8,9,-1,8,3,0,0,1,0,0,3.0530303030303,113.189428546982,0
2016,28,"574*A",815,-2146,"Pseudocymopterus montanus",11,8,3,7,5,0,0,1,0,0,1.30188679245283,137.783516681476,0
2017,28,"574*A",815,-2146,"Pseudocymopterus montanus",0,11,-11,0,0,0,0,0,0,1,1.28571428571429,0,0
2014,28,"575*A",810,-2150,"Elymus lanceolatus",6,NA,NA,9,0,0,NA,1,0,0,2.52336448598131,109.776489548015,0
2015,28,"575*A",810,-2150,"Elymus lanceolatus",7,6,1,17,0,0,0,0,1,0,3.0530303030303,107.342731076183,1.96361110040825
2014,28,"576*A",811,-2159,"Elymus lanceolatus",10,NA,NA,17,1,0,NA,1,0,0,2.52336448598131,100.000000000001,34.5144355277703
2015,28,"576*A",811,-2159,"Elymus lanceolatus",12,10,2,17,0,0,0,1,0,0,3.0530303030303,100.000000000002,41.6399239264776
2016,28,"576*A",811,-2159,"Elymus lanceolatus",18,12,6,21,7,0,0,1,0,0,1.30188679245283,101.083238962095,70.4047712259596
2017,28,"576*A",811,-2159,"Elymus lanceolatus",35,18,17,25,3,0,0,1,0,0,1.28571428571429,106.737293632055,11.3170541070705
2018,28,"576*A",811,-2159,"Elymus lanceolatus",35,35,0,25,47,0,0,1,0,0,1.12213740458015,100,0
2019,28,"576*A",811,-2159,"Elymus lanceolatus",39,35,4,30,22,0,0,1,0,0,0.5,100,0
2014,28,"577*A",825,-2135,"Elymus lanceolatus",6,NA,NA,8,0,0,NA,1,0,0,2.52336448598131,100.000000000002,0
2015,28,"577*A",825,-2135,"Elymus lanceolatus",6,6,0,17,1,0,0,1,0,0,3.0530303030303,100.000000000002,0
2016,28,"577*A",825,-2135,"Elymus lanceolatus",11,6,5,16,2,0,0,1,0,0,1.30188679245283,100.000000000001,0
2017,28,"577*A",825,-2135,"Elymus lanceolatus",0,11,-11,0,0,0,0,0,0,1,1.28571428571429,0,0
2014,28,"578*A",945,-2175,"Ivesia gordonii",2,NA,NA,2,0,0,NA,1,0,0,2.52336448598131,100.000000000007,0
2015,28,"578*A",945,-2175,"Ivesia gordonii",3.5,2,1.5,1,0,0,0,1,0,0,3.0530303030303,100.00000000001,0
2016,28,"578*A",945,-2175,"Ivesia gordonii",7,3.5,3.5,4,1,0,0,1,0,0,1.30188679245283,10.8794826383507,0
2017,28,"578*A",945,-2175,"Ivesia gordonii",0,7,-7,0,0,0,0,0,0,1,1.28571428571429,0,0
2014,28,"579*A",945,-2170,"Lupinus argenteus",13,NA,NA,8,0,0,NA,1,0,0,2.52336448598131,2.36686390532577,0
2015,28,"579*A",945,-2170,"Lupinus argenteus",19,13,6,9,5,0,0,1,0,0,3.0530303030303,3.39335180055407,0
2016,28,"579*A",945,-2170,"Lupinus argenteus",6,19,-13,3,0,0,0,1,0,0,1.30188679245283,14.808184702199,0
2017,28,"579*A",945,-2170,"Lupinus argenteus",0,6,-6,0,0,0,0,0,0,1,1.28571428571429,0,0
2014,8,"58*A",860,-420,"Lupinus argenteus",6,NA,NA,3,0,0,NA,1,0,0,2.52336448598131,0,0
2015,8,"58*A",860,-420,"Lupinus argenteus",6.5,6,0.5,3,0,0,0,1,0,0,3.0530303030303,0,0
2016,8,"58*A",860,-420,"Lupinus argenteus",0,6.5,-6.5,0,0,0,0,0,0,1,1.30188679245283,0,0
2014,28,"580*A",955,-2140,"Ivesia gordonii",4,NA,NA,3,1,0,NA,1,0,0,2.52336448598131,0,0
2015,28,"580*A",955,-2140,"Ivesia gordonii",6,4,2,3,2,0,0,1,0,0,3.0530303030303,0,0
2016,28,"580*A",955,-2140,"Ivesia gordonii",5,6,-1,4,3,0,0,1,0,0,1.30188679245283,0,0
2017,28,"580*A",955,-2140,"Ivesia gordonii",0,5,-5,0,0,0,0,0,0,1,1.28571428571429,0,0
2014,28,"581*A",970,-2115,"Eriogonum umbellatum",7,NA,NA,2,0,0,NA,1,0,0,2.52336448598131,0,0
2015,28,"581*A",970,-2115,"Eriogonum umbellatum",9,7,2,2,0,0,0,1,0,0,3.0530303030303,0,0
2016,28,"581*A",970,-2115,"Eriogonum umbellatum",11,9,2,3,0,0,0,1,0,0,1.30188679245283,0,0
2017,28,"581*A",970,-2115,"Eriogonum umbellatum",0,11,-11,0,0,0,0,0,0,1,1.28571428571429,0,0
2014,28,"582*A",960,-2105,"Ivesia gordonii",5,NA,NA,2,0,0,NA,1,0,0,2.52336448598131,0,0
2015,28,"582*A",960,-2105,"Ivesia gordonii",8,5,3,4,1,0,0,1,0,0,3.0530303030303,2.58645151166293,0
2016,28,"582*A",960,-2105,"Ivesia gordonii",10,8,2,5,2,0,0,1,0,0,1.30188679245283,6.72447891087188,2.78926848207006
2017,28,"582*A",960,-2105,"Ivesia gordonii",0,10,-10,0,0,0,0,0,0,1,1.28571428571429,0,0
2014,28,"583*A",965,-2100,"Ivesia gordonii",2,NA,NA,1,0,0,NA,1,0,0,2.52336448598131,0,0
2015,28,"583*A",965,-2100,"Ivesia gordonii",3,2,1,2,0,0,0,1,0,0,3.0530303030303,37.7446589313502,0
2016,28,"583*A",965,-2100,"Ivesia gordonii",6,3,3,3,2,0,0,1,0,0,1.30188679245283,35.9914356930204,10.0713765342632
2017,28,"583*A",965,-2100,"Ivesia gordonii",0,6,-6,0,0,0,0,0,0,1,1.28571428571429,0,0
2014,28,"584*A",990,-2095,"Ivesia gordonii",4,NA,NA,2,0,0,NA,1,0,0,2.52336448598131,0,0
2015,28,"584*A",990,-2095,"Ivesia gordonii",6,4,2,3,0,0,0,1,0,0,3.0530303030303,0,0
2016,28,"584*A",990,-2095,"Ivesia gordonii",3,6,-3,3,0,0,0,1,0,0,1.30188679245283,0,0
2017,28,"584*A",990,-2095,"Ivesia gordonii",0,3,-3,0,0,0,0,0,0,1,1.28571428571429,0,0
2014,28,"585*A",970,-2095,"Ivesia gordonii",2,NA,NA,1,0,0,NA,1,0,0,2.52336448598131,0,100.000000000011
2015,28,"585*A",970,-2095,"Ivesia gordonii",3,2,1,2,0,0,0,1,0,0,3.0530303030303,0,100.000000000004
2016,28,"585*A",970,-2095,"Ivesia gordonii",9,3,6,8,4,0,0,1,0,0,1.30188679245283,0,80.0449716916846
2017,28,"585*A",970,-2095,"Ivesia gordonii",0,9,-9,0,0,0,0,0,0,1,1.28571428571429,0,0
2014,28,"586*A",970,-2095,"Ivesia gordonii",11,NA,NA,3,0,0,NA,1,0,0,2.52336448598131,0,3.30578512396751
2015,28,"586*A",970,-2095,"Ivesia gordonii",5.5,11,-5.5,4,0,0,0,1,0,0,3.0530303030303,0,29.7520661157002
2016,28,"586*A",970,-2095,"Ivesia gordonii",8,5.5,2.5,7,2,0,0,1,0,0,1.30188679245283,0,100.000000000002
2017,28,"586*A",970,-2095,"Ivesia gordonii",0,8,-8,0,0,0,0,0,0,1,1.28571428571429,0,0
2014,28,"587*A",962,-2093,"Eriogonum umbellatum",3,NA,NA,1,0,0,NA,1,0,0,2.52336448598131,0,0
2015,28,"587*A",962,-2093,"Eriogonum umbellatum",4,3,1,1,0,0,0,1,0,0,3.0530303030303,0,0
2016,28,"587*A",962,-2093,"Eriogonum umbellatum",6,4,2,2,0,0,0,1,0,0,1.30188679245283,0,0
2017,28,"587*A",962,-2093,"Eriogonum umbellatum",9,6,3,1.5,3,0,0,1,0,0,1.28571428571429,0,0
2018,28,"587*A",962,-2093,"Eriogonum umbellatum",9,9,0,1,4,0,0,1,0,0,1.12213740458015,1.62561958126639,0
2019,28,"587*A",962,-2093,"Eriogonum umbellatum",8.5,9,-0.5,1.5,0,0,0,1,0,0,0.5,0,0
2014,28,"588*A",985,-2085,"Arenaria congesta",14,NA,NA,4,86,0,NA,1,0,0,2.52336448598131,0,0
2015,28,"588*A",985,-2085,"Arenaria congesta",13,14,-1,5,6,0,0,1,0,0,3.0530303030303,0,0
2016,28,"588*A",985,-2085,"Arenaria congesta",16,13,3,7,17,0,0,1,0,0,1.30188679245283,0,0
2017,28,"588*A",985,-2085,"Arenaria congesta",0,16,-16,0,0,0,0,0,0,1,1.28571428571429,0,0
2014,28,"589*A",980,-2060,"Eriogonum umbellatum",32,NA,NA,3,12,0,NA,1,0,0,2.52336448598131,0.390625000000067,0
2015,28,"589*A",980,-2060,"Eriogonum umbellatum",36,32,4,3,13,0,0,1,0,0,3.0530303030303,1.0223765432098,0
2016,28,"589*A",980,-2060,"Eriogonum umbellatum",33,36,-3,2.5,36,0,0,1,0,0,1.30188679245283,1.40036730945814,0
2017,28,"589*A",980,-2060,"Eriogonum umbellatum",39,33,6,4,21,0,0,1,0,0,1.28571428571429,1.05193951347799,0
2018,28,"589*A",980,-2060,"Eriogonum umbellatum",39,39,0,2.5,34,0,0,1,0,0,1.12213740458015,1.59750692789431,0
2019,28,"589*A",980,-2060,"Eriogonum umbellatum",46,39,7,7,56,0,0,1,0,0,0.5,3.49885909039245,1.37342808165212
2014,8,"59*A",875,-410,"Lupinus argenteus",22,NA,NA,13,0,0,NA,1,0,0,2.52336448598131,0,10.284250302136
2015,8,"59*A",875,-410,"Lupinus argenteus",11,22,-11,7,0,0,0,1,0,0,3.0530303030303,0,28.9633447711878
2016,8,"59*A",875,-410,"Lupinus argenteus",11,11,0,6,0,0,0,1,0,0,1.30188679245283,0,0
2017,8,"59*A",875,-410,"Lupinus argenteus",0,11,-11,0,0,0,0,0,0,1,1.28571428571429,0,0
2014,28,"590*A",980,-2070,"Ivesia gordonii",2,NA,NA,2,0,0,NA,1,0,0,2.52336448598131,100.000000000004,0
2015,28,"590*A",980,-2070,"Ivesia gordonii",3.5,2,1.5,2.5,0,0,0,1,0,0,3.0530303030303,100.000000000001,0
2016,28,"590*A",980,-2070,"Ivesia gordonii",3,3.5,-0.5,3,0,0,0,1,0,0,1.30188679245283,100.000000000007,0
2017,28,"590*A",980,-2070,"Ivesia gordonii",4,3,1,4,0,0,0,1,0,0,1.28571428571429,99.9999999999998,0
2018,28,"590*A",980,-2070,"Ivesia gordonii",3,4,-1,1.5,0,0,0,1,0,0,1.12213740458015,100.000000000007,0
2019,28,"590*A",980,-2070,"Ivesia gordonii",3.5,3,0.5,2.5,0,0,0,1,0,0,0.5,100.000000000001,0
2014,28,"591*A",980,-2015,"Ivesia gordonii",16,NA,NA,5,8,0,NA,1,0,0,2.52336448598131,0,0
2015,28,"591*A",980,-2015,"Ivesia gordonii",16.5,16,0.5,8,22,0,0,1,0,0,3.0530303030303,2.66299357208428,0
2016,28,"591*A",980,-2015,"Ivesia gordonii",18,16.5,1.5,5,6,0,0,1,0,0,1.30188679245283,0,0
2017,28,"591*A",980,-2015,"Ivesia gordonii",0,18,-18,0,0,0,0,0,0,1,1.28571428571429,0,0
2014,28,"592*A",949,-2076,"Eriogonum umbellatum",23,NA,NA,5,6,0,NA,1,0,0,2.52336448598131,43.8563327032134,0
2015,28,"592*A",949,-2076,"Eriogonum umbellatum",23,23,0,4,11,0,0,1,0,0,3.0530303030303,130.374124851603,0
2016,28,"592*A",949,-2076,"Eriogonum umbellatum",27,23,4,4,13,0,0,1,0,0,1.30188679245283,101.813019306451,0
2017,28,"592*A",949,-2076,"Eriogonum umbellatum",24.5,27,-2.5,4,12,0,0,1,0,0,1.28571428571429,105.863759030336,0
2018,28,"592*A",949,-2076,"Eriogonum umbellatum",24,24.5,-0.5,2.5,13,0,0,1,0,0,1.12213740458015,101.000024252279,0
2019,28,"592*A",949,-2076,"Eriogonum umbellatum",29,24,5,8,16,0,0,1,0,0,0.5,109.057735224272,3.36247208966059
2014,28,"593*A",940,-2055,"Ivesia gordonii",9,NA,NA,6,2,0,NA,1,0,0,2.52336448598131,73.6900681348071,0
2015,28,"593*A",940,-2055,"Ivesia gordonii",13,9,4,6,7,0,0,1,0,0,3.0530303030303,59.2742024057922,0
2016,28,"593*A",940,-2055,"Ivesia gordonii",16,13,3,5,20,0,0,1,0,0,1.30188679245283,51.6862493680503,0
2017,28,"593*A",940,-2055,"Ivesia gordonii",0,16,-16,0,0,0,0,0,0,1,1.28571428571429,0,0
2014,28,"594*A",950,-2070,"Agoseris glauca",8,NA,NA,6,0,0,NA,1,0,0,2.52336448598131,183.458664090177,0
2015,28,"594*A",950,-2070,"Agoseris glauca",6,8,-2,7,1,0,0,1,0,0,3.0530303030303,299.999999999997,0
2016,28,"594*A",950,-2070,"Agoseris glauca",2,6,-4,4,0,0,0,1,0,0,1.30188679245283,300.000000000021,0
2017,28,"594*A",950,-2070,"Agoseris glauca",0,2,-2,0,0,0,0,0,0,1,1.28571428571429,0,0
2014,28,"595*A",950,-2072,"Elymus lanceolatus",8,NA,NA,10,0,0,NA,1,0,0,2.52336448598131,168.421554892408,41.1718796039329
2015,28,"595*A",950,-2072,"Elymus lanceolatus",11,8,3,10,0,0,0,1,0,0,3.0530303030303,129.752066115703,100
2016,28,"595*A",950,-2072,"Elymus lanceolatus",10,11,-1,13,1,0,0,1,0,0,1.30188679245283,104.000000000001,100
2017,28,"595*A",950,-2072,"Elymus lanceolatus",0,10,-10,0,0,0,0,0,0,1,1.28571428571429,0,0
2014,28,"596*A",950,-2077,"Elymus lanceolatus",10,NA,NA,14,1,0,NA,1,0,0,2.52336448598131,109.623749886573,26.3500029465163
2015,28,"596*A",950,-2077,"Elymus lanceolatus",25,10,15,19,1,0,0,1,0,0,3.0530303030303,89.6999778150782,20.513722266863
2016,28,"596*A",950,-2077,"Elymus lanceolatus",24,25,-1,22,3,0,0,1,0,0,1.30188679245283,104.306478729665,18.2970832466074
2017,28,"596*A",950,-2077,"Elymus lanceolatus",25,24,1,21,6,0,0,1,0,0,1.28571428571429,90.7608479968903,8.85896042062424
2018,28,"596*A",950,-2077,"Elymus lanceolatus",32,25,7,24,22,0,0,1,0,0,1.12213740458015,61.2041411935565,0
2019,28,"596*A",950,-2077,"Elymus lanceolatus",31,32,-1,22.5,5,0,0,1,0,0,0.5,95.6192696450346,6.59428768654231
2014,28,"597*A",946,-2066,"Elymus lanceolatus",2,NA,NA,5,0,0,NA,1,0,0,2.52336448598131,100.000000000007,0
2015,28,"597*A",946,-2066,"Elymus lanceolatus",3,2,1,8,0,0,0,1,0,0,3.0530303030303,89.4917680082674,80.1196018654777
2016,28,"597*A",946,-2066,"Elymus lanceolatus",3,3,0,9,0,0,0,1,0,0,1.30188679245283,100.000000000004,59.9022166717842
2017,28,"597*A",946,-2066,"Elymus lanceolatus",10,3,7,10,0,0,0,1,0,0,1.28571428571429,68.1919135990216,55.3685026289018
2018,28,"597*A",946,-2066,"Elymus lanceolatus",0,10,-10,0,0,0,0,1,0,0,1.12213740458015,0,0
2019,28,"597*A",946,-2066,"Elymus lanceolatus",8,0,8,12,0,0,0,1,0,0,0.5,100.000000000001,99.0173510432322
2014,28,"598*A",935,-2080,"Phacelia hastata",2,NA,NA,1,0,1,1,1,0,0,2.52336448598131,0,0
2015,28,"598*A",935,-2080,"Phacelia hastata",4.5,2,2.5,2,0,0,0,1,0,0,3.0530303030303,0,0
2016,28,"598*A",935,-2080,"Phacelia hastata",9,4.5,4.5,5,1,0,0,1,0,0,1.30188679245283,38.0773784779378,0
2017,28,"598*A",935,-2080,"Phacelia hastata",0,9,-9,0,0,0,0,0,0,1,1.28571428571429,0,0
2014,28,"599*A",945,-2095,"Senecio crassulus",4,NA,NA,3,0,0,NA,1,0,0,2.52336448598131,0,0
2015,28,"599*A",945,-2095,"Senecio crassulus",8,4,4,5,0,0,0,1,0,0,3.0530303030303,0,0
2016,28,"599*A",945,-2095,"Senecio crassulus",7.5,8,-0.5,4,0,0,0,1,0,0,1.30188679245283,0,0
2017,28,"599*A",945,-2095,"Senecio crassulus",2,7.5,-5.5,2,0,0,0,1,0,0,1.28571428571429,0,0
2018,28,"599*A",945,-2095,"Senecio crassulus",1.5,2,-0.5,4,0,0,0,1,0,0,1.12213740458015,0,0
2019,28,"599*A",945,-2095,"Senecio crassulus",0,1.5,-1.5,0,0,0,0,0,0,1,0.5,0,0
2014,1,"6*A",127,-145,"Ivesia gordonii",12,NA,NA,7,2,0,NA,1,0,0,2.52336448598131,0,0
2015,1,"6*A",127,-145,"Ivesia gordonii",13,12,1,5,7,0,0,1,0,0,3.0530303030303,0,0
2016,1,"6*A",127,-145,"Ivesia gordonii",12.5,13,-0.5,6.5,10,0,0,1,0,0,1.30188679245283,0,0
2017,1,"6*A",127,-145,"Ivesia gordonii",0,12.5,-12.5,0,0,0,0,0,0,1,1.28571428571429,0,0
2014,8,"60*A",880,-410,"Lupinus argenteus",7,NA,NA,5,0,0,NA,1,0,0,2.52336448598131,0,100.000000000001
2015,8,"60*A",880,-410,"Lupinus argenteus",8.5,7,1.5,5,0,0,0,1,0,0,3.0530303030303,0,48.5060860527863
2016,8,"60*A",880,-410,"Lupinus argenteus",0,8.5,-8.5,0,0,0,0,0,0,1,1.30188679245283,0,0
2014,28,"600*A",930,-2105,"Ivesia gordonii",18,NA,NA,6,9,0,NA,1,0,0,2.52336448598131,0,1.23456790123474
2015,28,"600*A",930,-2105,"Ivesia gordonii",21,18,3,9,22,0,0,1,0,0,3.0530303030303,0,5.66893424036283
2016,28,"600*A",930,-2105,"Ivesia gordonii",20,21,-1,6,22,0,0,1,0,0,1.30188679245283,0,12.2500000000001
2017,28,"600*A",930,-2105,"Ivesia gordonii",0,20,-20,0,0,0,0,0,0,1,1.28571428571429,0,0
2014,28,"601*A",928,-2100,"Ivesia gordonii",2,NA,NA,1,0,1,1,1,0,0,2.52336448598131,0,100.000000000007
2015,28,"601*A",928,-2100,"Ivesia gordonii",5,2,3,2.5,0,0,0,1,0,0,3.0530303030303,0,99.9999999999988
2016,28,"601*A",928,-2100,"Ivesia gordonii",7,5,2,3,1,0,0,1,0,0,1.30188679245283,0,100
2017,28,"601*A",928,-2100,"Ivesia gordonii",11,7,4,6,3,0,0,1,0,0,1.28571428571429,0,0
2018,28,"601*A",928,-2100,"Ivesia gordonii",0,11,-11,0,0,0,0,0,0,1,1.12213740458015,0,0
2014,28,"602*A",941,-2088,"Ivesia gordonii",2,NA,NA,2,0,0,NA,1,0,0,2.52336448598131,0,0
2015,28,"602*A",941,-2088,"Ivesia gordonii",0,2,-2,0,0,0,0,1,0,0,3.0530303030303,0,0
2016,28,"602*A",941,-2088,"Ivesia gordonii",8.5,0,8.5,5,0,0,0,1,0,0,1.30188679245283,48.6914209823772,0
2017,28,"602*A",941,-2088,"Ivesia gordonii",0,8.5,-8.5,0,0,0,0,1,0,0,1.28571428571429,0,0
2018,28,"602*A",941,-2088,"Ivesia gordonii",7.5,0,7.5,3.5,2,0,0,1,0,0,1.12213740458015,86.890156944069,0
2019,28,"602*A",941,-2088,"Ivesia gordonii",6.5,7.5,-1,4.5,1,0,0,1,0,0,0.5,120.37963722274,0
2014,28,"603*A",938,-2093,"Eriogonum umbellatum",0.5,NA,NA,0.5,0,1,1,1,0,0,2.52336448598131,0,0
2015,28,"603*A",938,-2093,"Eriogonum umbellatum",0,0.5,-0.5,0,0,0,0,1,0,0,3.0530303030303,0,0
2016,28,"603*A",938,-2093,"Eriogonum umbellatum",1,0,1,1,0,0,0,1,0,0,1.30188679245283,0,0
2017,28,"603*A",938,-2093,"Eriogonum umbellatum",2.5,1,1.5,1,0,0,0,1,0,0,1.28571428571429,0,0
2018,28,"603*A",938,-2093,"Eriogonum umbellatum",2,2.5,-0.5,1,0,0,0,1,0,0,1.12213740458015,0,0
2019,28,"603*A",938,-2093,"Eriogonum umbellatum",1.3,2,-0.7,1,0,0,0,1,0,0,0.5,0,0
2014,28,"604*A",910,-2095,"Ivesia gordonii",10,NA,NA,5,7,0,NA,1,0,0,2.52336448598131,0,0
2015,28,"604*A",910,-2095,"Ivesia gordonii",7,10,-3,4,0,0,0,1,0,0,3.0530303030303,0,0
2016,28,"604*A",910,-2095,"Ivesia gordonii",15,7,8,5,10,0,0,1,0,0,1.30188679245283,0,0
2017,28,"604*A",910,-2095,"Ivesia gordonii",0,15,-15,0,0,0,0,0,0,1,1.28571428571429,0,0
2014,28,"605*A",926,-2051,"Eriogonum umbellatum",33,NA,NA,2,15,0,NA,1,0,0,2.52336448598131,8.10394795878606,0
2015,28,"605*A",926,-2051,"Eriogonum umbellatum",32,33,-1,2,36,0,0,1,0,0,3.0530303030303,16.032558795487,0
2016,28,"605*A",926,-2051,"Eriogonum umbellatum",31,32,-1,2,37,0,0,1,0,0,1.30188679245283,21.2348385413328,0.0520291363163347
2017,28,"605*A",926,-2051,"Eriogonum umbellatum",34,31,3,2,30,0,0,1,0,0,1.28571428571429,0,0
2018,28,"605*A",926,-2051,"Eriogonum umbellatum",37,34,3,3,67,0,0,1,0,0,1.12213740458015,0,0
2019,28,"605*A",926,-2051,"Eriogonum umbellatum",39,37,2,3,43,0,0,1,0,0,0.5,0,0
2014,28,"606*A",925,-2057,"Ivesia gordonii",4,NA,NA,4,0,0,NA,1,0,0,2.52336448598131,99.9999999999998,0
2015,28,"606*A",925,-2057,"Ivesia gordonii",8,4,4,4,0,0,0,1,0,0,3.0530303030303,99.9999999999994,0
2016,28,"606*A",925,-2057,"Ivesia gordonii",8.5,8,0.5,6,3,0,0,1,0,0,1.30188679245283,99.999999999997,0
2017,28,"606*A",925,-2057,"Ivesia gordonii",0,8.5,-8.5,0,0,0,0,0,0,1,1.28571428571429,0,0
2014,28,"607*A",915,-2070,"Ivesia gordonii",10,NA,NA,4,12,0,NA,1,0,0,2.52336448598131,9.80913913588941,0
2015,28,"607*A",915,-2070,"Ivesia gordonii",10,10,0,5,10,0,0,1,0,0,3.0530303030303,0,0
2016,28,"607*A",915,-2070,"Ivesia gordonii",12,10,2,3,7,0,0,1,0,0,1.30188679245283,0,0
2017,28,"607*A",915,-2070,"Ivesia gordonii",0,12,-12,0,0,0,0,0,0,1,1.28571428571429,0,0
2014,28,"608*A",920,-2067,"Phacelia hastata",6,NA,NA,3,1,0,NA,1,0,0,2.52336448598131,62.1449367163137,0
2015,28,"608*A",920,-2067,"Phacelia hastata",0,6,-6,0,0,0,0,0,0,1,3.0530303030303,0,0
2014,28,"609*A",890,-2055,"Eriogonum umbellatum",4,NA,NA,2,0,0,NA,1,0,0,2.52336448598131,0,0
2015,28,"609*A",890,-2055,"Eriogonum umbellatum",0,4,-4,0,0,0,0,0,0,1,3.0530303030303,0,0
2014,8,"61*A",900,-405,"Lupinus argenteus",14,NA,NA,8,0,0,NA,1,0,0,2.52336448598131,0,0
2015,8,"61*A",900,-405,"Lupinus argenteus",10.5,14,-3.5,8,0,0,0,1,0,0,3.0530303030303,0,1.01559548619933
2016,8,"61*A",900,-405,"Lupinus argenteus",0,10.5,-10.5,0,0,0,0,0,0,1,1.30188679245283,0,0
2014,28,"610*A",870,-2070,"Phacelia hastata",22,NA,NA,5,13,0,NA,1,0,0,2.52336448598131,0,0
2015,28,"610*A",870,-2070,"Phacelia hastata",23,22,1,5,13,0,0,1,0,0,3.0530303030303,0,0
2016,28,"610*A",870,-2070,"Phacelia hastata",19,23,-4,3,9,0,0,1,0,0,1.30188679245283,0,0
2017,28,"610*A",870,-2070,"Phacelia hastata",0,19,-19,0,0,0,0,0,0,1,1.28571428571429,0,0
2014,28,"611*A",880,-2115,"Ivesia gordonii",3,NA,NA,3,0,0,NA,1,0,0,2.52336448598131,0,0
2015,28,"611*A",880,-2115,"Ivesia gordonii",0,3,-3,0,0,0,0,0,0,1,3.0530303030303,0,0
2014,28,"612*A",875,-2110,"Ivesia gordonii",9,NA,NA,4,0,0,NA,1,0,0,2.52336448598131,0,0
2015,28,"612*A",875,-2110,"Ivesia gordonii",9,9,0,3,1,0,0,1,0,0,3.0530303030303,0,0
2016,28,"612*A",875,-2110,"Ivesia gordonii",19,9,10,6,17,0,0,1,0,0,1.30188679245283,12.0389226504278,0
2017,28,"612*A",875,-2110,"Ivesia gordonii",0,19,-19,0,0,0,0,0,0,1,1.28571428571429,0,0
2014,29,"613*A",1340,-2190,"Lupinus argenteus",7,NA,NA,5,0,0,NA,1,0,0,2.52336448598131,0,0
2015,29,"613*A",1340,-2190,"Lupinus argenteus",0,7,-7,0,0,0,0,0,0,1,3.0530303030303,0,0
2014,29,"614*A",1339,-2195,"Lupinus argenteus",2,NA,NA,1,0,1,1,1,0,0,2.52336448598131,0,0
2015,29,"614*A",1339,-2195,"Lupinus argenteus",0,2,-2,0,0,0,0,0,0,1,3.0530303030303,0,0
2014,29,"615*A",1363,-2170,"Lupinus argenteus",2,NA,NA,2,0,0,NA,1,0,0,2.52336448598131,0,0
2015,29,"615*A",1363,-2170,"Lupinus argenteus",4.5,2,2.5,3.5,0,0,0,1,0,0,3.0530303030303,0,0
2016,29,"615*A",1363,-2170,"Lupinus argenteus",8,4.5,3.5,5,0,0,0,1,0,0,1.30188679245283,0,0
2017,29,"615*A",1363,-2170,"Lupinus argenteus",0,8,-8,0,0,0,0,0,0,1,1.28571428571429,0,0
2014,29,"616*A",1366,-2169,"Lupinus argenteus",0.5,NA,NA,0.5,0,0,NA,1,0,0,2.52336448598131,0,0
2015,29,"616*A",1366,-2169,"Lupinus argenteus",0,0.5,-0.5,0,0,0,0,0,0,1,3.0530303030303,0,0
2014,29,"617*A",1353,-2165,"Lupinus argenteus",4,NA,NA,3,0,0,NA,1,0,0,2.52336448598131,0,4.02108620463292
2015,29,"617*A",1353,-2165,"Lupinus argenteus",0,4,-4,0,0,0,0,0,0,1,3.0530303030303,0,0
2014,29,"618*A",1354,-2160,"Lupinus argenteus",7,NA,NA,4,0,0,NA,1,0,0,2.52336448598131,0,1.31300774028807
2015,29,"618*A",1354,-2160,"Lupinus argenteus",7,7,0,5,0,0,0,1,0,0,3.0530303030303,0,0
2016,29,"618*A",1354,-2160,"Lupinus argenteus",0,7,-7,0,0,0,0,0,0,1,1.30188679245283,0,0
2014,29,"619*A",1355,-2145,"Lupinus argenteus",8,NA,NA,5,0,0,NA,1,0,0,2.52336448598131,0,0
2015,29,"619*A",1355,-2145,"Lupinus argenteus",9,8,1,5,0,0,0,1,0,0,3.0530303030303,0,0
2016,29,"619*A",1355,-2145,"Lupinus argenteus",0,9,-9,0,0,0,0,0,0,1,1.30188679245283,0,0
2014,8,"62*A",875,-440,"Lupinus argenteus",19,NA,NA,12,0,0,NA,1,0,0,2.52336448598131,0,1.76208959514123
2015,8,"62*A",875,-440,"Lupinus argenteus",6,19,-13,3.5,0,0,0,1,0,0,3.0530303030303,0,0
2016,8,"62*A",875,-440,"Lupinus argenteus",0,6,-6,0,0,0,0,0,0,1,1.30188679245283,0,0
2014,29,"620*A",1395,-2150,"Lupinus argenteus",29,NA,NA,14,3,0,NA,1,0,0,2.52336448598131,0,0
2015,29,"620*A",1395,-2150,"Lupinus argenteus",8,29,-21,3,0,0,0,1,0,0,3.0530303030303,0,0
2016,29,"620*A",1395,-2150,"Lupinus argenteus",0,8,-8,0,0,0,0,0,0,1,1.30188679245283,0,0
2014,29,"621*A",1375,-2145,"Lupinus argenteus",8,NA,NA,4,0,0,NA,1,0,0,2.52336448598131,0,0
2015,29,"621*A",1375,-2145,"Lupinus argenteus",0,8,-8,0,0,0,0,0,0,1,3.0530303030303,0,0
2014,29,"622*A",1378,-2137,"Lupinus argenteus",6,NA,NA,4,0,0,NA,1,0,0,2.52336448598131,0,85.3310675038844
2015,29,"622*A",1378,-2137,"Lupinus argenteus",4,6,-2,3,0,0,0,1,0,0,3.0530303030303,0,81.4023241673787
2016,29,"622*A",1378,-2137,"Lupinus argenteus",0,4,-4,0,0,0,0,0,0,1,1.30188679245283,0,0
2014,29,"623*A",1380,-2135,"Lupinus argenteus",5,NA,NA,5,0,0,NA,1,0,0,2.52336448598131,0,165.122596832983
2015,29,"623*A",1380,-2135,"Lupinus argenteus",3,5,-2,2,0,0,0,1,0,0,3.0530303030303,0,112.938708753291
2016,29,"623*A",1380,-2135,"Lupinus argenteus",0,3,-3,0,0,0,0,0,0,1,1.30188679245283,0,0
2014,29,"624*A",1385,-2130,"Lupinus argenteus",12,NA,NA,7,0,0,NA,1,0,0,2.52336448598131,0,104.447694188609
2015,29,"624*A",1385,-2130,"Lupinus argenteus",4,12,-8,3,0,0,0,1,0,0,3.0530303030303,0,99.9999999999982
2016,29,"624*A",1385,-2130,"Lupinus argenteus",0,4,-4,0,0,0,0,0,0,1,1.30188679245283,0,0
2014,29,"625*A",1370,-2130,"Lupinus argenteus",6,NA,NA,4,0,0,NA,1,0,0,2.52336448598131,0,141.956292875632
2015,29,"625*A",1370,-2130,"Lupinus argenteus",0,6,-6,0,0,0,0,0,0,1,3.0530303030303,0,0
2014,29,"626*A",1370,-2120,"Lupinus argenteus",25,NA,NA,13,3,0,NA,1,0,0,2.52336448598131,21.1302552040863,50.5588328466449
2015,29,"626*A",1370,-2120,"Lupinus argenteus",23,25,-2,15,6,0,0,1,0,0,3.0530303030303,17.824570528943,53.3272112265461
2016,29,"626*A",1370,-2120,"Lupinus argenteus",9,23,-14,5,0,0,0,1,0,0,1.30188679245283,6.41730744306381,0
2017,29,"626*A",1370,-2120,"Lupinus argenteus",0,9,-9,0,0,0,0,0,0,1,1.28571428571429,0,0
2014,29,"627*A",1380,-2120,"Lupinus argenteus",6,NA,NA,6,0,0,NA,1,0,0,2.52336448598131,132.86291390627,195.110194309109
2015,29,"627*A",1380,-2120,"Lupinus argenteus",9,6,3,8,0,0,0,1,0,0,3.0530303030303,100.181123638118,166.584099292586
2016,29,"627*A",1380,-2120,"Lupinus argenteus",0,9,-9,0,0,0,0,0,0,1,1.30188679245283,0,0
2014,29,"628*A",1380,-2118,"Elymus lanceolatus",4,NA,NA,7,0,0,NA,1,0,0,2.52336448598131,273.999944110454,99.9999999999945
2015,29,"628*A",1380,-2118,"Elymus lanceolatus",5,4,1,9,0,0,0,1,0,0,3.0530303030303,279.398795808607,99.9999999999904
2016,29,"628*A",1380,-2118,"Elymus lanceolatus",10,5,5,4,0,0,0,1,0,0,1.30188679245283,0,99.9999999999961
2017,29,"628*A",1380,-2118,"Elymus lanceolatus",0,10,-10,0,0,0,0,0,0,1,1.28571428571429,0,0
2014,29,"629*A",1380,-2116,"Elymus lanceolatus",14,NA,NA,10,1,0,NA,1,0,0,2.52336448598131,155.564876672736,8.16326530612247
2015,29,"629*A",1380,-2116,"Elymus lanceolatus",12,14,-2,15,0,0,0,1,0,0,3.0530303030303,179.518472866949,17.3611111111107
2016,29,"629*A",1380,-2116,"Elymus lanceolatus",15,12,3,21,7,0,0,1,0,0,1.30188679245283,2.31023067950309,44.4444444444443
2017,29,"629*A",1380,-2116,"Elymus lanceolatus",0,15,-15,0,0,0,0,0,0,1,1.28571428571429,0,0
2014,8,"63*A",890,-430,"Lupinus argenteus",17,NA,NA,11,1,0,NA,1,0,0,2.52336448598131,0,151.329611944803
2015,8,"63*A",890,-430,"Lupinus argenteus",14,17,-3,7.5,0,0,0,1,0,0,3.0530303030303,0,91.2284151999239
2016,8,"63*A",890,-430,"Lupinus argenteus",0,14,-14,0,0,0,0,0,0,1,1.30188679245283,0,0
2014,29,"630*A",1382,-2125,"Lupinus argenteus",26,NA,NA,16,4,0,NA,1,0,0,2.52336448598131,24.9781664651526,72.1185096454482
2015,29,"630*A",1382,-2125,"Lupinus argenteus",27,26,1,14,6,0,0,1,0,0,3.0530303030303,21.525049607073,47.4660788807143
2016,29,"630*A",1382,-2125,"Lupinus argenteus",0,27,-27,0,0,0,0,0,0,1,1.30188679245283,0,0
2014,29,"631*A",1338,-2126,"Elymus lanceolatus",20,NA,NA,20,3,0,NA,1,0,0,2.52336448598131,0,0
2015,29,"631*A",1338,-2126,"Elymus lanceolatus",30,20,10,22,4,0,0,1,0,0,3.0530303030303,0,0
2016,29,"631*A",1338,-2126,"Elymus lanceolatus",21,30,-9,30,14,0,0,1,0,0,1.30188679245283,0,0
2017,29,"631*A",1338,-2126,"Elymus lanceolatus",22,21,1,21,2,0,0,1,0,0,1.28571428571429,0,0
2018,29,"631*A",1338,-2126,"Elymus lanceolatus",30,22,8,28,15,0,0,1,0,0,1.12213740458015,0,0
2019,29,"631*A",1338,-2126,"Elymus lanceolatus",28.5,30,-1.5,22.5,26,0,0,1,0,0,0.5,0,0
2014,29,"632*A",1353,-2112,"Elymus lanceolatus",10,NA,NA,9,0,0,NA,1,0,0,2.52336448598131,0,0
2015,29,"632*A",1353,-2112,"Elymus lanceolatus",10,10,0,15,0,0,0,0,1,0,3.0530303030303,0,0
2014,29,"633*A",1370,-2095,"Lupinus argenteus",23,NA,NA,15,4,0,NA,1,0,0,2.52336448598131,0,0
2015,29,"633*A",1370,-2095,"Lupinus argenteus",0,23,-23,0,0,0,0,0,0,1,3.0530303030303,0,0
2014,29,"634*A",1340,-2095,"Lupinus argenteus",8,NA,NA,5,0,0,NA,1,0,0,2.52336448598131,0,0
2015,29,"634*A",1340,-2095,"Lupinus argenteus",9,8,1,5,0,0,0,1,0,0,3.0530303030303,0,3.68227340549659
2016,29,"634*A",1340,-2095,"Lupinus argenteus",0,9,-9,0,0,0,0,0,0,1,1.30188679245283,0,0
2014,29,"635*A",1315,-2090,"Lupinus argenteus",19,NA,NA,11,1,0,NA,1,0,0,2.52336448598131,0,11.9712095337742
2015,29,"635*A",1315,-2090,"Lupinus argenteus",7,19,-12,2.5,0,0,0,1,0,0,3.0530303030303,0,0
2016,29,"635*A",1315,-2090,"Lupinus argenteus",0,7,-7,0,0,0,0,0,0,1,1.30188679245283,0,0
2014,29,"636*A",1310,-2085,"Lupinus argenteus",7,NA,NA,5,0,0,NA,1,0,0,2.52336448598131,0,88.1960539120851
2015,29,"636*A",1310,-2085,"Lupinus argenteus",0,7,-7,0,0,0,0,1,0,0,3.0530303030303,0,0
2016,29,"636*A",1310,-2085,"Lupinus argenteus",9,0,9,6,0,0,0,1,0,0,1.30188679245283,0,0
2017,29,"636*A",1310,-2085,"Lupinus argenteus",7,9,-2,6,0,0,0,1,0,0,1.28571428571429,0,0
2018,29,"636*A",1310,-2085,"Lupinus argenteus",0,7,-7,0,0,0,0,0,0,1,1.12213740458015,0,0
2014,29,"637*A",1330,-2080,"Lupinus argenteus",5,NA,NA,3,0,0,NA,1,0,0,2.52336448598131,0,0
2015,29,"637*A",1330,-2080,"Lupinus argenteus",0,5,-5,0,0,0,0,0,0,1,3.0530303030303,0,0
2014,29,"638*A",1334,-2078,"Lupinus argenteus",2,NA,NA,3,0,0,NA,1,0,0,2.52336448598131,0,100.000000000004
2015,29,"638*A",1334,-2078,"Lupinus argenteus",0,2,-2,0,0,0,0,0,0,1,3.0530303030303,0,0
2014,29,"639*A",1340,-2078,"Lupinus argenteus",15,NA,NA,7,0,0,NA,1,0,0,2.52336448598131,0,1.77777777777826
2015,29,"639*A",1340,-2078,"Lupinus argenteus",0,15,-15,0,0,0,0,0,0,1,3.0530303030303,0,0
2014,8,"64*A",895,-430,"Lupinus argenteus",28,NA,NA,15,8,0,NA,1,0,0,2.52336448598131,0,104.024955831719
2015,8,"64*A",895,-430,"Lupinus argenteus",21,28,-7,9,0,0,0,1,0,0,3.0530303030303,0,57.6489617356102
2016,8,"64*A",895,-430,"Lupinus argenteus",8,21,-13,6,0,0,0,1,0,0,1.30188679245283,0,0
2017,8,"64*A",895,-430,"Lupinus argenteus",0,8,-8,0,0,0,0,0,0,1,1.28571428571429,0,0
2014,29,"640*A",1370,-2050,"Lupinus argenteus",6,NA,NA,7,2,0,NA,1,0,0,2.52336448598131,0,76.2821388043969
2015,29,"640*A",1370,-2050,"Lupinus argenteus",12,6,6,6,0,0,0,1,0,0,3.0530303030303,0,0
2016,29,"640*A",1370,-2050,"Lupinus argenteus",0,12,-12,0,0,0,0,0,0,1,1.30188679245283,0,0
2014,29,"641*A",1365,-2050,"Lupinus argenteus",13,NA,NA,9,1,0,NA,1,0,0,2.52336448598131,0,16.2494496861441
2015,29,"641*A",1365,-2050,"Lupinus argenteus",0,13,-13,0,0,0,0,0,0,1,3.0530303030303,0,0
2014,29,"642*A",1340,-2020,"Lupinus argenteus",18,NA,NA,11,1,0,NA,1,0,0,2.52336448598131,0,13.7861238844654
2015,29,"642*A",1340,-2020,"Lupinus argenteus",14,18,-4,18,1,0,0,1,0,0,3.0530303030303,0,0
2016,29,"642*A",1340,-2020,"Lupinus argenteus",10,14,-4,7,0,0,0,1,0,0,1.30188679245283,0,0
2017,29,"642*A",1340,-2020,"Lupinus argenteus",7,10,-3,4,0,0,0,1,0,0,1.28571428571429,0,0
2018,29,"642*A",1340,-2020,"Lupinus argenteus",0,7,-7,0,0,0,0,0,0,1,1.12213740458015,0,0
2014,29,"643*A",1350,-2030,"Lupinus argenteus",19,NA,NA,12,0,0,NA,1,0,0,2.52336448598131,0,12.3731416580796
2015,29,"643*A",1350,-2030,"Lupinus argenteus",5,19,-14,4,0,0,0,1,0,0,3.0530303030303,0,0
2016,29,"643*A",1350,-2030,"Lupinus argenteus",0,5,-5,0,0,0,0,0,0,1,1.30188679245283,0,0
2014,29,"644*A",1355,-2005,"Lupinus argenteus",4,NA,NA,2,0,0,NA,1,0,0,2.52336448598131,0,0
2015,29,"644*A",1355,-2005,"Lupinus argenteus",10,4,6,7,0,0,0,1,0,0,3.0530303030303,0,0
2016,29,"644*A",1355,-2005,"Lupinus argenteus",18,10,8,8,0,0,0,1,0,0,1.30188679245283,0,0
2017,29,"644*A",1355,-2005,"Lupinus argenteus",0,18,-18,0,0,0,0,0,0,1,1.28571428571429,0,0
2014,29,"645*A",1315,-2010,"Lupinus argenteus",3,NA,NA,2,0,0,NA,1,0,0,2.52336448598131,0,0
2015,29,"645*A",1315,-2010,"Lupinus argenteus",22,3,19,11,2,0,0,1,0,0,3.0530303030303,0,0
2016,29,"645*A",1315,-2010,"Lupinus argenteus",7.5,22,-14.5,6,0,0,0,1,0,0,1.30188679245283,0,0
2017,29,"645*A",1315,-2010,"Lupinus argenteus",0,7.5,-7.5,0,0,0,0,0,0,1,1.28571428571429,0,0
2014,29,"646*A",1280,-2010,"Ivesia gordonii",6,NA,NA,6,0,0,NA,1,0,0,2.52336448598131,0,0
2015,29,"646*A",1280,-2010,"Ivesia gordonii",8,6,2,6,1,0,0,1,0,0,3.0530303030303,0,0
2016,29,"646*A",1280,-2010,"Ivesia gordonii",7,8,-1,8,0,0,0,1,0,0,1.30188679245283,0,0
2017,29,"646*A",1280,-2010,"Ivesia gordonii",12,7,5,7,0,0,0,1,0,0,1.28571428571429,0,0
2018,29,"646*A",1280,-2010,"Ivesia gordonii",18,12,6,5,34,0,0,1,0,0,1.12213740458015,0,0
2019,29,"646*A",1280,-2010,"Ivesia gordonii",0,18,-18,0,0,0,0,0,0,1,0.5,0,0
2014,29,"647*A",1265,-2020,"Lupinus argenteus",23,NA,NA,11,1,0,NA,1,0,0,2.52336448598131,0,49.4172577297211
2015,29,"647*A",1265,-2020,"Lupinus argenteus",17,23,-6,7,0,0,0,1,0,0,3.0530303030303,0,0
2016,29,"647*A",1265,-2020,"Lupinus argenteus",0,17,-17,0,0,0,0,0,0,1,1.30188679245283,0,0
2014,29,"648*A",1270,-2030,"Lupinus argenteus",8,NA,NA,7,0,0,NA,1,0,0,2.52336448598131,0,85.5279523482465
2015,29,"648*A",1270,-2030,"Lupinus argenteus",0,8,-8,0,0,0,0,0,0,1,3.0530303030303,0,0
2014,29,"649*A",1260,-2035,"Lupinus argenteus",4,NA,NA,3,0,0,NA,1,0,0,2.52336448598131,0,91.279640700533
2015,29,"649*A",1260,-2035,"Lupinus argenteus",0,4,-4,0,0,0,0,0,0,1,3.0530303030303,0,0
2014,8,"65*A",905,-430,"Lupinus argenteus",32,NA,NA,14,2,0,NA,1,0,0,2.52336448598131,1.56249999999996,65.2868250783876
2015,8,"65*A",905,-430,"Lupinus argenteus",12.5,32,-19.5,8,0,0,0,1,0,0,3.0530303030303,0,48.271505575801
2016,8,"65*A",905,-430,"Lupinus argenteus",0,12.5,-12.5,0,0,0,0,0,0,1,1.30188679245283,0,0
2014,29,"650*A",1265,-2035,"Lupinus argenteus",13,NA,NA,10,1,0,NA,1,0,0,2.52336448598131,0,36.0000122516924
2015,29,"650*A",1265,-2035,"Lupinus argenteus",10,13,-3,8,0,0,0,1,0,0,3.0530303030303,0,1.00000000000007
2016,29,"650*A",1265,-2035,"Lupinus argenteus",0,10,-10,0,0,0,0,0,0,1,1.30188679245283,0,0
2014,29,"651*A",1250,-2020,"Lupinus argenteus",29,NA,NA,17,3,0,NA,1,0,0,2.52336448598131,0,36.3163453479775
2015,29,"651*A",1250,-2020,"Lupinus argenteus",12,29,-17,5,0,0,0,1,0,0,3.0530303030303,1.56250000000011,0
2016,29,"651*A",1250,-2020,"Lupinus argenteus",1,12,-11,1,0,0,0,1,0,0,1.30188679245283,0,0
2017,29,"651*A",1250,-2020,"Lupinus argenteus",8.5,1,7.5,5,0,0,0,1,0,0,1.28571428571429,0,0
2018,29,"651*A",1250,-2020,"Lupinus argenteus",0,8.5,-8.5,0,0,0,0,0,0,1,1.12213740458015,0,0
2014,29,"653*A",1240,-2025,"Lupinus argenteus",11,NA,NA,5,0,0,NA,1,0,0,2.52336448598131,0,83.139187596346
2015,29,"653*A",1240,-2025,"Lupinus argenteus",9,11,-2,10,1,0,0,1,0,0,3.0530303030303,0,0
2016,29,"653*A",1240,-2025,"Lupinus argenteus",11,9,2,9,0,0,0,1,0,0,1.30188679245283,12.9750152208789,0
2017,29,"653*A",1240,-2025,"Lupinus argenteus",0,11,-11,0,0,0,0,0,0,1,1.28571428571429,0,0
2014,29,"654*A",1205,-2030,"Chaenactis douglasii",7,NA,NA,3,3,0,NA,1,0,0,2.52336448598131,0,0
2015,29,"654*A",1205,-2030,"Chaenactis douglasii",8,7,1,3,3,0,0,1,0,0,3.0530303030303,44.4740280343521,0
2016,29,"654*A",1205,-2030,"Chaenactis douglasii",7,8,-1,3.5,0,0,0,1,0,0,1.30188679245283,144.792355050559,0
2017,29,"654*A",1205,-2030,"Chaenactis douglasii",6,7,-1,5,4,0,0,1,0,0,1.28571428571429,74.2451025552588,0
2018,29,"654*A",1205,-2030,"Chaenactis douglasii",0,6,-6,0,0,0,0,0,0,1,1.12213740458015,0,0
2014,29,"655*A",1221,-2055,"Eriogonum umbellatum",46,NA,NA,4,46,0,NA,1,0,0,2.52336448598131,11.2163500364174,0
2015,29,"655*A",1221,-2055,"Eriogonum umbellatum",59,46,13,4,63,0,0,1,0,0,3.0530303030303,25.2037217075799,0
2016,29,"655*A",1221,-2055,"Eriogonum umbellatum",57,59,-2,4,71,0,0,1,0,0,1.30188679245283,32.4342189915181,0
2017,29,"655*A",1221,-2055,"Eriogonum umbellatum",49,57,-8,4,84,0,0,1,0,0,1.28571428571429,33.5886735746547,0
2018,29,"655*A",1221,-2055,"Eriogonum umbellatum",55,49,6,3,20,0,0,1,0,0,1.12213740458015,35.9532221422669,0
2019,29,"655*A",1221,-2055,"Eriogonum umbellatum",59,55,4,5.5,67,0,0,1,0,0,0.5,46.7967855036993,0
2014,29,"656*A",1215,-2041,"Elymus lanceolatus",12,NA,NA,22,6,0,NA,1,0,0,2.52336448598131,99.9999999999994,2.65614004824236
2015,29,"656*A",1215,-2041,"Elymus lanceolatus",22,12,10,14,1,0,0,1,0,0,3.0530303030303,100.025892658249,24.8087723870518
2016,29,"656*A",1215,-2041,"Elymus lanceolatus",14,22,-8,23,4,0,0,1,0,0,1.30188679245283,99.9999999999994,33.5694177110414
2017,29,"656*A",1215,-2041,"Elymus lanceolatus",16,14,2,22,1,0,0,1,0,0,1.28571428571429,99.9999999999992,54.864245773015
2018,29,"656*A",1215,-2041,"Elymus lanceolatus",14,16,-2,21,5,0,0,1,0,0,1.12213740458015,99.9999999999994,60.4112189863544
2019,29,"656*A",1215,-2041,"Elymus lanceolatus",17,14,3,27,2,0,0,1,0,0,0.5,100.000000000001,90.2066822714968
2014,29,"657*A",1219,-2033,"Elymus lanceolatus",8,NA,NA,10,0,0,NA,1,0,0,2.52336448598131,61.6552396647601,5.9763151085451
2015,29,"657*A",1219,-2033,"Elymus lanceolatus",13,8,5,12,0,0,0,1,0,0,3.0530303030303,99.9999999999996,64.0268551135018
2016,29,"657*A",1219,-2033,"Elymus lanceolatus",13,13,0,20,5,0,0,1,0,0,1.30188679245283,99.9875824542459,65.5461443115901
2017,29,"657*A",1219,-2033,"Elymus lanceolatus",21,13,8,22,1,0,0,1,0,0,1.28571428571429,61.9282993595526,59.6604273976227
2018,29,"657*A",1219,-2033,"Elymus lanceolatus",18,21,-3,21,5,0,0,1,0,0,1.12213740458015,83.3488014660888,83.7636096317446
2019,29,"657*A",1219,-2033,"Elymus lanceolatus",25,18,7,24,8,0,0,1,0,0,0.5,85.7465770699677,62.505204421759
2014,29,"658*A",1215,-2025,"Elymus lanceolatus",3,NA,NA,6,0,0,NA,1,0,0,2.52336448598131,0,0
2015,29,"658*A",1215,-2025,"Elymus lanceolatus",6,3,3,4,0,0,0,1,0,0,3.0530303030303,24.8613357753153,3.64302624755887
2016,29,"658*A",1215,-2025,"Elymus lanceolatus",4,6,-2,7,0,0,0,1,0,0,1.30188679245283,46.9315242286287,0
2017,29,"658*A",1215,-2025,"Elymus lanceolatus",3,4,-1,4,0,0,0,1,0,0,1.28571428571429,0,99.9999999999984
2018,29,"658*A",1215,-2025,"Elymus lanceolatus",5,3,2,6,0,0,0,1,0,0,1.12213740458015,0,47.8496305559055
2019,29,"658*A",1215,-2025,"Elymus lanceolatus",0,5,-5,0,0,0,0,0,0,1,0.5,0,0
2014,29,"659*A",1225,-2045,"Elymus lanceolatus",5,NA,NA,10,0,0,NA,1,0,0,2.52336448598131,99.9999999999994,0
2015,29,"659*A",1225,-2045,"Elymus lanceolatus",5,5,0,10,0,0,0,1,0,0,3.0530303030303,99.9999999999994,52.7222506425103
2016,29,"659*A",1225,-2045,"Elymus lanceolatus",12,5,7,20,2,0,0,1,0,0,1.30188679245283,100.000000000001,51.554019372149
2017,29,"659*A",1225,-2045,"Elymus lanceolatus",6,12,-6,13,0,0,0,1,0,0,1.28571428571429,99.9999999999998,7.83774333432691
2018,29,"659*A",1225,-2045,"Elymus lanceolatus",3,6,-3,17,0,0,0,1,0,0,1.12213740458015,100.000000000005,100.000000000005
2019,29,"659*A",1225,-2045,"Elymus lanceolatus",8,3,5,14,0,0,0,1,0,0,0.5,109.455209752283,59.681491572523
2014,29,"660*A",1230,-2035,"Elymus lanceolatus",6,NA,NA,8,0,0,NA,1,0,0,2.52336448598131,69.9479807633153,0
2015,29,"660*A",1230,-2035,"Elymus lanceolatus",9,6,3,13,0,0,0,1,0,0,3.0530303030303,100.000000000001,0
2016,29,"660*A",1230,-2035,"Elymus lanceolatus",22,9,13,13,1,0,0,1,0,0,1.30188679245283,86.8052258649422,29.5010628444124
2017,29,"660*A",1230,-2035,"Elymus lanceolatus",18,22,-4,15,0,0,0,1,0,0,1.28571428571429,69.6016900827048,38.0909544357545
2018,29,"660*A",1230,-2035,"Elymus lanceolatus",26,18,8,16.5,2,0,0,1,0,0,1.12213740458015,80.0502299328499,32.938668452841
2019,29,"660*A",1230,-2035,"Elymus lanceolatus",18,26,-8,21,4,0,0,1,0,0,0.5,131.718788218245,56.055875603145
2014,30,"661*A",1639,-2101,"Elymus lanceolatus",13,NA,NA,22,9,0,NA,1,0,0,2.52336448598131,0,0
2015,30,"661*A",1639,-2101,"Elymus lanceolatus",27,13,14,19,8,0,0,1,0,0,3.0530303030303,0,0
2016,30,"661*A",1639,-2101,"Elymus lanceolatus",26,27,-1,32,12,0,0,1,0,0,1.30188679245283,0,0
2017,30,"661*A",1639,-2101,"Elymus lanceolatus",32,26,6,25,19,0,0,1,0,0,1.28571428571429,0,0
2018,30,"661*A",1639,-2101,"Elymus lanceolatus",21,32,-11,26,19,0,0,1,0,0,1.12213740458015,0,0
2019,30,"661*A",1639,-2101,"Elymus lanceolatus",28,21,7,20,6,0,0,1,0,0,0.5,0,0
2014,31,"662*A",42,-2521,"Phacelia hastata",10,NA,NA,4,3,0,NA,1,0,0,2.52336448598131,0,0
2015,31,"662*A",42,-2521,"Phacelia hastata",13,10,3,3,1,0,0,1,0,0,3.0530303030303,0,0
2016,31,"662*A",42,-2521,"Phacelia hastata",22,13,9,6,6,0,0,1,0,0,1.30188679245283,0,0
2017,31,"662*A",42,-2521,"Phacelia hastata",20,22,-2,8,6,0,0,1,0,0,1.28571428571429,0,0
2018,31,"662*A",42,-2521,"Phacelia hastata",16,20,-4,5,0,0,0,1,0,0,1.12213740458015,0,0
2019,31,"662*A",42,-2521,"Phacelia hastata",0,16,-16,0,0,0,0,0,0,1,0.5,0,0
2014,31,"663*A",115,-2575,"Eriogonum umbellatum",98,NA,NA,3,133,0,NA,1,0,0,2.52336448598131,4.40451813477163,0
2015,31,"663*A",115,-2575,"Eriogonum umbellatum",112,98,14,5,77,0,0,1,0,0,3.0530303030303,13.4634412265469,0
2016,31,"663*A",115,-2575,"Eriogonum umbellatum",112,112,0,6,168,0,0,1,0,0,1.30188679245283,23.4406512975142,0
2017,31,"663*A",115,-2575,"Eriogonum umbellatum",99,112,-13,5,94,0,0,1,0,0,1.28571428571429,36.0795881705394,0
2018,31,"663*A",115,-2575,"Eriogonum umbellatum",85,99,-14,4,92,0,0,1,0,0,1.12213740458015,43.5325539133112,0
2019,31,"663*A",115,-2575,"Eriogonum umbellatum",88,85,3,5.5,8,0,0,1,0,0,0.5,39.0255979861497,0
2014,31,"664*A",102,-2576,"Achnatherum lettermanii",9,NA,NA,19,0,0,NA,1,0,0,2.52336448598131,100,0
2015,31,"664*A",102,-2576,"Achnatherum lettermanii",16,9,7,21,0,0,0,1,0,0,3.0530303030303,100,8.05513071878699
2016,31,"664*A",102,-2576,"Achnatherum lettermanii",23,16,7,22,41,0,0,1,0,0,1.30188679245283,100.088911111648,20.9490989421149
2017,31,"664*A",102,-2576,"Achnatherum lettermanii",25,23,2,23,27,0,0,1,0,0,1.28571428571429,106.105883002235,14.8770151174488
2018,31,"664*A",102,-2576,"Achnatherum lettermanii",21,25,-4,19.5,11,0,0,1,0,0,1.12213740458015,100.108560253268,13.646830453096
2019,31,"664*A",102,-2576,"Achnatherum lettermanii",17.5,21,-3.5,13.5,0,0,0,1,0,0,0.5,99.9999999999999,4.65140369592561
2014,31,"665*A",102,-2586,"Achnatherum lettermanii",6,NA,NA,9,0,0,NA,1,0,0,2.52336448598131,99.9999999999999,0
2015,31,"665*A",102,-2586,"Achnatherum lettermanii",10,6,4,11,0,0,0,1,0,0,3.0530303030303,99.9999999999998,20.6211346400946
2016,31,"665*A",102,-2586,"Achnatherum lettermanii",14,10,4,13,4,0,0,1,0,0,1.30188679245283,100,56.5411905121367
2017,31,"665*A",102,-2586,"Achnatherum lettermanii",11,14,-3,11,2,0,0,1,0,0,1.28571428571429,99.9999999999998,73.6912350929426
2018,31,"665*A",102,-2586,"Achnatherum lettermanii",11,11,0,11,0,0,0,1,0,0,1.12213740458015,99.9999999999998,49.7376217340111
2019,31,"665*A",102,-2586,"Achnatherum lettermanii",7.5,11,-3.5,7,0,0,0,1,0,0,0.5,100,25.3243090111503
2014,31,"666*A",131,-2570,"Elymus lanceolatus",2,NA,NA,13,0,0,NA,1,0,0,2.52336448598131,100,0
2015,31,"666*A",131,-2570,"Elymus lanceolatus",2,2,0,13,0,0,0,1,0,0,3.0530303030303,100,0
2016,31,"666*A",131,-2570,"Elymus lanceolatus",3,2,1,15,1,0,0,1,0,0,1.30188679245283,99.9999999999999,0
2017,31,"666*A",131,-2570,"Elymus lanceolatus",0,3,-3,0,0,0,0,0,0,1,1.28571428571429,0,0
2014,31,"667*A",115,-2567,"Elymus lanceolatus",2,NA,NA,12,0,0,NA,1,0,0,2.52336448598131,99.9999999999998,0
2015,31,"667*A",115,-2567,"Elymus lanceolatus",8,2,6,13,0,0,0,1,0,0,3.0530303030303,99.9999999999997,66.7133949697318
2016,31,"667*A",115,-2567,"Elymus lanceolatus",8,8,0,14,2,0,0,1,0,0,1.30188679245283,99.9999999999997,175.908537818035
2017,31,"667*A",115,-2567,"Elymus lanceolatus",10,8,2,16,1,0,0,1,0,0,1.28571428571429,109.309426248639,187.543402971475
2018,31,"667*A",115,-2567,"Elymus lanceolatus",6,10,-4,10,0,0,0,1,0,0,1.12213740458015,99.9999999999995,194.976347524013
2019,31,"667*A",115,-2567,"Elymus lanceolatus",11,6,5,10,0,0,0,1,0,0,0.5,99.9999999999999,128.423946904093
2014,31,"668*A",115,-2561,"Elymus lanceolatus",2,NA,NA,11,0,0,NA,1,0,0,2.52336448598131,99.9999999999998,0
2015,31,"668*A",115,-2561,"Elymus lanceolatus",7,2,5,13,0,0,0,1,0,0,3.0530303030303,100,51.9590661249493
2016,31,"668*A",115,-2561,"Elymus lanceolatus",16,7,9,33,1,0,0,1,0,0,1.30188679245283,99.9999999999999,84.4179124253971
2017,31,"668*A",115,-2561,"Elymus lanceolatus",19,16,3,14,1,0,0,1,0,0,1.28571428571429,104.619661680722,86.8122323480767
2018,31,"668*A",115,-2561,"Elymus lanceolatus",17,19,-2,12,0,0,0,1,0,0,1.12213740458015,100,83.835653234017
2019,31,"668*A",115,-2561,"Elymus lanceolatus",10,17,-7,25.5,1,0,0,1,0,0,0.5,99.9999999999998,134.392975753952
2014,31,"669*A",135,-2563,"Elymus lanceolatus",2,NA,NA,11,1,0,NA,1,0,0,2.52336448598131,100,0
2015,31,"669*A",135,-2563,"Elymus lanceolatus",4,2,2,13,0,0,0,0,1,0,3.0530303030303,100.000000000001,0
2014,8,"67*A",970,-405,"Phacelia hastata",14,NA,NA,4,6,0,NA,1,0,0,2.52336448598131,0,0
2015,8,"67*A",970,-405,"Phacelia hastata",23,14,9,5,11,0,0,1,0,0,3.0530303030303,41.4827279134095,0
2016,8,"67*A",970,-405,"Phacelia hastata",26,23,3,7,48,0,0,1,0,0,1.30188679245283,0,0
2017,8,"67*A",970,-405,"Phacelia hastata",28,26,2,8,18,0,0,1,0,0,1.28571428571429,0,0
2018,8,"67*A",970,-405,"Phacelia hastata",0,28,-28,0,0,0,0,0,0,1,1.12213740458015,0,0
2014,31,"670*A",119,-2565,"Elymus lanceolatus",6,NA,NA,10,0,0,NA,1,0,0,2.52336448598131,99.9999999999995,0
2015,31,"670*A",119,-2565,"Elymus lanceolatus",11,6,5,14,0,0,0,1,0,0,3.0530303030303,99.9999999999999,46.82972569238
2016,31,"670*A",119,-2565,"Elymus lanceolatus",18,11,7,22,12,0,0,1,0,0,1.30188679245283,100.145166598957,71.4593801251458
2017,31,"670*A",119,-2565,"Elymus lanceolatus",19,18,1,14,2,0,0,1,0,0,1.28571428571429,106.37084672428,95.9884809714987
2018,31,"670*A",119,-2565,"Elymus lanceolatus",20,19,1,18,4,0,0,1,0,0,1.12213740458015,102.715816614952,76.6688087544026
2019,31,"670*A",119,-2565,"Elymus lanceolatus",22.5,20,2.5,23,14,0,0,1,0,0,0.5,102.620337016634,59.5173578562772
2014,31,"671*A",150,-2582,"Elymus lanceolatus",6,NA,NA,13,1,0,NA,1,0,0,2.52336448598131,99.9999999999999,0
2015,31,"671*A",150,-2582,"Elymus lanceolatus",14,6,8,18,1,0,0,0,1,0,3.0530303030303,100,10.8107266377466
2014,31,"672*A",133,-2584,"Elymus lanceolatus",7,NA,NA,17,1,0,NA,1,0,0,2.52336448598131,100,0
2015,31,"672*A",133,-2584,"Elymus lanceolatus",16,7,9,16,2,0,0,1,0,0,3.0530303030303,99.9999999999999,0
2016,31,"672*A",133,-2584,"Elymus lanceolatus",24.5,16,8.5,32,36,0,0,1,0,0,1.30188679245283,100,0
2017,31,"672*A",133,-2584,"Elymus lanceolatus",33,24.5,8.5,29,19,0,0,1,0,0,1.28571428571429,103.411162835645,1.90329406297381
2018,31,"672*A",133,-2584,"Elymus lanceolatus",37,33,4,26.5,22,0,0,1,0,0,1.12213740458015,103.72663043962,4.70528822341194
2019,31,"672*A",133,-2584,"Elymus lanceolatus",36,37,-1,25,16,0,0,1,0,0,0.5,102.500111697496,17.6817279285124
2014,31,"673*A",156,-2590,"Elymus lanceolatus",2,NA,NA,9,0,0,NA,1,0,0,2.52336448598131,100,0
2015,31,"673*A",156,-2590,"Elymus lanceolatus",7,2,5,20,1,0,0,0,1,0,3.0530303030303,100.000000000001,2.41542439824196
2014,31,"674*A",163,-2597,"Elymus lanceolatus",3,NA,NA,16,1,0,NA,1,0,0,2.52336448598131,0,0
2015,31,"674*A",163,-2597,"Elymus lanceolatus",11,3,8,15,0,0,0,1,0,0,3.0530303030303,85.4999164623703,0
2016,31,"674*A",163,-2597,"Elymus lanceolatus",25,11,14,23,4,0,0,1,0,0,1.30188679245283,72.362099215491,0
2017,31,"674*A",163,-2597,"Elymus lanceolatus",22,25,-3,17,4,0,0,1,0,0,1.28571428571429,37.608609736194,0
2018,31,"674*A",163,-2597,"Elymus lanceolatus",4,22,-18,11.5,0,0,0,1,0,0,1.12213740458015,0,0
2019,31,"674*A",163,-2597,"Elymus lanceolatus",4.5,4,0.5,8,0,0,0,1,0,0,0.5,0,0
2014,31,"675*A",156,-2575,"Elymus lanceolatus",6,NA,NA,14,1,0,NA,1,0,0,2.52336448598131,99.9999999999995,29.0409645150634
2015,31,"675*A",156,-2575,"Elymus lanceolatus",10,6,4,14,1,0,0,0,1,0,3.0530303030303,99.9999999999996,25.4366727725254
2014,31,"676*A",157,-2579,"Elymus lanceolatus",7,NA,NA,17,1,0,NA,1,0,0,2.52336448598131,100.000000000001,21.3362188273935
2015,31,"676*A",157,-2579,"Elymus lanceolatus",3,7,-4,9,0,0,0,0,1,0,3.0530303030303,100.000000000001,104.832198092263
2014,31,"677*A",50,-2405,"Eriogonum umbellatum",34,NA,NA,3,9,0,NA,1,0,0,2.52336448598131,2.02058897758349,0
2015,31,"677*A",50,-2405,"Eriogonum umbellatum",36,34,2,3.5,9,0,0,1,0,0,3.0530303030303,9.06337352218406,0.0857341268504403
2016,31,"677*A",50,-2405,"Eriogonum umbellatum",35,36,-1,2,9,0,0,1,0,0,1.30188679245283,9.52013234716352,0.810493144807815
2017,31,"677*A",50,-2405,"Eriogonum umbellatum",37,35,2,2,3,0,0,1,0,0,1.28571428571429,24.1803101815934,0
2018,31,"677*A",50,-2405,"Eriogonum umbellatum",12,37,-25,2,0,0,0,1,0,0,1.12213740458015,0,0
2019,31,"677*A",50,-2405,"Eriogonum umbellatum",12,12,0,3.5,1,0,0,1,0,0,0.5,0,0
2014,31,"678*A",38,-2404,"Achnatherum lettermanii",4,NA,NA,4,0,0,NA,1,0,0,2.52336448598131,100,0
2015,31,"678*A",38,-2404,"Achnatherum lettermanii",9,4,5,8,0,0,0,1,0,0,3.0530303030303,100,0
2016,31,"678*A",38,-2404,"Achnatherum lettermanii",9,9,0,12,4,0,0,1,0,0,1.30188679245283,100,0
2017,31,"678*A",38,-2404,"Achnatherum lettermanii",18,9,9,18,23,0,0,1,0,0,1.28571428571429,88.4907067072209,0
2018,31,"678*A",38,-2404,"Achnatherum lettermanii",12,18,-6,9,12,0,0,1,0,0,1.12213740458015,0,0
2019,31,"678*A",38,-2404,"Achnatherum lettermanii",0,12,-12,0,0,0,0,0,0,1,0.5,0,0
2014,31,"679*A",30,-2440,"Achnatherum lettermanii",9,NA,NA,8,0,0,NA,1,0,0,2.52336448598131,0,0
2015,31,"679*A",30,-2440,"Achnatherum lettermanii",11,9,2,8,0,0,0,1,0,0,3.0530303030303,0,0
2016,31,"679*A",30,-2440,"Achnatherum lettermanii",18,11,7,17,8,0,0,1,0,0,1.30188679245283,0,0
2017,31,"679*A",30,-2440,"Achnatherum lettermanii",22,18,4,17,17,0,0,1,0,0,1.28571428571429,0,0
2018,31,"679*A",30,-2440,"Achnatherum lettermanii",13,22,-9,6,0,0,0,1,0,0,1.12213740458015,0,0
2019,31,"679*A",30,-2440,"Achnatherum lettermanii",0,13,-13,0,0,0,0,0,0,1,0.5,0,0
2014,8,"68*A",960,-420,"Lupinus argenteus",19,NA,NA,14,0,0,NA,1,0,0,2.52336448598131,0,38.1473555706089
2015,8,"68*A",960,-420,"Lupinus argenteus",32,19,13,15,0,0,0,1,0,0,3.0530303030303,17.3555354114454,43.0710414197181
2016,8,"68*A",960,-420,"Lupinus argenteus",0,32,-32,0,0,0,0,0,0,1,1.30188679245283,0,0
2014,31,"680*A",55,-2450,"Eriogonum umbellatum",30,NA,NA,4,2,0,NA,1,0,0,2.52336448598131,0,0
2015,31,"680*A",55,-2450,"Eriogonum umbellatum",31,30,1,3,3,0,0,1,0,0,3.0530303030303,0,0
2016,31,"680*A",55,-2450,"Eriogonum umbellatum",32,31,1,2,3,0,0,1,0,0,1.30188679245283,0,0
2017,31,"680*A",55,-2450,"Eriogonum umbellatum",6,32,-26,2,0,0,0,1,0,0,1.28571428571429,0,0
2018,31,"680*A",55,-2450,"Eriogonum umbellatum",0,6,-6,0,0,0,0,0,0,1,1.12213740458015,0,0
2014,32,"681*A",423,-2572,"Lupinus argenteus",6,NA,NA,4,0,0,NA,1,0,0,2.52336448598131,0,0
2015,32,"681*A",423,-2572,"Lupinus argenteus",11.5,6,5.5,5,0,0,0,1,0,0,3.0530303030303,0,0
2016,32,"681*A",423,-2572,"Lupinus argenteus",14,11.5,2.5,7,0,0,0,1,0,0,1.30188679245283,0,0
2017,32,"681*A",423,-2572,"Lupinus argenteus",22,14,8,9,0,0,0,1,0,0,1.28571428571429,0,0
2018,32,"681*A",423,-2572,"Lupinus argenteus",4.5,22,-17.5,2.5,0,0,0,1,0,0,1.12213740458015,0,0
2019,32,"681*A",423,-2572,"Lupinus argenteus",0,4.5,-4.5,0,0,0,0,0,0,1,0.5,0,0
2014,32,"682*A",461,-2585,"Ivesia gordonii",8,NA,NA,5,4,0,NA,1,0,0,2.52336448598131,0,0
2015,32,"682*A",461,-2585,"Ivesia gordonii",10.5,8,2.5,6,0,0,0,1,0,0,3.0530303030303,0,0
2016,32,"682*A",461,-2585,"Ivesia gordonii",12,10.5,1.5,5,4,0,0,1,0,0,1.30188679245283,0,0
2017,32,"682*A",461,-2585,"Ivesia gordonii",0,12,-12,0,0,0,0,0,0,1,1.28571428571429,0,0
2014,32,"683*A",501,-2600,"Eriogonum umbellatum",33,NA,NA,2,14,0,NA,1,0,0,2.52336448598131,0,0
2015,32,"683*A",501,-2600,"Eriogonum umbellatum",34,33,1,2.5,22,0,0,1,0,0,3.0530303030303,0,0
2016,32,"683*A",501,-2600,"Eriogonum umbellatum",33,34,-1,2,10,0,0,1,0,0,1.30188679245283,0,0
2017,32,"683*A",501,-2600,"Eriogonum umbellatum",35,33,2,2,8,0,0,1,0,0,1.28571428571429,0,0
2018,32,"683*A",501,-2600,"Eriogonum umbellatum",28,35,-7,3,1,0,0,1,0,0,1.12213740458015,0,0
2019,32,"683*A",501,-2600,"Eriogonum umbellatum",9.5,28,-18.5,4,2,0,0,1,0,0,0.5,0,0
2014,32,"684*A",487,-2581,"Ivesia gordonii",6,NA,NA,3,1,0,NA,1,0,0,2.52336448598131,0,0
2015,32,"684*A",487,-2581,"Ivesia gordonii",1.5,6,-4.5,1.5,0,0,0,1,0,0,3.0530303030303,0,0
2016,32,"684*A",487,-2581,"Ivesia gordonii",1.5,1.5,0,2,0,0,0,1,0,0,1.30188679245283,0,0
2017,32,"684*A",487,-2581,"Ivesia gordonii",6,1.5,4.5,2,1,0,0,1,0,0,1.28571428571429,0,0
2018,32,"684*A",487,-2581,"Ivesia gordonii",6.5,6,0.5,2,2,0,0,1,0,0,1.12213740458015,0,0
2019,32,"684*A",487,-2581,"Ivesia gordonii",9.5,6.5,3,5,3,0,0,1,0,0,0.5,0,0
2014,32,"685*A",537,-2600,"Ivesia gordonii",5,NA,NA,2,0,0,NA,1,0,0,2.52336448598131,0,0
2015,32,"685*A",537,-2600,"Ivesia gordonii",7.5,5,2.5,4,3,0,0,1,0,0,3.0530303030303,0,0
2016,32,"685*A",537,-2600,"Ivesia gordonii",8,7.5,0.5,4,2,0,0,1,0,0,1.30188679245283,0,0
2017,32,"685*A",537,-2600,"Ivesia gordonii",8,8,0,3,1,0,0,1,0,0,1.28571428571429,0,0
2018,32,"685*A",537,-2600,"Ivesia gordonii",7,8,-1,3.5,1,0,0,1,0,0,1.12213740458015,0,0
2019,32,"685*A",537,-2600,"Ivesia gordonii",9.5,7,2.5,5,3,0,0,1,0,0,0.5,0,0
2014,32,"686*A",521,-2529,"Eriogonum umbellatum",28,NA,NA,3,21,0,NA,1,0,0,2.52336448598131,0,0
2015,32,"686*A",521,-2529,"Eriogonum umbellatum",31,28,3,3,33,0,0,1,0,0,3.0530303030303,0.650364203954189,0
2016,32,"686*A",521,-2529,"Eriogonum umbellatum",37,31,6,3,34,0,0,1,0,0,1.30188679245283,1.47918188458732,0
2017,32,"686*A",521,-2529,"Eriogonum umbellatum",38,37,1,2,29,0,0,1,0,0,1.28571428571429,0.848337950138449,0
2018,32,"686*A",521,-2529,"Eriogonum umbellatum",35,38,-3,2.5,45,0,0,1,0,0,1.12213740458015,1.65306122448983,0
2019,32,"686*A",521,-2529,"Eriogonum umbellatum",37.5,35,2.5,9,20,0,0,1,0,0,0.5,0,0
2014,32,"687*A",575,-2515,"Ivesia gordonii",16,NA,NA,4,2,0,NA,1,0,0,2.52336448598131,0,0
2015,32,"687*A",575,-2515,"Ivesia gordonii",15,16,-1,5,23,0,0,1,0,0,3.0530303030303,0,0
2016,32,"687*A",575,-2515,"Ivesia gordonii",11.5,15,-3.5,4,15,0,0,1,0,0,1.30188679245283,0,0
2017,32,"687*A",575,-2515,"Ivesia gordonii",0,11.5,-11.5,0,0,0,0,0,0,1,1.28571428571429,0,0
2014,32,"688*A",525,-2454,"Ivesia gordonii",10,NA,NA,4,0,0,NA,1,0,0,2.52336448598131,0,0
2015,32,"688*A",525,-2454,"Ivesia gordonii",10,10,0,4,0,0,0,1,0,0,3.0530303030303,0,0
2016,32,"688*A",525,-2454,"Ivesia gordonii",14,10,4,5,3,0,0,1,0,0,1.30188679245283,0,0
2017,32,"688*A",525,-2454,"Ivesia gordonii",7,14,-7,5,1,0,0,1,0,0,1.28571428571429,0,0
2018,32,"688*A",525,-2454,"Ivesia gordonii",11.5,7,4.5,4,1,0,0,1,0,0,1.12213740458015,0,0
2019,32,"688*A",525,-2454,"Ivesia gordonii",13.5,11.5,2,5.5,3,0,0,1,0,0,0.5,0,0
2014,32,"689*A",520,-2440,"Ivesia gordonii",7,NA,NA,3,0,0,NA,1,0,0,2.52336448598131,0,0
2015,32,"689*A",520,-2440,"Ivesia gordonii",11,7,4,4,2,0,0,1,0,0,3.0530303030303,0,0
2016,32,"689*A",520,-2440,"Ivesia gordonii",11,11,0,4,6,0,0,1,0,0,1.30188679245283,0,0
2017,32,"689*A",520,-2440,"Ivesia gordonii",10.5,11,-0.5,6,1,0,0,1,0,0,1.28571428571429,0,0
2018,32,"689*A",520,-2440,"Ivesia gordonii",11.5,10.5,1,4,0,0,0,1,0,0,1.12213740458015,0,0
2019,32,"689*A",520,-2440,"Ivesia gordonii",13.5,11.5,2,6,6,0,0,1,0,0,0.5,0,0
2014,8,"69*A",980,-425,"Lupinus argenteus",12,NA,NA,9,0,0,NA,1,0,0,2.52336448598131,0,42.0282719958336
2015,8,"69*A",980,-425,"Lupinus argenteus",12,12,0,12,0,0,0,1,0,0,3.0530303030303,0,67.9729162572925
2016,8,"69*A",980,-425,"Lupinus argenteus",0,12,-12,0,0,0,0,0,0,1,1.30188679245283,0,0
2014,32,"690*A",440,-2460,"Ivesia gordonii",6,NA,NA,3,0,0,NA,1,0,0,2.52336448598131,0,0
2015,32,"690*A",440,-2460,"Ivesia gordonii",8.5,6,2.5,4,1,0,0,1,0,0,3.0530303030303,0,0
2016,32,"690*A",440,-2460,"Ivesia gordonii",9,8.5,0.5,5.5,0,0,0,1,0,0,1.30188679245283,0,0
2017,32,"690*A",440,-2460,"Ivesia gordonii",0,9,-9,0,0,0,0,0,0,1,1.28571428571429,0,0
2014,32,"691*A",425,-2525,"Ivesia gordonii",5,NA,NA,3,0,0,NA,1,0,0,2.52336448598131,0,0
2015,32,"691*A",425,-2525,"Ivesia gordonii",6,5,1,4,0,0,0,1,0,0,3.0530303030303,0,0
2016,32,"691*A",425,-2525,"Ivesia gordonii",10,6,4,5,3,0,0,1,0,0,1.30188679245283,0,0
2017,32,"691*A",425,-2525,"Ivesia gordonii",0,10,-10,0,0,0,0,0,0,1,1.28571428571429,0,0
2014,33,"692*A",821,-2553,"Eriogonum umbellatum",64,NA,NA,4,87,0,NA,1,0,0,2.52336448598131,5.08270216391752,0
2015,33,"692*A",821,-2553,"Eriogonum umbellatum",76,64,12,5,78,0,0,1,0,0,3.0530303030303,5.94126544107914,0
2016,33,"692*A",821,-2553,"Eriogonum umbellatum",78,76,2,3,115,0,0,1,0,0,1.30188679245283,7.32273734148503,0
2017,33,"692*A",821,-2553,"Eriogonum umbellatum",78,78,0,3,91,0,0,1,0,0,1.28571428571429,11.8726264498873,0
2018,33,"692*A",821,-2553,"Eriogonum umbellatum",70,78,-8,5,138,0,0,1,0,0,1.12213740458015,10.379469035604,0
2019,33,"692*A",821,-2553,"Eriogonum umbellatum",69,70,-1,9,77,0,0,1,0,0,0.5,6.92680811788809,0
2014,33,"693*A",805,-2560,"Agoseris glauca",8,NA,NA,8,1,0,NA,1,0,0,2.52336448598131,99.9999999999985,0
2015,33,"693*A",805,-2560,"Agoseris glauca",0,8,-8,0,0,0,0,1,0,0,3.0530303030303,0,0
2016,33,"693*A",805,-2560,"Agoseris glauca",10,0,10,6,0,0,0,1,0,0,1.30188679245283,100,0
2017,33,"693*A",805,-2560,"Agoseris glauca",3,10,-7,4,0,0,0,1,0,0,1.28571428571429,99.9999999999943,0
2018,33,"693*A",805,-2560,"Agoseris glauca",0,3,-3,0,0,0,0,0,0,1,1.12213740458015,0,0
2014,33,"694*A",825,-2575,"Ivesia gordonii",2,NA,NA,2,0,0,NA,1,0,0,2.52336448598131,99.9999999999927,0
2015,33,"694*A",825,-2575,"Ivesia gordonii",0,2,-2,0,0,0,0,0,0,1,3.0530303030303,0,0
2014,33,"695*A",825,-2554,"Achnatherum lettermanii",9,NA,NA,13,0,0,NA,1,0,0,2.52336448598131,100.000000000001,0
2015,33,"695*A",825,-2554,"Achnatherum lettermanii",14,9,5,16,0,0,0,1,0,0,3.0530303030303,99.9999999999996,0
2016,33,"695*A",825,-2554,"Achnatherum lettermanii",12,14,-2,15,14,0,0,1,0,0,1.30188679245283,100.000000000001,0
2017,33,"695*A",825,-2554,"Achnatherum lettermanii",19,12,7,14,0,0,0,1,0,0,1.28571428571429,99.9999999999997,0
2018,33,"695*A",825,-2554,"Achnatherum lettermanii",18,19,-1,8,2,0,0,1,0,0,1.12213740458015,100,0
2019,33,"695*A",825,-2554,"Achnatherum lettermanii",12.5,18,-5.5,9.5,0,0,0,1,0,0,0.5,100.16,0
2014,33,"696*A",853,-2557,"Heterotheca villosa",9,NA,NA,6,0,0,NA,1,0,0,2.52336448598131,43.8461957112114,0
2015,33,"696*A",853,-2557,"Heterotheca villosa",9,9,0,5,2,0,0,1,0,0,3.0530303030303,99.9999999999999,0
2016,33,"696*A",853,-2557,"Heterotheca villosa",7,9,-2,9,2,0,0,1,0,0,1.30188679245283,99.9999999999993,0
2017,33,"696*A",853,-2557,"Heterotheca villosa",11,7,4,7,7,0,0,1,0,0,1.28571428571429,100,0
2018,33,"696*A",853,-2557,"Heterotheca villosa",0,11,-11,0,0,0,0,0,0,1,1.12213740458015,0,0
2014,33,"697*A",858,-2580,"Ivesia gordonii",13,NA,NA,5,9,0,NA,1,0,0,2.52336448598131,0,0
2015,33,"697*A",858,-2580,"Ivesia gordonii",15,13,2,5,10,0,0,1,0,0,3.0530303030303,0,0
2016,33,"697*A",858,-2580,"Ivesia gordonii",14,15,-1,5,8,0,0,1,0,0,1.30188679245283,0.0111320829318789,0
2017,33,"697*A",858,-2580,"Ivesia gordonii",0,14,-14,0,0,0,0,0,0,1,1.28571428571429,0,0
2014,33,"698*A",880,-2525,"Ivesia gordonii",10,NA,NA,5,3,0,NA,1,0,0,2.52336448598131,0,0
2015,33,"698*A",880,-2525,"Ivesia gordonii",13,10,3,5,16,0,0,1,0,0,3.0530303030303,0,0
2016,33,"698*A",880,-2525,"Ivesia gordonii",15,13,2,6,15,0,0,1,0,0,1.30188679245283,0,0
2017,33,"698*A",880,-2525,"Ivesia gordonii",0,15,-15,0,0,0,0,0,0,1,1.28571428571429,0,0
2014,33,"699*A",903,-2570,"Ivesia gordonii",23,NA,NA,4,0,0,NA,1,0,0,2.52336448598131,0,0
2015,33,"699*A",903,-2570,"Ivesia gordonii",0,23,-23,0,0,0,0,0,0,1,3.0530303030303,0,0
2014,1,"7*A",198,-175,"Ivesia gordonii",9,NA,NA,3,1,0,NA,1,0,0,2.52336448598131,0,0
2015,1,"7*A",198,-175,"Ivesia gordonii",13.5,9,4.5,8,2,0,0,1,0,0,3.0530303030303,0,0.327795923805157
2016,1,"7*A",198,-175,"Ivesia gordonii",13.5,13.5,0,7.9,2,0,0,1,0,0,1.30188679245283,0,2.79026286360979
2017,1,"7*A",198,-175,"Ivesia gordonii",0,13.5,-13.5,0,0,0,0,0,0,1,1.28571428571429,0,0
2014,8,"70*A",970,-430,"Lupinus argenteus",22,NA,NA,14,0,0,NA,1,0,0,2.52336448598131,0,105.588299601085
2015,8,"70*A",970,-430,"Lupinus argenteus",25,22,3,13,0,0,0,1,0,0,3.0530303030303,2.96000000000001,106.052976854073
2016,8,"70*A",970,-430,"Lupinus argenteus",1,25,-24,1,0,0,0,1,0,0,1.30188679245283,0,0
2017,8,"70*A",970,-430,"Lupinus argenteus",0,1,-1,0,0,0,0,0,0,1,1.28571428571429,0,0
2014,33,"700*A",930,-2595,"Ivesia gordonii",6,NA,NA,4,0,0,NA,1,0,0,2.52336448598131,32.8889106294942,0
2015,33,"700*A",930,-2595,"Ivesia gordonii",9,6,3,5,3,0,0,1,0,0,3.0530303030303,0,0
2016,33,"700*A",930,-2595,"Ivesia gordonii",11,9,2,5,6,0,0,1,0,0,1.30188679245283,0,0
2017,33,"700*A",930,-2595,"Ivesia gordonii",11,11,0,4,6,0,0,1,0,0,1.28571428571429,0,0
2018,33,"700*A",930,-2595,"Ivesia gordonii",0,11,-11,0,0,0,0,0,0,1,1.12213740458015,0,0
2014,33,"701*A",928,-2580,"Eriogonum umbellatum",3,NA,NA,3,0,0,NA,1,0,0,2.52336448598131,0,0
2015,33,"701*A",928,-2580,"Eriogonum umbellatum",3,3,0,2,0,0,0,1,0,0,3.0530303030303,0,0
2016,33,"701*A",928,-2580,"Eriogonum umbellatum",0,3,-3,0,0,0,0,0,0,1,1.30188679245283,0,0
2014,33,"702*A",932,-2595,"Eriogonum umbellatum",4,NA,NA,3,0,0,NA,1,0,0,2.52336448598131,74.0000489163572,0
2015,33,"702*A",932,-2595,"Eriogonum umbellatum",0,4,-4,0,0,0,0,0,0,1,3.0530303030303,0,0
2014,33,"703*A",945,-2565,"Ivesia gordonii",13,NA,NA,4,2,0,NA,1,0,0,2.52336448598131,0,0
2015,33,"703*A",945,-2565,"Ivesia gordonii",0,13,-13,0,0,0,0,0,0,1,3.0530303030303,0,0
2014,33,"704*A",940,-2555,"Ivesia gordonii",6,NA,NA,4,3,0,NA,1,0,0,2.52336448598131,0,31.1321746141257
2015,33,"704*A",940,-2555,"Ivesia gordonii",8,6,2,6,0,0,0,1,0,0,3.0530303030303,0,28.336485821798
2016,33,"704*A",940,-2555,"Ivesia gordonii",14,8,6,8,7,0,0,1,0,0,1.30188679245283,7.63136993598685,47.7073439994328
2017,33,"704*A",940,-2555,"Ivesia gordonii",14,14,0,6.5,3,0,0,0,1,0,1.28571428571429,20.3212256080209,40.5279608057644
2014,33,"705*A",942,-2553,"Ivesia gordonii",5,NA,NA,2,1,0,NA,1,0,0,2.52336448598131,0,44.8303314443443
2015,33,"705*A",942,-2553,"Ivesia gordonii",5,5,0,4,3,0,0,1,0,0,3.0530303030303,0,72.5414037038101
2016,33,"705*A",942,-2553,"Ivesia gordonii",10,5,5,5,1,0,0,1,0,0,1.30188679245283,0,93.5063942388907
2017,33,"705*A",942,-2553,"Ivesia gordonii",9,10,-1,5,0,0,0,1,0,0,1.28571428571429,7.81670519840717,98.0676582460454
2018,33,"705*A",942,-2553,"Ivesia gordonii",15,9,6,7,18,0,0,1,0,0,1.12213740458015,48.8977615175452,16.2117712950374
2019,33,"705*A",942,-2553,"Ivesia gordonii",17.5,15,2.5,13.5,13,0,0,1,0,0,0.5,49.3251507819222,41.6638586746103
2014,33,"706*A",960,-2525,"Lupinus argenteus",5,NA,NA,6,0,0,NA,1,0,0,2.52336448598131,0,0
2015,33,"706*A",960,-2525,"Lupinus argenteus",6,5,1,4.5,0,0,0,1,0,0,3.0530303030303,0,0
2016,33,"706*A",960,-2525,"Lupinus argenteus",0,6,-6,0,0,0,0,0,0,1,1.30188679245283,0,0
2014,33,"707*A",975,-2515,"Lupinus argenteus",13,NA,NA,9,0,0,NA,1,0,0,2.52336448598131,99.6490874438383,4.89328918897361
2015,33,"707*A",975,-2515,"Lupinus argenteus",14,13,1,8,1,0,0,1,0,0,3.0530303030303,135.73161234137,0
2016,33,"707*A",975,-2515,"Lupinus argenteus",0,14,-14,0,0,0,0,0,0,1,1.30188679245283,0,0
2014,33,"708*A",965,-2408,"Lupinus argenteus",9,NA,NA,5,0,0,NA,1,0,0,2.52336448598131,100.000000000001,0
2015,33,"708*A",965,-2408,"Lupinus argenteus",17,9,8,11,1,0,0,1,0,0,3.0530303030303,100.000000000001,7.09043103647666
2016,33,"708*A",965,-2408,"Lupinus argenteus",14,17,-3,9,0,0,0,1,0,0,1.30188679245283,84.6117074368386,0.0788802957675513
2017,33,"708*A",965,-2408,"Lupinus argenteus",0,14,-14,0,0,0,0,0,0,1,1.28571428571429,0,0
2014,33,"709*A",966,-2500,"Lupinus argenteus",9,NA,NA,5,0,0,NA,1,0,0,2.52336448598131,0,112.041935253681
2015,33,"709*A",966,-2500,"Lupinus argenteus",18,9,9,14,2,0,0,1,0,0,3.0530303030303,0.308641975308631,52.9867930014144
2016,33,"709*A",966,-2500,"Lupinus argenteus",4,18,-14,2,0,0,0,1,0,0,1.30188679245283,0,78.2438985324621
2017,33,"709*A",966,-2500,"Lupinus argenteus",0.5,4,-3.5,0.5,0,0,0,1,0,0,1.28571428571429,0,0
2018,33,"709*A",966,-2500,"Lupinus argenteus",0,0.5,-0.5,0,0,0,0,0,0,1,1.12213740458015,0,0
2014,8,"71*A",960,-425,"Lupinus argenteus",6,NA,NA,4,0,0,NA,1,0,0,2.52336448598131,0,148.06376304439
2015,8,"71*A",960,-425,"Lupinus argenteus",0,6,-6,0,0,0,0,0,0,1,3.0530303030303,0,0
2014,33,"710*A",975,-2495,"Lupinus argenteus",11,NA,NA,13,1,0,NA,1,0,0,2.52336448598131,42.8869502615853,196.159672592976
2015,33,"710*A",975,-2495,"Lupinus argenteus",13,11,2,13,3,0,0,1,0,0,3.0530303030303,0.87225357545336,108.82956899988
2016,33,"710*A",975,-2495,"Lupinus argenteus",0,13,-13,0,0,0,0,0,0,1,1.30188679245283,0,0
2014,33,"711*A",970,-2500,"Lupinus argenteus",10,NA,NA,9,0,0,NA,1,0,0,2.52336448598131,22.8093958423158,180.05518572199
2015,33,"711*A",970,-2500,"Lupinus argenteus",7,10,-3,6,0,0,0,1,0,0,3.0530303030303,2.04081632653052,205.166270226439
2016,33,"711*A",970,-2500,"Lupinus argenteus",0,7,-7,0,0,0,0,0,0,1,1.30188679245283,0,0
2014,33,"712*A",975,-2500,"Lupinus argenteus",20,NA,NA,13,2,0,NA,1,0,0,2.52336448598131,24.0814445844677,120.994157726593
2015,33,"712*A",975,-2500,"Lupinus argenteus",13,20,-7,12,0,0,0,1,0,0,3.0530303030303,13.4250694920989,123.553697660962
2016,33,"712*A",975,-2500,"Lupinus argenteus",20,13,7,11,2,0,0,1,0,0,1.30188679245283,52.7638179547892,4.30264759695749
2017,33,"712*A",975,-2500,"Lupinus argenteus",17,20,-3,4,0,0,0,1,0,0,1.28571428571429,27.3777697832399,0
2018,33,"712*A",975,-2500,"Lupinus argenteus",0,17,-17,0,0,0,0,0,0,1,1.12213740458015,0,0
2014,33,"713*A",975,-2498,"Ivesia gordonii",8,NA,NA,3,1,0,NA,1,0,0,2.52336448598131,302.354668007031,0
2015,33,"713*A",975,-2498,"Ivesia gordonii",0,8,-8,0,0,0,0,0,0,1,3.0530303030303,0,0
2014,33,"714*A",985,-2495,"Lupinus argenteus",26,NA,NA,15,1,0,NA,1,0,0,2.52336448598131,26.9459629528322,47.308888477528
2015,33,"714*A",985,-2495,"Lupinus argenteus",14,26,-12,12,3,0,0,1,0,0,3.0530303030303,19.8360275317926,21.5693401786338
2016,33,"714*A",985,-2495,"Lupinus argenteus",5,14,-9,3,0,0,0,1,0,0,1.30188679245283,91.1702563336462,18.7662664905423
2017,33,"714*A",985,-2495,"Lupinus argenteus",0,5,-5,0,0,0,0,0,0,1,1.28571428571429,0,0
2014,33,"715*A",975,-2516,"Eriogonum umbellatum",9,NA,NA,2,1,0,NA,1,0,0,2.52336448598131,100.000000000001,57.6354149668077
2015,33,"715*A",975,-2516,"Eriogonum umbellatum",11,9,2,2,3,0,0,1,0,0,3.0530303030303,99.9999999999981,83.3573413398041
2016,33,"715*A",975,-2516,"Eriogonum umbellatum",11,11,0,2,3,0,0,1,0,0,1.30188679245283,0,99.9999999999981
2017,33,"715*A",975,-2516,"Eriogonum umbellatum",12,11,1,2,2,0,0,1,0,0,1.28571428571429,0,93.5000114857606
2018,33,"715*A",975,-2516,"Eriogonum umbellatum",13.5,12,1.5,1.5,3,0,0,1,0,0,1.12213740458015,0.148056279360865,62.8357933928146
2019,33,"715*A",975,-2516,"Eriogonum umbellatum",15,13.5,1.5,4,5,0,0,1,0,0,0.5,29.1240468028301,66.8390260765168
2014,33,"716*A",994,-2519,"Eriogonum umbellatum",40,NA,NA,3,19,0,NA,1,0,0,2.52336448598131,28.2368049372216,4.2375382299962
2015,33,"716*A",994,-2519,"Eriogonum umbellatum",45,40,5,4,37,0,0,1,0,0,3.0530303030303,28.7451431315298,7.45478399952216
2016,33,"716*A",994,-2519,"Eriogonum umbellatum",55,45,10,4,31,0,0,1,0,0,1.30188679245283,24.9876755614272,6.2680509997327
2017,33,"716*A",994,-2519,"Eriogonum umbellatum",48,55,-7,3,48,0,0,1,0,0,1.28571428571429,23.791950835516,8.88278484253174
2018,33,"716*A",994,-2519,"Eriogonum umbellatum",41,48,-7,3,13,0,0,1,0,0,1.12213740458015,32.7843156105673,9.17584403416092
2019,33,"716*A",994,-2519,"Eriogonum umbellatum",42.5,41,1.5,4.5,79,0,0,1,0,0,0.5,45.1430128054778,11.5491916887584
2014,33,"717*A",996,-2524,"Ivesia gordonii",8,NA,NA,4,2,0,NA,1,0,0,2.52336448598131,100.000000000001,0
2015,33,"717*A",996,-2524,"Ivesia gordonii",15,8,7,4,20,0,0,1,0,0,3.0530303030303,99.999999999999,0
2016,33,"717*A",996,-2524,"Ivesia gordonii",18,15,3,6,28,0,0,1,0,0,1.30188679245283,100.000000000001,0
2017,33,"717*A",996,-2524,"Ivesia gordonii",19,18,1,8,13,0,0,1,0,0,1.28571428571429,100,0
2018,33,"717*A",996,-2524,"Ivesia gordonii",21,19,2,9,28,0,0,1,0,0,1.12213740458015,101.113234687444,0
2019,33,"717*A",996,-2524,"Ivesia gordonii",22,21,1,11,25,0,0,1,0,0,0.5,99.9999999999994,0
2014,33,"718*A",945,-2490,"Ivesia gordonii",11,NA,NA,2,1,0,NA,1,0,0,2.52336448598131,0,0
2015,33,"718*A",945,-2490,"Ivesia gordonii",0,11,-11,0,0,0,0,0,0,1,3.0530303030303,0,0
2014,33,"719*A",920,-2500,"Ivesia gordonii",10,NA,NA,4,7,0,NA,1,0,0,2.52336448598131,0,0
2015,33,"719*A",920,-2500,"Ivesia gordonii",0,10,-10,0,0,0,0,0,0,1,3.0530303030303,0,0
2014,8,"72*A",965,-440,"Lupinus argenteus",27,NA,NA,13,0,0,NA,1,0,0,2.52336448598131,0,105.624665208867
2015,8,"72*A",965,-440,"Lupinus argenteus",24,27,-3,12,0,0,0,1,0,0,3.0530303030303,3.2118055555556,92.4359180516271
2016,8,"72*A",965,-440,"Lupinus argenteus",0,24,-24,0,0,0,0,0,0,1,1.30188679245283,0,0
2014,33,"720*A",945,-2525,"Ivesia gordonii",0.5,NA,NA,0.5,0,1,1,1,0,0,2.52336448598131,0,0
2015,33,"720*A",945,-2525,"Ivesia gordonii",0,0.5,-0.5,0,0,0,0,1,0,0,3.0530303030303,0,0
2016,33,"720*A",945,-2525,"Ivesia gordonii",4,0,4,3,0,0,0,1,0,0,1.30188679245283,0,0
2017,33,"720*A",945,-2525,"Ivesia gordonii",0,4,-4,0,0,0,0,0,0,1,1.28571428571429,0,0
2014,33,"721*A",925,-2480,"Ivesia gordonii",12,NA,NA,3,1,0,NA,1,0,0,2.52336448598131,0,0
2015,33,"721*A",925,-2480,"Ivesia gordonii",9,12,-3,3,3,0,0,1,0,0,3.0530303030303,0,0
2016,33,"721*A",925,-2480,"Ivesia gordonii",10,9,1,5,1,0,0,1,0,0,1.30188679245283,51.7764247019291,0
2017,33,"721*A",925,-2480,"Ivesia gordonii",0,10,-10,0,0,0,0,0,0,1,1.28571428571429,0,0
2014,33,"722*A",980,-2460,"Ivesia gordonii",9,NA,NA,4,1,0,NA,1,0,0,2.52336448598131,0,0
2015,33,"722*A",980,-2460,"Ivesia gordonii",10,9,1,5,4,0,0,1,0,0,3.0530303030303,0,0
2016,33,"722*A",980,-2460,"Ivesia gordonii",0,10,-10,0,0,0,0,0,0,1,1.30188679245283,0,0
2014,33,"723*A",975,-2420,"Heterotheca villosa",46,NA,NA,10,45,0,NA,1,0,0,2.52336448598131,3.93414522541577,0
2015,33,"723*A",975,-2420,"Heterotheca villosa",52,46,6,9,37,0,0,1,0,0,3.0530303030303,12.6109294330525,0
2016,33,"723*A",975,-2420,"Heterotheca villosa",40,52,-12,7,51,0,0,1,0,0,1.30188679245283,10.6149341610132,0
2017,33,"723*A",975,-2420,"Heterotheca villosa",49,40,9,7,68,0,0,1,0,0,1.28571428571429,2.230807625261,0
2018,33,"723*A",975,-2420,"Heterotheca villosa",0,49,-49,0,0,0,0,0,0,1,1.12213740458015,0,0
2014,33,"724*A",927,-2403,"Ivesia gordonii",4,NA,NA,3,0,0,NA,1,0,0,2.52336448598131,0,0
2015,33,"724*A",927,-2403,"Ivesia gordonii",8,4,4,5,1,0,0,1,0,0,3.0530303030303,50.6865080600701,0
2016,33,"724*A",927,-2403,"Ivesia gordonii",10,8,2,5,5,0,0,1,0,0,1.30188679245283,99.9999999999996,0
2017,33,"724*A",927,-2403,"Ivesia gordonii",10,10,0,4,4,0,0,1,0,0,1.28571428571429,99.9999999999996,0
2018,33,"724*A",927,-2403,"Ivesia gordonii",9.5,10,-0.5,3,4,0,0,1,0,0,1.12213740458015,100,0
2019,33,"724*A",927,-2403,"Ivesia gordonii",14,9.5,4.5,5.5,1,0,0,1,0,0,0.5,100.000000000001,8.42476051750037
2014,33,"725*A",917,-2413,"Ivesia gordonii",7,NA,NA,2,0,0,NA,1,0,0,2.52336448598131,184.116585143775,0
2015,33,"725*A",917,-2413,"Ivesia gordonii",8,7,1,4,5,0,0,1,0,0,3.0530303030303,99.9999999999994,0
2016,33,"725*A",917,-2413,"Ivesia gordonii",11,8,3,5,7,0,0,1,0,0,1.30188679245283,100,0
2017,33,"725*A",917,-2413,"Ivesia gordonii",11,11,0,4,0,0,0,1,0,0,1.28571428571429,100,0
2018,33,"725*A",917,-2413,"Ivesia gordonii",18,11,7,5,13,0,0,1,0,0,1.12213740458015,100.000000000001,0
2019,33,"725*A",917,-2413,"Ivesia gordonii",18,18,0,4.5,4,0,0,1,0,0,0.5,100.000000000001,3.5419067313339
2014,33,"726*A",920,-2435,"Ivesia gordonii",6,NA,NA,2,4,0,NA,1,0,0,2.52336448598131,99.999999999999,0
2015,33,"726*A",920,-2435,"Ivesia gordonii",8,6,2,2.5,4,0,0,1,0,0,3.0530303030303,99.9999999999981,0
2016,33,"726*A",920,-2435,"Ivesia gordonii",5,8,-3,3,4,0,0,1,0,0,1.30188679245283,99.9999999999988,0
2017,33,"726*A",920,-2435,"Ivesia gordonii",8,5,3,4,4,0,0,1,0,0,1.28571428571429,133.592800206577,0
2018,33,"726*A",920,-2435,"Ivesia gordonii",0,8,-8,0,0,0,0,0,0,1,1.12213740458015,0,0
2014,33,"727*A",930,-2445,"Agoseris glauca",8,NA,NA,6,0,0,NA,1,0,0,2.52336448598131,185.491832005047,0
2015,33,"727*A",930,-2445,"Agoseris glauca",5,8,-3,4.5,1,0,0,1,0,0,3.0530303030303,197.156811244689,0
2016,33,"727*A",930,-2445,"Agoseris glauca",9,5,4,7,3,0,0,1,0,0,1.30188679245283,248.65879321232,0
2017,33,"727*A",930,-2445,"Agoseris glauca",7,9,-2,8,0,0,0,1,0,0,1.28571428571429,258.853212574458,0
2018,33,"727*A",930,-2445,"Agoseris glauca",0,7,-7,0,0,0,0,0,0,1,1.12213740458015,0,0
2014,33,"728*A",928,-2445,"Poa stenantha",9,NA,NA,7,0,0,NA,1,0,0,2.52336448598131,190.895390352149,4.59813602073237
2015,33,"728*A",928,-2445,"Poa stenantha",8.5,9,-0.5,9,0,0,0,1,0,0,3.0530303030303,154.869638134487,12.004960067953
2016,33,"728*A",928,-2445,"Poa stenantha",16,8.5,7.5,12,1,0,0,1,0,0,1.30188679245283,178.047781121278,32.8307182219764
2017,33,"728*A",928,-2445,"Poa stenantha",24,16,8,29,7,0,0,0,1,0,1.28571428571429,137.960481990165,47.665504500984
2014,33,"729*A",925,-2454,"Poa stenantha",12,NA,NA,11,0,0,NA,1,0,0,2.52336448598131,186.445006229021,2.58645151166206
2015,33,"729*A",925,-2454,"Poa stenantha",14,12,2,15,0,0,0,1,0,0,3.0530303030303,187.534515477604,4.42529778015106
2016,33,"729*A",925,-2454,"Poa stenantha",17,14,3,16,2,0,0,1,0,0,1.30188679245283,199.143521522434,36.2895562751596
2017,33,"729*A",925,-2454,"Poa stenantha",22,17,5,28,5,0,0,1,0,0,1.28571428571429,166.083385005458,65.4546431105263
2018,33,"729*A",925,-2454,"Poa stenantha",22,22,0,15,10,0,0,1,0,0,1.12213740458015,112.504293588312,0
2019,33,"729*A",925,-2454,"Poa stenantha",6,22,-16,6,0,0,0,1,0,0,0.5,99.9999999999974,0
2014,8,"73*A",965,-450,"Lupinus argenteus",13,NA,NA,6,0,0,NA,1,0,0,2.52336448598131,0,176.694873732339
2015,8,"73*A",965,-450,"Lupinus argenteus",16,13,3,7,0,0,0,1,0,0,3.0530303030303,0,58.8916352982986
2016,8,"73*A",965,-450,"Lupinus argenteus",7.5,16,-8.5,7,0,0,0,1,0,0,1.30188679245283,0,82.772446997337
2017,8,"73*A",965,-450,"Lupinus argenteus",2.5,7.5,-5,1.5,0,0,0,1,0,0,1.28571428571429,0,0
2018,8,"73*A",965,-450,"Lupinus argenteus",0,2.5,-2.5,0,0,0,0,0,0,1,1.12213740458015,0,0
2014,33,"730*A",915,-2450,"Poa stenantha",2,NA,NA,6,0,0,NA,1,0,0,2.52336448598131,200.000000000014,0
2015,33,"730*A",915,-2450,"Poa stenantha",6,2,4,7,0,0,0,1,0,0,3.0530303030303,199.999999999998,0
2016,33,"730*A",915,-2450,"Poa stenantha",7,6,1,8,0,0,0,1,0,0,1.30188679245283,199.999999999994,9.85750813663322
2017,33,"730*A",915,-2450,"Poa stenantha",9,7,2,9,0,0,0,1,0,0,1.28571428571429,200.000000000002,68.9493694875863
2018,33,"730*A",915,-2450,"Poa stenantha",0,9,-9,0,0,0,0,0,0,1,1.12213740458015,0,0
2014,33,"731*A",914,-2456,"Heterotheca villosa",33,NA,NA,5,2,0,NA,1,0,0,2.52336448598131,97.913657762356,0
2015,33,"731*A",914,-2456,"Heterotheca villosa",32,33,-1,4,2,0,0,1,0,0,3.0530303030303,123.399068408197,0
2016,33,"731*A",914,-2456,"Heterotheca villosa",36,32,4,9,19,0,0,1,0,0,1.30188679245283,141.032105685216,0
2017,33,"731*A",914,-2456,"Heterotheca villosa",29,36,-7,6,13,0,0,1,0,0,1.28571428571429,170.402732304164,0
2018,33,"731*A",914,-2456,"Heterotheca villosa",12,29,-17,6.5,2,0,0,1,0,0,1.12213740458015,142.028320116267,0
2019,33,"731*A",914,-2456,"Heterotheca villosa",15,12,3,6,5,0,0,1,0,0,0.5,99.9999999999978,0
2014,33,"732*A",905,-2434,"Eriogonum umbellatum",65,NA,NA,4,48,0,NA,1,0,0,2.52336448598131,35.1529150755933,54.2613727123179
2015,33,"732*A",905,-2434,"Eriogonum umbellatum",76,65,11,4,83,0,0,1,0,0,3.0530303030303,40.2794446478991,29.2671815741443
2016,33,"732*A",905,-2434,"Eriogonum umbellatum",101,76,25,5,46,0,0,1,0,0,1.30188679245283,45.5583605596565,0.220188026183794
2017,33,"732*A",905,-2434,"Eriogonum umbellatum",96,101,-5,5,107,0,0,1,0,0,1.28571428571429,49.0125012775263,0
2018,33,"732*A",905,-2434,"Eriogonum umbellatum",100,96,4,4,99,0,0,1,0,0,1.12213740458015,15.7135847707508,0
2019,33,"732*A",905,-2434,"Eriogonum umbellatum",95,100,-5,10,119,0,0,1,0,0,0.5,10.5895250826201,0.00193989473802991
2014,33,"733*A",935,-2465,"Poa stenantha",5,NA,NA,11,0,0,NA,1,0,0,2.52336448598131,0,0
2015,33,"733*A",935,-2465,"Poa stenantha",9,5,4,13,0,0,0,1,0,0,3.0530303030303,0,0
2016,33,"733*A",935,-2465,"Poa stenantha",11,9,2,11,0,0,0,1,0,0,1.30188679245283,101.831074566626,0
2017,33,"733*A",935,-2465,"Poa stenantha",13,11,2,14,0,0,0,1,0,0,1.28571428571429,91.4810821483497,11.6339214468981
2018,33,"733*A",935,-2465,"Poa stenantha",0,13,-13,0,0,0,0,0,0,1,1.12213740458015,0,0
2014,33,"734*A",900,-2465,"Poa stenantha",4,NA,NA,7,0,0,NA,1,0,0,2.52336448598131,122.747623105401,0
2015,33,"734*A",900,-2465,"Poa stenantha",11,4,7,10,0,0,0,1,0,0,3.0530303030303,138.604502842659,0
2016,33,"734*A",900,-2465,"Poa stenantha",9,11,-2,10,0,0,0,1,0,0,1.30188679245283,165.822920409178,0
2017,33,"734*A",900,-2465,"Poa stenantha",16,9,7,10,0,0,0,1,0,0,1.28571428571429,128.097064563257,0
2018,33,"734*A",900,-2465,"Poa stenantha",11,16,-5,6,0,0,0,1,0,0,1.12213740458015,100,0
2019,33,"734*A",900,-2465,"Poa stenantha",0,11,-11,0,0,0,0,0,0,1,0.5,0,0
2014,33,"735*A",890,-2420,"Eriogonum umbellatum",60,NA,NA,3,19,0,NA,1,0,0,2.52336448598131,36.9706164983881,71.4635388864399
2015,33,"735*A",890,-2420,"Eriogonum umbellatum",42,60,-18,3,17,0,0,0,1,0,3.0530303030303,38.3084939726728,94.4888537131319
2014,33,"736*A",892,-2414,"Elymus lanceolatus",4,NA,NA,8,0,0,NA,1,0,0,2.52336448598131,227.266249775705,25.5722702563664
2015,33,"736*A",892,-2414,"Elymus lanceolatus",9,4,5,7,0,0,0,1,0,0,3.0530303030303,219.531787890863,28.9404126212122
2016,33,"736*A",892,-2414,"Elymus lanceolatus",11,9,2,19,4,0,0,1,0,0,1.30188679245283,100,67.0607787173732
2017,33,"736*A",892,-2414,"Elymus lanceolatus",11,11,0,14,1,0,0,1,0,0,1.28571428571429,129.277708030027,12.4532416523436
2018,33,"736*A",892,-2414,"Elymus lanceolatus",8,11,-3,18,2,0,0,1,0,0,1.12213740458015,99.9999999999999,41.4110638165502
2019,33,"736*A",892,-2414,"Elymus lanceolatus",4.5,8,-3.5,11,0,0,0,1,0,0,0.5,100.000000000002,0
2014,33,"737*A",891,-2410,"Elymus lanceolatus",7,NA,NA,6,0,0,NA,1,0,0,2.52336448598131,264.46816653072,8.35012906330365
2015,33,"737*A",891,-2410,"Elymus lanceolatus",7,7,0,9,0,0,0,1,0,0,3.0530303030303,260.878679030453,47.8402739248592
2016,33,"737*A",891,-2410,"Elymus lanceolatus",13,7,6,12,0,0,0,1,0,0,1.30188679245283,99.9999999999987,48.0139303242724
2017,33,"737*A",891,-2410,"Elymus lanceolatus",4,13,-9,12,0,0,0,1,0,0,1.28571428571429,184.353487675198,87.9276399958399
2018,33,"737*A",891,-2410,"Elymus lanceolatus",8.5,4,4.5,13.5,1,0,0,1,0,0,1.12213740458015,99.9999999999994,36.6824648340369
2019,33,"737*A",891,-2410,"Elymus lanceolatus",2.5,8.5,-6,8,0,0,0,1,0,0,0.5,100.000000000003,0
2014,33,"738*A",900,-2400,"Eriogonum umbellatum",1,NA,NA,1,0,1,1,1,0,0,2.52336448598131,0,100.000000000016
2015,33,"738*A",900,-2400,"Eriogonum umbellatum",0.7,1,-0.3,0.9,0,0,0,1,0,0,3.0530303030303,0,99.9999999999833
2016,33,"738*A",900,-2400,"Eriogonum umbellatum",0,0.7,-0.7,0,0,0,0,0,0,1,1.30188679245283,0,0
2014,33,"739*A",870,-2400,"Heterotheca villosa",25,NA,NA,8,18,0,NA,1,0,0,2.52336448598131,131.977459839668,0
2015,33,"739*A",870,-2400,"Heterotheca villosa",48,25,23,7,8,0,0,1,0,0,3.0530303030303,85.3675715656592,0
2016,33,"739*A",870,-2400,"Heterotheca villosa",32,48,-16,8,22,0,0,1,0,0,1.30188679245283,93.126689046447,0
2017,33,"739*A",870,-2400,"Heterotheca villosa",49,32,17,5,13,0,0,1,0,0,1.28571428571429,88.6376436177164,0.2498958767181
2018,33,"739*A",870,-2400,"Heterotheca villosa",0,49,-49,0,0,0,0,0,0,1,1.12213740458015,0,0
2014,8,"74*A",975,-450,"Lupinus argenteus",32,NA,NA,16,0,0,NA,1,0,0,2.52336448598131,0,60.1023714074227
2015,8,"74*A",975,-450,"Lupinus argenteus",5.5,32,-26.5,3.5,0,0,0,1,0,0,3.0530303030303,0,11.8806931782567
2016,8,"74*A",975,-450,"Lupinus argenteus",0,5.5,-5.5,0,0,0,0,0,0,1,1.30188679245283,0,0
2017,33,"740*A",880,-2410,"Lupinus argenteus",12,NA,NA,9,1,0,1,1,0,0,1.28571428571429,200.760108476419,0
2018,33,"740*A",880,-2410,"Lupinus argenteus",0,12,-12,0,0,0,0,0,0,1,1.12213740458015,0,0
2014,33,"740-old*A",880,-2410,"Lupinus argenteus",24,NA,NA,17,14,0,NA,1,0,0,2.52336448598131,172.642986841182,3.57727526989258
2015,33,"740-old*A",880,-2410,"Lupinus argenteus",0,24,-24,0,0,0,0,0,0,1,3.0530303030303,0,0
2014,33,"741*A",865,-2420,"Lupinus argenteus",17,NA,NA,11,2,0,NA,1,0,0,2.52336448598131,83.2100421330831,6.8516127206392
2015,33,"741*A",865,-2420,"Lupinus argenteus",0,17,-17,0,0,0,0,0,0,1,3.0530303030303,0,0
2014,33,"742*A",855,-2530,"Lupinus argenteus",17,NA,NA,12,0,0,NA,1,0,0,2.52336448598131,0,0
2015,33,"742*A",855,-2530,"Lupinus argenteus",0,17,-17,0,0,0,0,0,0,1,3.0530303030303,0,0
2014,33,"743*A",850,-2440,"Lupinus argenteus",2,NA,NA,2,0,0,NA,1,0,0,2.52336448598131,0,0
2015,33,"743*A",850,-2440,"Lupinus argenteus",13,2,11,5,0,0,0,1,0,0,3.0530303030303,0,0
2016,33,"743*A",850,-2440,"Lupinus argenteus",7,13,-6,4,0,0,0,1,0,0,1.30188679245283,0,3.59236623645505
2017,33,"743*A",850,-2440,"Lupinus argenteus",2,7,-5,1,0,0,0,1,0,0,1.28571428571429,0,0
2018,33,"743*A",850,-2440,"Lupinus argenteus",0,2,-2,0,0,0,0,0,0,1,1.12213740458015,0,0
2014,33,"744*A",860,-2450,"Lupinus argenteus",11,NA,NA,8,0,0,NA,1,0,0,2.52336448598131,0,50.4861800604886
2015,33,"744*A",860,-2450,"Lupinus argenteus",3,11,-8,1,0,0,0,1,0,0,3.0530303030303,0,0
2016,33,"744*A",860,-2450,"Lupinus argenteus",0,3,-3,0,0,0,0,0,0,1,1.30188679245283,0,0
2014,33,"745*A",865,-2450,"Lupinus argenteus",12,NA,NA,12,1,0,NA,1,0,0,2.52336448598131,0,42.4224151897193
2015,33,"745*A",865,-2450,"Lupinus argenteus",6,12,-6,6,0,0,0,1,0,0,3.0530303030303,0,0
2016,33,"745*A",865,-2450,"Lupinus argenteus",0,6,-6,0,0,0,0,0,0,1,1.30188679245283,0,0
2014,33,"746*A",832,-2422,"Eriogonum umbellatum",29,NA,NA,4,8,0,NA,1,0,0,2.52336448598131,0,0
2015,33,"746*A",832,-2422,"Eriogonum umbellatum",30,29,1,4,17,0,0,1,0,0,3.0530303030303,1.08624251648507,0
2016,33,"746*A",832,-2422,"Eriogonum umbellatum",34,30,4,3,35,0,0,1,0,0,1.30188679245283,0.194636678200688,0
2017,33,"746*A",832,-2422,"Eriogonum umbellatum",34,34,0,4,28,0,0,1,0,0,1.28571428571429,1.2445343944933,0
2018,33,"746*A",832,-2422,"Eriogonum umbellatum",38,34,4,3,50,0,0,1,0,0,1.12213740458015,0.328677316250012,0
2019,33,"746*A",832,-2422,"Eriogonum umbellatum",40,38,2,7.5,44,0,0,1,0,0,0.5,0.0103561569227413,0
2014,33,"747*A",820,-2476,"Eriogonum umbellatum",62,NA,NA,4,12,0,NA,1,0,0,2.52336448598131,13.8793793880774,0
2015,33,"747*A",820,-2476,"Eriogonum umbellatum",58,62,-4,4,33,0,0,1,0,0,3.0530303030303,43.6035572231804,0
2016,33,"747*A",820,-2476,"Eriogonum umbellatum",58,58,0,4,32,0,0,1,0,0,1.30188679245283,34.3052483459515,0
2017,33,"747*A",820,-2476,"Eriogonum umbellatum",60,58,2,5,15,0,0,1,0,0,1.28571428571429,42.4487462030339,0.0644083613201941
2018,33,"747*A",820,-2476,"Eriogonum umbellatum",60,60,0,5,23,0,0,1,0,0,1.12213740458015,53.0453495136296,0
2019,33,"747*A",820,-2476,"Eriogonum umbellatum",63.5,60,3.5,8,5,0,0,1,0,0,0.5,46.4959739707537,0
2014,33,"748*A",817,-2471,"Poa stenantha",17,NA,NA,27,8,0,NA,1,0,0,2.52336448598131,114.036984732067,0
2015,33,"748*A",817,-2471,"Poa stenantha",17,17,0,14,0,0,0,1,0,0,3.0530303030303,179.246277869212,0
2016,33,"748*A",817,-2471,"Poa stenantha",14,17,-3,9,6,0,0,1,0,0,1.30188679245283,187.765251332709,0
2017,33,"748*A",817,-2471,"Poa stenantha",17,14,3,18,2,0,0,1,0,0,1.28571428571429,186.808657217537,0
2018,33,"748*A",817,-2471,"Poa stenantha",17,17,0,12.5,1,0,0,1,0,0,1.12213740458015,199.914942289933,0
2019,33,"748*A",817,-2471,"Poa stenantha",11,17,-6,15,0,0,0,1,0,0,0.5,200.000000000002,0
2014,33,"749*A",818,-2463,"Elymus lanceolatus",9,NA,NA,23,3,0,NA,1,0,0,2.52336448598131,150.082575155151,0
2015,33,"749*A",818,-2463,"Elymus lanceolatus",26,9,17,24,4,0,0,1,0,0,3.0530303030303,133.878956071305,0
2016,33,"749*A",818,-2463,"Elymus lanceolatus",26,26,0,29,16,0,0,1,0,0,1.30188679245283,125.446729676349,0
2017,33,"749*A",818,-2463,"Elymus lanceolatus",28,26,2,20,5,0,0,1,0,0,1.28571428571429,131.999619816158,0
2018,33,"749*A",818,-2463,"Elymus lanceolatus",33,28,5,26,17,0,0,1,0,0,1.12213740458015,126.515535649027,0
2019,33,"749*A",818,-2463,"Elymus lanceolatus",35.5,33,2.5,26.5,24,0,0,1,0,0,0.5,109.601269589368,0
2014,8,"75*A",980,-475,"Lupinus argenteus",10,NA,NA,6,0,0,NA,1,0,0,2.52336448598131,0,0
2015,8,"75*A",980,-475,"Lupinus argenteus",7.5,10,-2.5,3,0,0,0,1,0,0,3.0530303030303,0,0
2016,8,"75*A",980,-475,"Lupinus argenteus",6.5,7.5,-1,3,0,0,0,1,0,0,1.30188679245283,0,0
2017,8,"75*A",980,-475,"Lupinus argenteus",4,6.5,-2.5,3.5,0,0,0,1,0,0,1.28571428571429,0,0
2018,8,"75*A",980,-475,"Lupinus argenteus",0,4,-4,0,0,0,0,0,0,1,1.12213740458015,0,0
2014,33,"750*A",814,-2495,"Elymus lanceolatus",10,NA,NA,20,2,0,NA,1,0,0,2.52336448598131,99.9999999999995,0
2015,33,"750*A",814,-2495,"Elymus lanceolatus",19,10,9,18,2,0,0,1,0,0,3.0530303030303,99.2130595478182,0
2016,33,"750*A",814,-2495,"Elymus lanceolatus",13,19,-6,17,6,0,0,1,0,0,1.30188679245283,99.9999999999989,0
2017,33,"750*A",814,-2495,"Elymus lanceolatus",17,13,4,15,0,0,0,1,0,0,1.28571428571429,100.000000000001,0
2018,33,"750*A",814,-2495,"Elymus lanceolatus",18,17,1,19.5,1,0,0,1,0,0,1.12213740458015,99.9999999999987,0
2019,33,"750*A",814,-2495,"Elymus lanceolatus",16,18,-2,18.5,1,0,0,1,0,0,0.5,100.140625000001,0
2014,34,"751*A",1321,-2554,"Eriogonum umbellatum",35,NA,NA,3,48,0,NA,1,0,0,2.52336448598131,43.3156449783731,0
2015,34,"751*A",1321,-2554,"Eriogonum umbellatum",44,35,9,5,44,0,0,1,0,0,3.0530303030303,60.5074488401967,0
2016,34,"751*A",1321,-2554,"Eriogonum umbellatum",49,44,5,4,55,0,0,1,0,0,1.30188679245283,45.907955018743,0
2017,34,"751*A",1321,-2554,"Eriogonum umbellatum",47,49,-2,3,41,0,0,1,0,0,1.28571428571429,49.3888637392486,0
2018,34,"751*A",1321,-2554,"Eriogonum umbellatum",40,47,-7,3,41,0,0,1,0,0,1.12213740458015,86.8085418606543,0
2019,34,"751*A",1321,-2554,"Eriogonum umbellatum",43,40,3,8.5,33,0,0,1,0,0,0.5,128.894959886256,0
2014,34,"752*A",1317,-2546,"Elymus lanceolatus",25,NA,NA,26,10,0,NA,1,0,0,2.52336448598131,84.8986641576117,0
2015,34,"752*A",1317,-2546,"Elymus lanceolatus",32,25,7,16,4,0,0,1,0,0,3.0530303030303,92.424239213496,21.9726562500007
2016,34,"752*A",1317,-2546,"Elymus lanceolatus",29,32,-3,28,45,0,0,1,0,0,1.30188679245283,102.407847800239,28.6563614744358
2017,34,"752*A",1317,-2546,"Elymus lanceolatus",29,29,0,17,1,0,0,1,0,0,1.28571428571429,109.631391200953,20.0951248513677
2018,34,"752*A",1317,-2546,"Elymus lanceolatus",30,29,1,27,30,0,0,1,0,0,1.12213740458015,109.881852196717,44.4444444444454
2019,34,"752*A",1317,-2546,"Elymus lanceolatus",40,30,10,27.5,22,0,0,1,0,0,0.5,142.971856667966,15.0156250000002
2014,34,"753*A",1291,-2403,"Eriogonum umbellatum",3,NA,NA,1,0,0,NA,1,0,0,2.52336448598131,0,0
2015,34,"753*A",1291,-2403,"Eriogonum umbellatum",3,3,0,1.5,0,0,0,1,0,0,3.0530303030303,0,0
2016,34,"753*A",1291,-2403,"Eriogonum umbellatum",2,3,-1,1,0,0,0,1,0,0,1.30188679245283,0,0
2017,34,"753*A",1291,-2403,"Eriogonum umbellatum",4,2,2,2,0,0,0,1,0,0,1.28571428571429,0,30.3341457413126
2018,34,"753*A",1291,-2403,"Eriogonum umbellatum",5,4,1,2.5,0,0,0,1,0,0,1.12213740458015,0,0
2019,34,"753*A",1291,-2403,"Eriogonum umbellatum",5.5,5,0.5,2,1,0,0,1,0,0,0.5,0,14.3658365100265
2014,34,"754*A",1284,-2426,"Eriogonum umbellatum",33,NA,NA,2,63,0,NA,1,0,0,2.52336448598131,0,0
2015,34,"754*A",1284,-2426,"Eriogonum umbellatum",44,33,11,3,46,0,0,1,0,0,3.0530303030303,0,0
2016,34,"754*A",1284,-2426,"Eriogonum umbellatum",46,44,2,2.5,37,0,0,1,0,0,1.30188679245283,0,0
2017,34,"754*A",1284,-2426,"Eriogonum umbellatum",47,46,1,3,36,0,0,1,0,0,1.28571428571429,0,0.219713142535545
2018,34,"754*A",1284,-2426,"Eriogonum umbellatum",43,47,-4,2.5,46,0,0,1,0,0,1.12213740458015,0,0
2019,34,"754*A",1284,-2426,"Eriogonum umbellatum",45,43,2,4,60,0,0,1,0,0,0.5,0,0.214600767618915
2014,34,"755*A",1231,-2400,"Elymus lanceolatus",9,NA,NA,10,0,0,NA,1,0,0,2.52336448598131,0,47.2112393464469
2015,34,"755*A",1231,-2400,"Elymus lanceolatus",9.5,9,0.5,9.5,0,0,0,1,0,0,3.0530303030303,0,61.3574207359617
2016,34,"755*A",1231,-2400,"Elymus lanceolatus",7,9.5,-2.5,22,3,0,0,1,0,0,1.30188679245283,0,160.424809654604
2017,34,"755*A",1231,-2400,"Elymus lanceolatus",11,7,4,15,0,0,0,1,0,0,1.28571428571429,0,167.278201058399
2018,34,"755*A",1231,-2400,"Elymus lanceolatus",5.5,11,-5.5,14,0,0,0,1,0,0,1.12213740458015,0,210.861985295566
2019,34,"755*A",1231,-2400,"Elymus lanceolatus",11.5,5.5,6,17.5,1,0,0,1,0,0,0.5,0,131.330224870844
2017,34,"756*A",1228,-2400,"Elymus lanceolatus",10,NA,NA,14,1,0,1,1,0,0,1.28571428571429,0,117.715260203431
2018,34,"756*A",1228,-2400,"Elymus lanceolatus",8,10,-2,20,1,0,0,1,0,0,1.12213740458015,0,75.1375592187144
2019,34,"756*A",1228,-2400,"Elymus lanceolatus",13,8,5,18,2,0,0,1,0,0,0.5,0,83.8053425798363
2014,34,"756.old*A",1230,-2405,"Elymus lanceolatus",5,NA,NA,12,1,0,NA,1,0,0,2.52336448598131,0,37.7954093774197
2015,34,"756.old*A",1230,-2405,"Elymus lanceolatus",0,5,-5,0,0,0,0,0,0,1,3.0530303030303,0,0
2014,34,"757*A",1233,-2403,"Elymus lanceolatus",4,NA,NA,6,0,0,NA,1,0,0,2.52336448598131,0,85.9338532366446
2015,34,"757*A",1233,-2403,"Elymus lanceolatus",5,4,1,13,0,0,0,1,0,0,3.0530303030303,0,110.079590133253
2016,34,"757*A",1233,-2403,"Elymus lanceolatus",9,5,4,14,0,0,0,1,0,0,1.30188679245283,0,116.211632340606
2017,34,"757*A",1233,-2403,"Elymus lanceolatus",10,9,1,9,0,0,0,1,0,0,1.28571428571429,0,121.823609637159
2018,34,"757*A",1233,-2403,"Elymus lanceolatus",6,10,-4,7,0,0,0,1,0,0,1.12213740458015,0,133.972965645526
2019,34,"757*A",1233,-2403,"Elymus lanceolatus",3,6,-3,7,0,0,0,1,0,0,0.5,0,272.224123236517
2014,34,"758*A",1240,-2400,"Elymus lanceolatus",5,NA,NA,8,0,0,NA,1,0,0,2.52336448598131,0,0
2015,34,"758*A",1240,-2400,"Elymus lanceolatus",0,5,-5,0,0,0,0,0,0,1,3.0530303030303,0,0
2014,34,"759*A",1200,-2422,"Eriogonum umbellatum",38,NA,NA,3,16,0,NA,1,0,0,2.52336448598131,0,0
2015,34,"759*A",1200,-2422,"Eriogonum umbellatum",34,38,-4,3,54,0,0,1,0,0,3.0530303030303,0,0
2016,34,"759*A",1200,-2422,"Eriogonum umbellatum",40,34,6,4,23,0,0,1,0,0,1.30188679245283,0,0
2017,34,"759*A",1200,-2422,"Eriogonum umbellatum",45,40,5,2,23,0,0,1,0,0,1.28571428571429,0,0
2018,34,"759*A",1200,-2422,"Eriogonum umbellatum",28,45,-17,2,6,0,0,1,0,0,1.12213740458015,0,0
2019,34,"759*A",1200,-2422,"Eriogonum umbellatum",33,28,5,8.5,23,0,0,1,0,0,0.5,0,0
2014,8,"76*A",975,-485,"Ivesia gordonii",6,NA,NA,2,1,0,NA,1,0,0,2.52336448598131,0,0
2015,8,"76*A",975,-485,"Ivesia gordonii",7,6,1,2,1,0,0,1,0,0,3.0530303030303,0,0
2016,8,"76*A",975,-485,"Ivesia gordonii",4,7,-3,2.5,2,0,0,1,0,0,1.30188679245283,0,0
2017,8,"76*A",975,-485,"Ivesia gordonii",0,4,-4,0,0,0,0,0,0,1,1.28571428571429,0,0
2014,34,"760*A",1205,-2485,"Ivesia gordonii",30,NA,NA,5,1,0,NA,1,0,0,2.52336448598131,0,0
2015,34,"760*A",1205,-2485,"Ivesia gordonii",0,30,-30,0,0,0,0,0,0,1,3.0530303030303,0,0
2014,35,"761*A",1795,-2565,"Lupinus argenteus",10,NA,NA,5,0,0,NA,1,0,0,2.52336448598131,0,0
2015,35,"761*A",1795,-2565,"Lupinus argenteus",5.5,10,-4.5,3,0,0,0,1,0,0,3.0530303030303,0,0
2016,35,"761*A",1795,-2565,"Lupinus argenteus",0,5.5,-5.5,0,0,0,0,0,0,1,1.30188679245283,0,0
2014,36,"762*A",70,-2990,"Ivesia gordonii",3,NA,NA,2,0,0,NA,1,0,0,2.52336448598131,99.9999999999998,0
2015,36,"762*A",70,-2990,"Ivesia gordonii",5,3,2,2,0,0,0,1,0,0,3.0530303030303,100,0
2016,36,"762*A",70,-2990,"Ivesia gordonii",7.5,5,2.5,4,1,0,0,1,0,0,1.30188679245283,100,0
2017,36,"762*A",70,-2990,"Ivesia gordonii",7,7.5,-0.5,6,2,0,0,1,0,0,1.28571428571429,110.790373288603,0
2018,36,"762*A",70,-2990,"Ivesia gordonii",0,7,-7,0,0,0,0,0,0,1,1.12213740458015,0,0
2014,36,"763*A",74,-2995,"Eriogonum umbellatum",19,NA,NA,2,4,0,NA,1,0,0,2.52336448598131,3.04164363595696,0
2015,36,"763*A",74,-2995,"Eriogonum umbellatum",21,19,2,3,2,0,0,1,0,0,3.0530303030303,27.255953468664,0
2016,36,"763*A",74,-2995,"Eriogonum umbellatum",23,21,2,2,7,0,0,1,0,0,1.30188679245283,35.0350658415332,0
2017,36,"763*A",74,-2995,"Eriogonum umbellatum",21,23,-2,3,4,0,0,1,0,0,1.28571428571429,53.1140425778181,0
2018,36,"763*A",74,-2995,"Eriogonum umbellatum",22,21,1,1.5,3,0,0,1,0,0,1.12213740458015,11.6215231474857,0
2019,36,"763*A",74,-2995,"Eriogonum umbellatum",22,22,0,2.5,5,0,0,1,0,0,0.5,15.274078973138,0
2014,36,"764*A",85,-2980,"Senecio crassulus",12,NA,NA,9,0,0,NA,1,0,0,2.52336448598131,4.95040187335357,36.6302617332433
2015,36,"764*A",85,-2980,"Senecio crassulus",12,12,0,13,2,0,0,1,0,0,3.0530303030303,28.2311614509469,5.45704880721146
2016,36,"764*A",85,-2980,"Senecio crassulus",11,12,-1,10,3,0,0,1,0,0,1.30188679245283,24.0134140538939,0
2017,36,"764*A",85,-2980,"Senecio crassulus",0,11,-11,0,0,0,0,0,0,1,1.28571428571429,0,0
2014,36,"765*A",85,-2975,"Senecio crassulus",10,NA,NA,9,0,0,NA,1,0,0,2.52336448598131,57.6328618616254,52.7475768958699
2015,36,"765*A",85,-2975,"Senecio crassulus",3,10,-7,7,0,0,0,1,0,0,3.0530303030303,99.9244108747106,87.3127809153843
2016,36,"765*A",85,-2975,"Senecio crassulus",0,3,-3,0,0,0,0,0,0,1,1.30188679245283,0,0
2014,36,"766*A",85,-2970,"Heterotheca villosa",11,NA,NA,5,0,0,NA,1,0,0,2.52336448598131,76.2212052819828,0
2015,36,"766*A",85,-2970,"Heterotheca villosa",13,11,2,6,4,0,0,1,0,0,3.0530303030303,48.3504947187591,0
2016,36,"766*A",85,-2970,"Heterotheca villosa",0,13,-13,0,0,0,0,0,0,1,1.30188679245283,0,0
2014,36,"767*A",85,-2970,"Eriogonum umbellatum",5,NA,NA,2,0,0,NA,1,0,0,2.52336448598131,144.330492659385,0
2015,36,"767*A",85,-2970,"Eriogonum umbellatum",6,5,1,3,0,0,0,1,0,0,3.0530303030303,102.603438060308,0
2016,36,"767*A",85,-2970,"Eriogonum umbellatum",9,6,3,2,0,0,0,1,0,0,1.30188679245283,78.2840026388124,0
2017,36,"767*A",85,-2970,"Eriogonum umbellatum",4,9,-5,4,0,0,0,1,0,0,1.28571428571429,100,0
2018,36,"767*A",85,-2970,"Eriogonum umbellatum",0,4,-4,0,0,0,0,0,0,1,1.12213740458015,0,0
2014,36,"768*A",80,-2970,"Elymus lanceolatus",5,NA,NA,4,0,0,NA,1,0,0,2.52336448598131,60.6406010679653,0
2015,36,"768*A",80,-2970,"Elymus lanceolatus",5,5,0,9,0,0,0,1,0,0,3.0530303030303,86.6617683496119,0
2016,36,"768*A",80,-2970,"Elymus lanceolatus",15,5,10,15,2,0,0,0,1,0,1.30188679245283,32.6271341863849,16.9571925167764
2014,36,"769*A",76,-2974,"Elymus lanceolatus",3,NA,NA,6,0,0,NA,1,0,0,2.52336448598131,0,0
2015,36,"769*A",76,-2974,"Elymus lanceolatus",0,3,-3,0,0,0,0,1,0,0,3.0530303030303,0,0
2016,36,"769*A",76,-2974,"Elymus lanceolatus",7,0,7,16,2,0,0,1,0,0,1.30188679245283,0,77.8646595158086
2017,36,"769*A",76,-2974,"Elymus lanceolatus",25,7,18,16,4,0,0,1,0,0,1.28571428571429,19.9981710754812,0
2018,36,"769*A",76,-2974,"Elymus lanceolatus",28,25,3,19.5,17,0,0,1,0,0,1.12213740458015,5.59447466929588,0
2019,36,"769*A",76,-2974,"Elymus lanceolatus",29.5,28,1.5,25,9,0,0,1,0,0,0.5,6.62404574069903,0
2014,8,"77*A",945,-500,"Ivesia gordonii",8,NA,NA,3,0,0,NA,1,0,0,2.52336448598131,0,0
2015,8,"77*A",945,-500,"Ivesia gordonii",10.5,8,2.5,4,5,0,0,1,0,0,3.0530303030303,0,0
2016,8,"77*A",945,-500,"Ivesia gordonii",12,10.5,1.5,3,13,0,0,1,0,0,1.30188679245283,0,0
2017,8,"77*A",945,-500,"Ivesia gordonii",7,12,-5,3,0,0,0,1,0,0,1.28571428571429,0,0
2018,8,"77*A",945,-500,"Ivesia gordonii",0,7,-7,0,0,0,0,0,0,1,1.12213740458015,0,0
2014,36,"770*A",142,-3000,"Eriogonum umbellatum",72,NA,NA,3,75,0,NA,1,0,0,2.52336448598131,8.68055555555558,0.182200137642693
2015,36,"770*A",142,-3000,"Eriogonum umbellatum",75,72,3,5,60,0,0,1,0,0,3.0530303030303,20.4800000000001,0.392105306223424
2016,36,"770*A",142,-3000,"Eriogonum umbellatum",78,75,3,4,168,0,0,1,0,0,1.30188679245283,29.7912557527943,0.295857988165677
2017,36,"770*A",142,-3000,"Eriogonum umbellatum",70,78,-8,3,80,0,0,1,0,0,1.28571428571429,42.6420427705854,0
2018,36,"770*A",142,-3000,"Eriogonum umbellatum",71,70,1,2,81,0,0,1,0,0,1.12213740458015,27.9296778532858,0
2019,36,"770*A",142,-3000,"Eriogonum umbellatum",74,71,3,9,107,0,0,1,0,0,0.5,22.8268809349891,0
2014,36,"771*A",153,-2979,"Poa stenantha",15,NA,NA,17,2,0,NA,1,0,0,2.52336448598131,100,0
2015,36,"771*A",153,-2979,"Poa stenantha",24,15,9,15,1,0,0,1,0,0,3.0530303030303,100,0
2016,36,"771*A",153,-2979,"Poa stenantha",30,24,6,17,6,0,0,1,0,0,1.30188679245283,100.936025472757,0
2017,36,"771*A",153,-2979,"Poa stenantha",35,30,5,21,5,0,0,1,0,0,1.28571428571429,85.2840855411708,0
2018,36,"771*A",153,-2979,"Poa stenantha",27,35,-8,16.5,13,0,0,1,0,0,1.12213740458015,96.5661907122178,0
2019,36,"771*A",153,-2979,"Poa stenantha",25,27,-2,18.5,1,0,0,1,0,0,0.5,100,0
2014,36,"772*A",160,-2960,"Lupinus argenteus",10,NA,NA,3,0,0,NA,1,0,0,2.52336448598131,0,0
2015,36,"772*A",160,-2960,"Lupinus argenteus",0,10,-10,0,0,0,0,0,0,1,3.0530303030303,0,0
2014,36,"773*A",185,-2960,"Heterotheca villosa",15,NA,NA,6,9,0,NA,1,0,0,2.52336448598131,0.0504725335519832,0
2015,36,"773*A",185,-2960,"Heterotheca villosa",8.5,15,-6.5,5,11,0,0,1,0,0,3.0530303030303,0,0
2016,36,"773*A",185,-2960,"Heterotheca villosa",10,8.5,1.5,5,12,0,0,1,0,0,1.30188679245283,0,0
2017,36,"773*A",185,-2960,"Heterotheca villosa",0,10,-10,0,0,0,0,0,0,1,1.28571428571429,0,0
2014,36,"774*A",190,-2966,"Eriogonum umbellatum",1,NA,NA,1,0,1,1,1,0,0,2.52336448598131,11.356320049197,0
2015,36,"774*A",190,-2966,"Eriogonum umbellatum",2,1,1,1.5,0,0,0,1,0,0,3.0530303030303,0,0
2016,36,"774*A",190,-2966,"Eriogonum umbellatum",1.5,2,-0.5,1,0,0,0,1,0,0,1.30188679245283,0,0
2017,36,"774*A",190,-2966,"Eriogonum umbellatum",3,1.5,1.5,1,0,0,0,1,0,0,1.28571428571429,0,0
2018,36,"774*A",190,-2966,"Eriogonum umbellatum",1.5,3,-1.5,0.6,0,0,0,1,0,0,1.12213740458015,0,0
2019,36,"774*A",190,-2966,"Eriogonum umbellatum",1.4,1.5,-0.1,1.3,0,0,0,1,0,0,0.5,0,0
2014,36,"775*A",185,-2885,"Lupinus argenteus",3,NA,NA,3,0,0,NA,1,0,0,2.52336448598131,0,0
2015,36,"775*A",185,-2885,"Lupinus argenteus",2,3,-1,2.5,0,0,0,1,0,0,3.0530303030303,0,0
2016,36,"775*A",185,-2885,"Lupinus argenteus",5,2,3,4,0,0,0,1,0,0,1.30188679245283,0,0
2017,36,"775*A",185,-2885,"Lupinus argenteus",0,5,-5,0,0,0,0,0,0,1,1.28571428571429,0,0
2014,36,"776*A",175,-2865,"Ivesia gordonii",7,NA,NA,2,3,0,NA,1,0,0,2.52336448598131,0,0
2015,36,"776*A",175,-2865,"Ivesia gordonii",9,7,2,3,2,0,0,1,0,0,3.0530303030303,0,0
2016,36,"776*A",175,-2865,"Ivesia gordonii",13,9,4,4,5,0,0,1,0,0,1.30188679245283,0.0534426637047652,0
2017,36,"776*A",175,-2865,"Ivesia gordonii",9,13,-4,5,7,0,0,1,0,0,1.28571428571429,0,0
2018,36,"776*A",175,-2865,"Ivesia gordonii",7,9,-2,2.5,3,0,0,1,0,0,1.12213740458015,0,0
2019,36,"776*A",175,-2865,"Ivesia gordonii",0,7,-7,0,0,0,0,0,0,1,0.5,0,0
2014,36,"777*A",165,-2855,"Heterotheca villosa",5,NA,NA,2,0,0,NA,1,0,0,2.52336448598131,0,0
2015,36,"777*A",165,-2855,"Heterotheca villosa",8,5,3,5,4,0,0,1,0,0,3.0530303030303,0,9.23922977051031
2016,36,"777*A",165,-2855,"Heterotheca villosa",0,8,-8,0,0,0,0,0,0,1,1.30188679245283,0,0
2014,36,"778*A",162,-2852,"Heterotheca villosa",3,NA,NA,1,0,0,NA,1,0,0,2.52336448598131,0,0
2015,36,"778*A",162,-2852,"Heterotheca villosa",4,3,1,2,1,0,0,1,0,0,3.0530303030303,0,36.9569190820407
2016,36,"778*A",162,-2852,"Heterotheca villosa",13.5,4,9.5,4,7,0,0,1,0,0,1.30188679245283,0.481831011621062,0
2017,36,"778*A",162,-2852,"Heterotheca villosa",0,13.5,-13.5,0,0,0,0,0,0,1,1.28571428571429,0,0
2014,36,"779*A",155,-2820,"Lupinus argenteus",1,NA,NA,1,0,1,1,1,0,0,2.52336448598131,0,0
2015,36,"779*A",155,-2820,"Lupinus argenteus",0,1,-1,0,0,0,0,1,0,0,3.0530303030303,0,0
2016,36,"779*A",155,-2820,"Lupinus argenteus",2,0,2,2,0,0,0,1,0,0,1.30188679245283,0,0
2017,36,"779*A",155,-2820,"Lupinus argenteus",0,2,-2,0,0,0,0,0,0,1,1.28571428571429,0,0
2014,8,"78*A",985,-535,"Eriogonum umbellatum",18,NA,NA,2,4,0,NA,1,0,0,2.52336448598131,1.84824211773436,0
2015,8,"78*A",985,-535,"Eriogonum umbellatum",21.5,18,3.5,2.5,5,0,0,1,0,0,3.0530303030303,11.3457431722596,0
2016,8,"78*A",985,-535,"Eriogonum umbellatum",24,21.5,2.5,3,9,0,0,1,0,0,1.30188679245283,14.1656209592792,0
2017,8,"78*A",985,-535,"Eriogonum umbellatum",29,24,5,3,11,0,0,1,0,0,1.28571428571429,19.8793661962471,0
2018,8,"78*A",985,-535,"Eriogonum umbellatum",30,29,1,3,11,0,0,1,0,0,1.12213740458015,24.0207170516326,0
2019,8,"78*A",985,-535,"Eriogonum umbellatum",34,30,4,3,27,0,0,1,0,0,0.5,27.6743361246573,0
2014,36,"780*A",110,-2810,"Lupinus argenteus",9,NA,NA,6,0,0,NA,1,0,0,2.52336448598131,40.8229488300499,0
2015,36,"780*A",110,-2810,"Lupinus argenteus",7.5,9,-1.5,5,0,0,0,1,0,0,3.0530303030303,39.4269042628798,1.06618329198492
2016,36,"780*A",110,-2810,"Lupinus argenteus",9,7.5,1.5,7,0,0,0,1,0,0,1.30188679245283,97.1194055444581,1.23158751848415
2017,36,"780*A",110,-2810,"Lupinus argenteus",6,9,-3,4,0,0,0,1,0,0,1.28571428571429,87.4378862958059,0
2018,36,"780*A",110,-2810,"Lupinus argenteus",0,6,-6,0,0,0,0,0,0,1,1.12213740458015,0,0
2014,36,"781*A",99,-2824,"Arnica latifolia",10,NA,NA,13,1,0,NA,1,0,0,2.52336448598131,100,16.630875986963
2015,36,"781*A",99,-2824,"Arnica latifolia",12,10,2,8,1,0,0,1,0,0,3.0530303030303,100,15.7842801255756
2016,36,"781*A",99,-2824,"Arnica latifolia",4,12,-8,6,0,0,0,1,0,0,1.30188679245283,99.9999999999999,0
2017,36,"781*A",99,-2824,"Arnica latifolia",16,4,12,7,1,0,0,1,0,0,1.28571428571429,102.87223262363,31.4390350484985
2018,36,"781*A",99,-2824,"Arnica latifolia",10.5,16,-5.5,11.5,1,0,0,1,0,0,1.12213740458015,100,3.62811791383222
2019,36,"781*A",99,-2824,"Arnica latifolia",17,10.5,6.5,13,2,0,0,1,0,0,0.5,108.18000931946,8.83760481077256
2014,36,"782*A",104,-2838,"Elymus lanceolatus",5,NA,NA,24,1,0,NA,1,0,0,2.52336448598131,99.9999999999999,0
2015,36,"782*A",104,-2838,"Elymus lanceolatus",8,5,3,18,1,0,0,1,0,0,3.0530303030303,116.886620086172,0
2016,36,"782*A",104,-2838,"Elymus lanceolatus",13,8,5,19,1,0,0,1,0,0,1.30188679245283,164.742502680582,0
2017,36,"782*A",104,-2838,"Elymus lanceolatus",16,13,3,24,7,0,0,1,0,0,1.28571428571429,230.264411169689,0
2018,36,"782*A",104,-2838,"Elymus lanceolatus",14,16,-2,22,2,0,0,1,0,0,1.12213740458015,142.255665843115,0
2019,36,"782*A",104,-2838,"Elymus lanceolatus",18.5,14,4.5,22,1,0,0,1,0,0,0.5,207.9568708496,0
2014,36,"784*A",110,-2850,"Agoseris glauca",8,NA,NA,4,0,0,NA,1,0,0,2.52336448598131,140.595266709259,0
2015,36,"784*A",110,-2850,"Agoseris glauca",5.5,8,-2.5,11,2,0,0,1,0,0,3.0530303030303,200,0
2016,36,"784*A",110,-2850,"Agoseris glauca",9,5.5,3.5,3,1,0,0,1,0,0,1.30188679245283,200.861121681409,1.23456790123457
2017,36,"784*A",110,-2850,"Agoseris glauca",8,9,-1,6.5,0,0,0,1,0,0,1.28571428571429,215.740022834263,2.23070918174592
2018,36,"784*A",110,-2850,"Agoseris glauca",2.5,8,-5.5,4,0,0,0,1,0,0,1.12213740458015,200,0
2019,36,"784*A",110,-2850,"Agoseris glauca",3.2,2.5,0.7,4,0,0,0,1,0,0,0.5,200,0
2014,36,"785*A",110,-2870,"Heterotheca villosa",5,NA,NA,3,0,0,NA,1,0,0,2.52336448598131,102.160899767038,0
2015,36,"785*A",110,-2870,"Heterotheca villosa",5,5,0,3,0,0,0,1,0,0,3.0530303030303,128.763254726905,0
2016,36,"785*A",110,-2870,"Heterotheca villosa",5,5,0,5,0,0,0,1,0,0,1.30188679245283,128.763254726905,0
2017,36,"785*A",110,-2870,"Heterotheca villosa",0,5,-5,0,0,0,0,0,0,1,1.28571428571429,0,0
2014,36,"786*A",106,-2866,"Achnatherum lettermanii",7,NA,NA,4,0,0,NA,1,0,0,2.52336448598131,101.102499881142,0
2015,36,"786*A",106,-2866,"Achnatherum lettermanii",10,7,3,9.5,0,0,0,1,0,0,3.0530303030303,107.190813681726,0
2016,36,"786*A",106,-2866,"Achnatherum lettermanii",10,10,0,10,2,0,0,1,0,0,1.30188679245283,111.190813681726,0
2017,36,"786*A",106,-2866,"Achnatherum lettermanii",15,10,5,13,3,0,0,1,0,0,1.28571428571429,114.97394728259,0
2018,36,"786*A",106,-2866,"Achnatherum lettermanii",11.5,15,-3.5,13.5,7,0,0,1,0,0,1.12213740458015,99.9999999999999,0
2019,36,"786*A",106,-2866,"Achnatherum lettermanii",15,11.5,3.5,11.5,0,0,0,1,0,0,0.5,117.853001739714,0
2014,36,"787*A",80,-2910,"Lupinus argenteus",4,NA,NA,3,0,0,NA,1,0,0,2.52336448598131,0,0
2015,36,"787*A",80,-2910,"Lupinus argenteus",6.5,4,2.5,5,0,0,0,1,0,0,3.0530303030303,0,0
2016,36,"787*A",80,-2910,"Lupinus argenteus",8,6.5,1.5,5,0,0,0,1,0,0,1.30188679245283,0,0
2017,36,"787*A",80,-2910,"Lupinus argenteus",0,8,-8,0,0,0,0,0,0,1,1.28571428571429,0,0
2014,37,"788*A",430,-2975,"Lupinus argenteus",12,NA,NA,6,0,0,NA,1,0,0,2.52336448598131,0,0
2015,37,"788*A",430,-2975,"Lupinus argenteus",13,12,1,5,0,0,0,1,0,0,3.0530303030303,0,0
2016,37,"788*A",430,-2975,"Lupinus argenteus",6,13,-7,5,0,0,0,1,0,0,1.30188679245283,0,0
2017,37,"788*A",430,-2975,"Lupinus argenteus",13,6,7,8,0,0,0,1,0,0,1.28571428571429,0,0
2018,37,"788*A",430,-2975,"Lupinus argenteus",12.5,13,-0.5,9,0,0,0,1,0,0,1.12213740458015,0,0
2019,37,"788*A",430,-2975,"Lupinus argenteus",0,12.5,-12.5,0,0,0,0,0,0,1,0.5,0,0
2014,37,"789*A",458,-2990,"Eriogonum umbellatum",0.5,NA,NA,0.5,0,1,1,1,0,0,2.52336448598131,0,0
2015,37,"789*A",458,-2990,"Eriogonum umbellatum",0,0.5,-0.5,0,0,0,0,0,0,1,3.0530303030303,0,0
2014,8,"79*A",990,-520,"Ivesia gordonii",16,NA,NA,4,2,0,NA,1,0,0,2.52336448598131,2.33918143025769,0
2015,8,"79*A",990,-520,"Ivesia gordonii",19.5,16,3.5,5,7,0,0,1,0,0,3.0530303030303,13.7924254605578,0
2016,8,"79*A",990,-520,"Ivesia gordonii",20,19.5,0.5,7,25,0,0,1,0,0,1.30188679245283,20.3984941813615,0
2017,8,"79*A",990,-520,"Ivesia gordonii",18.5,20,-1.5,5,4,0,0,1,0,0,1.28571428571429,36.1662211248591,0
2018,8,"79*A",990,-520,"Ivesia gordonii",21.5,18.5,3,6.5,7,0,0,1,0,0,1.12213740458015,41.1500531198324,0
2019,8,"79*A",990,-520,"Ivesia gordonii",22.5,21.5,1,6.5,10,0,0,1,0,0,0.5,55.756124520948,0
2014,37,"790*A",463,-2987,"Ivesia gordonii",2,NA,NA,1,0,0,NA,1,0,0,2.52336448598131,0,0
2015,37,"790*A",463,-2987,"Ivesia gordonii",5,2,3,3,0,0,0,1,0,0,3.0530303030303,0,0
2016,37,"790*A",463,-2987,"Ivesia gordonii",6,5,1,4,0,0,0,1,0,0,1.30188679245283,0,0
2017,37,"790*A",463,-2987,"Ivesia gordonii",8,6,2,2,4,0,0,1,0,0,1.28571428571429,0,0
2018,37,"790*A",463,-2987,"Ivesia gordonii",9,8,1,4,0,0,0,1,0,0,1.12213740458015,0,0
2019,37,"790*A",463,-2987,"Ivesia gordonii",7.5,9,-1.5,4,0,0,0,1,0,0,0.5,0,0
2014,37,"791*A",460,-2977,"Lupinus argenteus",2,NA,NA,2,0,0,NA,1,0,0,2.52336448598131,0,0
2015,37,"791*A",460,-2977,"Lupinus argenteus",10,2,8,5,0,0,0,1,0,0,3.0530303030303,0,5.06013386055519
2016,37,"791*A",460,-2977,"Lupinus argenteus",5,10,-5,4,0,0,0,1,0,0,1.30188679245283,0,0
2017,37,"791*A",460,-2977,"Lupinus argenteus",0,5,-5,0,0,0,0,0,0,1,1.28571428571429,0,0
2014,37,"792*A",465,-2968,"Lupinus argenteus",9,NA,NA,5,0,0,NA,1,0,0,2.52336448598131,0,0
2015,37,"792*A",465,-2968,"Lupinus argenteus",13,9,4,8,0,0,0,1,0,0,3.0530303030303,0,2.9941620476659
2016,37,"792*A",465,-2968,"Lupinus argenteus",10,13,-3,4,0,0,0,1,0,0,1.30188679245283,0,0
2017,37,"792*A",465,-2968,"Lupinus argenteus",0,10,-10,0,0,0,0,0,0,1,1.28571428571429,0,0
2014,37,"793*A",475,-2956,"Ivesia gordonii",9,NA,NA,3,0,0,NA,1,0,0,2.52336448598131,96.7614457017255,0
2015,37,"793*A",475,-2956,"Ivesia gordonii",7,9,-2,5,1,0,0,1,0,0,3.0530303030303,49.9821457677644,0
2016,37,"793*A",475,-2956,"Ivesia gordonii",10.5,7,3.5,5,3,0,0,1,0,0,1.30188679245283,0,0
2017,37,"793*A",475,-2956,"Ivesia gordonii",7,10.5,-3.5,5,0,0,0,1,0,0,1.28571428571429,0,0
2018,37,"793*A",475,-2956,"Ivesia gordonii",11,7,4,3.5,1,0,0,1,0,0,1.12213740458015,0,0
2019,37,"793*A",475,-2956,"Ivesia gordonii",11.5,11,0.5,5,0,0,0,1,0,0,0.5,0,0
2014,37,"794*A",475,-2952,"Lupinus argenteus",16,NA,NA,10,3,0,NA,1,0,0,2.52336448598131,30.615926179062,0
2015,37,"794*A",475,-2952,"Lupinus argenteus",9,16,-7,5,0,0,0,1,0,0,3.0530303030303,30.2361128718575,0
2016,37,"794*A",475,-2952,"Lupinus argenteus",0,9,-9,0,0,0,0,0,0,1,1.30188679245283,0,0
2014,37,"795*A",455,-2940,"Lupinus argenteus",14,NA,NA,8,0,0,NA,1,0,0,2.52336448598131,0,0
2015,37,"795*A",455,-2940,"Lupinus argenteus",18,14,4,7,2,0,0,1,0,0,3.0530303030303,0.38580246913581,9.58848685181254
2016,37,"795*A",455,-2940,"Lupinus argenteus",12,18,-6,5,0,0,0,1,0,0,1.30188679245283,1.74546981905432,4.23994512040764
2017,37,"795*A",455,-2940,"Lupinus argenteus",1.5,12,-10.5,1.5,0,0,0,1,0,0,1.28571428571429,0,0
2018,37,"795*A",455,-2940,"Lupinus argenteus",0,1.5,-1.5,0,0,0,0,0,0,1,1.12213740458015,0,0
2014,37,"796*A",448,-2930,"Lupinus argenteus",8,NA,NA,4,0,0,NA,1,0,0,2.52336448598131,0.529523479761188,0
2015,37,"796*A",448,-2930,"Lupinus argenteus",13,8,5,5,0,0,0,1,0,0,3.0530303030303,0.209965279294992,15.658523039416
2016,37,"796*A",448,-2930,"Lupinus argenteus",15,13,2,7,0,0,0,1,0,0,1.30188679245283,13.9952481023191,3.46988860323871
2017,37,"796*A",448,-2930,"Lupinus argenteus",9,15,-6,3,0,0,0,1,0,0,1.28571428571429,0,0
2018,37,"796*A",448,-2930,"Lupinus argenteus",0,9,-9,0,0,0,0,0,0,1,1.12213740458015,0,0
2014,37,"797*A",465,-2925,"Lupinus argenteus",14,NA,NA,7,0,0,NA,1,0,0,2.52336448598131,0.0139804732154173,0
2015,37,"797*A",465,-2925,"Lupinus argenteus",20,14,6,9,0,0,0,1,0,0,3.0530303030303,0.409456057855604,1.15094836581517
2016,37,"797*A",465,-2925,"Lupinus argenteus",5,20,-15,5,0,0,0,1,0,0,1.30188679245283,0,70.3964778180084
2017,37,"797*A",465,-2925,"Lupinus argenteus",3.5,5,-1.5,3.5,0,0,0,1,0,0,1.28571428571429,0,99.9999999999948
2018,37,"797*A",465,-2925,"Lupinus argenteus",0,3.5,-3.5,0,0,0,0,0,0,1,1.12213740458015,0,0
2014,37,"798*A",452,-2920,"Ivesia gordonii",14,NA,NA,4,2,0,NA,1,0,0,2.52336448598131,0.18688609925994,0
2015,37,"798*A",452,-2920,"Ivesia gordonii",9,14,-5,3,1,0,0,1,0,0,3.0530303030303,2.46008093016138,0
2016,37,"798*A",452,-2920,"Ivesia gordonii",14,9,5,6,7,0,0,1,0,0,1.30188679245283,21.8807060108454,0
2017,37,"798*A",452,-2920,"Ivesia gordonii",9.5,14,-4.5,3,0,0,0,1,0,0,1.28571428571429,4.43213296398925,0
2018,37,"798*A",452,-2920,"Ivesia gordonii",10,9.5,0.5,3.5,0,0,0,1,0,0,1.12213740458015,4.00000000000025,0
2019,37,"798*A",452,-2920,"Ivesia gordonii",13.5,10,3.5,6,1,0,0,1,0,0,0.5,3.42935528120705,0
2014,37,"799*A",512,-2988,"Lupinus argenteus",15,NA,NA,5,0,0,NA,1,0,0,2.52336448598131,0,0
2015,37,"799*A",512,-2988,"Lupinus argenteus",10.5,15,-4.5,3.5,0,0,0,1,0,0,3.0530303030303,0,0
2016,37,"799*A",512,-2988,"Lupinus argenteus",0,10.5,-10.5,0,0,0,0,0,0,1,1.30188679245283,0,0
2014,1,"8*A",194,-147,"Ivesia gordonii",13,NA,NA,4,6,0,NA,1,0,0,2.52336448598131,0,0
2015,1,"8*A",194,-147,"Ivesia gordonii",11,13,-2,4,3,0,0,1,0,0,3.0530303030303,0,0
2016,1,"8*A",194,-147,"Ivesia gordonii",12.9,11,1.9,5.5,10,0,0,1,0,0,1.30188679245283,0,0
2017,1,"8*A",194,-147,"Ivesia gordonii",0,12.9,-12.9,0,0,0,0,0,0,1,1.28571428571429,0,0
2014,8,"80*A",905,-510,"Lupinus argenteus",23,NA,NA,13,1,0,NA,1,0,0,2.52336448598131,0.403750301322364,0
2015,8,"80*A",905,-510,"Lupinus argenteus",0.7,23,-22.3,1.5,0,0,0,1,0,0,3.0530303030303,0,0
2016,8,"80*A",905,-510,"Lupinus argenteus",0,0.7,-0.7,0,0,0,0,0,0,1,1.30188679245283,0,0
2014,37,"800*A",560,-2970,"Lupinus argenteus",22,NA,NA,12,1,0,NA,1,0,0,2.52336448598131,0,65.6611726730277
2015,37,"800*A",560,-2970,"Lupinus argenteus",5,22,-17,3,0,0,0,1,0,0,3.0530303030303,0,20.2922653886651
2016,37,"800*A",560,-2970,"Lupinus argenteus",0,5,-5,0,0,0,0,0,0,1,1.30188679245283,0,0
2014,37,"801*A",562,-2965,"Lupinus argenteus",9,NA,NA,6,0,0,NA,1,0,0,2.52336448598131,0,200.000000000002
2015,37,"801*A",562,-2965,"Lupinus argenteus",1.5,9,-7.5,1.5,0,0,0,1,0,0,3.0530303030303,0,99.9999999999879
2016,37,"801*A",562,-2965,"Lupinus argenteus",0,1.5,-1.5,0,0,0,0,0,0,1,1.30188679245283,0,0
2014,37,"802*A",565,-2965,"Lupinus argenteus",19,NA,NA,11,0,0,NA,1,0,0,2.52336448598131,0,92.3804553372304
2015,37,"802*A",565,-2965,"Lupinus argenteus",12,19,-7,7,0,0,0,1,0,0,3.0530303030303,0,15.2767859498839
2016,37,"802*A",565,-2965,"Lupinus argenteus",15,12,3,8,0,0,0,1,0,0,1.30188679245283,0,0
2017,37,"802*A",565,-2965,"Lupinus argenteus",0,15,-15,0,0,0,0,0,0,1,1.28571428571429,0,0
2014,37,"803*A",582,-2978,"Lupinus argenteus",11,NA,NA,8,0,0,NA,1,0,0,2.52336448598131,0,2.49465416123093
2015,37,"803*A",582,-2978,"Lupinus argenteus",0,11,-11,0,0,0,0,0,0,1,3.0530303030303,0,0
2014,37,"804*A",580,-2960,"Lupinus argenteus",17,NA,NA,13,2,0,NA,1,0,0,2.52336448598131,39.2438128407769,43.8515096017809
2015,37,"804*A",580,-2960,"Lupinus argenteus",24,17,7,14,3,0,0,1,0,0,3.0530303030303,38.4094429040876,32.3766244352421
2016,37,"804*A",580,-2960,"Lupinus argenteus",13,24,-11,10,0,0,0,1,0,0,1.30188679245283,8.64782238960277,108.942305592895
2017,37,"804*A",580,-2960,"Lupinus argenteus",0,13,-13,0,0,0,0,0,0,1,1.28571428571429,0,0
2014,37,"805*A",585,-2960,"Heterotheca villosa",12,NA,NA,9,1,0,NA,1,0,0,2.52336448598131,139.41416246041,0
2015,37,"805*A",585,-2960,"Heterotheca villosa",15,12,3,8,0,0,0,1,0,0,3.0530303030303,142.187752494952,0
2016,37,"805*A",585,-2960,"Heterotheca villosa",4,15,-11,3,0,0,0,1,0,0,1.30188679245283,221.620779348981,0
2017,37,"805*A",585,-2960,"Heterotheca villosa",0.9,4,-3.1,0.5,0,0,0,1,0,0,1.28571428571429,0,0
2018,37,"805*A",585,-2960,"Heterotheca villosa",0,0.9,-0.9,0,0,0,0,0,0,1,1.12213740458015,0,0
2014,37,"806*A",585,-2955,"Lupinus argenteus",14,NA,NA,8,0,0,NA,1,0,0,2.52336448598131,44.5621300169113,53.1367999664815
2015,37,"806*A",585,-2955,"Lupinus argenteus",12,14,-2,7,0,0,0,1,0,0,3.0530303030303,66.8045383072908,93.9866637927704
2016,37,"806*A",585,-2955,"Lupinus argenteus",20,12,8,13,1,0,0,1,0,0,1.30188679245283,4.00000000000011,42.1719627243827
2017,37,"806*A",585,-2955,"Lupinus argenteus",1,20,-19,1,0,0,0,1,0,0,1.28571428571429,0,0
2018,37,"806*A",585,-2955,"Lupinus argenteus",0,1,-1,0,0,0,0,0,0,1,1.12213740458015,0,0
2014,37,"807*A",560,-2950,"Lupinus argenteus",11,NA,NA,7,0,0,NA,1,0,0,2.52336448598131,0,0
2015,37,"807*A",560,-2950,"Lupinus argenteus",1.5,11,-9.5,1,0,0,0,1,0,0,3.0530303030303,0,0
2016,37,"807*A",560,-2950,"Lupinus argenteus",5,1.5,3.5,5,0,0,0,1,0,0,1.30188679245283,0,0
2017,37,"807*A",560,-2950,"Lupinus argenteus",3.5,5,-1.5,4,0,0,0,1,0,0,1.28571428571429,0,0
2018,37,"807*A",560,-2950,"Lupinus argenteus",0,3.5,-3.5,0,0,0,0,0,0,1,1.12213740458015,0,0
2014,37,"808*A",546,-2837,"Ivesia gordonii",14,NA,NA,5,5,0,NA,1,0,0,2.52336448598131,0,0
2015,37,"808*A",546,-2837,"Ivesia gordonii",13,14,-1,4,6,0,0,1,0,0,3.0530303030303,0,0
2016,37,"808*A",546,-2837,"Ivesia gordonii",15,13,2,5,14,0,0,1,0,0,1.30188679245283,0,0
2017,37,"808*A",546,-2837,"Ivesia gordonii",12,15,-3,4,1,0,0,1,0,0,1.28571428571429,0,0
2018,37,"808*A",546,-2837,"Ivesia gordonii",12,12,0,5.5,0,0,0,1,0,0,1.12213740458015,0,0
2019,37,"808*A",546,-2837,"Ivesia gordonii",18,12,6,8,4,0,0,1,0,0,0.5,0,0
2014,37,"809*A",517,-2837,"Ivesia gordonii",7,NA,NA,5,0,0,NA,1,0,0,2.52336448598131,0,0
2015,37,"809*A",517,-2837,"Ivesia gordonii",7,7,0,7,1,0,0,1,0,0,3.0530303030303,0,0
2016,37,"809*A",517,-2837,"Ivesia gordonii",8,7,1,3,3,0,0,1,0,0,1.30188679245283,0.29244281450229,0.390624999999948
2017,37,"809*A",517,-2837,"Ivesia gordonii",2.5,8,-5.5,2,0,0,0,1,0,0,1.28571428571429,0,0
2018,37,"809*A",517,-2837,"Ivesia gordonii",6,2.5,3.5,3.5,0,0,0,1,0,0,1.12213740458015,0,0.0723777531487045
2019,37,"809*A",517,-2837,"Ivesia gordonii",13,6,7,4,0,0,0,1,0,0,0.5,12.3238396338852,15.2193206875524
2014,8,"81*A",896,-517,"Ivesia gordonii",2,NA,NA,2,0,0,NA,1,0,0,2.52336448598131,53.3959773498876,0
2015,8,"81*A",896,-517,"Ivesia gordonii",5,2,3,3.5,0,0,0,1,0,0,3.0530303030303,0,0
2016,8,"81*A",896,-517,"Ivesia gordonii",7,5,2,5,0,0,0,1,0,0,1.30188679245283,0,0
2017,8,"81*A",896,-517,"Ivesia gordonii",10,7,3,8,4,0,0,1,0,0,1.28571428571429,0,0
2018,8,"81*A",896,-517,"Ivesia gordonii",17,10,7,7.5,0,0,0,1,0,0,1.12213740458015,0,0
2019,8,"81*A",896,-517,"Ivesia gordonii",20,17,3,9,2,0,0,1,0,0,0.5,0,0
2014,37,"810*A",505,-2831,"Ivesia gordonii",14,NA,NA,5,0,0,NA,1,0,0,2.52336448598131,5.35281339628221,0
2015,37,"810*A",505,-2831,"Ivesia gordonii",15,14,1,5,18,0,0,1,0,0,3.0530303030303,37.2180265767383,0
2016,37,"810*A",505,-2831,"Ivesia gordonii",10,15,-5,7,3,0,0,1,0,0,1.30188679245283,30.6648585735846,0
2017,37,"810*A",505,-2831,"Ivesia gordonii",11,10,1,6,1,0,0,1,0,0,1.28571428571429,0,0
2018,37,"810*A",505,-2831,"Ivesia gordonii",21,11,10,7,5,0,0,1,0,0,1.12213740458015,0,1.28765946800805
2019,37,"810*A",505,-2831,"Ivesia gordonii",14.5,21,-6.5,9,0,0,0,1,0,0,0.5,0,0.342759553847196
2014,37,"811*A",495,-2825,"Lupinus argenteus",13,NA,NA,8,0,0,NA,1,0,0,2.52336448598131,6.20799660160534,0
2015,37,"811*A",495,-2825,"Lupinus argenteus",22,13,9,11,7,0,0,1,0,0,3.0530303030303,17.301768553236,0
2016,37,"811*A",495,-2825,"Lupinus argenteus",21,22,-1,13,3,0,0,1,0,0,1.30188679245283,6.95348266974708,0
2017,37,"811*A",495,-2825,"Lupinus argenteus",0,21,-21,0,0,0,0,0,0,1,1.28571428571429,0,0
2014,37,"812*A",410,-2800,"Lupinus argenteus",17,NA,NA,9,1,0,NA,1,0,0,2.52336448598131,0,96.6767436529002
2015,37,"812*A",410,-2800,"Lupinus argenteus",12,17,-5,9,0,0,0,1,0,0,3.0530303030303,0,44.5738707473912
2016,37,"812*A",410,-2800,"Lupinus argenteus",20,12,8,12,0,0,0,1,0,0,1.30188679245283,0,42.3115268269727
2017,37,"812*A",410,-2800,"Lupinus argenteus",11,20,-9,6,0,0,0,1,0,0,1.28571428571429,0,0
2018,37,"812*A",410,-2800,"Lupinus argenteus",0,11,-11,0,0,0,0,0,0,1,1.12213740458015,0,0
2014,37,"813*A",400,-2800,"Lupinus argenteus",35,NA,NA,14,5,0,NA,1,0,0,2.52336448598131,0,45.6182678479099
2015,37,"813*A",400,-2800,"Lupinus argenteus",20,35,-15,10,2,0,0,1,0,0,3.0530303030303,0,35.1827561895843
2016,37,"813*A",400,-2800,"Lupinus argenteus",21,20,1,14,1,0,0,1,0,0,1.30188679245283,0,76.7600276006493
2017,37,"813*A",400,-2800,"Lupinus argenteus",8.5,21,-12.5,5,0,0,0,1,0,0,1.28571428571429,0,0
2018,37,"813*A",400,-2800,"Lupinus argenteus",0,8.5,-8.5,0,0,0,0,0,0,1,1.12213740458015,0,0
2014,37,"814*A",462,-2884,"Ivesia gordonii",15,NA,NA,4,0,0,NA,1,0,0,2.52336448598131,0,0
2015,37,"814*A",462,-2884,"Ivesia gordonii",12,15,-3,4,0,0,0,1,0,0,3.0530303030303,0,0
2016,37,"814*A",462,-2884,"Ivesia gordonii",13,12,1,5,7,0,0,1,0,0,1.30188679245283,11.5727505591112,0
2017,37,"814*A",462,-2884,"Ivesia gordonii",10,13,-3,6,1,0,0,1,0,0,1.28571428571429,24.2534793045592,0
2018,37,"814*A",462,-2884,"Ivesia gordonii",9.5,10,-0.5,3.5,0,0,0,1,0,0,1.12213740458015,0,0
2019,37,"814*A",462,-2884,"Ivesia gordonii",14.5,9.5,5,3.5,0,0,0,1,0,0,0.5,0,0
2014,37,"815*A",483,-2879,"Ivesia gordonii",10,NA,NA,3,5,0,NA,1,0,0,2.52336448598131,14.2489618884744,0
2015,37,"815*A",483,-2879,"Ivesia gordonii",14,10,4,4,2,0,0,1,0,0,3.0530303030303,5.15730031326502,0
2016,37,"815*A",483,-2879,"Ivesia gordonii",14.5,14,0.5,5,7,0,0,1,0,0,1.30188679245283,0,0
2017,37,"815*A",483,-2879,"Ivesia gordonii",13,14.5,-1.5,4,2,0,0,1,0,0,1.28571428571429,0,0
2018,37,"815*A",483,-2879,"Ivesia gordonii",12.5,13,-0.5,3,0,0,0,1,0,0,1.12213740458015,0,0
2019,37,"815*A",483,-2879,"Ivesia gordonii",14,12.5,1.5,3.5,2,0,0,1,0,0,0.5,0,0
2014,37,"816*A",503,-2872,"Eriogonum umbellatum",17,NA,NA,2,0,0,NA,1,0,0,2.52336448598131,18.830841601819,0
2015,37,"816*A",503,-2872,"Eriogonum umbellatum",19,17,2,3,3,0,0,1,0,0,3.0530303030303,24.96842203472,0
2016,37,"816*A",503,-2872,"Eriogonum umbellatum",23,19,4,3,6,0,0,1,0,0,1.30188679245283,44.9743227437028,0
2017,37,"816*A",503,-2872,"Eriogonum umbellatum",22,23,-1,3,8,0,0,1,0,0,1.28571428571429,29.6939590100342,0
2018,37,"816*A",503,-2872,"Eriogonum umbellatum",19,22,-3,1.5,13,0,0,1,0,0,1.12213740458015,0,0
2019,37,"816*A",503,-2872,"Eriogonum umbellatum",17,19,-2,4.5,2,0,0,1,0,0,0.5,0,0
2014,37,"817*A",500,-2865,"Achnatherum lettermanii",10,NA,NA,7,0,0,NA,1,0,0,2.52336448598131,54.4211322292566,0
2015,37,"817*A",500,-2865,"Achnatherum lettermanii",12,10,2,13,7,0,0,1,0,0,3.0530303030303,62.5944469064857,0
2016,37,"817*A",500,-2865,"Achnatherum lettermanii",19,12,7,18,28,0,0,1,0,0,1.30188679245283,66.0954089698573,0
2017,37,"817*A",500,-2865,"Achnatherum lettermanii",14,19,-5,9,0,0,0,1,0,0,1.28571428571429,73.3258987798791,0
2018,37,"817*A",500,-2865,"Achnatherum lettermanii",0,14,-14,0,0,0,0,0,0,1,1.12213740458015,0,0
2014,37,"818*A",503,-2885,"Heterotheca villosa",0.5,NA,NA,0.5,0,1,1,1,0,0,2.52336448598131,0,0
2015,37,"818*A",503,-2885,"Heterotheca villosa",1.5,0.5,1,1,0,0,0,1,0,0,3.0530303030303,0,0
2016,37,"818*A",503,-2885,"Heterotheca villosa",2,1.5,0.5,2,0,0,0,1,0,0,1.30188679245283,0,0
2017,37,"818*A",503,-2885,"Heterotheca villosa",3.5,2,1.5,3,0,0,0,1,0,0,1.28571428571429,0,0
2018,37,"818*A",503,-2885,"Heterotheca villosa",5.5,3.5,2,1.5,0,0,0,1,0,0,1.12213740458015,0,0
2019,37,"818*A",503,-2885,"Heterotheca villosa",9,5.5,3.5,3.5,0,0,0,1,0,0,0.5,7.56468764880282,0
2014,37,"819*A",485,-2890,"Lupinus argenteus",17,NA,NA,10,0,0,NA,1,0,0,2.52336448598131,53.6061147993867,0
2015,37,"819*A",485,-2890,"Lupinus argenteus",12,17,-5,4,0,0,0,1,0,0,3.0530303030303,32.1568530292763,0
2016,37,"819*A",485,-2890,"Lupinus argenteus",0,12,-12,0,0,0,0,0,0,1,1.30188679245283,0,0
2014,8,"82*A",930,-550,"Lupinus argenteus",21,NA,NA,9,0,0,NA,1,0,0,2.52336448598131,0,0
2015,8,"82*A",930,-550,"Lupinus argenteus",15,21,-6,7,0,0,0,1,0,0,3.0530303030303,0,0
2016,8,"82*A",930,-550,"Lupinus argenteus",0,15,-15,0,0,0,0,0,0,1,1.30188679245283,0,0
2014,37,"820*A",489,-2895,"Ivesia gordonii",16,NA,NA,7,3,0,NA,1,0,0,2.52336448598131,54.9502772975598,0
2015,37,"820*A",489,-2895,"Ivesia gordonii",10,16,-6,5,8,0,0,1,0,0,3.0530303030303,36.3283802588774,0
2016,37,"820*A",489,-2895,"Ivesia gordonii",7.5,10,-2.5,3,0,0,0,1,0,0,1.30188679245283,0,1.33333333333322
2017,37,"820*A",489,-2895,"Ivesia gordonii",10,7.5,2.5,4,3,0,0,1,0,0,1.28571428571429,0,52.3655878786129
2018,37,"820*A",489,-2895,"Ivesia gordonii",10.5,10,0.5,5,2,0,0,1,0,0,1.12213740458015,6.95306962146725,0
2019,37,"820*A",489,-2895,"Ivesia gordonii",15,10.5,4.5,7.5,0,0,0,1,0,0,0.5,32.5833934018545,0
2014,37,"821*A",473,-2900,"Lupinus argenteus",6,NA,NA,5,0,0,NA,1,0,0,2.52336448598131,0,0
2015,37,"821*A",473,-2900,"Lupinus argenteus",9,6,3,5,0,0,0,1,0,0,3.0530303030303,5.11895582362132,0
2016,37,"821*A",473,-2900,"Lupinus argenteus",0,9,-9,0,0,0,0,0,0,1,1.30188679245283,0,0
2014,37,"822*A",483,-2917,"Ivesia gordonii",10,NA,NA,3,0,0,NA,1,0,0,2.52336448598131,0,0
2015,37,"822*A",483,-2917,"Ivesia gordonii",11,10,1,3.5,7,0,0,1,0,0,3.0530303030303,0,0.413223140495846
2016,37,"822*A",483,-2917,"Ivesia gordonii",8,11,-3,3,1,0,0,1,0,0,1.30188679245283,0,0
2017,37,"822*A",483,-2917,"Ivesia gordonii",8,8,0,2.5,0,0,0,1,0,0,1.28571428571429,0,0
2018,37,"822*A",483,-2917,"Ivesia gordonii",11,8,3,3,1,0,0,1,0,0,1.12213740458015,0,0
2019,37,"822*A",483,-2917,"Ivesia gordonii",10.5,11,-0.5,3,1,0,0,1,0,0,0.5,0,0
2014,37,"823*A",503,-2892,"Ivesia gordonii",2,NA,NA,1,0,0,NA,1,0,0,2.52336448598131,0,0
2015,37,"823*A",503,-2892,"Ivesia gordonii",3.5,2,1.5,2.5,0,0,0,1,0,0,3.0530303030303,0,0
2016,37,"823*A",503,-2892,"Ivesia gordonii",6,3.5,2.5,3,0,0,0,1,0,0,1.30188679245283,0,0
2017,37,"823*A",503,-2892,"Ivesia gordonii",4.5,6,-1.5,3,0,0,0,1,0,0,1.28571428571429,0,0
2018,37,"823*A",503,-2892,"Ivesia gordonii",5,4.5,0.5,2,0,0,0,1,0,0,1.12213740458015,0,32.6347199846834
2019,37,"823*A",503,-2892,"Ivesia gordonii",8,5,3,2.5,1,0,0,1,0,0,0.5,9.57405780551628,13.4289553526453
2014,37,"824*A",504,-2901,"Ivesia gordonii",11,NA,NA,4,3,0,NA,1,0,0,2.52336448598131,0,0
2015,37,"824*A",504,-2901,"Ivesia gordonii",11,11,0,6,4,0,0,1,0,0,3.0530303030303,0,0
2016,37,"824*A",504,-2901,"Ivesia gordonii",8,11,-3,3,12,0,0,1,0,0,1.30188679245283,0,0
2017,37,"824*A",504,-2901,"Ivesia gordonii",7,8,-1,4.5,0,0,0,1,0,0,1.28571428571429,0,0
2018,37,"824*A",504,-2901,"Ivesia gordonii",17,7,10,3,2,0,0,1,0,0,1.12213740458015,0,2.82307266303488
2019,37,"824*A",504,-2901,"Ivesia gordonii",13.5,17,-3.5,4,1,0,0,1,0,0,0.5,0,4.36462629667657
2014,38,"825*A",935,-2880,"Ivesia gordonii",1,NA,NA,1,0,1,1,1,0,0,2.52336448598131,0,0
2015,38,"825*A",935,-2880,"Ivesia gordonii",0.5,1,-0.5,0.7,0,0,0,1,0,0,3.0530303030303,0,0
2016,38,"825*A",935,-2880,"Ivesia gordonii",1,0.5,0.5,0.5,0,0,0,1,0,0,1.30188679245283,0,0
2017,38,"825*A",935,-2880,"Ivesia gordonii",0,1,-1,0,0,0,0,0,0,1,1.28571428571429,0,0
2014,38,"826*A",965,-2900,"Ivesia gordonii",0.5,NA,NA,0.5,0,0,NA,1,0,0,2.52336448598131,0,0
2015,38,"826*A",965,-2900,"Ivesia gordonii",0.7,0.5,0.2,0.7,0,0,0,1,0,0,3.0530303030303,0,0
2016,38,"826*A",965,-2900,"Ivesia gordonii",0.9,0.7,0.2,0.8,0,0,0,1,0,0,1.30188679245283,0,0
2017,38,"826*A",965,-2900,"Ivesia gordonii",0,0.9,-0.9,0,0,0,0,0,0,1,1.28571428571429,0,0
2014,39,"827*A",1251,-2930,"Eriogonum umbellatum",7,NA,NA,1,0,0,NA,1,0,0,2.52336448598131,0,0
2015,39,"827*A",1251,-2930,"Eriogonum umbellatum",10,7,3,2,0,0,0,1,0,0,3.0530303030303,0,0
2016,39,"827*A",1251,-2930,"Eriogonum umbellatum",7,10,-3,2,0,0,0,1,0,0,1.30188679245283,0,0
2017,39,"827*A",1251,-2930,"Eriogonum umbellatum",10.5,7,3.5,2.5,0,0,0,1,0,0,1.28571428571429,0,0
2018,39,"827*A",1251,-2930,"Eriogonum umbellatum",11,10.5,0.5,1.5,0,0,0,1,0,0,1.12213740458015,0,0
2019,39,"827*A",1251,-2930,"Eriogonum umbellatum",11.9,11,0.9,2,1,0,0,1,0,0,0.5,0,0
2014,39,"828*A",1375,-2830,"Lupinus argenteus",9,NA,NA,6,0,0,NA,1,0,0,2.52336448598131,0,0
2015,39,"828*A",1375,-2830,"Lupinus argenteus",6,9,-3,3.5,0,0,0,1,0,0,3.0530303030303,0,0
2016,39,"828*A",1375,-2830,"Lupinus argenteus",7,6,1,4.5,0,0,0,1,0,0,1.30188679245283,0,0
2017,39,"828*A",1375,-2830,"Lupinus argenteus",3,7,-4,2,0,0,0,1,0,0,1.28571428571429,0,0
2018,39,"828*A",1375,-2830,"Lupinus argenteus",0,3,-3,0,0,0,0,0,0,1,1.12213740458015,0,0
2014,40,"829*A",1650,-2985,"Lupinus argenteus",10,NA,NA,8,0,0,NA,1,0,0,2.52336448598131,0,125.210346230005
2015,40,"829*A",1650,-2985,"Lupinus argenteus",20,10,10,12,4,0,0,1,0,0,3.0530303030303,0,15.5891865631705
2016,40,"829*A",1650,-2985,"Lupinus argenteus",0,20,-20,0,0,0,0,0,0,1,1.30188679245283,0,0
2014,9,"83*A",1260,-525,"Ivesia gordonii",4,NA,NA,1,0,0,NA,1,0,0,2.52336448598131,0,0
2015,9,"83*A",1260,-525,"Ivesia gordonii",6,4,2,4,0,0,0,1,0,0,3.0530303030303,0,0
2016,9,"83*A",1260,-525,"Ivesia gordonii",7.5,6,1.5,4,0,0,0,1,0,0,1.30188679245283,0,0
2017,9,"83*A",1260,-525,"Ivesia gordonii",8,7.5,0.5,4,1,0,0,1,0,0,1.28571428571429,0,0
2018,9,"83*A",1260,-525,"Ivesia gordonii",0,8,-8,0,0,0,0,0,0,1,1.12213740458015,0,0
2014,40,"830*A",1650,-2982,"Lupinus argenteus",18,NA,NA,10,0,0,NA,1,0,0,2.52336448598131,0,90.1034965060093
2015,40,"830*A",1650,-2982,"Lupinus argenteus",0,18,-18,0,0,0,0,0,0,1,3.0530303030303,0,0
2014,40,"831*A",1650,-2978,"Lupinus argenteus",8,NA,NA,7,0,0,NA,1,0,0,2.52336448598131,0,215.037109197769
2015,40,"831*A",1650,-2978,"Lupinus argenteus",0,8,-8,0,0,0,0,0,0,1,3.0530303030303,0,0
2014,40,"832*A",1650,-2975,"Lupinus argenteus",15,NA,NA,8,0,0,NA,1,0,0,2.52336448598131,0,92.2319666768463
2015,40,"832*A",1650,-2975,"Lupinus argenteus",12,15,-3,11,0,0,0,1,0,0,3.0530303030303,0,43.3032960088089
2016,40,"832*A",1650,-2975,"Lupinus argenteus",0,12,-12,0,0,0,0,0,0,1,1.30188679245283,0,0
2014,40,"833*A",1660,-3000,"Elymus lanceolatus",2,NA,NA,16,1,0,NA,1,0,0,2.52336448598131,0,15.5918241962575
2015,40,"833*A",1660,-3000,"Elymus lanceolatus",8,2,6,11,0,0,0,1,0,0,3.0530303030303,0,99.987737000815
2016,40,"833*A",1660,-3000,"Elymus lanceolatus",9,8,1,13,1,0,0,1,0,0,1.30188679245283,0,100
2017,40,"833*A",1660,-3000,"Elymus lanceolatus",5,9,-4,8,0,0,0,1,0,0,1.28571428571429,0,99.9999999999971
2018,40,"833*A",1660,-3000,"Elymus lanceolatus",19.5,5,14.5,14,1,0,0,1,0,0,1.12213740458015,0,99.9999999999995
2019,40,"833*A",1660,-3000,"Elymus lanceolatus",15,19.5,-4.5,25,1,0,0,0,1,0,0.5,0,99.9999999999935
2014,40,"834*A",1662,-3000,"Elymus lanceolatus",3,NA,NA,11,0,0,NA,1,0,0,2.52336448598131,0,6.92969964277813
2015,40,"834*A",1662,-3000,"Elymus lanceolatus",12,3,9,17,2,0,0,1,0,0,3.0530303030303,0,44.4389942225827
2016,40,"834*A",1662,-3000,"Elymus lanceolatus",22,12,10,17,5,0,0,1,0,0,1.30188679245283,14.3702302814409,16.735537190084
2017,40,"834*A",1662,-3000,"Elymus lanceolatus",29,22,7,28,6,0,0,1,0,0,1.28571428571429,11.8915202236338,2.9726516052317
2018,40,"834*A",1662,-3000,"Elymus lanceolatus",33,29,4,23.5,31,0,0,1,0,0,1.12213740458015,11.3887188057068,48.3975718584109
2019,40,"834*A",1662,-3000,"Elymus lanceolatus",27.5,33,-5.5,29.5,46,0,0,1,0,0,0.5,3.37143065507609,40.6513513573667
2014,40,"835*A",1675,-2990,"Eriogonum umbellatum",16,NA,NA,3,0,0,NA,1,0,0,2.52336448598131,14.0625000000011,0
2015,40,"835*A",1675,-2990,"Eriogonum umbellatum",19,16,3,3,0,0,0,1,0,0,3.0530303030303,22.4376731301947,0
2016,40,"835*A",1675,-2990,"Eriogonum umbellatum",18,19,-1,2.5,1,0,0,1,0,0,1.30188679245283,43.7572079395203,0
2017,40,"835*A",1675,-2990,"Eriogonum umbellatum",13.4,18,-4.6,3,0,0,0,1,0,0,1.28571428571429,73.5187604879401,0
2018,40,"835*A",1675,-2990,"Eriogonum umbellatum",11.5,13.4,-1.9,1.5,0,0,0,1,0,0,1.12213740458015,46.8896589013876,0
2019,40,"835*A",1675,-2990,"Eriogonum umbellatum",9.5,11.5,-2,7,0,0,0,1,0,0,0.5,14.1254539218929,0
2014,40,"836*A",1680,-2990,"Heterotheca villosa",6,NA,NA,3,0,0,NA,1,0,0,2.52336448598131,100,0
2015,40,"836*A",1680,-2990,"Heterotheca villosa",9,6,3,3,0,0,0,1,0,0,3.0530303030303,99.9999999999996,0
2016,40,"836*A",1680,-2990,"Heterotheca villosa",11,9,2,5,2,0,0,1,0,0,1.30188679245283,88.4276003660849,0
2017,40,"836*A",1680,-2990,"Heterotheca villosa",12,11,1,7,2,0,0,1,0,0,1.28571428571429,56.9489192998423,0
2018,40,"836*A",1680,-2990,"Heterotheca villosa",0,12,-12,0,0,0,0,0,0,1,1.12213740458015,0,0
2014,40,"837*A",1640,-2935,"Lupinus argenteus",12,NA,NA,7,0,0,NA,1,0,0,2.52336448598131,0,0
2015,40,"837*A",1640,-2935,"Lupinus argenteus",13,12,1,6,0,0,0,1,0,0,3.0530303030303,0,0
2016,40,"837*A",1640,-2935,"Lupinus argenteus",0,13,-13,0,0,0,0,0,0,1,1.30188679245283,0,0
2014,41,"838*A",62,-3385,"Ivesia gordonii",10,NA,NA,4,6,0,NA,1,0,0,2.52336448598131,0,0
2015,41,"838*A",62,-3385,"Ivesia gordonii",15.5,10,5.5,6,10,0,0,1,0,0,3.0530303030303,0,0
2016,41,"838*A",62,-3385,"Ivesia gordonii",15,15.5,-0.5,5,32,0,0,1,0,0,1.30188679245283,0,0
2017,41,"838*A",62,-3385,"Ivesia gordonii",0,15,-15,0,0,0,0,0,0,1,1.28571428571429,0,0
2014,41,"839*A",95,-3330,"Ivesia gordonii",13,NA,NA,4,19,0,NA,1,0,0,2.52336448598131,0,0
2015,41,"839*A",95,-3330,"Ivesia gordonii",15,13,2,8,9,0,0,1,0,0,3.0530303030303,0,0
2016,41,"839*A",95,-3330,"Ivesia gordonii",18,15,3,6,33,0,0,1,0,0,1.30188679245283,0,0
2017,41,"839*A",95,-3330,"Ivesia gordonii",0,18,-18,0,0,0,0,0,0,1,1.28571428571429,0,0
2014,9,"84*A",1265,-440,"Lupinus argenteus",13,NA,NA,8,0,0,NA,1,0,0,2.52336448598131,0,0
2015,9,"84*A",1265,-440,"Lupinus argenteus",0,13,-13,0,0,0,0,0,0,1,3.0530303030303,0,0
2014,41,"840*A",140,-3290,"Lupinus argenteus",28,NA,NA,13,4,0,NA,1,0,0,2.52336448598131,0,3.60350116407086
2015,41,"840*A",140,-3290,"Lupinus argenteus",0,28,-28,0,0,0,0,0,0,1,3.0530303030303,0,0
2014,41,"841*A",150,-3280,"Lupinus argenteus",8,NA,NA,8,0,0,NA,1,0,0,2.52336448598131,0,64.5633348389124
2015,41,"841*A",150,-3280,"Lupinus argenteus",9.5,8,1.5,4.5,0,0,0,1,0,0,3.0530303030303,0,0.0514160729015385
2016,41,"841*A",150,-3280,"Lupinus argenteus",2,9.5,-7.5,1,0,0,0,1,0,0,1.30188679245283,0,0
2017,41,"841*A",150,-3280,"Lupinus argenteus",0,2,-2,0,0,0,0,0,0,1,1.28571428571429,0,0
2014,41,"842*A",155,-3275,"Lupinus argenteus",11,NA,NA,5,0,0,NA,1,0,0,2.52336448598131,0,10.8008968351969
2015,41,"842*A",155,-3275,"Lupinus argenteus",0,11,-11,0,0,0,0,0,0,1,3.0530303030303,0,0
2014,41,"843*A",160,-3265,"Lupinus argenteus",6,NA,NA,4,0,0,NA,1,0,0,2.52336448598131,0,0
2015,41,"843*A",160,-3265,"Lupinus argenteus",8,6,2,4.5,0,0,0,1,0,0,3.0530303030303,0,4.23712691678506
2016,41,"843*A",160,-3265,"Lupinus argenteus",5.5,8,-2.5,3,0,0,0,1,0,0,1.30188679245283,0,0
2017,41,"843*A",160,-3265,"Lupinus argenteus",0,5.5,-5.5,0,0,0,0,0,0,1,1.28571428571429,0,0
2014,41,"844*A",155,-3255,"Lupinus argenteus",12,NA,NA,8,0,0,NA,1,0,0,2.52336448598131,15.3422958774205,62.6249531246046
2015,41,"844*A",155,-3255,"Lupinus argenteus",16,12,4,7,0,0,0,1,0,0,3.0530303030303,22.4144472283574,25.979875815367
2016,41,"844*A",155,-3255,"Lupinus argenteus",7,16,-9,5,0,0,0,1,0,0,1.30188679245283,32.9680432729919,18.1466151498339
2017,41,"844*A",155,-3255,"Lupinus argenteus",0,7,-7,0,0,0,0,0,0,1,1.28571428571429,0,0
2014,41,"845*A",150,-3250,"Lupinus argenteus",18,NA,NA,13,2,0,NA,1,0,0,2.52336448598131,42.6872256954046,27.833312499824
2015,41,"845*A",150,-3250,"Lupinus argenteus",11,18,-7,4,0,0,0,1,0,0,3.0530303030303,40.6179078104626,52.7245626947078
2016,41,"845*A",150,-3250,"Lupinus argenteus",11,11,0,6,0,0,0,1,0,0,1.30188679245283,69.3691219032284,7.34862927555265
2017,41,"845*A",150,-3250,"Lupinus argenteus",0,11,-11,0,0,0,0,0,0,1,1.28571428571429,0,0
2014,41,"846*A",120,-3240,"Lupinus argenteus",30,NA,NA,15,6,0,NA,1,0,0,2.52336448598131,0,66.1934461754916
2015,41,"846*A",120,-3240,"Lupinus argenteus",9,30,-21,6,1,0,0,1,0,0,3.0530303030303,0,42.7273720047502
2016,41,"846*A",120,-3240,"Lupinus argenteus",0,9,-9,0,0,0,0,0,0,1,1.30188679245283,0,0
2014,41,"847*A",110,-3235,"Lupinus argenteus",35,NA,NA,16,4,0,NA,1,0,0,2.52336448598131,0,48.6319196391366
2015,41,"847*A",110,-3235,"Lupinus argenteus",22,35,-13,9,1,0,0,1,0,0,3.0530303030303,0.738495528757005,7.15065523220009
2016,41,"847*A",110,-3235,"Lupinus argenteus",10,22,-12,7,0,0,0,1,0,0,1.30188679245283,0,0
2017,41,"847*A",110,-3235,"Lupinus argenteus",0,10,-10,0,0,0,0,0,0,1,1.28571428571429,0,0
2014,41,"848*A",169,-3213,"Eriogonum umbellatum",82,NA,NA,3,73,0,NA,1,0,0,2.52336448598131,8.30455769885875,0
2015,41,"848*A",169,-3213,"Eriogonum umbellatum",82,82,0,3,69,0,0,1,0,0,3.0530303030303,14.8937403955573,0.208541071286397
2016,41,"848*A",169,-3213,"Eriogonum umbellatum",87,82,5,3,93,0,0,1,0,0,1.30188679245283,19.4108241613366,0.0878161725565176
2017,41,"848*A",169,-3213,"Eriogonum umbellatum",84,87,-3,3,83,0,0,1,0,0,1.28571428571429,20.9180755140235,0.0867908912303031
2018,41,"848*A",169,-3213,"Eriogonum umbellatum",81,84,-3,3,56,0,0,1,0,0,1.12213740458015,8.6017285293308,0
2019,41,"848*A",169,-3213,"Eriogonum umbellatum",82.5,81,1.5,6,52,0,0,1,0,0,0.5,10.4730027712399,0
2014,41,"849*A",170,-3225,"Senecio crassulus",5,NA,NA,7,0,0,NA,1,0,0,2.52336448598131,99.9999999999994,0
2015,41,"849*A",170,-3225,"Senecio crassulus",11,5,6,11,0,0,0,1,0,0,3.0530303030303,136.848356477003,0
2016,41,"849*A",170,-3225,"Senecio crassulus",19,11,8,20,12,0,0,1,0,0,1.30188679245283,127.302151553778,0
2017,41,"849*A",170,-3225,"Senecio crassulus",10,19,-9,8,0,0,0,1,0,0,1.28571428571429,151.536848210764,0
2018,41,"849*A",170,-3225,"Senecio crassulus",0,10,-10,0,0,0,0,0,0,1,1.12213740458015,0,0
2014,9,"85*A",1335,-425,"Ivesia gordonii",6,NA,NA,3,0,0,NA,1,0,0,2.52336448598131,0,0
2015,9,"85*A",1335,-425,"Ivesia gordonii",6.5,6,0.5,4,4,0,0,1,0,0,3.0530303030303,0,0
2016,9,"85*A",1335,-425,"Ivesia gordonii",0,6.5,-6.5,0,0,0,0,0,0,1,1.30188679245283,0,0
2014,41,"851*A",185,-3210,"Agoseris glauca",7,NA,NA,5,0,0,NA,1,0,0,2.52336448598131,117.480107620176,0
2015,41,"851*A",185,-3210,"Agoseris glauca",5,7,-2,4,0,0,0,1,0,0,3.0530303030303,119.520408625498,0
2016,41,"851*A",185,-3210,"Agoseris glauca",5,5,0,4,0,0,0,1,0,0,1.30188679245283,131.382366498531,0
2017,41,"851*A",185,-3210,"Agoseris glauca",4.5,5,-0.5,4,0,0,0,1,0,0,1.28571428571429,146.877418133001,0
2018,41,"851*A",185,-3210,"Agoseris glauca",0,4.5,-4.5,0,0,0,0,0,0,1,1.12213740458015,0,0
2014,41,"852*A",183,-3211,"Achnatherum lettermanii",3,NA,NA,7,0,0,NA,1,0,0,2.52336448598131,195.169474820961,0
2015,41,"852*A",183,-3211,"Achnatherum lettermanii",3,3,0,5,0,0,0,1,0,0,3.0530303030303,154.223357293051,0
2016,41,"852*A",183,-3211,"Achnatherum lettermanii",4,3,1,4,0,0,0,1,0,0,1.30188679245283,149.034947653953,0
2017,41,"852*A",183,-3211,"Achnatherum lettermanii",5,4,1,6,0,0,0,1,0,0,1.28571428571429,137.970708687731,0
2018,41,"852*A",183,-3211,"Achnatherum lettermanii",3.5,5,-1.5,2,0,0,0,1,0,0,1.12213740458015,99.9999999999999,0
2019,41,"852*A",183,-3211,"Achnatherum lettermanii",0,3.5,-3.5,0,0,0,0,0,0,1,0.5,0,0
2014,41,"853*A",190,-3210,"Achnatherum lettermanii",3,NA,NA,2,0,0,NA,1,0,0,2.52336448598131,99.9999999999997,0
2015,41,"853*A",190,-3210,"Achnatherum lettermanii",3,3,0,3,0,0,0,1,0,0,3.0530303030303,99.9999999999997,0
2016,41,"853*A",190,-3210,"Achnatherum lettermanii",4,3,1,3,0,0,0,1,0,0,1.30188679245283,100,0
2017,41,"853*A",190,-3210,"Achnatherum lettermanii",3,4,-1,2.5,0,0,0,1,0,0,1.28571428571429,99.9999999999997,0
2018,41,"853*A",190,-3210,"Achnatherum lettermanii",0,3,-3,0,0,0,0,0,0,1,1.12213740458015,0,0
2014,41,"854*A",155,-3220,"Arnica latifolia",4,NA,NA,8,1,0,NA,1,0,0,2.52336448598131,99.9999999999999,0
2015,41,"854*A",155,-3220,"Arnica latifolia",8.5,4,4.5,8,0,0,0,1,0,0,3.0530303030303,99.9999999999995,0
2016,41,"854*A",155,-3220,"Arnica latifolia",6,8.5,-2.5,12,3,0,0,1,0,0,1.30188679245283,99.9999999999995,1.913801780262
2017,41,"854*A",155,-3220,"Arnica latifolia",10,6,4,6,1,0,0,1,0,0,1.28571428571429,101.235250688342,0.472075058680582
2018,41,"854*A",155,-3220,"Arnica latifolia",6,10,-4,4.5,0,0,0,1,0,0,1.12213740458015,99.9999999999995,14.8081847022001
2019,41,"854*A",155,-3220,"Arnica latifolia",0,6,-6,0,0,0,0,0,0,1,0.5,0,0
2014,41,"855*A",150,-3200,"Arnica latifolia",7,NA,NA,11,1,0,NA,1,0,0,2.52336448598131,106.189924910963,0
2015,41,"855*A",150,-3200,"Arnica latifolia",11,7,4,6,1,0,0,1,0,0,3.0530303030303,110.081614825069,0
2016,41,"855*A",150,-3200,"Arnica latifolia",10,11,-1,13,7,0,0,1,0,0,1.30188679245283,147.482394663399,0
2017,41,"855*A",150,-3200,"Arnica latifolia",23,10,13,13,4,0,0,1,0,0,1.28571428571429,110.478654457079,15.269248200799
2018,41,"855*A",150,-3200,"Arnica latifolia",3,23,-20,5,0,0,0,1,0,0,1.12213740458015,100.000000000002,0
2019,41,"855*A",150,-3200,"Arnica latifolia",0,3,-3,0,0,0,0,0,0,1,0.5,0,0
2014,41,"856*A",156,-3200,"Achnatherum lettermanii",7,NA,NA,5,0,0,NA,1,0,0,2.52336448598131,106.189924910963,0
2015,41,"856*A",156,-3200,"Achnatherum lettermanii",6,7,-1,7,0,0,0,1,0,0,3.0530303030303,133.885427606483,0
2016,41,"856*A",156,-3200,"Achnatherum lettermanii",13,6,7,13,2,0,0,1,0,0,1.30188679245283,128.096091516805,0
2017,41,"856*A",156,-3200,"Achnatherum lettermanii",7,13,-6,6,0,0,0,1,0,0,1.28571428571429,200,0
2018,41,"856*A",156,-3200,"Achnatherum lettermanii",7,7,0,6,0,0,0,1,0,0,1.12213740458015,100,0
2019,41,"856*A",156,-3200,"Achnatherum lettermanii",4,7,-3,5.5,0,0,0,1,0,0,0.5,100,0
2014,41,"857*A",145,-3210,"Arnica latifolia",4,NA,NA,4,0,0,NA,1,0,0,2.52336448598131,99.9999999999999,0
2015,41,"857*A",145,-3210,"Arnica latifolia",8,4,4,5,0,0,0,1,0,0,3.0530303030303,100,0
2016,41,"857*A",145,-3210,"Arnica latifolia",5,8,-3,8,1,0,0,1,0,0,1.30188679245283,100.639999999999,0
2017,41,"857*A",145,-3210,"Arnica latifolia",9,5,4,8,1,0,0,1,0,0,1.28571428571429,107.215003784858,49.8606931989047
2018,41,"857*A",145,-3210,"Arnica latifolia",4,9,-5,6.5,1,0,0,1,0,0,1.12213740458015,99.9999999999999,0
2019,41,"857*A",145,-3210,"Arnica latifolia",0,4,-4,0,0,0,0,0,0,1,0.5,0,0
2014,41,"858*A",5,-3217,"Lupinus argenteus",8,NA,NA,4,0,0,NA,1,0,0,2.52336448598131,0,0
2015,41,"858*A",5,-3217,"Lupinus argenteus",13,8,5,5,0,0,0,1,0,0,3.0530303030303,0,0
2016,41,"858*A",5,-3217,"Lupinus argenteus",9,13,-4,4,0,0,0,1,0,0,1.30188679245283,0,0
2017,41,"858*A",5,-3217,"Lupinus argenteus",0,9,-9,0,0,0,0,0,0,1,1.28571428571429,0,0
2014,41,"859*A",25,-3252,"Arenaria congesta",5,NA,NA,3,0,0,NA,1,0,0,2.52336448598131,0,0
2015,41,"859*A",25,-3252,"Arenaria congesta",6,5,1,3,0,0,0,1,0,0,3.0530303030303,0,0
2016,41,"859*A",25,-3252,"Arenaria congesta",8,6,2,4,8,0,0,1,0,0,1.30188679245283,0,0
2017,41,"859*A",25,-3252,"Arenaria congesta",9.5,8,1.5,5,7,0,0,1,0,0,1.28571428571429,0,0
2018,41,"859*A",25,-3252,"Arenaria congesta",10,9.5,0.5,7,14,0,0,1,0,0,1.12213740458015,0,0
2019,41,"859*A",25,-3252,"Arenaria congesta",17.5,10,7.5,9,17,0,0,1,0,0,0.5,0,0
2014,9,"86*A",1386,-460,"Elymus lanceolatus",11,NA,NA,13,1,0,NA,1,0,0,2.52336448598131,0,0
2015,9,"86*A",1386,-460,"Elymus lanceolatus",18.5,11,7.5,12,0,0,0,1,0,0,3.0530303030303,0,0
2016,9,"86*A",1386,-460,"Elymus lanceolatus",25,18.5,6.5,22,7,0,0,1,0,0,1.30188679245283,0,0
2017,9,"86*A",1386,-460,"Elymus lanceolatus",19,25,-6,20,2,0,0,1,0,0,1.28571428571429,0,0
2018,9,"86*A",1386,-460,"Elymus lanceolatus",18,19,-1,23.5,10,0,0,1,0,0,1.12213740458015,0,0
2019,9,"86*A",1386,-460,"Elymus lanceolatus",19.5,18,1.5,15,0,0,0,1,0,0,0.5,0,0
2014,41,"860*A",0,-3288,"Elymus lanceolatus",14,NA,NA,16,5,0,NA,1,0,0,2.52336448598131,0,0
2015,41,"860*A",0,-3288,"Elymus lanceolatus",28,14,14,17,4,0,0,1,0,0,3.0530303030303,1.6582588242594,0
2016,41,"860*A",0,-3288,"Elymus lanceolatus",29,28,1,25,39,0,0,1,0,0,1.30188679245283,0.19350612189465,0
2017,41,"860*A",0,-3288,"Elymus lanceolatus",16,29,-13,14,0,0,0,1,0,0,1.28571428571429,0,0
2018,41,"860*A",0,-3288,"Elymus lanceolatus",26,16,10,19,25,0,0,1,0,0,1.12213740458015,0,0
2019,41,"860*A",0,-3288,"Elymus lanceolatus",23.5,26,-2.5,27,20,0,0,1,0,0,0.5,0,0
2014,41,"861*A",10,-3305,"Heterotheca villosa",1,NA,NA,1,0,1,1,1,0,0,2.52336448598131,0,0
2015,41,"861*A",10,-3305,"Heterotheca villosa",5.5,1,4.5,3,0,0,0,1,0,0,3.0530303030303,65.2564479317057,0
2016,41,"861*A",10,-3305,"Heterotheca villosa",9,5.5,3.5,5,0,0,0,1,0,0,1.30188679245283,57.0193882416451,0
2017,41,"861*A",10,-3305,"Heterotheca villosa",12.5,9,3.5,3.5,8,0,0,1,0,0,1.28571428571429,57.7641384272818,0
2018,41,"861*A",10,-3305,"Heterotheca villosa",0,12.5,-12.5,0,0,0,0,0,0,1,1.12213740458015,0,0
2014,41,"862*A",3,-3315,"Eriogonum umbellatum",20,NA,NA,2,6,0,NA,1,0,0,2.52336448598131,0,0
2015,41,"862*A",3,-3315,"Eriogonum umbellatum",26,20,6,2,11,0,0,1,0,0,3.0530303030303,4.52506476274297,0
2016,41,"862*A",3,-3315,"Eriogonum umbellatum",26,26,0,2,16,0,0,1,0,0,1.30188679245283,10.7625617509488,0
2017,41,"862*A",3,-3315,"Eriogonum umbellatum",27,26,1,5,9,0,0,1,0,0,1.28571428571429,19.6460459884966,0
2018,41,"862*A",3,-3315,"Eriogonum umbellatum",25,27,-2,1.5,13,0,0,1,0,0,1.12213740458015,0.521671817066361,0
2019,41,"862*A",3,-3315,"Eriogonum umbellatum",16.5,25,-8.5,3,3,0,0,1,0,0,0.5,2.14767947276232,0
2014,42,"863*A",400,-3360,"Eriogonum umbellatum",13,NA,NA,2,3,0,NA,1,0,0,2.52336448598131,0,56.2931537181376
2015,42,"863*A",400,-3360,"Eriogonum umbellatum",11,13,-2,2,1,0,0,1,0,0,3.0530303030303,5.16528925619829,29.905848845863
2016,42,"863*A",400,-3360,"Eriogonum umbellatum",0,11,-11,0,0,0,0,0,0,1,1.30188679245283,0,0
2014,42,"864*A",412,-3352,"Lupinus argenteus",7,NA,NA,4,0,0,NA,1,0,0,2.52336448598131,103.972629699527,0
2015,42,"864*A",412,-3352,"Lupinus argenteus",13,7,6,7,0,0,0,1,0,0,3.0530303030303,89.9803600514993,0
2016,42,"864*A",412,-3352,"Lupinus argenteus",8,13,-5,6,0,0,0,1,0,0,1.30188679245283,87.138530395077,0
2017,42,"864*A",412,-3352,"Lupinus argenteus",8,8,0,6.5,0,0,0,1,0,0,1.28571428571429,91.5256958171878,0
2018,42,"864*A",412,-3352,"Lupinus argenteus",0,8,-8,0,0,0,0,0,0,1,1.12213740458015,0,0
2014,42,"865*A",400,-3336,"Eriogonum umbellatum",50,NA,NA,3,31,0,NA,1,0,0,2.52336448598131,10.4005993457556,3.80541719134603
2015,42,"865*A",400,-3336,"Eriogonum umbellatum",45,50,-5,3,23,0,0,1,0,0,3.0530303030303,21.6797749168869,1.78696677054289
2016,42,"865*A",400,-3336,"Eriogonum umbellatum",38,45,-7,3,41,0,0,1,0,0,1.30188679245283,33.9557375304383,0
2017,42,"865*A",400,-3336,"Eriogonum umbellatum",46,38,8,3,33,0,0,1,0,0,1.28571428571429,5.53684508963827,0
2018,42,"865*A",400,-3336,"Eriogonum umbellatum",37,46,-9,3,3,0,0,1,0,0,1.12213740458015,0,0
2019,42,"865*A",400,-3336,"Eriogonum umbellatum",39.5,37,2.5,6,16,0,0,1,0,0,0.5,0,0
2014,42,"866*A",410,-3345,"Elymus lanceolatus",9,NA,NA,20,2,0,NA,1,0,0,2.52336448598131,102.403195744156,0
2015,42,"866*A",410,-3345,"Elymus lanceolatus",10,9,1,10,1,0,0,1,0,0,3.0530303030303,132.571736822736,0
2016,42,"866*A",410,-3345,"Elymus lanceolatus",16,10,6,22,4,0,0,1,0,0,1.30188679245283,101.789252172706,0
2017,42,"866*A",410,-3345,"Elymus lanceolatus",0,16,-16,0,0,0,0,0,0,1,1.28571428571429,0,0
2014,42,"867*A",535,-3225,"Lupinus argenteus",12,NA,NA,5,0,0,NA,1,0,0,2.52336448598131,0,0
2015,42,"867*A",535,-3225,"Lupinus argenteus",20,12,8,10,0,0,0,1,0,0,3.0530303030303,0,0
2016,42,"867*A",535,-3225,"Lupinus argenteus",28,20,8,9,1,0,0,1,0,0,1.30188679245283,0,0.181572985873228
2017,42,"867*A",535,-3225,"Lupinus argenteus",0,28,-28,0,0,0,0,0,0,1,1.28571428571429,0,0
2014,42,"868*A",580,-3230,"Lupinus argenteus",15,NA,NA,6,0,0,NA,1,0,0,2.52336448598131,0,0
2015,42,"868*A",580,-3230,"Lupinus argenteus",6.5,15,-8.5,3,0,0,0,1,0,0,3.0530303030303,0,0
2016,42,"868*A",580,-3230,"Lupinus argenteus",0,6.5,-6.5,0,0,0,0,0,0,1,1.30188679245283,0,0
2014,42,"869*A",420,-3210,"Lupinus argenteus",26,NA,NA,13,8,0,NA,1,0,0,2.52336448598131,0,43.298125364431
2015,42,"869*A",420,-3210,"Lupinus argenteus",13,26,-13,8,0,0,0,1,0,0,3.0530303030303,0,18.1166072602878
2016,42,"869*A",420,-3210,"Lupinus argenteus",0,13,-13,0,0,0,0,0,0,1,1.30188679245283,0,0
2014,9,"87*A",1389,-524,"Ivesia gordonii",10,NA,NA,5,0,0,NA,1,0,0,2.52336448598131,0,0
2015,9,"87*A",1389,-524,"Ivesia gordonii",13,10,3,6.5,13,0,0,1,0,0,3.0530303030303,0,0
2016,9,"87*A",1389,-524,"Ivesia gordonii",17,13,4,5,6,0,0,1,0,0,1.30188679245283,2.59957238493475,0
2017,9,"87*A",1389,-524,"Ivesia gordonii",14,17,-3,6.5,8,0,0,1,0,0,1.28571428571429,4.59183673469402,0
2018,9,"87*A",1389,-524,"Ivesia gordonii",10.5,14,-3.5,5,1,0,0,1,0,0,1.12213740458015,12.4867805846693,0
2019,9,"87*A",1389,-524,"Ivesia gordonii",14,10.5,3.5,6.5,1,0,0,1,0,0,0.5,50.6757332879406,0
2014,42,"870*A",415,-3200,"Lupinus argenteus",25,NA,NA,11,5,0,NA,1,0,0,2.52336448598131,0,81.8291588014621
2015,42,"870*A",415,-3200,"Lupinus argenteus",15,25,-10,7,0,0,0,1,0,0,3.0530303030303,0.319999999999882,17.9800400120333
2016,42,"870*A",415,-3200,"Lupinus argenteus",0,15,-15,0,0,0,0,0,0,1,1.30188679245283,0,0
2014,42,"871*A",410,-3220,"Lupinus argenteus",8,NA,NA,8,0,0,NA,1,0,0,2.52336448598131,0,91.1886111454717
2015,42,"871*A",410,-3220,"Lupinus argenteus",0,8,-8,0,0,0,0,0,0,1,3.0530303030303,0,0
2014,42,"872*A",400,-3235,"Lupinus argenteus",38,NA,NA,9,8,0,NA,1,0,0,2.52336448598131,0,5.52987232865937
2015,42,"872*A",400,-3235,"Lupinus argenteus",20,38,-18,10,3,0,0,1,0,0,3.0530303030303,1.13442112539449,0.00614166660636178
2016,42,"872*A",400,-3235,"Lupinus argenteus",31,20,11,13,4,0,0,1,0,0,1.30188679245283,0.98855658841827,1.87315685007205
2017,42,"872*A",400,-3235,"Lupinus argenteus",16,31,-15,7,0,0,0,1,0,0,1.28571428571429,0,0
2018,42,"872*A",400,-3235,"Lupinus argenteus",0,16,-16,0,0,0,0,0,0,1,1.12213740458015,0,0
2014,45,"873*A",1601,-3368,"Heterotheca villosa",18,NA,NA,6,6,0,NA,1,0,0,2.52336448598131,0,0
2015,45,"873*A",1601,-3368,"Heterotheca villosa",14,18,-4,4,4,0,0,1,0,0,3.0530303030303,0,0
2016,45,"873*A",1601,-3368,"Heterotheca villosa",0,14,-14,0,0,0,0,0,0,1,1.30188679245283,0,0
2014,45,"874*A",1671,-3347,"Eriogonum umbellatum",28,NA,NA,3,10,0,NA,1,0,0,2.52336448598131,6.35810944225409,0
2015,45,"874*A",1671,-3347,"Eriogonum umbellatum",28,28,0,3.5,34,0,0,1,0,0,3.0530303030303,11.043243458799,0
2016,45,"874*A",1671,-3347,"Eriogonum umbellatum",29,28,1,3,36,0,0,1,0,0,1.30188679245283,9.63139120095142,0
2017,45,"874*A",1671,-3347,"Eriogonum umbellatum",30,29,1,2.5,7,0,0,1,0,0,1.28571428571429,50.2338674656529,0
2018,45,"874*A",1671,-3347,"Eriogonum umbellatum",23,30,-7,1.5,1,0,0,1,0,0,1.12213740458015,4.72589792060461,0
2019,45,"874*A",1671,-3347,"Eriogonum umbellatum",19.5,23,-3.5,5,0,0,0,1,0,0,0.5,0,0
2014,45,"875*A",1690,-3330,"Heterotheca villosa",31,NA,NA,8,63,0,NA,1,0,0,2.52336448598131,5.18705286443997,0
2015,45,"875*A",1690,-3330,"Heterotheca villosa",25,31,-6,5,26,0,0,1,0,0,3.0530303030303,0.89305811634234,0
2016,45,"875*A",1690,-3330,"Heterotheca villosa",0,25,-25,0,0,0,0,0,0,1,1.30188679245283,0,0
2014,45,"876*A",1633,-3282,"Ivesia gordonii",6,NA,NA,2,0,0,NA,1,0,0,2.52336448598131,0,0
2015,45,"876*A",1633,-3282,"Ivesia gordonii",8.5,6,2.5,3,0,0,0,1,0,0,3.0530303030303,0,0
2016,45,"876*A",1633,-3282,"Ivesia gordonii",13,8.5,4.5,5,9,0,0,1,0,0,1.30188679245283,0,0
2017,45,"876*A",1633,-3282,"Ivesia gordonii",14,13,1,5,15,0,0,1,0,0,1.28571428571429,0,0
2018,45,"876*A",1633,-3282,"Ivesia gordonii",17,14,3,5.5,4,0,0,1,0,0,1.12213740458015,0,0
2019,45,"876*A",1633,-3282,"Ivesia gordonii",29.5,17,12.5,7,23,0,0,1,0,0,0.5,0,0
2014,46,"877*A",5,-3800,"Eriogonum umbellatum",41,NA,NA,2,10,0,NA,1,0,0,2.52336448598131,10.3882464983538,0
2015,46,"877*A",5,-3800,"Eriogonum umbellatum",44,41,3,2,25,0,0,1,0,0,3.0530303030303,23.2246232672754,0
2016,46,"877*A",5,-3800,"Eriogonum umbellatum",51,44,7,4,30,0,0,1,0,0,1.30188679245283,53.5414461895761,0.153953258558029
2017,46,"877*A",5,-3800,"Eriogonum umbellatum",58,51,7,3,37,0,0,1,0,0,1.28571428571429,38.1879471264651,0
2018,46,"877*A",5,-3800,"Eriogonum umbellatum",79,58,21,2,22,0,0,1,0,0,1.12213740458015,30.7868597748915,0
2019,46,"877*A",5,-3800,"Eriogonum umbellatum",75,79,-4,3.5,33,0,0,1,0,0,0.5,27.6867738805824,0
2014,46,"878*A",18,-3788,"Carex siccata",8,NA,NA,13,1,0,NA,1,0,0,2.52336448598131,91.6663535888611,0
2015,46,"878*A",18,-3788,"Carex siccata",10,8,2,14,1,0,0,1,0,0,3.0530303030303,131.030850447977,0
2016,46,"878*A",18,-3788,"Carex siccata",16,10,6,16,2,0,0,1,0,0,1.30188679245283,151.897042313424,1.56250000000005
2017,46,"878*A",18,-3788,"Carex siccata",18,16,2,14,0,0,0,1,0,0,1.28571428571429,100,4.93827160493832
2018,46,"878*A",18,-3788,"Carex siccata",0,18,-18,0,0,0,0,0,0,1,1.12213740458015,0,0
2014,46,"879*A",22,-3787,"Arenaria congesta",2,NA,NA,2,0,0,NA,1,0,0,2.52336448598131,39.1152523428571,0
2015,46,"879*A",22,-3787,"Arenaria congesta",8,2,6,6,0,0,0,1,0,0,3.0530303030303,113.020862450427,0
2016,46,"879*A",22,-3787,"Arenaria congesta",9,8,1,4,0,0,0,1,0,0,1.30188679245283,223.758571892164,0
2017,46,"879*A",22,-3787,"Arenaria congesta",0,9,-9,0,0,0,0,0,0,1,1.28571428571429,0,0
2014,9,"88*A",1384,-583,"Heterotheca villosa",1,NA,NA,1,0,1,1,1,0,0,2.52336448598131,0,0
2015,9,"88*A",1384,-583,"Heterotheca villosa",4,1,3,3,0,0,0,1,0,0,3.0530303030303,0,0
2016,9,"88*A",1384,-583,"Heterotheca villosa",7,4,3,3,0,0,0,1,0,0,1.30188679245283,0,0
2017,9,"88*A",1384,-583,"Heterotheca villosa",13.5,7,6.5,6,8,0,0,1,0,0,1.28571428571429,0,0
2018,9,"88*A",1384,-583,"Heterotheca villosa",4.5,13.5,-9,2,0,0,0,1,0,0,1.12213740458015,0,0
2019,9,"88*A",1384,-583,"Heterotheca villosa",10,4.5,5.5,4.5,1,0,0,1,0,0,0.5,0,0
2014,46,"880*A",25,-3785,"Heterotheca villosa",0.5,NA,NA,0.5,0,1,1,1,0,0,2.52336448598131,0,0
2015,46,"880*A",25,-3785,"Heterotheca villosa",1.2,0.5,0.7,1.2,0,0,0,1,0,0,3.0530303030303,87.044089176575,0
2016,46,"880*A",25,-3785,"Heterotheca villosa",0,1.2,-1.2,0,0,0,0,0,0,1,1.30188679245283,0,0
2014,46,"881*A",60,-3770,"Lupinus argenteus",13,NA,NA,9,0,0,NA,1,0,0,2.52336448598131,124.065139488247,68.0042064449872
2015,46,"881*A",60,-3770,"Lupinus argenteus",12,13,-1,7.75,0,0,0,1,0,0,3.0530303030303,101.399222995899,18.3231415290069
2016,46,"881*A",60,-3770,"Lupinus argenteus",11,12,-1,6.5,0,0,0,1,0,0,1.30188679245283,132.215118638084,10.2482618044276
2017,46,"881*A",60,-3770,"Lupinus argenteus",0,11,-11,0,0,0,0,0,0,1,1.28571428571429,0,0
2014,46,"882*A",35,-3777,"Heterotheca villosa",0.5,NA,NA,0.5,0,1,1,1,0,0,2.52336448598131,0,100.000000000001
2015,46,"882*A",35,-3777,"Heterotheca villosa",1.5,0.5,1,1.5,0,0,0,1,0,0,3.0530303030303,82.9799792418797,99.9999999999996
2016,46,"882*A",35,-3777,"Heterotheca villosa",2,1.5,0.5,3.5,0,0,0,1,0,0,1.30188679245283,74.6266690084629,99.9999999999999
2017,46,"882*A",35,-3777,"Heterotheca villosa",0,2,-2,0,0,0,0,0,0,1,1.28571428571429,0,0
2014,46,"883*A",36,-3795,"Heterotheca villosa",4,NA,NA,1,0,0,NA,1,0,0,2.52336448598131,4.0210862046326,0
2015,46,"883*A",36,-3795,"Heterotheca villosa",7,4,3,3,0,0,0,1,0,0,3.0530303030303,27.4586888659248,0
2016,46,"883*A",36,-3795,"Heterotheca villosa",10,7,3,3.5,2,0,0,1,0,0,1.30188679245283,0,0
2017,46,"883*A",36,-3795,"Heterotheca villosa",0,10,-10,0,0,0,0,0,0,1,1.28571428571429,0,0
2014,46,"884*A",37,-3790,"Lupinus argenteus",7,NA,NA,3,0,0,NA,1,0,0,2.52336448598131,2.00939066096655,0
2015,46,"884*A",37,-3790,"Lupinus argenteus",8.5,7,1.5,6,0,0,0,1,0,0,3.0530303030303,29.3741211092717,0
2016,46,"884*A",37,-3790,"Lupinus argenteus",0,8.5,-8.5,0,0,0,0,0,0,1,1.30188679245283,0,0
2014,46,"885*A",40,-3788,"Arenaria congesta",1,NA,NA,1,0,0,NA,1,0,0,2.52336448598131,34.1227631132389,0
2015,46,"885*A",40,-3788,"Arenaria congesta",3.2,1,2.2,3,0,0,0,1,0,0,3.0530303030303,71.0746577846229,0
2016,46,"885*A",40,-3788,"Arenaria congesta",3.5,3.2,0.3,1,0,0,0,1,0,0,1.30188679245283,0,0
2017,46,"885*A",40,-3788,"Arenaria congesta",7,3.5,3.5,3.5,0,0,0,1,0,0,1.28571428571429,0,0
2018,46,"885*A",40,-3788,"Arenaria congesta",8,7,1,5,9,0,0,1,0,0,1.12213740458015,85.2234548933557,0
2019,46,"885*A",40,-3788,"Arenaria congesta",0,8,-8,0,0,0,0,0,0,1,0.5,0,0
2014,46,"886*A",53,-3790,"Senecio crassulus",0.5,NA,NA,0.5,0,1,1,1,0,0,2.52336448598131,0,0
2015,46,"886*A",53,-3790,"Senecio crassulus",1.5,0.5,1,1,0,0,0,1,0,0,3.0530303030303,0,0
2016,46,"886*A",53,-3790,"Senecio crassulus",2.5,1.5,1,3,0,0,0,1,0,0,1.30188679245283,5.73210250109149,0
2017,46,"886*A",53,-3790,"Senecio crassulus",8.5,2.5,6,5,0,0,0,1,0,0,1.28571428571429,79.6546653541636,0
2018,46,"886*A",53,-3790,"Senecio crassulus",7,8.5,-1.5,4,1,0,0,1,0,0,1.12213740458015,21.549881029672,0
2019,46,"886*A",53,-3790,"Senecio crassulus",0,7,-7,0,0,0,0,0,0,1,0.5,0,0
2014,46,"887*A",56,-3789,"Eriogonum umbellatum",0.5,NA,NA,0.5,0,1,1,1,0,0,2.52336448598131,99.9999999999959,0
2015,46,"887*A",56,-3789,"Eriogonum umbellatum",1,0.5,0.5,0.5,0,0,0,1,0,0,3.0530303030303,0,0
2016,46,"887*A",56,-3789,"Eriogonum umbellatum",0,1,-1,0,0,0,0,0,0,1,1.30188679245283,0,0
2014,46,"888*A",50,-3780,"Eriogonum umbellatum",0.5,NA,NA,0.5,0,1,1,1,0,0,2.52336448598131,99.9999999999982,99.9999999999982
2015,46,"888*A",50,-3780,"Eriogonum umbellatum",0.5,0.5,0,0.5,0,0,0,1,0,0,3.0530303030303,99.9999999999982,99.9999999999982
2016,46,"888*A",50,-3780,"Eriogonum umbellatum",0.3,0.5,-0.2,0.5,0,0,0,1,0,0,1.30188679245283,100.000000000002,100.000000000002
2017,46,"888*A",50,-3780,"Eriogonum umbellatum",0.5,0.3,0.2,0.5,0,0,0,1,0,0,1.28571428571429,199.999999999996,99.9999999999982
2018,46,"888*A",50,-3780,"Eriogonum umbellatum",0,0.5,-0.5,0,0,0,0,0,0,1,1.12213740458015,0,0
2014,46,"889*A",55,-3776,"Heterotheca villosa",0.5,NA,NA,0.5,0,1,1,1,0,0,2.52336448598131,99.9999999999941,0
2015,46,"889*A",55,-3776,"Heterotheca villosa",1.3,0.5,0.8,0.7,0,0,0,1,0,0,3.0530303030303,186.946292324019,0
2016,46,"889*A",55,-3776,"Heterotheca villosa",0,1.3,-1.3,0,0,0,0,0,0,1,1.30188679245283,0,0
2014,9,"89*A",1315,-575,"Lupinus argenteus",13,NA,NA,8,0,0,NA,1,0,0,2.52336448598131,0,0
2015,9,"89*A",1315,-575,"Lupinus argenteus",0,13,-13,0,0,0,0,0,0,1,3.0530303030303,0,0
2014,46,"890*A",48,-3775,"Lupinus argenteus",13,NA,NA,5,0,0,NA,1,0,0,2.52336448598131,122.311906015415,0
2015,46,"890*A",48,-3775,"Lupinus argenteus",15,13,2,5,0,0,0,1,0,0,3.0530303030303,105.919876018762,0.615699467453396
2016,46,"890*A",48,-3775,"Lupinus argenteus",3.5,15,-11.5,4,0,0,0,1,0,0,1.30188679245283,193.743958822843,0
2017,46,"890*A",48,-3775,"Lupinus argenteus",0,3.5,-3.5,0,0,0,0,0,0,1,1.28571428571429,0,0
2014,46,"891*A",43,-3768,"Heterotheca villosa",1,NA,NA,0.5,0,1,1,1,0,0,2.52336448598131,0,99.9999999999995
2015,46,"891*A",43,-3768,"Heterotheca villosa",1,1,0,1.5,0,0,0,1,0,0,3.0530303030303,0,99.9999999999995
2016,46,"891*A",43,-3768,"Heterotheca villosa",0,1,-1,0,0,0,0,0,0,1,1.30188679245283,0,0
2014,46,"892*A",28,-3773,"Carex siccata",6,NA,NA,16,0,0,NA,1,0,0,2.52336448598131,100,0
2015,46,"892*A",28,-3773,"Carex siccata",17,6,11,13,1,0,0,1,0,0,3.0530303030303,100.646037900672,0
2016,46,"892*A",28,-3773,"Carex siccata",17,17,0,15,2,0,0,1,0,0,1.30188679245283,101.032895072782,0
2017,46,"892*A",28,-3773,"Carex siccata",18,17,1,14,1,0,0,1,0,0,1.28571428571429,105.077934922933,0
2018,46,"892*A",28,-3773,"Carex siccata",22,18,4,11,0,0,0,1,0,0,1.12213740458015,76.7234305995759,0
2019,46,"892*A",28,-3773,"Carex siccata",0,22,-22,0,0,0,0,0,0,1,0.5,0,0
2014,46,"893*A",30,-3765,"Heterotheca villosa",36,NA,NA,5,16,0,NA,1,0,0,2.52336448598131,17.1922509165867,0.0964506172839519
2015,46,"893*A",30,-3765,"Heterotheca villosa",37,36,1,6,15,0,0,1,0,0,3.0530303030303,41.3988157226961,0.357195032870721
2016,46,"893*A",30,-3765,"Heterotheca villosa",44,37,7,10,71,0,0,1,0,0,1.30188679245283,47.5657302282756,0.854338842975182
2017,46,"893*A",30,-3765,"Heterotheca villosa",33,44,-11,7,0,0,0,1,0,0,1.28571428571429,46.9887762088877,0
2018,46,"893*A",30,-3765,"Heterotheca villosa",0,33,-33,0,0,0,0,0,0,1,1.12213740458015,0,0
2014,46,"894*A",33,-3758,"Agoseris glauca",9,NA,NA,6,1,0,NA,1,0,0,2.52336448598131,100,0
2015,46,"894*A",33,-3758,"Agoseris glauca",12,9,3,5,0,0,0,1,0,0,3.0530303030303,100,0
2016,46,"894*A",33,-3758,"Agoseris glauca",9,12,-3,3,3,0,0,1,0,0,1.30188679245283,100,0
2017,46,"894*A",33,-3758,"Agoseris glauca",6.5,9,-2.5,5,0,0,0,1,0,0,1.28571428571429,100,0
2018,46,"894*A",33,-3758,"Agoseris glauca",3.5,6.5,-3,4,1,0,0,1,0,0,1.12213740458015,0,0
2019,46,"894*A",33,-3758,"Agoseris glauca",0,3.5,-3.5,0,0,0,0,0,0,1,0.5,0,0
2014,46,"895*A",12,-3753,"Carex siccata",10,NA,NA,9,0,0,NA,1,0,0,2.52336448598131,6.92710526461246,0
2015,46,"895*A",12,-3753,"Carex siccata",15,10,5,13,0,0,0,1,0,0,3.0530303030303,24.9163361005554,0
2016,46,"895*A",12,-3753,"Carex siccata",19,15,4,13,1,0,0,1,0,0,1.30188679245283,71.3151769653799,0
2017,46,"895*A",12,-3753,"Carex siccata",20,19,1,12,0,0,0,1,0,0,1.28571428571429,36.4090763118561,0
2018,46,"895*A",12,-3753,"Carex siccata",27,20,7,15,1,0,0,1,0,0,1.12213740458015,12.7480389802673,5.54901668982044
2019,46,"895*A",12,-3753,"Carex siccata",11,27,-16,11,0,0,0,1,0,0,0.5,0,0
2014,46,"896*A",66,-3795,"Lupinus argenteus",27,NA,NA,7,0,0,NA,1,0,0,2.52336448598131,0.141408401185257,0.236496033299062
2015,46,"896*A",66,-3795,"Lupinus argenteus",21,27,-6,7,0,0,0,1,0,0,3.0530303030303,1.43157349439225,0
2016,46,"896*A",66,-3795,"Lupinus argenteus",26,21,5,7,1,0,0,1,0,0,1.30188679245283,31.9751996807083,0
2017,46,"896*A",66,-3795,"Lupinus argenteus",0,26,-26,0,0,0,0,0,0,1,1.28571428571429,0,0
2014,46,"897*A",65,-3795,"Eriogonum umbellatum",0.5,NA,NA,0.5,0,1,1,1,0,0,2.52336448598131,100,0
2015,46,"897*A",65,-3795,"Eriogonum umbellatum",2,0.5,1.5,1,0,0,0,1,0,0,3.0530303030303,100,0
2016,46,"897*A",65,-3795,"Eriogonum umbellatum",1.2,2,-0.8,0.5,0,0,0,1,0,0,1.30188679245283,99.9999999999999,0
2017,46,"897*A",65,-3795,"Eriogonum umbellatum",0,1.2,-1.2,0,0,0,0,0,0,1,1.28571428571429,0,0
2014,46,"898*A",51,-3776,"Eriogonum umbellatum",21,NA,NA,2,3,0,NA,1,0,0,2.52336448598131,83.9436902528504,0.0566893424036238
2015,46,"898*A",51,-3776,"Eriogonum umbellatum",15,21,-6,2,1,0,0,1,0,0,3.0530303030303,93.5706060697581,0.111111111111103
2016,46,"898*A",51,-3776,"Eriogonum umbellatum",21,15,6,3,6,0,0,1,0,0,1.30188679245283,65.7816745481943,0.0204081632653005
2017,46,"898*A",51,-3776,"Eriogonum umbellatum",24,21,3,2.5,10,0,0,1,0,0,1.28571428571429,68.9778537657421,0.0434027777777745
2018,46,"898*A",51,-3776,"Eriogonum umbellatum",23.4,24,-0.6,2,8,0,0,1,0,0,1.12213740458015,30.7333944617253,0
2019,46,"898*A",51,-3776,"Eriogonum umbellatum",17,23.4,-6.4,2.5,6,0,0,1,0,0,0.5,44.7616820547974,0
2014,46,"899*A",62,-3770,"Lupinus argenteus",11,NA,NA,5,0,0,NA,1,0,0,2.52336448598131,122.171433732249,98.7176191580714
2015,46,"899*A",62,-3770,"Lupinus argenteus",5,11,-6,3.5,0,0,0,1,0,0,3.0530303030303,99.9999999999997,99.9999999999997
2016,46,"899*A",62,-3770,"Lupinus argenteus",0,5,-5,0,0,0,0,1,0,0,1.30188679245283,0,0
2017,46,"899*A",62,-3770,"Lupinus argenteus",5,0,5,5,0,0,0,1,0,0,1.28571428571429,177.270183461925,0
2018,46,"899*A",62,-3770,"Lupinus argenteus",0,5,-5,0,0,0,0,0,0,1,1.12213740458015,0,0
2014,1,"9*A",177,-115,"Ivesia gordonii",12,NA,NA,4,3,0,NA,1,0,0,2.52336448598131,0,0
2015,1,"9*A",177,-115,"Ivesia gordonii",11,12,-1,3.5,6,0,0,1,0,0,3.0530303030303,0,0
2016,1,"9*A",177,-115,"Ivesia gordonii",14.6,11,3.6,8.2,11,0,0,1,0,0,1.30188679245283,0,0
2017,1,"9*A",177,-115,"Ivesia gordonii",0,14.6,-14.6,0,0,0,0,0,0,1,1.28571428571429,0,0
2014,10,"90*A",1640,-570,"Lupinus argenteus",20,NA,NA,8,2,0,NA,1,0,0,2.52336448598131,0,55.9166842610498
2015,10,"90*A",1640,-570,"Lupinus argenteus",21.5,20,1.5,12,5,0,0,1,0,0,3.0530303030303,0,32.0017978185118
2016,10,"90*A",1640,-570,"Lupinus argenteus",19,21.5,-2.5,10,2,0,0,1,0,0,1.30188679245283,0,11.9500066210017
2017,10,"90*A",1640,-570,"Lupinus argenteus",0,19,-19,0,0,0,0,0,0,1,1.28571428571429,0,0
2014,46,"900*A",65,-3760,"Lupinus argenteus",3,NA,NA,4,0,0,NA,1,0,0,2.52336448598131,99.9999999999998,99.9999999999998
2015,46,"900*A",65,-3760,"Lupinus argenteus",5,3,2,6,0,0,0,1,0,0,3.0530303030303,99.9999999999998,26.720776983082
2016,46,"900*A",65,-3760,"Lupinus argenteus",5,5,0,5,0,0,0,1,0,0,1.30188679245283,99.9999999999998,99.9999999999998
2017,46,"900*A",65,-3760,"Lupinus argenteus",0,5,-5,0,0,0,0,0,0,1,1.28571428571429,0,0
2014,46,"901*A",65,-3749,"Lupinus argenteus",13,NA,NA,7,0,0,NA,1,0,0,2.52336448598131,100,98.003220880259
2015,46,"901*A",65,-3749,"Lupinus argenteus",17,13,4,7,1,0,0,1,0,0,3.0530303030303,100,105.605489190657
2016,46,"901*A",65,-3749,"Lupinus argenteus",0,17,-17,0,0,0,0,0,0,1,1.30188679245283,0,0
2014,46,"902*A",70,-3748,"Lupinus argenteus",14,NA,NA,8,0,0,NA,1,0,0,2.52336448598131,117.141995326422,150.762882342559
2015,46,"902*A",70,-3748,"Lupinus argenteus",22,14,8,7,1,0,0,1,0,0,3.0530303030303,110.689559156526,113.618521360256
2016,46,"902*A",70,-3748,"Lupinus argenteus",3,22,-19,5,3,0,0,1,0,0,1.30188679245283,99.9999999999998,199.95338737845
2017,46,"902*A",70,-3748,"Lupinus argenteus",0,3,-3,0,0,0,0,0,0,1,1.28571428571429,0,0
2014,46,"903*A",80,-3745,"Lupinus argenteus",25,NA,NA,11,5,0,NA,1,0,0,2.52336448598131,177.509802718487,81.5142799860052
2015,46,"903*A",80,-3745,"Lupinus argenteus",22,25,-3,10,0,0,0,1,0,0,3.0530303030303,164.41649291339,85.5969990291463
2016,46,"903*A",80,-3745,"Lupinus argenteus",25,22,3,7,2,0,0,1,0,0,1.30188679245283,175.833964848366,42.1065287269641
2017,46,"903*A",80,-3745,"Lupinus argenteus",0,25,-25,0,0,0,0,0,0,1,1.28571428571429,0,0
2014,46,"904*A",75,-3760,"Lupinus argenteus",25,NA,NA,9,4,0,NA,1,0,0,2.52336448598131,110.607622247822,48.003343618104
2015,46,"904*A",75,-3760,"Lupinus argenteus",18,25,-7,8,1,0,0,1,0,0,3.0530303030303,101.929012345679,53.5611728368001
2016,46,"904*A",75,-3760,"Lupinus argenteus",29,18,11,10,7,0,0,1,0,0,1.30188679245283,114.812742076424,38.1985635021885
2017,46,"904*A",75,-3760,"Lupinus argenteus",8,29,-21,4,0,0,0,1,0,0,1.28571428571429,123.326195170674,0
2018,46,"904*A",75,-3760,"Lupinus argenteus",0,8,-8,0,0,0,0,0,0,1,1.12213740458015,0,0
2014,46,"905*A",87,-3760,"Lupinus argenteus",0.5,NA,NA,0.5,0,1,1,1,0,0,2.52336448598131,100.000000000002,100.000000000002
2015,46,"905*A",87,-3760,"Lupinus argenteus",0,0.5,-0.5,0,0,0,0,0,0,1,3.0530303030303,0,0
2014,46,"906*A",73,-3764,"Heterotheca villosa",0.5,NA,NA,0.5,0,1,1,1,0,0,2.52336448598131,199.999999999997,0
2015,46,"906*A",73,-3764,"Heterotheca villosa",2,0.5,1.5,1,0,0,0,1,0,0,3.0530303030303,200,0
2016,46,"906*A",73,-3764,"Heterotheca villosa",2,2,0,3,0,0,0,1,0,0,1.30188679245283,200,0
2017,46,"906*A",73,-3764,"Heterotheca villosa",3.5,2,1.5,2,0,0,0,1,0,0,1.28571428571429,128.812018263376,0
2018,46,"906*A",73,-3764,"Heterotheca villosa",2,3.5,-1.5,1.5,0,0,0,1,0,0,1.12213740458015,99.9999999999999,0
2019,46,"906*A",73,-3764,"Heterotheca villosa",4,2,2,3,0,0,0,1,0,0,0.5,0,0
2014,46,"907*A",81,-3785,"Lupinus argenteus",10,NA,NA,6,0,0,NA,1,0,0,2.52336448598131,54.3597986529236,18.4872346709998
2015,46,"907*A",81,-3785,"Lupinus argenteus",0,10,-10,0,0,0,0,0,0,1,3.0530303030303,0,0
2014,46,"908*A",82,-3787,"Lupinus argenteus",0.5,NA,NA,0.5,0,1,1,1,0,0,2.52336448598131,0,99.9999999999982
2015,46,"908*A",82,-3787,"Lupinus argenteus",0,0.5,-0.5,0,0,0,0,0,0,1,3.0530303030303,0,0
2014,46,"909*A",83,-3787,"Lupinus argenteus",0.5,NA,NA,0.5,0,1,1,1,0,0,2.52336448598131,0,99.9999999999982
2015,46,"909*A",83,-3787,"Lupinus argenteus",0,0.5,-0.5,0,0,0,0,0,0,1,3.0530303030303,0,0
2014,10,"91*A",1648,-563,"Lupinus argenteus",26,NA,NA,9,6,0,NA,1,0,0,2.52336448598131,0,39.3188609040446
2015,10,"91*A",1648,-563,"Lupinus argenteus",19,26,-7,9,3,0,0,1,0,0,3.0530303030303,0,40.9773713063892
2016,10,"91*A",1648,-563,"Lupinus argenteus",7,19,-12,8,0,0,0,1,0,0,1.30188679245283,0,43.4296021690208
2017,10,"91*A",1648,-563,"Lupinus argenteus",0,7,-7,0,0,0,0,1,0,0,1.28571428571429,0,0
2018,10,"91*A",1648,-563,"Lupinus argenteus",15,0,15,10,1,0,0,1,0,0,1.12213740458015,0,0
2019,10,"91*A",1648,-563,"Lupinus argenteus",13,15,-2,9.5,1,0,0,1,0,0,0.5,0,0
2014,46,"910*A",92,-3799,"Lupinus argenteus",10,NA,NA,2,0,0,NA,1,0,0,2.52336448598131,0,0
2015,46,"910*A",92,-3799,"Lupinus argenteus",20,10,10,8,1,0,0,1,0,0,3.0530303030303,0,0.652735436473617
2016,46,"910*A",92,-3799,"Lupinus argenteus",0,20,-20,0,0,0,0,0,0,1,1.30188679245283,0,0
2014,46,"911*A",93,-3776,"Lupinus argenteus",25,NA,NA,10,2,0,NA,1,0,0,2.52336448598131,110.91739994275,3.42736475243367
2015,46,"911*A",93,-3776,"Lupinus argenteus",24,25,-1,9,2,0,0,1,0,0,3.0530303030303,125.690115523408,0.991473667267613
2016,46,"911*A",93,-3776,"Lupinus argenteus",28,24,4,9,4,0,0,1,0,0,1.30188679245283,132.025837769424,8.39440737535771
2017,46,"911*A",93,-3776,"Lupinus argenteus",0,28,-28,0,0,0,0,0,0,1,1.28571428571429,0,0
2014,46,"912*A",95,-3773,"Senecio crassulus",1,NA,NA,1,0,1,1,1,0,0,2.52336448598131,200.000000000004,0
2015,46,"912*A",95,-3773,"Senecio crassulus",2,1,1,3.5,0,0,0,1,0,0,3.0530303030303,231.739463415597,0
2016,46,"912*A",95,-3773,"Senecio crassulus",3.5,2,1.5,7,0,0,0,1,0,0,1.30188679245283,202.48287902985,0
2017,46,"912*A",95,-3773,"Senecio crassulus",10,3.5,6.5,11,2,0,0,1,0,0,1.28571428571429,142.095473040958,0
2018,46,"912*A",95,-3773,"Senecio crassulus",0,10,-10,0,0,0,0,0,0,1,1.12213740458015,0,0
2014,46,"913*A",95,-3780,"Viola praemorsa",11,NA,NA,5,2,0,NA,1,0,0,2.52336448598131,197.998630449117,0
2015,46,"913*A",95,-3780,"Viola praemorsa",13.5,11,2.5,5,2,0,0,1,0,0,3.0530303030303,192.984260856657,0.197530864197466
2016,46,"913*A",95,-3780,"Viola praemorsa",11,13.5,-2.5,4,5,0,0,1,0,0,1.30188679245283,218.35268761553,0.840638007206208
2017,46,"913*A",95,-3780,"Viola praemorsa",14,11,3,4,0,0,0,1,0,0,1.28571428571429,128.947077023552,0.510204081632675
2018,46,"913*A",95,-3780,"Viola praemorsa",11,14,-3,6,1,0,0,1,0,0,1.12213740458015,97.1766095423273,0
2019,46,"913*A",95,-3780,"Viola praemorsa",16,11,5,9.5,15,0,0,1,0,0,0.5,1.80907025376768,0.39062500000002
2014,46,"914*A",104,-3725,"Eriogonum umbellatum",75,NA,NA,8,55,0,NA,1,0,0,2.52336448598131,107.882687885345,17.0410506250349
2015,46,"914*A",104,-3725,"Eriogonum umbellatum",68,75,-7,6,38,0,0,1,0,0,3.0530303030303,143.546351167886,15.8837794523843
2016,46,"914*A",104,-3725,"Eriogonum umbellatum",73,68,5,4,64,0,0,1,0,0,1.30188679245283,147.976805259988,17.0879924001291
2017,46,"914*A",104,-3725,"Eriogonum umbellatum",87,73,14,5,75,0,0,1,0,0,1.28571428571429,101.900305867862,16.3476110580963
2018,46,"914*A",104,-3725,"Eriogonum umbellatum",67,87,-20,3.5,62,0,0,1,0,0,1.12213740458015,88.2465091683166,1.23050948580167
2019,46,"914*A",104,-3725,"Eriogonum umbellatum",69,67,2,4,35,0,0,1,0,0,0.5,40.9052801773311,2.70272852936164
2014,46,"915*A",108,-3760,"Heterotheca villosa",2,NA,NA,2,0,0,NA,1,0,0,2.52336448598131,397.85585122101,0
2015,46,"915*A",108,-3760,"Heterotheca villosa",6,2,4,2.5,0,0,0,1,0,0,3.0530303030303,278.166217653774,0
2016,46,"915*A",108,-3760,"Heterotheca villosa",9,6,3,4,0,0,0,1,0,0,1.30188679245283,332.536953810553,0
2017,46,"915*A",108,-3760,"Heterotheca villosa",0,9,-9,0,0,0,0,0,0,1,1.28571428571429,0,0
2014,46,"916*A",85,-3740,"Heterotheca villosa",0.5,NA,NA,0.5,0,1,1,1,0,0,2.52336448598131,399.999999999993,0
2015,46,"916*A",85,-3740,"Heterotheca villosa",2.5,0.5,2,1,0,0,0,1,0,0,3.0530303030303,403.406704832677,0
2016,46,"916*A",85,-3740,"Heterotheca villosa",3,2.5,0.5,2,0,0,0,1,0,0,1.30188679245283,306.924174141882,0
2017,46,"916*A",85,-3740,"Heterotheca villosa",0,3,-3,0,0,0,0,0,0,1,1.28571428571429,0,0
2014,46,"917*A",85,-3730,"Lupinus argenteus",28,NA,NA,8,1,0,NA,1,0,0,2.52336448598131,200.031887755102,25.5915701377541
2015,46,"917*A",85,-3730,"Lupinus argenteus",26,28,-2,10,2,0,0,1,0,0,3.0530303030303,201.516272189349,19.3658613066499
2016,46,"917*A",85,-3730,"Lupinus argenteus",8,26,-18,5,0,0,0,1,0,0,1.30188679245283,201.5625,3.31912650053723
2017,46,"917*A",85,-3730,"Lupinus argenteus",0,8,-8,0,0,0,0,0,0,1,1.28571428571429,0,0
2014,46,"918*A",107,-3760,"Ivesia gordonii",13,NA,NA,4,3,0,NA,1,0,0,2.52336448598131,230.297273951789,0
2015,46,"918*A",107,-3760,"Ivesia gordonii",17,13,4,4,5,0,0,1,0,0,3.0530303030303,209.941510304955,0
2016,46,"918*A",107,-3760,"Ivesia gordonii",20,17,3,3,25,0,0,1,0,0,1.30188679245283,255.725110894014,0.744791030476939
2017,46,"918*A",107,-3760,"Ivesia gordonii",0,20,-20,0,0,0,0,0,0,1,1.28571428571429,0,0
2014,46,"919*A",96,-3760,"Heterotheca villosa",1,NA,NA,1,0,1,1,1,0,0,2.52336448598131,200.000000000004,0
2015,46,"919*A",96,-3760,"Heterotheca villosa",4.5,1,3.5,4,1,0,0,1,0,0,3.0530303030303,134.85732136046,0
2016,46,"919*A",96,-3760,"Heterotheca villosa",8,4.5,3.5,3.5,0,0,0,1,0,0,1.30188679245283,219.400156156006,0
2017,46,"919*A",96,-3760,"Heterotheca villosa",0,8,-8,0,0,0,0,0,0,1,1.28571428571429,0,0
2014,10,"92*A",1628,-531,"Lupinus argenteus",17,NA,NA,7,0,0,NA,1,0,0,2.52336448598131,0,0
2015,10,"92*A",1628,-531,"Lupinus argenteus",8,17,-9,6,0,0,0,1,0,0,3.0530303030303,0,22.4292715103157
2016,10,"92*A",1628,-531,"Lupinus argenteus",8,8,0,5,0,0,0,1,0,0,1.30188679245283,1.56249999999999,16.0701733443178
2017,10,"92*A",1628,-531,"Lupinus argenteus",0,8,-8,0,0,0,0,0,0,1,1.28571428571429,0,0
2014,46,"920*A",117,-3764,"Phacelia hastata",0.5,NA,NA,0.5,0,1,1,1,0,0,2.52336448598131,200.000000000012,0
2015,46,"920*A",117,-3764,"Phacelia hastata",3,0.5,2.5,1,0,0,0,1,0,0,3.0530303030303,199.999999999997,0
2016,46,"920*A",117,-3764,"Phacelia hastata",3.5,3,0.5,4,0,0,0,1,0,0,1.30188679245283,220.672806098066,0
2017,46,"920*A",117,-3764,"Phacelia hastata",6,3.5,2.5,4,1,0,0,1,0,0,1.28571428571429,293.56875216141,0
2018,46,"920*A",117,-3764,"Phacelia hastata",0,6,-6,0,0,0,0,0,0,1,1.12213740458015,0,0
2014,46,"921*A",110,-3740,"Heterotheca villosa",1,NA,NA,2,0,0,NA,1,0,0,2.52336448598131,200,0
2015,46,"921*A",110,-3740,"Heterotheca villosa",4.5,1,3.5,2,0,0,0,1,0,0,3.0530303030303,229.586323318273,0
2016,46,"921*A",110,-3740,"Heterotheca villosa",5.5,4.5,1,3.5,0,0,0,1,0,0,1.30188679245283,303.400263237563,0
2017,46,"921*A",110,-3740,"Heterotheca villosa",0,5.5,-5.5,0,0,0,0,0,0,1,1.28571428571429,0,0
2014,46,"922*A",107,-3725,"Agoseris glauca",6,NA,NA,5,1,0,NA,1,0,0,2.52336448598131,200,14.996018575434
2015,46,"922*A",107,-3725,"Agoseris glauca",9,6,3,3.5,0,0,0,1,0,0,3.0530303030303,253.064049046564,41.9010288073061
2016,46,"922*A",107,-3725,"Agoseris glauca",7,9,-2,4,0,0,0,1,0,0,1.30188679245283,317.328785783094,0
2017,46,"922*A",107,-3725,"Agoseris glauca",9,7,2,4,0,0,0,1,0,0,1.28571428571429,316.302605623093,0
2018,46,"922*A",107,-3725,"Agoseris glauca",0,9,-9,0,0,0,0,0,0,1,1.12213740458015,0,0
2014,46,"923*A",115,-3735,"Carex siccata",6,NA,NA,13,0,0,NA,1,0,0,2.52336448598131,137.205275822674,118.932547577366
2015,46,"923*A",115,-3735,"Carex siccata",11,6,5,14,0,0,0,1,0,0,3.0530303030303,170.55988841666,199.986551324082
2016,46,"923*A",115,-3735,"Carex siccata",35,11,24,19,0,0,0,1,0,0,1.30188679245283,165.614489520686,107.074957804158
2017,46,"923*A",115,-3735,"Carex siccata",23,35,-12,18,0,0,0,1,0,0,1.28571428571429,145.982092236635,113.215993394216
2018,46,"923*A",115,-3735,"Carex siccata",17,23,-6,14.5,0,0,0,1,0,0,1.12213740458015,105.668538135848,100
2019,46,"923*A",115,-3735,"Carex siccata",0,17,-17,0,0,0,0,0,0,1,0.5,0,0
2014,46,"924*A",118,-3735,"Carex siccata",4,NA,NA,12,0,0,NA,1,0,0,2.52336448598131,100.000000000001,142.598232049077
2015,46,"924*A",118,-3735,"Carex siccata",17,4,13,18,0,0,0,1,0,0,3.0530303030303,176.36941128055,137.089447844077
2016,46,"924*A",118,-3735,"Carex siccata",8,17,-9,16,0,0,0,1,0,0,1.30188679245283,112.91947753564,200
2017,46,"924*A",118,-3735,"Carex siccata",9,8,1,15,0,0,0,1,0,0,1.28571428571429,101.922761017865,200
2018,46,"924*A",118,-3735,"Carex siccata",0,9,-9,0,0,0,0,0,0,1,1.12213740458015,0,0
2014,46,"925*A",112,-3730,"Agoseris glauca",11,NA,NA,8,2,0,NA,1,0,0,2.52336448598131,211.069338261292,4.46162536128618
2015,46,"925*A",112,-3730,"Agoseris glauca",14,11,3,4,0,0,0,1,0,0,3.0530303030303,296.331797078493,20.2345986043284
2016,46,"925*A",112,-3730,"Agoseris glauca",6,14,-8,5,2,0,0,1,0,0,1.30188679245283,301.330836771139,0
2017,46,"925*A",112,-3730,"Agoseris glauca",0,6,-6,0,0,0,0,1,0,0,1.28571428571429,0,0
2018,46,"925*A",112,-3730,"Agoseris glauca",4,0,4,6,1,0,0,1,0,0,1.12213740458015,300,0
2019,46,"925*A",112,-3730,"Agoseris glauca",0,4,-4,0,0,0,0,1,0,0,0.5,0,0
2014,46,"926*A",136,-3737,"Carex siccata",5,NA,NA,13,0,0,NA,1,0,0,2.52336448598131,176.19455269393,0
2015,46,"926*A",136,-3737,"Carex siccata",8,5,3,9,0,0,0,1,0,0,3.0530303030303,108.254346879268,0
2016,46,"926*A",136,-3737,"Carex siccata",27,8,19,13,0,0,0,1,0,0,1.30188679245283,129.850370686225,34.9810100362823
2017,46,"926*A",136,-3737,"Carex siccata",22,27,-5,17,0,0,0,1,0,0,1.28571428571429,161.284250063443,13.5855026999583
2018,46,"926*A",136,-3737,"Carex siccata",17,22,-5,13,0,0,0,1,0,0,1.12213740458015,41.6617249248941,0
2019,46,"926*A",136,-3737,"Carex siccata",30,17,13,12,0,0,0,1,0,0,0.5,50.1097221564422,0
2014,46,"927*A",125,-3738,"Heterotheca villosa",0.5,NA,NA,0.5,0,1,1,1,0,0,2.52336448598131,300.000000000018,0
2015,46,"927*A",125,-3738,"Heterotheca villosa",0,0.5,-0.5,0,0,0,0,0,0,1,3.0530303030303,0,0
2014,46,"928*A",130,-3735,"Agoseris glauca",2,NA,NA,4,0,0,NA,1,0,0,2.52336448598131,145.573481344753,0
2015,46,"928*A",130,-3735,"Agoseris glauca",7,2,5,3,0,0,0,1,0,0,3.0530303030303,146.427610958816,0
2016,46,"928*A",130,-3735,"Agoseris glauca",4,7,-3,5,0,0,0,1,0,0,1.30188679245283,347.118520879829,0
2017,46,"928*A",130,-3735,"Agoseris glauca",10,4,6,5,2,0,0,1,0,0,1.28571428571429,242.304249308028,0
2018,46,"928*A",130,-3735,"Agoseris glauca",0,10,-10,0,0,0,0,0,0,1,1.12213740458015,0,0
2014,46,"929*A",110,-3715,"Carex siccata",9,NA,NA,17,0,0,NA,1,0,0,2.52336448598131,100,66.9291675351475
2015,46,"929*A",110,-3715,"Carex siccata",22,9,13,12,0,0,0,1,0,0,3.0530303030303,159.945840958333,54.5409556371739
2016,46,"929*A",110,-3715,"Carex siccata",17,22,-5,15,0,0,0,1,0,0,1.30188679245283,128.022169900528,80.6249392786968
2017,46,"929*A",110,-3715,"Carex siccata",17,17,0,14,0,0,0,1,0,0,1.28571428571429,118.868085138755,57.4487452013393
2018,46,"929*A",110,-3715,"Carex siccata",14,17,-3,15,0,0,0,1,0,0,1.12213740458015,106.755423932452,55.3462765383879
2019,46,"929*A",110,-3715,"Carex siccata",0,14,-14,0,0,0,0,0,0,1,0.5,0,0
2014,10,"93*A",1610,-500,"Lupinus argenteus",10,NA,NA,6,0,0,NA,1,0,0,2.52336448598131,0,0
2015,10,"93*A",1610,-500,"Lupinus argenteus",13.5,10,3.5,7.5,1,0,0,1,0,0,3.0530303030303,0,2.19478737997213
2016,10,"93*A",1610,-500,"Lupinus argenteus",2.1,13.5,-11.4,3.9,0,0,0,1,0,0,1.30188679245283,0,0
2017,10,"93*A",1610,-500,"Lupinus argenteus",0,2.1,-2.1,0,0,0,0,0,0,1,1.28571428571429,0,0
2014,46,"930*A",103,-3716,"Senecio crassulus",0.5,NA,NA,0.5,0,1,1,1,0,0,2.52336448598131,200.000000000012,0
2015,46,"930*A",103,-3716,"Senecio crassulus",1.5,0.5,1,1.5,0,0,0,1,0,0,3.0530303030303,387.428154454839,0
2016,46,"930*A",103,-3716,"Senecio crassulus",2,1.5,0.5,5,0,0,0,1,0,0,1.30188679245283,299.999999999999,0
2017,46,"930*A",103,-3716,"Senecio crassulus",7,2,5,5.5,0,0,0,1,0,0,1.28571428571429,271.078618044624,0
2018,46,"930*A",103,-3716,"Senecio crassulus",5.5,7,-1.5,4,0,0,0,1,0,0,1.12213740458015,243.770680686301,0
2019,46,"930*A",103,-3716,"Senecio crassulus",0,5.5,-5.5,0,0,0,0,0,0,1,0.5,0,0
2014,46,"931*A",115,-3713,"Heterotheca villosa",0.5,NA,NA,0.5,0,1,1,1,0,0,2.52336448598131,100.000000000006,0
2015,46,"931*A",115,-3713,"Heterotheca villosa",0,0.5,-0.5,0,0,0,0,0,0,1,3.0530303030303,0,0
2014,46,"932*A",103,-3710,"Agoseris glauca",4,NA,NA,6,0,0,NA,1,0,0,2.52336448598131,233.780948112267,0
2015,46,"932*A",103,-3710,"Agoseris glauca",13,4,9,5,0,0,0,1,0,0,3.0530303030303,293.95577380487,0
2016,46,"932*A",103,-3710,"Agoseris glauca",10,13,-3,4,2,0,0,1,0,0,1.30188679245283,253.288819503056,0
2017,46,"932*A",103,-3710,"Agoseris glauca",0,10,-10,0,0,0,0,0,0,1,1.28571428571429,0,0
2014,46,"933*A",100,-3695,"Heterotheca villosa",32,NA,NA,5,17,0,NA,1,0,0,2.52336448598131,80.9604242993167,0
2015,46,"933*A",100,-3695,"Heterotheca villosa",35,32,3,6,28,0,0,1,0,0,3.0530303030303,89.6506295853253,0
2016,46,"933*A",100,-3695,"Heterotheca villosa",32,35,-3,6,56,0,0,1,0,0,1.30188679245283,109.66907221078,0
2017,46,"933*A",100,-3695,"Heterotheca villosa",20,32,-12,5,0,0,0,1,0,0,1.28571428571429,165.859027842851,0
2018,46,"933*A",100,-3695,"Heterotheca villosa",0,20,-20,0,0,0,0,0,0,1,1.12213740458015,0,0
2014,46,"934*A",100,-3695,"Carex siccata",4,NA,NA,8,0,0,NA,1,0,0,2.52336448598131,199.999999999999,0
2015,46,"934*A",100,-3695,"Carex siccata",9,4,5,10,0,0,0,1,0,0,3.0530303030303,194.856358201306,0
2016,46,"934*A",100,-3695,"Carex siccata",9,9,0,9,0,0,0,1,0,0,1.30188679245283,222.18354909025,0
2017,46,"934*A",100,-3695,"Carex siccata",14,9,5,6,0,0,0,1,0,0,1.28571428571429,224.233441057282,0
2018,46,"934*A",100,-3695,"Carex siccata",12,14,-2,11,0,0,0,1,0,0,1.12213740458015,80.6332039140274,0
2019,46,"934*A",100,-3695,"Carex siccata",0,12,-12,0,0,0,0,0,0,1,0.5,0,0
2014,46,"935*A",120,-3705,"Agoseris glauca",7,NA,NA,7,1,0,NA,1,0,0,2.52336448598131,100,0
2015,46,"935*A",120,-3705,"Agoseris glauca",7,7,0,5,0,0,0,1,0,0,3.0530303030303,101.635117764845,0
2016,46,"935*A",120,-3705,"Agoseris glauca",8,7,1,4,1,0,0,1,0,0,1.30188679245283,99.9999999999997,0
2017,46,"935*A",120,-3705,"Agoseris glauca",0,8,-8,0,0,0,0,0,0,1,1.28571428571429,0,0
2014,46,"936*A",130,-3758,"Eriogonum umbellatum",46,NA,NA,3,4,0,NA,1,0,0,2.52336448598131,78.6837246869157,42.9886867271047
2015,46,"936*A",130,-3758,"Eriogonum umbellatum",45,46,-1,4,0,0,0,1,0,0,3.0530303030303,94.6502182734077,34.0052575216119
2016,46,"936*A",130,-3758,"Eriogonum umbellatum",46,45,1,5,5,0,0,1,0,0,1.30188679245283,136.99247139423,40.4277234636201
2017,46,"936*A",130,-3758,"Eriogonum umbellatum",44,46,-2,4,14,0,0,1,0,0,1.28571428571429,75.2701093509546,59.8129277934755
2018,46,"936*A",130,-3758,"Eriogonum umbellatum",24,44,-20,4,2,0,0,1,0,0,1.12213740458015,57.7405178655198,7.51468529996785
2019,46,"936*A",130,-3758,"Eriogonum umbellatum",17,24,-7,3.5,1,0,0,1,0,0,0.5,125.078326049557,1.77534090276007
2014,46,"937*A",128,-3763,"Heterotheca villosa",4,NA,NA,1,0,0,NA,1,0,0,2.52336448598131,100,0
2015,46,"937*A",128,-3763,"Heterotheca villosa",8,4,4,3,0,0,0,1,0,0,3.0530303030303,126.641423325495,0
2016,46,"937*A",128,-3763,"Heterotheca villosa",11,8,3,4,2,0,0,1,0,0,1.30188679245283,113.938505030598,0
2017,46,"937*A",128,-3763,"Heterotheca villosa",3,11,-8,2,0,0,0,1,0,0,1.28571428571429,186.710897108424,0
2018,46,"937*A",128,-3763,"Heterotheca villosa",5.5,3,2.5,5,0,0,0,1,0,0,1.12213740458015,195.552620058205,0
2019,46,"937*A",128,-3763,"Heterotheca villosa",12,5.5,6.5,6,2,0,0,1,0,0,0.5,267.758680601032,0
2014,46,"938*A",133,-3775,"Lupinus argenteus",22,NA,NA,10,1,0,NA,1,0,0,2.52336448598131,77.744091550894,3.68613787370034
2015,46,"938*A",133,-3775,"Lupinus argenteus",23,22,1,9,4,0,0,1,0,0,3.0530303030303,77.5849760640407,14.2528374920659
2016,46,"938*A",133,-3775,"Lupinus argenteus",12,23,-11,6,0,0,0,1,0,0,1.30188679245283,100.05131776879,0
2017,46,"938*A",133,-3775,"Lupinus argenteus",0,12,-12,0,0,0,0,0,0,1,1.28571428571429,0,0
2014,46,"939*A",138,-3785,"Eriogonum umbellatum",2,NA,NA,1,0,0,NA,1,0,0,2.52336448598131,35.8246671372428,0
2015,46,"939*A",138,-3785,"Eriogonum umbellatum",2,2,0,2,0,0,0,1,0,0,3.0530303030303,167.386965642986,0
2016,46,"939*A",138,-3785,"Eriogonum umbellatum",2.5,2,0.5,1,0,0,0,1,0,0,1.30188679245283,31.7469103943427,0
2017,46,"939*A",138,-3785,"Eriogonum umbellatum",0,2.5,-2.5,0,0,0,0,0,0,1,1.28571428571429,0,0
2014,10,"94*A",1620,-485,"Lupinus argenteus",7,NA,NA,5,0,0,NA,1,0,0,2.52336448598131,0,1.17195106036023
2015,10,"94*A",1620,-485,"Lupinus argenteus",12,7,5,9,1,0,0,1,0,0,3.0530303030303,0,0
2016,10,"94*A",1620,-485,"Lupinus argenteus",1,12,-11,1,0,0,0,1,0,0,1.30188679245283,0,0
2017,10,"94*A",1620,-485,"Lupinus argenteus",0,1,-1,0,0,0,0,0,0,1,1.28571428571429,0,0
2014,46,"940*A",132,-3790,"Lupinus argenteus",13,NA,NA,8,0,0,NA,1,0,0,2.52336448598131,0,10.5567498868103
2015,46,"940*A",132,-3790,"Lupinus argenteus",19,13,6,8,2,0,0,1,0,0,3.0530303030303,1.28237747250808,25.3178698983461
2016,46,"940*A",132,-3790,"Lupinus argenteus",15,19,-4,6,0,0,0,1,0,0,1.30188679245283,0.921858622065009,1.77777777777783
2017,46,"940*A",132,-3790,"Lupinus argenteus",0,15,-15,0,0,0,0,0,0,1,1.28571428571429,0,0
2014,46,"941*A",150,-3775,"Ivesia gordonii",11,NA,NA,6,5,0,NA,1,0,0,2.52336448598131,12.8968044169278,0
2015,46,"941*A",150,-3775,"Ivesia gordonii",12,11,1,6,8,0,0,1,0,0,3.0530303030303,12.2729301896416,0
2016,46,"941*A",150,-3775,"Ivesia gordonii",18,12,6,8,31,0,0,1,0,0,1.30188679245283,69.0070286882109,2.17896492339899
2017,46,"941*A",150,-3775,"Ivesia gordonii",0,18,-18,0,0,0,0,0,0,1,1.28571428571429,0,0
2014,46,"942*A",152,-3760,"Elymus lanceolatus",12,NA,NA,9,1,0,NA,1,0,0,2.52336448598131,156.204140084037,0
2015,46,"942*A",152,-3760,"Elymus lanceolatus",15,12,3,16,0,0,0,1,0,0,3.0530303030303,167.483664721611,0
2016,46,"942*A",152,-3760,"Elymus lanceolatus",22,15,7,21,32,0,0,1,0,0,1.30188679245283,195.049034316803,0
2017,46,"942*A",152,-3760,"Elymus lanceolatus",0,22,-22,0,0,0,0,0,0,1,1.28571428571429,0,0
2014,46,"943*A",155,-3750,"Heterotheca villosa",34,NA,NA,4,11,0,NA,1,0,0,2.52336448598131,70.8715355460189,0
2015,46,"943*A",155,-3750,"Heterotheca villosa",35,34,1,5,10,0,0,1,0,0,3.0530303030303,131.65003987842,0.0489902760515185
2016,46,"943*A",155,-3750,"Heterotheca villosa",36,35,1,6,36,0,0,1,0,0,1.30188679245283,178.271645969091,0.137391202619018
2017,46,"943*A",155,-3750,"Heterotheca villosa",0,36,-36,0,0,0,0,0,0,1,1.28571428571429,0,0
2014,46,"944*A",158,-3800,"Eriogonum umbellatum",3,NA,NA,1,0,0,NA,1,0,0,2.52336448598131,0,0
2015,46,"944*A",158,-3800,"Eriogonum umbellatum",5,3,2,1,0,0,0,1,0,0,3.0530303030303,2.57998548682798,0
2016,46,"944*A",158,-3800,"Eriogonum umbellatum",3,5,-2,1.5,0,0,0,1,0,0,1.30188679245283,0,0
2017,46,"944*A",158,-3800,"Eriogonum umbellatum",0,3,-3,0,0,0,0,0,0,1,1.28571428571429,0,0
2014,46,"945*A",165,-3787,"Heterotheca villosa",16,NA,NA,4,8,0,NA,1,0,0,2.52336448598131,3.51562499999998,0
2015,46,"945*A",165,-3787,"Heterotheca villosa",15,16,-1,5,8,0,0,1,0,0,3.0530303030303,14.032652707386,0
2016,46,"945*A",165,-3787,"Heterotheca villosa",18,15,3,6,17,0,0,1,0,0,1.30188679245283,30.5837251303009,0
2017,46,"945*A",165,-3787,"Heterotheca villosa",0,18,-18,0,0,0,0,0,0,1,1.28571428571429,0,0
2014,46,"946*A",160,-3789,"Eriogonum umbellatum",3,NA,NA,1,0,0,NA,1,0,0,2.52336448598131,100.000000000001,0
2015,46,"946*A",160,-3789,"Eriogonum umbellatum",3.5,3,0.5,2,0,0,0,1,0,0,3.0530303030303,100.000000000001,0
2016,46,"946*A",160,-3789,"Eriogonum umbellatum",4,3.5,0.5,3.5,0,0,0,1,0,0,1.30188679245283,101.907284885145,0
2017,46,"946*A",160,-3789,"Eriogonum umbellatum",0,4,-4,0,0,0,0,0,0,1,1.28571428571429,0,0
2014,46,"947*A",167,-3745,"Carex siccata",12,NA,NA,22,2,0,NA,1,0,0,2.52336448598131,147.468902097688,25.0000000000005
2015,46,"947*A",167,-3745,"Carex siccata",35,12,23,16,0,0,0,1,0,0,3.0530303030303,108.431150869056,25.1247748814065
2016,46,"947*A",167,-3745,"Carex siccata",40,35,5,22,7,0,0,1,0,0,1.30188679245283,122.916787965361,41.2733804502336
2017,46,"947*A",167,-3745,"Carex siccata",50,40,10,23,7,0,0,1,0,0,1.28571428571429,65.5225185183949,39.9284374905019
2018,46,"947*A",167,-3745,"Carex siccata",28,50,-22,20,0,0,0,1,0,0,1.12213740458015,51.0008984337368,59.1935238204778
2019,46,"947*A",167,-3745,"Carex siccata",8,28,-20,10.5,0,0,0,1,0,0,0.5,98.3987539243843,0
2014,46,"948*A",167,-3746,"Carex siccata",6,NA,NA,7,0,0,NA,1,0,0,2.52336448598131,177.112901195665,99.9999999999995
2015,46,"948*A",167,-3746,"Carex siccata",15,6,9,17,0,0,0,1,0,0,3.0530303030303,148.78246020071,100
2016,46,"948*A",167,-3746,"Carex siccata",18,15,3,18,0,0,0,1,0,0,1.30188679245283,134.98864011196,101.267060853508
2017,46,"948*A",167,-3746,"Carex siccata",20,18,2,12,0,0,0,1,0,0,1.28571428571429,78.637701975648,114.822615688496
2018,46,"948*A",167,-3746,"Carex siccata",20,20,0,16,0,0,0,1,0,0,1.12213740458015,55.6700638112461,103.368514309486
2019,46,"948*A",167,-3746,"Carex siccata",0,20,-20,0,0,0,0,1,0,0,0.5,0,0
2014,46,"949*A",170,-3760,"Heterotheca villosa",0.5,NA,NA,0.5,0,1,1,1,0,0,2.52336448598131,99.9999999999961,0
2015,46,"949*A",170,-3760,"Heterotheca villosa",2,0.5,1.5,1.5,0,0,0,1,0,0,3.0530303030303,243.28263077436,15.0032720407769
2016,46,"949*A",170,-3760,"Heterotheca villosa",2,2,0,2,0,0,0,1,0,0,1.30188679245283,347.24794763814,44.5147496485608
2017,46,"949*A",170,-3760,"Heterotheca villosa",0,2,-2,0,0,0,0,0,0,1,1.28571428571429,0,0
2014,10,"95*A",1630,-480,"Lupinus argenteus",16,NA,NA,10,2,0,NA,1,0,0,2.52336448598131,0,0.224318757647124
2015,10,"95*A",1630,-480,"Lupinus argenteus",0,16,-16,0,0,0,0,0,0,1,3.0530303030303,0,0
2014,46,"950*A",172,-3755,"Carex siccata",7,NA,NA,2,0,0,NA,1,0,0,2.52336448598131,134.153044860113,27.956476357728
2015,46,"950*A",172,-3755,"Carex siccata",0,7,-7,0,0,0,0,0,0,1,3.0530303030303,0,0
2014,46,"951*A",178,-3761,"Carex siccata",15,NA,NA,25,0,0,NA,1,0,0,2.52336448598131,100,6.08829929568303
2015,46,"951*A",178,-3761,"Carex siccata",16,15,1,14,0,0,0,1,0,0,3.0530303030303,100.676291105849,30.8256687829921
2016,46,"951*A",178,-3761,"Carex siccata",21,16,5,17,2,0,0,1,0,0,1.30188679245283,177.356365281099,54.211582914984
2017,46,"951*A",178,-3761,"Carex siccata",27,21,6,13,0,0,0,1,0,0,1.28571428571429,131.547220596609,83.6243831437966
2018,46,"951*A",178,-3761,"Carex siccata",21,27,-6,10,0,0,0,1,0,0,1.12213740458015,117.771836139171,59.8327882610469
2019,46,"951*A",178,-3761,"Carex siccata",17.5,21,-3.5,15,0,0,0,1,0,0,0.5,108.26681303403,52.1947328548406
2014,46,"952*A",173,-3774,"Eriogonum umbellatum",4,NA,NA,0.5,0,0,NA,1,0,0,2.52336448598131,0,51.6395925202149
2015,46,"952*A",173.2921885,-3774.61299748,"Eriogonum umbellatum",2,4,-2,1,0,0,0,1,0,0,3.0530303030303,0,144.803444845512
2015,46,"952*B",172.8965852,-3774.41397075,"Eriogonum umbellatum",2,NA,NA,1,0,0,1,1,0,0,3.0530303030303,0,134.639603561956
2015,46,"952*C",172.0120622,-3776.19052983,"Eriogonum umbellatum",2,NA,NA,1,0,0,1,1,0,0,3.0530303030303,0,0.042772161043547
2016,46,"952*A",173.2337508,-3774.49039798,"Eriogonum umbellatum",1,2,-1,1,0,0,0,1,0,0,1.30188679245283,0,55.740750114698
2016,46,"952*B",172.9172682,-3774.3311766,"Eriogonum umbellatum",1,2,-1,1,0,0,0,0,1,0,1.30188679245283,0,55.7407501147027
2016,46,"952*C",172.2096497,-3775.75242386,"Eriogonum umbellatum",1,2,-1,1,0,0,0,0,1,0,1.30188679245283,0,0
2017,46,"952*A",173,-3774,"Eriogonum umbellatum",0,1,-1,0,0,0,0,0,0,1,1.28571428571429,0,0
2014,46,"953*A",183,-3795,"Carex siccata",19,NA,NA,24,2,0,NA,1,0,0,2.52336448598131,25.9080955612887,23.8335223766458
2015,46,"953*A",183,-3795,"Carex siccata",22,19,3,17,2,0,0,1,0,0,3.0530303030303,49.125393561477,35.1980200930662
2016,46,"953*A",183,-3795,"Carex siccata",32,22,10,22,2,0,0,1,0,0,1.30188679245283,65.0282204240402,55.7997949288601
2017,46,"953*A",183,-3795,"Carex siccata",15,32,-17,13,0,0,0,1,0,0,1.28571428571429,4.48781362263256,61.0287575307322
2018,46,"953*A",183,-3795,"Carex siccata",11,15,-4,17.5,0,0,0,1,0,0,1.12213740458015,4.87085712997844,154.17225969792
2019,46,"953*A",183,-3795,"Carex siccata",10,11,-1,11,0,0,0,1,0,0,0.5,0,162.071231703257
2014,46,"954*A",190,-3795,"Elymus lanceolatus",7,NA,NA,17,7,0,NA,1,0,0,2.52336448598131,189.254639493386,0
2015,46,"954*A",190,-3795,"Elymus lanceolatus",9,7,2,10,0,0,0,1,0,0,3.0530303030303,222.956882936587,24.6704855842267
2016,46,"954*A",190,-3795,"Elymus lanceolatus",11,9,2,13,2,0,0,1,0,0,1.30188679245283,251.65799091906,17.6820138166242
2017,46,"954*A",190,-3795,"Elymus lanceolatus",0,11,-11,0,0,0,0,1,0,0,1.28571428571429,0,0
2018,46,"954*A",190,-3795,"Elymus lanceolatus",6,0,6,9.5,0,0,0,1,0,0,1.12213740458015,308.679177830551,0
2019,46,"954*A",190,-3795,"Elymus lanceolatus",1.5,6,-4.5,5,0,0,0,1,0,0,0.5,199.999999999997,0
2014,46,"955*A",191,-3797,"Carex siccata",12,NA,NA,19,0,0,NA,1,0,0,2.52336448598131,43.2695283994464,65.3981569003375
2015,46,"955*A",191,-3797,"Carex siccata",13,12,1,15,0,0,0,1,0,0,3.0530303030303,79.4845148023337,114.773953294015
2016,46,"955*A",191,-3797,"Carex siccata",16,13,3,15,3,0,0,1,0,0,1.30188679245283,79.7629635997374,156.601272410581
2017,46,"955*A",191,-3797,"Carex siccata",17,16,1,13,0,0,0,1,0,0,1.28571428571429,5.38182826847564,104.486368949996
2018,46,"955*A",191,-3797,"Carex siccata",10,17,-7,16,0,0,0,1,0,0,1.12213740458015,41.0744140036204,175.610002126219
2019,46,"955*A",191,-3797,"Carex siccata",12,10,2,10,0,0,0,1,0,0,0.5,1.9404228182113,137.341753378982
2014,46,"956*A",183,-3782,"Carex siccata",7,NA,NA,16,2,0,NA,1,0,0,2.52336448598131,82.1285477685773,0
2015,46,"956*A",183,-3782,"Carex siccata",0,7,-7,0,0,0,0,1,0,0,3.0530303030303,0,0
2016,46,"956*A",183,-3782,"Carex siccata",6,0,6,17,0,0,0,1,0,0,1.30188679245283,90.5750113192,99.8947701877726
2017,46,"956*A",183,-3782,"Carex siccata",17,6,11,20,0,0,0,1,0,0,1.28571428571429,86.5555331300127,22.9117637662154
2018,46,"956*A",183,-3782,"Carex siccata",13,17,-4,19.5,0,0,0,1,0,0,1.12213740458015,54.3079603896041,147.396587789475
2019,46,"956*A",183,-3782,"Carex siccata",25,13,12,18,0,0,0,1,0,0,0.5,70.4871384257567,133.855105366056
2014,46,"957*A",190,-3785,"Elymus lanceolatus",13,NA,NA,22,5,0,NA,1,0,0,2.52336448598131,122.138177445473,0
2015,46,"957*A",190,-3785,"Elymus lanceolatus",17,13,4,13,0,0,0,1,0,0,3.0530303030303,160.769677586812,6.91456516374535
2016,46,"957*A",190,-3785,"Elymus lanceolatus",15,17,-2,13,6,0,0,1,0,0,1.30188679245283,215.646573125873,9.36079335510851
2017,46,"957*A",190,-3785,"Elymus lanceolatus",5,15,-10,4,0,0,0,1,0,0,1.28571428571429,246.241318099376,0
2018,46,"957*A",190,-3785,"Elymus lanceolatus",0,5,-5,0,0,0,0,0,0,1,1.12213740458015,0,0
2014,46,"958*A",185,-3770,"Heterotheca villosa",0.5,NA,NA,0.5,0,1,1,1,0,0,2.52336448598131,100.478047043104,44.8686849094325
2015,46,"958*A",185,-3770,"Heterotheca villosa",0,0.5,-0.5,0,0,0,0,0,0,1,3.0530303030303,0,0
2014,46,"959*A",190,-3770,"Heterotheca villosa",10,NA,NA,5,0,0,NA,1,0,0,2.52336448598131,119.699617478093,0.11217171227358
2015,46,"959*A",190,-3770,"Heterotheca villosa",13,10,3,5.5,5,0,0,1,0,0,3.0530303030303,134.143267199134,0
2016,46,"959*A",190,-3770,"Heterotheca villosa",22,13,9,6,16,0,0,1,0,0,1.30188679245283,172.795235767154,0.472243603583132
2017,46,"959*A",190,-3770,"Heterotheca villosa",0,22,-22,0,0,0,0,0,0,1,1.28571428571429,0,0
2014,10,"96*A",1671,-489,"Lupinus argenteus",9,NA,NA,8,1,0,NA,1,0,0,2.52336448598131,0,0
2015,10,"96*A",1671,-489,"Lupinus argenteus",0,9,-9,0,0,0,0,1,0,0,3.0530303030303,0,0
2016,10,"96*A",1671,-489,"Lupinus argenteus",7.7,0,7.7,6.5,0,0,0,1,0,0,1.30188679245283,0,0
2017,10,"96*A",1671,-489,"Lupinus argenteus",4.5,7.7,-3.2,3,0,0,0,1,0,0,1.28571428571429,0,0
2018,10,"96*A",1671,-489,"Lupinus argenteus",7.5,4.5,3,5.5,1,0,0,1,0,0,1.12213740458015,0,0
2019,10,"96*A",1671,-489,"Lupinus argenteus",6,7.5,-1.5,4,0,0,0,1,0,0,0.5,0,0
2014,46,"960*A",200,-3795,"Carex siccata",9,NA,NA,18,2,0,NA,1,0,0,2.52336448598131,0,13.1108721407796
2015,46,"960*A",200,-3795,"Carex siccata",17,9,8,12,0,0,0,1,0,0,3.0530303030303,37.3711633334697,60.1899915287481
2016,46,"960*A",200,-3795,"Carex siccata",21,17,4,21,1,0,0,1,0,0,1.30188679245283,69.2305573341462,140.322606579977
2017,46,"960*A",200,-3795,"Carex siccata",23,21,2,22,0,0,0,1,0,0,1.28571428571429,37.602284221937,72.1282515107049
2018,46,"960*A",200,-3795,"Carex siccata",43,23,20,26,0,0,0,1,0,0,1.12213740458015,40.3858890552924,128.296979535506
2019,46,"960*A",200,-3795,"Carex siccata",47,43,4,23.5,4,0,0,1,0,0,0.5,47.2637636615345,139.944467855265
2014,46,"962*A",200,-3752,"Eriogonum umbellatum",70,NA,NA,2,50,0,NA,1,0,0,2.52336448598131,36.3449283527707,0.337218722641436
2015,46,"962*A",200,-3752,"Eriogonum umbellatum",71,70,1,3,41,0,0,1,0,0,3.0530303030303,84.0631981208391,0.294321512360237
2016,46,"962*A",200,-3752,"Eriogonum umbellatum",69,71,-2,4,41,0,0,1,0,0,1.30188679245283,128.000782874073,0
2017,46,"962*A",200,-3752,"Eriogonum umbellatum",76,69,7,3,49,0,0,1,0,0,1.28571428571429,121.233568138086,0.579557641223945
2018,46,"962*A",200,-3752,"Eriogonum umbellatum",70,76,-6,3.5,51,0,0,1,0,0,1.12213740458015,121.442734482556,0
2019,46,"962*A",200,-3752,"Eriogonum umbellatum",75,70,5,3.5,37,0,0,1,0,0,0.5,92.1018535897008,0
2014,46,"963*A",187,-3769,"Phacelia hastata",4,NA,NA,2,0,0,NA,1,0,0,2.52336448598131,198.130078723124,0
2015,46,"963*A",187,-3769,"Phacelia hastata",7,4,3,4,1,0,0,1,0,0,3.0530303030303,199.071174032014,0
2016,46,"963*A",187,-3769,"Phacelia hastata",11,7,4,6,4,0,0,1,0,0,1.30188679245283,237.448395851274,0
2017,46,"963*A",187,-3769,"Phacelia hastata",12,11,1,5,0,0,0,1,0,0,1.28571428571429,237.429912267003,0
2018,46,"963*A",187,-3769,"Phacelia hastata",16,12,4,5,0,0,0,1,0,0,1.12213740458015,250.969277839364,0
2019,46,"963*A",187,-3769,"Phacelia hastata",13,16,-3,6,3,0,0,1,0,0,0.5,231.568931785147,0
2014,46,"964*A",195,-3762,"Heterotheca villosa",2,NA,NA,2,0,0,NA,1,0,0,2.52336448598131,100,0
2015,46,"964*A",195,-3762,"Heterotheca villosa",2.5,2,0.5,3,0,0,0,1,0,0,3.0530303030303,199.999999999998,0
2016,46,"964*A",195,-3762,"Heterotheca villosa",1.5,2.5,-1,4,0,0,0,1,0,0,1.30188679245283,200,100
2017,46,"964*A",195,-3762,"Heterotheca villosa",3,1.5,1.5,4,0,0,0,1,0,0,1.28571428571429,265.261461982595,0
2018,46,"964*A",195,-3762,"Heterotheca villosa",0,3,-3,0,0,0,0,0,0,1,1.12213740458015,0,0
2014,46,"966*A",145,-3700,"Heterotheca villosa",1,NA,NA,2,0,1,1,1,0,0,2.52336448598131,0,0
2015,46,"966*A",145,-3700,"Heterotheca villosa",5,1,4,3,0,0,0,1,0,0,3.0530303030303,0,0
2016,46,"966*A",145,-3700,"Heterotheca villosa",8.5,5,3.5,4,3,0,0,1,0,0,1.30188679245283,1.38408304498273,0
2017,46,"966*A",145,-3700,"Heterotheca villosa",0,8.5,-8.5,0,0,0,0,0,0,1,1.28571428571429,0,0
2014,46,"967*A",150,-3697,"Eriogonum umbellatum",0.5,NA,NA,0.5,0,1,1,1,0,0,2.52336448598131,0,0
2015,46,"967*A",150,-3697,"Eriogonum umbellatum",1,0.5,0.5,1,0,0,0,1,0,0,3.0530303030303,0,0
2016,46,"967*A",150,-3697,"Eriogonum umbellatum",1.5,1,0.5,2,0,0,0,1,0,0,1.30188679245283,0,0
2017,46,"967*A",150,-3697,"Eriogonum umbellatum",0,1.5,-1.5,0,0,0,0,0,0,1,1.28571428571429,0,0
2014,46,"968*A",140,-3690,"Eriogonum umbellatum",0.5,NA,NA,0.5,0,1,1,1,0,0,2.52336448598131,146.12158846927,0
2015,46,"968*A",140,-3690,"Eriogonum umbellatum",2,0.5,1.5,0.5,0,0,0,1,0,0,3.0530303030303,100,0
2016,46,"968*A",140,-3690,"Eriogonum umbellatum",0,2,-2,0,0,0,0,0,0,1,1.30188679245283,0,0
2014,46,"969*A",138,-3688,"Eriogonum umbellatum",0.5,NA,NA,0.5,0,1,1,1,0,0,2.52336448598131,200,0
2015,46,"969*A",138,-3688,"Eriogonum umbellatum",0,0.5,-0.5,0,0,0,0,0,0,1,3.0530303030303,0,0
2014,10,"97*A",1655,-520,"Lupinus argenteus",10,NA,NA,12,0,0,NA,1,0,0,2.52336448598131,0,1.25568785108968
2015,10,"97*A",1655,-520,"Lupinus argenteus",7.5,10,-2.5,6,0,0,0,1,0,0,3.0530303030303,0,8.89689133510509
2016,10,"97*A",1655,-520,"Lupinus argenteus",12.3,7.5,4.8,9,0,0,0,1,0,0,1.30188679245283,0,0
2017,10,"97*A",1655,-520,"Lupinus argenteus",8,12.3,-4.3,10,0,0,0,1,0,0,1.28571428571429,0,0
2018,10,"97*A",1655,-520,"Lupinus argenteus",6.5,8,-1.5,4.5,0,0,0,1,0,0,1.12213740458015,0,0
2019,10,"97*A",1655,-520,"Lupinus argenteus",0.6,6.5,-5.9,1,0,0,0,1,0,0,0.5,0,0
2014,46,"970*A",140,-3685,"Viola praemorsa",10,NA,NA,8,0,0,NA,1,0,0,2.52336448598131,110.188192761123,0
2015,46,"970*A",140,-3685,"Viola praemorsa",0,10,-10,0,0,0,0,0,0,1,3.0530303030303,0,0
2014,46,"971*A",155,-3690,"Eriogonum umbellatum",0.5,NA,NA,0.5,0,0,NA,1,0,0,2.52336448598131,0,0
2015,46,"971*A",155.2921885,-3690.6129975,"Eriogonum umbellatum",1.5,0.5,1,1,0,0,0,1,0,0,3.0530303030303,0,62.8665584524797
2015,46,"971*B",154.8965852,-3690.4139708,"Eriogonum umbellatum",1.5,NA,NA,1,0,0,1,1,0,0,3.0530303030303,0,62.8665584524825
2015,46,"971*C",154.0120622,-3692.1905298,"Eriogonum umbellatum",1.5,NA,NA,1,0,0,1,1,0,0,3.0530303030303,0,0
2015,46,"971*D",156.4510728,-3688.1557338,"Eriogonum umbellatum",1.5,NA,NA,1,0,0,1,0,1,0,3.0530303030303,0,0
2016,46,"971*A",155.2337508,-3690.490398,"Eriogonum umbellatum",1,1.5,-0.5,1,0,0,0,1,0,0,1.30188679245283,73.5107639355462,55.7407490418257
2016,46,"971*B",154.9172682,-3690.3311766,"Eriogonum umbellatum",1,1.5,-0.5,1,0,0,0,0,1,0,1.30188679245283,43.430582239739,55.7407490418286
2016,46,"971*C",154.2096497,-3691.7524239,"Eriogonum umbellatum",1,1.5,-0.5,1,0,0,0,0,1,0,1.30188679245283,0,0
2017,46,"971*A",155,-3690,"Eriogonum umbellatum",0,1,-1,0,0,0,0,0,0,1,1.28571428571429,0,0
2014,46,"972*A",160,-3685,"Ivesia gordonii",1,NA,NA,0.5,0,1,1,1,0,0,2.52336448598131,100.000000000002,0
2015,46,"972*A",160,-3685,"Ivesia gordonii",2,1,1,1.5,0,0,0,1,0,0,3.0530303030303,100,0
2016,46,"972*A",160,-3685,"Ivesia gordonii",5,2,3,3,0,0,0,1,0,0,1.30188679245283,100.357845036689,0
2017,46,"972*A",160,-3685,"Ivesia gordonii",0,5,-5,0,0,0,0,0,0,1,1.28571428571429,0,0
2014,46,"973*A",135,-3675,"Carex siccata",16,NA,NA,15,0,0,NA,1,0,0,2.52336448598131,53.9150762204358,18.5570430387097
2015,46,"973*A",135,-3675,"Carex siccata",8,16,-8,8,0,0,0,1,0,0,3.0530303030303,34.4920840383807,42.5099518023212
2016,46,"973*A",135,-3675,"Carex siccata",0,8,-8,0,0,0,0,1,0,0,1.30188679245283,0,0
2017,46,"973*A",135,-3675,"Carex siccata",26,0,26,12,0,0,0,1,0,0,1.28571428571429,78.0656247900525,46.444129177584
2018,46,"973*A",135,-3675,"Carex siccata",0,26,-26,0,0,0,0,0,0,1,1.12213740458015,0,0
2014,46,"974*A",176,-3684,"Heterotheca villosa",37,NA,NA,5,34,0,NA,1,0,0,2.52336448598131,45.417041571844,13.0752373995617
2015,46,"974*A",176,-3684,"Heterotheca villosa",37,37,0,5,20,0,0,1,0,0,3.0530303030303,45.4752198680749,19.1745799853908
2016,46,"974*A",176,-3684,"Heterotheca villosa",44,37,7,10,61,0,0,1,0,0,1.30188679245283,73.7765796120521,33.510303363384
2017,46,"974*A",176,-3684,"Heterotheca villosa",14.6,44,-29.4,10,25,0,0,1,0,0,1.28571428571429,84.3693854823951,17.4685870901174
2018,46,"974*A",176,-3684,"Heterotheca villosa",11,14.6,-3.6,2,0,0,0,1,0,0,1.12213740458015,99.9999999999998,7.43801652892546
2019,46,"974*A",176,-3684,"Heterotheca villosa",16,11,5,6,3,0,0,1,0,0,0.5,120.159786925242,3.51562499999996
2014,46,"975*A",165,-3680,"Heterotheca villosa",1,NA,NA,0.5,0,1,1,1,0,0,2.52336448598131,100.000000000001,100.000000000001
2015,46,"975*A",165,-3680,"Heterotheca villosa",1,1,0,0.5,0,0,0,1,0,0,3.0530303030303,91.767356151535,100.000000000001
2016,46,"975*A",165,-3680,"Heterotheca villosa",1,1,0,1,0,0,0,1,0,0,1.30188679245283,3.63939165600805,100.000000000001
2017,46,"975*A",165,-3680,"Heterotheca villosa",0,1,-1,0,0,0,0,0,0,1,1.28571428571429,0,0
2014,46,"976*A",130,-3670,"Carex siccata",6,NA,NA,10,0,0,NA,1,0,0,2.52336448598131,87.173131042059,68.9779309942268
2015,46,"976*A",130,-3670,"Carex siccata",14,6,8,10,0,0,0,1,0,0,3.0530303030303,66.5609604680677,13.8808005885129
2016,46,"976*A",130,-3670,"Carex siccata",17,14,3,13,0,0,0,1,0,0,1.30188679245283,130.480883534129,0
2017,46,"976*A",130,-3670,"Carex siccata",20,17,3,13,1,0,0,1,0,0,1.28571428571429,84.99674500316,78.4905783101169
2018,46,"976*A",130,-3670,"Carex siccata",0,20,-20,0,0,0,0,0,0,1,1.12213740458015,0,0
2014,46,"977*A",135,-3668,"Carex siccata",6,NA,NA,13,0,0,NA,1,0,0,2.52336448598131,50.3417144648013,70.4666251465228
2015,46,"977*A",135,-3668,"Carex siccata",0,6,-6,0,0,0,0,0,0,1,3.0530303030303,0,0
2014,46,"978*A",145,-3680,"Eriogonum umbellatum",0.5,NA,NA,1,0,0,NA,1,0,0,2.52336448598131,62.7324775266773,0
2015,46,"978*A",145,-3680,"Eriogonum umbellatum",0,0.5,-0.5,0,0,0,0,0,0,1,3.0530303030303,0,0
2014,46,"979*A",184,-3677,"Heterotheca villosa",13,NA,NA,4,4,0,NA,1,0,0,2.52336448598131,99.6576226388398,99.9999999999998
2015,46,"979*A",184,-3677,"Heterotheca villosa",15,13,2,4,1,0,0,1,0,0,3.0530303030303,99.0790478129816,100
2016,46,"979*A",184,-3677,"Heterotheca villosa",25,15,10,5,2,0,0,1,0,0,1.30188679245283,84.5578703058789,101.911427166638
2017,46,"979*A",184,-3677,"Heterotheca villosa",15,25,-10,4,0,0,0,1,0,0,1.28571428571429,112.996200301694,16.5493512183526
2018,46,"979*A",184,-3677,"Heterotheca villosa",2.5,15,-12.5,3,0,0,0,1,0,0,1.12213740458015,99.9999999999979,0
2019,46,"979*A",184,-3677,"Heterotheca villosa",0,2.5,-2.5,0,0,0,0,1,0,0,0.5,0,0
2014,10,"98*A",1655,-530,"Lupinus argenteus",11,NA,NA,6,0,0,NA,1,0,0,2.52336448598131,0,6.92914590803171
2015,10,"98*A",1655,-530,"Lupinus argenteus",15,11,4,8,1,0,0,1,0,0,3.0530303030303,0,15.0821418950857
2016,10,"98*A",1655,-530,"Lupinus argenteus",6.6,15,-8.4,6.6,0,0,0,1,0,0,1.30188679245283,0,0
2017,10,"98*A",1655,-530,"Lupinus argenteus",5,6.6,-1.6,3,0,0,0,1,0,0,1.28571428571429,0,0
2018,10,"98*A",1655,-530,"Lupinus argenteus",5.5,5,0.5,4,0,0,0,1,0,0,1.12213740458015,0,0
2019,10,"98*A",1655,-530,"Lupinus argenteus",0,5.5,-5.5,0,0,0,0,0,0,1,0.5,0,0
2014,46,"980*A",190,-3675,"Eriogonum umbellatum",0.5,NA,NA,0.5,0,0,NA,1,0,0,2.52336448598131,187.445945223808,99.9999999999932
2015,46,"980*A",190,-3675,"Eriogonum umbellatum",2,0.5,1.5,0.5,0,0,0,1,0,0,3.0530303030303,200,100
2016,46,"980*A",190,-3675,"Eriogonum umbellatum",0,2,-2,0,0,0,0,0,0,1,1.30188679245283,0,0
2014,46,"981*A",191,-3679,"Arenaria congesta",1,NA,NA,1,0,1,1,1,0,0,2.52336448598131,200.000000000004,0
2015,46,"981*A",191,-3679,"Arenaria congesta",5.5,1,4.5,4,0,0,0,1,0,0,3.0530303030303,226.484614687993,0
2016,46,"981*A",191,-3679,"Arenaria congesta",7,5.5,1.5,6,8,0,0,1,0,0,1.30188679245283,249.243015746716,0
2017,46,"981*A",191,-3679,"Arenaria congesta",0,7,-7,0,0,0,0,1,0,0,1.28571428571429,0,0
2018,46,"981*A",191,-3679,"Arenaria congesta",11,0,11,5,9,0,0,1,0,0,1.12213740458015,120.940627458921,0
2019,46,"981*A",191,-3679,"Arenaria congesta",25,11,14,12,23,0,0,1,0,0,0.5,127.294151529087,0
2014,46,"982*A",194,-3675,"Ivesia gordonii",1,NA,NA,1,0,1,1,1,0,0,2.52336448598131,100.000000000002,0
2015,46,"982*A",194,-3675,"Ivesia gordonii",2.5,1,1.5,5,0,0,0,1,0,0,3.0530303030303,99.9999999999991,0
2016,46,"982*A",194,-3675,"Ivesia gordonii",4.5,2.5,2,3,0,0,0,1,0,0,1.30188679245283,299.05552610026,0
2017,46,"982*A",194,-3675,"Ivesia gordonii",5,4.5,0.5,4,3,0,0,1,0,0,1.28571428571429,100,0
2018,46,"982*A",194,-3675,"Ivesia gordonii",7,5,2,4.5,1,0,0,1,0,0,1.12213740458015,151.710529031213,0
2019,46,"982*A",194,-3675,"Ivesia gordonii",6,7,-1,6.5,0,0,0,1,0,0,0.5,200,0
2014,46,"983*A",195,-3650,"Carex siccata",7,NA,NA,11,0,0,NA,1,0,0,2.52336448598131,100,42.2466259501892
2015,46,"983*A",195,-3650,"Carex siccata",0,7,-7,0,0,0,0,0,0,1,3.0530303030303,0,0
2014,46,"984*A",200,-3650,"Carex siccata",10,NA,NA,7,0,0,NA,1,0,0,2.52336448598131,99.9999999999995,41.3993077514234
2015,46,"984*A",200,-3650,"Carex siccata",17,10,7,13,0,0,0,1,0,0,3.0530303030303,110.287080792374,80.1438977764072
2016,46,"984*A",200,-3650,"Carex siccata",13,17,-4,7,3,0,0,1,0,0,1.30188679245283,147.745438794823,61.4096855548476
2017,46,"984*A",200,-3650,"Carex siccata",0,13,-13,0,0,0,0,1,0,0,1.28571428571429,0,0
2018,46,"984*A",200,-3650,"Carex siccata",10,0,10,11,1,0,0,1,0,0,1.12213740458015,99.9999999999995,0
2019,46,"984*A",200,-3650,"Carex siccata",14,10,4,12,0,0,0,1,0,0,0.5,113.515932818458,0
2014,46,"985*A",185,-3655,"Heterotheca villosa",9,NA,NA,3,0,0,NA,1,0,0,2.52336448598131,129.102794479067,0.0780137775839229
2015,46,"985*A",185,-3655,"Heterotheca villosa",8,9,-1,5,0,0,0,1,0,0,3.0530303030303,153.81054474336,0.104188607893884
2016,46,"985*A",185,-3655,"Heterotheca villosa",14,8,6,5,2,0,0,1,0,0,1.30188679245283,247.403362161538,0
2017,46,"985*A",185,-3655,"Heterotheca villosa",6,14,-8,4,0,0,0,1,0,0,1.28571428571429,125.029080397406,0
2018,46,"985*A",185,-3655,"Heterotheca villosa",0,6,-6,0,0,0,0,0,0,1,1.12213740458015,0,0
2014,46,"986*A",180,-3660,"Senecio crassulus",6,NA,NA,14,2,0,NA,1,0,0,2.52336448598131,149.302522157468,0
2015,46,"986*A",180,-3660,"Senecio crassulus",13,6,7,11,0,0,0,1,0,0,3.0530303030303,149.280417625809,0
2016,46,"986*A",180,-3660,"Senecio crassulus",16,13,3,18,4,0,0,1,0,0,1.30188679245283,293.825843280102,3.83653637609625
2017,46,"986*A",180,-3660,"Senecio crassulus",11,16,-5,10,0,0,0,1,0,0,1.28571428571429,137.099981655101,15.5244583295781
2018,46,"986*A",180,-3660,"Senecio crassulus",0,11,-11,0,0,0,0,0,0,1,1.12213740458015,0,0
2014,46,"987*A",180,-3659,"Heterotheca villosa",4,NA,NA,3,0,0,NA,1,0,0,2.52336448598131,205.038462284006,0.394944749018627
2015,46,"987*A",180,-3659,"Heterotheca villosa",5,4,1,3,0,0,0,1,0,0,3.0530303030303,218.943381774854,0.266722836208308
2016,46,"987*A",180,-3659,"Heterotheca villosa",0,5,-5,0,0,0,0,0,0,1,1.30188679245283,0,0
2014,46,"988*A",180.5,-3654.5,"Agoseris glauca",6,NA,NA,5,0,0,NA,1,0,0,2.52336448598131,146.82762600072,29.4126528048025
2015,46,"988*A",180.5,-3654.5,"Agoseris glauca",4,6,-2,3,0,0,0,1,0,0,3.0530303030303,205.617886019497,27.257134126367
2016,46,"988*A",180.5,-3654.5,"Agoseris glauca",8,4,4,4,1,0,0,1,0,0,1.30188679245283,321.877975969387,92.790628452474
2017,46,"988*A",180.5,-3654.5,"Agoseris glauca",3,8,-5,4.5,0,0,0,1,0,0,1.28571428571429,145.524360515019,13.3855173464347
2018,46,"988*A",180.5,-3654.5,"Agoseris glauca",0,3,-3,0,0,0,0,0,0,1,1.12213740458015,0,0
2014,46,"989*A",175,-3670,"Heterotheca villosa",3,NA,NA,1,0,0,NA,1,0,0,2.52336448598131,99.9999999999997,99.9999999999997
2015,46,"989*A",175,-3670,"Heterotheca villosa",6,3,3,2,0,0,0,1,0,0,3.0530303030303,100,100
2016,46,"989*A",175,-3670,"Heterotheca villosa",6,6,0,3,0,0,0,1,0,0,1.30188679245283,100,169.963740767703
2017,46,"989*A",175,-3670,"Heterotheca villosa",5.5,6,-0.5,3,0,0,0,1,0,0,1.28571428571429,100,0
2018,46,"989*A",175,-3670,"Heterotheca villosa",0,5.5,-5.5,0,0,0,0,0,0,1,1.12213740458015,0,0
2017,10,"99*A",1655,-540,"Lupinus argenteus",4.5,NA,NA,4.5,0,0,1,1,0,0,1.28571428571429,0,0
2018,10,"99*A",1655,-540,"Lupinus argenteus",0,4.5,-4.5,0,0,0,0,0,0,1,1.12213740458015,0,0
2014,10,"99-old*A",1655,-540,"Lupinus argenteus",12,NA,NA,9,1,0,NA,1,0,0,2.52336448598131,0,4.95040187335381
2015,10,"99-old*A",1655,-540,"Lupinus argenteus",0,12,-12,0,0,0,0,0,0,1,3.0530303030303,0,0
2014,46,"990*A",160,-3676,"Achnatherum lettermanii",2,NA,NA,2,0,0,NA,1,0,0,2.52336448598131,184.403271424121,0
2015,46,"990*A",160,-3676,"Achnatherum lettermanii",3,2,1,5.5,0,0,0,1,0,0,3.0530303030303,172.786553487149,0
2016,46,"990*A",160,-3676,"Achnatherum lettermanii",12,3,9,7,1,0,0,1,0,0,1.30188679245283,199.216509275945,0
2017,46,"990*A",160,-3676,"Achnatherum lettermanii",16,12,4,8,3,0,0,1,0,0,1.28571428571429,120.619281017444,0
2018,46,"990*A",160,-3676,"Achnatherum lettermanii",13,16,-3,10.5,3,0,0,1,0,0,1.12213740458015,109.897052191413,0
2019,46,"990*A",160,-3676,"Achnatherum lettermanii",13,13,0,11,0,0,0,1,0,0,0.5,130.235710881072,0
2014,46,"991*A",147,-3672,"Eriogonum umbellatum",12,NA,NA,2,7,0,NA,1,0,0,2.52336448598131,6.11327901740442,12.45330569457
2015,46,"991*A",147,-3672,"Eriogonum umbellatum",13,12,1,3,4,0,0,1,0,0,3.0530303030303,0.999999999999842,7.67624286830647
2016,46,"991*A",147,-3672,"Eriogonum umbellatum",20,13,7,3,8,0,0,1,0,0,1.30188679245283,30.550646177932,12.3680682135285
2017,46,"991*A",147,-3672,"Eriogonum umbellatum",18,20,-2,3,7,0,0,1,0,0,1.28571428571429,71.3813333581119,53.2426489728064
2018,46,"991*A",147,-3672,"Eriogonum umbellatum",15,18,-3,3,8,0,0,1,0,0,1.12213740458015,6.95412526866885,95.8884303142784
2019,46,"991*A",147,-3672,"Eriogonum umbellatum",17,15,2,3,3,0,0,1,0,0,0.5,46.7872916763323,96.5296753239565
2014,46,"992*A",178,-3649,"Eriogonum umbellatum",70,NA,NA,3,54,0,NA,1,0,0,2.52336448598131,54.4560082171798,0.571282373251418
2015,46,"992*A",178,-3649,"Eriogonum umbellatum",68,70,-2,3,24,0,0,1,0,0,3.0530303030303,80.1547462739684,0.575284796512765
2016,46,"992*A",178,-3649,"Eriogonum umbellatum",65,68,-3,2,9,0,0,1,0,0,1.30188679245283,166.47815706619,1.36227898683044
2017,46,"992*A",178,-3649,"Eriogonum umbellatum",79,65,14,3,50,0,0,1,0,0,1.28571428571429,71.5882808698712,3.86185942300771
2018,46,"992*A",178,-3649,"Eriogonum umbellatum",90,79,11,3,61,0,0,1,0,0,1.12213740458015,54.9508775936208,3.70238804606653
2019,46,"992*A",178,-3649,"Eriogonum umbellatum",92,90,2,4,11,0,0,1,0,0,0.5,62.5431605118622,5.02903513637289
2014,46,"993*A",190,-3635,"Agoseris glauca",10,NA,NA,7,2,0,NA,1,0,0,2.52336448598131,100,0
2015,46,"993*A",190,-3635,"Agoseris glauca",7,10,-3,4,1,0,0,1,0,0,3.0530303030303,100,0
2016,46,"993*A",190,-3635,"Agoseris glauca",3,7,-4,3,2,0,0,1,0,0,1.30188679245283,194.425994827172,0
2017,46,"993*A",190,-3635,"Agoseris glauca",4.5,3,1.5,5,0,0,0,1,0,0,1.28571428571429,192.14605771094,0
2018,46,"993*A",190,-3635,"Agoseris glauca",4,4.5,-0.5,4,0,0,0,1,0,0,1.12213740458015,101.637920693445,0
2019,46,"993*A",190,-3635,"Agoseris glauca",4,4,0,6,0,0,0,1,0,0,0.5,153.514619840704,0
2014,46,"994*A",180,-3630,"Ivesia gordonii",2,NA,NA,2,0,0,NA,1,0,0,2.52336448598131,200,0
2015,46,"994*A",180,-3630,"Ivesia gordonii",4,2,2,2,0,0,0,1,0,0,3.0530303030303,225.728148303418,0
2016,46,"994*A",180,-3630,"Ivesia gordonii",4,4,0,4,0,0,0,1,0,0,1.30188679245283,501.094985971113,0
2017,46,"994*A",180,-3630,"Ivesia gordonii",0,4,-4,0,0,0,0,0,0,1,1.28571428571429,0,0
2014,46,"995*A",190,-3625,"Senecio crassulus",8,NA,NA,9,0,0,NA,1,0,0,2.52336448598131,99.9999999999999,0
2015,46,"995*A",190,-3625,"Senecio crassulus",7,8,-1,19,0,0,0,1,0,0,3.0530303030303,101.179090804976,0
2016,46,"995*A",190,-3625,"Senecio crassulus",0,7,-7,0,0,0,0,0,0,1,1.30188679245283,0,0
2014,46,"996*A",165,-3640,"Heterotheca villosa",4,NA,NA,3,0,0,NA,1,0,0,2.52336448598131,173.247573328372,0
2015,46,"996*A",165,-3640,"Heterotheca villosa",4,4,0,4,0,0,0,1,0,0,3.0530303030303,266.053444164542,0
2016,46,"996*A",165,-3640,"Heterotheca villosa",10,4,6,6,3,0,0,1,0,0,1.30188679245283,328.050690267075,57.3965978792062
2017,46,"996*A",165,-3640,"Heterotheca villosa",4,10,-6,3,0,0,0,1,0,0,1.28571428571429,200,99.9999999999999
2018,46,"996*A",165,-3640,"Heterotheca villosa",0,4,-4,0,0,0,0,0,0,1,1.12213740458015,0,0
2014,46,"997*A",155,-3640,"Heterotheca villosa",12,NA,NA,6,1,0,NA,1,0,0,2.52336448598131,103.228855407234,0
2015,46,"997*A",155,-3640,"Heterotheca villosa",13,12,1,7,0,0,0,1,0,0,3.0530303030303,115.382918190738,0
2016,46,"997*A",155,-3640,"Heterotheca villosa",22,13,9,10,8,0,0,1,0,0,1.30188679245283,191.893530663533,11.8588012147122
2017,46,"997*A",155,-3640,"Heterotheca villosa",25,22,3,7,11,0,0,1,0,0,1.28571428571429,155.519252193733,2.92000000000002
2018,46,"997*A",155,-3640,"Heterotheca villosa",0,25,-25,0,0,0,0,0,0,1,1.12213740458015,0,0
2014,46,"998*A",155,-3630,"Senecio crassulus",6,NA,NA,14,3,0,NA,1,0,0,2.52336448598131,99.9999999999995,0
2015,46,"998*A",155,-3630,"Senecio crassulus",13,6,7,7,0,0,0,1,0,0,3.0530303030303,105.27672398868,0
2016,46,"998*A",155,-3630,"Senecio crassulus",12,13,-1,12,8,0,0,1,0,0,1.30188679245283,150.388654454107,30.1230612979881
2017,46,"998*A",155,-3630,"Senecio crassulus",9,12,-3,4,0,0,0,1,0,0,1.28571428571429,180.50685533994,23.7466270650133
2018,46,"998*A",155,-3630,"Senecio crassulus",0,9,-9,0,0,0,0,0,0,1,1.12213740458015,0,0
2014,46,"999*A",155,-3659,"Elymus lanceolatus",12,NA,NA,26,1,0,NA,1,0,0,2.52336448598131,100,0.0187955420888245
2015,46,"999*A",155,-3659,"Elymus lanceolatus",11,12,-1,12,0,0,0,1,0,0,3.0530303030303,99.9999999999998,0
2016,46,"999*A",155,-3659,"Elymus lanceolatus",17,11,6,23,3,0,0,1,0,0,1.30188679245283,107.46399855104,19.4714461757494
2017,46,"999*A",155,-3659,"Elymus lanceolatus",19,17,2,25,3,0,0,1,0,0,1.28571428571429,116.428591862475,0
2018,46,"999*A",155,-3659,"Elymus lanceolatus",19,19,0,24,5,0,0,1,0,0,1.12213740458015,105.484717336785,79.7809599770156
2019,46,"999*A",155,-3659,"Elymus lanceolatus",27,19,8,25,3,0,0,1,0,0,0.5,116.155089184951,42.2192470231184
