"Date","code","value","check","note"
2010-06-17,"SMS_2",7.6,"spike","day-to-day change 7.60 (8 robust SD = 3.56)"
2010-06-18,"SMS_2",0,"spike","day-to-day change -7.60 (8 robust SD = 3.56)"
2010-06-20,"SMS_2",16.5,"spike","day-to-day change 16.50 (8 robust SD = 3.56)"
2010-06-21,"SMS_2",0,"spike","day-to-day change -16.50 (8 robust SD = 3.56)"
2010-07-03,"SMS_2",7.1,"spike","day-to-day change -4.50 (8 robust SD = 3.56)"
2011-07-02,"SMS_2",6.6,"spike","day-to-day change 6.60 (8 robust SD = 3.56)"
2011-07-03,"SMS_2",12.3,"spike","day-to-day change 5.70 (8 robust SD = 3.56)"
2011-07-05,"SMS_2",23.5,"spike","day-to-day change 7.70 (8 robust SD = 3.56)"
2011-07-08,"SMS_2",22.8,"spike","day-to-day change 3.90 (8 robust SD = 3.56)"
2011-07-09,"SMS_2",18.9,"spike","day-to-day change -3.90 (8 robust SD = 3.56)"
2011-07-11,"SMS_2",24.8,"spike","day-to-day change 4.60 (8 robust SD = 3.56)"
2011-07-23,"SMS_2",12.8,"spike","day-to-day change -3.80 (8 robust SD = 3.56)"
2014-08-21,"SMS_2",18.7,"spike","day-to-day change 4.90 (8 robust SD = 3.56)"
2014-08-23,"SMS_2",22.6,"spike","day-to-day change 4.10 (8 robust SD = 3.56)"
2014-08-24,"SMS_2",28.8,"spike","day-to-day change 6.20 (8 robust SD = 3.56)"
2014-09-09,"SMS_2",29.8,"spike","day-to-day change 4.40 (8 robust SD = 3.56)"
2014-09-10,"SMS_2",34,"spike","day-to-day change 4.20 (8 robust SD = 3.56)"
2014-09-22,"SMS_2",32.3,"spike","day-to-day change 3.80 (8 robust SD = 3.56)"
2014-09-29,"SMS_2",34,"spike","day-to-day change 3.90 (8 robust SD = 3.56)"
2014-10-30,"SMS_2",25,"spike","day-to-day change -4.40 (8 robust SD = 3.56)"
2014-11-02,"SMS_2",27.3,"spike","day-to-day change 4.60 (8 robust SD = 3.56)"
2015-07-05,"SMS_2",21.4,"spike","day-to-day change 9.20 (8 robust SD = 3.56)"
2015-07-06,"SMS_2",27.1,"spike","day-to-day change 5.70 (8 robust SD = 3.56)"
2015-07-15,"SMS_2",35.1,"spike","day-to-day change 5.40 (8 robust SD = 3.56)"
2015-07-25,"SMS_2",35.1,"spike","day-to-day change 4.00 (8 robust SD = 3.56)"
2015-08-03,"SMS_2",30.9,"spike","day-to-day change 3.60 (8 robust SD = 3.56)"
2015-08-08,"SMS_2",31.8,"spike","day-to-day change 4.30 (8 robust SD = 3.56)"
2015-08-18,"SMS_2",28.7,"spike","day-to-day change 4.10 (8 robust SD = 3.56)"
2015-08-28,"SMS_2",33.8,"spike","day-to-day change 14.30 (8 robust SD = 3.56)"
2015-09-16,"SMS_2",36.2,"spike","day-to-day change 4.00 (8 robust SD = 3.56)"
2015-10-06,"SMS_2",32.3,"spike","day-to-day change 3.70 (8 robust SD = 3.56)"
2016-03-21,"SMS_2",35.6,"spike","day-to-day change 3.60 (8 robust SD = 3.56)"
2016-06-29,"SMS_2",12.3,"spike","day-to-day change -3.70 (8 robust SD = 3.56)"
2016-07-03,"SMS_2",20.3,"spike","day-to-day change 5.40 (8 robust SD = 3.56)"
2016-07-20,"SMS_2",14,"spike","day-to-day change 6.80 (8 robust SD = 3.56)"
2016-08-05,"SMS_2",20.5,"spike","day-to-day change 14.20 (8 robust SD = 3.56)"
2016-08-06,"SMS_2",25,"spike","day-to-day change 4.50 (8 robust SD = 3.56)"
2016-08-24,"SMS_2",23.3,"spike","day-to-day change 9.10 (8 robust SD = 3.56)"
2016-11-15,"SMS_2",16.8,"spike","day-to-day change -7.80 (8 robust SD = 3.56)"
2017-07-13,"SMS_2",18.3,"spike","day-to-day change 8.60 (8 robust SD = 3.56)"
2017-07-14,"SMS_2",26.1,"spike","day-to-day change 7.80 (8 robust SD = 3.56)"
2017-07-19,"SMS_2",30.7,"spike","day-to-day change 11.00 (8 robust SD = 3.56)"
2017-08-09,"SMS_2",34.2,"spike","day-to-day change 3.60 (8 robust SD = 3.56)"
2017-09-15,"SMS_2",25.6,"spike","day-to-day change 6.60 (8 robust SD = 3.56)"
2018-03-29,"SMS_2",34.1,"spike","day-to-day change 3.80 (8 robust SD = 3.56)"
2018-04-02,"SMS_2",37.2,"spike","day-to-day change 4.20 (8 robust SD = 3.56)"
2018-06-18,"SMS_2",32.1,"spike","day-to-day change 19.30 (8 robust SD = 3.56)"
2018-06-19,"SMS_2",28.3,"spike","day-to-day change -3.80 (8 robust SD = 3.56)"
2018-06-20,"SMS_2",24.3,"spike","day-to-day change -4.00 (8 robust SD = 3.56)"
2018-08-06,"SMS_2",10.6,"spike","day-to-day change 4.90 (8 robust SD = 3.56)"
2018-08-22,"SMS_2",12.9,"spike","day-to-day change 5.00 (8 robust SD = 3.56)"
2018-08-23,"SMS_2",19.7,"spike","day-to-day change 6.80 (8 robust SD = 3.56)"
2018-09-06,"SMS_2",18.1,"spike","day-to-day change 7.50 (8 robust SD = 3.56)"
2018-10-03,"SMS_2",23.3,"spike","day-to-day change 12.20 (8 robust SD = 3.56)"
2019-07-31,"SMS_2",20.3,"spike","day-to-day change 12.00 (8 robust SD = 3.56)"
2019-08-05,"SMS_2",25.2,"spike","day-to-day change 8.10 (8 robust SD = 3.56)"
2019-08-07,"SMS_2",18.8,"spike","day-to-day change -3.60 (8 robust SD = 3.56)"
2019-08-12,"SMS_2",23.4,"spike","day-to-day change 9.60 (8 robust SD = 3.56)"
2019-09-18,"SMS_2",12.9,"spike","day-to-day change 3.80 (8 robust SD = 3.56)"
2020-04-07,"SMS_2",23.1,"spike","day-to-day change 15.20 (8 robust SD = 3.56)"
2020-06-07,"SMS_2",32,"spike","day-to-day change 4.60 (8 robust SD = 3.56)"
2020-07-27,"SMS_2",17,"spike","day-to-day change 7.50 (8 robust SD = 3.56)"
2020-08-30,"SMS_2",16.2,"spike","day-to-day change 7.80 (8 robust SD = 3.56)"
2020-09-13,"SMS_2",14.9,"spike","day-to-day change 4.20 (8 robust SD = 3.56)"
2020-10-04,"SMS_2",2.3,"spike","day-to-day change -4.30 (8 robust SD = 3.56)"
2021-06-25,"SMS_2",10.1,"spike","day-to-day change 5.80 (8 robust SD = 3.56)"
2021-06-26,"SMS_2",14.1,"spike","day-to-day change 4.00 (8 robust SD = 3.56)"
2021-08-20,"SMS_2",15.9,"spike","day-to-day change 9.60 (8 robust SD = 3.56)"
2021-09-03,"SMS_2",16.4,"spike","day-to-day change 4.50 (8 robust SD = 3.56)"
2021-09-30,"SMS_2",11.7,"spike","day-to-day change 4.80 (8 robust SD = 3.56)"
2021-11-19,"SMS_2",11.1,"spike","day-to-day change -6.00 (8 robust SD = 3.56)"
2022-06-19,"SMS_2",25.1,"spike","day-to-day change 8.50 (8 robust SD = 3.56)"
2022-06-27,"SMS_2",22.6,"spike","day-to-day change 3.60 (8 robust SD = 3.56)"
2022-07-06,"SMS_2",24.3,"spike","day-to-day change 4.40 (8 robust SD = 3.56)"
2022-08-02,"SMS_2",20.9,"spike","day-to-day change 4.70 (8 robust SD = 3.56)"
2022-08-16,"SMS_2",16.5,"spike","day-to-day change 4.20 (8 robust SD = 3.56)"
2022-09-16,"SMS_2",14.2,"spike","day-to-day change 6.40 (8 robust SD = 3.56)"
2022-09-23,"SMS_2",19.5,"spike","day-to-day change 3.90 (8 robust SD = 3.56)"
2024-06-22,"SMS_2",22.7,"spike","day-to-day change 4.60 (8 robust SD = 3.56)"
2024-06-29,"SMS_2",24.6,"spike","day-to-day change 4.70 (8 robust SD = 3.56)"
2024-07-02,"SMS_2",28.1,"spike","day-to-day change 4.40 (8 robust SD = 3.56)"
2024-07-03,"SMS_2",24.3,"spike","day-to-day change -3.80 (8 robust SD = 3.56)"
2024-08-14,"SMS_2",10.2,"spike","day-to-day change 5.40 (8 robust SD = 3.56)"
2024-08-22,"SMS_2",11.1,"spike","day-to-day change 4.90 (8 robust SD = 3.56)"
2024-08-24,"SMS_2",15.6,"spike","day-to-day change 3.90 (8 robust SD = 3.56)"
2024-09-22,"SMS_2",12.4,"spike","day-to-day change 3.70 (8 robust SD = 3.56)"
2025-03-27,"SMS_2",26,"spike","day-to-day change 5.00 (8 robust SD = 3.56)"
2025-04-08,"SMS_2",26.5,"spike","day-to-day change 4.20 (8 robust SD = 3.56)"
2025-06-03,"SMS_2",27.2,"spike","day-to-day change 4.00 (8 robust SD = 3.56)"
2025-09-13,"SMS_2",9.7,"spike","day-to-day change 4.40 (8 robust SD = 3.56)"
2025-09-24,"SMS_2",9.8,"spike","day-to-day change 3.70 (8 robust SD = 3.56)"
2025-10-05,"SMS_2",12,"spike","day-to-day change 5.00 (8 robust SD = 3.56)"
2025-10-11,"SMS_2",16.7,"spike","day-to-day change 7.90 (8 robust SD = 3.56)"
2025-10-12,"SMS_2",21.8,"spike","day-to-day change 5.10 (8 robust SD = 3.56)"
2025-10-29,"SMS_2",13.3,"spike","day-to-day change -3.70 (8 robust SD = 3.56)"
2025-10-30,"SMS_2",7.9,"spike","day-to-day change -5.40 (8 robust SD = 3.56)"
2026-03-12,"SMS_2",17.2,"spike","day-to-day change 7.50 (8 robust SD = 3.56)"
2026-03-18,"SMS_2",24,"spike","day-to-day change 3.80 (8 robust SD = 3.56)"
2026-07-24,"SMS_2",11.2,"spike","day-to-day change 5.50 (8 robust SD = 3.56)"
2026-09-15,"SMS_2",8,"spike","day-to-day change 6.00 (8 robust SD = 3.56)"
2026-09-18,"SMS_2",15.8,"spike","day-to-day change 3.60 (8 robust SD = 3.56)"
2026-09-29,"SMS_2",19.7,"spike","day-to-day change 3.70 (8 robust SD = 3.56)"
2013-09-19,"SMS_20",38.1,"spike","day-to-day change 2.40 (8 robust SD = 2.37)"
2014-04-05,"SMS_20",24.2,"spike","day-to-day change -7.50 (8 robust SD = 2.37)"
2014-04-06,"SMS_20",31.7,"spike","day-to-day change 7.50 (8 robust SD = 2.37)"
2014-09-10,"SMS_20",36.5,"spike","day-to-day change 6.70 (8 robust SD = 2.37)"
2014-09-23,"SMS_20",34.8,"spike","day-to-day change 2.40 (8 robust SD = 2.37)"
2015-08-28,"SMS_20",32.1,"spike","day-to-day change 3.20 (8 robust SD = 2.37)"
2015-09-16,"SMS_20",36,"spike","day-to-day change 3.20 (8 robust SD = 2.37)"
2017-07-20,"SMS_20",35.4,"spike","day-to-day change 7.90 (8 robust SD = 2.37)"
2018-10-06,"SMS_20",19.1,"spike","day-to-day change 4.50 (8 robust SD = 2.37)"
2018-10-07,"SMS_20",22.4,"spike","day-to-day change 3.30 (8 robust SD = 2.37)"
2020-04-29,"SMS_20",26.7,"spike","day-to-day change 7.90 (8 robust SD = 2.37)"
2020-04-30,"SMS_20",30.3,"spike","day-to-day change 3.60 (8 robust SD = 2.37)"
2021-04-05,"SMS_20",26.4,"spike","day-to-day change 10.30 (8 robust SD = 2.37)"
2021-04-06,"SMS_20",29.3,"spike","day-to-day change 2.90 (8 robust SD = 2.37)"
2021-06-25,"SMS_20",29.3,"spike","day-to-day change 4.00 (8 robust SD = 2.37)"
2021-08-02,"SMS_20",29.1,"spike","day-to-day change 3.60 (8 robust SD = 2.37)"
2022-03-04,"SMS_20",29.6,"spike","day-to-day change 2.50 (8 robust SD = 2.37)"
2022-12-30,"SMS_20",27.4,"flat_run","same value for >= 30 days"
2022-12-31,"SMS_20",27.4,"flat_run","same value for >= 30 days"
2023-01-01,"SMS_20",27.4,"flat_run","same value for >= 30 days"
2023-01-02,"SMS_20",27.4,"flat_run","same value for >= 30 days"
2023-01-03,"SMS_20",27.4,"flat_run","same value for >= 30 days"
2023-01-04,"SMS_20",27.4,"flat_run","same value for >= 30 days"
2023-01-05,"SMS_20",27.4,"flat_run","same value for >= 30 days"
2023-01-06,"SMS_20",27.4,"flat_run","same value for >= 30 days"
2023-01-07,"SMS_20",27.4,"flat_run","same value for >= 30 days"
2023-01-08,"SMS_20",27.4,"flat_run","same value for >= 30 days"
2023-01-09,"SMS_20",27.4,"flat_run","same value for >= 30 days"
2023-01-10,"SMS_20",27.4,"flat_run","same value for >= 30 days"
2023-01-11,"SMS_20",27.4,"flat_run","same value for >= 30 days"
2023-01-12,"SMS_20",27.4,"flat_run","same value for >= 30 days"
2023-01-13,"SMS_20",27.4,"flat_run","same value for >= 30 days"
2023-01-14,"SMS_20",27.4,"flat_run","same value for >= 30 days"
2023-01-15,"SMS_20",27.4,"flat_run","same value for >= 30 days"
2023-01-16,"SMS_20",27.4,"flat_run","same value for >= 30 days"
2023-01-17,"SMS_20",27.4,"flat_run","same value for >= 30 days"
2023-01-18,"SMS_20",27.4,"flat_run","same value for >= 30 days"
2023-01-19,"SMS_20",27.4,"flat_run","same value for >= 30 days"
2023-01-20,"SMS_20",27.4,"flat_run","same value for >= 30 days"
2023-01-21,"SMS_20",27.4,"flat_run","same value for >= 30 days"
2023-01-22,"SMS_20",27.4,"flat_run","same value for >= 30 days"
2023-01-23,"SMS_20",27.4,"flat_run","same value for >= 30 days"
2023-01-24,"SMS_20",27.4,"flat_run","same value for >= 30 days"
2023-01-25,"SMS_20",27.4,"flat_run","same value for >= 30 days"
2023-01-26,"SMS_20",27.4,"flat_run","same value for >= 30 days"
2023-01-27,"SMS_20",27.4,"flat_run","same value for >= 30 days"
2023-01-28,"SMS_20",27.4,"flat_run","same value for >= 30 days"
2023-01-29,"SMS_20",27.4,"flat_run","same value for >= 30 days"
2023-01-30,"SMS_20",27.4,"flat_run","same value for >= 30 days"
2023-01-31,"SMS_20",27.4,"flat_run","same value for >= 30 days"
2023-02-01,"SMS_20",27.4,"flat_run","same value for >= 30 days"
2023-02-02,"SMS_20",27.4,"flat_run","same value for >= 30 days"
2023-02-03,"SMS_20",27.4,"flat_run","same value for >= 30 days"
2023-02-04,"SMS_20",27.4,"flat_run","same value for >= 30 days"
2023-02-05,"SMS_20",27.4,"flat_run","same value for >= 30 days"
2023-02-06,"SMS_20",27.4,"flat_run","same value for >= 30 days"
2023-02-07,"SMS_20",27.4,"flat_run","same value for >= 30 days"
2023-02-08,"SMS_20",27.4,"flat_run","same value for >= 30 days"
2023-02-09,"SMS_20",27.4,"flat_run","same value for >= 30 days"
2023-02-10,"SMS_20",27.4,"flat_run","same value for >= 30 days"
2023-02-11,"SMS_20",27.4,"flat_run","same value for >= 30 days"
2023-02-12,"SMS_20",27.4,"flat_run","same value for >= 30 days"
2023-02-13,"SMS_20",27.4,"flat_run","same value for >= 30 days"
2023-02-14,"SMS_20",27.4,"flat_run","same value for >= 30 days"
2023-02-15,"SMS_20",27.4,"flat_run","same value for >= 30 days"
2023-02-16,"SMS_20",27.4,"flat_run","same value for >= 30 days"
2024-01-15,"SMS_20",18.8,"flat_run","same value for >= 30 days"
2024-01-16,"SMS_20",18.8,"flat_run","same value for >= 30 days"
2024-01-17,"SMS_20",18.8,"flat_run","same value for >= 30 days"
2024-01-18,"SMS_20",18.8,"flat_run","same value for >= 30 days"
2024-01-19,"SMS_20",18.8,"flat_run","same value for >= 30 days"
2024-01-20,"SMS_20",18.8,"flat_run","same value for >= 30 days"
2024-01-21,"SMS_20",18.8,"flat_run","same value for >= 30 days"
2024-01-22,"SMS_20",18.8,"flat_run","same value for >= 30 days"
2024-01-23,"SMS_20",18.8,"flat_run","same value for >= 30 days"
2024-01-24,"SMS_20",18.8,"flat_run","same value for >= 30 days"
2024-01-25,"SMS_20",18.8,"flat_run","same value for >= 30 days"
2024-01-26,"SMS_20",18.8,"flat_run","same value for >= 30 days"
2024-01-27,"SMS_20",18.8,"flat_run","same value for >= 30 days"
2024-01-28,"SMS_20",18.8,"flat_run","same value for >= 30 days"
2024-01-29,"SMS_20",18.8,"flat_run","same value for >= 30 days"
2024-01-30,"SMS_20",18.8,"flat_run","same value for >= 30 days"
2024-01-31,"SMS_20",18.8,"flat_run","same value for >= 30 days"
2024-02-01,"SMS_20",18.8,"flat_run","same value for >= 30 days"
2024-02-02,"SMS_20",18.8,"flat_run","same value for >= 30 days"
2024-02-03,"SMS_20",18.8,"flat_run","same value for >= 30 days"
2024-02-04,"SMS_20",18.8,"flat_run","same value for >= 30 days"
2024-02-05,"SMS_20",18.8,"flat_run","same value for >= 30 days"
2024-02-06,"SMS_20",18.8,"flat_run","same value for >= 30 days"
2024-02-07,"SMS_20",18.8,"flat_run","same value for >= 30 days"
2024-02-08,"SMS_20",18.8,"flat_run","same value for >= 30 days"
2024-02-09,"SMS_20",18.8,"flat_run","same value for >= 30 days"
2024-02-10,"SMS_20",18.8,"flat_run","same value for >= 30 days"
2024-02-11,"SMS_20",18.8,"flat_run","same value for >= 30 days"
2024-02-12,"SMS_20",18.8,"flat_run","same value for >= 30 days"
2024-02-13,"SMS_20",18.8,"flat_run","same value for >= 30 days"
2024-02-14,"SMS_20",18.8,"flat_run","same value for >= 30 days"
2024-02-15,"SMS_20",18.8,"flat_run","same value for >= 30 days"
2024-02-16,"SMS_20",18.8,"flat_run","same value for >= 30 days"
2024-02-17,"SMS_20",18.8,"flat_run","same value for >= 30 days"
2024-02-18,"SMS_20",18.8,"flat_run","same value for >= 30 days"
2024-02-19,"SMS_20",18.8,"flat_run","same value for >= 30 days"
2024-02-20,"SMS_20",18.8,"flat_run","same value for >= 30 days"
2024-02-21,"SMS_20",18.8,"flat_run","same value for >= 30 days"
2024-02-22,"SMS_20",18.8,"flat_run","same value for >= 30 days"
2024-02-23,"SMS_20",18.8,"flat_run","same value for >= 30 days"
2024-02-24,"SMS_20",18.8,"flat_run","same value for >= 30 days"
2024-02-25,"SMS_20",18.8,"flat_run","same value for >= 30 days"
2024-02-26,"SMS_20",18.8,"flat_run","same value for >= 30 days"
2024-02-27,"SMS_20",18.8,"flat_run","same value for >= 30 days"
2024-02-28,"SMS_20",18.8,"flat_run","same value for >= 30 days"
2024-02-29,"SMS_20",18.8,"flat_run","same value for >= 30 days"
2024-03-01,"SMS_20",18.8,"flat_run","same value for >= 30 days"
2024-03-02,"SMS_20",18.8,"flat_run","same value for >= 30 days"
2024-03-03,"SMS_20",18.8,"flat_run","same value for >= 30 days"
2024-03-04,"SMS_20",18.8,"flat_run","same value for >= 30 days"
2024-03-05,"SMS_20",18.8,"flat_run","same value for >= 30 days"
2024-03-06,"SMS_20",18.8,"flat_run","same value for >= 30 days"
2024-03-07,"SMS_20",18.8,"flat_run","same value for >= 30 days"
2024-03-08,"SMS_20",18.8,"flat_run","same value for >= 30 days"
2024-03-09,"SMS_20",18.8,"flat_run","same value for >= 30 days"
2024-03-10,"SMS_20",18.8,"flat_run","same value for >= 30 days"
2024-04-07,"SMS_20",24,"spike","day-to-day change 2.70 (8 robust SD = 2.37)"
2025-01-04,"SMS_20",23.6,"flat_run","same value for >= 30 days"
2025-01-05,"SMS_20",23.6,"flat_run","same value for >= 30 days"
2025-01-06,"SMS_20",23.6,"flat_run","same value for >= 30 days"
2025-01-07,"SMS_20",23.6,"flat_run","same value for >= 30 days"
2025-01-08,"SMS_20",23.6,"flat_run","same value for >= 30 days"
2025-01-09,"SMS_20",23.6,"flat_run","same value for >= 30 days"
2025-01-10,"SMS_20",23.6,"flat_run","same value for >= 30 days"
2025-01-11,"SMS_20",23.6,"flat_run","same value for >= 30 days"
2025-01-12,"SMS_20",23.6,"flat_run","same value for >= 30 days"
2025-01-13,"SMS_20",23.6,"flat_run","same value for >= 30 days"
2025-01-14,"SMS_20",23.6,"flat_run","same value for >= 30 days"
2025-01-15,"SMS_20",23.6,"flat_run","same value for >= 30 days"
2025-01-16,"SMS_20",23.6,"flat_run","same value for >= 30 days"
2025-01-17,"SMS_20",23.6,"flat_run","same value for >= 30 days"
2025-01-18,"SMS_20",23.6,"flat_run","same value for >= 30 days"
2025-01-19,"SMS_20",23.6,"flat_run","same value for >= 30 days"
2025-01-20,"SMS_20",23.6,"flat_run","same value for >= 30 days"
2025-01-21,"SMS_20",23.6,"flat_run","same value for >= 30 days"
2025-01-22,"SMS_20",23.6,"flat_run","same value for >= 30 days"
2025-01-23,"SMS_20",23.6,"flat_run","same value for >= 30 days"
2025-01-24,"SMS_20",23.6,"flat_run","same value for >= 30 days"
2025-01-25,"SMS_20",23.6,"flat_run","same value for >= 30 days"
2025-01-26,"SMS_20",23.6,"flat_run","same value for >= 30 days"
2025-01-27,"SMS_20",23.6,"flat_run","same value for >= 30 days"
2025-01-28,"SMS_20",23.6,"flat_run","same value for >= 30 days"
2025-01-29,"SMS_20",23.6,"flat_run","same value for >= 30 days"
2025-01-30,"SMS_20",23.6,"flat_run","same value for >= 30 days"
2025-01-31,"SMS_20",23.6,"flat_run","same value for >= 30 days"
2025-02-01,"SMS_20",23.6,"flat_run","same value for >= 30 days"
2025-02-02,"SMS_20",23.6,"flat_run","same value for >= 30 days"
2025-02-03,"SMS_20",23.6,"flat_run","same value for >= 30 days"
2025-02-04,"SMS_20",23.6,"flat_run","same value for >= 30 days"
2025-02-05,"SMS_20",23.6,"flat_run","same value for >= 30 days"
2025-02-06,"SMS_20",23.6,"flat_run","same value for >= 30 days"
2025-02-07,"SMS_20",23.6,"flat_run","same value for >= 30 days"
2025-02-08,"SMS_20",23.6,"flat_run","same value for >= 30 days"
2025-02-09,"SMS_20",23.6,"flat_run","same value for >= 30 days"
2025-02-10,"SMS_20",23.6,"flat_run","same value for >= 30 days"
2025-02-11,"SMS_20",23.6,"flat_run","same value for >= 30 days"
2025-02-12,"SMS_20",23.6,"flat_run","same value for >= 30 days"
2025-02-13,"SMS_20",23.6,"flat_run","same value for >= 30 days"
2025-02-14,"SMS_20",23.6,"flat_run","same value for >= 30 days"
2025-02-15,"SMS_20",23.6,"flat_run","same value for >= 30 days"
2025-03-28,"SMS_20",30.4,"spike","day-to-day change 2.90 (8 robust SD = 2.37)"
2025-10-15,"SMS_20",19.6,"spike","day-to-day change 5.90 (8 robust SD = 2.37)"
2025-10-16,"SMS_20",24.8,"spike","day-to-day change 5.20 (8 robust SD = 2.37)"
2026-03-20,"SMS_20",28.9,"spike","day-to-day change 3.10 (8 robust SD = 2.37)"
2026-03-21,"SMS_20",31.4,"spike","day-to-day change 2.50 (8 robust SD = 2.37)"
2026-09-15,"SMS_20",28.6,"spike","day-to-day change 17.20 (8 robust SD = 2.37)"
2010-06-19,"SMS_8",0,"spike","day-to-day change -5.30 (8 robust SD = 2.37)"
2013-08-22,"SMS_8",26,"spike","day-to-day change 4.60 (8 robust SD = 2.37)"
2013-09-19,"SMS_8",30.1,"spike","day-to-day change 3.80 (8 robust SD = 2.37)"
2013-09-20,"SMS_8",27.6,"spike","day-to-day change -2.50 (8 robust SD = 2.37)"
2013-09-23,"SMS_8",29,"spike","day-to-day change 2.70 (8 robust SD = 2.37)"
2014-07-17,"SMS_8",19.7,"spike","day-to-day change 4.80 (8 robust SD = 2.37)"
2014-07-28,"SMS_8",16,"spike","day-to-day change 3.00 (8 robust SD = 2.37)"
2014-08-24,"SMS_8",23.6,"spike","day-to-day change 7.80 (8 robust SD = 2.37)"
2014-09-10,"SMS_8",28.8,"spike","day-to-day change 9.20 (8 robust SD = 2.37)"
2015-07-05,"SMS_8",22.4,"spike","day-to-day change 3.60 (8 robust SD = 2.37)"
2015-08-28,"SMS_8",25.3,"spike","day-to-day change 7.10 (8 robust SD = 2.37)"
2015-09-16,"SMS_8",27.4,"spike","day-to-day change 3.70 (8 robust SD = 2.37)"
2016-04-08,"SMS_8",32.3,"spike","day-to-day change 4.20 (8 robust SD = 2.37)"
2016-04-10,"SMS_8",30,"spike","day-to-day change -3.20 (8 robust SD = 2.37)"
2016-04-11,"SMS_8",33.7,"spike","day-to-day change 3.70 (8 robust SD = 2.37)"
2016-04-21,"SMS_8",30.5,"spike","day-to-day change 2.40 (8 robust SD = 2.37)"
2016-04-22,"SMS_8",34.4,"spike","day-to-day change 3.90 (8 robust SD = 2.37)"
2016-05-04,"SMS_8",31.2,"spike","day-to-day change 3.20 (8 robust SD = 2.37)"
2016-05-13,"SMS_8",32.2,"spike","day-to-day change 2.70 (8 robust SD = 2.37)"
2016-08-06,"SMS_8",10.2,"spike","day-to-day change 3.40 (8 robust SD = 2.37)"
2016-08-07,"SMS_8",15.2,"spike","day-to-day change 5.00 (8 robust SD = 2.37)"
2016-08-31,"SMS_8",19.5,"spike","day-to-day change 4.60 (8 robust SD = 2.37)"
2016-09-03,"SMS_8",22.1,"spike","day-to-day change 2.40 (8 robust SD = 2.37)"
2017-04-14,"SMS_8",30.2,"spike","day-to-day change 2.70 (8 robust SD = 2.37)"
2017-04-20,"SMS_8",30.6,"spike","day-to-day change -2.40 (8 robust SD = 2.37)"
2017-04-24,"SMS_8",32.5,"spike","day-to-day change 3.30 (8 robust SD = 2.37)"
2017-05-06,"SMS_8",32.6,"spike","day-to-day change 4.10 (8 robust SD = 2.37)"
2017-07-20,"SMS_8",30.5,"spike","day-to-day change 14.20 (8 robust SD = 2.37)"
2017-08-09,"SMS_8",26.8,"spike","day-to-day change 3.00 (8 robust SD = 2.37)"
2017-10-01,"SMS_8",23.3,"spike","day-to-day change 4.10 (8 robust SD = 2.37)"
2018-05-06,"SMS_8",31.2,"spike","day-to-day change 3.10 (8 robust SD = 2.37)"
2018-10-04,"SMS_8",10,"spike","day-to-day change 9.00 (8 robust SD = 2.37)"
2018-10-05,"SMS_8",15.5,"spike","day-to-day change 5.50 (8 robust SD = 2.37)"
2020-04-29,"SMS_8",20,"spike","day-to-day change 3.80 (8 robust SD = 2.37)"
2020-05-02,"SMS_8",25,"spike","day-to-day change 2.50 (8 robust SD = 2.37)"
2020-06-07,"SMS_8",25.8,"spike","day-to-day change 2.60 (8 robust SD = 2.37)"
2021-04-07,"SMS_8",9.4,"spike","day-to-day change 6.00 (8 robust SD = 2.37)"
2021-04-08,"SMS_8",15.2,"spike","day-to-day change 5.80 (8 robust SD = 2.37)"
2021-06-26,"SMS_8",17.7,"spike","day-to-day change 2.90 (8 robust SD = 2.37)"
2021-08-01,"SMS_8",20.1,"spike","day-to-day change 4.20 (8 robust SD = 2.37)"
2021-08-21,"SMS_8",19.8,"spike","day-to-day change 3.30 (8 robust SD = 2.37)"
2021-10-03,"SMS_8",16.1,"spike","day-to-day change 3.40 (8 robust SD = 2.37)"
2021-10-10,"SMS_8",19.7,"spike","day-to-day change 3.80 (8 robust SD = 2.37)"
2022-08-03,"SMS_8",21.6,"spike","day-to-day change 4.20 (8 robust SD = 2.37)"
2022-08-27,"SMS_8",21.9,"spike","day-to-day change 2.60 (8 robust SD = 2.37)"
2022-10-03,"SMS_8",21.3,"spike","day-to-day change 2.90 (8 robust SD = 2.37)"
2024-06-22,"SMS_8",22.9,"spike","day-to-day change 2.70 (8 robust SD = 2.37)"
2024-08-26,"SMS_8",14.2,"spike","day-to-day change 7.70 (8 robust SD = 2.37)"
2024-08-27,"SMS_8",18.3,"spike","day-to-day change 4.10 (8 robust SD = 2.37)"
2024-09-24,"SMS_8",13.1,"spike","day-to-day change 2.90 (8 robust SD = 2.37)"
2025-04-23,"SMS_8",27.8,"spike","day-to-day change 2.40 (8 robust SD = 2.37)"
2025-10-12,"SMS_8",8.2,"spike","day-to-day change 2.80 (8 robust SD = 2.37)"
2025-10-13,"SMS_8",15.2,"spike","day-to-day change 7.00 (8 robust SD = 2.37)"
2026-07-28,"SMS_8",6.2,"spike","day-to-day change 2.40 (8 robust SD = 2.37)"
2026-09-15,"SMS_8",17.8,"spike","day-to-day change 16.90 (8 robust SD = 2.37)"
1999-12-18,"SNWD",0,"snwd_vs_wteq","snow depth and SWE disagree on snow presence"
1999-12-19,"SNWD",24,"spike","day-to-day change 24.00 (8 robust SD = 23.72)"
2000-11-02,"SNWD",0,"snwd_vs_wteq","snow depth and SWE disagree on snow presence"
2000-11-11,"SNWD",0,"snwd_vs_wteq","snow depth and SWE disagree on snow presence"
2000-11-12,"SNWD",31,"spike","day-to-day change 31.00 (8 robust SD = 23.72)"
2002-05-16,"SNWD",0,"snwd_vs_wteq","snow depth and SWE disagree on snow presence"
2002-05-17,"SNWD",0,"snwd_vs_wteq","snow depth and SWE disagree on snow presence"
2003-06-06,"SNWD",0,"snwd_vs_wteq","snow depth and SWE disagree on snow presence"
2003-11-03,"SNWD",0,"snwd_vs_wteq","snow depth and SWE disagree on snow presence"
2003-11-10,"SNWD",0,"snwd_vs_wteq","snow depth and SWE disagree on snow presence"
2003-11-11,"SNWD",0,"snwd_vs_wteq","snow depth and SWE disagree on snow presence"
2003-11-13,"SNWD",0,"snwd_vs_wteq","snow depth and SWE disagree on snow presence"
2003-11-14,"SNWD",0,"snwd_vs_wteq","snow depth and SWE disagree on snow presence"
2003-11-22,"SNWD",0,"snwd_vs_wteq","snow depth and SWE disagree on snow presence"
2006-05-30,"SNWD",30,"snwd_vs_wteq","snow depth and SWE disagree on snow presence"
2006-05-31,"SNWD",27,"snwd_vs_wteq","snow depth and SWE disagree on snow presence"
2006-06-01,"SNWD",26,"snwd_vs_wteq","snow depth and SWE disagree on snow presence"
2006-06-02,"SNWD",21,"snwd_vs_wteq","snow depth and SWE disagree on snow presence"
2006-06-03,"SNWD",23,"snwd_vs_wteq","snow depth and SWE disagree on snow presence"
2006-06-04,"SNWD",24,"snwd_vs_wteq","snow depth and SWE disagree on snow presence"
2006-06-05,"SNWD",23,"snwd_vs_wteq","snow depth and SWE disagree on snow presence"
2006-06-06,"SNWD",19,"snwd_vs_wteq","snow depth and SWE disagree on snow presence"
2006-06-07,"SNWD",18,"snwd_vs_wteq","snow depth and SWE disagree on snow presence"
2006-06-08,"SNWD",14,"snwd_vs_wteq","snow depth and SWE disagree on snow presence"
2006-06-09,"SNWD",17,"snwd_vs_wteq","snow depth and SWE disagree on snow presence"
2006-06-10,"SNWD",14,"snwd_vs_wteq","snow depth and SWE disagree on snow presence"
2006-06-11,"SNWD",16,"snwd_vs_wteq","snow depth and SWE disagree on snow presence"
2006-06-12,"SNWD",22,"snwd_vs_wteq","snow depth and SWE disagree on snow presence"
2006-06-13,"SNWD",18,"snwd_vs_wteq","snow depth and SWE disagree on snow presence"
2006-06-14,"SNWD",15,"snwd_vs_wteq","snow depth and SWE disagree on snow presence"
2006-06-15,"SNWD",21,"snwd_vs_wteq","snow depth and SWE disagree on snow presence"
2006-06-16,"SNWD",19,"snwd_vs_wteq","snow depth and SWE disagree on snow presence"
2006-06-17,"SNWD",19,"snwd_vs_wteq","snow depth and SWE disagree on snow presence"
2006-06-18,"SNWD",16,"snwd_vs_wteq","snow depth and SWE disagree on snow presence"
2006-06-19,"SNWD",16,"snwd_vs_wteq","snow depth and SWE disagree on snow presence"
2006-06-20,"SNWD",18,"snwd_vs_wteq","snow depth and SWE disagree on snow presence"
2006-06-21,"SNWD",17,"snwd_vs_wteq","snow depth and SWE disagree on snow presence"
2006-06-23,"SNWD",17,"snwd_vs_wteq","snow depth and SWE disagree on snow presence"
2006-06-24,"SNWD",17,"snwd_vs_wteq","snow depth and SWE disagree on snow presence"
2006-06-25,"SNWD",18,"snwd_vs_wteq","snow depth and SWE disagree on snow presence"
2006-06-26,"SNWD",13,"snwd_vs_wteq","snow depth and SWE disagree on snow presence"
2006-06-27,"SNWD",13,"snwd_vs_wteq","snow depth and SWE disagree on snow presence"
2006-06-28,"SNWD",13,"snwd_vs_wteq","snow depth and SWE disagree on snow presence"
2006-06-29,"SNWD",13,"snwd_vs_wteq","snow depth and SWE disagree on snow presence"
2006-06-30,"SNWD",19,"snwd_vs_wteq","snow depth and SWE disagree on snow presence"
2006-07-01,"SNWD",17,"snwd_vs_wteq","snow depth and SWE disagree on snow presence"
2006-07-02,"SNWD",14,"snwd_vs_wteq","snow depth and SWE disagree on snow presence"
2006-07-05,"SNWD",17,"snwd_vs_wteq","snow depth and SWE disagree on snow presence"
2006-07-06,"SNWD",13,"snwd_vs_wteq","snow depth and SWE disagree on snow presence"
2006-07-09,"SNWD",13,"snwd_vs_wteq","snow depth and SWE disagree on snow presence"
2006-07-10,"SNWD",13,"snwd_vs_wteq","snow depth and SWE disagree on snow presence"
2006-07-12,"SNWD",13,"snwd_vs_wteq","snow depth and SWE disagree on snow presence"
2006-07-13,"SNWD",17,"snwd_vs_wteq","snow depth and SWE disagree on snow presence"
2007-07-10,"SNWD",14,"snwd_vs_wteq","snow depth and SWE disagree on snow presence"
2007-07-15,"SNWD",16,"snwd_vs_wteq","snow depth and SWE disagree on snow presence"
2007-12-02,"SNWD",43,"spike","day-to-day change 24.00 (8 robust SD = 23.72)"
2009-06-04,"SNWD",0,"snwd_vs_wteq","snow depth and SWE disagree on snow presence"
2009-10-08,"SNWD",0,"snwd_vs_wteq","snow depth and SWE disagree on snow presence"
2009-12-08,"SNWD",52,"spike","day-to-day change 24.00 (8 robust SD = 23.72)"
2010-06-07,"SNWD",0,"snwd_vs_wteq","snow depth and SWE disagree on snow presence"
2010-06-16,"STO_2",213,"range","outside -20 to 100 degF"
2010-06-17,"STO_2",217,"range","outside -20 to 100 degF"
2010-06-18,"STO_2",196,"range","outside -20 to 100 degF"
2010-06-19,"STO_2",154,"range","outside -20 to 100 degF"
2010-06-19,"STO_2",154,"spike","day-to-day change -42.00 (8 robust SD = 23.72)"
2010-06-20,"STO_2",263,"range","outside -20 to 100 degF"
2010-06-20,"STO_2",263,"spike","day-to-day change 109.00 (8 robust SD = 23.72)"
2010-06-21,"STO_2",153,"range","outside -20 to 100 degF"
2010-06-21,"STO_2",153,"spike","day-to-day change -110.00 (8 robust SD = 23.72)"
2010-06-22,"STO_2",266,"range","outside -20 to 100 degF"
2010-06-22,"STO_2",266,"spike","day-to-day change 113.00 (8 robust SD = 23.72)"
2010-06-23,"STO_2",266,"range","outside -20 to 100 degF"
2010-06-24,"STO_2",266,"range","outside -20 to 100 degF"
2010-06-25,"STO_2",273,"range","outside -20 to 100 degF"
2010-06-26,"STO_2",266,"range","outside -20 to 100 degF"
2010-06-27,"STO_2",266,"range","outside -20 to 100 degF"
2010-06-28,"STO_2",273,"range","outside -20 to 100 degF"
2010-06-29,"STO_2",284,"range","outside -20 to 100 degF"
2010-06-30,"STO_2",284,"range","outside -20 to 100 degF"
2010-07-01,"STO_2",298,"range","outside -20 to 100 degF"
2010-07-02,"STO_2",260,"range","outside -20 to 100 degF"
2010-07-02,"STO_2",260,"spike","day-to-day change -38.00 (8 robust SD = 23.72)"
2010-07-03,"STO_2",223,"range","outside -20 to 100 degF"
2010-07-03,"STO_2",223,"spike","day-to-day change -37.00 (8 robust SD = 23.72)"
2010-07-04,"STO_2",304,"range","outside -20 to 100 degF"
2010-07-04,"STO_2",304,"spike","day-to-day change 81.00 (8 robust SD = 23.72)"
2010-07-05,"STO_2",233,"range","outside -20 to 100 degF"
2010-07-05,"STO_2",233,"spike","day-to-day change -71.00 (8 robust SD = 23.72)"
2010-07-06,"STO_2",298,"range","outside -20 to 100 degF"
2010-07-06,"STO_2",298,"spike","day-to-day change 65.00 (8 robust SD = 23.72)"
2010-07-07,"STO_2",260,"range","outside -20 to 100 degF"
2010-07-07,"STO_2",260,"spike","day-to-day change -38.00 (8 robust SD = 23.72)"
2010-07-08,"STO_2",289,"range","outside -20 to 100 degF"
2010-07-08,"STO_2",289,"spike","day-to-day change 29.00 (8 robust SD = 23.72)"
2010-07-09,"STO_2",289,"range","outside -20 to 100 degF"
2010-07-10,"STO_2",293,"range","outside -20 to 100 degF"
2010-07-11,"STO_2",293,"range","outside -20 to 100 degF"
2010-07-12,"STO_2",293,"range","outside -20 to 100 degF"
2010-07-13,"STO_2",289,"range","outside -20 to 100 degF"
2010-07-14,"STO_2",298,"range","outside -20 to 100 degF"
2010-07-15,"STO_2",284,"range","outside -20 to 100 degF"
2010-07-16,"STO_2",245,"range","outside -20 to 100 degF"
2010-07-16,"STO_2",245,"spike","day-to-day change -39.00 (8 robust SD = 23.72)"
2010-07-17,"STO_2",293,"range","outside -20 to 100 degF"
2010-07-17,"STO_2",293,"spike","day-to-day change 48.00 (8 robust SD = 23.72)"
2010-07-18,"STO_2",298,"range","outside -20 to 100 degF"
2010-07-19,"STO_2",276,"range","outside -20 to 100 degF"
2010-07-20,"STO_2",298,"range","outside -20 to 100 degF"
2010-07-21,"STO_2",289,"range","outside -20 to 100 degF"
2010-07-22,"STO_2",293,"range","outside -20 to 100 degF"
2010-07-23,"STO_2",293,"range","outside -20 to 100 degF"
2010-07-24,"STO_2",298,"range","outside -20 to 100 degF"
2010-07-25,"STO_2",161,"range","outside -20 to 100 degF"
2010-07-25,"STO_2",161,"spike","day-to-day change -137.00 (8 robust SD = 23.72)"
2010-07-26,"STO_2",219,"range","outside -20 to 100 degF"
2010-07-26,"STO_2",219,"spike","day-to-day change 58.00 (8 robust SD = 23.72)"
2010-07-27,"STO_2",170,"range","outside -20 to 100 degF"
2010-07-27,"STO_2",170,"spike","day-to-day change -49.00 (8 robust SD = 23.72)"
2010-07-28,"STO_2",304,"range","outside -20 to 100 degF"
2010-07-28,"STO_2",304,"spike","day-to-day change 134.00 (8 robust SD = 23.72)"
2010-07-29,"STO_2",222,"range","outside -20 to 100 degF"
2010-07-29,"STO_2",222,"spike","day-to-day change -82.00 (8 robust SD = 23.72)"
2010-07-30,"STO_2",219,"range","outside -20 to 100 degF"
2010-07-31,"STO_2",200,"range","outside -20 to 100 degF"
2010-08-01,"STO_2",349,"range","outside -20 to 100 degF"
2010-08-01,"STO_2",349,"spike","day-to-day change 149.00 (8 robust SD = 23.72)"
2010-08-02,"STO_2",360,"range","outside -20 to 100 degF"
2010-08-03,"STO_2",181,"range","outside -20 to 100 degF"
2010-08-03,"STO_2",181,"spike","day-to-day change -179.00 (8 robust SD = 23.72)"
2010-08-04,"STO_2",373,"range","outside -20 to 100 degF"
2010-08-04,"STO_2",373,"spike","day-to-day change 192.00 (8 robust SD = 23.72)"
2010-08-05,"STO_2",388,"range","outside -20 to 100 degF"
2010-08-06,"STO_2",339,"range","outside -20 to 100 degF"
2010-08-06,"STO_2",339,"spike","day-to-day change -49.00 (8 robust SD = 23.72)"
2010-08-07,"STO_2",330,"range","outside -20 to 100 degF"
2010-08-08,"STO_2",432,"range","outside -20 to 100 degF"
2010-08-08,"STO_2",432,"spike","day-to-day change 102.00 (8 robust SD = 23.72)"
2010-08-09,"STO_2",339,"range","outside -20 to 100 degF"
2010-08-09,"STO_2",339,"spike","day-to-day change -93.00 (8 robust SD = 23.72)"
2010-08-10,"STO_2",339,"range","outside -20 to 100 degF"
2010-08-11,"STO_2",330,"range","outside -20 to 100 degF"
2010-08-13,"STO_2",304,"range","outside -20 to 100 degF"
2010-08-14,"STO_2",309,"range","outside -20 to 100 degF"
2010-08-15,"STO_2",309,"range","outside -20 to 100 degF"
2010-08-16,"STO_2",304,"range","outside -20 to 100 degF"
2010-08-17,"STO_2",289,"range","outside -20 to 100 degF"
2010-08-18,"STO_2",289,"range","outside -20 to 100 degF"
2010-08-19,"STO_2",309,"range","outside -20 to 100 degF"
2010-08-20,"STO_2",284,"range","outside -20 to 100 degF"
2010-08-20,"STO_2",284,"spike","day-to-day change -25.00 (8 robust SD = 23.72)"
2010-08-21,"STO_2",284,"range","outside -20 to 100 degF"
2010-08-22,"STO_2",289,"range","outside -20 to 100 degF"
2010-08-23,"STO_2",289,"range","outside -20 to 100 degF"
2010-08-24,"STO_2",284,"range","outside -20 to 100 degF"
2010-08-25,"STO_2",289,"range","outside -20 to 100 degF"
2010-08-26,"STO_2",280,"range","outside -20 to 100 degF"
2010-08-27,"STO_2",273,"range","outside -20 to 100 degF"
2010-08-28,"STO_2",276,"range","outside -20 to 100 degF"
2010-08-29,"STO_2",284,"range","outside -20 to 100 degF"
2010-08-30,"STO_2",284,"range","outside -20 to 100 degF"
2010-08-31,"STO_2",289,"range","outside -20 to 100 degF"
2010-09-01,"STO_2",298,"range","outside -20 to 100 degF"
2010-09-02,"STO_2",293,"range","outside -20 to 100 degF"
2010-09-03,"STO_2",293,"range","outside -20 to 100 degF"
2010-09-04,"STO_2",284,"range","outside -20 to 100 degF"
2010-09-05,"STO_2",284,"range","outside -20 to 100 degF"
2010-09-06,"STO_2",309,"range","outside -20 to 100 degF"
2010-09-06,"STO_2",309,"spike","day-to-day change 25.00 (8 robust SD = 23.72)"
2010-09-07,"STO_2",309,"range","outside -20 to 100 degF"
2010-09-08,"STO_2",284,"range","outside -20 to 100 degF"
2010-09-08,"STO_2",284,"spike","day-to-day change -25.00 (8 robust SD = 23.72)"
2010-09-09,"STO_2",276,"range","outside -20 to 100 degF"
2010-09-10,"STO_2",293,"range","outside -20 to 100 degF"
2010-09-11,"STO_2",316,"range","outside -20 to 100 degF"
2010-09-12,"STO_2",309,"range","outside -20 to 100 degF"
2010-09-13,"STO_2",284,"range","outside -20 to 100 degF"
2010-09-13,"STO_2",284,"spike","day-to-day change -25.00 (8 robust SD = 23.72)"
2010-09-14,"STO_2",289,"range","outside -20 to 100 degF"
2010-09-15,"STO_2",298,"range","outside -20 to 100 degF"
2010-09-16,"STO_2",298,"range","outside -20 to 100 degF"
2010-09-17,"STO_2",316,"range","outside -20 to 100 degF"
2010-09-18,"STO_2",304,"range","outside -20 to 100 degF"
2010-09-19,"STO_2",289,"range","outside -20 to 100 degF"
2010-09-20,"STO_2",289,"range","outside -20 to 100 degF"
2010-09-21,"STO_2",316,"range","outside -20 to 100 degF"
2010-09-21,"STO_2",316,"spike","day-to-day change 27.00 (8 robust SD = 23.72)"
2010-09-22,"STO_2",339,"range","outside -20 to 100 degF"
2010-09-23,"STO_2",289,"range","outside -20 to 100 degF"
2010-09-23,"STO_2",289,"spike","day-to-day change -50.00 (8 robust SD = 23.72)"
2010-09-25,"STO_2",323,"range","outside -20 to 100 degF"
2010-09-26,"STO_2",298,"range","outside -20 to 100 degF"
2010-09-26,"STO_2",298,"spike","day-to-day change -25.00 (8 robust SD = 23.72)"
2010-09-27,"STO_2",293,"range","outside -20 to 100 degF"
2010-09-28,"STO_2",289,"range","outside -20 to 100 degF"
2010-09-29,"STO_2",289,"range","outside -20 to 100 degF"
2010-10-01,"STO_2",293,"range","outside -20 to 100 degF"
2010-10-02,"STO_2",304,"range","outside -20 to 100 degF"
2010-10-03,"STO_2",293,"range","outside -20 to 100 degF"
2010-10-04,"STO_2",289,"range","outside -20 to 100 degF"
2010-10-05,"STO_2",298,"range","outside -20 to 100 degF"
2010-10-06,"STO_2",280,"range","outside -20 to 100 degF"
2010-10-07,"STO_2",284,"range","outside -20 to 100 degF"
2010-10-08,"STO_2",289,"range","outside -20 to 100 degF"
2010-10-09,"STO_2",316,"range","outside -20 to 100 degF"
2010-10-09,"STO_2",316,"spike","day-to-day change 27.00 (8 robust SD = 23.72)"
2010-10-10,"STO_2",304,"range","outside -20 to 100 degF"
2010-10-11,"STO_2",298,"range","outside -20 to 100 degF"
2010-10-12,"STO_2",293,"range","outside -20 to 100 degF"
2010-10-13,"STO_2",316,"range","outside -20 to 100 degF"
2010-10-14,"STO_2",339,"range","outside -20 to 100 degF"
2010-10-15,"STO_2",323,"range","outside -20 to 100 degF"
2010-10-16,"STO_2",316,"range","outside -20 to 100 degF"
2010-10-17,"STO_2",304,"range","outside -20 to 100 degF"
2010-10-18,"STO_2",316,"range","outside -20 to 100 degF"
2010-10-19,"STO_2",276,"range","outside -20 to 100 degF"
2010-10-19,"STO_2",276,"spike","day-to-day change -40.00 (8 robust SD = 23.72)"
2010-10-20,"STO_2",349,"range","outside -20 to 100 degF"
2010-10-20,"STO_2",349,"spike","day-to-day change 73.00 (8 robust SD = 23.72)"
2010-10-21,"STO_2",323,"range","outside -20 to 100 degF"
2010-10-21,"STO_2",323,"spike","day-to-day change -26.00 (8 robust SD = 23.72)"
2010-10-22,"STO_2",284,"range","outside -20 to 100 degF"
2010-10-22,"STO_2",284,"spike","day-to-day change -39.00 (8 robust SD = 23.72)"
2010-10-23,"STO_2",280,"range","outside -20 to 100 degF"
2010-10-24,"STO_2",284,"range","outside -20 to 100 degF"
2010-10-25,"STO_2",270,"range","outside -20 to 100 degF"
2010-10-26,"STO_2",-460,"range","outside -20 to 100 degF"
2010-10-26,"STO_2",-460,"spike","day-to-day change -730.00 (8 robust SD = 23.72)"
2010-10-29,"STO_2",432,"range","outside -20 to 100 degF"
2010-10-30,"STO_2",323,"range","outside -20 to 100 degF"
2010-10-30,"STO_2",323,"spike","day-to-day change -109.00 (8 robust SD = 23.72)"
2010-10-31,"STO_2",289,"range","outside -20 to 100 degF"
2010-10-31,"STO_2",289,"spike","day-to-day change -34.00 (8 robust SD = 23.72)"
2010-11-01,"STO_2",407,"range","outside -20 to 100 degF"
2010-11-01,"STO_2",407,"spike","day-to-day change 118.00 (8 robust SD = 23.72)"
2010-11-03,"STO_2",330,"range","outside -20 to 100 degF"
2010-11-04,"STO_2",388,"range","outside -20 to 100 degF"
2010-11-04,"STO_2",388,"spike","day-to-day change 58.00 (8 robust SD = 23.72)"
2010-11-05,"STO_2",360,"range","outside -20 to 100 degF"
2010-11-05,"STO_2",360,"spike","day-to-day change -28.00 (8 robust SD = 23.72)"
2010-11-06,"STO_2",349,"range","outside -20 to 100 degF"
2010-11-07,"STO_2",316,"range","outside -20 to 100 degF"
2010-11-07,"STO_2",316,"spike","day-to-day change -33.00 (8 robust SD = 23.72)"
2010-11-08,"STO_2",323,"range","outside -20 to 100 degF"
2010-11-09,"STO_2",293,"range","outside -20 to 100 degF"
2010-11-09,"STO_2",293,"spike","day-to-day change -30.00 (8 robust SD = 23.72)"
2010-11-15,"STO_2",466,"range","outside -20 to 100 degF"
2010-11-16,"STO_2",388,"range","outside -20 to 100 degF"
2010-11-16,"STO_2",388,"spike","day-to-day change -78.00 (8 robust SD = 23.72)"
2010-11-17,"STO_2",388,"range","outside -20 to 100 degF"
2010-11-19,"STO_2",432,"range","outside -20 to 100 degF"
2010-11-20,"STO_2",330,"range","outside -20 to 100 degF"
2010-11-20,"STO_2",330,"spike","day-to-day change -102.00 (8 robust SD = 23.72)"
2010-11-21,"STO_2",316,"range","outside -20 to 100 degF"
2010-11-22,"STO_2",360,"range","outside -20 to 100 degF"
2010-11-22,"STO_2",360,"spike","day-to-day change 44.00 (8 robust SD = 23.72)"
2010-11-24,"STO_2",360,"range","outside -20 to 100 degF"
2010-11-28,"STO_2",518,"range","outside -20 to 100 degF"
2010-12-01,"STO_2",-460,"range","outside -20 to 100 degF"
2010-12-02,"STO_2",273,"range","outside -20 to 100 degF"
2010-12-02,"STO_2",273,"spike","day-to-day change 733.00 (8 robust SD = 23.72)"
2010-12-03,"STO_2",293,"range","outside -20 to 100 degF"
2010-12-04,"STO_2",270,"range","outside -20 to 100 degF"
2010-12-05,"STO_2",263,"range","outside -20 to 100 degF"
2010-12-06,"STO_2",407,"range","outside -20 to 100 degF"
2010-12-06,"STO_2",407,"spike","day-to-day change 144.00 (8 robust SD = 23.72)"
2010-12-07,"STO_2",284,"range","outside -20 to 100 degF"
2010-12-07,"STO_2",284,"spike","day-to-day change -123.00 (8 robust SD = 23.72)"
2010-12-09,"STO_2",270,"range","outside -20 to 100 degF"
2010-12-10,"STO_2",280,"range","outside -20 to 100 degF"
2010-12-11,"STO_2",289,"range","outside -20 to 100 degF"
2010-12-13,"STO_2",309,"range","outside -20 to 100 degF"
2010-12-14,"STO_2",284,"range","outside -20 to 100 degF"
2010-12-14,"STO_2",284,"spike","day-to-day change -25.00 (8 robust SD = 23.72)"
2010-12-15,"STO_2",263,"range","outside -20 to 100 degF"
2010-12-16,"STO_2",304,"range","outside -20 to 100 degF"
2010-12-16,"STO_2",304,"spike","day-to-day change 41.00 (8 robust SD = 23.72)"
2010-12-18,"STO_2",360,"range","outside -20 to 100 degF"
2010-12-19,"STO_2",273,"range","outside -20 to 100 degF"
2010-12-19,"STO_2",273,"spike","day-to-day change -87.00 (8 robust SD = 23.72)"
2010-12-20,"STO_2",250,"range","outside -20 to 100 degF"
2010-12-21,"STO_2",258,"range","outside -20 to 100 degF"
2010-12-22,"STO_2",252,"range","outside -20 to 100 degF"
2010-12-23,"STO_2",247,"range","outside -20 to 100 degF"
2010-12-24,"STO_2",250,"range","outside -20 to 100 degF"
2010-12-25,"STO_2",284,"range","outside -20 to 100 degF"
2010-12-25,"STO_2",284,"spike","day-to-day change 34.00 (8 robust SD = 23.72)"
2010-12-26,"STO_2",289,"range","outside -20 to 100 degF"
2010-12-27,"STO_2",266,"range","outside -20 to 100 degF"
2010-12-28,"STO_2",323,"range","outside -20 to 100 degF"
2010-12-28,"STO_2",323,"spike","day-to-day change 57.00 (8 robust SD = 23.72)"
2010-12-29,"STO_2",466,"range","outside -20 to 100 degF"
2010-12-29,"STO_2",466,"spike","day-to-day change 143.00 (8 robust SD = 23.72)"
2010-12-30,"STO_2",298,"range","outside -20 to 100 degF"
2010-12-30,"STO_2",298,"spike","day-to-day change -168.00 (8 robust SD = 23.72)"
2010-12-31,"STO_2",323,"range","outside -20 to 100 degF"
2010-12-31,"STO_2",323,"spike","day-to-day change 25.00 (8 robust SD = 23.72)"
2011-01-04,"STO_2",304,"range","outside -20 to 100 degF"
2011-01-05,"STO_2",466,"range","outside -20 to 100 degF"
2011-01-05,"STO_2",466,"spike","day-to-day change 162.00 (8 robust SD = 23.72)"
2011-01-06,"STO_2",373,"range","outside -20 to 100 degF"
2011-01-06,"STO_2",373,"spike","day-to-day change -93.00 (8 robust SD = 23.72)"
2011-01-07,"STO_2",293,"range","outside -20 to 100 degF"
2011-01-07,"STO_2",293,"spike","day-to-day change -80.00 (8 robust SD = 23.72)"
2011-01-08,"STO_2",276,"range","outside -20 to 100 degF"
2011-01-09,"STO_2",255,"range","outside -20 to 100 degF"
2011-01-10,"STO_2",293,"range","outside -20 to 100 degF"
2011-01-10,"STO_2",293,"spike","day-to-day change 38.00 (8 robust SD = 23.72)"
2011-01-13,"STO_2",330,"range","outside -20 to 100 degF"
2011-01-14,"STO_2",263,"range","outside -20 to 100 degF"
2011-01-14,"STO_2",263,"spike","day-to-day change -67.00 (8 robust SD = 23.72)"
2011-01-15,"STO_2",276,"range","outside -20 to 100 degF"
2011-01-16,"STO_2",289,"range","outside -20 to 100 degF"
2011-01-17,"STO_2",245,"range","outside -20 to 100 degF"
2011-01-17,"STO_2",245,"spike","day-to-day change -44.00 (8 robust SD = 23.72)"
2011-01-18,"STO_2",258,"range","outside -20 to 100 degF"
2011-01-19,"STO_2",258,"range","outside -20 to 100 degF"
2011-01-20,"STO_2",276,"range","outside -20 to 100 degF"
2011-01-21,"STO_2",298,"range","outside -20 to 100 degF"
2011-01-22,"STO_2",323,"range","outside -20 to 100 degF"
2011-01-22,"STO_2",323,"spike","day-to-day change 25.00 (8 robust SD = 23.72)"
2011-01-23,"STO_2",284,"range","outside -20 to 100 degF"
2011-01-23,"STO_2",284,"spike","day-to-day change -39.00 (8 robust SD = 23.72)"
2011-01-24,"STO_2",284,"range","outside -20 to 100 degF"
2011-01-25,"STO_2",360,"range","outside -20 to 100 degF"
2011-01-25,"STO_2",360,"spike","day-to-day change 76.00 (8 robust SD = 23.72)"
2011-01-26,"STO_2",289,"range","outside -20 to 100 degF"
2011-01-26,"STO_2",289,"spike","day-to-day change -71.00 (8 robust SD = 23.72)"
2011-01-27,"STO_2",293,"range","outside -20 to 100 degF"
2011-01-28,"STO_2",280,"range","outside -20 to 100 degF"
2011-01-29,"STO_2",260,"range","outside -20 to 100 degF"
2011-01-30,"STO_2",263,"range","outside -20 to 100 degF"
2011-01-31,"STO_2",263,"range","outside -20 to 100 degF"
2011-02-01,"STO_2",304,"range","outside -20 to 100 degF"
2011-02-01,"STO_2",304,"spike","day-to-day change 41.00 (8 robust SD = 23.72)"
2011-02-04,"STO_2",304,"range","outside -20 to 100 degF"
2011-02-05,"STO_2",273,"range","outside -20 to 100 degF"
2011-02-05,"STO_2",273,"spike","day-to-day change -31.00 (8 robust SD = 23.72)"
2011-02-06,"STO_2",273,"range","outside -20 to 100 degF"
2011-02-07,"STO_2",298,"range","outside -20 to 100 degF"
2011-02-07,"STO_2",298,"spike","day-to-day change 25.00 (8 robust SD = 23.72)"
2011-02-08,"STO_2",260,"range","outside -20 to 100 degF"
2011-02-08,"STO_2",260,"spike","day-to-day change -38.00 (8 robust SD = 23.72)"
2011-02-09,"STO_2",293,"range","outside -20 to 100 degF"
2011-02-09,"STO_2",293,"spike","day-to-day change 33.00 (8 robust SD = 23.72)"
2011-02-10,"STO_2",518,"range","outside -20 to 100 degF"
2011-02-10,"STO_2",518,"spike","day-to-day change 225.00 (8 robust SD = 23.72)"
2011-02-11,"STO_2",316,"range","outside -20 to 100 degF"
2011-02-11,"STO_2",316,"spike","day-to-day change -202.00 (8 robust SD = 23.72)"
2011-02-12,"STO_2",298,"range","outside -20 to 100 degF"
2011-02-13,"STO_2",276,"range","outside -20 to 100 degF"
2011-02-14,"STO_2",263,"range","outside -20 to 100 degF"
2011-02-15,"STO_2",255,"range","outside -20 to 100 degF"
2011-02-16,"STO_2",255,"range","outside -20 to 100 degF"
2011-02-17,"STO_2",247,"range","outside -20 to 100 degF"
2011-02-18,"STO_2",258,"range","outside -20 to 100 degF"
2011-02-19,"STO_2",250,"range","outside -20 to 100 degF"
2011-02-20,"STO_2",252,"range","outside -20 to 100 degF"
2011-02-21,"STO_2",263,"range","outside -20 to 100 degF"
2011-02-22,"STO_2",270,"range","outside -20 to 100 degF"
2011-02-23,"STO_2",266,"range","outside -20 to 100 degF"
2011-02-24,"STO_2",263,"range","outside -20 to 100 degF"
2011-02-25,"STO_2",260,"range","outside -20 to 100 degF"
2011-02-26,"STO_2",252,"range","outside -20 to 100 degF"
2011-02-27,"STO_2",252,"range","outside -20 to 100 degF"
2011-02-28,"STO_2",258,"range","outside -20 to 100 degF"
2011-03-01,"STO_2",260,"range","outside -20 to 100 degF"
2011-03-02,"STO_2",258,"range","outside -20 to 100 degF"
2011-03-03,"STO_2",260,"range","outside -20 to 100 degF"
2011-03-04,"STO_2",260,"range","outside -20 to 100 degF"
2011-03-05,"STO_2",266,"range","outside -20 to 100 degF"
2011-03-06,"STO_2",270,"range","outside -20 to 100 degF"
2011-03-07,"STO_2",260,"range","outside -20 to 100 degF"
2011-03-08,"STO_2",260,"range","outside -20 to 100 degF"
2011-03-09,"STO_2",266,"range","outside -20 to 100 degF"
2011-03-10,"STO_2",293,"range","outside -20 to 100 degF"
2011-03-10,"STO_2",293,"spike","day-to-day change 27.00 (8 robust SD = 23.72)"
2011-03-11,"STO_2",293,"range","outside -20 to 100 degF"
2011-03-12,"STO_2",263,"range","outside -20 to 100 degF"
2011-03-12,"STO_2",263,"spike","day-to-day change -30.00 (8 robust SD = 23.72)"
2011-03-13,"STO_2",270,"range","outside -20 to 100 degF"
2011-03-14,"STO_2",276,"range","outside -20 to 100 degF"
2011-03-15,"STO_2",258,"range","outside -20 to 100 degF"
2011-03-16,"STO_2",258,"range","outside -20 to 100 degF"
2011-03-17,"STO_2",258,"range","outside -20 to 100 degF"
2011-03-18,"STO_2",284,"range","outside -20 to 100 degF"
2011-03-18,"STO_2",284,"spike","day-to-day change 26.00 (8 robust SD = 23.72)"
2011-03-19,"STO_2",260,"range","outside -20 to 100 degF"
2011-03-19,"STO_2",260,"spike","day-to-day change -24.00 (8 robust SD = 23.72)"
2011-03-20,"STO_2",258,"range","outside -20 to 100 degF"
2011-03-21,"STO_2",252,"range","outside -20 to 100 degF"
2011-03-22,"STO_2",258,"range","outside -20 to 100 degF"
2011-03-23,"STO_2",250,"range","outside -20 to 100 degF"
2011-03-24,"STO_2",255,"range","outside -20 to 100 degF"
2011-03-25,"STO_2",255,"range","outside -20 to 100 degF"
2011-03-26,"STO_2",250,"range","outside -20 to 100 degF"
2011-03-27,"STO_2",250,"range","outside -20 to 100 degF"
2011-03-28,"STO_2",252,"range","outside -20 to 100 degF"
2011-03-29,"STO_2",252,"range","outside -20 to 100 degF"
2011-03-30,"STO_2",276,"range","outside -20 to 100 degF"
2011-03-30,"STO_2",276,"spike","day-to-day change 24.00 (8 robust SD = 23.72)"
2011-03-31,"STO_2",252,"range","outside -20 to 100 degF"
2011-03-31,"STO_2",252,"spike","day-to-day change -24.00 (8 robust SD = 23.72)"
2011-04-01,"STO_2",258,"range","outside -20 to 100 degF"
2011-04-02,"STO_2",260,"range","outside -20 to 100 degF"
2011-04-03,"STO_2",260,"range","outside -20 to 100 degF"
2011-04-04,"STO_2",250,"range","outside -20 to 100 degF"
2011-04-05,"STO_2",250,"range","outside -20 to 100 degF"
2011-04-06,"STO_2",263,"range","outside -20 to 100 degF"
2011-04-07,"STO_2",255,"range","outside -20 to 100 degF"
2011-04-08,"STO_2",258,"range","outside -20 to 100 degF"
2011-04-09,"STO_2",258,"range","outside -20 to 100 degF"
2011-04-10,"STO_2",258,"range","outside -20 to 100 degF"
2011-04-11,"STO_2",247,"range","outside -20 to 100 degF"
2011-04-12,"STO_2",258,"range","outside -20 to 100 degF"
2011-04-13,"STO_2",255,"range","outside -20 to 100 degF"
2011-04-14,"STO_2",263,"range","outside -20 to 100 degF"
2011-04-15,"STO_2",280,"range","outside -20 to 100 degF"
2011-04-16,"STO_2",255,"range","outside -20 to 100 degF"
2011-04-16,"STO_2",255,"spike","day-to-day change -25.00 (8 robust SD = 23.72)"
2011-04-17,"STO_2",258,"range","outside -20 to 100 degF"
2011-04-18,"STO_2",260,"range","outside -20 to 100 degF"
2011-04-19,"STO_2",252,"range","outside -20 to 100 degF"
2011-04-20,"STO_2",250,"range","outside -20 to 100 degF"
2011-04-21,"STO_2",258,"range","outside -20 to 100 degF"
2011-04-22,"STO_2",255,"range","outside -20 to 100 degF"
2011-04-23,"STO_2",255,"range","outside -20 to 100 degF"
2011-04-24,"STO_2",293,"range","outside -20 to 100 degF"
2011-04-24,"STO_2",293,"spike","day-to-day change 38.00 (8 robust SD = 23.72)"
2011-04-25,"STO_2",266,"range","outside -20 to 100 degF"
2011-04-25,"STO_2",266,"spike","day-to-day change -27.00 (8 robust SD = 23.72)"
2011-04-26,"STO_2",280,"range","outside -20 to 100 degF"
2011-04-27,"STO_2",258,"range","outside -20 to 100 degF"
2011-04-28,"STO_2",250,"range","outside -20 to 100 degF"
2011-04-29,"STO_2",260,"range","outside -20 to 100 degF"
2011-04-30,"STO_2",258,"range","outside -20 to 100 degF"
2011-05-01,"STO_2",263,"range","outside -20 to 100 degF"
2011-05-02,"STO_2",258,"range","outside -20 to 100 degF"
2011-05-03,"STO_2",255,"range","outside -20 to 100 degF"
2011-05-04,"STO_2",258,"range","outside -20 to 100 degF"
2011-05-05,"STO_2",263,"range","outside -20 to 100 degF"
2011-05-06,"STO_2",255,"range","outside -20 to 100 degF"
2011-05-07,"STO_2",263,"range","outside -20 to 100 degF"
2011-05-08,"STO_2",255,"range","outside -20 to 100 degF"
2011-05-09,"STO_2",258,"range","outside -20 to 100 degF"
2011-05-10,"STO_2",250,"range","outside -20 to 100 degF"
2011-05-11,"STO_2",252,"range","outside -20 to 100 degF"
2011-05-12,"STO_2",250,"range","outside -20 to 100 degF"
2011-05-13,"STO_2",252,"range","outside -20 to 100 degF"
2011-05-14,"STO_2",252,"range","outside -20 to 100 degF"
2011-05-15,"STO_2",252,"range","outside -20 to 100 degF"
2011-05-16,"STO_2",258,"range","outside -20 to 100 degF"
2011-05-17,"STO_2",252,"range","outside -20 to 100 degF"
2011-05-18,"STO_2",247,"range","outside -20 to 100 degF"
2011-05-19,"STO_2",245,"range","outside -20 to 100 degF"
2011-05-20,"STO_2",247,"range","outside -20 to 100 degF"
2011-05-21,"STO_2",247,"range","outside -20 to 100 degF"
2011-05-22,"STO_2",247,"range","outside -20 to 100 degF"
2011-05-23,"STO_2",250,"range","outside -20 to 100 degF"
2011-05-24,"STO_2",250,"range","outside -20 to 100 degF"
2011-05-25,"STO_2",260,"range","outside -20 to 100 degF"
2011-05-26,"STO_2",255,"range","outside -20 to 100 degF"
2011-05-27,"STO_2",252,"range","outside -20 to 100 degF"
2011-05-28,"STO_2",250,"range","outside -20 to 100 degF"
2011-05-29,"STO_2",252,"range","outside -20 to 100 degF"
2011-05-30,"STO_2",252,"range","outside -20 to 100 degF"
2011-05-31,"STO_2",237,"range","outside -20 to 100 degF"
2011-06-01,"STO_2",250,"range","outside -20 to 100 degF"
2011-06-02,"STO_2",263,"range","outside -20 to 100 degF"
2011-06-03,"STO_2",245,"range","outside -20 to 100 degF"
2011-06-04,"STO_2",239,"range","outside -20 to 100 degF"
2011-06-05,"STO_2",241,"range","outside -20 to 100 degF"
2011-06-06,"STO_2",245,"range","outside -20 to 100 degF"
2011-06-07,"STO_2",241,"range","outside -20 to 100 degF"
2011-06-08,"STO_2",225,"range","outside -20 to 100 degF"
2011-06-09,"STO_2",225,"range","outside -20 to 100 degF"
2011-06-10,"STO_2",219,"range","outside -20 to 100 degF"
2011-06-11,"STO_2",217,"range","outside -20 to 100 degF"
2011-06-12,"STO_2",219,"range","outside -20 to 100 degF"
2011-06-13,"STO_2",213,"range","outside -20 to 100 degF"
2011-06-14,"STO_2",213,"range","outside -20 to 100 degF"
2011-06-15,"STO_2",213,"range","outside -20 to 100 degF"
2011-06-16,"STO_2",219,"range","outside -20 to 100 degF"
2011-06-17,"STO_2",216,"range","outside -20 to 100 degF"
2011-06-18,"STO_2",212,"range","outside -20 to 100 degF"
2011-06-19,"STO_2",217,"range","outside -20 to 100 degF"
2011-06-20,"STO_2",215,"range","outside -20 to 100 degF"
2011-06-21,"STO_2",217,"range","outside -20 to 100 degF"
2011-06-22,"STO_2",223,"range","outside -20 to 100 degF"
2011-06-23,"STO_2",220,"range","outside -20 to 100 degF"
2011-06-24,"STO_2",223,"range","outside -20 to 100 degF"
2011-06-25,"STO_2",222,"range","outside -20 to 100 degF"
2011-06-26,"STO_2",219,"range","outside -20 to 100 degF"
2011-06-27,"STO_2",219,"range","outside -20 to 100 degF"
2011-06-28,"STO_2",219,"range","outside -20 to 100 degF"
2011-06-29,"STO_2",226,"range","outside -20 to 100 degF"
2011-06-30,"STO_2",226,"range","outside -20 to 100 degF"
2011-07-01,"STO_2",230,"range","outside -20 to 100 degF"
2011-07-02,"STO_2",239,"range","outside -20 to 100 degF"
2011-07-03,"STO_2",241,"range","outside -20 to 100 degF"
2011-07-04,"STO_2",243,"range","outside -20 to 100 degF"
2011-07-05,"STO_2",245,"range","outside -20 to 100 degF"
2011-07-06,"STO_2",239,"range","outside -20 to 100 degF"
2011-07-07,"STO_2",243,"range","outside -20 to 100 degF"
2011-07-08,"STO_2",239,"range","outside -20 to 100 degF"
2011-07-09,"STO_2",252,"range","outside -20 to 100 degF"
2011-07-10,"STO_2",247,"range","outside -20 to 100 degF"
2011-07-11,"STO_2",258,"range","outside -20 to 100 degF"
2011-07-12,"STO_2",260,"range","outside -20 to 100 degF"
2011-07-13,"STO_2",266,"range","outside -20 to 100 degF"
2011-07-14,"STO_2",266,"range","outside -20 to 100 degF"
2011-07-15,"STO_2",266,"range","outside -20 to 100 degF"
2011-07-16,"STO_2",260,"range","outside -20 to 100 degF"
2011-07-17,"STO_2",266,"range","outside -20 to 100 degF"
2011-07-18,"STO_2",270,"range","outside -20 to 100 degF"
2011-07-19,"STO_2",263,"range","outside -20 to 100 degF"
2011-07-20,"STO_2",266,"range","outside -20 to 100 degF"
2011-07-21,"STO_2",266,"range","outside -20 to 100 degF"
2011-07-22,"STO_2",260,"range","outside -20 to 100 degF"
2011-07-23,"STO_2",263,"range","outside -20 to 100 degF"
2011-07-24,"STO_2",266,"range","outside -20 to 100 degF"
2011-07-25,"STO_2",266,"range","outside -20 to 100 degF"
2011-07-26,"STO_2",270,"range","outside -20 to 100 degF"
2011-07-27,"STO_2",284,"range","outside -20 to 100 degF"
2011-07-28,"STO_2",284,"range","outside -20 to 100 degF"
2011-07-29,"STO_2",284,"range","outside -20 to 100 degF"
2011-07-30,"STO_2",280,"range","outside -20 to 100 degF"
2011-07-31,"STO_2",276,"range","outside -20 to 100 degF"
2011-08-01,"STO_2",276,"range","outside -20 to 100 degF"
2011-08-02,"STO_2",284,"range","outside -20 to 100 degF"
2011-08-03,"STO_2",284,"range","outside -20 to 100 degF"
2011-08-04,"STO_2",276,"range","outside -20 to 100 degF"
2011-08-05,"STO_2",266,"range","outside -20 to 100 degF"
2011-08-06,"STO_2",270,"range","outside -20 to 100 degF"
2011-08-07,"STO_2",273,"range","outside -20 to 100 degF"
2011-08-08,"STO_2",266,"range","outside -20 to 100 degF"
2011-08-09,"STO_2",266,"range","outside -20 to 100 degF"
2011-08-10,"STO_2",260,"range","outside -20 to 100 degF"
2011-08-11,"STO_2",263,"range","outside -20 to 100 degF"
2011-08-12,"STO_2",270,"range","outside -20 to 100 degF"
2011-08-13,"STO_2",276,"range","outside -20 to 100 degF"
2011-08-14,"STO_2",276,"range","outside -20 to 100 degF"
2011-08-15,"STO_2",289,"range","outside -20 to 100 degF"
2011-08-16,"STO_2",289,"range","outside -20 to 100 degF"
2011-08-17,"STO_2",298,"range","outside -20 to 100 degF"
2011-08-18,"STO_2",284,"range","outside -20 to 100 degF"
2011-08-19,"STO_2",293,"range","outside -20 to 100 degF"
2011-08-20,"STO_2",289,"range","outside -20 to 100 degF"
2011-08-21,"STO_2",276,"range","outside -20 to 100 degF"
2011-08-22,"STO_2",293,"range","outside -20 to 100 degF"
2011-08-23,"STO_2",289,"range","outside -20 to 100 degF"
2011-08-24,"STO_2",284,"range","outside -20 to 100 degF"
2011-08-25,"STO_2",276,"range","outside -20 to 100 degF"
2011-08-26,"STO_2",284,"range","outside -20 to 100 degF"
2011-08-27,"STO_2",289,"range","outside -20 to 100 degF"
2011-08-28,"STO_2",289,"range","outside -20 to 100 degF"
2011-08-29,"STO_2",289,"range","outside -20 to 100 degF"
2011-08-30,"STO_2",289,"range","outside -20 to 100 degF"
2011-08-31,"STO_2",289,"range","outside -20 to 100 degF"
2011-09-01,"STO_2",284,"range","outside -20 to 100 degF"
2011-09-02,"STO_2",284,"range","outside -20 to 100 degF"
2011-09-03,"STO_2",280,"range","outside -20 to 100 degF"
2011-09-04,"STO_2",293,"range","outside -20 to 100 degF"
2011-09-05,"STO_2",293,"range","outside -20 to 100 degF"
2011-09-06,"STO_2",289,"range","outside -20 to 100 degF"
2011-09-07,"STO_2",298,"range","outside -20 to 100 degF"
2011-09-08,"STO_2",330,"range","outside -20 to 100 degF"
2011-09-08,"STO_2",330,"spike","day-to-day change 32.00 (8 robust SD = 23.72)"
2011-09-09,"STO_2",323,"range","outside -20 to 100 degF"
2011-09-10,"STO_2",339,"range","outside -20 to 100 degF"
2011-09-11,"STO_2",323,"range","outside -20 to 100 degF"
2011-09-12,"STO_2",323,"range","outside -20 to 100 degF"
2011-09-13,"STO_2",330,"range","outside -20 to 100 degF"
2011-09-14,"STO_2",339,"range","outside -20 to 100 degF"
2011-09-15,"STO_2",466,"range","outside -20 to 100 degF"
2011-09-15,"STO_2",466,"spike","day-to-day change 127.00 (8 robust SD = 23.72)"
2011-09-16,"STO_2",323,"range","outside -20 to 100 degF"
2011-09-16,"STO_2",323,"spike","day-to-day change -143.00 (8 robust SD = 23.72)"
2011-09-17,"STO_2",323,"range","outside -20 to 100 degF"
2011-09-18,"STO_2",323,"range","outside -20 to 100 degF"
2011-09-19,"STO_2",360,"range","outside -20 to 100 degF"
2011-09-19,"STO_2",360,"spike","day-to-day change 37.00 (8 robust SD = 23.72)"
2011-09-20,"STO_2",360,"range","outside -20 to 100 degF"
2011-09-22,"STO_2",360,"range","outside -20 to 100 degF"
2011-09-23,"STO_2",360,"range","outside -20 to 100 degF"
2011-09-24,"STO_2",339,"range","outside -20 to 100 degF"
2011-09-25,"STO_2",323,"range","outside -20 to 100 degF"
2011-09-26,"STO_2",323,"range","outside -20 to 100 degF"
2011-09-27,"STO_2",330,"range","outside -20 to 100 degF"
2011-09-28,"STO_2",339,"range","outside -20 to 100 degF"
2011-09-29,"STO_2",330,"range","outside -20 to 100 degF"
2011-09-30,"STO_2",316,"range","outside -20 to 100 degF"
2011-10-01,"STO_2",339,"range","outside -20 to 100 degF"
2011-10-02,"STO_2",309,"range","outside -20 to 100 degF"
2011-10-02,"STO_2",309,"spike","day-to-day change -30.00 (8 robust SD = 23.72)"
2011-10-03,"STO_2",316,"range","outside -20 to 100 degF"
2011-10-04,"STO_2",304,"range","outside -20 to 100 degF"
2011-10-05,"STO_2",316,"range","outside -20 to 100 degF"
2011-10-06,"STO_2",323,"range","outside -20 to 100 degF"
2011-10-07,"STO_2",466,"range","outside -20 to 100 degF"
2011-10-07,"STO_2",466,"spike","day-to-day change 143.00 (8 robust SD = 23.72)"
2011-10-09,"STO_2",466,"range","outside -20 to 100 degF"
2011-10-10,"STO_2",373,"range","outside -20 to 100 degF"
2011-10-10,"STO_2",373,"spike","day-to-day change -93.00 (8 robust SD = 23.72)"
2011-10-11,"STO_2",432,"range","outside -20 to 100 degF"
2011-10-11,"STO_2",432,"spike","day-to-day change 59.00 (8 robust SD = 23.72)"
2011-10-12,"STO_2",339,"range","outside -20 to 100 degF"
2011-10-12,"STO_2",339,"spike","day-to-day change -93.00 (8 robust SD = 23.72)"
2011-10-13,"STO_2",466,"range","outside -20 to 100 degF"
2011-10-13,"STO_2",466,"spike","day-to-day change 127.00 (8 robust SD = 23.72)"
2011-10-14,"STO_2",466,"range","outside -20 to 100 degF"
2011-10-15,"STO_2",360,"range","outside -20 to 100 degF"
2011-10-15,"STO_2",360,"spike","day-to-day change -106.00 (8 robust SD = 23.72)"
2011-10-16,"STO_2",388,"range","outside -20 to 100 degF"
2011-10-16,"STO_2",388,"spike","day-to-day change 28.00 (8 robust SD = 23.72)"
2011-10-17,"STO_2",309,"range","outside -20 to 100 degF"
2011-10-17,"STO_2",309,"spike","day-to-day change -79.00 (8 robust SD = 23.72)"
2011-10-18,"STO_2",-460,"range","outside -20 to 100 degF"
2011-10-18,"STO_2",-460,"spike","day-to-day change -769.00 (8 robust SD = 23.72)"
2011-10-20,"STO_2",388,"range","outside -20 to 100 degF"
2011-10-21,"STO_2",466,"range","outside -20 to 100 degF"
2011-10-21,"STO_2",466,"spike","day-to-day change 78.00 (8 robust SD = 23.72)"
2011-10-22,"STO_2",407,"range","outside -20 to 100 degF"
2011-10-22,"STO_2",407,"spike","day-to-day change -59.00 (8 robust SD = 23.72)"
2011-10-23,"STO_2",466,"range","outside -20 to 100 degF"
2011-10-23,"STO_2",466,"spike","day-to-day change 59.00 (8 robust SD = 23.72)"
2011-10-24,"STO_2",407,"range","outside -20 to 100 degF"
2011-10-24,"STO_2",407,"spike","day-to-day change -59.00 (8 robust SD = 23.72)"
2011-10-25,"STO_2",323,"range","outside -20 to 100 degF"
2011-10-25,"STO_2",323,"spike","day-to-day change -84.00 (8 robust SD = 23.72)"
2011-10-26,"STO_2",349,"range","outside -20 to 100 degF"
2011-10-26,"STO_2",349,"spike","day-to-day change 26.00 (8 robust SD = 23.72)"
2011-10-27,"STO_2",-460,"range","outside -20 to 100 degF"
2011-10-27,"STO_2",-460,"spike","day-to-day change -809.00 (8 robust SD = 23.72)"
2011-11-01,"STO_2",-460,"range","outside -20 to 100 degF"
2011-11-02,"STO_2",388,"range","outside -20 to 100 degF"
2011-11-02,"STO_2",388,"spike","day-to-day change 848.00 (8 robust SD = 23.72)"
2011-11-05,"STO_2",432,"range","outside -20 to 100 degF"
2011-11-12,"STO_2",518,"range","outside -20 to 100 degF"
2011-11-14,"STO_2",466,"range","outside -20 to 100 degF"
2011-11-15,"STO_2",388,"range","outside -20 to 100 degF"
2011-11-15,"STO_2",388,"spike","day-to-day change -78.00 (8 robust SD = 23.72)"
2011-11-16,"STO_2",518,"range","outside -20 to 100 degF"
2011-11-16,"STO_2",518,"spike","day-to-day change 130.00 (8 robust SD = 23.72)"
2011-11-19,"STO_2",388,"range","outside -20 to 100 degF"
2011-11-20,"STO_2",518,"range","outside -20 to 100 degF"
2011-11-20,"STO_2",518,"spike","day-to-day change 130.00 (8 robust SD = 23.72)"
2011-11-21,"STO_2",623,"range","outside -20 to 100 degF"
2011-11-21,"STO_2",623,"spike","day-to-day change 105.00 (8 robust SD = 23.72)"
2011-11-22,"STO_2",388,"range","outside -20 to 100 degF"
2011-11-22,"STO_2",388,"spike","day-to-day change -235.00 (8 robust SD = 23.72)"
2011-11-25,"STO_2",349,"range","outside -20 to 100 degF"
2011-11-29,"STO_2",466,"range","outside -20 to 100 degF"
2011-12-01,"STO_2",518,"range","outside -20 to 100 degF"
2011-12-13,"STO_2",466,"range","outside -20 to 100 degF"
2011-12-20,"STO_2",623,"range","outside -20 to 100 degF"
2011-12-30,"STO_2",349,"range","outside -20 to 100 degF"
2011-12-31,"STO_2",339,"range","outside -20 to 100 degF"
2012-01-05,"STO_2",-460,"range","outside -20 to 100 degF"
2012-01-06,"STO_2",-460,"range","outside -20 to 100 degF"
2012-01-15,"STO_2",623,"range","outside -20 to 100 degF"
2012-01-16,"STO_2",-460,"range","outside -20 to 100 degF"
2012-01-16,"STO_2",-460,"spike","day-to-day change -1083.00 (8 robust SD = 23.72)"
2012-01-19,"STO_2",388,"range","outside -20 to 100 degF"
2012-01-20,"STO_2",309,"range","outside -20 to 100 degF"
2012-01-20,"STO_2",309,"spike","day-to-day change -79.00 (8 robust SD = 23.72)"
2012-01-21,"STO_2",-460,"range","outside -20 to 100 degF"
2012-01-21,"STO_2",-460,"spike","day-to-day change -769.00 (8 robust SD = 23.72)"
2012-01-22,"STO_2",373,"range","outside -20 to 100 degF"
2012-01-22,"STO_2",373,"spike","day-to-day change 833.00 (8 robust SD = 23.72)"
2012-01-24,"STO_2",373,"range","outside -20 to 100 degF"
2012-01-26,"STO_2",623,"range","outside -20 to 100 degF"
2012-01-27,"STO_2",349,"range","outside -20 to 100 degF"
2012-01-27,"STO_2",349,"spike","day-to-day change -274.00 (8 robust SD = 23.72)"
2012-01-30,"STO_2",466,"range","outside -20 to 100 degF"
2012-01-31,"STO_2",466,"range","outside -20 to 100 degF"
2012-02-01,"STO_2",-460,"range","outside -20 to 100 degF"
2012-02-01,"STO_2",-460,"spike","day-to-day change -926.00 (8 robust SD = 23.72)"
2012-02-02,"STO_2",432,"range","outside -20 to 100 degF"
2012-02-02,"STO_2",432,"spike","day-to-day change 892.00 (8 robust SD = 23.72)"
2012-02-03,"STO_2",360,"range","outside -20 to 100 degF"
2012-02-03,"STO_2",360,"spike","day-to-day change -72.00 (8 robust SD = 23.72)"
2012-02-07,"STO_2",-460,"range","outside -20 to 100 degF"
2012-02-09,"STO_2",360,"range","outside -20 to 100 degF"
2012-02-10,"STO_2",623,"range","outside -20 to 100 degF"
2012-02-10,"STO_2",623,"spike","day-to-day change 263.00 (8 robust SD = 23.72)"
2012-02-11,"STO_2",360,"range","outside -20 to 100 degF"
2012-02-11,"STO_2",360,"spike","day-to-day change -263.00 (8 robust SD = 23.72)"
2012-02-12,"STO_2",432,"range","outside -20 to 100 degF"
2012-02-12,"STO_2",432,"spike","day-to-day change 72.00 (8 robust SD = 23.72)"
2012-02-13,"STO_2",373,"range","outside -20 to 100 degF"
2012-02-13,"STO_2",373,"spike","day-to-day change -59.00 (8 robust SD = 23.72)"
2012-02-14,"STO_2",373,"range","outside -20 to 100 degF"
2012-02-15,"STO_2",360,"range","outside -20 to 100 degF"
2012-02-16,"STO_2",466,"range","outside -20 to 100 degF"
2012-02-16,"STO_2",466,"spike","day-to-day change 106.00 (8 robust SD = 23.72)"
2012-02-19,"STO_2",623,"range","outside -20 to 100 degF"
2012-02-20,"STO_2",432,"range","outside -20 to 100 degF"
2012-02-20,"STO_2",432,"spike","day-to-day change -191.00 (8 robust SD = 23.72)"
2012-02-22,"STO_2",339,"range","outside -20 to 100 degF"
2012-02-23,"STO_2",304,"range","outside -20 to 100 degF"
2012-02-23,"STO_2",304,"spike","day-to-day change -35.00 (8 robust SD = 23.72)"
2012-02-25,"STO_2",623,"range","outside -20 to 100 degF"
2012-02-26,"STO_2",339,"range","outside -20 to 100 degF"
2012-02-26,"STO_2",339,"spike","day-to-day change -284.00 (8 robust SD = 23.72)"
2012-02-28,"STO_2",304,"range","outside -20 to 100 degF"
2012-02-29,"STO_2",349,"range","outside -20 to 100 degF"
2012-02-29,"STO_2",349,"spike","day-to-day change 45.00 (8 robust SD = 23.72)"
2012-03-01,"STO_2",316,"range","outside -20 to 100 degF"
2012-03-01,"STO_2",316,"spike","day-to-day change -33.00 (8 robust SD = 23.72)"
2012-03-02,"STO_2",373,"range","outside -20 to 100 degF"
2012-03-02,"STO_2",373,"spike","day-to-day change 57.00 (8 robust SD = 23.72)"
2012-03-04,"STO_2",360,"range","outside -20 to 100 degF"
2012-03-05,"STO_2",349,"range","outside -20 to 100 degF"
2012-03-06,"STO_2",323,"range","outside -20 to 100 degF"
2012-03-06,"STO_2",323,"spike","day-to-day change -26.00 (8 robust SD = 23.72)"
2012-03-07,"STO_2",309,"range","outside -20 to 100 degF"
2012-03-08,"STO_2",407,"range","outside -20 to 100 degF"
2012-03-08,"STO_2",407,"spike","day-to-day change 98.00 (8 robust SD = 23.72)"
2012-03-09,"STO_2",388,"range","outside -20 to 100 degF"
2012-03-10,"STO_2",339,"range","outside -20 to 100 degF"
2012-03-10,"STO_2",339,"spike","day-to-day change -49.00 (8 robust SD = 23.72)"
2012-03-11,"STO_2",316,"range","outside -20 to 100 degF"
2012-03-12,"STO_2",316,"range","outside -20 to 100 degF"
2012-03-13,"STO_2",316,"range","outside -20 to 100 degF"
2012-03-14,"STO_2",309,"range","outside -20 to 100 degF"
2012-03-15,"STO_2",309,"range","outside -20 to 100 degF"
2012-03-16,"STO_2",316,"range","outside -20 to 100 degF"
2012-03-17,"STO_2",309,"range","outside -20 to 100 degF"
2012-03-18,"STO_2",293,"range","outside -20 to 100 degF"
2012-03-19,"STO_2",330,"range","outside -20 to 100 degF"
2012-03-19,"STO_2",330,"spike","day-to-day change 37.00 (8 robust SD = 23.72)"
2012-03-20,"STO_2",432,"range","outside -20 to 100 degF"
2012-03-20,"STO_2",432,"spike","day-to-day change 102.00 (8 robust SD = 23.72)"
2012-03-21,"STO_2",407,"range","outside -20 to 100 degF"
2012-03-21,"STO_2",407,"spike","day-to-day change -25.00 (8 robust SD = 23.72)"
2012-03-22,"STO_2",339,"range","outside -20 to 100 degF"
2012-03-22,"STO_2",339,"spike","day-to-day change -68.00 (8 robust SD = 23.72)"
2012-03-23,"STO_2",316,"range","outside -20 to 100 degF"
2012-03-24,"STO_2",293,"range","outside -20 to 100 degF"
2012-03-25,"STO_2",309,"range","outside -20 to 100 degF"
2012-03-26,"STO_2",273,"range","outside -20 to 100 degF"
2012-03-26,"STO_2",273,"spike","day-to-day change -36.00 (8 robust SD = 23.72)"
2012-03-27,"STO_2",293,"range","outside -20 to 100 degF"
2012-03-28,"STO_2",304,"range","outside -20 to 100 degF"
2012-03-29,"STO_2",289,"range","outside -20 to 100 degF"
2012-03-30,"STO_2",284,"range","outside -20 to 100 degF"
2012-03-31,"STO_2",293,"range","outside -20 to 100 degF"
2012-04-01,"STO_2",280,"range","outside -20 to 100 degF"
2012-04-02,"STO_2",289,"range","outside -20 to 100 degF"
2012-04-03,"STO_2",309,"range","outside -20 to 100 degF"
2012-04-04,"STO_2",323,"range","outside -20 to 100 degF"
2012-04-05,"STO_2",373,"range","outside -20 to 100 degF"
2012-04-05,"STO_2",373,"spike","day-to-day change 50.00 (8 robust SD = 23.72)"
2012-04-06,"STO_2",270,"range","outside -20 to 100 degF"
2012-04-06,"STO_2",270,"spike","day-to-day change -103.00 (8 robust SD = 23.72)"
2012-04-07,"STO_2",360,"range","outside -20 to 100 degF"
2012-04-07,"STO_2",360,"spike","day-to-day change 90.00 (8 robust SD = 23.72)"
2012-04-08,"STO_2",316,"range","outside -20 to 100 degF"
2012-04-08,"STO_2",316,"spike","day-to-day change -44.00 (8 robust SD = 23.72)"
2012-04-09,"STO_2",309,"range","outside -20 to 100 degF"
2012-04-10,"STO_2",280,"range","outside -20 to 100 degF"
2012-04-10,"STO_2",280,"spike","day-to-day change -29.00 (8 robust SD = 23.72)"
2012-04-11,"STO_2",280,"range","outside -20 to 100 degF"
2012-04-12,"STO_2",263,"range","outside -20 to 100 degF"
2012-04-13,"STO_2",339,"range","outside -20 to 100 degF"
2012-04-13,"STO_2",339,"spike","day-to-day change 76.00 (8 robust SD = 23.72)"
2012-04-14,"STO_2",349,"range","outside -20 to 100 degF"
2012-04-15,"STO_2",360,"range","outside -20 to 100 degF"
2012-04-16,"STO_2",298,"range","outside -20 to 100 degF"
2012-04-16,"STO_2",298,"spike","day-to-day change -62.00 (8 robust SD = 23.72)"
2012-04-17,"STO_2",373,"range","outside -20 to 100 degF"
2012-04-17,"STO_2",373,"spike","day-to-day change 75.00 (8 robust SD = 23.72)"
2012-04-18,"STO_2",293,"range","outside -20 to 100 degF"
2012-04-18,"STO_2",293,"spike","day-to-day change -80.00 (8 robust SD = 23.72)"
2012-04-19,"STO_2",270,"range","outside -20 to 100 degF"
2012-04-20,"STO_2",289,"range","outside -20 to 100 degF"
2012-04-21,"STO_2",284,"range","outside -20 to 100 degF"
2012-04-22,"STO_2",276,"range","outside -20 to 100 degF"
2012-04-23,"STO_2",266,"range","outside -20 to 100 degF"
2012-04-24,"STO_2",270,"range","outside -20 to 100 degF"
2012-04-25,"STO_2",266,"range","outside -20 to 100 degF"
2012-04-26,"STO_2",260,"range","outside -20 to 100 degF"
2012-04-27,"STO_2",263,"range","outside -20 to 100 degF"
2012-04-28,"STO_2",304,"range","outside -20 to 100 degF"
2012-04-28,"STO_2",304,"spike","day-to-day change 41.00 (8 robust SD = 23.72)"
2012-04-29,"STO_2",323,"range","outside -20 to 100 degF"
2012-04-30,"STO_2",316,"range","outside -20 to 100 degF"
2012-05-01,"STO_2",276,"range","outside -20 to 100 degF"
2012-05-01,"STO_2",276,"spike","day-to-day change -40.00 (8 robust SD = 23.72)"
2012-05-02,"STO_2",266,"range","outside -20 to 100 degF"
2012-05-03,"STO_2",270,"range","outside -20 to 100 degF"
2012-05-04,"STO_2",273,"range","outside -20 to 100 degF"
2012-05-05,"STO_2",273,"range","outside -20 to 100 degF"
2012-05-06,"STO_2",280,"range","outside -20 to 100 degF"
2012-05-07,"STO_2",284,"range","outside -20 to 100 degF"
2012-05-08,"STO_2",289,"range","outside -20 to 100 degF"
2012-05-09,"STO_2",293,"range","outside -20 to 100 degF"
2012-05-10,"STO_2",284,"range","outside -20 to 100 degF"
2012-05-11,"STO_2",273,"range","outside -20 to 100 degF"
2012-05-12,"STO_2",280,"range","outside -20 to 100 degF"
2012-05-13,"STO_2",304,"range","outside -20 to 100 degF"
2012-05-13,"STO_2",304,"spike","day-to-day change 24.00 (8 robust SD = 23.72)"
2012-05-14,"STO_2",304,"range","outside -20 to 100 degF"
2012-05-15,"STO_2",298,"range","outside -20 to 100 degF"
2012-05-16,"STO_2",273,"range","outside -20 to 100 degF"
2012-05-16,"STO_2",273,"spike","day-to-day change -25.00 (8 robust SD = 23.72)"
2012-05-17,"STO_2",293,"range","outside -20 to 100 degF"
2012-05-18,"STO_2",289,"range","outside -20 to 100 degF"
2012-05-19,"STO_2",293,"range","outside -20 to 100 degF"
2012-05-20,"STO_2",339,"range","outside -20 to 100 degF"
2012-05-20,"STO_2",339,"spike","day-to-day change 46.00 (8 robust SD = 23.72)"
2012-05-21,"STO_2",316,"range","outside -20 to 100 degF"
2012-05-22,"STO_2",298,"range","outside -20 to 100 degF"
2012-05-23,"STO_2",284,"range","outside -20 to 100 degF"
2012-05-24,"STO_2",323,"range","outside -20 to 100 degF"
2012-05-24,"STO_2",323,"spike","day-to-day change 39.00 (8 robust SD = 23.72)"
2012-05-25,"STO_2",323,"range","outside -20 to 100 degF"
2012-05-26,"STO_2",293,"range","outside -20 to 100 degF"
2012-05-26,"STO_2",293,"spike","day-to-day change -30.00 (8 robust SD = 23.72)"
2012-05-27,"STO_2",330,"range","outside -20 to 100 degF"
2012-05-27,"STO_2",330,"spike","day-to-day change 37.00 (8 robust SD = 23.72)"
2012-05-28,"STO_2",432,"range","outside -20 to 100 degF"
2012-05-28,"STO_2",432,"spike","day-to-day change 102.00 (8 robust SD = 23.72)"
2012-05-29,"STO_2",349,"range","outside -20 to 100 degF"
2012-05-29,"STO_2",349,"spike","day-to-day change -83.00 (8 robust SD = 23.72)"
2012-05-30,"STO_2",316,"range","outside -20 to 100 degF"
2012-05-30,"STO_2",316,"spike","day-to-day change -33.00 (8 robust SD = 23.72)"
2012-05-31,"STO_2",316,"range","outside -20 to 100 degF"
2012-06-01,"STO_2",304,"range","outside -20 to 100 degF"
2012-06-02,"STO_2",304,"range","outside -20 to 100 degF"
2012-06-03,"STO_2",309,"range","outside -20 to 100 degF"
2012-06-04,"STO_2",309,"range","outside -20 to 100 degF"
2012-06-05,"STO_2",304,"range","outside -20 to 100 degF"
2012-06-06,"STO_2",309,"range","outside -20 to 100 degF"
2012-06-07,"STO_2",323,"range","outside -20 to 100 degF"
2012-06-08,"STO_2",323,"range","outside -20 to 100 degF"
2012-06-09,"STO_2",304,"range","outside -20 to 100 degF"
2012-06-10,"STO_2",304,"range","outside -20 to 100 degF"
2012-06-11,"STO_2",518,"range","outside -20 to 100 degF"
2012-06-11,"STO_2",518,"spike","day-to-day change 214.00 (8 robust SD = 23.72)"
2012-06-12,"STO_2",388,"range","outside -20 to 100 degF"
2012-06-12,"STO_2",388,"spike","day-to-day change -130.00 (8 robust SD = 23.72)"
2012-06-13,"STO_2",349,"range","outside -20 to 100 degF"
2012-06-13,"STO_2",349,"spike","day-to-day change -39.00 (8 robust SD = 23.72)"
2012-06-14,"STO_2",339,"range","outside -20 to 100 degF"
2012-06-15,"STO_2",330,"range","outside -20 to 100 degF"
2012-06-16,"STO_2",323,"range","outside -20 to 100 degF"
2012-06-17,"STO_2",349,"range","outside -20 to 100 degF"
2012-06-17,"STO_2",349,"spike","day-to-day change 26.00 (8 robust SD = 23.72)"
2012-06-18,"STO_2",323,"range","outside -20 to 100 degF"
2012-06-18,"STO_2",323,"spike","day-to-day change -26.00 (8 robust SD = 23.72)"
2012-06-19,"STO_2",339,"range","outside -20 to 100 degF"
2012-06-20,"STO_2",349,"range","outside -20 to 100 degF"
2012-06-21,"STO_2",388,"range","outside -20 to 100 degF"
2012-06-21,"STO_2",388,"spike","day-to-day change 39.00 (8 robust SD = 23.72)"
2012-06-22,"STO_2",360,"range","outside -20 to 100 degF"
2012-06-22,"STO_2",360,"spike","day-to-day change -28.00 (8 robust SD = 23.72)"
2012-06-23,"STO_2",339,"range","outside -20 to 100 degF"
2012-06-24,"STO_2",349,"range","outside -20 to 100 degF"
2012-06-25,"STO_2",323,"range","outside -20 to 100 degF"
2012-06-25,"STO_2",323,"spike","day-to-day change -26.00 (8 robust SD = 23.72)"
2012-06-26,"STO_2",360,"range","outside -20 to 100 degF"
2012-06-26,"STO_2",360,"spike","day-to-day change 37.00 (8 robust SD = 23.72)"
2012-06-27,"STO_2",339,"range","outside -20 to 100 degF"
2012-06-28,"STO_2",349,"range","outside -20 to 100 degF"
2012-06-29,"STO_2",349,"range","outside -20 to 100 degF"
2012-06-30,"STO_2",373,"range","outside -20 to 100 degF"
2012-06-30,"STO_2",373,"spike","day-to-day change 24.00 (8 robust SD = 23.72)"
2012-07-01,"STO_2",360,"range","outside -20 to 100 degF"
2012-07-02,"STO_2",349,"range","outside -20 to 100 degF"
2012-07-03,"STO_2",349,"range","outside -20 to 100 degF"
2012-07-04,"STO_2",349,"range","outside -20 to 100 degF"
2012-07-05,"STO_2",349,"range","outside -20 to 100 degF"
2012-07-06,"STO_2",349,"range","outside -20 to 100 degF"
2012-07-07,"STO_2",349,"range","outside -20 to 100 degF"
2012-07-08,"STO_2",349,"range","outside -20 to 100 degF"
2012-07-09,"STO_2",373,"range","outside -20 to 100 degF"
2012-07-09,"STO_2",373,"spike","day-to-day change 24.00 (8 robust SD = 23.72)"
2012-07-10,"STO_2",373,"range","outside -20 to 100 degF"
2012-07-11,"STO_2",388,"range","outside -20 to 100 degF"
2012-07-12,"STO_2",388,"range","outside -20 to 100 degF"
2012-07-13,"STO_2",349,"range","outside -20 to 100 degF"
2012-07-13,"STO_2",349,"spike","day-to-day change -39.00 (8 robust SD = 23.72)"
2012-07-14,"STO_2",339,"range","outside -20 to 100 degF"
2012-07-15,"STO_2",330,"range","outside -20 to 100 degF"
2012-07-16,"STO_2",349,"range","outside -20 to 100 degF"
2012-07-17,"STO_2",339,"range","outside -20 to 100 degF"
2012-07-18,"STO_2",349,"range","outside -20 to 100 degF"
2012-07-19,"STO_2",339,"range","outside -20 to 100 degF"
2012-07-20,"STO_2",330,"range","outside -20 to 100 degF"
2012-07-21,"STO_2",330,"range","outside -20 to 100 degF"
2012-07-22,"STO_2",323,"range","outside -20 to 100 degF"
2012-07-23,"STO_2",323,"range","outside -20 to 100 degF"
2012-07-24,"STO_2",330,"range","outside -20 to 100 degF"
2012-07-25,"STO_2",323,"range","outside -20 to 100 degF"
2012-07-26,"STO_2",339,"range","outside -20 to 100 degF"
2012-07-27,"STO_2",323,"range","outside -20 to 100 degF"
2012-07-28,"STO_2",316,"range","outside -20 to 100 degF"
2012-07-29,"STO_2",316,"range","outside -20 to 100 degF"
2012-07-30,"STO_2",316,"range","outside -20 to 100 degF"
2012-07-31,"STO_2",316,"range","outside -20 to 100 degF"
2012-08-01,"STO_2",316,"range","outside -20 to 100 degF"
2012-08-02,"STO_2",309,"range","outside -20 to 100 degF"
2012-08-03,"STO_2",323,"range","outside -20 to 100 degF"
2012-08-04,"STO_2",323,"range","outside -20 to 100 degF"
2012-08-05,"STO_2",323,"range","outside -20 to 100 degF"
2012-08-06,"STO_2",316,"range","outside -20 to 100 degF"
2012-08-07,"STO_2",339,"range","outside -20 to 100 degF"
2012-08-08,"STO_2",407,"range","outside -20 to 100 degF"
2012-08-08,"STO_2",407,"spike","day-to-day change 68.00 (8 robust SD = 23.72)"
2012-08-09,"STO_2",388,"range","outside -20 to 100 degF"
2012-08-10,"STO_2",388,"range","outside -20 to 100 degF"
2012-08-11,"STO_2",407,"range","outside -20 to 100 degF"
2012-08-12,"STO_2",432,"range","outside -20 to 100 degF"
2012-08-12,"STO_2",432,"spike","day-to-day change 25.00 (8 robust SD = 23.72)"
2012-08-13,"STO_2",388,"range","outside -20 to 100 degF"
2012-08-13,"STO_2",388,"spike","day-to-day change -44.00 (8 robust SD = 23.72)"
2012-08-14,"STO_2",388,"range","outside -20 to 100 degF"
2012-08-15,"STO_2",466,"range","outside -20 to 100 degF"
2012-08-15,"STO_2",466,"spike","day-to-day change 78.00 (8 robust SD = 23.72)"
2012-08-16,"STO_2",407,"range","outside -20 to 100 degF"
2012-08-16,"STO_2",407,"spike","day-to-day change -59.00 (8 robust SD = 23.72)"
2012-08-17,"STO_2",407,"range","outside -20 to 100 degF"
2012-08-18,"STO_2",388,"range","outside -20 to 100 degF"
2012-08-19,"STO_2",466,"range","outside -20 to 100 degF"
2012-08-19,"STO_2",466,"spike","day-to-day change 78.00 (8 robust SD = 23.72)"
2012-08-20,"STO_2",388,"range","outside -20 to 100 degF"
2012-08-20,"STO_2",388,"spike","day-to-day change -78.00 (8 robust SD = 23.72)"
2012-08-21,"STO_2",432,"range","outside -20 to 100 degF"
2012-08-21,"STO_2",432,"spike","day-to-day change 44.00 (8 robust SD = 23.72)"
2012-08-22,"STO_2",388,"range","outside -20 to 100 degF"
2012-08-22,"STO_2",388,"spike","day-to-day change -44.00 (8 robust SD = 23.72)"
2012-08-23,"STO_2",360,"range","outside -20 to 100 degF"
2012-08-23,"STO_2",360,"spike","day-to-day change -28.00 (8 robust SD = 23.72)"
2012-08-24,"STO_2",360,"range","outside -20 to 100 degF"
2012-08-25,"STO_2",432,"range","outside -20 to 100 degF"
2012-08-25,"STO_2",432,"spike","day-to-day change 72.00 (8 robust SD = 23.72)"
2012-08-26,"STO_2",432,"range","outside -20 to 100 degF"
2012-08-27,"STO_2",373,"range","outside -20 to 100 degF"
2012-08-27,"STO_2",373,"spike","day-to-day change -59.00 (8 robust SD = 23.72)"
2012-08-28,"STO_2",349,"range","outside -20 to 100 degF"
2012-08-28,"STO_2",349,"spike","day-to-day change -24.00 (8 robust SD = 23.72)"
2012-08-29,"STO_2",360,"range","outside -20 to 100 degF"
2012-08-30,"STO_2",360,"range","outside -20 to 100 degF"
2012-08-31,"STO_2",373,"range","outside -20 to 100 degF"
2012-09-01,"STO_2",373,"range","outside -20 to 100 degF"
2012-09-02,"STO_2",349,"range","outside -20 to 100 degF"
2012-09-02,"STO_2",349,"spike","day-to-day change -24.00 (8 robust SD = 23.72)"
2012-09-03,"STO_2",373,"range","outside -20 to 100 degF"
2012-09-03,"STO_2",373,"spike","day-to-day change 24.00 (8 robust SD = 23.72)"
2012-09-04,"STO_2",388,"range","outside -20 to 100 degF"
2012-09-05,"STO_2",407,"range","outside -20 to 100 degF"
2012-09-06,"STO_2",432,"range","outside -20 to 100 degF"
2012-09-06,"STO_2",432,"spike","day-to-day change 25.00 (8 robust SD = 23.72)"
2012-09-07,"STO_2",349,"range","outside -20 to 100 degF"
2012-09-07,"STO_2",349,"spike","day-to-day change -83.00 (8 robust SD = 23.72)"
2012-09-08,"STO_2",466,"range","outside -20 to 100 degF"
2012-09-08,"STO_2",466,"spike","day-to-day change 117.00 (8 robust SD = 23.72)"
2012-09-09,"STO_2",373,"range","outside -20 to 100 degF"
2012-09-09,"STO_2",373,"spike","day-to-day change -93.00 (8 robust SD = 23.72)"
2012-09-10,"STO_2",373,"range","outside -20 to 100 degF"
2012-09-11,"STO_2",388,"range","outside -20 to 100 degF"
2012-09-12,"STO_2",360,"range","outside -20 to 100 degF"
2012-09-12,"STO_2",360,"spike","day-to-day change -28.00 (8 robust SD = 23.72)"
2012-09-13,"STO_2",432,"range","outside -20 to 100 degF"
2012-09-13,"STO_2",432,"spike","day-to-day change 72.00 (8 robust SD = 23.72)"
2012-09-15,"STO_2",466,"range","outside -20 to 100 degF"
2012-09-16,"STO_2",466,"range","outside -20 to 100 degF"
2012-09-19,"STO_2",623,"range","outside -20 to 100 degF"
2012-09-20,"STO_2",518,"range","outside -20 to 100 degF"
2012-09-20,"STO_2",518,"spike","day-to-day change -105.00 (8 robust SD = 23.72)"
2012-09-21,"STO_2",518,"range","outside -20 to 100 degF"
2012-09-22,"STO_2",466,"range","outside -20 to 100 degF"
2012-09-22,"STO_2",466,"spike","day-to-day change -52.00 (8 robust SD = 23.72)"
2012-09-23,"STO_2",466,"range","outside -20 to 100 degF"
2012-09-24,"STO_2",373,"range","outside -20 to 100 degF"
2012-09-24,"STO_2",373,"spike","day-to-day change -93.00 (8 robust SD = 23.72)"
2012-09-25,"STO_2",466,"range","outside -20 to 100 degF"
2012-09-25,"STO_2",466,"spike","day-to-day change 93.00 (8 robust SD = 23.72)"
2012-09-26,"STO_2",518,"range","outside -20 to 100 degF"
2012-09-26,"STO_2",518,"spike","day-to-day change 52.00 (8 robust SD = 23.72)"
2012-09-27,"STO_2",373,"range","outside -20 to 100 degF"
2012-09-27,"STO_2",373,"spike","day-to-day change -145.00 (8 robust SD = 23.72)"
2012-09-28,"STO_2",-460,"range","outside -20 to 100 degF"
2012-09-28,"STO_2",-460,"spike","day-to-day change -833.00 (8 robust SD = 23.72)"
2012-10-04,"STO_2",623,"range","outside -20 to 100 degF"
2012-10-05,"STO_2",466,"range","outside -20 to 100 degF"
2012-10-05,"STO_2",466,"spike","day-to-day change -157.00 (8 robust SD = 23.72)"
2012-10-06,"STO_2",-460,"range","outside -20 to 100 degF"
2012-10-06,"STO_2",-460,"spike","day-to-day change -926.00 (8 robust SD = 23.72)"
2012-10-12,"STO_2",623,"range","outside -20 to 100 degF"
2012-10-14,"STO_2",-460,"range","outside -20 to 100 degF"
2012-10-17,"STO_2",518,"range","outside -20 to 100 degF"
2012-10-23,"STO_2",518,"range","outside -20 to 100 degF"
2012-10-24,"STO_2",623,"range","outside -20 to 100 degF"
2012-10-24,"STO_2",623,"spike","day-to-day change 105.00 (8 robust SD = 23.72)"
2012-11-09,"STO_2",-460,"range","outside -20 to 100 degF"
2013-01-25,"STO_2",-460,"range","outside -20 to 100 degF"
2013-01-26,"STO_2",518,"range","outside -20 to 100 degF"
2013-01-26,"STO_2",518,"spike","day-to-day change 978.00 (8 robust SD = 23.72)"
2013-01-27,"STO_2",432,"range","outside -20 to 100 degF"
2013-01-27,"STO_2",432,"spike","day-to-day change -86.00 (8 robust SD = 23.72)"
2013-03-04,"STO_2",623,"range","outside -20 to 100 degF"
2013-03-07,"STO_2",-460,"range","outside -20 to 100 degF"
2013-03-09,"STO_2",466,"range","outside -20 to 100 degF"
2013-03-12,"STO_2",-460,"range","outside -20 to 100 degF"
2013-03-15,"STO_2",623,"range","outside -20 to 100 degF"
2013-03-16,"STO_2",388,"range","outside -20 to 100 degF"
2013-03-16,"STO_2",388,"spike","day-to-day change -235.00 (8 robust SD = 23.72)"
2013-03-17,"STO_2",466,"range","outside -20 to 100 degF"
2013-03-17,"STO_2",466,"spike","day-to-day change 78.00 (8 robust SD = 23.72)"
2013-03-19,"STO_2",623,"range","outside -20 to 100 degF"
2013-03-21,"STO_2",432,"range","outside -20 to 100 degF"
2013-03-27,"STO_2",466,"range","outside -20 to 100 degF"
2013-03-28,"STO_2",518,"range","outside -20 to 100 degF"
2013-03-28,"STO_2",518,"spike","day-to-day change 52.00 (8 robust SD = 23.72)"
2013-03-29,"STO_2",466,"range","outside -20 to 100 degF"
2013-03-29,"STO_2",466,"spike","day-to-day change -52.00 (8 robust SD = 23.72)"
2013-03-30,"STO_2",407,"range","outside -20 to 100 degF"
2013-03-30,"STO_2",407,"spike","day-to-day change -59.00 (8 robust SD = 23.72)"
2013-03-31,"STO_2",432,"range","outside -20 to 100 degF"
2013-03-31,"STO_2",432,"spike","day-to-day change 25.00 (8 robust SD = 23.72)"
2013-04-01,"STO_2",518,"range","outside -20 to 100 degF"
2013-04-01,"STO_2",518,"spike","day-to-day change 86.00 (8 robust SD = 23.72)"
2013-04-02,"STO_2",407,"range","outside -20 to 100 degF"
2013-04-02,"STO_2",407,"spike","day-to-day change -111.00 (8 robust SD = 23.72)"
2013-04-03,"STO_2",407,"range","outside -20 to 100 degF"
2013-04-04,"STO_2",518,"range","outside -20 to 100 degF"
2013-04-04,"STO_2",518,"spike","day-to-day change 111.00 (8 robust SD = 23.72)"
2013-04-05,"STO_2",407,"range","outside -20 to 100 degF"
2013-04-05,"STO_2",407,"spike","day-to-day change -111.00 (8 robust SD = 23.72)"
2013-04-06,"STO_2",349,"range","outside -20 to 100 degF"
2013-04-06,"STO_2",349,"spike","day-to-day change -58.00 (8 robust SD = 23.72)"
2013-04-07,"STO_2",373,"range","outside -20 to 100 degF"
2013-04-07,"STO_2",373,"spike","day-to-day change 24.00 (8 robust SD = 23.72)"
2013-04-08,"STO_2",407,"range","outside -20 to 100 degF"
2013-04-08,"STO_2",407,"spike","day-to-day change 34.00 (8 robust SD = 23.72)"
2013-04-09,"STO_2",339,"range","outside -20 to 100 degF"
2013-04-09,"STO_2",339,"spike","day-to-day change -68.00 (8 robust SD = 23.72)"
2013-04-10,"STO_2",-460,"range","outside -20 to 100 degF"
2013-04-10,"STO_2",-460,"spike","day-to-day change -799.00 (8 robust SD = 23.72)"
2013-04-12,"STO_2",373,"range","outside -20 to 100 degF"
2013-04-13,"STO_2",518,"range","outside -20 to 100 degF"
2013-04-13,"STO_2",518,"spike","day-to-day change 145.00 (8 robust SD = 23.72)"
2013-04-14,"STO_2",339,"range","outside -20 to 100 degF"
2013-04-14,"STO_2",339,"spike","day-to-day change -179.00 (8 robust SD = 23.72)"
2013-04-16,"STO_2",309,"range","outside -20 to 100 degF"
2013-04-17,"STO_2",323,"range","outside -20 to 100 degF"
2013-04-18,"STO_2",518,"range","outside -20 to 100 degF"
2013-04-18,"STO_2",518,"spike","day-to-day change 195.00 (8 robust SD = 23.72)"
2013-04-20,"STO_2",349,"range","outside -20 to 100 degF"
2013-04-21,"STO_2",349,"range","outside -20 to 100 degF"
2013-04-22,"STO_2",323,"range","outside -20 to 100 degF"
2013-04-22,"STO_2",323,"spike","day-to-day change -26.00 (8 robust SD = 23.72)"
2013-04-23,"STO_2",349,"range","outside -20 to 100 degF"
2013-04-23,"STO_2",349,"spike","day-to-day change 26.00 (8 robust SD = 23.72)"
2013-04-24,"STO_2",-460,"range","outside -20 to 100 degF"
2013-04-24,"STO_2",-460,"spike","day-to-day change -809.00 (8 robust SD = 23.72)"
2013-04-25,"STO_2",518,"range","outside -20 to 100 degF"
2013-04-25,"STO_2",518,"spike","day-to-day change 978.00 (8 robust SD = 23.72)"
2013-04-26,"STO_2",349,"range","outside -20 to 100 degF"
2013-04-26,"STO_2",349,"spike","day-to-day change -169.00 (8 robust SD = 23.72)"
2013-04-27,"STO_2",432,"range","outside -20 to 100 degF"
2013-04-27,"STO_2",432,"spike","day-to-day change 83.00 (8 robust SD = 23.72)"
2013-04-28,"STO_2",407,"range","outside -20 to 100 degF"
2013-04-28,"STO_2",407,"spike","day-to-day change -25.00 (8 robust SD = 23.72)"
2013-04-29,"STO_2",360,"range","outside -20 to 100 degF"
2013-04-29,"STO_2",360,"spike","day-to-day change -47.00 (8 robust SD = 23.72)"
2013-04-30,"STO_2",349,"range","outside -20 to 100 degF"
2013-05-01,"STO_2",309,"range","outside -20 to 100 degF"
2013-05-01,"STO_2",309,"spike","day-to-day change -40.00 (8 robust SD = 23.72)"
2013-05-04,"STO_2",466,"range","outside -20 to 100 degF"
2013-05-05,"STO_2",339,"range","outside -20 to 100 degF"
2013-05-05,"STO_2",339,"spike","day-to-day change -127.00 (8 robust SD = 23.72)"
2013-05-06,"STO_2",360,"range","outside -20 to 100 degF"
2013-05-07,"STO_2",309,"range","outside -20 to 100 degF"
2013-05-07,"STO_2",309,"spike","day-to-day change -51.00 (8 robust SD = 23.72)"
2013-05-08,"STO_2",432,"range","outside -20 to 100 degF"
2013-05-08,"STO_2",432,"spike","day-to-day change 123.00 (8 robust SD = 23.72)"
2013-05-09,"STO_2",323,"range","outside -20 to 100 degF"
2013-05-09,"STO_2",323,"spike","day-to-day change -109.00 (8 robust SD = 23.72)"
2013-05-10,"STO_2",360,"range","outside -20 to 100 degF"
2013-05-10,"STO_2",360,"spike","day-to-day change 37.00 (8 robust SD = 23.72)"
2013-05-11,"STO_2",373,"range","outside -20 to 100 degF"
2013-05-12,"STO_2",323,"range","outside -20 to 100 degF"
2013-05-12,"STO_2",323,"spike","day-to-day change -50.00 (8 robust SD = 23.72)"
2013-05-13,"STO_2",339,"range","outside -20 to 100 degF"
2013-05-14,"STO_2",304,"range","outside -20 to 100 degF"
2013-05-14,"STO_2",304,"spike","day-to-day change -35.00 (8 robust SD = 23.72)"
2013-05-15,"STO_2",304,"range","outside -20 to 100 degF"
2013-05-16,"STO_2",316,"range","outside -20 to 100 degF"
2013-05-17,"STO_2",309,"range","outside -20 to 100 degF"
2013-05-18,"STO_2",309,"range","outside -20 to 100 degF"
2013-05-19,"STO_2",360,"range","outside -20 to 100 degF"
2013-05-19,"STO_2",360,"spike","day-to-day change 51.00 (8 robust SD = 23.72)"
2013-05-20,"STO_2",360,"range","outside -20 to 100 degF"
2013-05-21,"STO_2",323,"range","outside -20 to 100 degF"
2013-05-21,"STO_2",323,"spike","day-to-day change -37.00 (8 robust SD = 23.72)"
2013-05-22,"STO_2",323,"range","outside -20 to 100 degF"
2013-05-23,"STO_2",304,"range","outside -20 to 100 degF"
2013-05-24,"STO_2",284,"range","outside -20 to 100 degF"
2013-05-25,"STO_2",309,"range","outside -20 to 100 degF"
2013-05-25,"STO_2",309,"spike","day-to-day change 25.00 (8 robust SD = 23.72)"
2013-05-26,"STO_2",304,"range","outside -20 to 100 degF"
2013-05-27,"STO_2",304,"range","outside -20 to 100 degF"
2013-05-28,"STO_2",298,"range","outside -20 to 100 degF"
2013-05-29,"STO_2",289,"range","outside -20 to 100 degF"
2013-05-30,"STO_2",309,"range","outside -20 to 100 degF"
2013-05-31,"STO_2",293,"range","outside -20 to 100 degF"
2013-06-01,"STO_2",373,"range","outside -20 to 100 degF"
2013-06-01,"STO_2",373,"spike","day-to-day change 80.00 (8 robust SD = 23.72)"
2013-06-02,"STO_2",339,"range","outside -20 to 100 degF"
2013-06-02,"STO_2",339,"spike","day-to-day change -34.00 (8 robust SD = 23.72)"
2013-06-03,"STO_2",304,"range","outside -20 to 100 degF"
2013-06-03,"STO_2",304,"spike","day-to-day change -35.00 (8 robust SD = 23.72)"
2013-06-04,"STO_2",373,"range","outside -20 to 100 degF"
2013-06-04,"STO_2",373,"spike","day-to-day change 69.00 (8 robust SD = 23.72)"
2013-06-05,"STO_2",289,"range","outside -20 to 100 degF"
2013-06-05,"STO_2",289,"spike","day-to-day change -84.00 (8 robust SD = 23.72)"
2013-06-07,"STO_2",304,"range","outside -20 to 100 degF"
2013-06-08,"STO_2",309,"range","outside -20 to 100 degF"
2013-06-09,"STO_2",309,"range","outside -20 to 100 degF"
2013-06-10,"STO_2",298,"range","outside -20 to 100 degF"
2013-06-11,"STO_2",304,"range","outside -20 to 100 degF"
2013-06-12,"STO_2",316,"range","outside -20 to 100 degF"
2013-06-13,"STO_2",316,"range","outside -20 to 100 degF"
2013-06-14,"STO_2",304,"range","outside -20 to 100 degF"
2013-06-15,"STO_2",339,"range","outside -20 to 100 degF"
2013-06-15,"STO_2",339,"spike","day-to-day change 35.00 (8 robust SD = 23.72)"
2013-06-16,"STO_2",323,"range","outside -20 to 100 degF"
2013-06-17,"STO_2",330,"range","outside -20 to 100 degF"
2013-06-18,"STO_2",349,"range","outside -20 to 100 degF"
2013-06-19,"STO_2",349,"range","outside -20 to 100 degF"
2013-06-20,"STO_2",349,"range","outside -20 to 100 degF"
2013-06-21,"STO_2",360,"range","outside -20 to 100 degF"
2013-06-22,"STO_2",373,"range","outside -20 to 100 degF"
2013-06-23,"STO_2",373,"range","outside -20 to 100 degF"
2013-06-24,"STO_2",360,"range","outside -20 to 100 degF"
2013-06-25,"STO_2",339,"range","outside -20 to 100 degF"
2013-06-26,"STO_2",388,"range","outside -20 to 100 degF"
2013-06-26,"STO_2",388,"spike","day-to-day change 49.00 (8 robust SD = 23.72)"
2013-06-27,"STO_2",360,"range","outside -20 to 100 degF"
2013-06-27,"STO_2",360,"spike","day-to-day change -28.00 (8 robust SD = 23.72)"
2013-06-28,"STO_2",339,"range","outside -20 to 100 degF"
2013-06-29,"STO_2",339,"range","outside -20 to 100 degF"
2013-06-30,"STO_2",349,"range","outside -20 to 100 degF"
2013-07-01,"STO_2",360,"range","outside -20 to 100 degF"
2013-07-02,"STO_2",373,"range","outside -20 to 100 degF"
2013-07-03,"STO_2",373,"range","outside -20 to 100 degF"
2013-07-04,"STO_2",360,"range","outside -20 to 100 degF"
2013-07-05,"STO_2",360,"range","outside -20 to 100 degF"
2013-07-06,"STO_2",360,"range","outside -20 to 100 degF"
2013-07-07,"STO_2",373,"range","outside -20 to 100 degF"
2013-07-08,"STO_2",373,"range","outside -20 to 100 degF"
2013-07-09,"STO_2",373,"range","outside -20 to 100 degF"
2013-07-10,"STO_2",349,"range","outside -20 to 100 degF"
2013-07-10,"STO_2",349,"spike","day-to-day change -24.00 (8 robust SD = 23.72)"
2013-07-11,"STO_2",360,"range","outside -20 to 100 degF"
2013-07-12,"STO_2",339,"range","outside -20 to 100 degF"
2013-07-13,"STO_2",339,"range","outside -20 to 100 degF"
2013-07-14,"STO_2",373,"range","outside -20 to 100 degF"
2013-07-14,"STO_2",373,"spike","day-to-day change 34.00 (8 robust SD = 23.72)"
2013-07-15,"STO_2",373,"range","outside -20 to 100 degF"
2013-07-16,"STO_2",360,"range","outside -20 to 100 degF"
2013-07-17,"STO_2",360,"range","outside -20 to 100 degF"
2013-07-18,"STO_2",349,"range","outside -20 to 100 degF"
2013-07-19,"STO_2",360,"range","outside -20 to 100 degF"
2013-07-20,"STO_2",388,"range","outside -20 to 100 degF"
2013-07-20,"STO_2",388,"spike","day-to-day change 28.00 (8 robust SD = 23.72)"
2013-07-21,"STO_2",407,"range","outside -20 to 100 degF"
2013-07-22,"STO_2",407,"range","outside -20 to 100 degF"
2013-07-23,"STO_2",388,"range","outside -20 to 100 degF"
2013-07-24,"STO_2",373,"range","outside -20 to 100 degF"
2013-07-25,"STO_2",373,"range","outside -20 to 100 degF"
2013-07-26,"STO_2",432,"range","outside -20 to 100 degF"
2013-07-26,"STO_2",432,"spike","day-to-day change 59.00 (8 robust SD = 23.72)"
2013-07-27,"STO_2",388,"range","outside -20 to 100 degF"
2013-07-27,"STO_2",388,"spike","day-to-day change -44.00 (8 robust SD = 23.72)"
2013-07-28,"STO_2",360,"range","outside -20 to 100 degF"
2013-07-28,"STO_2",360,"spike","day-to-day change -28.00 (8 robust SD = 23.72)"
2013-07-29,"STO_2",466,"range","outside -20 to 100 degF"
2013-07-29,"STO_2",466,"spike","day-to-day change 106.00 (8 robust SD = 23.72)"
2013-08-01,"STO_2",-460,"range","outside -20 to 100 degF"
2013-08-02,"STO_2",466,"range","outside -20 to 100 degF"
2013-08-02,"STO_2",466,"spike","day-to-day change 926.00 (8 robust SD = 23.72)"
2013-08-03,"STO_2",518,"range","outside -20 to 100 degF"
2013-08-03,"STO_2",518,"spike","day-to-day change 52.00 (8 robust SD = 23.72)"
2013-08-04,"STO_2",518,"range","outside -20 to 100 degF"
2013-08-05,"STO_2",518,"range","outside -20 to 100 degF"
2013-08-06,"STO_2",466,"range","outside -20 to 100 degF"
2013-08-06,"STO_2",466,"spike","day-to-day change -52.00 (8 robust SD = 23.72)"
2013-08-07,"STO_2",518,"range","outside -20 to 100 degF"
2013-08-07,"STO_2",518,"spike","day-to-day change 52.00 (8 robust SD = 23.72)"
2013-08-08,"STO_2",518,"range","outside -20 to 100 degF"
2013-08-09,"STO_2",518,"range","outside -20 to 100 degF"
2013-08-10,"STO_2",-460,"range","outside -20 to 100 degF"
2013-08-10,"STO_2",-460,"spike","day-to-day change -978.00 (8 robust SD = 23.72)"
2013-08-11,"STO_2",623,"range","outside -20 to 100 degF"
2013-08-11,"STO_2",623,"spike","day-to-day change 1083.00 (8 robust SD = 23.72)"
2013-08-12,"STO_2",623,"range","outside -20 to 100 degF"
2013-08-13,"STO_2",518,"range","outside -20 to 100 degF"
2013-08-13,"STO_2",518,"spike","day-to-day change -105.00 (8 robust SD = 23.72)"
2013-08-14,"STO_2",518,"range","outside -20 to 100 degF"
2013-08-15,"STO_2",518,"range","outside -20 to 100 degF"
2010-06-18,"STO_20",518,"range","outside -20 to 100 degF"
2010-06-19,"STO_20",204,"range","outside -20 to 100 degF"
2010-06-21,"STO_20",200,"range","outside -20 to 100 degF"
2010-07-25,"STO_20",220,"range","outside -20 to 100 degF"
2010-07-27,"STO_20",247,"range","outside -20 to 100 degF"
2010-08-03,"STO_20",304,"range","outside -20 to 100 degF"
2014-12-26,"STO_20",34,"flat_run","same value for >= 60 days"
2014-12-27,"STO_20",34,"flat_run","same value for >= 60 days"
2014-12-28,"STO_20",34,"flat_run","same value for >= 60 days"
2014-12-29,"STO_20",34,"flat_run","same value for >= 60 days"
2014-12-30,"STO_20",34,"flat_run","same value for >= 60 days"
2014-12-31,"STO_20",34,"flat_run","same value for >= 60 days"
2015-01-01,"STO_20",34,"flat_run","same value for >= 60 days"
2015-01-02,"STO_20",34,"flat_run","same value for >= 60 days"
2015-01-03,"STO_20",34,"flat_run","same value for >= 60 days"
2015-01-04,"STO_20",34,"flat_run","same value for >= 60 days"
2015-01-05,"STO_20",34,"flat_run","same value for >= 60 days"
2015-01-06,"STO_20",34,"flat_run","same value for >= 60 days"
2015-01-07,"STO_20",34,"flat_run","same value for >= 60 days"
2015-01-08,"STO_20",34,"flat_run","same value for >= 60 days"
2015-01-09,"STO_20",34,"flat_run","same value for >= 60 days"
2015-01-10,"STO_20",34,"flat_run","same value for >= 60 days"
2015-01-11,"STO_20",34,"flat_run","same value for >= 60 days"
2015-01-12,"STO_20",34,"flat_run","same value for >= 60 days"
2015-01-13,"STO_20",34,"flat_run","same value for >= 60 days"
2015-01-14,"STO_20",34,"flat_run","same value for >= 60 days"
2015-01-15,"STO_20",34,"flat_run","same value for >= 60 days"
2015-01-16,"STO_20",34,"flat_run","same value for >= 60 days"
2015-01-17,"STO_20",34,"flat_run","same value for >= 60 days"
2015-01-18,"STO_20",34,"flat_run","same value for >= 60 days"
2015-01-19,"STO_20",34,"flat_run","same value for >= 60 days"
2015-01-20,"STO_20",34,"flat_run","same value for >= 60 days"
2015-01-21,"STO_20",34,"flat_run","same value for >= 60 days"
2015-01-22,"STO_20",34,"flat_run","same value for >= 60 days"
2015-01-23,"STO_20",34,"flat_run","same value for >= 60 days"
2015-01-24,"STO_20",34,"flat_run","same value for >= 60 days"
2015-01-25,"STO_20",34,"flat_run","same value for >= 60 days"
2015-01-26,"STO_20",34,"flat_run","same value for >= 60 days"
2015-01-27,"STO_20",34,"flat_run","same value for >= 60 days"
2015-01-28,"STO_20",34,"flat_run","same value for >= 60 days"
2015-01-29,"STO_20",34,"flat_run","same value for >= 60 days"
2015-01-30,"STO_20",34,"flat_run","same value for >= 60 days"
2015-01-31,"STO_20",34,"flat_run","same value for >= 60 days"
2015-02-01,"STO_20",34,"flat_run","same value for >= 60 days"
2015-02-02,"STO_20",34,"flat_run","same value for >= 60 days"
2015-02-03,"STO_20",34,"flat_run","same value for >= 60 days"
2015-02-04,"STO_20",34,"flat_run","same value for >= 60 days"
2015-02-05,"STO_20",34,"flat_run","same value for >= 60 days"
2015-02-06,"STO_20",34,"flat_run","same value for >= 60 days"
2015-02-07,"STO_20",34,"flat_run","same value for >= 60 days"
2015-02-08,"STO_20",34,"flat_run","same value for >= 60 days"
2015-02-09,"STO_20",34,"flat_run","same value for >= 60 days"
2015-02-10,"STO_20",34,"flat_run","same value for >= 60 days"
2015-02-11,"STO_20",34,"flat_run","same value for >= 60 days"
2015-02-12,"STO_20",34,"flat_run","same value for >= 60 days"
2015-02-13,"STO_20",34,"flat_run","same value for >= 60 days"
2015-02-14,"STO_20",34,"flat_run","same value for >= 60 days"
2015-02-15,"STO_20",34,"flat_run","same value for >= 60 days"
2015-02-16,"STO_20",34,"flat_run","same value for >= 60 days"
2015-02-17,"STO_20",34,"flat_run","same value for >= 60 days"
2015-02-18,"STO_20",34,"flat_run","same value for >= 60 days"
2015-02-19,"STO_20",34,"flat_run","same value for >= 60 days"
2015-02-20,"STO_20",34,"flat_run","same value for >= 60 days"
2015-02-21,"STO_20",34,"flat_run","same value for >= 60 days"
2015-02-22,"STO_20",34,"flat_run","same value for >= 60 days"
2015-02-23,"STO_20",34,"flat_run","same value for >= 60 days"
2015-02-24,"STO_20",34,"flat_run","same value for >= 60 days"
2015-02-25,"STO_20",34,"flat_run","same value for >= 60 days"
2015-02-26,"STO_20",34,"flat_run","same value for >= 60 days"
2015-02-27,"STO_20",34,"flat_run","same value for >= 60 days"
2015-02-28,"STO_20",34,"flat_run","same value for >= 60 days"
2015-03-01,"STO_20",34,"flat_run","same value for >= 60 days"
2015-03-02,"STO_20",34,"flat_run","same value for >= 60 days"
2015-03-03,"STO_20",34,"flat_run","same value for >= 60 days"
2015-03-04,"STO_20",34,"flat_run","same value for >= 60 days"
2015-03-05,"STO_20",34,"flat_run","same value for >= 60 days"
2015-03-06,"STO_20",34,"flat_run","same value for >= 60 days"
2015-03-07,"STO_20",34,"flat_run","same value for >= 60 days"
2015-03-08,"STO_20",34,"flat_run","same value for >= 60 days"
2016-01-12,"STO_20",34,"flat_run","same value for >= 60 days"
2016-01-13,"STO_20",34,"flat_run","same value for >= 60 days"
2016-01-14,"STO_20",34,"flat_run","same value for >= 60 days"
2016-01-15,"STO_20",34,"flat_run","same value for >= 60 days"
2016-01-16,"STO_20",34,"flat_run","same value for >= 60 days"
2016-01-17,"STO_20",34,"flat_run","same value for >= 60 days"
2016-01-18,"STO_20",34,"flat_run","same value for >= 60 days"
2016-01-19,"STO_20",34,"flat_run","same value for >= 60 days"
2016-01-20,"STO_20",34,"flat_run","same value for >= 60 days"
2016-01-21,"STO_20",34,"flat_run","same value for >= 60 days"
2016-01-22,"STO_20",34,"flat_run","same value for >= 60 days"
2016-01-23,"STO_20",34,"flat_run","same value for >= 60 days"
2016-01-24,"STO_20",34,"flat_run","same value for >= 60 days"
2016-01-25,"STO_20",34,"flat_run","same value for >= 60 days"
2016-01-26,"STO_20",34,"flat_run","same value for >= 60 days"
2016-01-27,"STO_20",34,"flat_run","same value for >= 60 days"
2016-01-28,"STO_20",34,"flat_run","same value for >= 60 days"
2016-01-29,"STO_20",34,"flat_run","same value for >= 60 days"
2016-01-30,"STO_20",34,"flat_run","same value for >= 60 days"
2016-01-31,"STO_20",34,"flat_run","same value for >= 60 days"
2016-02-01,"STO_20",34,"flat_run","same value for >= 60 days"
2016-02-02,"STO_20",34,"flat_run","same value for >= 60 days"
2016-02-03,"STO_20",34,"flat_run","same value for >= 60 days"
2016-02-04,"STO_20",34,"flat_run","same value for >= 60 days"
2016-02-05,"STO_20",34,"flat_run","same value for >= 60 days"
2016-02-06,"STO_20",34,"flat_run","same value for >= 60 days"
2016-02-07,"STO_20",34,"flat_run","same value for >= 60 days"
2016-02-08,"STO_20",34,"flat_run","same value for >= 60 days"
2016-02-09,"STO_20",34,"flat_run","same value for >= 60 days"
2016-02-10,"STO_20",34,"flat_run","same value for >= 60 days"
2016-02-11,"STO_20",34,"flat_run","same value for >= 60 days"
2016-02-12,"STO_20",34,"flat_run","same value for >= 60 days"
2016-02-13,"STO_20",34,"flat_run","same value for >= 60 days"
2016-02-14,"STO_20",34,"flat_run","same value for >= 60 days"
2016-02-15,"STO_20",34,"flat_run","same value for >= 60 days"
2016-02-16,"STO_20",34,"flat_run","same value for >= 60 days"
2016-02-17,"STO_20",34,"flat_run","same value for >= 60 days"
2016-02-18,"STO_20",34,"flat_run","same value for >= 60 days"
2016-02-19,"STO_20",34,"flat_run","same value for >= 60 days"
2016-02-20,"STO_20",34,"flat_run","same value for >= 60 days"
2016-02-21,"STO_20",34,"flat_run","same value for >= 60 days"
2016-02-22,"STO_20",34,"flat_run","same value for >= 60 days"
2016-02-23,"STO_20",34,"flat_run","same value for >= 60 days"
2016-02-24,"STO_20",34,"flat_run","same value for >= 60 days"
2016-02-25,"STO_20",34,"flat_run","same value for >= 60 days"
2016-02-26,"STO_20",34,"flat_run","same value for >= 60 days"
2016-02-27,"STO_20",34,"flat_run","same value for >= 60 days"
2016-02-28,"STO_20",34,"flat_run","same value for >= 60 days"
2016-02-29,"STO_20",34,"flat_run","same value for >= 60 days"
2016-03-01,"STO_20",34,"flat_run","same value for >= 60 days"
2016-03-02,"STO_20",34,"flat_run","same value for >= 60 days"
2016-03-03,"STO_20",34,"flat_run","same value for >= 60 days"
2016-03-04,"STO_20",34,"flat_run","same value for >= 60 days"
2016-03-05,"STO_20",34,"flat_run","same value for >= 60 days"
2016-03-06,"STO_20",34,"flat_run","same value for >= 60 days"
2016-03-07,"STO_20",34,"flat_run","same value for >= 60 days"
2016-03-08,"STO_20",34,"flat_run","same value for >= 60 days"
2016-03-09,"STO_20",34,"flat_run","same value for >= 60 days"
2016-03-10,"STO_20",34,"flat_run","same value for >= 60 days"
2016-03-11,"STO_20",34,"flat_run","same value for >= 60 days"
2016-03-12,"STO_20",34,"flat_run","same value for >= 60 days"
2016-03-13,"STO_20",34,"flat_run","same value for >= 60 days"
2016-03-14,"STO_20",34,"flat_run","same value for >= 60 days"
2016-03-15,"STO_20",34,"flat_run","same value for >= 60 days"
2016-03-16,"STO_20",34,"flat_run","same value for >= 60 days"
2016-03-17,"STO_20",34,"flat_run","same value for >= 60 days"
2016-03-18,"STO_20",34,"flat_run","same value for >= 60 days"
2016-03-19,"STO_20",34,"flat_run","same value for >= 60 days"
2016-03-20,"STO_20",34,"flat_run","same value for >= 60 days"
2016-03-21,"STO_20",34,"flat_run","same value for >= 60 days"
2016-03-22,"STO_20",34,"flat_run","same value for >= 60 days"
2016-03-23,"STO_20",34,"flat_run","same value for >= 60 days"
2016-03-24,"STO_20",34,"flat_run","same value for >= 60 days"
2016-03-25,"STO_20",34,"flat_run","same value for >= 60 days"
2016-12-25,"STO_20",34,"flat_run","same value for >= 60 days"
2016-12-26,"STO_20",34,"flat_run","same value for >= 60 days"
2016-12-27,"STO_20",34,"flat_run","same value for >= 60 days"
2016-12-28,"STO_20",34,"flat_run","same value for >= 60 days"
2016-12-29,"STO_20",34,"flat_run","same value for >= 60 days"
2016-12-30,"STO_20",34,"flat_run","same value for >= 60 days"
2016-12-31,"STO_20",34,"flat_run","same value for >= 60 days"
2017-01-01,"STO_20",34,"flat_run","same value for >= 60 days"
2017-01-02,"STO_20",34,"flat_run","same value for >= 60 days"
2017-01-03,"STO_20",34,"flat_run","same value for >= 60 days"
2017-01-04,"STO_20",34,"flat_run","same value for >= 60 days"
2017-01-05,"STO_20",34,"flat_run","same value for >= 60 days"
2017-01-06,"STO_20",34,"flat_run","same value for >= 60 days"
2017-01-07,"STO_20",34,"flat_run","same value for >= 60 days"
2017-01-08,"STO_20",34,"flat_run","same value for >= 60 days"
2017-01-09,"STO_20",34,"flat_run","same value for >= 60 days"
2017-01-10,"STO_20",34,"flat_run","same value for >= 60 days"
2017-01-11,"STO_20",34,"flat_run","same value for >= 60 days"
2017-01-12,"STO_20",34,"flat_run","same value for >= 60 days"
2017-01-13,"STO_20",34,"flat_run","same value for >= 60 days"
2017-01-14,"STO_20",34,"flat_run","same value for >= 60 days"
2017-01-15,"STO_20",34,"flat_run","same value for >= 60 days"
2017-01-16,"STO_20",34,"flat_run","same value for >= 60 days"
2017-01-17,"STO_20",34,"flat_run","same value for >= 60 days"
2017-01-18,"STO_20",34,"flat_run","same value for >= 60 days"
2017-01-19,"STO_20",34,"flat_run","same value for >= 60 days"
2017-01-20,"STO_20",34,"flat_run","same value for >= 60 days"
2017-01-21,"STO_20",34,"flat_run","same value for >= 60 days"
2017-01-22,"STO_20",34,"flat_run","same value for >= 60 days"
2017-01-23,"STO_20",34,"flat_run","same value for >= 60 days"
2017-01-24,"STO_20",34,"flat_run","same value for >= 60 days"
2017-01-25,"STO_20",34,"flat_run","same value for >= 60 days"
2017-01-26,"STO_20",34,"flat_run","same value for >= 60 days"
2017-01-27,"STO_20",34,"flat_run","same value for >= 60 days"
2017-01-28,"STO_20",34,"flat_run","same value for >= 60 days"
2017-01-29,"STO_20",34,"flat_run","same value for >= 60 days"
2017-01-30,"STO_20",34,"flat_run","same value for >= 60 days"
2017-01-31,"STO_20",34,"flat_run","same value for >= 60 days"
2017-02-01,"STO_20",34,"flat_run","same value for >= 60 days"
2017-02-02,"STO_20",34,"flat_run","same value for >= 60 days"
2017-02-03,"STO_20",34,"flat_run","same value for >= 60 days"
2017-02-04,"STO_20",34,"flat_run","same value for >= 60 days"
2017-02-05,"STO_20",34,"flat_run","same value for >= 60 days"
2017-02-06,"STO_20",34,"flat_run","same value for >= 60 days"
2017-02-07,"STO_20",34,"flat_run","same value for >= 60 days"
2017-02-08,"STO_20",34,"flat_run","same value for >= 60 days"
2017-02-09,"STO_20",34,"flat_run","same value for >= 60 days"
2017-02-10,"STO_20",34,"flat_run","same value for >= 60 days"
2017-02-11,"STO_20",34,"flat_run","same value for >= 60 days"
2017-02-12,"STO_20",34,"flat_run","same value for >= 60 days"
2017-02-13,"STO_20",34,"flat_run","same value for >= 60 days"
2017-02-14,"STO_20",34,"flat_run","same value for >= 60 days"
2017-02-15,"STO_20",34,"flat_run","same value for >= 60 days"
2017-02-16,"STO_20",34,"flat_run","same value for >= 60 days"
2017-02-17,"STO_20",34,"flat_run","same value for >= 60 days"
2017-02-18,"STO_20",34,"flat_run","same value for >= 60 days"
2017-02-19,"STO_20",34,"flat_run","same value for >= 60 days"
2017-02-20,"STO_20",34,"flat_run","same value for >= 60 days"
2017-02-21,"STO_20",34,"flat_run","same value for >= 60 days"
2017-02-22,"STO_20",34,"flat_run","same value for >= 60 days"
2017-02-23,"STO_20",34,"flat_run","same value for >= 60 days"
2017-02-24,"STO_20",34,"flat_run","same value for >= 60 days"
2017-02-25,"STO_20",34,"flat_run","same value for >= 60 days"
2017-02-26,"STO_20",34,"flat_run","same value for >= 60 days"
2017-02-27,"STO_20",34,"flat_run","same value for >= 60 days"
2017-02-28,"STO_20",34,"flat_run","same value for >= 60 days"
2017-03-01,"STO_20",34,"flat_run","same value for >= 60 days"
2017-03-02,"STO_20",34,"flat_run","same value for >= 60 days"
2017-03-03,"STO_20",34,"flat_run","same value for >= 60 days"
2017-03-04,"STO_20",34,"flat_run","same value for >= 60 days"
2017-03-05,"STO_20",34,"flat_run","same value for >= 60 days"
2017-03-06,"STO_20",34,"flat_run","same value for >= 60 days"
2017-03-07,"STO_20",34,"flat_run","same value for >= 60 days"
2017-03-08,"STO_20",34,"flat_run","same value for >= 60 days"
2017-03-09,"STO_20",34,"flat_run","same value for >= 60 days"
2017-03-10,"STO_20",34,"flat_run","same value for >= 60 days"
2017-03-11,"STO_20",34,"flat_run","same value for >= 60 days"
2017-03-12,"STO_20",34,"flat_run","same value for >= 60 days"
2017-03-13,"STO_20",34,"flat_run","same value for >= 60 days"
2017-03-14,"STO_20",34,"flat_run","same value for >= 60 days"
2017-03-15,"STO_20",34,"flat_run","same value for >= 60 days"
2017-03-16,"STO_20",34,"flat_run","same value for >= 60 days"
2017-03-17,"STO_20",34,"flat_run","same value for >= 60 days"
2017-03-18,"STO_20",34,"flat_run","same value for >= 60 days"
2017-03-19,"STO_20",34,"flat_run","same value for >= 60 days"
2017-03-20,"STO_20",34,"flat_run","same value for >= 60 days"
2018-12-29,"STO_20",34,"flat_run","same value for >= 60 days"
2018-12-30,"STO_20",34,"flat_run","same value for >= 60 days"
2018-12-31,"STO_20",34,"flat_run","same value for >= 60 days"
2019-01-01,"STO_20",34,"flat_run","same value for >= 60 days"
2019-01-02,"STO_20",34,"flat_run","same value for >= 60 days"
2019-01-03,"STO_20",34,"flat_run","same value for >= 60 days"
2019-01-04,"STO_20",34,"flat_run","same value for >= 60 days"
2019-01-05,"STO_20",34,"flat_run","same value for >= 60 days"
2019-01-06,"STO_20",34,"flat_run","same value for >= 60 days"
2019-01-07,"STO_20",34,"flat_run","same value for >= 60 days"
2019-01-08,"STO_20",34,"flat_run","same value for >= 60 days"
2019-01-09,"STO_20",34,"flat_run","same value for >= 60 days"
2019-01-10,"STO_20",34,"flat_run","same value for >= 60 days"
2019-01-11,"STO_20",34,"flat_run","same value for >= 60 days"
2019-01-12,"STO_20",34,"flat_run","same value for >= 60 days"
2019-01-13,"STO_20",34,"flat_run","same value for >= 60 days"
2019-01-14,"STO_20",34,"flat_run","same value for >= 60 days"
2019-01-15,"STO_20",34,"flat_run","same value for >= 60 days"
2019-01-16,"STO_20",34,"flat_run","same value for >= 60 days"
2019-01-17,"STO_20",34,"flat_run","same value for >= 60 days"
2019-01-18,"STO_20",34,"flat_run","same value for >= 60 days"
2019-01-19,"STO_20",34,"flat_run","same value for >= 60 days"
2019-01-20,"STO_20",34,"flat_run","same value for >= 60 days"
2019-01-21,"STO_20",34,"flat_run","same value for >= 60 days"
2019-01-22,"STO_20",34,"flat_run","same value for >= 60 days"
2019-01-23,"STO_20",34,"flat_run","same value for >= 60 days"
2019-01-24,"STO_20",34,"flat_run","same value for >= 60 days"
2019-01-25,"STO_20",34,"flat_run","same value for >= 60 days"
2019-01-26,"STO_20",34,"flat_run","same value for >= 60 days"
2019-01-27,"STO_20",34,"flat_run","same value for >= 60 days"
2019-01-28,"STO_20",34,"flat_run","same value for >= 60 days"
2019-01-29,"STO_20",34,"flat_run","same value for >= 60 days"
2019-01-30,"STO_20",34,"flat_run","same value for >= 60 days"
2019-01-31,"STO_20",34,"flat_run","same value for >= 60 days"
2019-02-01,"STO_20",34,"flat_run","same value for >= 60 days"
2019-02-02,"STO_20",34,"flat_run","same value for >= 60 days"
2019-02-03,"STO_20",34,"flat_run","same value for >= 60 days"
2019-02-04,"STO_20",34,"flat_run","same value for >= 60 days"
2019-02-05,"STO_20",34,"flat_run","same value for >= 60 days"
2019-02-06,"STO_20",34,"flat_run","same value for >= 60 days"
2019-02-07,"STO_20",34,"flat_run","same value for >= 60 days"
2019-02-08,"STO_20",34,"flat_run","same value for >= 60 days"
2019-02-09,"STO_20",34,"flat_run","same value for >= 60 days"
2019-02-10,"STO_20",34,"flat_run","same value for >= 60 days"
2019-02-11,"STO_20",34,"flat_run","same value for >= 60 days"
2019-02-12,"STO_20",34,"flat_run","same value for >= 60 days"
2019-02-13,"STO_20",34,"flat_run","same value for >= 60 days"
2019-02-14,"STO_20",34,"flat_run","same value for >= 60 days"
2019-02-15,"STO_20",34,"flat_run","same value for >= 60 days"
2019-02-16,"STO_20",34,"flat_run","same value for >= 60 days"
2019-02-17,"STO_20",34,"flat_run","same value for >= 60 days"
2019-02-18,"STO_20",34,"flat_run","same value for >= 60 days"
2019-02-19,"STO_20",34,"flat_run","same value for >= 60 days"
2019-02-20,"STO_20",34,"flat_run","same value for >= 60 days"
2019-02-21,"STO_20",34,"flat_run","same value for >= 60 days"
2019-02-22,"STO_20",34,"flat_run","same value for >= 60 days"
2019-02-23,"STO_20",34,"flat_run","same value for >= 60 days"
2019-02-24,"STO_20",34,"flat_run","same value for >= 60 days"
2019-02-25,"STO_20",34,"flat_run","same value for >= 60 days"
2019-02-26,"STO_20",34,"flat_run","same value for >= 60 days"
2019-02-27,"STO_20",34,"flat_run","same value for >= 60 days"
2019-02-28,"STO_20",34,"flat_run","same value for >= 60 days"
2019-03-01,"STO_20",34,"flat_run","same value for >= 60 days"
2019-03-02,"STO_20",34,"flat_run","same value for >= 60 days"
2019-03-03,"STO_20",34,"flat_run","same value for >= 60 days"
2019-03-04,"STO_20",34,"flat_run","same value for >= 60 days"
2019-03-05,"STO_20",34,"flat_run","same value for >= 60 days"
2019-03-06,"STO_20",34,"flat_run","same value for >= 60 days"
2019-03-07,"STO_20",34,"flat_run","same value for >= 60 days"
2019-03-08,"STO_20",34,"flat_run","same value for >= 60 days"
2019-03-09,"STO_20",34,"flat_run","same value for >= 60 days"
2019-03-10,"STO_20",34,"flat_run","same value for >= 60 days"
2019-03-11,"STO_20",34,"flat_run","same value for >= 60 days"
2019-03-12,"STO_20",34,"flat_run","same value for >= 60 days"
2019-03-13,"STO_20",34,"flat_run","same value for >= 60 days"
2019-03-14,"STO_20",34,"flat_run","same value for >= 60 days"
2021-01-02,"STO_20",34,"flat_run","same value for >= 60 days"
2021-01-03,"STO_20",34,"flat_run","same value for >= 60 days"
2021-01-04,"STO_20",34,"flat_run","same value for >= 60 days"
2021-01-05,"STO_20",34,"flat_run","same value for >= 60 days"
2021-01-06,"STO_20",34,"flat_run","same value for >= 60 days"
2021-01-07,"STO_20",34,"flat_run","same value for >= 60 days"
2021-01-08,"STO_20",34,"flat_run","same value for >= 60 days"
2021-01-09,"STO_20",34,"flat_run","same value for >= 60 days"
2021-01-10,"STO_20",34,"flat_run","same value for >= 60 days"
2021-01-11,"STO_20",34,"flat_run","same value for >= 60 days"
2021-01-12,"STO_20",34,"flat_run","same value for >= 60 days"
2021-01-13,"STO_20",34,"flat_run","same value for >= 60 days"
2021-01-14,"STO_20",34,"flat_run","same value for >= 60 days"
2021-01-15,"STO_20",34,"flat_run","same value for >= 60 days"
2021-01-16,"STO_20",34,"flat_run","same value for >= 60 days"
2021-01-17,"STO_20",34,"flat_run","same value for >= 60 days"
2021-01-18,"STO_20",34,"flat_run","same value for >= 60 days"
2021-01-19,"STO_20",34,"flat_run","same value for >= 60 days"
2021-01-20,"STO_20",34,"flat_run","same value for >= 60 days"
2021-01-21,"STO_20",34,"flat_run","same value for >= 60 days"
2021-01-22,"STO_20",34,"flat_run","same value for >= 60 days"
2021-01-23,"STO_20",34,"flat_run","same value for >= 60 days"
2021-01-24,"STO_20",34,"flat_run","same value for >= 60 days"
2021-01-25,"STO_20",34,"flat_run","same value for >= 60 days"
2021-01-26,"STO_20",34,"flat_run","same value for >= 60 days"
2021-01-27,"STO_20",34,"flat_run","same value for >= 60 days"
2021-01-28,"STO_20",34,"flat_run","same value for >= 60 days"
2021-01-29,"STO_20",34,"flat_run","same value for >= 60 days"
2021-01-30,"STO_20",34,"flat_run","same value for >= 60 days"
2021-01-31,"STO_20",34,"flat_run","same value for >= 60 days"
2021-02-01,"STO_20",34,"flat_run","same value for >= 60 days"
2021-02-02,"STO_20",34,"flat_run","same value for >= 60 days"
2021-02-03,"STO_20",34,"flat_run","same value for >= 60 days"
2021-02-04,"STO_20",34,"flat_run","same value for >= 60 days"
2021-02-05,"STO_20",34,"flat_run","same value for >= 60 days"
2021-02-06,"STO_20",34,"flat_run","same value for >= 60 days"
2021-02-07,"STO_20",34,"flat_run","same value for >= 60 days"
2021-02-08,"STO_20",34,"flat_run","same value for >= 60 days"
2021-02-09,"STO_20",34,"flat_run","same value for >= 60 days"
2021-02-10,"STO_20",34,"flat_run","same value for >= 60 days"
2021-02-11,"STO_20",34,"flat_run","same value for >= 60 days"
2021-02-12,"STO_20",34,"flat_run","same value for >= 60 days"
2021-02-13,"STO_20",34,"flat_run","same value for >= 60 days"
2021-02-14,"STO_20",34,"flat_run","same value for >= 60 days"
2021-02-15,"STO_20",34,"flat_run","same value for >= 60 days"
2021-02-16,"STO_20",34,"flat_run","same value for >= 60 days"
2021-02-17,"STO_20",34,"flat_run","same value for >= 60 days"
2021-02-18,"STO_20",34,"flat_run","same value for >= 60 days"
2021-02-19,"STO_20",34,"flat_run","same value for >= 60 days"
2021-02-20,"STO_20",34,"flat_run","same value for >= 60 days"
2021-02-21,"STO_20",34,"flat_run","same value for >= 60 days"
2021-02-22,"STO_20",34,"flat_run","same value for >= 60 days"
2021-02-23,"STO_20",34,"flat_run","same value for >= 60 days"
2021-02-24,"STO_20",34,"flat_run","same value for >= 60 days"
2021-02-25,"STO_20",34,"flat_run","same value for >= 60 days"
2021-02-26,"STO_20",34,"flat_run","same value for >= 60 days"
2021-02-27,"STO_20",34,"flat_run","same value for >= 60 days"
2021-02-28,"STO_20",34,"flat_run","same value for >= 60 days"
2021-03-01,"STO_20",34,"flat_run","same value for >= 60 days"
2021-03-02,"STO_20",34,"flat_run","same value for >= 60 days"
2021-03-03,"STO_20",34,"flat_run","same value for >= 60 days"
2021-03-04,"STO_20",34,"flat_run","same value for >= 60 days"
2023-01-08,"STO_20",34,"flat_run","same value for >= 60 days"
2023-01-09,"STO_20",34,"flat_run","same value for >= 60 days"
2023-01-10,"STO_20",34,"flat_run","same value for >= 60 days"
2023-01-11,"STO_20",34,"flat_run","same value for >= 60 days"
2023-01-12,"STO_20",34,"flat_run","same value for >= 60 days"
2023-01-13,"STO_20",34,"flat_run","same value for >= 60 days"
2023-01-14,"STO_20",34,"flat_run","same value for >= 60 days"
2023-01-15,"STO_20",34,"flat_run","same value for >= 60 days"
2023-01-16,"STO_20",34,"flat_run","same value for >= 60 days"
2023-01-17,"STO_20",34,"flat_run","same value for >= 60 days"
2023-01-18,"STO_20",34,"flat_run","same value for >= 60 days"
2023-01-19,"STO_20",34,"flat_run","same value for >= 60 days"
2023-01-20,"STO_20",34,"flat_run","same value for >= 60 days"
2023-01-21,"STO_20",34,"flat_run","same value for >= 60 days"
2023-01-22,"STO_20",34,"flat_run","same value for >= 60 days"
2023-01-23,"STO_20",34,"flat_run","same value for >= 60 days"
2023-01-24,"STO_20",34,"flat_run","same value for >= 60 days"
2023-01-25,"STO_20",34,"flat_run","same value for >= 60 days"
2023-01-26,"STO_20",34,"flat_run","same value for >= 60 days"
2023-01-27,"STO_20",34,"flat_run","same value for >= 60 days"
2023-01-28,"STO_20",34,"flat_run","same value for >= 60 days"
2023-01-29,"STO_20",34,"flat_run","same value for >= 60 days"
2023-01-30,"STO_20",34,"flat_run","same value for >= 60 days"
2023-01-31,"STO_20",34,"flat_run","same value for >= 60 days"
2023-02-01,"STO_20",34,"flat_run","same value for >= 60 days"
2023-02-02,"STO_20",34,"flat_run","same value for >= 60 days"
2023-02-03,"STO_20",34,"flat_run","same value for >= 60 days"
2023-02-04,"STO_20",34,"flat_run","same value for >= 60 days"
2023-02-05,"STO_20",34,"flat_run","same value for >= 60 days"
2023-02-06,"STO_20",34,"flat_run","same value for >= 60 days"
2023-02-07,"STO_20",34,"flat_run","same value for >= 60 days"
2023-02-08,"STO_20",34,"flat_run","same value for >= 60 days"
2023-02-09,"STO_20",34,"flat_run","same value for >= 60 days"
2023-02-10,"STO_20",34,"flat_run","same value for >= 60 days"
2023-02-11,"STO_20",34,"flat_run","same value for >= 60 days"
2023-02-12,"STO_20",34,"flat_run","same value for >= 60 days"
2023-02-13,"STO_20",34,"flat_run","same value for >= 60 days"
2023-02-14,"STO_20",34,"flat_run","same value for >= 60 days"
2023-02-15,"STO_20",34,"flat_run","same value for >= 60 days"
2023-02-16,"STO_20",34,"flat_run","same value for >= 60 days"
2023-02-17,"STO_20",34,"flat_run","same value for >= 60 days"
2023-02-18,"STO_20",34,"flat_run","same value for >= 60 days"
2023-02-19,"STO_20",34,"flat_run","same value for >= 60 days"
2023-02-20,"STO_20",34,"flat_run","same value for >= 60 days"
2023-02-21,"STO_20",34,"flat_run","same value for >= 60 days"
2023-02-22,"STO_20",34,"flat_run","same value for >= 60 days"
2023-02-23,"STO_20",34,"flat_run","same value for >= 60 days"
2023-02-24,"STO_20",34,"flat_run","same value for >= 60 days"
2023-02-25,"STO_20",34,"flat_run","same value for >= 60 days"
2023-02-26,"STO_20",34,"flat_run","same value for >= 60 days"
2023-02-27,"STO_20",34,"flat_run","same value for >= 60 days"
2023-02-28,"STO_20",34,"flat_run","same value for >= 60 days"
2023-03-01,"STO_20",34,"flat_run","same value for >= 60 days"
2023-03-02,"STO_20",34,"flat_run","same value for >= 60 days"
2023-03-03,"STO_20",34,"flat_run","same value for >= 60 days"
2023-03-04,"STO_20",34,"flat_run","same value for >= 60 days"
2023-03-05,"STO_20",34,"flat_run","same value for >= 60 days"
2023-03-06,"STO_20",34,"flat_run","same value for >= 60 days"
2023-03-07,"STO_20",34,"flat_run","same value for >= 60 days"
2023-03-08,"STO_20",34,"flat_run","same value for >= 60 days"
2023-03-09,"STO_20",34,"flat_run","same value for >= 60 days"
2023-03-10,"STO_20",34,"flat_run","same value for >= 60 days"
2023-03-11,"STO_20",34,"flat_run","same value for >= 60 days"
2023-03-12,"STO_20",34,"flat_run","same value for >= 60 days"
2023-03-13,"STO_20",34,"flat_run","same value for >= 60 days"
2023-03-14,"STO_20",34,"flat_run","same value for >= 60 days"
2023-03-15,"STO_20",34,"flat_run","same value for >= 60 days"
2023-03-16,"STO_20",34,"flat_run","same value for >= 60 days"
2023-03-17,"STO_20",34,"flat_run","same value for >= 60 days"
2023-03-18,"STO_20",34,"flat_run","same value for >= 60 days"
2023-03-19,"STO_20",34,"flat_run","same value for >= 60 days"
2023-03-20,"STO_20",34,"flat_run","same value for >= 60 days"
2023-03-21,"STO_20",34,"flat_run","same value for >= 60 days"
2025-01-21,"STO_20",35,"flat_run","same value for >= 60 days"
2025-01-22,"STO_20",35,"flat_run","same value for >= 60 days"
2025-01-23,"STO_20",35,"flat_run","same value for >= 60 days"
2025-01-24,"STO_20",35,"flat_run","same value for >= 60 days"
2025-01-25,"STO_20",35,"flat_run","same value for >= 60 days"
2025-01-26,"STO_20",35,"flat_run","same value for >= 60 days"
2025-01-27,"STO_20",35,"flat_run","same value for >= 60 days"
2025-01-28,"STO_20",35,"flat_run","same value for >= 60 days"
2025-01-29,"STO_20",35,"flat_run","same value for >= 60 days"
2025-01-30,"STO_20",35,"flat_run","same value for >= 60 days"
2025-01-31,"STO_20",35,"flat_run","same value for >= 60 days"
2025-02-01,"STO_20",35,"flat_run","same value for >= 60 days"
2025-02-02,"STO_20",35,"flat_run","same value for >= 60 days"
2025-02-03,"STO_20",35,"flat_run","same value for >= 60 days"
2025-02-04,"STO_20",35,"flat_run","same value for >= 60 days"
2025-02-05,"STO_20",35,"flat_run","same value for >= 60 days"
2025-02-06,"STO_20",35,"flat_run","same value for >= 60 days"
2025-02-07,"STO_20",35,"flat_run","same value for >= 60 days"
2025-02-08,"STO_20",35,"flat_run","same value for >= 60 days"
2025-02-09,"STO_20",35,"flat_run","same value for >= 60 days"
2025-02-10,"STO_20",35,"flat_run","same value for >= 60 days"
2025-02-11,"STO_20",35,"flat_run","same value for >= 60 days"
2025-02-12,"STO_20",35,"flat_run","same value for >= 60 days"
2025-02-13,"STO_20",35,"flat_run","same value for >= 60 days"
2025-02-14,"STO_20",35,"flat_run","same value for >= 60 days"
2025-02-15,"STO_20",35,"flat_run","same value for >= 60 days"
2025-02-16,"STO_20",35,"flat_run","same value for >= 60 days"
2025-02-17,"STO_20",35,"flat_run","same value for >= 60 days"
2025-02-18,"STO_20",35,"flat_run","same value for >= 60 days"
2025-02-19,"STO_20",35,"flat_run","same value for >= 60 days"
2025-02-20,"STO_20",35,"flat_run","same value for >= 60 days"
2025-02-21,"STO_20",35,"flat_run","same value for >= 60 days"
2025-02-22,"STO_20",35,"flat_run","same value for >= 60 days"
2025-02-23,"STO_20",35,"flat_run","same value for >= 60 days"
2025-02-24,"STO_20",35,"flat_run","same value for >= 60 days"
2025-02-25,"STO_20",35,"flat_run","same value for >= 60 days"
2025-02-26,"STO_20",35,"flat_run","same value for >= 60 days"
2025-02-27,"STO_20",35,"flat_run","same value for >= 60 days"
2025-02-28,"STO_20",35,"flat_run","same value for >= 60 days"
2025-03-01,"STO_20",35,"flat_run","same value for >= 60 days"
2025-03-02,"STO_20",35,"flat_run","same value for >= 60 days"
2025-03-03,"STO_20",35,"flat_run","same value for >= 60 days"
2025-03-04,"STO_20",35,"flat_run","same value for >= 60 days"
2025-03-05,"STO_20",35,"flat_run","same value for >= 60 days"
2025-03-06,"STO_20",35,"flat_run","same value for >= 60 days"
2025-03-07,"STO_20",35,"flat_run","same value for >= 60 days"
2025-03-08,"STO_20",35,"flat_run","same value for >= 60 days"
2025-03-09,"STO_20",35,"flat_run","same value for >= 60 days"
2025-03-10,"STO_20",35,"flat_run","same value for >= 60 days"
2025-03-11,"STO_20",35,"flat_run","same value for >= 60 days"
2025-03-12,"STO_20",35,"flat_run","same value for >= 60 days"
2025-03-13,"STO_20",35,"flat_run","same value for >= 60 days"
2025-03-14,"STO_20",35,"flat_run","same value for >= 60 days"
2025-03-15,"STO_20",35,"flat_run","same value for >= 60 days"
2025-03-16,"STO_20",35,"flat_run","same value for >= 60 days"
2025-03-17,"STO_20",35,"flat_run","same value for >= 60 days"
2025-03-18,"STO_20",35,"flat_run","same value for >= 60 days"
2025-03-19,"STO_20",35,"flat_run","same value for >= 60 days"
2025-03-20,"STO_20",35,"flat_run","same value for >= 60 days"
2025-03-21,"STO_20",35,"flat_run","same value for >= 60 days"
2025-03-22,"STO_20",35,"flat_run","same value for >= 60 days"
2025-03-23,"STO_20",35,"flat_run","same value for >= 60 days"
2025-03-24,"STO_20",35,"flat_run","same value for >= 60 days"
2025-03-25,"STO_20",35,"flat_run","same value for >= 60 days"
2025-03-26,"STO_20",35,"flat_run","same value for >= 60 days"
2025-03-27,"STO_20",35,"flat_run","same value for >= 60 days"
2025-03-28,"STO_20",35,"flat_run","same value for >= 60 days"
2025-03-29,"STO_20",35,"flat_run","same value for >= 60 days"
2025-03-30,"STO_20",35,"flat_run","same value for >= 60 days"
2025-03-31,"STO_20",35,"flat_run","same value for >= 60 days"
2025-04-01,"STO_20",35,"flat_run","same value for >= 60 days"
2025-04-02,"STO_20",35,"flat_run","same value for >= 60 days"
2025-04-03,"STO_20",35,"flat_run","same value for >= 60 days"
2025-04-04,"STO_20",35,"flat_run","same value for >= 60 days"
2025-04-05,"STO_20",35,"flat_run","same value for >= 60 days"
2025-04-06,"STO_20",35,"flat_run","same value for >= 60 days"
2025-04-07,"STO_20",35,"flat_run","same value for >= 60 days"
2025-04-08,"STO_20",35,"flat_run","same value for >= 60 days"
2025-04-09,"STO_20",35,"flat_run","same value for >= 60 days"
2025-04-10,"STO_20",35,"flat_run","same value for >= 60 days"
2025-04-11,"STO_20",35,"flat_run","same value for >= 60 days"
2025-04-12,"STO_20",35,"flat_run","same value for >= 60 days"
2025-12-24,"STO_20",35,"flat_run","same value for >= 60 days"
2025-12-25,"STO_20",35,"flat_run","same value for >= 60 days"
2025-12-26,"STO_20",35,"flat_run","same value for >= 60 days"
2025-12-27,"STO_20",35,"flat_run","same value for >= 60 days"
2025-12-28,"STO_20",35,"flat_run","same value for >= 60 days"
2025-12-29,"STO_20",35,"flat_run","same value for >= 60 days"
2025-12-30,"STO_20",35,"flat_run","same value for >= 60 days"
2025-12-31,"STO_20",35,"flat_run","same value for >= 60 days"
2026-01-01,"STO_20",35,"flat_run","same value for >= 60 days"
2026-01-02,"STO_20",35,"flat_run","same value for >= 60 days"
2026-01-03,"STO_20",35,"flat_run","same value for >= 60 days"
2026-01-04,"STO_20",35,"flat_run","same value for >= 60 days"
2026-01-05,"STO_20",35,"flat_run","same value for >= 60 days"
2026-01-06,"STO_20",35,"flat_run","same value for >= 60 days"
2026-01-07,"STO_20",35,"flat_run","same value for >= 60 days"
2026-01-08,"STO_20",35,"flat_run","same value for >= 60 days"
2026-01-09,"STO_20",35,"flat_run","same value for >= 60 days"
2026-01-10,"STO_20",35,"flat_run","same value for >= 60 days"
2026-01-11,"STO_20",35,"flat_run","same value for >= 60 days"
2026-01-12,"STO_20",35,"flat_run","same value for >= 60 days"
2026-01-13,"STO_20",35,"flat_run","same value for >= 60 days"
2026-01-14,"STO_20",35,"flat_run","same value for >= 60 days"
2026-01-15,"STO_20",35,"flat_run","same value for >= 60 days"
2026-01-16,"STO_20",35,"flat_run","same value for >= 60 days"
2026-01-17,"STO_20",35,"flat_run","same value for >= 60 days"
2026-01-18,"STO_20",35,"flat_run","same value for >= 60 days"
2026-01-19,"STO_20",35,"flat_run","same value for >= 60 days"
2026-01-20,"STO_20",35,"flat_run","same value for >= 60 days"
2026-01-21,"STO_20",35,"flat_run","same value for >= 60 days"
2026-01-22,"STO_20",35,"flat_run","same value for >= 60 days"
2026-01-23,"STO_20",35,"flat_run","same value for >= 60 days"
2026-01-24,"STO_20",35,"flat_run","same value for >= 60 days"
2026-01-25,"STO_20",35,"flat_run","same value for >= 60 days"
2026-01-26,"STO_20",35,"flat_run","same value for >= 60 days"
2026-01-27,"STO_20",35,"flat_run","same value for >= 60 days"
2026-01-28,"STO_20",35,"flat_run","same value for >= 60 days"
2026-01-29,"STO_20",35,"flat_run","same value for >= 60 days"
2026-01-30,"STO_20",35,"flat_run","same value for >= 60 days"
2026-01-31,"STO_20",35,"flat_run","same value for >= 60 days"
2026-02-01,"STO_20",35,"flat_run","same value for >= 60 days"
2026-02-02,"STO_20",35,"flat_run","same value for >= 60 days"
2026-02-03,"STO_20",35,"flat_run","same value for >= 60 days"
2026-02-04,"STO_20",35,"flat_run","same value for >= 60 days"
2026-02-05,"STO_20",35,"flat_run","same value for >= 60 days"
2026-02-06,"STO_20",35,"flat_run","same value for >= 60 days"
2026-02-07,"STO_20",35,"flat_run","same value for >= 60 days"
2026-02-08,"STO_20",35,"flat_run","same value for >= 60 days"
2026-02-09,"STO_20",35,"flat_run","same value for >= 60 days"
2026-02-10,"STO_20",35,"flat_run","same value for >= 60 days"
2026-02-11,"STO_20",35,"flat_run","same value for >= 60 days"
2026-02-12,"STO_20",35,"flat_run","same value for >= 60 days"
2026-02-13,"STO_20",35,"flat_run","same value for >= 60 days"
2026-02-14,"STO_20",35,"flat_run","same value for >= 60 days"
2026-02-15,"STO_20",35,"flat_run","same value for >= 60 days"
2026-02-16,"STO_20",35,"flat_run","same value for >= 60 days"
2026-02-17,"STO_20",35,"flat_run","same value for >= 60 days"
2026-02-18,"STO_20",35,"flat_run","same value for >= 60 days"
2026-02-19,"STO_20",35,"flat_run","same value for >= 60 days"
2026-02-20,"STO_20",35,"flat_run","same value for >= 60 days"
2026-02-21,"STO_20",35,"flat_run","same value for >= 60 days"
2026-02-22,"STO_20",35,"flat_run","same value for >= 60 days"
2026-02-23,"STO_20",35,"flat_run","same value for >= 60 days"
2026-02-24,"STO_20",35,"flat_run","same value for >= 60 days"
2026-02-25,"STO_20",35,"flat_run","same value for >= 60 days"
2026-02-26,"STO_20",35,"flat_run","same value for >= 60 days"
2026-02-27,"STO_20",35,"flat_run","same value for >= 60 days"
2026-02-28,"STO_20",35,"flat_run","same value for >= 60 days"
2026-03-01,"STO_20",35,"flat_run","same value for >= 60 days"
2026-03-02,"STO_20",35,"flat_run","same value for >= 60 days"
2026-03-03,"STO_20",35,"flat_run","same value for >= 60 days"
2026-03-04,"STO_20",35,"flat_run","same value for >= 60 days"
2026-03-05,"STO_20",35,"flat_run","same value for >= 60 days"
2026-03-06,"STO_20",35,"flat_run","same value for >= 60 days"
2026-03-07,"STO_20",35,"flat_run","same value for >= 60 days"
2026-03-08,"STO_20",35,"flat_run","same value for >= 60 days"
2026-03-09,"STO_20",35,"flat_run","same value for >= 60 days"
2026-03-10,"STO_20",35,"flat_run","same value for >= 60 days"
2026-03-11,"STO_20",35,"flat_run","same value for >= 60 days"
2026-03-12,"STO_20",35,"flat_run","same value for >= 60 days"
2026-03-13,"STO_20",35,"flat_run","same value for >= 60 days"
2026-03-14,"STO_20",35,"flat_run","same value for >= 60 days"
2026-03-15,"STO_20",35,"flat_run","same value for >= 60 days"
2026-03-16,"STO_20",35,"flat_run","same value for >= 60 days"
2026-03-17,"STO_20",35,"flat_run","same value for >= 60 days"
2026-03-18,"STO_20",35,"flat_run","same value for >= 60 days"
2026-03-19,"STO_20",35,"flat_run","same value for >= 60 days"
2026-03-20,"STO_20",35,"flat_run","same value for >= 60 days"
2010-06-16,"STO_8",289,"range","outside -20 to 100 degF"
2010-06-17,"STO_8",309,"range","outside -20 to 100 degF"
2010-06-18,"STO_8",245,"range","outside -20 to 100 degF"
2010-06-18,"STO_8",245,"spike","day-to-day change -64.00 (8 robust SD = 23.72)"
2010-06-19,"STO_8",174,"range","outside -20 to 100 degF"
2010-06-19,"STO_8",174,"spike","day-to-day change -71.00 (8 robust SD = 23.72)"
2010-06-21,"STO_8",172,"range","outside -20 to 100 degF"
2010-07-03,"STO_8",339,"range","outside -20 to 100 degF"
2010-07-05,"STO_8",407,"range","outside -20 to 100 degF"
2010-07-16,"STO_8",-460,"range","outside -20 to 100 degF"
2010-07-25,"STO_8",184,"range","outside -20 to 100 degF"
2010-07-26,"STO_8",316,"range","outside -20 to 100 degF"
2010-07-26,"STO_8",316,"spike","day-to-day change 132.00 (8 robust SD = 23.72)"
2010-07-27,"STO_8",198,"range","outside -20 to 100 degF"
2010-07-27,"STO_8",198,"spike","day-to-day change -118.00 (8 robust SD = 23.72)"
2010-07-29,"STO_8",323,"range","outside -20 to 100 degF"
2010-07-30,"STO_8",316,"range","outside -20 to 100 degF"
2010-07-31,"STO_8",255,"range","outside -20 to 100 degF"
2010-07-31,"STO_8",255,"spike","day-to-day change -61.00 (8 robust SD = 23.72)"
2010-08-03,"STO_8",217,"range","outside -20 to 100 degF"
2010-12-23,"STO_8",-460,"range","outside -20 to 100 degF"
2010-12-24,"STO_8",-460,"range","outside -20 to 100 degF"
2011-01-17,"STO_8",623,"range","outside -20 to 100 degF"
2011-02-17,"STO_8",-460,"range","outside -20 to 100 degF"
2011-03-26,"STO_8",-460,"range","outside -20 to 100 degF"
2011-03-27,"STO_8",-460,"range","outside -20 to 100 degF"
2011-04-04,"STO_8",-460,"range","outside -20 to 100 degF"
2011-04-05,"STO_8",-460,"range","outside -20 to 100 degF"
2011-04-11,"STO_8",-460,"range","outside -20 to 100 degF"
2011-05-10,"STO_8",-460,"range","outside -20 to 100 degF"
2011-05-12,"STO_8",-460,"range","outside -20 to 100 degF"
2011-05-18,"STO_8",-460,"range","outside -20 to 100 degF"
2011-05-19,"STO_8",623,"range","outside -20 to 100 degF"
2011-05-19,"STO_8",623,"spike","day-to-day change 1083.00 (8 robust SD = 23.72)"
2011-05-20,"STO_8",-460,"range","outside -20 to 100 degF"
2011-05-20,"STO_8",-460,"spike","day-to-day change -1083.00 (8 robust SD = 23.72)"
2011-05-21,"STO_8",-460,"range","outside -20 to 100 degF"
2011-05-22,"STO_8",-460,"range","outside -20 to 100 degF"
2011-05-24,"STO_8",-460,"range","outside -20 to 100 degF"
2011-05-28,"STO_8",-460,"range","outside -20 to 100 degF"
2011-05-31,"STO_8",432,"range","outside -20 to 100 degF"
2011-06-03,"STO_8",623,"range","outside -20 to 100 degF"
2011-06-04,"STO_8",466,"range","outside -20 to 100 degF"
2011-06-04,"STO_8",466,"spike","day-to-day change -157.00 (8 robust SD = 23.72)"
2011-06-05,"STO_8",518,"range","outside -20 to 100 degF"
2011-06-05,"STO_8",518,"spike","day-to-day change 52.00 (8 robust SD = 23.72)"
2011-06-06,"STO_8",623,"range","outside -20 to 100 degF"
2011-06-06,"STO_8",623,"spike","day-to-day change 105.00 (8 robust SD = 23.72)"
2011-06-07,"STO_8",466,"range","outside -20 to 100 degF"
2011-06-07,"STO_8",466,"spike","day-to-day change -157.00 (8 robust SD = 23.72)"
2011-06-08,"STO_8",339,"range","outside -20 to 100 degF"
2011-06-08,"STO_8",339,"spike","day-to-day change -127.00 (8 robust SD = 23.72)"
2011-06-09,"STO_8",339,"range","outside -20 to 100 degF"
2011-06-10,"STO_8",309,"range","outside -20 to 100 degF"
2011-06-10,"STO_8",309,"spike","day-to-day change -30.00 (8 robust SD = 23.72)"
2011-06-11,"STO_8",304,"range","outside -20 to 100 degF"
2011-06-12,"STO_8",309,"range","outside -20 to 100 degF"
2011-06-13,"STO_8",289,"range","outside -20 to 100 degF"
2011-06-14,"STO_8",289,"range","outside -20 to 100 degF"
2011-06-15,"STO_8",289,"range","outside -20 to 100 degF"
2011-06-16,"STO_8",309,"range","outside -20 to 100 degF"
2011-06-17,"STO_8",298,"range","outside -20 to 100 degF"
2011-06-18,"STO_8",284,"range","outside -20 to 100 degF"
2011-06-19,"STO_8",304,"range","outside -20 to 100 degF"
2011-06-20,"STO_8",293,"range","outside -20 to 100 degF"
2011-06-21,"STO_8",304,"range","outside -20 to 100 degF"
2011-06-22,"STO_8",323,"range","outside -20 to 100 degF"
2011-06-23,"STO_8",316,"range","outside -20 to 100 degF"
2011-06-24,"STO_8",330,"range","outside -20 to 100 degF"
2011-06-25,"STO_8",323,"range","outside -20 to 100 degF"
2011-06-26,"STO_8",309,"range","outside -20 to 100 degF"
2011-06-27,"STO_8",309,"range","outside -20 to 100 degF"
2011-06-28,"STO_8",309,"range","outside -20 to 100 degF"
2011-06-29,"STO_8",349,"range","outside -20 to 100 degF"
2011-06-29,"STO_8",349,"spike","day-to-day change 40.00 (8 robust SD = 23.72)"
2011-06-30,"STO_8",349,"range","outside -20 to 100 degF"
2011-07-01,"STO_8",373,"range","outside -20 to 100 degF"
2011-07-01,"STO_8",373,"spike","day-to-day change 24.00 (8 robust SD = 23.72)"
2011-07-02,"STO_8",518,"range","outside -20 to 100 degF"
2011-07-02,"STO_8",518,"spike","day-to-day change 145.00 (8 robust SD = 23.72)"
2011-07-03,"STO_8",518,"range","outside -20 to 100 degF"
2011-07-04,"STO_8",623,"range","outside -20 to 100 degF"
2011-07-04,"STO_8",623,"spike","day-to-day change 105.00 (8 robust SD = 23.72)"
2011-07-05,"STO_8",623,"range","outside -20 to 100 degF"
2011-07-06,"STO_8",518,"range","outside -20 to 100 degF"
2011-07-06,"STO_8",518,"spike","day-to-day change -105.00 (8 robust SD = 23.72)"
2011-07-07,"STO_8",518,"range","outside -20 to 100 degF"
2011-07-08,"STO_8",466,"range","outside -20 to 100 degF"
2011-07-08,"STO_8",466,"spike","day-to-day change -52.00 (8 robust SD = 23.72)"
2011-07-10,"STO_8",-460,"range","outside -20 to 100 degF"
2014-11-14,"STO_8",34,"flat_run","same value for >= 60 days"
2014-11-15,"STO_8",34,"flat_run","same value for >= 60 days"
2014-11-16,"STO_8",34,"flat_run","same value for >= 60 days"
2014-11-17,"STO_8",34,"flat_run","same value for >= 60 days"
2014-11-18,"STO_8",34,"flat_run","same value for >= 60 days"
2014-11-19,"STO_8",34,"flat_run","same value for >= 60 days"
2014-11-20,"STO_8",34,"flat_run","same value for >= 60 days"
2014-11-21,"STO_8",34,"flat_run","same value for >= 60 days"
2014-11-22,"STO_8",34,"flat_run","same value for >= 60 days"
2014-11-23,"STO_8",34,"flat_run","same value for >= 60 days"
2014-11-24,"STO_8",34,"flat_run","same value for >= 60 days"
2014-11-25,"STO_8",34,"flat_run","same value for >= 60 days"
2014-11-26,"STO_8",34,"flat_run","same value for >= 60 days"
2014-11-27,"STO_8",34,"flat_run","same value for >= 60 days"
2014-11-28,"STO_8",34,"flat_run","same value for >= 60 days"
2014-11-29,"STO_8",34,"flat_run","same value for >= 60 days"
2014-11-30,"STO_8",34,"flat_run","same value for >= 60 days"
2014-12-01,"STO_8",34,"flat_run","same value for >= 60 days"
2014-12-02,"STO_8",34,"flat_run","same value for >= 60 days"
2014-12-03,"STO_8",34,"flat_run","same value for >= 60 days"
2014-12-04,"STO_8",34,"flat_run","same value for >= 60 days"
2014-12-05,"STO_8",34,"flat_run","same value for >= 60 days"
2014-12-06,"STO_8",34,"flat_run","same value for >= 60 days"
2014-12-07,"STO_8",34,"flat_run","same value for >= 60 days"
2014-12-08,"STO_8",34,"flat_run","same value for >= 60 days"
2014-12-09,"STO_8",34,"flat_run","same value for >= 60 days"
2014-12-10,"STO_8",34,"flat_run","same value for >= 60 days"
2014-12-11,"STO_8",34,"flat_run","same value for >= 60 days"
2014-12-12,"STO_8",34,"flat_run","same value for >= 60 days"
2014-12-13,"STO_8",34,"flat_run","same value for >= 60 days"
2014-12-14,"STO_8",34,"flat_run","same value for >= 60 days"
2014-12-15,"STO_8",34,"flat_run","same value for >= 60 days"
2014-12-16,"STO_8",34,"flat_run","same value for >= 60 days"
2014-12-17,"STO_8",34,"flat_run","same value for >= 60 days"
2014-12-18,"STO_8",34,"flat_run","same value for >= 60 days"
2014-12-19,"STO_8",34,"flat_run","same value for >= 60 days"
2014-12-20,"STO_8",34,"flat_run","same value for >= 60 days"
2014-12-21,"STO_8",34,"flat_run","same value for >= 60 days"
2014-12-22,"STO_8",34,"flat_run","same value for >= 60 days"
2014-12-23,"STO_8",34,"flat_run","same value for >= 60 days"
2014-12-24,"STO_8",34,"flat_run","same value for >= 60 days"
2014-12-25,"STO_8",34,"flat_run","same value for >= 60 days"
2014-12-26,"STO_8",34,"flat_run","same value for >= 60 days"
2014-12-27,"STO_8",34,"flat_run","same value for >= 60 days"
2014-12-28,"STO_8",34,"flat_run","same value for >= 60 days"
2014-12-29,"STO_8",34,"flat_run","same value for >= 60 days"
2014-12-30,"STO_8",34,"flat_run","same value for >= 60 days"
2014-12-31,"STO_8",34,"flat_run","same value for >= 60 days"
2015-01-01,"STO_8",34,"flat_run","same value for >= 60 days"
2015-01-02,"STO_8",34,"flat_run","same value for >= 60 days"
2015-01-03,"STO_8",34,"flat_run","same value for >= 60 days"
2015-01-04,"STO_8",34,"flat_run","same value for >= 60 days"
2015-01-05,"STO_8",34,"flat_run","same value for >= 60 days"
2015-01-06,"STO_8",34,"flat_run","same value for >= 60 days"
2015-01-07,"STO_8",34,"flat_run","same value for >= 60 days"
2015-01-08,"STO_8",34,"flat_run","same value for >= 60 days"
2015-01-09,"STO_8",34,"flat_run","same value for >= 60 days"
2015-01-10,"STO_8",34,"flat_run","same value for >= 60 days"
2015-01-11,"STO_8",34,"flat_run","same value for >= 60 days"
2015-01-12,"STO_8",34,"flat_run","same value for >= 60 days"
2015-11-27,"STO_8",34,"flat_run","same value for >= 60 days"
2015-11-28,"STO_8",34,"flat_run","same value for >= 60 days"
2015-11-29,"STO_8",34,"flat_run","same value for >= 60 days"
2015-11-30,"STO_8",34,"flat_run","same value for >= 60 days"
2015-12-01,"STO_8",34,"flat_run","same value for >= 60 days"
2015-12-02,"STO_8",34,"flat_run","same value for >= 60 days"
2015-12-03,"STO_8",34,"flat_run","same value for >= 60 days"
2015-12-04,"STO_8",34,"flat_run","same value for >= 60 days"
2015-12-05,"STO_8",34,"flat_run","same value for >= 60 days"
2015-12-06,"STO_8",34,"flat_run","same value for >= 60 days"
2015-12-07,"STO_8",34,"flat_run","same value for >= 60 days"
2015-12-08,"STO_8",34,"flat_run","same value for >= 60 days"
2015-12-09,"STO_8",34,"flat_run","same value for >= 60 days"
2015-12-10,"STO_8",34,"flat_run","same value for >= 60 days"
2015-12-11,"STO_8",34,"flat_run","same value for >= 60 days"
2015-12-12,"STO_8",34,"flat_run","same value for >= 60 days"
2015-12-13,"STO_8",34,"flat_run","same value for >= 60 days"
2015-12-14,"STO_8",34,"flat_run","same value for >= 60 days"
2015-12-15,"STO_8",34,"flat_run","same value for >= 60 days"
2015-12-16,"STO_8",34,"flat_run","same value for >= 60 days"
2015-12-17,"STO_8",34,"flat_run","same value for >= 60 days"
2015-12-18,"STO_8",34,"flat_run","same value for >= 60 days"
2015-12-19,"STO_8",34,"flat_run","same value for >= 60 days"
2015-12-20,"STO_8",34,"flat_run","same value for >= 60 days"
2015-12-21,"STO_8",34,"flat_run","same value for >= 60 days"
2015-12-22,"STO_8",34,"flat_run","same value for >= 60 days"
2015-12-23,"STO_8",34,"flat_run","same value for >= 60 days"
2015-12-24,"STO_8",34,"flat_run","same value for >= 60 days"
2015-12-25,"STO_8",34,"flat_run","same value for >= 60 days"
2015-12-26,"STO_8",34,"flat_run","same value for >= 60 days"
2015-12-27,"STO_8",34,"flat_run","same value for >= 60 days"
2015-12-28,"STO_8",34,"flat_run","same value for >= 60 days"
2015-12-29,"STO_8",34,"flat_run","same value for >= 60 days"
2015-12-30,"STO_8",34,"flat_run","same value for >= 60 days"
2015-12-31,"STO_8",34,"flat_run","same value for >= 60 days"
2016-01-01,"STO_8",34,"flat_run","same value for >= 60 days"
2016-01-02,"STO_8",34,"flat_run","same value for >= 60 days"
2016-01-03,"STO_8",34,"flat_run","same value for >= 60 days"
2016-01-04,"STO_8",34,"flat_run","same value for >= 60 days"
2016-01-05,"STO_8",34,"flat_run","same value for >= 60 days"
2016-01-06,"STO_8",34,"flat_run","same value for >= 60 days"
2016-01-07,"STO_8",34,"flat_run","same value for >= 60 days"
2016-01-08,"STO_8",34,"flat_run","same value for >= 60 days"
2016-01-09,"STO_8",34,"flat_run","same value for >= 60 days"
2016-01-10,"STO_8",34,"flat_run","same value for >= 60 days"
2016-01-11,"STO_8",34,"flat_run","same value for >= 60 days"
2016-01-12,"STO_8",34,"flat_run","same value for >= 60 days"
2016-01-13,"STO_8",34,"flat_run","same value for >= 60 days"
2016-01-14,"STO_8",34,"flat_run","same value for >= 60 days"
2016-01-15,"STO_8",34,"flat_run","same value for >= 60 days"
2016-01-16,"STO_8",34,"flat_run","same value for >= 60 days"
2016-01-17,"STO_8",34,"flat_run","same value for >= 60 days"
2016-01-18,"STO_8",34,"flat_run","same value for >= 60 days"
2016-01-19,"STO_8",34,"flat_run","same value for >= 60 days"
2016-01-20,"STO_8",34,"flat_run","same value for >= 60 days"
2016-01-21,"STO_8",34,"flat_run","same value for >= 60 days"
2016-01-22,"STO_8",34,"flat_run","same value for >= 60 days"
2016-01-23,"STO_8",34,"flat_run","same value for >= 60 days"
2016-01-24,"STO_8",34,"flat_run","same value for >= 60 days"
2016-01-25,"STO_8",34,"flat_run","same value for >= 60 days"
2016-01-26,"STO_8",34,"flat_run","same value for >= 60 days"
2016-01-27,"STO_8",34,"flat_run","same value for >= 60 days"
2016-01-28,"STO_8",34,"flat_run","same value for >= 60 days"
2016-01-29,"STO_8",34,"flat_run","same value for >= 60 days"
2016-01-30,"STO_8",34,"flat_run","same value for >= 60 days"
2016-01-31,"STO_8",34,"flat_run","same value for >= 60 days"
2016-02-01,"STO_8",34,"flat_run","same value for >= 60 days"
2016-02-02,"STO_8",34,"flat_run","same value for >= 60 days"
2016-02-03,"STO_8",34,"flat_run","same value for >= 60 days"
2016-02-04,"STO_8",34,"flat_run","same value for >= 60 days"
2016-02-05,"STO_8",34,"flat_run","same value for >= 60 days"
2016-02-06,"STO_8",34,"flat_run","same value for >= 60 days"
2016-02-07,"STO_8",34,"flat_run","same value for >= 60 days"
2016-02-08,"STO_8",34,"flat_run","same value for >= 60 days"
2016-02-09,"STO_8",34,"flat_run","same value for >= 60 days"
2016-02-10,"STO_8",34,"flat_run","same value for >= 60 days"
2016-02-11,"STO_8",34,"flat_run","same value for >= 60 days"
2016-02-12,"STO_8",34,"flat_run","same value for >= 60 days"
2016-02-13,"STO_8",34,"flat_run","same value for >= 60 days"
2016-02-14,"STO_8",34,"flat_run","same value for >= 60 days"
2016-02-15,"STO_8",34,"flat_run","same value for >= 60 days"
2016-02-16,"STO_8",34,"flat_run","same value for >= 60 days"
2018-11-13,"STO_8",34,"flat_run","same value for >= 60 days"
2018-11-14,"STO_8",34,"flat_run","same value for >= 60 days"
2018-11-15,"STO_8",34,"flat_run","same value for >= 60 days"
2018-11-16,"STO_8",34,"flat_run","same value for >= 60 days"
2018-11-17,"STO_8",34,"flat_run","same value for >= 60 days"
2018-11-18,"STO_8",34,"flat_run","same value for >= 60 days"
2018-11-19,"STO_8",34,"flat_run","same value for >= 60 days"
2018-11-20,"STO_8",34,"flat_run","same value for >= 60 days"
2018-11-21,"STO_8",34,"flat_run","same value for >= 60 days"
2018-11-22,"STO_8",34,"flat_run","same value for >= 60 days"
2018-11-23,"STO_8",34,"flat_run","same value for >= 60 days"
2018-11-24,"STO_8",34,"flat_run","same value for >= 60 days"
2018-11-25,"STO_8",34,"flat_run","same value for >= 60 days"
2018-11-26,"STO_8",34,"flat_run","same value for >= 60 days"
2018-11-27,"STO_8",34,"flat_run","same value for >= 60 days"
2018-11-28,"STO_8",34,"flat_run","same value for >= 60 days"
2018-11-29,"STO_8",34,"flat_run","same value for >= 60 days"
2018-11-30,"STO_8",34,"flat_run","same value for >= 60 days"
2018-12-01,"STO_8",34,"flat_run","same value for >= 60 days"
2018-12-02,"STO_8",34,"flat_run","same value for >= 60 days"
2018-12-03,"STO_8",34,"flat_run","same value for >= 60 days"
2018-12-04,"STO_8",34,"flat_run","same value for >= 60 days"
2018-12-05,"STO_8",34,"flat_run","same value for >= 60 days"
2018-12-06,"STO_8",34,"flat_run","same value for >= 60 days"
2018-12-07,"STO_8",34,"flat_run","same value for >= 60 days"
2018-12-08,"STO_8",34,"flat_run","same value for >= 60 days"
2018-12-09,"STO_8",34,"flat_run","same value for >= 60 days"
2018-12-10,"STO_8",34,"flat_run","same value for >= 60 days"
2018-12-11,"STO_8",34,"flat_run","same value for >= 60 days"
2018-12-12,"STO_8",34,"flat_run","same value for >= 60 days"
2018-12-13,"STO_8",34,"flat_run","same value for >= 60 days"
2018-12-14,"STO_8",34,"flat_run","same value for >= 60 days"
2018-12-15,"STO_8",34,"flat_run","same value for >= 60 days"
2018-12-16,"STO_8",34,"flat_run","same value for >= 60 days"
2018-12-17,"STO_8",34,"flat_run","same value for >= 60 days"
2018-12-18,"STO_8",34,"flat_run","same value for >= 60 days"
2018-12-19,"STO_8",34,"flat_run","same value for >= 60 days"
2018-12-20,"STO_8",34,"flat_run","same value for >= 60 days"
2018-12-21,"STO_8",34,"flat_run","same value for >= 60 days"
2018-12-22,"STO_8",34,"flat_run","same value for >= 60 days"
2018-12-23,"STO_8",34,"flat_run","same value for >= 60 days"
2018-12-24,"STO_8",34,"flat_run","same value for >= 60 days"
2018-12-25,"STO_8",34,"flat_run","same value for >= 60 days"
2018-12-26,"STO_8",34,"flat_run","same value for >= 60 days"
2018-12-27,"STO_8",34,"flat_run","same value for >= 60 days"
2018-12-28,"STO_8",34,"flat_run","same value for >= 60 days"
2018-12-29,"STO_8",34,"flat_run","same value for >= 60 days"
2018-12-30,"STO_8",34,"flat_run","same value for >= 60 days"
2018-12-31,"STO_8",34,"flat_run","same value for >= 60 days"
2019-01-01,"STO_8",34,"flat_run","same value for >= 60 days"
2019-01-02,"STO_8",34,"flat_run","same value for >= 60 days"
2019-01-03,"STO_8",34,"flat_run","same value for >= 60 days"
2019-01-04,"STO_8",34,"flat_run","same value for >= 60 days"
2019-01-05,"STO_8",34,"flat_run","same value for >= 60 days"
2019-01-06,"STO_8",34,"flat_run","same value for >= 60 days"
2019-01-07,"STO_8",34,"flat_run","same value for >= 60 days"
2019-01-08,"STO_8",34,"flat_run","same value for >= 60 days"
2019-01-09,"STO_8",34,"flat_run","same value for >= 60 days"
2019-01-10,"STO_8",34,"flat_run","same value for >= 60 days"
2019-01-11,"STO_8",34,"flat_run","same value for >= 60 days"
2022-11-20,"STO_8",34,"flat_run","same value for >= 60 days"
2022-11-21,"STO_8",34,"flat_run","same value for >= 60 days"
2022-11-22,"STO_8",34,"flat_run","same value for >= 60 days"
2022-11-23,"STO_8",34,"flat_run","same value for >= 60 days"
2022-11-24,"STO_8",34,"flat_run","same value for >= 60 days"
2022-11-25,"STO_8",34,"flat_run","same value for >= 60 days"
2022-11-26,"STO_8",34,"flat_run","same value for >= 60 days"
2022-11-27,"STO_8",34,"flat_run","same value for >= 60 days"
2022-11-28,"STO_8",34,"flat_run","same value for >= 60 days"
2022-11-29,"STO_8",34,"flat_run","same value for >= 60 days"
2022-11-30,"STO_8",34,"flat_run","same value for >= 60 days"
2022-12-01,"STO_8",34,"flat_run","same value for >= 60 days"
2022-12-02,"STO_8",34,"flat_run","same value for >= 60 days"
2022-12-03,"STO_8",34,"flat_run","same value for >= 60 days"
2022-12-04,"STO_8",34,"flat_run","same value for >= 60 days"
2022-12-05,"STO_8",34,"flat_run","same value for >= 60 days"
2022-12-06,"STO_8",34,"flat_run","same value for >= 60 days"
2022-12-07,"STO_8",34,"flat_run","same value for >= 60 days"
2022-12-08,"STO_8",34,"flat_run","same value for >= 60 days"
2022-12-09,"STO_8",34,"flat_run","same value for >= 60 days"
2022-12-10,"STO_8",34,"flat_run","same value for >= 60 days"
2022-12-11,"STO_8",34,"flat_run","same value for >= 60 days"
2022-12-12,"STO_8",34,"flat_run","same value for >= 60 days"
2022-12-13,"STO_8",34,"flat_run","same value for >= 60 days"
2022-12-14,"STO_8",34,"flat_run","same value for >= 60 days"
2022-12-15,"STO_8",34,"flat_run","same value for >= 60 days"
2022-12-16,"STO_8",34,"flat_run","same value for >= 60 days"
2022-12-17,"STO_8",34,"flat_run","same value for >= 60 days"
2022-12-18,"STO_8",34,"flat_run","same value for >= 60 days"
2022-12-19,"STO_8",34,"flat_run","same value for >= 60 days"
2022-12-20,"STO_8",34,"flat_run","same value for >= 60 days"
2022-12-21,"STO_8",34,"flat_run","same value for >= 60 days"
2022-12-22,"STO_8",34,"flat_run","same value for >= 60 days"
2022-12-23,"STO_8",34,"flat_run","same value for >= 60 days"
2022-12-24,"STO_8",34,"flat_run","same value for >= 60 days"
2022-12-25,"STO_8",34,"flat_run","same value for >= 60 days"
2022-12-26,"STO_8",34,"flat_run","same value for >= 60 days"
2022-12-27,"STO_8",34,"flat_run","same value for >= 60 days"
2022-12-28,"STO_8",34,"flat_run","same value for >= 60 days"
2022-12-29,"STO_8",34,"flat_run","same value for >= 60 days"
2022-12-30,"STO_8",34,"flat_run","same value for >= 60 days"
2022-12-31,"STO_8",34,"flat_run","same value for >= 60 days"
2023-01-01,"STO_8",34,"flat_run","same value for >= 60 days"
2023-01-02,"STO_8",34,"flat_run","same value for >= 60 days"
2023-01-03,"STO_8",34,"flat_run","same value for >= 60 days"
2023-01-04,"STO_8",34,"flat_run","same value for >= 60 days"
2023-01-05,"STO_8",34,"flat_run","same value for >= 60 days"
2023-01-06,"STO_8",34,"flat_run","same value for >= 60 days"
2023-01-07,"STO_8",34,"flat_run","same value for >= 60 days"
2023-01-08,"STO_8",34,"flat_run","same value for >= 60 days"
2023-01-09,"STO_8",34,"flat_run","same value for >= 60 days"
2023-01-10,"STO_8",34,"flat_run","same value for >= 60 days"
2023-01-11,"STO_8",34,"flat_run","same value for >= 60 days"
2023-01-12,"STO_8",34,"flat_run","same value for >= 60 days"
2023-01-13,"STO_8",34,"flat_run","same value for >= 60 days"
2023-01-14,"STO_8",34,"flat_run","same value for >= 60 days"
2023-01-15,"STO_8",34,"flat_run","same value for >= 60 days"
2023-01-16,"STO_8",34,"flat_run","same value for >= 60 days"
2023-01-17,"STO_8",34,"flat_run","same value for >= 60 days"
2023-01-18,"STO_8",34,"flat_run","same value for >= 60 days"
2023-01-19,"STO_8",34,"flat_run","same value for >= 60 days"
2023-01-20,"STO_8",34,"flat_run","same value for >= 60 days"
2023-01-21,"STO_8",34,"flat_run","same value for >= 60 days"
2024-12-01,"STO_8",35,"flat_run","same value for >= 60 days"
2024-12-02,"STO_8",35,"flat_run","same value for >= 60 days"
2024-12-03,"STO_8",35,"flat_run","same value for >= 60 days"
2024-12-04,"STO_8",35,"flat_run","same value for >= 60 days"
2024-12-05,"STO_8",35,"flat_run","same value for >= 60 days"
2024-12-06,"STO_8",35,"flat_run","same value for >= 60 days"
2024-12-07,"STO_8",35,"flat_run","same value for >= 60 days"
2024-12-08,"STO_8",35,"flat_run","same value for >= 60 days"
2024-12-09,"STO_8",35,"flat_run","same value for >= 60 days"
2024-12-10,"STO_8",35,"flat_run","same value for >= 60 days"
2024-12-11,"STO_8",35,"flat_run","same value for >= 60 days"
2024-12-12,"STO_8",35,"flat_run","same value for >= 60 days"
2024-12-13,"STO_8",35,"flat_run","same value for >= 60 days"
2024-12-14,"STO_8",35,"flat_run","same value for >= 60 days"
2024-12-15,"STO_8",35,"flat_run","same value for >= 60 days"
2024-12-16,"STO_8",35,"flat_run","same value for >= 60 days"
2024-12-17,"STO_8",35,"flat_run","same value for >= 60 days"
2024-12-18,"STO_8",35,"flat_run","same value for >= 60 days"
2024-12-19,"STO_8",35,"flat_run","same value for >= 60 days"
2024-12-20,"STO_8",35,"flat_run","same value for >= 60 days"
2024-12-21,"STO_8",35,"flat_run","same value for >= 60 days"
2024-12-22,"STO_8",35,"flat_run","same value for >= 60 days"
2024-12-23,"STO_8",35,"flat_run","same value for >= 60 days"
2024-12-24,"STO_8",35,"flat_run","same value for >= 60 days"
2024-12-25,"STO_8",35,"flat_run","same value for >= 60 days"
2024-12-26,"STO_8",35,"flat_run","same value for >= 60 days"
2024-12-27,"STO_8",35,"flat_run","same value for >= 60 days"
2024-12-28,"STO_8",35,"flat_run","same value for >= 60 days"
2024-12-29,"STO_8",35,"flat_run","same value for >= 60 days"
2024-12-30,"STO_8",35,"flat_run","same value for >= 60 days"
2024-12-31,"STO_8",35,"flat_run","same value for >= 60 days"
2025-01-01,"STO_8",35,"flat_run","same value for >= 60 days"
2025-01-02,"STO_8",35,"flat_run","same value for >= 60 days"
2025-01-03,"STO_8",35,"flat_run","same value for >= 60 days"
2025-01-04,"STO_8",35,"flat_run","same value for >= 60 days"
2025-01-05,"STO_8",35,"flat_run","same value for >= 60 days"
2025-01-06,"STO_8",35,"flat_run","same value for >= 60 days"
2025-01-07,"STO_8",35,"flat_run","same value for >= 60 days"
2025-01-08,"STO_8",35,"flat_run","same value for >= 60 days"
2025-01-09,"STO_8",35,"flat_run","same value for >= 60 days"
2025-01-10,"STO_8",35,"flat_run","same value for >= 60 days"
2025-01-11,"STO_8",35,"flat_run","same value for >= 60 days"
2025-01-12,"STO_8",35,"flat_run","same value for >= 60 days"
2025-01-13,"STO_8",35,"flat_run","same value for >= 60 days"
2025-01-14,"STO_8",35,"flat_run","same value for >= 60 days"
2025-01-15,"STO_8",35,"flat_run","same value for >= 60 days"
2025-01-16,"STO_8",35,"flat_run","same value for >= 60 days"
2025-01-17,"STO_8",35,"flat_run","same value for >= 60 days"
2025-01-18,"STO_8",35,"flat_run","same value for >= 60 days"
2025-01-19,"STO_8",35,"flat_run","same value for >= 60 days"
2025-01-20,"STO_8",35,"flat_run","same value for >= 60 days"
2025-01-21,"STO_8",35,"flat_run","same value for >= 60 days"
2025-01-22,"STO_8",35,"flat_run","same value for >= 60 days"
2025-01-23,"STO_8",35,"flat_run","same value for >= 60 days"
2025-01-24,"STO_8",35,"flat_run","same value for >= 60 days"
2025-01-25,"STO_8",35,"flat_run","same value for >= 60 days"
2025-01-26,"STO_8",35,"flat_run","same value for >= 60 days"
2025-01-27,"STO_8",35,"flat_run","same value for >= 60 days"
2025-01-28,"STO_8",35,"flat_run","same value for >= 60 days"
2025-01-29,"STO_8",35,"flat_run","same value for >= 60 days"
2025-01-30,"STO_8",35,"flat_run","same value for >= 60 days"
2025-01-31,"STO_8",35,"flat_run","same value for >= 60 days"
2025-02-01,"STO_8",35,"flat_run","same value for >= 60 days"
2025-02-02,"STO_8",35,"flat_run","same value for >= 60 days"
2025-02-03,"STO_8",35,"flat_run","same value for >= 60 days"
2025-02-04,"STO_8",35,"flat_run","same value for >= 60 days"
2025-02-05,"STO_8",35,"flat_run","same value for >= 60 days"
2025-02-06,"STO_8",35,"flat_run","same value for >= 60 days"
2025-02-07,"STO_8",35,"flat_run","same value for >= 60 days"
2025-02-08,"STO_8",35,"flat_run","same value for >= 60 days"
2025-02-09,"STO_8",35,"flat_run","same value for >= 60 days"
2025-02-10,"STO_8",35,"flat_run","same value for >= 60 days"
2025-02-11,"STO_8",35,"flat_run","same value for >= 60 days"
2025-02-12,"STO_8",35,"flat_run","same value for >= 60 days"
2025-02-13,"STO_8",35,"flat_run","same value for >= 60 days"
2025-02-14,"STO_8",35,"flat_run","same value for >= 60 days"
2025-02-15,"STO_8",35,"flat_run","same value for >= 60 days"
2025-02-16,"STO_8",35,"flat_run","same value for >= 60 days"
2025-02-17,"STO_8",35,"flat_run","same value for >= 60 days"
2025-02-18,"STO_8",35,"flat_run","same value for >= 60 days"
2025-02-19,"STO_8",35,"flat_run","same value for >= 60 days"
2025-02-20,"STO_8",35,"flat_run","same value for >= 60 days"
2025-02-21,"STO_8",35,"flat_run","same value for >= 60 days"
2025-02-22,"STO_8",35,"flat_run","same value for >= 60 days"
2025-02-23,"STO_8",35,"flat_run","same value for >= 60 days"
2025-02-24,"STO_8",35,"flat_run","same value for >= 60 days"
2025-02-25,"STO_8",35,"flat_run","same value for >= 60 days"
2025-02-26,"STO_8",35,"flat_run","same value for >= 60 days"
2025-02-27,"STO_8",35,"flat_run","same value for >= 60 days"
2025-02-28,"STO_8",35,"flat_run","same value for >= 60 days"
2025-03-01,"STO_8",35,"flat_run","same value for >= 60 days"
2025-03-02,"STO_8",35,"flat_run","same value for >= 60 days"
2025-03-03,"STO_8",35,"flat_run","same value for >= 60 days"
2025-03-04,"STO_8",35,"flat_run","same value for >= 60 days"
2025-03-05,"STO_8",35,"flat_run","same value for >= 60 days"
2025-03-06,"STO_8",35,"flat_run","same value for >= 60 days"
2025-03-07,"STO_8",35,"flat_run","same value for >= 60 days"
2025-03-08,"STO_8",35,"flat_run","same value for >= 60 days"
2025-03-09,"STO_8",35,"flat_run","same value for >= 60 days"
2025-03-10,"STO_8",35,"flat_run","same value for >= 60 days"
2025-03-11,"STO_8",35,"flat_run","same value for >= 60 days"
2025-03-12,"STO_8",35,"flat_run","same value for >= 60 days"
2025-03-13,"STO_8",35,"flat_run","same value for >= 60 days"
2025-03-14,"STO_8",35,"flat_run","same value for >= 60 days"
2025-03-15,"STO_8",35,"flat_run","same value for >= 60 days"
2025-03-16,"STO_8",35,"flat_run","same value for >= 60 days"
2025-03-17,"STO_8",35,"flat_run","same value for >= 60 days"
2025-03-18,"STO_8",35,"flat_run","same value for >= 60 days"
2025-03-19,"STO_8",35,"flat_run","same value for >= 60 days"
2025-03-20,"STO_8",35,"flat_run","same value for >= 60 days"
2025-03-21,"STO_8",35,"flat_run","same value for >= 60 days"
2025-03-22,"STO_8",35,"flat_run","same value for >= 60 days"
2025-03-23,"STO_8",35,"flat_run","same value for >= 60 days"
2025-03-24,"STO_8",35,"flat_run","same value for >= 60 days"
2025-03-25,"STO_8",35,"flat_run","same value for >= 60 days"
2025-03-26,"STO_8",35,"flat_run","same value for >= 60 days"
2025-03-27,"STO_8",35,"flat_run","same value for >= 60 days"
2025-12-14,"STO_8",34,"flat_run","same value for >= 60 days"
2025-12-15,"STO_8",34,"flat_run","same value for >= 60 days"
2025-12-16,"STO_8",34,"flat_run","same value for >= 60 days"
2025-12-17,"STO_8",34,"flat_run","same value for >= 60 days"
2025-12-18,"STO_8",34,"flat_run","same value for >= 60 days"
2025-12-19,"STO_8",34,"flat_run","same value for >= 60 days"
2025-12-20,"STO_8",34,"flat_run","same value for >= 60 days"
2025-12-21,"STO_8",34,"flat_run","same value for >= 60 days"
2025-12-22,"STO_8",34,"flat_run","same value for >= 60 days"
2025-12-23,"STO_8",34,"flat_run","same value for >= 60 days"
2025-12-24,"STO_8",34,"flat_run","same value for >= 60 days"
2025-12-25,"STO_8",34,"flat_run","same value for >= 60 days"
2025-12-26,"STO_8",34,"flat_run","same value for >= 60 days"
2025-12-27,"STO_8",34,"flat_run","same value for >= 60 days"
2025-12-28,"STO_8",34,"flat_run","same value for >= 60 days"
2025-12-29,"STO_8",34,"flat_run","same value for >= 60 days"
2025-12-30,"STO_8",34,"flat_run","same value for >= 60 days"
2025-12-31,"STO_8",34,"flat_run","same value for >= 60 days"
2026-01-01,"STO_8",34,"flat_run","same value for >= 60 days"
2026-01-02,"STO_8",34,"flat_run","same value for >= 60 days"
2026-01-03,"STO_8",34,"flat_run","same value for >= 60 days"
2026-01-04,"STO_8",34,"flat_run","same value for >= 60 days"
2026-01-05,"STO_8",34,"flat_run","same value for >= 60 days"
2026-01-06,"STO_8",34,"flat_run","same value for >= 60 days"
2026-01-07,"STO_8",34,"flat_run","same value for >= 60 days"
2026-01-08,"STO_8",34,"flat_run","same value for >= 60 days"
2026-01-09,"STO_8",34,"flat_run","same value for >= 60 days"
2026-01-10,"STO_8",34,"flat_run","same value for >= 60 days"
2026-01-11,"STO_8",34,"flat_run","same value for >= 60 days"
2026-01-12,"STO_8",34,"flat_run","same value for >= 60 days"
2026-01-13,"STO_8",34,"flat_run","same value for >= 60 days"
2026-01-14,"STO_8",34,"flat_run","same value for >= 60 days"
2026-01-15,"STO_8",34,"flat_run","same value for >= 60 days"
2026-01-16,"STO_8",34,"flat_run","same value for >= 60 days"
2026-01-17,"STO_8",34,"flat_run","same value for >= 60 days"
2026-01-18,"STO_8",34,"flat_run","same value for >= 60 days"
2026-01-19,"STO_8",34,"flat_run","same value for >= 60 days"
2026-01-20,"STO_8",34,"flat_run","same value for >= 60 days"
2026-01-21,"STO_8",34,"flat_run","same value for >= 60 days"
2026-01-22,"STO_8",34,"flat_run","same value for >= 60 days"
2026-01-23,"STO_8",34,"flat_run","same value for >= 60 days"
2026-01-24,"STO_8",34,"flat_run","same value for >= 60 days"
2026-01-25,"STO_8",34,"flat_run","same value for >= 60 days"
2026-01-26,"STO_8",34,"flat_run","same value for >= 60 days"
2026-01-27,"STO_8",34,"flat_run","same value for >= 60 days"
2026-01-28,"STO_8",34,"flat_run","same value for >= 60 days"
2026-01-29,"STO_8",34,"flat_run","same value for >= 60 days"
2026-01-30,"STO_8",34,"flat_run","same value for >= 60 days"
2026-01-31,"STO_8",34,"flat_run","same value for >= 60 days"
2026-02-01,"STO_8",34,"flat_run","same value for >= 60 days"
2026-02-02,"STO_8",34,"flat_run","same value for >= 60 days"
2026-02-03,"STO_8",34,"flat_run","same value for >= 60 days"
2026-02-04,"STO_8",34,"flat_run","same value for >= 60 days"
2026-02-05,"STO_8",34,"flat_run","same value for >= 60 days"
2026-02-06,"STO_8",34,"flat_run","same value for >= 60 days"
2026-02-07,"STO_8",34,"flat_run","same value for >= 60 days"
2026-02-08,"STO_8",34,"flat_run","same value for >= 60 days"
2026-02-09,"STO_8",34,"flat_run","same value for >= 60 days"
2026-02-10,"STO_8",34,"flat_run","same value for >= 60 days"
2026-02-11,"STO_8",34,"flat_run","same value for >= 60 days"
2026-02-12,"STO_8",34,"flat_run","same value for >= 60 days"
2026-02-13,"STO_8",34,"flat_run","same value for >= 60 days"
2026-02-14,"STO_8",34,"flat_run","same value for >= 60 days"
2026-02-15,"STO_8",34,"flat_run","same value for >= 60 days"
2026-02-16,"STO_8",34,"flat_run","same value for >= 60 days"
2026-02-17,"STO_8",34,"flat_run","same value for >= 60 days"
2026-02-18,"STO_8",34,"flat_run","same value for >= 60 days"
2026-02-19,"STO_8",34,"flat_run","same value for >= 60 days"
2026-02-20,"STO_8",34,"flat_run","same value for >= 60 days"
2026-02-21,"STO_8",34,"flat_run","same value for >= 60 days"
2026-02-22,"STO_8",34,"flat_run","same value for >= 60 days"
2026-02-23,"STO_8",34,"flat_run","same value for >= 60 days"
2026-02-24,"STO_8",34,"flat_run","same value for >= 60 days"
2026-02-25,"STO_8",34,"flat_run","same value for >= 60 days"
2026-02-26,"STO_8",34,"flat_run","same value for >= 60 days"
2026-02-27,"STO_8",34,"flat_run","same value for >= 60 days"
2026-02-28,"STO_8",34,"flat_run","same value for >= 60 days"
2026-03-01,"STO_8",34,"flat_run","same value for >= 60 days"
2026-03-02,"STO_8",34,"flat_run","same value for >= 60 days"
2026-03-03,"STO_8",34,"flat_run","same value for >= 60 days"
2026-03-04,"STO_8",34,"flat_run","same value for >= 60 days"
2026-03-05,"STO_8",34,"flat_run","same value for >= 60 days"
2026-03-06,"STO_8",34,"flat_run","same value for >= 60 days"
2026-03-07,"STO_8",34,"flat_run","same value for >= 60 days"
2026-03-08,"STO_8",34,"flat_run","same value for >= 60 days"
2026-03-09,"STO_8",34,"flat_run","same value for >= 60 days"
2026-03-10,"STO_8",34,"flat_run","same value for >= 60 days"
2026-03-11,"STO_8",34,"flat_run","same value for >= 60 days"
2026-03-12,"STO_8",34,"flat_run","same value for >= 60 days"
2026-03-13,"STO_8",34,"flat_run","same value for >= 60 days"
2026-03-14,"STO_8",34,"flat_run","same value for >= 60 days"
2026-03-15,"STO_8",34,"flat_run","same value for >= 60 days"
2026-03-16,"STO_8",34,"flat_run","same value for >= 60 days"
2026-03-17,"STO_8",34,"flat_run","same value for >= 60 days"
2026-03-18,"STO_8",34,"flat_run","same value for >= 60 days"
2026-03-19,"STO_8",34,"flat_run","same value for >= 60 days"
2026-03-20,"STO_8",34,"flat_run","same value for >= 60 days"
2026-03-21,"STO_8",34,"flat_run","same value for >= 60 days"
2026-03-22,"STO_8",34,"flat_run","same value for >= 60 days"
2026-03-23,"STO_8",34,"flat_run","same value for >= 60 days"
2026-03-24,"STO_8",34,"flat_run","same value for >= 60 days"
2026-03-25,"STO_8",34,"flat_run","same value for >= 60 days"
2026-03-26,"STO_8",34,"flat_run","same value for >= 60 days"
2026-03-27,"STO_8",34,"flat_run","same value for >= 60 days"
2026-03-28,"STO_8",34,"flat_run","same value for >= 60 days"
2026-03-29,"STO_8",34,"flat_run","same value for >= 60 days"
2026-03-30,"STO_8",34,"flat_run","same value for >= 60 days"
2026-03-31,"STO_8",34,"flat_run","same value for >= 60 days"
2026-04-01,"STO_8",34,"flat_run","same value for >= 60 days"
2026-04-02,"STO_8",34,"flat_run","same value for >= 60 days"
2026-04-03,"STO_8",34,"flat_run","same value for >= 60 days"
2026-04-04,"STO_8",34,"flat_run","same value for >= 60 days"
2026-04-05,"STO_8",34,"flat_run","same value for >= 60 days"
2026-04-06,"STO_8",34,"flat_run","same value for >= 60 days"
2026-04-07,"STO_8",34,"flat_run","same value for >= 60 days"
2026-04-08,"STO_8",34,"flat_run","same value for >= 60 days"
2026-04-09,"STO_8",34,"flat_run","same value for >= 60 days"
2026-04-10,"STO_8",34,"flat_run","same value for >= 60 days"
2026-04-11,"STO_8",34,"flat_run","same value for >= 60 days"
2026-04-12,"STO_8",34,"flat_run","same value for >= 60 days"
2026-04-13,"STO_8",34,"flat_run","same value for >= 60 days"
2026-04-14,"STO_8",34,"flat_run","same value for >= 60 days"
2026-04-15,"STO_8",34,"flat_run","same value for >= 60 days"
2026-04-16,"STO_8",34,"flat_run","same value for >= 60 days"
2026-04-17,"STO_8",34,"flat_run","same value for >= 60 days"
2026-04-18,"STO_8",34,"flat_run","same value for >= 60 days"
2026-04-19,"STO_8",34,"flat_run","same value for >= 60 days"
2026-04-20,"STO_8",34,"flat_run","same value for >= 60 days"
2026-04-21,"STO_8",34,"flat_run","same value for >= 60 days"
2026-04-22,"STO_8",34,"flat_run","same value for >= 60 days"
2026-04-23,"STO_8",34,"flat_run","same value for >= 60 days"
2026-04-24,"STO_8",34,"flat_run","same value for >= 60 days"
2026-04-25,"STO_8",34,"flat_run","same value for >= 60 days"
2026-04-26,"STO_8",34,"flat_run","same value for >= 60 days"
2026-04-27,"STO_8",34,"flat_run","same value for >= 60 days"
2026-04-28,"STO_8",34,"flat_run","same value for >= 60 days"
2026-04-29,"STO_8",34,"flat_run","same value for >= 60 days"
2026-04-30,"STO_8",34,"flat_run","same value for >= 60 days"
2026-05-01,"STO_8",34,"flat_run","same value for >= 60 days"
2026-05-02,"STO_8",34,"flat_run","same value for >= 60 days"
2026-05-03,"STO_8",34,"flat_run","same value for >= 60 days"
2026-05-04,"STO_8",34,"flat_run","same value for >= 60 days"
2026-05-05,"STO_8",34,"flat_run","same value for >= 60 days"
2026-05-06,"STO_8",34,"flat_run","same value for >= 60 days"
2026-05-07,"STO_8",34,"flat_run","same value for >= 60 days"
2026-05-08,"STO_8",34,"flat_run","same value for >= 60 days"
2026-05-09,"STO_8",34,"flat_run","same value for >= 60 days"
2026-05-10,"STO_8",34,"flat_run","same value for >= 60 days"
2026-05-11,"STO_8",34,"flat_run","same value for >= 60 days"
2026-05-12,"STO_8",34,"flat_run","same value for >= 60 days"
1985-08-22,"TAVG",-57.6,"range","outside -50 to 100 degF"
1985-08-22,"TAVG",-57.6,"flat_run","same value for >= 5 days"
1985-08-22,"TAVG",-57.6,"min_avg_max_order","TMIN <= TAVG <= TMAX broken"
1985-08-23,"TAVG",-57.6,"range","outside -50 to 100 degF"
1985-08-23,"TAVG",-57.6,"flat_run","same value for >= 5 days"
1985-08-23,"TAVG",-57.6,"min_avg_max_order","TMIN <= TAVG <= TMAX broken"
1985-08-24,"TAVG",-57.6,"range","outside -50 to 100 degF"
1985-08-24,"TAVG",-57.6,"flat_run","same value for >= 5 days"
1985-08-24,"TAVG",-57.6,"min_avg_max_order","TMIN <= TAVG <= TMAX broken"
1985-08-25,"TAVG",-57.6,"range","outside -50 to 100 degF"
1985-08-25,"TAVG",-57.6,"flat_run","same value for >= 5 days"
1985-08-25,"TAVG",-57.6,"min_avg_max_order","TMIN <= TAVG <= TMAX broken"
1985-08-26,"TAVG",-57.6,"range","outside -50 to 100 degF"
1985-08-26,"TAVG",-57.6,"flat_run","same value for >= 5 days"
1985-08-26,"TAVG",-57.6,"min_avg_max_order","TMIN <= TAVG <= TMAX broken"
1985-08-27,"TAVG",-57.6,"range","outside -50 to 100 degF"
1985-08-27,"TAVG",-57.6,"flat_run","same value for >= 5 days"
1985-08-27,"TAVG",-57.6,"min_avg_max_order","TMIN <= TAVG <= TMAX broken"
1985-08-28,"TAVG",-57.6,"range","outside -50 to 100 degF"
1985-08-28,"TAVG",-57.6,"flat_run","same value for >= 5 days"
1985-08-28,"TAVG",-57.6,"min_avg_max_order","TMIN <= TAVG <= TMAX broken"
1985-08-29,"TAVG",-57.6,"range","outside -50 to 100 degF"
1985-08-29,"TAVG",-57.6,"flat_run","same value for >= 5 days"
1985-08-29,"TAVG",-57.6,"min_avg_max_order","TMIN <= TAVG <= TMAX broken"
1985-08-30,"TAVG",-57.6,"range","outside -50 to 100 degF"
1985-08-30,"TAVG",-57.6,"flat_run","same value for >= 5 days"
1985-08-30,"TAVG",-57.6,"min_avg_max_order","TMIN <= TAVG <= TMAX broken"
1985-08-31,"TAVG",-57.6,"range","outside -50 to 100 degF"
1985-08-31,"TAVG",-57.6,"flat_run","same value for >= 5 days"
1985-08-31,"TAVG",-57.6,"min_avg_max_order","TMIN <= TAVG <= TMAX broken"
1985-09-01,"TAVG",-57.6,"range","outside -50 to 100 degF"
1985-09-01,"TAVG",-57.6,"flat_run","same value for >= 5 days"
1985-09-01,"TAVG",-57.6,"min_avg_max_order","TMIN <= TAVG <= TMAX broken"
1985-09-02,"TAVG",-57.6,"range","outside -50 to 100 degF"
1985-09-02,"TAVG",-57.6,"flat_run","same value for >= 5 days"
1985-09-02,"TAVG",-57.6,"min_avg_max_order","TMIN <= TAVG <= TMAX broken"
1985-09-03,"TAVG",-57.6,"range","outside -50 to 100 degF"
1985-09-03,"TAVG",-57.6,"flat_run","same value for >= 5 days"
1985-09-03,"TAVG",-57.6,"min_avg_max_order","TMIN <= TAVG <= TMAX broken"
1985-09-04,"TAVG",-57.6,"range","outside -50 to 100 degF"
1985-09-04,"TAVG",-57.6,"flat_run","same value for >= 5 days"
1985-09-04,"TAVG",-57.6,"min_avg_max_order","TMIN <= TAVG <= TMAX broken"
1985-09-05,"TAVG",-57.6,"range","outside -50 to 100 degF"
1985-09-05,"TAVG",-57.6,"flat_run","same value for >= 5 days"
1985-09-05,"TAVG",-57.6,"min_avg_max_order","TMIN <= TAVG <= TMAX broken"
1985-09-06,"TAVG",-57.6,"range","outside -50 to 100 degF"
1985-09-06,"TAVG",-57.6,"flat_run","same value for >= 5 days"
1985-09-06,"TAVG",-57.6,"min_avg_max_order","TMIN <= TAVG <= TMAX broken"
1985-09-07,"TAVG",-57.6,"range","outside -50 to 100 degF"
1985-09-07,"TAVG",-57.6,"flat_run","same value for >= 5 days"
1985-09-07,"TAVG",-57.6,"min_avg_max_order","TMIN <= TAVG <= TMAX broken"
1985-09-08,"TAVG",-57.6,"range","outside -50 to 100 degF"
1985-09-08,"TAVG",-57.6,"flat_run","same value for >= 5 days"
1985-09-08,"TAVG",-57.6,"min_avg_max_order","TMIN <= TAVG <= TMAX broken"
1985-09-09,"TAVG",-57.6,"range","outside -50 to 100 degF"
1985-09-09,"TAVG",-57.6,"flat_run","same value for >= 5 days"
1985-09-09,"TAVG",-57.6,"min_avg_max_order","TMIN <= TAVG <= TMAX broken"
1985-09-10,"TAVG",-57.6,"range","outside -50 to 100 degF"
1985-09-10,"TAVG",-57.6,"flat_run","same value for >= 5 days"
1985-09-10,"TAVG",-57.6,"min_avg_max_order","TMIN <= TAVG <= TMAX broken"
1985-09-11,"TAVG",-57.6,"range","outside -50 to 100 degF"
1985-09-11,"TAVG",-57.6,"flat_run","same value for >= 5 days"
1985-09-11,"TAVG",-57.6,"min_avg_max_order","TMIN <= TAVG <= TMAX broken"
1985-09-12,"TAVG",-57.6,"range","outside -50 to 100 degF"
1985-09-12,"TAVG",-57.6,"flat_run","same value for >= 5 days"
1985-09-12,"TAVG",-57.6,"min_avg_max_order","TMIN <= TAVG <= TMAX broken"
1985-09-13,"TAVG",-57.6,"range","outside -50 to 100 degF"
1985-09-13,"TAVG",-57.6,"flat_run","same value for >= 5 days"
1985-09-13,"TAVG",-57.6,"min_avg_max_order","TMIN <= TAVG <= TMAX broken"
1985-09-14,"TAVG",-57.6,"range","outside -50 to 100 degF"
1985-09-14,"TAVG",-57.6,"flat_run","same value for >= 5 days"
1985-09-14,"TAVG",-57.6,"min_avg_max_order","TMIN <= TAVG <= TMAX broken"
1985-09-15,"TAVG",-57.6,"range","outside -50 to 100 degF"
1985-09-15,"TAVG",-57.6,"flat_run","same value for >= 5 days"
1985-09-15,"TAVG",-57.6,"min_avg_max_order","TMIN <= TAVG <= TMAX broken"
1985-09-16,"TAVG",-57.6,"range","outside -50 to 100 degF"
1985-09-16,"TAVG",-57.6,"flat_run","same value for >= 5 days"
1985-09-16,"TAVG",-57.6,"min_avg_max_order","TMIN <= TAVG <= TMAX broken"
1985-09-17,"TAVG",13.6,"spike","day-to-day change 71.20 (8 robust SD = 34.40)"
1985-10-06,"TAVG",256.6,"range","outside -50 to 100 degF"
1985-10-06,"TAVG",256.6,"spike","day-to-day change 222.80 (8 robust SD = 34.40)"
1985-10-07,"TAVG",31.8,"spike","day-to-day change -224.80 (8 robust SD = 34.40)"
1985-10-12,"TAVG",256.6,"range","outside -50 to 100 degF"
1985-10-12,"TAVG",256.6,"spike","day-to-day change 225.90 (8 robust SD = 34.40)"
1985-10-13,"TAVG",256.6,"range","outside -50 to 100 degF"
1985-10-14,"TAVG",23.5,"spike","day-to-day change -233.10 (8 robust SD = 34.40)"
1985-10-16,"TAVG",256.6,"range","outside -50 to 100 degF"
1985-10-16,"TAVG",256.6,"spike","day-to-day change 230.20 (8 robust SD = 34.40)"
1985-10-17,"TAVG",256.6,"range","outside -50 to 100 degF"
1985-10-18,"TAVG",256.6,"range","outside -50 to 100 degF"
1985-10-19,"TAVG",31.5,"spike","day-to-day change -225.10 (8 robust SD = 34.40)"
1985-10-22,"TAVG",256.6,"range","outside -50 to 100 degF"
1985-10-22,"TAVG",256.6,"spike","day-to-day change 221.90 (8 robust SD = 34.40)"
1985-10-23,"TAVG",32.9,"spike","day-to-day change -223.70 (8 robust SD = 34.40)"
1985-10-24,"TAVG",256.6,"range","outside -50 to 100 degF"
1985-10-24,"TAVG",256.6,"spike","day-to-day change 223.70 (8 robust SD = 34.40)"
1985-10-24,"TAVG",256.6,"flat_run","same value for >= 5 days"
1985-10-25,"TAVG",256.6,"range","outside -50 to 100 degF"
1985-10-25,"TAVG",256.6,"flat_run","same value for >= 5 days"
1985-10-26,"TAVG",256.6,"range","outside -50 to 100 degF"
1985-10-26,"TAVG",256.6,"flat_run","same value for >= 5 days"
1985-10-27,"TAVG",256.6,"range","outside -50 to 100 degF"
1985-10-27,"TAVG",256.6,"flat_run","same value for >= 5 days"
1985-10-28,"TAVG",256.6,"range","outside -50 to 100 degF"
1985-10-28,"TAVG",256.6,"flat_run","same value for >= 5 days"
1985-10-29,"TAVG",33.1,"spike","day-to-day change -223.50 (8 robust SD = 34.40)"
1993-07-21,"TAVG",-60.3,"range","outside -50 to 100 degF"
1993-07-21,"TAVG",-60.3,"spike","day-to-day change -110.30 (8 robust SD = 34.40)"
1993-07-21,"TAVG",-60.3,"min_avg_max_order","TMIN <= TAVG <= TMAX broken"
1993-07-22,"TAVG",48.2,"spike","day-to-day change 108.50 (8 robust SD = 34.40)"
1993-07-25,"TAVG",-60.3,"range","outside -50 to 100 degF"
1993-07-25,"TAVG",-60.3,"spike","day-to-day change -105.30 (8 robust SD = 34.40)"
1993-07-25,"TAVG",-60.3,"min_avg_max_order","TMIN <= TAVG <= TMAX broken"
1993-07-26,"TAVG",52.3,"spike","day-to-day change 112.60 (8 robust SD = 34.40)"
1985-08-22,"TMAX",-54.2,"range","outside -50 to 100 degF"
1985-08-22,"TMAX",-54.2,"flat_run","same value for >= 5 days"
1985-08-23,"TMAX",-54.2,"range","outside -50 to 100 degF"
1985-08-23,"TMAX",-54.2,"flat_run","same value for >= 5 days"
1985-08-24,"TMAX",-54.2,"range","outside -50 to 100 degF"
1985-08-24,"TMAX",-54.2,"flat_run","same value for >= 5 days"
1985-08-25,"TMAX",-54.2,"range","outside -50 to 100 degF"
1985-08-25,"TMAX",-54.2,"flat_run","same value for >= 5 days"
1985-08-26,"TMAX",-54.2,"range","outside -50 to 100 degF"
1985-08-26,"TMAX",-54.2,"flat_run","same value for >= 5 days"
1985-08-27,"TMAX",-54.8,"range","outside -50 to 100 degF"
1985-08-28,"TMAX",-54.4,"range","outside -50 to 100 degF"
1985-08-29,"TMAX",-54.4,"range","outside -50 to 100 degF"
1985-08-30,"TMAX",-54.4,"range","outside -50 to 100 degF"
1985-08-31,"TMAX",-54.2,"range","outside -50 to 100 degF"
1985-09-01,"TMAX",-54.4,"range","outside -50 to 100 degF"
1985-09-02,"TMAX",-54.4,"range","outside -50 to 100 degF"
1985-09-03,"TMAX",-54.4,"range","outside -50 to 100 degF"
1985-09-04,"TMAX",-54.4,"range","outside -50 to 100 degF"
1985-09-05,"TMAX",-54.2,"range","outside -50 to 100 degF"
1985-09-06,"TMAX",-54.2,"range","outside -50 to 100 degF"
1985-09-07,"TMAX",-54.4,"range","outside -50 to 100 degF"
1985-09-07,"TMAX",-54.4,"flat_run","same value for >= 5 days"
1985-09-08,"TMAX",-54.4,"range","outside -50 to 100 degF"
1985-09-08,"TMAX",-54.4,"flat_run","same value for >= 5 days"
1985-09-09,"TMAX",-54.4,"range","outside -50 to 100 degF"
1985-09-09,"TMAX",-54.4,"flat_run","same value for >= 5 days"
1985-09-10,"TMAX",-54.4,"range","outside -50 to 100 degF"
1985-09-10,"TMAX",-54.4,"flat_run","same value for >= 5 days"
1985-09-11,"TMAX",-54.4,"range","outside -50 to 100 degF"
1985-09-11,"TMAX",-54.4,"flat_run","same value for >= 5 days"
1985-09-12,"TMAX",-54.4,"range","outside -50 to 100 degF"
1985-09-12,"TMAX",-54.4,"flat_run","same value for >= 5 days"
1985-09-13,"TMAX",-54.4,"range","outside -50 to 100 degF"
1985-09-13,"TMAX",-54.4,"flat_run","same value for >= 5 days"
1985-09-14,"TMAX",-54.4,"range","outside -50 to 100 degF"
1985-09-14,"TMAX",-54.4,"flat_run","same value for >= 5 days"
1985-09-15,"TMAX",-54.4,"range","outside -50 to 100 degF"
1985-09-15,"TMAX",-54.4,"flat_run","same value for >= 5 days"
1985-09-16,"TMAX",-54.4,"range","outside -50 to 100 degF"
1985-09-16,"TMAX",-54.4,"flat_run","same value for >= 5 days"
1985-09-17,"TMAX",17.2,"spike","day-to-day change 71.60 (8 robust SD = 49.82)"
1985-10-06,"TMAX",256.6,"range","outside -50 to 100 degF"
1985-10-06,"TMAX",256.6,"spike","day-to-day change 204.30 (8 robust SD = 49.82)"
1985-10-07,"TMAX",34.2,"spike","day-to-day change -222.40 (8 robust SD = 49.82)"
1985-10-12,"TMAX",256.6,"range","outside -50 to 100 degF"
1985-10-12,"TMAX",256.6,"spike","day-to-day change 220.10 (8 robust SD = 49.82)"
1985-10-13,"TMAX",256.6,"range","outside -50 to 100 degF"
1985-10-14,"TMAX",41.4,"spike","day-to-day change -215.20 (8 robust SD = 49.82)"
1985-10-16,"TMAX",256.6,"range","outside -50 to 100 degF"
1985-10-16,"TMAX",256.6,"spike","day-to-day change 207.70 (8 robust SD = 49.82)"
1985-10-17,"TMAX",256.6,"range","outside -50 to 100 degF"
1985-10-18,"TMAX",256.6,"range","outside -50 to 100 degF"
1985-10-19,"TMAX",50.9,"spike","day-to-day change -205.70 (8 robust SD = 49.82)"
1985-10-22,"TMAX",256.6,"range","outside -50 to 100 degF"
1985-10-22,"TMAX",256.6,"spike","day-to-day change 206.80 (8 robust SD = 49.82)"
1985-10-23,"TMAX",45.9,"spike","day-to-day change -210.70 (8 robust SD = 49.82)"
1985-10-24,"TMAX",256.6,"range","outside -50 to 100 degF"
1985-10-24,"TMAX",256.6,"spike","day-to-day change 210.70 (8 robust SD = 49.82)"
1985-10-24,"TMAX",256.6,"flat_run","same value for >= 5 days"
1985-10-25,"TMAX",256.6,"range","outside -50 to 100 degF"
1985-10-25,"TMAX",256.6,"flat_run","same value for >= 5 days"
1985-10-26,"TMAX",256.6,"range","outside -50 to 100 degF"
1985-10-26,"TMAX",256.6,"flat_run","same value for >= 5 days"
1985-10-27,"TMAX",256.6,"range","outside -50 to 100 degF"
1985-10-27,"TMAX",256.6,"flat_run","same value for >= 5 days"
1985-10-28,"TMAX",256.6,"range","outside -50 to 100 degF"
1985-10-28,"TMAX",256.6,"flat_run","same value for >= 5 days"
1985-10-29,"TMAX",50.5,"spike","day-to-day change -206.10 (8 robust SD = 49.82)"
1986-04-22,"TMAX",59.7,"flat_run","same value for >= 5 days"
1986-04-23,"TMAX",59.7,"flat_run","same value for >= 5 days"
1986-04-24,"TMAX",59.7,"flat_run","same value for >= 5 days"
1986-04-25,"TMAX",59.7,"flat_run","same value for >= 5 days"
1986-04-26,"TMAX",59.7,"flat_run","same value for >= 5 days"
1991-04-05,"TMAX",57.9,"flat_run","same value for >= 5 days"
1991-04-06,"TMAX",57.9,"flat_run","same value for >= 5 days"
1991-04-07,"TMAX",57.9,"flat_run","same value for >= 5 days"
1991-04-08,"TMAX",57.9,"flat_run","same value for >= 5 days"
1991-04-09,"TMAX",57.9,"flat_run","same value for >= 5 days"
1991-04-10,"TMAX",57.9,"flat_run","same value for >= 5 days"
1993-07-21,"TMAX",-60.3,"range","outside -50 to 100 degF"
1993-07-21,"TMAX",-60.3,"spike","day-to-day change -125.60 (8 robust SD = 49.82)"
1993-07-22,"TMAX",63,"spike","day-to-day change 123.30 (8 robust SD = 49.82)"
1993-07-25,"TMAX",-60.3,"range","outside -50 to 100 degF"
1993-07-25,"TMAX",-60.3,"spike","day-to-day change -115.30 (8 robust SD = 49.82)"
1993-07-26,"TMAX",66.7,"spike","day-to-day change 127.00 (8 robust SD = 49.82)"
2008-11-07,"TMAX",84.2,"spike","day-to-day change 67.70 (8 robust SD = 49.82)"
2008-11-10,"TMAX",32.5,"spike","day-to-day change -58.50 (8 robust SD = 49.82)"
2008-11-12,"TMAX",88.5,"spike","day-to-day change 59.70 (8 robust SD = 49.82)"
2008-12-05,"TMAX",27.3,"spike","day-to-day change -51.50 (8 robust SD = 49.82)"
2009-01-11,"TMAX",19.9,"spike","day-to-day change -58.20 (8 robust SD = 49.82)"
2009-01-12,"TMAX",82.4,"spike","day-to-day change 62.50 (8 robust SD = 49.82)"
2009-02-24,"TMAX",39,"spike","day-to-day change -51.10 (8 robust SD = 49.82)"
2009-03-03,"TMAX",39.6,"spike","day-to-day change -54.00 (8 robust SD = 49.82)"
2009-05-06,"TMAX",105.8,"range","outside -50 to 100 degF"
2009-05-10,"TMAX",106.5,"range","outside -50 to 100 degF"
2009-05-11,"TMAX",55.6,"spike","day-to-day change -50.90 (8 robust SD = 49.82)"
2009-05-12,"TMAX",108.1,"range","outside -50 to 100 degF"
2009-05-12,"TMAX",108.1,"spike","day-to-day change 52.50 (8 robust SD = 49.82)"
2009-05-13,"TMAX",108.7,"range","outside -50 to 100 degF"
2009-05-14,"TMAX",109.4,"range","outside -50 to 100 degF"
2009-05-25,"TMAX",106.9,"range","outside -50 to 100 degF"
2009-05-29,"TMAX",111.7,"range","outside -50 to 100 degF"
2009-05-30,"TMAX",113,"range","outside -50 to 100 degF"
2009-06-01,"TMAX",100.6,"range","outside -50 to 100 degF"
2009-06-02,"TMAX",112.6,"range","outside -50 to 100 degF"
2009-06-07,"TMAX",106.3,"range","outside -50 to 100 degF"
2009-06-08,"TMAX",114.8,"range","outside -50 to 100 degF"
2009-06-09,"TMAX",108,"range","outside -50 to 100 degF"
2009-06-10,"TMAX",110.1,"range","outside -50 to 100 degF"
2009-06-12,"TMAX",115.2,"range","outside -50 to 100 degF"
2009-06-13,"TMAX",115.7,"range","outside -50 to 100 degF"
2009-06-14,"TMAX",113.7,"range","outside -50 to 100 degF"
2009-06-15,"TMAX",115.2,"range","outside -50 to 100 degF"
2009-06-18,"TMAX",101.3,"range","outside -50 to 100 degF"
2009-06-21,"TMAX",104.5,"range","outside -50 to 100 degF"
2009-06-21,"TMAX",104.5,"spike","day-to-day change 52.00 (8 robust SD = 49.82)"
2009-06-27,"TMAX",101.1,"range","outside -50 to 100 degF"
2009-06-28,"TMAX",112.1,"range","outside -50 to 100 degF"
2009-07-01,"TMAX",100.8,"range","outside -50 to 100 degF"
2009-07-06,"TMAX",103.6,"range","outside -50 to 100 degF"
2009-07-12,"TMAX",115.2,"range","outside -50 to 100 degF"
2009-07-13,"TMAX",65.1,"spike","day-to-day change -50.10 (8 robust SD = 49.82)"
2009-07-14,"TMAX",104,"range","outside -50 to 100 degF"
1985-08-22,"TMIN",-57.5,"range","outside -50 to 100 degF"
1985-08-22,"TMIN",-57.5,"flat_run","same value for >= 5 days"
1985-08-23,"TMIN",-57.5,"range","outside -50 to 100 degF"
1985-08-23,"TMIN",-57.5,"flat_run","same value for >= 5 days"
1985-08-24,"TMIN",-57.5,"range","outside -50 to 100 degF"
1985-08-24,"TMIN",-57.5,"flat_run","same value for >= 5 days"
1985-08-25,"TMIN",-57.5,"range","outside -50 to 100 degF"
1985-08-25,"TMIN",-57.5,"flat_run","same value for >= 5 days"
1985-08-26,"TMIN",-57.5,"range","outside -50 to 100 degF"
1985-08-26,"TMIN",-57.5,"flat_run","same value for >= 5 days"
1985-08-27,"TMIN",-57.5,"range","outside -50 to 100 degF"
1985-08-27,"TMIN",-57.5,"flat_run","same value for >= 5 days"
1985-08-28,"TMIN",-57.5,"range","outside -50 to 100 degF"
1985-08-28,"TMIN",-57.5,"flat_run","same value for >= 5 days"
1985-08-29,"TMIN",-57.5,"range","outside -50 to 100 degF"
1985-08-29,"TMIN",-57.5,"flat_run","same value for >= 5 days"
1985-08-30,"TMIN",-57.5,"range","outside -50 to 100 degF"
1985-08-30,"TMIN",-57.5,"flat_run","same value for >= 5 days"
1985-08-31,"TMIN",-57.5,"range","outside -50 to 100 degF"
1985-08-31,"TMIN",-57.5,"flat_run","same value for >= 5 days"
1985-09-01,"TMIN",-57.5,"range","outside -50 to 100 degF"
1985-09-01,"TMIN",-57.5,"flat_run","same value for >= 5 days"
1985-09-02,"TMIN",-57.5,"range","outside -50 to 100 degF"
1985-09-02,"TMIN",-57.5,"flat_run","same value for >= 5 days"
1985-09-03,"TMIN",-57.5,"range","outside -50 to 100 degF"
1985-09-03,"TMIN",-57.5,"flat_run","same value for >= 5 days"
1985-09-04,"TMIN",-57.5,"range","outside -50 to 100 degF"
1985-09-04,"TMIN",-57.5,"flat_run","same value for >= 5 days"
1985-09-05,"TMIN",-57.5,"range","outside -50 to 100 degF"
1985-09-05,"TMIN",-57.5,"flat_run","same value for >= 5 days"
1985-09-06,"TMIN",-57.5,"range","outside -50 to 100 degF"
1985-09-06,"TMIN",-57.5,"flat_run","same value for >= 5 days"
1985-09-07,"TMIN",-57.5,"range","outside -50 to 100 degF"
1985-09-07,"TMIN",-57.5,"flat_run","same value for >= 5 days"
1985-09-08,"TMIN",-57.5,"range","outside -50 to 100 degF"
1985-09-08,"TMIN",-57.5,"flat_run","same value for >= 5 days"
1985-09-09,"TMIN",-57.5,"range","outside -50 to 100 degF"
1985-09-09,"TMIN",-57.5,"flat_run","same value for >= 5 days"
1985-09-10,"TMIN",-57.5,"range","outside -50 to 100 degF"
1985-09-10,"TMIN",-57.5,"flat_run","same value for >= 5 days"
1985-09-11,"TMIN",-57.5,"range","outside -50 to 100 degF"
1985-09-11,"TMIN",-57.5,"flat_run","same value for >= 5 days"
1985-09-12,"TMIN",-57.5,"range","outside -50 to 100 degF"
1985-09-12,"TMIN",-57.5,"flat_run","same value for >= 5 days"
1985-09-13,"TMIN",-57.5,"range","outside -50 to 100 degF"
1985-09-13,"TMIN",-57.5,"flat_run","same value for >= 5 days"
1985-09-14,"TMIN",-57.5,"range","outside -50 to 100 degF"
1985-09-14,"TMIN",-57.5,"flat_run","same value for >= 5 days"
1985-09-15,"TMIN",-57.5,"range","outside -50 to 100 degF"
1985-09-15,"TMIN",-57.5,"flat_run","same value for >= 5 days"
1985-09-16,"TMIN",-57.5,"range","outside -50 to 100 degF"
1985-09-16,"TMIN",-57.5,"flat_run","same value for >= 5 days"
1985-09-17,"TMIN",10,"spike","day-to-day change 67.50 (8 robust SD = 34.40)"
1985-10-06,"TMIN",256.6,"range","outside -50 to 100 degF"
1985-10-06,"TMIN",256.6,"spike","day-to-day change 234.90 (8 robust SD = 34.40)"
1985-10-07,"TMIN",28.6,"spike","day-to-day change -228.00 (8 robust SD = 34.40)"
1985-10-12,"TMIN",256.6,"range","outside -50 to 100 degF"
1985-10-12,"TMIN",256.6,"spike","day-to-day change 234.90 (8 robust SD = 34.40)"
1985-10-13,"TMIN",256.6,"range","outside -50 to 100 degF"
1985-10-14,"TMIN",10.6,"spike","day-to-day change -246.00 (8 robust SD = 34.40)"
1985-10-16,"TMIN",256.6,"range","outside -50 to 100 degF"
1985-10-16,"TMIN",256.6,"spike","day-to-day change 245.50 (8 robust SD = 34.40)"
1985-10-17,"TMIN",256.6,"range","outside -50 to 100 degF"
1985-10-18,"TMIN",256.6,"range","outside -50 to 100 degF"
1985-10-19,"TMIN",21.4,"spike","day-to-day change -235.20 (8 robust SD = 34.40)"
1985-10-22,"TMIN",256.6,"range","outside -50 to 100 degF"
1985-10-22,"TMIN",256.6,"spike","day-to-day change 232.50 (8 robust SD = 34.40)"
1985-10-23,"TMIN",24.8,"spike","day-to-day change -231.80 (8 robust SD = 34.40)"
1985-10-24,"TMIN",256.6,"range","outside -50 to 100 degF"
1985-10-24,"TMIN",256.6,"spike","day-to-day change 231.80 (8 robust SD = 34.40)"
1985-10-24,"TMIN",256.6,"flat_run","same value for >= 5 days"
1985-10-25,"TMIN",256.6,"range","outside -50 to 100 degF"
1985-10-25,"TMIN",256.6,"flat_run","same value for >= 5 days"
1985-10-26,"TMIN",256.6,"range","outside -50 to 100 degF"
1985-10-26,"TMIN",256.6,"flat_run","same value for >= 5 days"
1985-10-27,"TMIN",256.6,"range","outside -50 to 100 degF"
1985-10-27,"TMIN",256.6,"flat_run","same value for >= 5 days"
1985-10-28,"TMIN",256.6,"range","outside -50 to 100 degF"
1985-10-28,"TMIN",256.6,"flat_run","same value for >= 5 days"
1985-10-29,"TMIN",24.4,"spike","day-to-day change -232.20 (8 robust SD = 34.40)"
1985-11-05,"TMIN",-60.3,"range","outside -50 to 100 degF"
1985-11-05,"TMIN",-60.3,"spike","day-to-day change -81.70 (8 robust SD = 34.40)"
1985-11-06,"TMIN",8.2,"spike","day-to-day change 68.50 (8 robust SD = 34.40)"
1986-10-29,"TMIN",-60.3,"range","outside -50 to 100 degF"
1986-10-29,"TMIN",-60.3,"spike","day-to-day change -80.40 (8 robust SD = 34.40)"
1986-10-30,"TMIN",25.7,"spike","day-to-day change 86.00 (8 robust SD = 34.40)"
1993-07-21,"TMIN",204.3,"range","outside -50 to 100 degF"
1993-07-21,"TMIN",204.3,"spike","day-to-day change 165.30 (8 robust SD = 34.40)"
1993-07-22,"TMIN",34.9,"spike","day-to-day change -169.40 (8 robust SD = 34.40)"
1993-07-25,"TMIN",204.3,"range","outside -50 to 100 degF"
1993-07-25,"TMIN",204.3,"spike","day-to-day change 172.30 (8 robust SD = 34.40)"
1993-07-26,"TMIN",36.5,"spike","day-to-day change -167.80 (8 robust SD = 34.40)"
1993-06-28,"WTEQ",5,"spike","day-to-day change -3.80 (8 robust SD = 3.56)"
1995-02-15,"WTEQ",30.6,"spike","day-to-day change 3.80 (8 robust SD = 3.56)"
1997-06-22,"WTEQ",2,"spike","day-to-day change -3.90 (8 robust SD = 3.56)"
2008-01-06,"WTEQ",17.9,"spike","day-to-day change 3.70 (8 robust SD = 3.56)"
2010-12-21,"WTEQ",17.6,"spike","day-to-day change 3.90 (8 robust SD = 3.56)"
2016-12-17,"WTEQ",12.7,"spike","day-to-day change 3.80 (8 robust SD = 3.56)"
2017-01-10,"WTEQ",25.6,"spike","day-to-day change 3.80 (8 robust SD = 3.56)"
